rank,w_em,w_num_tol,w_num_decay,w_tok_prec,w_tok_rec,w_tok_f1,w_edit_sim,w_rouge_l,w_jaccard,label,J,min_agree,pairwise_tau,tau_native,dispersion,J_kemeny,J_copeland,J_bt,tau_abt_buy,tau_alaska_camera,tau_alaska_schema,tau_amazon_google,tau_bird,tau_dblp_acm,tau_dblp_scholar,tau_fetaqa,tau_fintagging,tau_hitab,tau_machamp,tau_magneto_gdc,tau_mmtu,tau_officeqa,tau_officeqa_pro_v2,tau_opensanctions_pairs,tau_papadakis_dn,tau_realhitbench,tau_smat,tau_suc,tau_tab_fact,tau_tabis,tau_tablebench,tau_tableeval,tau_tat_qa,tau_tpcdi_cells,tau_valentine,tau_walmart_amazon,tau_wdc_lspc,tau_wdc_products,tau_wikitablequestions,rank_claude-opus-5,rank_claude-sonnet-5,rank_deepseek-chat,rank_deepseek-r1,rank_gemini-3.8-flash,rank_gpt-5.4-mini,rank_gpt-5.5,rank_gpt-oss-120b,rank_grok-4,rank_llama-3.3-70b,design
1,0.0,1.0,0.0,0.0,0.0,0.0,0.0,0.0,0.0,num_tol_only,0.44193319087786315,-0.44233918732073285,0.22801413526981004,0.9744748525363174,1.5149348462698229,0.44193319087786304,0.44360297789518355,0.4256285120227557,0.8087360843031886,-0.44233918732073285,0.07161148740394328,-0.02387049580131443,0.7047274841194893,0.6366820122120065,0.0,0.5622535302317492,0.8354673530460051,-0.1629670690129016,0.7378647873726218,0.5354632267566767,0.6599663291074443,0.6592611948214577,0.6285872661926204,0.13483997249264842,0.1297498240269205,0.764093177458341,0.3478327964999673,0.6900655593423543,-0.044946657497549475,0.4773960376293314,0.598056818096707,0.34099716973523675,0.36760731104690386,0.5450865450217847,0.5967623950328608,0.768273325346536,0.4836508334066745,0.3689323936863109,0.9200874124564723,1.0,4.0,8.0,6.0,3.0,7.0,2.0,9.0,5.0,10.0,num_tol_only
2,1.0,0.0,0.0,0.0,0.0,0.0,0.0,0.0,0.0,em_only,0.4389420363725147,-0.395777167602761,0.22998588523995664,0.9221773343475702,1.5123629362635838,0.44129888308142495,0.44129888308142495,0.4185444662148754,0.8087360843031886,-0.395777167602761,0.02387049580131443,0.02387049580131443,0.6128258770283411,0.6920456654478331,0.04714045207910317,0.6158014854919158,0.7877263614433762,-0.04714045207910317,0.7378647873726218,0.5820252464746485,0.6,0.5967623950328608,0.6592611948214577,0.08989331499509895,0.0778498944161523,0.7820743005880014,0.29814239699997197,0.6440611887195307,0.0,0.4319297483312999,0.522862326927363,0.3864634590332683,0.522862326927363,0.6024640760767094,0.5490214034302319,0.768273325346536,0.435285750066007,0.3689323936863109,0.7820743005880014,1.0,4.0,7.0,6.0,3.0,8.0,2.0,9.0,5.0,10.0,em_only
3,0.65,0.15,0.1,0.0,0.0,0.0,0.1,0.0,0.0,,0.4336296627225999,-0.44233918732073285,0.21291830452078478,0.9073577906178705,1.5221539410692722,0.43362966272259984,0.43362966272259984,0.39766686147987357,0.8087360843031886,-0.44233918732073285,0.022222222222222223,-0.02387049580131443,0.5555555555555556,0.6366820122120065,0.0,0.5555555555555556,0.6888888888888889,-0.1111111111111111,0.7378647873726218,0.5111111111111111,0.6444444444444445,0.6888888888888889,0.6888888888888889,0.13483997249264842,0.1297498240269205,0.7777777777777778,0.37777777777777777,0.6444444444444445,-0.044946657497549475,0.4222222222222222,0.6,0.37777777777777777,0.4666666666666667,0.522862326927363,0.5843065474681431,0.768273325346536,0.4836508334066745,0.3689323936863109,0.8666666666666667,1.0,4.0,8.0,6.0,3.0,7.0,2.0,9.0,5.0,10.0,uniform_lattice
4,0.2,0.3,0.0,0.1,0.25,0.0,0.05,0.05,0.05,,0.43338113220724234,-0.395777167602761,0.21629246257827806,0.9330603044930773,1.5743395104258417,0.43338113220724234,0.43338113220724234,0.38674040341271665,0.8087360843031886,-0.395777167602761,-0.15555555555555556,0.02387049580131443,0.6888888888888889,0.6920456654478331,0.04714045207910317,0.4666666666666667,0.5111111111111111,-0.1111111111111111,0.7378647873726218,0.6,0.5555555555555556,0.8222222222222222,0.6888888888888889,0.08989331499509895,0.0778498944161523,0.8222222222222222,0.37777777777777777,0.6444444444444445,0.0,0.37777777777777777,0.5111111111111111,0.3333333333333333,0.6,0.730731314484506,0.4944132324730442,0.768273325346536,0.435285750066007,0.3689323936863109,0.8222222222222222,1.0,4.0,7.0,6.0,3.0,8.0,2.0,9.0,5.0,10.0,uniform_lattice
5,0.4,0.1,0.15,0.1,0.0,0.0,0.1,0.15,0.0,,0.43231794625540904,-0.42379344841321,0.21392349622247678,0.9159006407694136,1.5599846753250366,0.4310714435528239,0.4402929059315238,0.40780159198541777,0.817874635209406,-0.42379344841321,-0.044946657497549475,-0.02414022747926338,0.5843065474681431,0.6438763875992325,0.02383656473113981,0.4944132324730442,0.5393598899705937,-0.1797866299901979,0.7462025072446364,0.5393598899705937,0.6292532049656926,0.6292532049656926,0.674199862463242,0.11363636363636363,0.1574591643244434,0.7191465199607916,0.44946657497549475,0.674199862463242,-0.022727272727272728,0.44946657497549475,0.6292532049656926,0.40451991747794525,0.44946657497549475,0.643720685820384,0.5909090909090909,0.7534105749568177,0.5135717874467445,0.3731012536223182,0.8539864924534399,1.5,4.0,8.0,6.0,3.0,7.0,1.5,9.0,5.0,10.0,uniform_lattice
6,0.0,0.35,0.0,0.25,0.2,0.05,0.05,0.05,0.05,,0.4305137486946975,-0.395777167602761,0.21513163008206093,0.9272440427908932,1.6120044883270113,0.4345373620760855,0.4345373620760855,0.40104469403339427,0.8087360843031886,-0.395777167602761,-0.15555555555555556,0.02387049580131443,0.6444444444444445,0.6920456654478331,0.04714045207910317,0.5111111111111111,0.5111111111111111,-0.15555555555555556,0.7378647873726218,0.6,0.5555555555555556,0.8222222222222222,0.6888888888888889,0.08989331499509895,0.0778498944161523,0.6888888888888889,0.37777777777777777,0.6444444444444445,0.0,0.37777777777777777,0.5555555555555556,0.3333333333333333,0.6,0.730731314484506,0.4944132324730442,0.768273325346536,0.435285750066007,0.3689323936863109,0.8666666666666667,1.0,4.0,7.0,6.0,3.0,8.0,2.0,9.0,5.0,10.0,lhs
7,0.15,0.4,0.2,0.1,0.0,0.1,0.05,0.0,0.0,,0.4284147609041031,-0.395777167602761,0.2168350928554261,0.9322651653489212,1.5517411706422002,0.42936155019099514,0.4308518089687543,0.404868282998448,0.8087360843031886,-0.395777167602761,-0.1111111111111111,-0.02387049580131443,0.5555555555555556,0.6366820122120065,0.04714045207910317,0.4666666666666667,0.5555555555555556,-0.15555555555555556,0.7378647873726218,0.5111111111111111,0.6444444444444445,0.5555555555555556,0.6444444444444445,0.08989331499509895,0.1816497536376887,0.6888888888888889,0.4666666666666667,0.6444444444444445,0.0,0.4666666666666667,0.6,0.4222222222222222,0.5111111111111111,0.6137949055234261,0.5843065474681431,0.7217113056285641,0.5320159167473419,0.3689323936863109,0.9111111111111111,2.0,4.0,8.0,6.0,3.0,7.0,1.0,9.0,5.0,10.0,uniform_lattice
8,0.3,0.35,0.1,0.15,0.0,0.05,0.0,0.0,0.05,,0.42839733745072517,-0.34921514788478913,0.2197891908630976,0.9298837474463695,1.5352437658131057,0.4319593036477334,0.43052792416625174,0.3990657495757175,0.8087360843031886,-0.34921514788478913,-0.15555555555555556,0.02387049580131443,0.5111111111111111,0.6920456654478331,0.09428090415820634,0.4666666666666667,0.5111111111111111,-0.15555555555555556,0.7378647873726218,0.5555555555555556,0.6444444444444445,0.7777777777777778,0.7333333333333333,0.044946657497549475,0.1297498240269205,0.6888888888888889,0.4222222222222222,0.5843065474681431,0.044946657497549475,0.4319297483312999,0.5555555555555556,0.37777777777777777,0.5111111111111111,0.6285872661926204,0.522862326927363,0.7217113056285641,0.4836508334066745,0.3689323936863109,0.8666666666666667,2.0,4.0,7.0,6.0,3.0,8.0,1.0,9.0,5.0,10.0,uniform_lattice
9,0.1,0.1,0.05,0.0,0.3,0.0,0.05,0.3,0.1,,0.4282021220511986,-0.37670528747840887,0.21115350016197,0.9065085438472703,1.679989273572635,0.4307819821676791,0.4307819821676791,0.3979969890621393,0.817874635209406,-0.37670528747840887,-0.1797866299901979,0.02414022747926338,0.6292532049656926,0.6998656386948179,0.07150969419341942,0.4944132324730442,0.4944132324730442,-0.13483997249264842,0.7462025072446364,0.5843065474681431,0.5843065474681431,0.7191465199607916,0.674199862463242,0.06818181818181818,0.1049727762162956,0.7191465199607916,0.40451991747794525,0.6292532049656926,0.022727272727272728,0.40451991747794525,0.5393598899705937,0.3595732599803958,0.6292532049656926,0.6897007348075542,0.45454545454545453,0.7534105749568177,0.4646601886422926,0.3731012536223182,0.8090398349558905,1.5,4.0,7.0,6.0,3.0,8.0,1.5,9.0,5.0,10.0,lhs
10,0.0,0.45,0.0,0.1,0.25,0.0,0.0,0.05,0.15,,0.42768841973640936,-0.395777167602761,0.20970057330781644,0.9317948587433874,1.5802035595228512,0.42768841973640936,0.42768841973640936,0.4037868687999828,0.8087360843031886,-0.395777167602761,-0.2,0.02387049580131443,0.6888888888888889,0.6920456654478331,0.04714045207910317,0.4222222222222222,0.5111111111111111,-0.15555555555555556,0.7378647873726218,0.6,0.5555555555555556,0.8222222222222222,0.674199862463242,0.08989331499509895,0.0778498944161523,0.7333333333333333,0.3333333333333333,0.6292532049656926,0.0,0.4319297483312999,0.5555555555555556,0.3333333333333333,0.6,0.680336051416609,0.4773960376293314,0.768273325346536,0.435285750066007,0.3689323936863109,0.9111111111111111,1.0,4.0,7.0,6.0,3.0,8.0,2.0,9.0,5.0,10.0,uniform_lattice
11,0.0,0.4,0.0,0.05,0.15,0.1,0.1,0.2,0.0,,0.4276463651821527,-0.395777167602761,0.21239286136968746,0.933095650635656,1.5980532012227116,0.4316699785635407,0.4316699785635407,0.39247517043780633,0.8087360843031886,-0.395777167602761,-0.15555555555555556,0.02387049580131443,0.6,0.6920456654478331,0.04714045207910317,0.4666666666666667,0.5111111111111111,-0.1111111111111111,0.7378647873726218,0.6,0.5555555555555556,0.7333333333333333,0.6888888888888889,0.08989331499509895,0.0778498944161523,0.7333333333333333,0.37777777777777777,0.6444444444444445,0.0,0.37777777777777777,0.5555555555555556,0.3333333333333333,0.6,0.730731314484506,0.4944132324730442,0.768273325346536,0.435285750066007,0.3689323936863109,0.8666666666666667,1.0,4.0,7.0,6.0,3.0,8.0,2.0,9.0,5.0,10.0,uniform_lattice
12,0.4,0.2,0.1,0.0,0.0,0.05,0.0,0.2,0.05,,0.4275483506892375,-0.395777167602761,0.2162900159295973,0.9304131327064111,1.5209629009106027,0.43290676761526037,0.442492849435736,0.4097945264841491,0.8087360843031886,-0.395777167602761,-0.1111111111111111,0.02387049580131443,0.5555555555555556,0.6920456654478331,0.04714045207910317,0.4666666666666667,0.5111111111111111,-0.1111111111111111,0.7378647873726218,0.6,0.6,0.7777777777777778,0.7333333333333333,0.08989331499509895,0.0778498944161523,0.7333333333333333,0.37777777777777777,0.6292532049656926,0.0,0.4319297483312999,0.5555555555555556,0.3333333333333333,0.5111111111111111,0.7047274841194893,0.522862326927363,0.768273325346536,0.435285750066007,0.3689323936863109,0.7777777777777778,1.0,4.0,7.0,6.0,3.0,8.0,2.0,9.0,5.0,10.0,uniform_lattice
13,0.2,0.25,0.1,0.05,0.15,0.1,0.0,0.15,0.0,,0.4275153879520251,-0.395777167602761,0.2122237465851589,0.934724777887314,1.5535935940579135,0.4287513649699582,0.4273016092165809,0.4011594132093022,0.8087360843031886,-0.395777167602761,-0.15555555555555556,0.02387049580131443,0.5555555555555556,0.6920456654478331,0.04714045207910317,0.4666666666666667,0.5111111111111111,-0.15555555555555556,0.7378647873726218,0.6,0.5555555555555556,0.8666666666666667,0.6888888888888889,0.08989331499509895,0.0778498944161523,0.7777777777777778,0.37777777777777777,0.6292532049656926,0.0,0.4319297483312999,0.5111111111111111,0.3333333333333333,0.6,0.6592611948214577,0.522862326927363,0.768273325346536,0.435285750066007,0.3689323936863109,0.8222222222222222,1.0,4.0,7.0,6.0,3.0,8.0,2.0,9.0,5.0,10.0,uniform_lattice
14,0.1,0.4,0.1,0.0,0.0,0.15,0.1,0.0,0.15,,0.4269810691478307,-0.395777167602761,0.21297382874488216,0.9379987060096667,1.5541354773443996,0.4279278584347227,0.434288618760148,0.4091693582672652,0.8087360843031886,-0.395777167602761,-0.06666666666666667,-0.02387049580131443,0.5555555555555556,0.6366820122120065,0.04714045207910317,0.4666666666666667,0.5111111111111111,-0.2,0.7378647873726218,0.5111111111111111,0.6444444444444445,0.6,0.6,0.08989331499509895,0.1816497536376887,0.6444444444444445,0.4666666666666667,0.6444444444444445,0.0,0.4666666666666667,0.6444444444444445,0.4222222222222222,0.5555555555555556,0.6137949055234261,0.5843065474681431,0.7217113056285641,0.5320159167473419,0.3689323936863109,0.8666666666666667,2.0,4.0,8.0,6.0,3.0,7.0,1.0,9.0,5.0,10.0,uniform_lattice
15,0.1,0.3,0.1,0.2,0.05,0.05,0.0,0.1,0.1,,0.4265194355068526,-0.34921514788478913,0.21779631929143825,0.9319835115455878,1.5697258977196837,0.4343404593715328,0.4343404593715328,0.4054934512153319,0.8087360843031886,-0.34921514788478913,-0.15555555555555556,0.02387049580131443,0.5111111111111111,0.6920456654478331,0.09428090415820634,0.5111111111111111,0.4666666666666667,-0.2,0.7378647873726218,0.5555555555555556,0.6,0.8222222222222222,0.6888888888888889,0.044946657497549475,0.1297498240269205,0.6888888888888889,0.4222222222222222,0.5843065474681431,0.044946657497549475,0.4319297483312999,0.5555555555555556,0.37777777777777777,0.5111111111111111,0.6592611948214577,0.522862326927363,0.7217113056285641,0.4836508334066745,0.3689323936863109,0.8666666666666667,2.0,4.0,7.0,6.0,3.0,8.0,1.0,9.0,5.0,10.0,dirichlet
16,0.1,0.45,0.1,0.05,0.05,0.0,0.0,0.2,0.05,,0.42651943550685256,-0.34921514788478913,0.21853254987436913,0.9437041207696563,1.5336017064451823,0.43308540297598797,0.4316846209579444,0.4083608347278767,0.8087360843031886,-0.34921514788478913,-0.15555555555555556,0.02387049580131443,0.5111111111111111,0.6920456654478331,0.09428090415820634,0.5111111111111111,0.4666666666666667,-0.15555555555555556,0.7378647873726218,0.5555555555555556,0.6,0.7333333333333333,0.6888888888888889,0.044946657497549475,0.1297498240269205,0.7333333333333333,0.4222222222222222,0.5843065474681431,0.044946657497549475,0.4319297483312999,0.6,0.37777777777777777,0.5111111111111111,0.6592611948214577,0.522862326927363,0.7217113056285641,0.4836508334066745,0.3689323936863109,0.8222222222222222,2.0,4.0,7.0,6.0,3.0,8.0,1.0,9.0,5.0,10.0,lhs
17,0.05,0.3,0.1,0.1,0.1,0.05,0.05,0.15,0.1,,0.4257948171832545,-0.34921514788478913,0.21500322475211617,0.930377880621284,1.5821799200024198,0.4322318743450194,0.4322318743450194,0.4034843162955327,0.8087360843031886,-0.34921514788478913,-0.2,0.02387049580131443,0.5555555555555556,0.6920456654478331,0.09428090415820634,0.5111111111111111,0.4666666666666667,-0.15555555555555556,0.7378647873726218,0.5555555555555556,0.6,0.6888888888888889,0.6888888888888889,0.044946657497549475,0.1297498240269205,0.6888888888888889,0.4222222222222222,0.6,0.044946657497549475,0.4222222222222222,0.6,0.37777777777777777,0.5555555555555556,0.6592611948214577,0.4944132324730442,0.7217113056285641,0.4836508334066745,0.3689323936863109,0.8666666666666667,2.0,4.0,7.0,6.0,3.0,8.0,1.0,9.0,5.0,10.0,lhs
18,0.1,0.4,0.1,0.15,0.1,0.05,0.1,0.0,0.0,,0.4255473773915583,-0.395777167602761,0.21205930685799973,0.9350462513011862,1.5691224524371317,0.4264941666784503,0.4265021324367334,0.404868282998448,0.8087360843031886,-0.395777167602761,-0.1111111111111111,-0.02387049580131443,0.5111111111111111,0.6366820122120065,0.04714045207910317,0.5111111111111111,0.5111111111111111,-0.2,0.7378647873726218,0.5111111111111111,0.6444444444444445,0.6,0.6,0.08989331499509895,0.1816497536376887,0.6888888888888889,0.4666666666666667,0.6444444444444445,0.0,0.4666666666666667,0.6444444444444445,0.4222222222222222,0.5111111111111111,0.6137949055234261,0.5843065474681431,0.7217113056285641,0.5320159167473419,0.3689323936863109,0.8666666666666667,2.0,4.0,8.0,6.0,3.0,7.0,1.0,9.0,5.0,10.0,uniform_lattice
19,0.05,0.3,0.05,0.0,0.1,0.1,0.05,0.05,0.3,,0.42537384018829916,-0.395777167602761,0.20835714327211338,0.9288393074782978,1.5943433622817933,0.42793079907620224,0.42793079907620224,0.3934484740016259,0.8087360843031886,-0.395777167602761,-0.15555555555555556,0.02387049580131443,0.6,0.6920456654478331,0.04714045207910317,0.4666666666666667,0.5111111111111111,-0.15555555555555556,0.7378647873726218,0.6,0.5555555555555556,0.7777777777777778,0.6444444444444445,0.08989331499509895,0.0778498944161523,0.7777777777777778,0.3333333333333333,0.6444444444444445,0.0,0.37777777777777777,0.5555555555555556,0.3333333333333333,0.6,0.7047274841194893,0.4944132324730442,0.768273325346536,0.435285750066007,0.3689323936863109,0.8666666666666667,1.0,4.0,7.0,6.0,3.0,8.0,2.0,9.0,5.0,10.0,dirichlet
20,0.25,0.15,0.35,0.0,0.0,0.15,0.0,0.05,0.05,,0.42488802901224104,-0.395777167602761,0.21163251001558647,0.9261204340180368,1.547587974583669,0.4272847104764733,0.4272847104764733,0.41023484141397765,0.8087360843031886,-0.395777167602761,-0.1111111111111111,-0.02387049580131443,0.4666666666666667,0.6366820122120065,0.04714045207910317,0.4666666666666667,0.5111111111111111,-0.15555555555555556,0.7378647873726218,0.5111111111111111,0.6444444444444445,0.6,0.6444444444444445,0.08989331499509895,0.1816497536376887,0.6888888888888889,0.4666666666666667,0.6292532049656926,0.0,0.4773960376293314,0.6444444444444445,0.4222222222222222,0.5555555555555556,0.6137949055234261,0.5683286162253945,0.7217113056285641,0.5320159167473419,0.3689323936863109,0.8222222222222222,2.0,4.0,8.0,6.0,3.0,7.0,1.0,9.0,5.0,10.0,lhs
21,0.2,0.25,0.0,0.1,0.1,0.0,0.05,0.1,0.2,,0.4247789816696079,-0.395777167602761,0.2145057538728233,0.9286064110436097,1.5760477259554604,0.4316699785635407,0.4372868619817745,0.39061883931490304,0.8087360843031886,-0.395777167602761,-0.15555555555555556,0.02387049580131443,0.5555555555555556,0.6920456654478331,0.04714045207910317,0.4666666666666667,0.5111111111111111,-0.06666666666666667,0.7378647873726218,0.6,0.5555555555555556,0.7333333333333333,0.6888888888888889,0.08989331499509895,0.0778498944161523,0.7777777777777778,0.37777777777777777,0.6444444444444445,0.0,0.37777777777777777,0.5111111111111111,0.3333333333333333,0.5555555555555556,0.730731314484506,0.4944132324730442,0.768273325346536,0.435285750066007,0.3689323936863109,0.8222222222222222,1.0,4.0,7.0,6.0,3.0,8.0,2.0,9.0,5.0,10.0,dirichlet
22,0.1,0.1,0.0,0.1,0.4,0.05,0.05,0.05,0.15,,0.42476278124854,-0.395777167602761,0.2088562721164879,0.9120898551246256,1.713690452625529,0.4259190111173832,0.4259190111173832,0.38385681947910405,0.8087360843031886,-0.395777167602761,-0.15555555555555556,0.02387049580131443,0.6888888888888889,0.6920456654478331,0.04714045207910317,0.4222222222222222,0.4666666666666667,-0.1111111111111111,0.7378647873726218,0.6,0.5555555555555556,0.7333333333333333,0.6888888888888889,0.08989331499509895,0.0778498944161523,0.7777777777777778,0.3333333333333333,0.6444444444444445,0.0,0.37777777777777777,0.5111111111111111,0.3333333333333333,0.6444444444444445,0.730731314484506,0.44946657497549475,0.768273325346536,0.435285750066007,0.3689323936863109,0.8222222222222222,1.0,4.0,7.0,6.0,3.0,8.0,2.0,9.0,5.0,10.0,lhs
23,0.35,0.05,0.05,0.0,0.15,0.0,0.0,0.4,0.0,,0.42464800443948014,-0.395777167602761,0.21138487830639727,0.919842219079531,1.5804084197910373,0.43000642136550304,0.43652268193889815,0.40115941320930226,0.8087360843031886,-0.395777167602761,-0.15555555555555556,0.02387049580131443,0.5555555555555556,0.6920456654478331,0.04714045207910317,0.4666666666666667,0.5111111111111111,-0.1111111111111111,0.7378647873726218,0.6,0.5555555555555556,0.7333333333333333,0.7333333333333333,0.08989331499509895,0.0778498944161523,0.7777777777777778,0.37777777777777777,0.6292532049656926,0.0,0.4319297483312999,0.5555555555555556,0.3333333333333333,0.5555555555555556,0.7047274841194893,0.4773960376293314,0.768273325346536,0.435285750066007,0.3689323936863109,0.7777777777777778,1.0,4.0,7.0,6.0,3.0,8.0,2.0,9.0,5.0,10.0,dirichlet
24,0.15,0.05,0.05,0.05,0.5,0.0,0.0,0.05,0.15,,0.4246150417022677,-0.395777167602761,0.208392447744855,0.9090095548423465,1.720173831197571,0.4246150417022676,0.4246150417022676,0.4041131235406922,0.8087360843031886,-0.395777167602761,-0.1111111111111111,0.02387049580131443,0.7333333333333333,0.6920456654478331,0.04714045207910317,0.4222222222222222,0.5111111111111111,-0.1111111111111111,0.7378647873726218,0.5555555555555556,0.5555555555555556,0.7333333333333333,0.6888888888888889,0.08989331499509895,0.0778498944161523,0.7777777777777778,0.28888888888888886,0.6292532049656926,0.0,0.4319297483312999,0.5111111111111111,0.3333333333333333,0.6444444444444445,0.7047274841194893,0.4319297483312999,0.768273325346536,0.435285750066007,0.3689323936863109,0.7777777777777778,1.0,4.0,7.0,6.0,3.0,8.0,2.0,9.0,5.0,10.0,lhs
25,0.05,0.1,0.05,0.0,0.45,0.15,0.0,0.1,0.1,,0.4245820789650553,-0.395777167602761,0.20639265222421838,0.907810644829101,1.7410237493734884,0.4245820789650552,0.4291894674751248,0.403703810704413,0.8087360843031886,-0.395777167602761,-0.15555555555555556,0.02387049580131443,0.7333333333333333,0.6920456654478331,0.04714045207910317,0.4666666666666667,0.4666666666666667,-0.15555555555555556,0.7378647873726218,0.6,0.5555555555555556,0.7333333333333333,0.6888888888888889,0.08989331499509895,0.0778498944161523,0.7777777777777778,0.3333333333333333,0.6292532049656926,0.0,0.4319297483312999,0.5111111111111111,0.3333333333333333,0.6444444444444445,0.6592611948214577,0.4319297483312999,0.768273325346536,0.435285750066007,0.3689323936863109,0.8222222222222222,1.0,4.0,7.0,6.0,3.0,8.0,2.0,9.0,5.0,10.0,lhs
26,0.15,0.35,0.1,0.05,0.1,0.05,0.05,0.15,0.0,,0.42437732584805005,-0.34921514788478913,0.21547822477588635,0.9363918933102111,1.5499849955498104,0.42942747566542006,0.42946858721009923,0.40493420847287304,0.8087360843031886,-0.34921514788478913,-0.15555555555555556,0.02387049580131443,0.5111111111111111,0.6920456654478331,0.09428090415820634,0.5111111111111111,0.4666666666666667,-0.15555555555555556,0.7378647873726218,0.5555555555555556,0.6,0.6888888888888889,0.6888888888888889,0.044946657497549475,0.1297498240269205,0.7333333333333333,0.4222222222222222,0.6,0.044946657497549475,0.4222222222222222,0.5555555555555556,0.37777777777777777,0.5111111111111111,0.6592611948214577,0.5393598899705937,0.7217113056285641,0.4836508334066745,0.3689323936863109,0.8222222222222222,2.0,4.0,7.0,6.0,3.0,8.0,1.0,9.0,5.0,10.0,uniform_lattice
27,0.05,0.45,0.1,0.05,0.1,0.05,0.0,0.0,0.2,,0.4240279533021168,-0.34921514788478913,0.21335989979448358,0.9457868028601615,1.5431450587191506,0.42758991949912495,0.42758991949912495,0.3887114394097911,0.8087360843031886,-0.34921514788478913,-0.15555555555555556,0.02387049580131443,0.5555555555555556,0.6920456654478331,0.09428090415820634,0.5111111111111111,0.4666666666666667,-0.2,0.7378647873726218,0.5555555555555556,0.6,0.7333333333333333,0.6888888888888889,0.044946657497549475,0.1297498240269205,0.7333333333333333,0.37777777777777777,0.5843065474681431,0.044946657497549475,0.4319297483312999,0.6,0.37777777777777777,0.5555555555555556,0.5820252464746485,0.522862326927363,0.7217113056285641,0.4836508334066745,0.3689323936863109,0.8222222222222222,2.0,4.0,7.0,6.0,3.0,8.0,1.0,9.0,5.0,10.0,uniform_lattice
28,0.05,0.25,0.1,0.05,0.05,0.15,0.05,0.15,0.15,,0.4238688290016615,-0.37670528747840887,0.20666783911513367,0.9229906781848468,1.5911008254756978,0.42362972380738506,0.42362972380738506,0.3977495492704431,0.817874635209406,-0.37670528747840887,-0.1797866299901979,0.02414022747926338,0.5843065474681431,0.6998656386948179,0.07150969419341942,0.4944132324730442,0.4944132324730442,-0.1797866299901979,0.7462025072446364,0.5843065474681431,0.5843065474681431,0.674199862463242,0.674199862463242,0.06818181818181818,0.1049727762162956,0.674199862463242,0.40451991747794525,0.6292532049656926,0.022727272727272728,0.40451991747794525,0.5393598899705937,0.3595732599803958,0.5843065474681431,0.6897007348075542,0.5,0.7534105749568177,0.4646601886422926,0.3731012536223182,0.8539864924534399,1.5,4.0,7.0,6.0,3.0,8.0,1.5,9.0,5.0,10.0,lhs
29,0.05,0.3,0.1,0.05,0.05,0.2,0.0,0.05,0.2,,0.4235861265198828,-0.34921514788478913,0.21397826790383928,0.9317354234241589,1.5709611402277135,0.42847384139759326,0.42847384139759326,0.39962683324139237,0.8087360843031886,-0.34921514788478913,-0.2,0.02387049580131443,0.5111111111111111,0.6920456654478331,0.09428090415820634,0.5111111111111111,0.4666666666666667,-0.2,0.7378647873726218,0.5555555555555556,0.6,0.8222222222222222,0.6888888888888889,0.044946657497549475,0.1297498240269205,0.6888888888888889,0.4222222222222222,0.5843065474681431,0.044946657497549475,0.4319297483312999,0.5555555555555556,0.37777777777777777,0.5555555555555556,0.6137949055234261,0.4773960376293314,0.7217113056285641,0.4836508334066745,0.3689323936863109,0.8666666666666667,2.0,4.0,7.0,6.0,3.0,8.0,1.0,9.0,5.0,10.0,lhs
30,0.0,0.15,0.0,0.0,0.5,0.2,0.1,0.0,0.05,,0.4235210513833466,-0.395777167602761,0.20665313187443246,0.9070554528979916,1.7935756682784567,0.42467728125218984,0.4292611270138968,0.38834985663900023,0.8087360843031886,-0.395777167602761,-0.15555555555555556,0.02387049580131443,0.6888888888888889,0.6920456654478331,0.04714045207910317,0.4666666666666667,0.4666666666666667,-0.15555555555555556,0.7378647873726218,0.5111111111111111,0.5555555555555556,0.7333333333333333,0.6444444444444445,0.08989331499509895,0.0778498944161523,0.7777777777777778,0.28888888888888886,0.6444444444444445,0.0,0.37777777777777777,0.6,0.3333333333333333,0.6444444444444445,0.781126577552403,0.44946657497549475,0.768273325346536,0.435285750066007,0.3689323936863109,0.8222222222222222,1.0,4.0,7.0,6.0,3.0,8.0,2.0,9.0,5.0,10.0,uniform_lattice
31,0.25,0.1,0.3,0.05,0.05,0.05,0.0,0.05,0.15,,0.4234381368349008,-0.395777167602761,0.21022755383593597,0.9305377549605814,1.5555019330003632,0.42583481829913306,0.42583481829913306,0.40736745790143286,0.8087360843031886,-0.395777167602761,-0.1111111111111111,-0.02387049580131443,0.5555555555555556,0.6366820122120065,0.04714045207910317,0.4666666666666667,0.5111111111111111,-0.2,0.7378647873726218,0.5111111111111111,0.6444444444444445,0.6,0.6888888888888889,0.08989331499509895,0.1816497536376887,0.6888888888888889,0.4666666666666667,0.5843065474681431,0.0,0.4773960376293314,0.6444444444444445,0.4222222222222222,0.5111111111111111,0.6137949055234261,0.5683286162253945,0.7217113056285641,0.5320159167473419,0.3689323936863109,0.7777777777777778,2.0,4.0,8.0,6.0,3.0,7.0,1.0,9.0,5.0,10.0,lhs
32,0.1,0.25,0.0,0.2,0.15,0.1,0.15,0.0,0.05,,0.42332908949226755,-0.395777167602761,0.20851064394779756,0.9242025607319452,1.6229277975536027,0.4273527028736556,0.4273527028736556,0.386301563625018,0.8087360843031886,-0.395777167602761,-0.15555555555555556,0.02387049580131443,0.6,0.6920456654478331,0.04714045207910317,0.5111111111111111,0.5111111111111111,-0.06666666666666667,0.7378647873726218,0.6,0.5555555555555556,0.6,0.6888888888888889,0.08989331499509895,0.0778498944161523,0.7333333333333333,0.37777777777777777,0.6444444444444445,0.0,0.37777777777777777,0.5555555555555556,0.3333333333333333,0.5555555555555556,0.730731314484506,0.44946657497549475,0.768273325346536,0.435285750066007,0.3689323936863109,0.8666666666666667,1.0,4.0,7.0,6.0,3.0,8.0,2.0,9.0,5.0,10.0,lhs
33,0.15,0.1,0.0,0.2,0.2,0.05,0.05,0.2,0.05,,0.42332908949226755,-0.395777167602761,0.21069085953818048,0.9090863404655855,1.6484574188652648,0.43022008638620035,0.43022008638620035,0.38630156362501794,0.8087360843031886,-0.395777167602761,-0.15555555555555556,0.02387049580131443,0.6,0.6920456654478331,0.04714045207910317,0.4666666666666667,0.4666666666666667,-0.06666666666666667,0.7378647873726218,0.6,0.5111111111111111,0.7333333333333333,0.6888888888888889,0.08989331499509895,0.0778498944161523,0.7333333333333333,0.37777777777777777,0.6444444444444445,0.0,0.37777777777777777,0.5111111111111111,0.3333333333333333,0.6444444444444445,0.730731314484506,0.44946657497549475,0.768273325346536,0.435285750066007,0.3689323936863109,0.8222222222222222,1.0,4.0,7.0,6.0,3.0,8.0,2.0,9.0,5.0,10.0,dirichlet
34,0.3,0.05,0.05,0.1,0.05,0.15,0.0,0.15,0.15,,0.4231813499459953,-0.395777167602761,0.21059349984656395,0.9198763388577657,1.587959050446328,0.42853976687201817,0.43648856226436017,0.40306638263261557,0.8087360843031886,-0.395777167602761,-0.15555555555555556,0.02387049580131443,0.5555555555555556,0.6920456654478331,0.04714045207910317,0.4666666666666667,0.5111111111111111,-0.1111111111111111,0.7378647873726218,0.6,0.5555555555555556,0.7333333333333333,0.7333333333333333,0.08989331499509895,0.0778498944161523,0.7333333333333333,0.37777777777777777,0.6292532049656926,0.0,0.4319297483312999,0.5555555555555556,0.3333333333333333,0.5555555555555556,0.6592611948214577,0.4773960376293314,0.768273325346536,0.435285750066007,0.3689323936863109,0.8222222222222222,1.0,4.0,7.0,6.0,3.0,8.0,2.0,9.0,5.0,10.0,lhs
35,0.1,0.0,0.15,0.05,0.15,0.1,0.0,0.45,0.0,,0.4231813499459953,-0.395777167602761,0.20995023218909367,0.9048108152217609,1.6485173181497101,0.42853976687201817,0.42853976687201817,0.40256014222836206,0.8087360843031886,-0.395777167602761,-0.15555555555555556,0.02387049580131443,0.6,0.6920456654478331,0.04714045207910317,0.4666666666666667,0.4666666666666667,-0.1111111111111111,0.7378647873726218,0.6,0.5555555555555556,0.7777777777777778,0.6888888888888889,0.08989331499509895,0.0778498944161523,0.6444444444444445,0.37777777777777777,0.6292532049656926,0.0,0.4319297483312999,0.5555555555555556,0.3333333333333333,0.6444444444444445,0.7047274841194893,0.4319297483312999,0.768273325346536,0.435285750066007,0.3689323936863109,0.8222222222222222,1.0,4.0,7.0,6.0,3.0,8.0,2.0,9.0,5.0,10.0,uniform_lattice
36,0.25,0.1,0.1,0.05,0.1,0.3,0.0,0.05,0.05,,0.4231154244715704,-0.395777167602761,0.2122334404990882,0.9243302323072332,1.5778193797791722,0.42847384139759326,0.43493631095970925,0.39962683324139237,0.8087360843031886,-0.395777167602761,-0.15555555555555556,0.02387049580131443,0.5555555555555556,0.6920456654478331,0.04714045207910317,0.4666666666666667,0.5111111111111111,-0.15555555555555556,0.7378647873726218,0.6,0.5555555555555556,0.8666666666666667,0.6888888888888889,0.08989331499509895,0.0778498944161523,0.7777777777777778,0.37777777777777777,0.6292532049656926,0.0,0.4319297483312999,0.5555555555555556,0.3333333333333333,0.5555555555555556,0.5683286162253945,0.4773960376293314,0.768273325346536,0.435285750066007,0.3689323936863109,0.8222222222222222,1.0,4.0,7.0,6.0,3.0,8.0,2.0,9.0,5.0,10.0,uniform_lattice
37,0.35,0.15,0.05,0.1,0.15,0.1,0.05,0.0,0.05,,0.42294363409177765,-0.34921514788478913,0.21102232493090767,0.9274487602686973,1.5613018349986483,0.42931476577911754,0.43577263071572303,0.40056720772963084,0.8087360843031886,-0.34921514788478913,-0.15555555555555556,0.02387049580131443,0.5111111111111111,0.6920456654478331,0.09428090415820634,0.5111111111111111,0.4666666666666667,-0.2,0.7378647873726218,0.5555555555555556,0.6,0.6888888888888889,0.6888888888888889,0.044946657497549475,0.1297498240269205,0.7333333333333333,0.4222222222222222,0.6,0.044946657497549475,0.4222222222222222,0.6,0.37777777777777777,0.5111111111111111,0.6592611948214577,0.5393598899705937,0.7217113056285641,0.4836508334066745,0.3689323936863109,0.7777777777777778,2.0,4.0,7.0,6.0,3.0,8.0,1.0,9.0,5.0,10.0,dirichlet
38,0.5,0.0,0.05,0.15,0.05,0.1,0.05,0.1,0.0,,0.4225226570968222,-0.395777167602761,0.21108022883311084,0.9172139151871714,1.5675661225409563,0.4279469994972701,0.4388088939759489,0.4078015919854178,0.8087360843031886,-0.395777167602761,-0.1111111111111111,0.02387049580131443,0.5555555555555556,0.6920456654478331,0.04714045207910317,0.5111111111111111,0.5111111111111111,-0.1111111111111111,0.7378647873726218,0.6,0.6,0.6,0.7333333333333333,0.08989331499509895,0.0778498944161523,0.7333333333333333,0.37777777777777777,0.6444444444444445,0.0,0.37777777777777777,0.5555555555555556,0.3333333333333333,0.5111111111111111,0.7047274841194893,0.5393598899705937,0.768273325346536,0.435285750066007,0.3689323936863109,0.7777777777777778,1.0,4.0,7.0,6.0,3.0,8.0,2.0,9.0,5.0,10.0,lhs
39,0.05,0.3,0.2,0.2,0.0,0.15,0.05,0.0,0.05,,0.42251487763449036,-0.37670528747840887,0.21130563594369828,0.9219087126369899,1.5841631591661112,0.4207126152414832,0.43132059484899815,0.397699824217086,0.817874635209406,-0.37670528747840887,-0.13483997249264842,0.0,0.5393598899705937,0.6718710131470252,0.07150969419341942,0.4944132324730442,0.5393598899705937,-0.22473328748774737,0.7462025072446364,0.5393598899705937,0.6292532049656926,0.5393598899705937,0.6292532049656926,0.06818181818181818,0.1574591643244434,0.6292532049656926,0.44946657497549475,0.6292532049656926,0.022727272727272728,0.44946657497549475,0.6292532049656926,0.40451991747794525,0.4944132324730442,0.643720685820384,0.5681818181818182,0.7298664944894172,0.5135717874467445,0.3731012536223182,0.8539864924534399,2.0,4.0,7.5,6.0,3.0,7.5,1.0,9.0,5.0,10.0,dirichlet
40,0.2,0.1,0.05,0.1,0.15,0.1,0.05,0.25,0.0,,0.4225064566757543,-0.395777167602761,0.20998719468720356,0.9140655338238217,1.612057689104332,0.4279307990762022,0.4279307990762022,0.39631585751417064,0.8087360843031886,-0.395777167602761,-0.15555555555555556,0.02387049580131443,0.6,0.6920456654478331,0.04714045207910317,0.4666666666666667,0.5111111111111111,-0.1111111111111111,0.7378647873726218,0.6,0.5555555555555556,0.7333333333333333,0.6888888888888889,0.08989331499509895,0.0778498944161523,0.6888888888888889,0.37777777777777777,0.6444444444444445,0.0,0.37777777777777777,0.5111111111111111,0.3333333333333333,0.6,0.7047274841194893,0.4944132324730442,0.768273325346536,0.435285750066007,0.3689323936863109,0.8222222222222222,1.0,4.0,7.0,6.0,3.0,8.0,2.0,9.0,5.0,10.0,dirichlet
41,0.05,0.45,0.05,0.2,0.0,0.0,0.0,0.05,0.2,,0.42218539750082285,-0.34921514788478913,0.21234661961965803,0.9320667944821028,1.5585963760944284,0.4300064213655031,0.4300064213655031,0.39736457834473843,0.8087360843031886,-0.34921514788478913,-0.15555555555555556,0.02387049580131443,0.5111111111111111,0.6920456654478331,0.09428090415820634,0.5111111111111111,0.4666666666666667,-0.24444444444444444,0.7378647873726218,0.5555555555555556,0.6,0.7333333333333333,0.6888888888888889,0.044946657497549475,0.1297498240269205,0.6888888888888889,0.4222222222222222,0.5843065474681431,0.044946657497549475,0.4319297483312999,0.6,0.37777777777777777,0.5111111111111111,0.6137949055234261,0.522862326927363,0.7217113056285641,0.4836508334066745,0.3689323936863109,0.8666666666666667,2.0,4.0,7.0,6.0,3.0,8.0,1.0,9.0,5.0,10.0,uniform_lattice
42,0.35,0.0,0.0,0.05,0.05,0.0,0.0,0.35,0.2,,0.4219536527113198,-0.395777167602761,0.21120563977621656,0.9125209221241721,1.6046729862287858,0.42879492455189544,0.43582064546538996,0.38132712532598434,0.8087360843031886,-0.395777167602761,-0.15555555555555556,0.02387049580131443,0.5555555555555556,0.6920456654478331,0.04714045207910317,0.4666666666666667,0.5111111111111111,-0.1111111111111111,0.7378647873726218,0.6,0.5555555555555556,0.6444444444444445,0.674199862463242,0.08989331499509895,0.0778498944161523,0.7333333333333333,0.37777777777777777,0.6292532049656926,0.0,0.4319297483312999,0.5555555555555556,0.3333333333333333,0.6444444444444445,0.680336051416609,0.4773960376293314,0.768273325346536,0.435285750066007,0.3689323936863109,0.8222222222222222,1.0,4.0,7.0,6.0,3.0,8.0,2.0,9.0,5.0,10.0,uniform_lattice
43,0.1,0.1,0.0,0.2,0.35,0.1,0.0,0.15,0.0,,0.4219206899741072,-0.395777167602761,0.20627205061648696,0.9092746122074143,1.6855398744649919,0.4256140183028643,0.43056523403802077,0.3956741963504573,0.8087360843031886,-0.395777167602761,-0.15555555555555556,0.02387049580131443,0.6888888888888889,0.6920456654478331,0.04714045207910317,0.4666666666666667,0.4666666666666667,-0.15555555555555556,0.7378647873726218,0.6,0.5111111111111111,0.6888888888888889,0.674199862463242,0.08989331499509895,0.0778498944161523,0.7333333333333333,0.37777777777777777,0.6292532049656926,0.0,0.4319297483312999,0.5555555555555556,0.3333333333333333,0.6444444444444445,0.680336051416609,0.4319297483312999,0.768273325346536,0.435285750066007,0.3689323936863109,0.8222222222222222,1.0,4.0,7.0,6.0,3.0,8.0,2.0,9.0,5.0,10.0,lhs
44,0.3,0.2,0.0,0.05,0.05,0.25,0.1,0.05,0.0,,0.42191159815706314,-0.395777167602761,0.21200581834257878,0.9242612412304175,1.568158594406131,0.42880259505099594,0.4372868619817745,0.3934862228274479,0.8087360843031886,-0.395777167602761,-0.1111111111111111,0.02387049580131443,0.5555555555555556,0.6920456654478331,0.04714045207910317,0.4666666666666667,0.5111111111111111,-0.06666666666666667,0.7378647873726218,0.6,0.5555555555555556,0.6444444444444445,0.6888888888888889,0.08989331499509895,0.0778498944161523,0.7333333333333333,0.37777777777777777,0.6444444444444445,0.0,0.37777777777777777,0.5111111111111111,0.3333333333333333,0.5555555555555556,0.730731314484506,0.4944132324730442,0.768273325346536,0.435285750066007,0.3689323936863109,0.8222222222222222,1.0,4.0,7.0,6.0,3.0,8.0,2.0,9.0,5.0,10.0,lhs
45,0.1,0.25,0.0,0.05,0.35,0.05,0.1,0.0,0.1,,0.42189539773599516,-0.395777167602761,0.20735507609430695,0.9225861726997553,1.6470784330512704,0.4230516276048384,0.4230516276048384,0.38098943596655915,0.8087360843031886,-0.395777167602761,-0.15555555555555556,0.02387049580131443,0.6888888888888889,0.6920456654478331,0.04714045207910317,0.4666666666666667,0.5111111111111111,-0.1111111111111111,0.7378647873726218,0.5555555555555556,0.5555555555555556,0.7777777777777778,0.6444444444444445,0.08989331499509895,0.0778498944161523,0.7777777777777778,0.3333333333333333,0.6444444444444445,0.0,0.37777777777777777,0.5111111111111111,0.3333333333333333,0.5555555555555556,0.730731314484506,0.44946657497549475,0.768273325346536,0.435285750066007,0.3689323936863109,0.7777777777777778,1.0,4.0,7.0,6.0,3.0,8.0,2.0,9.0,5.0,10.0,uniform_lattice
46,0.1,0.25,0.0,0.0,0.1,0.15,0.15,0.25,0.0,,0.42189539773599516,-0.395777167602761,0.20925178884897586,0.9212344674974733,1.6188065366360025,0.428786394629928,0.428786394629928,0.3924589700167384,0.8087360843031886,-0.395777167602761,-0.1111111111111111,0.02387049580131443,0.6,0.6920456654478331,0.04714045207910317,0.4666666666666667,0.5111111111111111,-0.06666666666666667,0.7378647873726218,0.6,0.5555555555555556,0.6,0.6888888888888889,0.08989331499509895,0.0778498944161523,0.7333333333333333,0.37777777777777777,0.6444444444444445,0.0,0.37777777777777777,0.5555555555555556,0.3333333333333333,0.5111111111111111,0.730731314484506,0.44946657497549475,0.768273325346536,0.435285750066007,0.3689323936863109,0.8666666666666667,1.0,4.0,7.0,6.0,3.0,8.0,2.0,9.0,5.0,10.0,dirichlet
47,0.05,0.15,0.0,0.2,0.0,0.15,0.05,0.4,0.0,,0.42189539773599516,-0.395777167602761,0.20956427173268968,0.9106800090790076,1.647505156518283,0.42878639462992796,0.42878639462992796,0.4010284936123263,0.8087360843031886,-0.395777167602761,-0.15555555555555556,0.02387049580131443,0.6,0.6920456654478331,0.04714045207910317,0.5111111111111111,0.5111111111111111,-0.06666666666666667,0.7378647873726218,0.5555555555555556,0.5111111111111111,0.7333333333333333,0.6888888888888889,0.08989331499509895,0.0778498944161523,0.6444444444444445,0.37777777777777777,0.6444444444444445,0.0,0.37777777777777777,0.5555555555555556,0.3333333333333333,0.6,0.730731314484506,0.44946657497549475,0.768273325346536,0.435285750066007,0.3689323936863109,0.8222222222222222,1.0,4.0,7.0,6.0,3.0,8.0,2.0,9.0,5.0,10.0,dirichlet
48,0.0,0.1,0.0,0.15,0.25,0.15,0.05,0.0,0.3,,0.42189539773599516,-0.395777167602761,0.20785943441404586,0.9090863404655855,1.727833269033775,0.42878639462992796,0.42878639462992796,0.38672420299164884,0.8087360843031886,-0.395777167602761,-0.15555555555555556,0.02387049580131443,0.6444444444444445,0.6920456654478331,0.04714045207910317,0.4666666666666667,0.4666666666666667,-0.15555555555555556,0.7378647873726218,0.6,0.5111111111111111,0.7333333333333333,0.6888888888888889,0.08989331499509895,0.0778498944161523,0.7333333333333333,0.37777777777777777,0.6444444444444445,0.0,0.37777777777777777,0.5111111111111111,0.3333333333333333,0.6444444444444445,0.730731314484506,0.44946657497549475,0.768273325346536,0.435285750066007,0.3689323936863109,0.8222222222222222,1.0,4.0,7.0,6.0,3.0,8.0,2.0,9.0,5.0,10.0,uniform_lattice
49,0.2,0.05,0.2,0.0,0.05,0.1,0.0,0.25,0.15,,0.42178062092693536,-0.395777167602761,0.2105267348927372,0.9140984018494721,1.5802732151720134,0.42713903785295826,0.43652268193889815,0.40402679672184705,0.8087360843031886,-0.395777167602761,-0.15555555555555556,0.02387049580131443,0.6,0.6920456654478331,0.04714045207910317,0.4666666666666667,0.5111111111111111,-0.15555555555555556,0.7378647873726218,0.6,0.5555555555555556,0.6444444444444445,0.7777777777777778,0.08989331499509895,0.0778498944161523,0.7333333333333333,0.37777777777777777,0.6292532049656926,0.0,0.4319297483312999,0.5555555555555556,0.3333333333333333,0.5555555555555556,0.7047274841194893,0.4773960376293314,0.768273325346536,0.435285750066007,0.3689323936863109,0.7777777777777778,1.0,4.0,7.0,6.0,3.0,8.0,2.0,9.0,5.0,10.0,uniform_lattice
50,0.15,0.1,0.05,0.25,0.1,0.15,0.0,0.2,0.0,,0.42174765818972293,-0.395777167602761,0.20926346161033996,0.9109292882847011,1.6231430908290219,0.4271060751157457,0.4271060751157457,0.3982590669595449,0.8087360843031886,-0.395777167602761,-0.15555555555555556,0.02387049580131443,0.6,0.6920456654478331,0.04714045207910317,0.5111111111111111,0.5111111111111111,-0.1111111111111111,0.7378647873726218,0.6,0.5111111111111111,0.7333333333333333,0.6888888888888889,0.08989331499509895,0.0778498944161523,0.6444444444444445,0.37777777777777777,0.6292532049656926,0.0,0.4319297483312999,0.5111111111111111,0.3333333333333333,0.6444444444444445,0.6592611948214577,0.4773960376293314,0.768273325346536,0.435285750066007,0.3689323936863109,0.8222222222222222,1.0,4.0,7.0,6.0,3.0,8.0,2.0,9.0,5.0,10.0,uniform_lattice
51,0.05,0.1,0.1,0.0,0.35,0.25,0.0,0.1,0.05,,0.42171469545251034,-0.395777167602761,0.20312360365192797,0.9093126454651647,1.693795828701259,0.42171469545251034,0.42628968312044424,0.3883879766667647,0.8087360843031886,-0.395777167602761,-0.15555555555555556,0.02387049580131443,0.6888888888888889,0.6920456654478331,0.04714045207910317,0.4666666666666667,0.4666666666666667,-0.24444444444444444,0.7378647873726218,0.6,0.5555555555555556,0.7777777777777778,0.6888888888888889,0.08989331499509895,0.0778498944161523,0.7777777777777778,0.3333333333333333,0.6292532049656926,0.0,0.4319297483312999,0.5111111111111111,0.3333333333333333,0.6444444444444445,0.6592611948214577,0.4319297483312999,0.768273325346536,0.435285750066007,0.3689323936863109,0.8222222222222222,1.0,4.0,7.0,6.0,3.0,8.0,2.0,9.0,5.0,10.0,dirichlet
52,0.3,0.05,0.4,0.0,0.0,0.05,0.0,0.1,0.1,,0.42154994345138375,-0.44233918732073285,0.20691333858797942,0.9201477776163609,1.5557459384802126,0.42154994345138375,0.42154994345138375,0.4025601422283622,0.8087360843031886,-0.44233918732073285,-0.06666666666666667,-0.02387049580131443,0.4666666666666667,0.6366820122120065,0.0,0.4222222222222222,0.5555555555555556,-0.15555555555555556,0.7378647873726218,0.5555555555555556,0.6,0.6444444444444445,0.6444444444444445,0.13483997249264842,0.1297498240269205,0.7333333333333333,0.4222222222222222,0.674199862463242,-0.044946657497549475,0.4773960376293314,0.6,0.37777777777777777,0.5111111111111111,0.5683286162253945,0.5683286162253945,0.768273325346536,0.4836508334066745,0.3689323936863109,0.9111111111111111,1.0,4.0,8.0,6.0,3.0,7.0,2.0,9.0,5.0,10.0,uniform_lattice
53,0.15,0.3,0.05,0.15,0.0,0.05,0.1,0.1,0.1,,0.42149374191443734,-0.34921514788478913,0.21268202923036006,0.9275652907760018,1.575522832516448,0.42793079907620224,0.43879212494701025,0.40205062453926027,0.8087360843031886,-0.34921514788478913,-0.15555555555555556,0.02387049580131443,0.5111111111111111,0.6920456654478331,0.09428090415820634,0.6,0.4666666666666667,-0.15555555555555556,0.7378647873726218,0.5555555555555556,0.6,0.6444444444444445,0.6444444444444445,0.044946657497549475,0.1297498240269205,0.6444444444444445,0.4222222222222222,0.6,0.044946657497549475,0.4222222222222222,0.5555555555555556,0.37777777777777777,0.5111111111111111,0.6592611948214577,0.4944132324730442,0.7217113056285641,0.4836508334066745,0.3689323936863109,0.8666666666666667,2.0,4.0,7.0,6.0,3.0,8.0,1.0,9.0,5.0,10.0,lhs
54,0.15,0.2,0.3,0.05,0.05,0.15,0.05,0.0,0.05,,0.4212463021227411,-0.395777167602761,0.20834759395748825,0.9231901813585575,1.5699790390690491,0.4221930914096331,0.4221930914096331,0.4034345912421756,0.8087360843031886,-0.395777167602761,-0.1111111111111111,-0.02387049580131443,0.4666666666666667,0.6366820122120065,0.04714045207910317,0.4666666666666667,0.5111111111111111,-0.2,0.7378647873726218,0.5111111111111111,0.6444444444444445,0.6,0.6444444444444445,0.08989331499509895,0.1816497536376887,0.6888888888888889,0.4666666666666667,0.6,0.0,0.4666666666666667,0.6,0.4222222222222222,0.5111111111111111,0.6137949055234261,0.5843065474681431,0.7217113056285641,0.5320159167473419,0.3689323936863109,0.8666666666666667,2.0,4.0,8.0,6.0,3.0,7.0,1.0,9.0,5.0,10.0,lhs
55,0.5,0.0,0.1,0.05,0.05,0.1,0.05,0.15,0.0,,0.4210889653405498,-0.395777167602761,0.2105136176751669,0.9216162620729924,1.5513661122285025,0.4265133077409977,0.43732488202037395,0.40636790022914543,0.8087360843031886,-0.395777167602761,-0.1111111111111111,0.02387049580131443,0.5555555555555556,0.6920456654478331,0.04714045207910317,0.4666666666666667,0.5111111111111111,-0.15555555555555556,0.7378647873726218,0.6,0.6,0.6888888888888889,0.6888888888888889,0.08989331499509895,0.0778498944161523,0.7333333333333333,0.37777777777777777,0.6444444444444445,0.0,0.37777777777777777,0.5555555555555556,0.3333333333333333,0.5111111111111111,0.7047274841194893,0.5393598899705937,0.768273325346536,0.435285750066007,0.3689323936863109,0.7777777777777778,1.0,4.0,7.0,6.0,3.0,8.0,2.0,9.0,5.0,10.0,dirichlet
56,0.25,0.15,0.05,0.0,0.0,0.05,0.05,0.15,0.3,,0.4210727649194819,-0.395777167602761,0.20831005188853371,0.9184660924502217,1.5722825997847918,0.4264971073199298,0.43582410103586033,0.4034843162955327,0.8087360843031886,-0.395777167602761,-0.15555555555555556,0.02387049580131443,0.5555555555555556,0.6920456654478331,0.04714045207910317,0.4666666666666667,0.5111111111111111,-0.1111111111111111,0.7378647873726218,0.6,0.5555555555555556,0.6444444444444445,0.7333333333333333,0.08989331499509895,0.0778498944161523,0.7333333333333333,0.37777777777777777,0.6444444444444445,0.0,0.37777777777777777,0.5555555555555556,0.3333333333333333,0.5555555555555556,0.7047274841194893,0.4944132324730442,0.768273325346536,0.435285750066007,0.3689323936863109,0.8222222222222222,1.0,4.0,7.0,6.0,3.0,8.0,2.0,9.0,5.0,10.0,lhs
57,0.25,0.0,0.2,0.2,0.15,0.0,0.05,0.15,0.0,,0.4210727649194819,-0.395777167602761,0.2098047140535539,0.9112364750051674,1.602226376024343,0.4264971073199298,0.43582410103586033,0.4034843162955327,0.8087360843031886,-0.395777167602761,-0.15555555555555556,0.02387049580131443,0.6,0.6920456654478331,0.04714045207910317,0.5111111111111111,0.5111111111111111,-0.15555555555555556,0.7378647873726218,0.6,0.5555555555555556,0.6444444444444445,0.7333333333333333,0.08989331499509895,0.0778498944161523,0.7333333333333333,0.37777777777777777,0.6444444444444445,0.0,0.37777777777777777,0.5555555555555556,0.3333333333333333,0.5111111111111111,0.7047274841194893,0.4944132324730442,0.768273325346536,0.435285750066007,0.3689323936863109,0.8222222222222222,1.0,4.0,7.0,6.0,3.0,8.0,2.0,9.0,5.0,10.0,lhs
58,0.05,0.05,0.05,0.35,0.3,0.05,0.05,0.05,0.05,,0.421056564498414,-0.395777167602761,0.2054744934512361,0.8974782103376906,1.6995903943509865,0.42648090689886187,0.42648090689886187,0.3891311983117407,0.8087360843031886,-0.395777167602761,-0.15555555555555556,0.02387049580131443,0.6444444444444445,0.6920456654478331,0.04714045207910317,0.5111111111111111,0.4666666666666667,-0.15555555555555556,0.7378647873726218,0.5555555555555556,0.5111111111111111,0.7333333333333333,0.6888888888888889,0.08989331499509895,0.0778498944161523,0.7333333333333333,0.37777777777777777,0.6444444444444445,0.0,0.37777777777777777,0.5555555555555556,0.3333333333333333,0.6444444444444445,0.7047274841194893,0.44946657497549475,0.768273325346536,0.435285750066007,0.3689323936863109,0.7777777777777778,1.0,4.0,7.0,6.0,3.0,8.0,2.0,9.0,5.0,10.0,lhs
59,0.1,0.3,0.1,0.05,0.05,0.15,0.1,0.0,0.15,,0.42104860197466626,-0.37670528747840887,0.20773087070079665,0.9290019610835859,1.5765097842234703,0.4193095074760204,0.4283358019089096,0.3976836237960181,0.817874635209406,-0.37670528747840887,-0.13483997249264842,0.0,0.5393598899705937,0.6718710131470252,0.07150969419341942,0.4944132324730442,0.4944132324730442,-0.22473328748774737,0.7462025072446364,0.5393598899705937,0.6292532049656926,0.5843065474681431,0.6292532049656926,0.06818181818181818,0.1574591643244434,0.674199862463242,0.44946657497549475,0.6292532049656926,0.022727272727272728,0.44946657497549475,0.5843065474681431,0.40451991747794525,0.5393598899705937,0.643720685820384,0.5227272727272727,0.7298664944894172,0.5135717874467445,0.3731012536223182,0.8090398349558905,2.0,4.0,7.5,6.0,3.0,7.5,1.0,9.0,5.0,10.0,dirichlet
60,0.35,0.1,0.0,0.3,0.1,0.0,0.0,0.0,0.15,,0.42075599311050804,-0.395777167602761,0.2147110410046196,0.9194121169359339,1.595107892362429,0.4275972649510838,0.43296211340482177,0.3887355394392587,0.8087360843031886,-0.395777167602761,-0.15555555555555556,0.02387049580131443,0.5555555555555556,0.6920456654478331,0.04714045207910317,0.37777777777777777,0.5111111111111111,-0.022222222222222223,0.7378647873726218,0.6,0.6,0.6888888888888889,0.674199862463242,0.08989331499509895,0.0778498944161523,0.7777777777777778,0.37777777777777777,0.6292532049656926,0.0,0.4319297483312999,0.5555555555555556,0.3333333333333333,0.5555555555555556,0.598764159346999,0.4773960376293314,0.768273325346536,0.435285750066007,0.3689323936863109,0.8222222222222222,1.0,4.0,7.0,6.0,3.0,8.0,2.0,9.0,5.0,10.0,uniform_lattice
61,0.2,0.2,0.1,0.25,0.0,0.15,0.0,0.05,0.05,,0.42071874300733797,-0.34921514788478913,0.21373073401746276,0.9216884493230898,1.5781095637475369,0.4256064578850485,0.4256064578850485,0.39583199837682864,0.8087360843031886,-0.34921514788478913,-0.15555555555555556,0.02387049580131443,0.5111111111111111,0.6920456654478331,0.09428090415820634,0.4666666666666667,0.5111111111111111,-0.15555555555555556,0.7378647873726218,0.5555555555555556,0.6,0.7777777777777778,0.6444444444444445,0.044946657497549475,0.1297498240269205,0.6444444444444445,0.4222222222222222,0.5843065474681431,0.044946657497549475,0.4319297483312999,0.5555555555555556,0.37777777777777777,0.5111111111111111,0.6137949055234261,0.4773960376293314,0.7217113056285641,0.4836508334066745,0.3689323936863109,0.8666666666666667,2.0,4.0,7.0,6.0,3.0,8.0,1.0,9.0,5.0,10.0,dirichlet
62,0.05,0.05,0.0,0.1,0.5,0.05,0.1,0.05,0.1,,0.42065366787080183,-0.395777167602761,0.20499819385198165,0.9026027858128681,1.7993998153034367,0.42180989773964506,0.4263613426592162,0.38261508961391066,0.8087360843031886,-0.395777167602761,-0.15555555555555556,0.02387049580131443,0.6888888888888889,0.6920456654478331,0.04714045207910317,0.4666666666666667,0.4666666666666667,-0.15555555555555556,0.7378647873726218,0.4666666666666667,0.5555555555555556,0.6888888888888889,0.6444444444444445,0.08989331499509895,0.0778498944161523,0.7777777777777778,0.3333333333333333,0.6444444444444445,0.0,0.37777777777777777,0.5555555555555556,0.3333333333333333,0.6444444444444445,0.781126577552403,0.44946657497549475,0.768273325346536,0.435285750066007,0.3689323936863109,0.8222222222222222,1.0,4.0,7.0,6.0,3.0,8.0,2.0,9.0,5.0,10.0,uniform_lattice
63,0.25,0.05,0.1,0.0,0.2,0.25,0.0,0.0,0.15,,0.4206215588614683,-0.395777167602761,0.20903799169458376,0.9160532145821911,1.6093591817414306,0.4259446296449124,0.4259446296449124,0.3874940462182919,0.8087360843031886,-0.395777167602761,-0.2,0.02387049580131443,0.6,0.6920456654478331,0.04714045207910317,0.5111111111111111,0.5111111111111111,-0.15555555555555556,0.7378647873726218,0.6,0.5555555555555556,0.8222222222222222,0.7333333333333333,0.08989331499509895,0.0778498944161523,0.7777777777777778,0.3333333333333333,0.6292532049656926,0.0,0.4319297483312999,0.5555555555555556,0.3333333333333333,0.5555555555555556,0.5354632267566767,0.4773960376293314,0.768273325346536,0.435285750066007,0.3689323936863109,0.7777777777777778,1.0,4.0,7.0,6.0,3.0,8.0,2.0,9.0,5.0,10.0,uniform_lattice
64,0.3,0.1,0.0,0.2,0.05,0.05,0.15,0.1,0.05,,0.42047790640079075,-0.395777167602761,0.20893678453674003,0.912467849658598,1.6088464857088476,0.42736890329472355,0.4358028500261995,0.40247838578966666,0.8087360843031886,-0.395777167602761,-0.15555555555555556,0.02387049580131443,0.5555555555555556,0.6920456654478331,0.04714045207910317,0.5555555555555556,0.5111111111111111,-0.06666666666666667,0.7378647873726218,0.6,0.5555555555555556,0.6,0.6444444444444445,0.08989331499509895,0.0778498944161523,0.7333333333333333,0.37777777777777777,0.6444444444444445,0.0,0.37777777777777777,0.5555555555555556,0.3333333333333333,0.5111111111111111,0.730731314484506,0.4944132324730442,0.768273325346536,0.435285750066007,0.3689323936863109,0.8222222222222222,1.0,4.0,7.0,6.0,3.0,8.0,2.0,9.0,5.0,10.0,dirichlet
65,0.05,0.25,0.0,0.2,0.1,0.0,0.15,0.1,0.15,,0.42046170597972277,-0.395777167602761,0.20722745861180344,0.9213027763772644,1.6324991565786622,0.42448531936111084,0.42448531936111084,0.386301563625018,0.8087360843031886,-0.395777167602761,-0.15555555555555556,0.02387049580131443,0.6,0.6920456654478331,0.04714045207910317,0.5111111111111111,0.5111111111111111,-0.06666666666666667,0.7378647873726218,0.6,0.5555555555555556,0.6,0.6888888888888889,0.08989331499509895,0.0778498944161523,0.6444444444444445,0.37777777777777777,0.6444444444444445,0.0,0.37777777777777777,0.5555555555555556,0.3333333333333333,0.5555555555555556,0.730731314484506,0.44946657497549475,0.768273325346536,0.435285750066007,0.3689323936863109,0.8666666666666667,1.0,4.0,7.0,6.0,3.0,8.0,2.0,9.0,5.0,10.0,lhs
66,0.05,0.1,0.0,0.25,0.35,0.1,0.05,0.1,0.0,,0.42046170597972277,-0.395777167602761,0.20600455300225434,0.9046336733804621,1.7080363975577422,0.42735270287365557,0.42735270287365557,0.3805667965999283,0.8087360843031886,-0.395777167602761,-0.15555555555555556,0.02387049580131443,0.6444444444444445,0.6920456654478331,0.04714045207910317,0.4666666666666667,0.4666666666666667,-0.15555555555555556,0.7378647873726218,0.5555555555555556,0.5111111111111111,0.6888888888888889,0.6888888888888889,0.08989331499509895,0.0778498944161523,0.7333333333333333,0.37777777777777777,0.6444444444444445,0.0,0.37777777777777777,0.5555555555555556,0.3333333333333333,0.6444444444444445,0.730731314484506,0.44946657497549475,0.768273325346536,0.435285750066007,0.3689323936863109,0.8222222222222222,1.0,4.0,7.0,6.0,3.0,8.0,2.0,9.0,5.0,10.0,dirichlet
67,0.05,0.05,0.1,0.0,0.15,0.15,0.0,0.25,0.25,,0.42028100369623794,-0.395777167602761,0.20732508753993886,0.9048449349999954,1.6752672110576408,0.4256394206222609,0.4256394206222609,0.3939250289535152,0.8087360843031886,-0.395777167602761,-0.15555555555555556,0.02387049580131443,0.6,0.6920456654478331,0.04714045207910317,0.4666666666666667,0.4666666666666667,-0.1111111111111111,0.7378647873726218,0.6,0.5555555555555556,0.7333333333333333,0.6888888888888889,0.08989331499509895,0.0778498944161523,0.6888888888888889,0.37777777777777777,0.6292532049656926,0.0,0.4319297483312999,0.5111111111111111,0.3333333333333333,0.6444444444444445,0.6592611948214577,0.4319297483312999,0.768273325346536,0.435285750066007,0.3689323936863109,0.8222222222222222,1.0,4.0,7.0,6.0,3.0,8.0,2.0,9.0,5.0,10.0,dirichlet
68,0.2,0.25,0.15,0.05,0.1,0.2,0.05,0.0,0.0,,0.42007625057923287,-0.34921514788478913,0.21180619402187742,0.9334759417853313,1.5550729991416985,0.4250604749221779,0.42505224025939314,0.4034345912421756,0.8087360843031886,-0.34921514788478913,-0.15555555555555556,0.02387049580131443,0.5111111111111111,0.6920456654478331,0.09428090415820634,0.5111111111111111,0.4666666666666667,-0.15555555555555556,0.7378647873726218,0.5555555555555556,0.6,0.5555555555555556,0.6888888888888889,0.044946657497549475,0.1297498240269205,0.7333333333333333,0.4222222222222222,0.6,0.044946657497549475,0.4222222222222222,0.5555555555555556,0.37777777777777777,0.5555555555555556,0.6592611948214577,0.5393598899705937,0.7217113056285641,0.4836508334066745,0.3689323936863109,0.7777777777777778,2.0,4.0,7.0,6.0,3.0,8.0,1.0,9.0,5.0,10.0,dirichlet
69,0.1,0.2,0.15,0.15,0.25,0.0,0.05,0.0,0.1,,0.42006005015816494,-0.34921514788478913,0.2066363345209258,0.9245094743879237,1.6009594692481206,0.4221768909885652,0.4221768909885652,0.39194885677092856,0.8087360843031886,-0.34921514788478913,-0.2,0.02387049580131443,0.6444444444444445,0.6920456654478331,0.09428090415820634,0.4666666666666667,0.4666666666666667,-0.24444444444444444,0.7378647873726218,0.5555555555555556,0.6,0.6444444444444445,0.6888888888888889,0.044946657497549475,0.1297498240269205,0.7333333333333333,0.4222222222222222,0.6,0.044946657497549475,0.4222222222222222,0.5555555555555556,0.37777777777777777,0.5555555555555556,0.6592611948214577,0.4944132324730442,0.7217113056285641,0.4836508334066745,0.3689323936863109,0.7777777777777778,2.0,4.0,7.0,6.0,3.0,8.0,1.0,9.0,5.0,10.0,lhs
70,0.1,0.1,0.05,0.15,0.35,0.05,0.1,0.05,0.05,,0.42004384973709696,-0.34921514788478913,0.20656878943214743,0.9064258560567007,1.6811357007091052,0.4239239480109588,0.4285572349863656,0.3891311983117407,0.8087360843031886,-0.34921514788478913,-0.2,0.02387049580131443,0.6444444444444445,0.6920456654478331,0.09428090415820634,0.5111111111111111,0.4666666666666667,-0.15555555555555556,0.7378647873726218,0.5555555555555556,0.6,0.6,0.6,0.044946657497549475,0.1297498240269205,0.7333333333333333,0.4222222222222222,0.6,0.044946657497549475,0.4222222222222222,0.5555555555555556,0.37777777777777777,0.6,0.6592611948214577,0.44946657497549475,0.7217113056285641,0.4836508334066745,0.3689323936863109,0.7777777777777778,2.0,4.0,7.0,6.0,3.0,8.0,1.0,9.0,5.0,10.0,dirichlet
71,0.15,0.2,0.05,0.05,0.0,0.15,0.1,0.1,0.2,,0.41951915246964055,-0.37670528747840887,0.2068115670279491,0.9229541056779239,1.5917856002127482,0.4221960320511126,0.43137206516913545,0.3991832410267155,0.817874635209406,-0.37670528747840887,-0.1797866299901979,0.02414022747926338,0.5393598899705937,0.6998656386948179,0.07150969419341942,0.4944132324730442,0.4944132324730442,-0.13483997249264842,0.7462025072446364,0.5843065474681431,0.5843065474681431,0.6292532049656926,0.674199862463242,0.06818181818181818,0.1049727762162956,0.7191465199607916,0.40451991747794525,0.6292532049656926,0.022727272727272728,0.40451991747794525,0.5393598899705937,0.3595732599803958,0.4944132324730442,0.6897007348075542,0.5,0.7534105749568177,0.4646601886422926,0.3731012536223182,0.8090398349558905,1.5,4.0,7.0,6.0,3.0,8.0,1.5,9.0,5.0,10.0,lhs
72,0.0,0.05,0.05,0.1,0.25,0.0,0.0,0.1,0.45,,0.41933735192315114,-0.395777167602761,0.20388977291247448,0.9074093320631078,1.7298318913194581,0.4247119692702419,0.4247119692702419,0.38532287841588075,0.8087360843031886,-0.395777167602761,-0.15555555555555556,0.02387049580131443,0.6888888888888889,0.6920456654478331,0.04714045207910317,0.4666666666666667,0.4666666666666667,-0.2,0.7378647873726218,0.6,0.5555555555555556,0.7333333333333333,0.6888888888888889,0.08989331499509895,0.0778498944161523,0.7333333333333333,0.3333333333333333,0.6,0.0,0.4319297483312999,0.5111111111111111,0.3333333333333333,0.6444444444444445,0.6592611948214577,0.4319297483312999,0.768273325346536,0.435285750066007,0.3689323936863109,0.8222222222222222,1.0,4.0,7.0,6.0,3.0,8.0,2.0,9.0,5.0,10.0,uniform_lattice
73,0.35,0.05,0.0,0.15,0.15,0.0,0.1,0.1,0.1,,0.41904421464451835,-0.395777167602761,0.20993165118194063,0.9197537804780316,1.6058030878974487,0.42593521153845115,0.43283482611504964,0.3877514558023582,0.8087360843031886,-0.395777167602761,-0.15555555555555556,0.02387049580131443,0.5555555555555556,0.6920456654478331,0.04714045207910317,0.4666666666666667,0.5111111111111111,-0.06666666666666667,0.7378647873726218,0.6,0.5555555555555556,0.5555555555555556,0.6888888888888889,0.08989331499509895,0.0778498944161523,0.7777777777777778,0.37777777777777777,0.6444444444444445,0.0,0.37777777777777777,0.5555555555555556,0.3333333333333333,0.5111111111111111,0.730731314484506,0.4944132324730442,0.768273325346536,0.435285750066007,0.3689323936863109,0.8222222222222222,1.0,4.0,7.0,6.0,3.0,8.0,2.0,9.0,5.0,10.0,dirichlet
74,0.05,0.3,0.0,0.1,0.2,0.05,0.15,0.15,0.0,,0.4190280142234504,-0.395777167602761,0.2044683987038914,0.9241863603108772,1.6258268995001954,0.42305162760483844,0.42305162760483844,0.38672420299164884,0.8087360843031886,-0.395777167602761,-0.15555555555555556,0.02387049580131443,0.6,0.6920456654478331,0.04714045207910317,0.4666666666666667,0.5111111111111111,-0.06666666666666667,0.7378647873726218,0.6,0.5555555555555556,0.6,0.6444444444444445,0.08989331499509895,0.0778498944161523,0.6888888888888889,0.37777777777777777,0.6444444444444445,0.0,0.37777777777777777,0.5555555555555556,0.3333333333333333,0.5555555555555556,0.730731314484506,0.44946657497549475,0.768273325346536,0.435285750066007,0.3689323936863109,0.8666666666666667,1.0,4.0,7.0,6.0,3.0,8.0,2.0,9.0,5.0,10.0,uniform_lattice
75,0.25,0.05,0.0,0.2,0.0,0.05,0.1,0.3,0.05,,0.4190280142234504,-0.395777167602761,0.20663933464156778,0.9108743990571642,1.6271554549720189,0.42591901111738323,0.42591901111738323,0.39816111009978156,0.8087360843031886,-0.395777167602761,-0.15555555555555556,0.02387049580131443,0.5555555555555556,0.6920456654478331,0.04714045207910317,0.5555555555555556,0.5111111111111111,-0.06666666666666667,0.7378647873726218,0.6,0.5111111111111111,0.5555555555555556,0.6888888888888889,0.08989331499509895,0.0778498944161523,0.7333333333333333,0.37777777777777777,0.6444444444444445,0.0,0.37777777777777777,0.5555555555555556,0.3333333333333333,0.5111111111111111,0.730731314484506,0.44946657497549475,0.768273325346536,0.435285750066007,0.3689323936863109,0.8666666666666667,1.0,4.0,7.0,6.0,3.0,8.0,2.0,9.0,5.0,10.0,dirichlet
76,0.1,0.05,0.0,0.0,0.2,0.1,0.05,0.15,0.35,,0.4190280142234504,-0.395777167602761,0.20833791200535307,0.9076736912231029,1.7142193622036532,0.4256546515391772,0.43059813468027935,0.38672420299164884,0.8087360843031886,-0.395777167602761,-0.15555555555555556,0.02387049580131443,0.6,0.6920456654478331,0.04714045207910317,0.4666666666666667,0.4666666666666667,-0.1111111111111111,0.7378647873726218,0.6,0.5555555555555556,0.6444444444444445,0.6888888888888889,0.08989331499509895,0.0778498944161523,0.7333333333333333,0.3333333333333333,0.6444444444444445,0.0,0.37777777777777777,0.5111111111111111,0.3333333333333333,0.6444444444444445,0.730731314484506,0.44946657497549475,0.768273325346536,0.435285750066007,0.3689323936863109,0.8222222222222222,1.0,4.0,7.0,6.0,3.0,8.0,2.0,9.0,5.0,10.0,uniform_lattice
77,0.2,0.0,0.2,0.1,0.45,0.0,0.0,0.05,0.0,,0.41884731193996555,-0.395777167602761,0.20571115157309117,0.9066825116096586,1.6445334115111017,0.42008328895789887,0.42008328895789887,0.39740174200530326,0.8087360843031886,-0.395777167602761,-0.1111111111111111,0.02387049580131443,0.6888888888888889,0.6920456654478331,0.04714045207910317,0.4222222222222222,0.5111111111111111,-0.15555555555555556,0.7378647873726218,0.5555555555555556,0.5555555555555556,0.7333333333333333,0.6888888888888889,0.08989331499509895,0.0778498944161523,0.7777777777777778,0.28888888888888886,0.6292532049656926,0.0,0.4319297483312999,0.5111111111111111,0.3333333333333333,0.6,0.6137949055234261,0.4773960376293314,0.768273325346536,0.435285750066007,0.3689323936863109,0.7777777777777778,1.0,4.0,7.0,6.0,3.0,8.0,2.0,9.0,5.0,10.0,uniform_lattice
78,0.2,0.1,0.1,0.05,0.15,0.15,0.0,0.05,0.2,,0.4188143492027531,-0.395777167602761,0.2084578707193345,0.9213235458265667,1.5969314986701937,0.424172766128776,0.424172766128776,0.3929646148642838,0.8087360843031886,-0.395777167602761,-0.2,0.02387049580131443,0.6,0.6920456654478331,0.04714045207910317,0.4666666666666667,0.5111111111111111,-0.15555555555555556,0.7378647873726218,0.6,0.5555555555555556,0.8666666666666667,0.6888888888888889,0.08989331499509895,0.0778498944161523,0.7777777777777778,0.3333333333333333,0.6292532049656926,0.0,0.4319297483312999,0.5111111111111111,0.3333333333333333,0.5555555555555556,0.5683286162253945,0.4773960376293314,0.768273325346536,0.435285750066007,0.3689323936863109,0.7777777777777778,1.0,4.0,7.0,6.0,3.0,8.0,2.0,9.0,5.0,10.0,lhs
79,0.1,0.25,0.1,0.05,0.05,0.25,0.05,0.05,0.1,,0.41862635840189255,-0.34921514788478913,0.20772467464428887,0.9259072248556719,1.5790148139553708,0.4221301065766877,0.4221301065766877,0.39624993203974573,0.8087360843031886,-0.34921514788478913,-0.2,0.02387049580131443,0.5111111111111111,0.6920456654478331,0.09428090415820634,0.5111111111111111,0.4666666666666667,-0.2,0.7378647873726218,0.5555555555555556,0.6,0.6888888888888889,0.6444444444444445,0.044946657497549475,0.1297498240269205,0.6888888888888889,0.4222222222222222,0.6,0.044946657497549475,0.4222222222222222,0.5555555555555556,0.37777777777777777,0.5555555555555556,0.6592611948214577,0.4944132324730442,0.7217113056285641,0.4836508334066745,0.3689323936863109,0.8222222222222222,2.0,4.0,7.0,6.0,3.0,8.0,1.0,9.0,5.0,10.0,dirichlet
80,0.05,0.3,0.05,0.15,0.05,0.05,0.15,0.2,0.0,,0.4186263584018925,-0.34921514788478913,0.2078866249920214,0.9186919863213957,1.6067859475660486,0.42506341556365745,0.42506341556365745,0.39918324102671554,0.8087360843031886,-0.34921514788478913,-0.15555555555555556,0.02387049580131443,0.5555555555555556,0.6920456654478331,0.09428090415820634,0.6,0.4666666666666667,-0.15555555555555556,0.7378647873726218,0.5555555555555556,0.6,0.5111111111111111,0.6,0.044946657497549475,0.1297498240269205,0.6444444444444445,0.4222222222222222,0.6,0.044946657497549475,0.4222222222222222,0.6,0.37777777777777777,0.5111111111111111,0.6592611948214577,0.4944132324730442,0.7217113056285641,0.4836508334066745,0.3689323936863109,0.8666666666666667,2.0,4.0,7.0,6.0,3.0,8.0,1.0,9.0,5.0,10.0,lhs
81,0.25,0.1,0.15,0.1,0.0,0.15,0.15,0.0,0.1,,0.4183627181891284,-0.395777167602761,0.20649129919887885,0.9187108026276811,1.5919197948352024,0.4209534753634242,0.43130382582005944,0.3976836237960181,0.8087360843031886,-0.395777167602761,-0.06666666666666667,-0.02387049580131443,0.5555555555555556,0.6366820122120065,0.04714045207910317,0.5555555555555556,0.5111111111111111,-0.24444444444444444,0.7378647873726218,0.5111111111111111,0.6444444444444445,0.6,0.5555555555555556,0.08989331499509895,0.1816497536376887,0.6444444444444445,0.4666666666666667,0.6444444444444445,0.0,0.4666666666666667,0.6,0.4222222222222222,0.4222222222222222,0.6137949055234261,0.5393598899705937,0.7217113056285641,0.5320159167473419,0.3689323936863109,0.8222222222222222,2.0,4.0,8.0,6.0,3.0,7.0,1.0,9.0,5.0,10.0,lhs
82,0.2,0.25,0.2,0.15,0.05,0.15,0.0,0.0,0.0,,0.41836149515681836,-0.34921514788478913,0.2165807552673335,0.9312538971335832,1.5523982237253633,0.42479084486637125,0.4338888727468837,0.40623420835707946,0.8087360843031886,-0.34921514788478913,-0.15555555555555556,0.02387049580131443,0.5111111111111111,0.6920456654478331,0.09428090415820634,0.4666666666666667,0.5111111111111111,-0.15555555555555556,0.7378647873726218,0.5555555555555556,0.6,0.6,0.6444444444444445,0.044946657497549475,0.1297498240269205,0.6888888888888889,0.4222222222222222,0.5843065474681431,0.044946657497549475,0.4319297483312999,0.5555555555555556,0.37777777777777777,0.5555555555555556,0.6285872661926204,0.522862326927363,0.7217113056285641,0.4836508334066745,0.3689323936863109,0.8222222222222222,2.0,4.0,7.0,6.0,3.0,8.0,1.0,9.0,5.0,10.0,dirichlet
83,0.2,0.2,0.05,0.05,0.05,0.15,0.05,0.15,0.1,,0.41820538140693714,-0.395777167602761,0.20669996969942095,0.9229187595353453,1.5746431261328238,0.423629723807385,0.43137206516913545,0.3977495492704431,0.8087360843031886,-0.395777167602761,-0.15555555555555556,0.02387049580131443,0.5555555555555556,0.6920456654478331,0.04714045207910317,0.4666666666666667,0.5111111111111111,-0.1111111111111111,0.7378647873726218,0.6,0.5555555555555556,0.6888888888888889,0.6444444444444445,0.08989331499509895,0.0778498944161523,0.7333333333333333,0.37777777777777777,0.6444444444444445,0.0,0.37777777777777777,0.5111111111111111,0.3333333333333333,0.5555555555555556,0.7047274841194893,0.4944132324730442,0.768273325346536,0.435285750066007,0.3689323936863109,0.8222222222222222,1.0,4.0,7.0,6.0,3.0,8.0,2.0,9.0,5.0,10.0,uniform_lattice
84,0.4,0.0,0.1,0.1,0.1,0.05,0.05,0.2,0.0,,0.41820538140693714,-0.395777167602761,0.20819690429550886,0.917016795418827,1.5750833167430216,0.423629723807385,0.4343400890802854,0.4034843162955327,0.8087360843031886,-0.395777167602761,-0.15555555555555556,0.02387049580131443,0.5555555555555556,0.6920456654478331,0.04714045207910317,0.4666666666666667,0.5111111111111111,-0.1111111111111111,0.7378647873726218,0.6,0.5555555555555556,0.6888888888888889,0.6888888888888889,0.08989331499509895,0.0778498944161523,0.7333333333333333,0.37777777777777777,0.6444444444444445,0.0,0.37777777777777777,0.5555555555555556,0.3333333333333333,0.5111111111111111,0.7047274841194893,0.4944132324730442,0.768273325346536,0.435285750066007,0.3689323936863109,0.7777777777777778,1.0,4.0,7.0,6.0,3.0,8.0,2.0,9.0,5.0,10.0,lhs
85,0.25,0.05,0.1,0.2,0.05,0.2,0.1,0.05,0.0,,0.41820538140693714,-0.395777167602761,0.2075721069641719,0.9126677833560735,1.6084176655178042,0.423629723807385,0.4343400890802854,0.4034843162955327,0.8087360843031886,-0.395777167602761,-0.15555555555555556,0.02387049580131443,0.5555555555555556,0.6920456654478331,0.04714045207910317,0.5111111111111111,0.5111111111111111,-0.1111111111111111,0.7378647873726218,0.6,0.5555555555555556,0.5555555555555556,0.7333333333333333,0.08989331499509895,0.0778498944161523,0.7333333333333333,0.37777777777777777,0.6444444444444445,0.0,0.37777777777777777,0.5555555555555556,0.3333333333333333,0.5111111111111111,0.7047274841194893,0.4944132324730442,0.768273325346536,0.435285750066007,0.3689323936863109,0.8222222222222222,1.0,4.0,7.0,6.0,3.0,8.0,2.0,9.0,5.0,10.0,lhs
86,0.2,0.05,0.05,0.1,0.05,0.05,0.1,0.1,0.3,,0.4181891809858692,-0.395777167602761,0.20449286941600434,0.9125086949388469,1.6278088043536976,0.42361352338631714,0.42361352338631714,0.3977333488493752,0.8087360843031886,-0.395777167602761,-0.15555555555555556,0.02387049580131443,0.6,0.6920456654478331,0.04714045207910317,0.4666666666666667,0.5111111111111111,-0.1111111111111111,0.7378647873726218,0.6,0.5555555555555556,0.6444444444444445,0.6888888888888889,0.08989331499509895,0.0778498944161523,0.7333333333333333,0.37777777777777777,0.6444444444444445,0.0,0.37777777777777777,0.5555555555555556,0.3333333333333333,0.5111111111111111,0.7047274841194893,0.44946657497549475,0.768273325346536,0.435285750066007,0.3689323936863109,0.8222222222222222,1.0,4.0,7.0,6.0,3.0,8.0,2.0,9.0,5.0,10.0,dirichlet
87,0.15,0.05,0.15,0.0,0.25,0.1,0.05,0.2,0.05,,0.4181891809858692,-0.395777167602761,0.2065643315713437,0.9081552094081335,1.6405173360654344,0.4207461398737723,0.4283872722290468,0.3908285302807773,0.8087360843031886,-0.395777167602761,-0.2,0.02387049580131443,0.6444444444444445,0.6920456654478331,0.04714045207910317,0.4666666666666667,0.5111111111111111,-0.15555555555555556,0.7378647873726218,0.6,0.5555555555555556,0.6444444444444445,0.6888888888888889,0.08989331499509895,0.0778498944161523,0.7777777777777778,0.37777777777777777,0.6444444444444445,0.0,0.37777777777777777,0.5111111111111111,0.3333333333333333,0.6,0.7047274841194893,0.44946657497549475,0.768273325346536,0.435285750066007,0.3689323936863109,0.7777777777777778,1.0,4.0,7.0,6.0,3.0,8.0,2.0,9.0,5.0,10.0,dirichlet
88,0.0,0.2,0.05,0.1,0.45,0.1,0.05,0.05,0.0,,0.4181891809858692,-0.395777167602761,0.2009653015570783,0.907953367410705,1.698603602487676,0.4181891809858692,0.42275766627700434,0.3850937632556876,0.8087360843031886,-0.395777167602761,-0.15555555555555556,0.02387049580131443,0.6888888888888889,0.6920456654478331,0.04714045207910317,0.4222222222222222,0.4666666666666667,-0.2,0.7378647873726218,0.5555555555555556,0.5555555555555556,0.7333333333333333,0.6444444444444445,0.08989331499509895,0.0778498944161523,0.7777777777777778,0.3333333333333333,0.6444444444444445,0.0,0.37777777777777777,0.5555555555555556,0.3333333333333333,0.6444444444444445,0.7047274841194893,0.44946657497549475,0.768273325346536,0.435285750066007,0.3689323936863109,0.7777777777777778,1.0,4.0,7.0,6.0,3.0,8.0,2.0,9.0,5.0,10.0,uniform_lattice
89,0.05,0.1,0.05,0.0,0.05,0.0,0.05,0.55,0.15,,0.4181891809858692,-0.395777167602761,0.20461670295487572,0.9048852289235737,1.6541896237150064,0.42361352338631714,0.42361352338631714,0.3948659653368304,0.8087360843031886,-0.395777167602761,-0.15555555555555556,0.02387049580131443,0.6,0.6920456654478331,0.04714045207910317,0.4666666666666667,0.4666666666666667,-0.1111111111111111,0.7378647873726218,0.6,0.5555555555555556,0.6888888888888889,0.6888888888888889,0.08989331499509895,0.0778498944161523,0.6444444444444445,0.37777777777777777,0.6444444444444445,0.0,0.37777777777777777,0.5555555555555556,0.3333333333333333,0.6,0.7047274841194893,0.44946657497549475,0.768273325346536,0.435285750066007,0.3689323936863109,0.8222222222222222,1.0,4.0,7.0,6.0,3.0,8.0,2.0,9.0,5.0,10.0,uniform_lattice
90,0.3,0.05,0.05,0.1,0.05,0.15,0.15,0.05,0.1,,0.4180528768098166,-0.37670528747840887,0.20385732220157013,0.9110420404453621,1.6071288406991375,0.42074613987377235,0.43135529614019674,0.40060073236192,0.817874635209406,-0.37670528747840887,-0.13483997249264842,0.02414022747926338,0.5393598899705937,0.6998656386948179,0.07150969419341942,0.4944132324730442,0.4944132324730442,-0.13483997249264842,0.7462025072446364,0.5843065474681431,0.5843065474681431,0.5393598899705937,0.674199862463242,0.06818181818181818,0.1049727762162956,0.7191465199607916,0.40451991747794525,0.6292532049656926,0.022727272727272728,0.40451991747794525,0.5843065474681431,0.3595732599803958,0.4944132324730442,0.6897007348075542,0.45454545454545453,0.7534105749568177,0.4646601886422926,0.3731012536223182,0.8090398349558905,1.5,4.0,7.0,6.0,3.0,8.0,1.5,9.0,5.0,10.0,uniform_lattice
91,0.05,0.1,0.15,0.05,0.05,0.25,0.05,0.25,0.05,,0.4180528768098166,-0.37670528747840887,0.2053088712900204,0.9095933746323659,1.6276112358196495,0.42074613987377235,0.42074613987377235,0.39773334884937517,0.817874635209406,-0.37670528747840887,-0.1797866299901979,0.02414022747926338,0.5843065474681431,0.6998656386948179,0.07150969419341942,0.4944132324730442,0.4944132324730442,-0.1797866299901979,0.7462025072446364,0.5843065474681431,0.5843065474681431,0.5843065474681431,0.674199862463242,0.06818181818181818,0.1049727762162956,0.6292532049656926,0.40451991747794525,0.6292532049656926,0.022727272727272728,0.40451991747794525,0.5393598899705937,0.3595732599803958,0.6292532049656926,0.6897007348075542,0.45454545454545453,0.7534105749568177,0.4646601886422926,0.3731012536223182,0.8090398349558905,1.5,4.0,7.0,6.0,3.0,8.0,1.5,9.0,5.0,10.0,lhs
92,0.0,0.0,0.2,0.05,0.2,0.1,0.05,0.15,0.25,,0.41805287680981656,-0.37670528747840887,0.20258927562052528,0.8991060655509361,1.6957720056534331,0.41787875636122745,0.41787875636122745,0.39199858182428554,0.817874635209406,-0.37670528747840887,-0.1797866299901979,0.02414022747926338,0.5843065474681431,0.6998656386948179,0.07150969419341942,0.4944132324730442,0.44946657497549475,-0.22473328748774737,0.7462025072446364,0.5843065474681431,0.5843065474681431,0.674199862463242,0.674199862463242,0.06818181818181818,0.1049727762162956,0.674199862463242,0.40451991747794525,0.6292532049656926,0.022727272727272728,0.40451991747794525,0.5393598899705937,0.3595732599803958,0.6292532049656926,0.6897007348075542,0.45454545454545453,0.7534105749568177,0.4646601886422926,0.3731012536223182,0.764093177458341,1.5,4.0,7.0,6.0,3.0,8.0,1.5,9.0,5.0,10.0,lhs
93,0.1,0.2,0.1,0.0,0.05,0.2,0.0,0.05,0.3,,0.4178706974296663,-0.395777167602761,0.20848253968760028,0.9269287491485801,1.5871129026251483,0.4232453147767571,0.42951588722452433,0.3953257579725752,0.8087360843031886,-0.395777167602761,-0.15555555555555556,0.02387049580131443,0.5555555555555556,0.6920456654478331,0.04714045207910317,0.4666666666666667,0.5111111111111111,-0.15555555555555556,0.7378647873726218,0.6,0.5555555555555556,0.8222222222222222,0.6888888888888889,0.08989331499509895,0.0778498944161523,0.7777777777777778,0.3333333333333333,0.6,0.0,0.4319297483312999,0.5111111111111111,0.3333333333333333,0.5555555555555556,0.5683286162253945,0.4773960376293314,0.768273325346536,0.435285750066007,0.3689323936863109,0.8222222222222222,1.0,4.0,7.0,6.0,3.0,8.0,2.0,9.0,5.0,10.0,dirichlet
94,0.05,0.15,0.1,0.0,0.05,0.3,0.25,0.05,0.05,,0.41778625751703846,-0.42379344841321,0.20102111232969422,0.9140100643565119,1.6674388693501374,0.4164450646049552,0.42690326027347186,0.3991670406056476,0.817874635209406,-0.42379344841321,-0.08989331499509895,-0.02414022747926338,0.5393598899705937,0.6438763875992325,0.02383656473113981,0.44946657497549475,0.5393598899705937,-0.1797866299901979,0.7462025072446364,0.5393598899705937,0.6292532049656926,0.5843065474681431,0.5393598899705937,0.11363636363636363,0.1574591643244434,0.674199862463242,0.44946657497549475,0.674199862463242,-0.022727272727272728,0.44946657497549475,0.6292532049656926,0.40451991747794525,0.44946657497549475,0.643720685820384,0.5,0.7534105749568177,0.5135717874467445,0.3731012536223182,0.8539864924534399,1.5,4.0,8.0,6.0,3.0,7.0,1.5,9.0,5.0,10.0,lhs
95,0.1,0.1,0.05,0.05,0.05,0.1,0.3,0.1,0.15,,0.41778625751703846,-0.42379344841321,0.19962778992227917,0.9095903600086009,1.6827596492698433,0.4164450646049551,0.4269032602734719,0.39343227358055793,0.817874635209406,-0.42379344841321,-0.08989331499509895,-0.02414022747926338,0.5393598899705937,0.6438763875992325,0.02383656473113981,0.4944132324730442,0.5393598899705937,-0.1797866299901979,0.7462025072446364,0.5393598899705937,0.6292532049656926,0.5843065474681431,0.4944132324730442,0.11363636363636363,0.1574591643244434,0.674199862463242,0.44946657497549475,0.674199862463242,-0.022727272727272728,0.44946657497549475,0.5843065474681431,0.40451991747794525,0.44946657497549475,0.643720685820384,0.5,0.7534105749568177,0.5135717874467445,0.3731012536223182,0.8989331499509895,1.5,4.0,8.0,6.0,3.0,7.0,1.5,9.0,5.0,10.0,lhs
96,0.1,0.15,0.3,0.0,0.05,0.2,0.0,0.05,0.15,,0.41770336980981115,-0.395777167602761,0.20705617211272825,0.9246531843786063,1.5731326644931922,0.4201000512740435,0.4214523218153932,0.4011102500510219,0.8087360843031886,-0.395777167602761,-0.1111111111111111,-0.02387049580131443,0.5111111111111111,0.6366820122120065,0.04714045207910317,0.4666666666666667,0.5111111111111111,-0.24444444444444444,0.7378647873726218,0.5111111111111111,0.6444444444444445,0.6,0.6444444444444445,0.08989331499509895,0.1816497536376887,0.6444444444444445,0.4666666666666667,0.5843065474681431,0.0,0.4773960376293314,0.6,0.4222222222222222,0.5111111111111111,0.6137949055234261,0.5683286162253945,0.7217113056285641,0.5320159167473419,0.3689323936863109,0.8222222222222222,2.0,4.0,8.0,6.0,3.0,7.0,1.0,9.0,5.0,10.0,dirichlet
97,0.35,0.1,0.0,0.05,0.05,0.0,0.1,0.3,0.05,,0.41761052288824596,-0.395777167602761,0.20776476733841281,0.9197705427941761,1.5813378942276812,0.42450151978217876,0.43283482611504964,0.40247838578966666,0.8087360843031886,-0.395777167602761,-0.15555555555555556,0.02387049580131443,0.5555555555555556,0.6920456654478331,0.04714045207910317,0.4666666666666667,0.5111111111111111,-0.1111111111111111,0.7378647873726218,0.6,0.5555555555555556,0.6,0.6888888888888889,0.08989331499509895,0.0778498944161523,0.7333333333333333,0.37777777777777777,0.6444444444444445,0.0,0.37777777777777777,0.5555555555555556,0.3333333333333333,0.5111111111111111,0.730731314484506,0.4944132324730442,0.768273325346536,0.435285750066007,0.3689323936863109,0.8222222222222222,1.0,4.0,7.0,6.0,3.0,8.0,2.0,9.0,5.0,10.0,lhs
98,0.1,0.0,0.0,0.15,0.2,0.05,0.05,0.1,0.35,,0.417594322467178,-0.395777167602761,0.20512909983023156,0.9031670188869773,1.7210895821548824,0.4242209597829048,0.429148242502939,0.3805667965999283,0.8087360843031886,-0.395777167602761,-0.15555555555555556,0.02387049580131443,0.6,0.6920456654478331,0.04714045207910317,0.4666666666666667,0.4666666666666667,-0.2,0.7378647873726218,0.6,0.5111111111111111,0.6444444444444445,0.6888888888888889,0.08989331499509895,0.0778498944161523,0.7333333333333333,0.37777777777777777,0.6444444444444445,0.0,0.37777777777777777,0.5555555555555556,0.3333333333333333,0.6444444444444445,0.730731314484506,0.44946657497549475,0.768273325346536,0.435285750066007,0.3689323936863109,0.8222222222222222,1.0,4.0,7.0,6.0,3.0,8.0,2.0,9.0,5.0,10.0,lhs
99,0.55,0.05,0.15,0.05,0.0,0.0,0.0,0.05,0.15,,0.41743038249983777,-0.395777167602761,0.2114044660427753,0.9216629307988589,1.526185183637399,0.42304585996886973,0.4349877812798465,0.4054113253198391,0.8087360843031886,-0.395777167602761,-0.1111111111111111,0.02387049580131443,0.5555555555555556,0.6920456654478331,0.04714045207910317,0.4222222222222222,0.5111111111111111,-0.1111111111111111,0.7378647873726218,0.6,0.6,0.6888888888888889,0.7333333333333333,0.08989331499509895,0.0778498944161523,0.6888888888888889,0.37777777777777777,0.5843065474681431,0.0,0.4319297483312999,0.5555555555555556,0.3333333333333333,0.5111111111111111,0.6137949055234261,0.522862326927363,0.768273325346536,0.435285750066007,0.3689323936863109,0.7777777777777778,1.0,4.0,7.0,6.0,3.0,8.0,2.0,9.0,5.0,10.0,uniform_lattice
100,0.1,0.0,0.3,0.05,0.1,0.15,0.0,0.05,0.25,,0.4172159054453541,-0.44233918732073285,0.20601172566107853,0.9141325216277069,1.613823281649997,0.4172159054453541,0.42606635890079747,0.40159972813913075,0.8087360843031886,-0.44233918732073285,-0.1111111111111111,-0.02387049580131443,0.5555555555555556,0.6366820122120065,0.0,0.4222222222222222,0.5555555555555556,-0.2,0.7378647873726218,0.5555555555555556,0.6,0.6444444444444445,0.6888888888888889,0.13483997249264842,0.1297498240269205,0.7333333333333333,0.4222222222222222,0.674199862463242,-0.044946657497549475,0.4773960376293314,0.5555555555555556,0.37777777777777777,0.5111111111111111,0.5683286162253945,0.522862326927363,0.768273325346536,0.4836508334066745,0.3689323936863109,0.8222222222222222,1.0,4.0,8.0,6.0,3.0,7.0,2.0,9.0,5.0,10.0,lhs
101,0.2,0.1,0.2,0.05,0.1,0.15,0.05,0.0,0.15,,0.417208867066688,-0.34921514788478913,0.2079440900654203,0.9230634690417934,1.5822455165970635,0.4235799987540279,0.43132059484899815,0.40056720772963084,0.8087360843031886,-0.34921514788478913,-0.2,0.02387049580131443,0.5555555555555556,0.6920456654478331,0.09428090415820634,0.5111111111111111,0.4666666666666667,-0.2,0.7378647873726218,0.5555555555555556,0.6,0.5111111111111111,0.7333333333333333,0.044946657497549475,0.1297498240269205,0.7333333333333333,0.4222222222222222,0.6,0.044946657497549475,0.4222222222222222,0.5555555555555556,0.37777777777777777,0.5111111111111111,0.6592611948214577,0.5393598899705937,0.7217113056285641,0.4836508334066745,0.3689323936863109,0.7777777777777778,2.0,4.0,7.0,6.0,3.0,8.0,1.0,9.0,5.0,10.0,dirichlet
102,0.0,0.25,0.15,0.0,0.05,0.1,0.05,0.2,0.2,,0.41719266664562016,-0.34921514788478913,0.20881660860202705,0.9245100362830004,1.5974987446968099,0.42362972380738506,0.42362972380738506,0.4034843162955327,0.8087360843031886,-0.34921514788478913,-0.2,0.02387049580131443,0.5555555555555556,0.6920456654478331,0.09428090415820634,0.5111111111111111,0.4666666666666667,-0.2,0.7378647873726218,0.5555555555555556,0.6,0.5555555555555556,0.6888888888888889,0.044946657497549475,0.1297498240269205,0.6444444444444445,0.4222222222222222,0.6,0.044946657497549475,0.4222222222222222,0.6,0.37777777777777777,0.5555555555555556,0.6592611948214577,0.4944132324730442,0.7217113056285641,0.4836508334066745,0.3689323936863109,0.8222222222222222,2.0,4.0,7.0,6.0,3.0,8.0,1.0,9.0,5.0,10.0,uniform_lattice
103,0.15,0.1,0.0,0.05,0.0,0.05,0.35,0.05,0.25,,0.41717168310054725,-0.44233918732073285,0.20203734710688373,0.9138634654821038,1.6812697239409327,0.4201842440922936,0.429850033174961,0.3820004883562008,0.8087360843031886,-0.44233918732073285,-0.06666666666666667,-0.02387049580131443,0.5555555555555556,0.6366820122120065,0.0,0.4666666666666667,0.5555555555555556,-0.15555555555555556,0.7378647873726218,0.5555555555555556,0.6,0.6,0.5555555555555556,0.13483997249264842,0.1297498240269205,0.6888888888888889,0.4222222222222222,0.6888888888888889,-0.044946657497549475,0.4222222222222222,0.5555555555555556,0.37777777777777777,0.4666666666666667,0.680336051416609,0.4944132324730442,0.768273325346536,0.4836508334066745,0.3689323936863109,0.9111111111111111,1.0,4.0,8.0,6.0,3.0,7.0,2.0,9.0,5.0,10.0,lhs
104,0.3,0.25,0.1,0.0,0.05,0.0,0.2,0.05,0.05,,0.41694522685392393,-0.395777167602761,0.20596633300803519,0.9246705835444222,1.56754567970388,0.42246929301518954,0.4328728461536491,0.4020668249603282,0.8087360843031886,-0.395777167602761,-0.06666666666666667,-0.02387049580131443,0.5555555555555556,0.6366820122120065,0.04714045207910317,0.5111111111111111,0.5111111111111111,-0.24444444444444444,0.7378647873726218,0.5111111111111111,0.6444444444444445,0.5111111111111111,0.6,0.08989331499509895,0.1816497536376887,0.6444444444444445,0.4666666666666667,0.6444444444444445,0.0,0.4666666666666667,0.6,0.4222222222222222,0.4222222222222222,0.6137949055234261,0.5843065474681431,0.7217113056285641,0.5320159167473419,0.3689323936863109,0.8222222222222222,2.0,4.0,8.0,6.0,3.0,7.0,1.0,9.0,5.0,10.0,uniform_lattice
105,0.2,0.05,0.2,0.0,0.1,0.3,0.1,0.0,0.05,,0.416929026432856,-0.395777167602761,0.2061763771729679,0.9170874877039844,1.6070771956320804,0.4192627230641429,0.42981981386448453,0.3991173155522905,0.8087360843031886,-0.395777167602761,-0.15555555555555556,-0.02387049580131443,0.5111111111111111,0.6366820122120065,0.04714045207910317,0.4666666666666667,0.5111111111111111,-0.24444444444444444,0.7378647873726218,0.5111111111111111,0.6444444444444445,0.6,0.6888888888888889,0.08989331499509895,0.1816497536376887,0.6444444444444445,0.4666666666666667,0.6444444444444445,0.0,0.4666666666666667,0.6,0.4222222222222222,0.4666666666666667,0.6137949055234261,0.5393598899705937,0.7217113056285641,0.5320159167473419,0.3689323936863109,0.8222222222222222,2.0,4.0,8.0,6.0,3.0,7.0,1.0,9.0,5.0,10.0,lhs
106,0.1,0.2,0.2,0.15,0.05,0.1,0.1,0.05,0.05,,0.41692902643285595,-0.395777167602761,0.20898149959956888,0.9261363658304619,1.5959355186212218,0.417875815719748,0.4283358019089096,0.4019846990648353,0.8087360843031886,-0.395777167602761,-0.1111111111111111,-0.02387049580131443,0.5111111111111111,0.6366820122120065,0.04714045207910317,0.5111111111111111,0.5111111111111111,-0.2,0.7378647873726218,0.5111111111111111,0.6444444444444445,0.5555555555555556,0.6,0.08989331499509895,0.1816497536376887,0.6,0.4666666666666667,0.6444444444444445,0.0,0.4666666666666667,0.6,0.4222222222222222,0.4666666666666667,0.6137949055234261,0.5393598899705937,0.7217113056285641,0.5320159167473419,0.3689323936863109,0.8666666666666667,2.0,4.0,8.0,6.0,3.0,7.0,1.0,9.0,5.0,10.0,dirichlet
107,0.05,0.0,0.05,0.05,0.4,0.05,0.1,0.2,0.1,,0.4167554892295968,-0.395777167602761,0.20338859013217184,0.8931472261649621,1.7829880574935673,0.42217983163004463,0.42217983163004463,0.3905648900680132,0.8087360843031886,-0.395777167602761,-0.15555555555555556,0.02387049580131443,0.6444444444444445,0.6920456654478331,0.04714045207910317,0.4666666666666667,0.4666666666666667,-0.1111111111111111,0.7378647873726218,0.5111111111111111,0.5555555555555556,0.6,0.6444444444444445,0.08989331499509895,0.0778498944161523,0.7333333333333333,0.37777777777777777,0.6444444444444445,0.0,0.37777777777777777,0.5555555555555556,0.3333333333333333,0.6444444444444445,0.7047274841194893,0.44946657497549475,0.768273325346536,0.435285750066007,0.3689323936863109,0.8222222222222222,1.0,4.0,7.0,6.0,3.0,8.0,2.0,9.0,5.0,10.0,dirichlet
108,0.0,0.35,0.1,0.05,0.25,0.0,0.15,0.1,0.0,,0.4166989254426454,-0.37670528747840887,0.20267843368014565,0.9303958332293195,1.618473661332128,0.417941741194173,0.4164031741315527,0.38941103894557283,0.817874635209406,-0.37670528747840887,-0.1797866299901979,0.0,0.5843065474681431,0.6718710131470252,0.07150969419341942,0.4944132324730442,0.4944132324730442,-0.22473328748774737,0.7462025072446364,0.4944132324730442,0.6292532049656926,0.4944132324730442,0.5843065474681431,0.06818181818181818,0.1574591643244434,0.7191465199607916,0.44946657497549475,0.6292532049656926,0.022727272727272728,0.44946657497549475,0.6292532049656926,0.40451991747794525,0.4944132324730442,0.643720685820384,0.5227272727272727,0.7298664944894172,0.5135717874467445,0.3731012536223182,0.8090398349558905,2.0,4.0,7.5,6.0,3.0,7.5,1.0,9.0,5.0,10.0,uniform_lattice
109,0.1,0.1,0.05,0.1,0.0,0.05,0.05,0.25,0.3,,0.41660298463247625,-0.37670528747840887,0.2039575253891563,0.9094660671696564,1.6300979645854012,0.41931244811749996,0.41931244811749996,0.393432273580558,0.817874635209406,-0.37670528747840887,-0.22473328748774737,0.02414022747926338,0.5393598899705937,0.6998656386948179,0.07150969419341942,0.4944132324730442,0.4944132324730442,-0.13483997249264842,0.7462025072446364,0.5843065474681431,0.5843065474681431,0.5843065474681431,0.674199862463242,0.06818181818181818,0.1049727762162956,0.674199862463242,0.40451991747794525,0.6292532049656926,0.022727272727272728,0.40451991747794525,0.5393598899705937,0.3595732599803958,0.5843065474681431,0.6897007348075542,0.45454545454545453,0.7534105749568177,0.4646601886422926,0.3731012536223182,0.8090398349558905,1.5,4.0,7.0,6.0,3.0,8.0,1.5,9.0,5.0,10.0,uniform_lattice
110,0.05,0.1,0.1,0.15,0.15,0.0,0.1,0.05,0.3,,0.41660298463247625,-0.37670528747840887,0.20059512455447917,0.9080153112940663,1.6561152404828898,0.41931244811749996,0.41931244811749996,0.3905648900680132,0.817874635209406,-0.37670528747840887,-0.1797866299901979,0.02414022747926338,0.5843065474681431,0.6998656386948179,0.07150969419341942,0.4944132324730442,0.4944132324730442,-0.1797866299901979,0.7462025072446364,0.5843065474681431,0.5843065474681431,0.5393598899705937,0.674199862463242,0.06818181818181818,0.1049727762162956,0.7191465199607916,0.40451991747794525,0.6292532049656926,0.022727272727272728,0.40451991747794525,0.5393598899705937,0.3595732599803958,0.5393598899705937,0.6897007348075542,0.45454545454545453,0.7534105749568177,0.4646601886422926,0.3731012536223182,0.8090398349558905,1.5,4.0,7.0,6.0,3.0,8.0,1.5,9.0,5.0,10.0,dirichlet
111,0.1,0.05,0.1,0.1,0.15,0.05,0.1,0.3,0.05,,0.41660298463247625,-0.37670528747840887,0.20367585100256833,0.9051014498317803,1.6565181784201952,0.41931244811749996,0.41931244811749996,0.393432273580558,0.817874635209406,-0.37670528747840887,-0.22473328748774737,0.02414022747926338,0.5843065474681431,0.6998656386948179,0.07150969419341942,0.4944132324730442,0.4944132324730442,-0.13483997249264842,0.7462025072446364,0.5843065474681431,0.5843065474681431,0.5393598899705937,0.674199862463242,0.06818181818181818,0.1049727762162956,0.674199862463242,0.40451991747794525,0.6292532049656926,0.022727272727272728,0.40451991747794525,0.5393598899705937,0.3595732599803958,0.5843065474681431,0.6897007348075542,0.45454545454545453,0.7534105749568177,0.4646601886422926,0.3731012536223182,0.8090398349558905,1.5,4.0,7.0,6.0,3.0,8.0,1.5,9.0,5.0,10.0,lhs
112,0.05,0.05,0.1,0.0,0.1,0.05,0.1,0.1,0.45,,0.41660298463247625,-0.37670528747840887,0.20312250936903548,0.9050454298001738,1.6828882280315574,0.4193124481174999,0.4283872722290468,0.39629965709310283,0.817874635209406,-0.37670528747840887,-0.1797866299901979,0.02414022747926338,0.5843065474681431,0.6998656386948179,0.07150969419341942,0.4944132324730442,0.4944132324730442,-0.13483997249264842,0.7462025072446364,0.5843065474681431,0.5843065474681431,0.5393598899705937,0.7191465199607916,0.06818181818181818,0.1049727762162956,0.674199862463242,0.3595732599803958,0.6292532049656926,0.022727272727272728,0.40451991747794525,0.5393598899705937,0.3595732599803958,0.5843065474681431,0.6897007348075542,0.45454545454545453,0.7534105749568177,0.4646601886422926,0.3731012536223182,0.764093177458341,1.5,4.0,7.0,6.0,3.0,8.0,1.5,9.0,5.0,10.0,dirichlet
113,0.05,0.05,0.05,0.1,0.05,0.05,0.1,0.15,0.4,,0.41660298463247625,-0.37670528747840887,0.20165990121924518,0.9019860397148386,1.6818628853491144,0.41931244811749996,0.41931244811749996,0.3905648900680132,0.817874635209406,-0.37670528747840887,-0.1797866299901979,0.02414022747926338,0.5843065474681431,0.6998656386948179,0.07150969419341942,0.4944132324730442,0.44946657497549475,-0.13483997249264842,0.7462025072446364,0.5843065474681431,0.5843065474681431,0.5843065474681431,0.6292532049656926,0.06818181818181818,0.1049727762162956,0.674199862463242,0.40451991747794525,0.6292532049656926,0.022727272727272728,0.40451991747794525,0.5393598899705937,0.3595732599803958,0.5843065474681431,0.6897007348075542,0.45454545454545453,0.7534105749568177,0.4646601886422926,0.3731012536223182,0.8090398349558905,1.5,4.0,7.0,6.0,3.0,8.0,1.5,9.0,5.0,10.0,dirichlet
114,0.05,0.0,0.05,0.1,0.2,0.35,0.05,0.1,0.1,,0.41660298463247625,-0.37670528747840887,0.19970635408742413,0.8974793673787128,1.7301329969256616,0.42074613987377224,0.42074613987377224,0.3891311983117408,0.817874635209406,-0.37670528747840887,-0.1797866299901979,0.02414022747926338,0.5843065474681431,0.6998656386948179,0.07150969419341942,0.4944132324730442,0.44946657497549475,-0.22473328748774737,0.7462025072446364,0.5393598899705937,0.5393598899705937,0.674199862463242,0.674199862463242,0.06818181818181818,0.1049727762162956,0.674199862463242,0.40451991747794525,0.6292532049656926,0.022727272727272728,0.40451991747794525,0.5393598899705937,0.3595732599803958,0.6292532049656926,0.6897007348075542,0.45454545454545453,0.7534105749568177,0.4646601886422926,0.3731012536223182,0.8090398349558905,1.5,4.0,7.0,6.0,3.0,8.0,1.5,9.0,5.0,10.0,lhs
115,0.0,0.0,0.1,0.05,0.35,0.2,0.05,0.05,0.2,,0.4165696494231336,-0.37670528747840887,0.2004148268720325,0.8974812641709918,1.7731982173597989,0.41924652264307494,0.41924652264307494,0.38646152953753504,0.817874635209406,-0.37670528747840887,-0.1797866299901979,0.02414022747926338,0.674199862463242,0.6998656386948179,0.07150969419341942,0.4944132324730442,0.44946657497549475,-0.22473328748774737,0.7462025072446364,0.4944132324730442,0.5843065474681431,0.674199862463242,0.6292532049656926,0.06818181818181818,0.1049727762162956,0.7191465199607916,0.3595732599803958,0.6292532049656926,0.022727272727272728,0.40451991747794525,0.5393598899705937,0.3595732599803958,0.6292532049656926,0.643720685820384,0.45454545454545453,0.7534105749568177,0.4646601886422926,0.3731012536223182,0.8090398349558905,1.5,4.0,7.0,6.0,3.0,8.0,1.5,9.0,5.0,10.0,dirichlet
116,0.1,0.1,0.05,0.15,0.05,0.05,0.0,0.05,0.45,,0.41646996841060635,-0.395777167602761,0.20519586342296,0.9119347814959825,1.6312368746488068,0.4218445857576971,0.4218445857576971,0.3939250289535152,0.8087360843031886,-0.395777167602761,-0.15555555555555556,0.02387049580131443,0.5555555555555556,0.6920456654478331,0.04714045207910317,0.4666666666666667,0.5111111111111111,-0.15555555555555556,0.7378647873726218,0.6,0.5555555555555556,0.7333333333333333,0.6888888888888889,0.08989331499509895,0.0778498944161523,0.6888888888888889,0.37777777777777777,0.6,0.0,0.4319297483312999,0.5111111111111111,0.3333333333333333,0.6,0.6592611948214577,0.4319297483312999,0.768273325346536,0.435285750066007,0.3689323936863109,0.8222222222222222,1.0,4.0,7.0,6.0,3.0,8.0,2.0,9.0,5.0,10.0,uniform_lattice
117,0.2,0.1,0.05,0.0,0.05,0.0,0.35,0.05,0.2,,0.41633636533969814,-0.42379344841321,0.1994566284648848,0.9111124033152939,1.6638425567029675,0.4152684333916917,0.42690326027347186,0.3817317262596611,0.817874635209406,-0.42379344841321,-0.044946657497549475,-0.02414022747926338,0.5393598899705937,0.6438763875992325,0.02383656473113981,0.4944132324730442,0.5393598899705937,-0.1797866299901979,0.7462025072446364,0.5393598899705937,0.6292532049656926,0.5843065474681431,0.44946657497549475,0.11363636363636363,0.1574591643244434,0.674199862463242,0.44946657497549475,0.674199862463242,-0.022727272727272728,0.44946657497549475,0.5843065474681431,0.40451991747794525,0.44946657497549475,0.643720685820384,0.5,0.7534105749568177,0.5135717874467445,0.3731012536223182,0.8539864924534399,1.5,4.0,8.0,6.0,3.0,7.0,1.5,9.0,5.0,10.0,lhs
118,0.15,0.1,0.05,0.05,0.0,0.1,0.35,0.2,0.0,,0.41633636533969814,-0.42379344841321,0.19849835219031461,0.9080883593725374,1.6715186122371137,0.4150113728486827,0.42541924831789696,0.39199858182428554,0.817874635209406,-0.42379344841321,-0.08989331499509895,-0.02414022747926338,0.5393598899705937,0.6438763875992325,0.02383656473113981,0.4944132324730442,0.5393598899705937,-0.1797866299901979,0.7462025072446364,0.5393598899705937,0.6292532049656926,0.5843065474681431,0.44946657497549475,0.11363636363636363,0.1574591643244434,0.674199862463242,0.44946657497549475,0.674199862463242,-0.022727272727272728,0.44946657497549475,0.5843065474681431,0.40451991747794525,0.44946657497549475,0.643720685820384,0.5,0.7534105749568177,0.5135717874467445,0.3731012536223182,0.8989331499509895,1.5,4.0,8.0,6.0,3.0,7.0,1.5,9.0,5.0,10.0,lhs
119,0.05,0.05,0.1,0.0,0.0,0.25,0.35,0.15,0.05,,0.41633636533969814,-0.42379344841321,0.1978683698545461,0.9080703706920487,1.719909619112969,0.4150113728486827,0.42541924831789696,0.39199858182428554,0.817874635209406,-0.42379344841321,-0.08989331499509895,-0.02414022747926338,0.5393598899705937,0.6438763875992325,0.02383656473113981,0.4944132324730442,0.5393598899705937,-0.1797866299901979,0.7462025072446364,0.4944132324730442,0.6292532049656926,0.5843065474681431,0.44946657497549475,0.11363636363636363,0.1574591643244434,0.674199862463242,0.44946657497549475,0.674199862463242,-0.022727272727272728,0.44946657497549475,0.6292532049656926,0.40451991747794525,0.44946657497549475,0.643720685820384,0.5,0.7534105749568177,0.5135717874467445,0.3731012536223182,0.8989331499509895,1.5,4.0,8.0,6.0,3.0,7.0,1.5,9.0,5.0,10.0,lhs
120,0.3,0.05,0.0,0.0,0.05,0.0,0.1,0.35,0.15,,0.41617683113197357,-0.395777167602761,0.20738269852595714,0.9183038883006912,1.6106014455793896,0.42306782802590637,0.4313508141594747,0.3877514558023582,0.8087360843031886,-0.395777167602761,-0.15555555555555556,0.02387049580131443,0.5555555555555556,0.6920456654478331,0.04714045207910317,0.4666666666666667,0.5111111111111111,-0.1111111111111111,0.7378647873726218,0.6,0.5555555555555556,0.5555555555555556,0.6888888888888889,0.08989331499509895,0.0778498944161523,0.7333333333333333,0.37777777777777777,0.6444444444444445,0.0,0.37777777777777777,0.5555555555555556,0.3333333333333333,0.5111111111111111,0.730731314484506,0.4944132324730442,0.768273325346536,0.435285750066007,0.3689323936863109,0.8222222222222222,1.0,4.0,7.0,6.0,3.0,8.0,2.0,9.0,5.0,10.0,uniform_lattice
121,0.2,0.05,0.0,0.2,0.05,0.1,0.25,0.1,0.05,,0.4161606307109056,-0.395777167602761,0.2026243001845457,0.909461118596283,1.6661073009769187,0.4230516276048384,0.43133404513053597,0.3820004883562008,0.8087360843031886,-0.395777167602761,-0.1111111111111111,0.02387049580131443,0.6,0.6920456654478331,0.04714045207910317,0.5555555555555556,0.5111111111111111,-0.1111111111111111,0.7378647873726218,0.6,0.5555555555555556,0.5111111111111111,0.6,0.08989331499509895,0.0778498944161523,0.7333333333333333,0.37777777777777777,0.6444444444444445,0.0,0.37777777777777777,0.5111111111111111,0.3333333333333333,0.5111111111111111,0.730731314484506,0.44946657497549475,0.768273325346536,0.435285750066007,0.3689323936863109,0.8666666666666667,1.0,4.0,7.0,6.0,3.0,8.0,2.0,9.0,5.0,10.0,dirichlet
122,0.2,0.05,0.0,0.15,0.05,0.4,0.05,0.0,0.1,,0.4161606307109056,-0.395777167602761,0.20754160655770135,0.9077781346617331,1.6424612120059443,0.42278726802663236,0.4276983503255988,0.3848678718687455,0.8087360843031886,-0.395777167602761,-0.2,0.02387049580131443,0.5555555555555556,0.6920456654478331,0.04714045207910317,0.5111111111111111,0.4666666666666667,-0.06666666666666667,0.7378647873726218,0.6,0.5111111111111111,0.6444444444444445,0.6888888888888889,0.08989331499509895,0.0778498944161523,0.6888888888888889,0.37777777777777777,0.6444444444444445,0.0,0.37777777777777777,0.5111111111111111,0.3333333333333333,0.6,0.730731314484506,0.44946657497549475,0.768273325346536,0.435285750066007,0.3689323936863109,0.8222222222222222,1.0,4.0,7.0,6.0,3.0,8.0,2.0,9.0,5.0,10.0,dirichlet
123,0.1,0.0,0.0,0.05,0.0,0.1,0.1,0.1,0.55,,0.4161606307109056,-0.395777167602761,0.2045793658210094,0.9017357858180605,1.70399446190588,0.4230516276048384,0.4230516276048384,0.3848678718687455,0.8087360843031886,-0.395777167602761,-0.15555555555555556,0.02387049580131443,0.6,0.6920456654478331,0.04714045207910317,0.4666666666666667,0.4666666666666667,-0.15555555555555556,0.7378647873726218,0.6,0.5555555555555556,0.5555555555555556,0.6888888888888889,0.08989331499509895,0.0778498944161523,0.6888888888888889,0.37777777777777777,0.6444444444444445,0.0,0.37777777777777777,0.5555555555555556,0.3333333333333333,0.6444444444444445,0.730731314484506,0.44946657497549475,0.768273325346536,0.435285750066007,0.3689323936863109,0.8222222222222222,1.0,4.0,7.0,6.0,3.0,8.0,2.0,9.0,5.0,10.0,uniform_lattice
124,0.1,0.0,0.0,0.0,0.25,0.1,0.1,0.45,0.0,,0.4161606307109056,-0.395777167602761,0.20452155896566862,0.9002151260735732,1.7484040831529082,0.4230516276048384,0.4230516276048384,0.38672420299164884,0.8087360843031886,-0.395777167602761,-0.15555555555555556,0.02387049580131443,0.6,0.6920456654478331,0.04714045207910317,0.4666666666666667,0.4666666666666667,-0.1111111111111111,0.7378647873726218,0.5555555555555556,0.5111111111111111,0.6444444444444445,0.6444444444444445,0.08989331499509895,0.0778498944161523,0.6888888888888889,0.37777777777777777,0.6444444444444445,0.0,0.37777777777777777,0.5555555555555556,0.3333333333333333,0.6444444444444445,0.730731314484506,0.44946657497549475,0.768273325346536,0.435285750066007,0.3689323936863109,0.8222222222222222,1.0,4.0,7.0,6.0,3.0,8.0,2.0,9.0,5.0,10.0,uniform_lattice
125,0.15,0.15,0.05,0.25,0.05,0.0,0.05,0.15,0.15,,0.41575897488934777,-0.34921514788478913,0.20684992881656283,0.9185835644882935,1.6111190649665326,0.42506341556365745,0.42506341556365745,0.3963158575141707,0.8087360843031886,-0.34921514788478913,-0.2,0.02387049580131443,0.5111111111111111,0.6920456654478331,0.09428090415820634,0.5555555555555556,0.4666666666666667,-0.15555555555555556,0.7378647873726218,0.5555555555555556,0.6,0.6444444444444445,0.6444444444444445,0.044946657497549475,0.1297498240269205,0.6444444444444445,0.4222222222222222,0.6,0.044946657497549475,0.4222222222222222,0.5555555555555556,0.37777777777777777,0.4666666666666667,0.6592611948214577,0.4944132324730442,0.7217113056285641,0.4836508334066745,0.3689323936863109,0.8222222222222222,2.0,4.0,7.0,6.0,3.0,8.0,1.0,9.0,5.0,10.0,dirichlet
126,0.05,0.25,0.05,0.05,0.2,0.05,0.05,0.0,0.3,,0.4157427744682798,-0.34921514788478913,0.2011829856016094,0.9183172388910392,1.6209093625981992,0.41924652264307494,0.41924652264307494,0.3818968140559537,0.8087360843031886,-0.34921514788478913,-0.2,0.02387049580131443,0.6,0.6920456654478331,0.09428090415820634,0.5111111111111111,0.4666666666666667,-0.28888888888888886,0.7378647873726218,0.5555555555555556,0.6,0.7777777777777778,0.6,0.044946657497549475,0.1297498240269205,0.6888888888888889,0.37777777777777777,0.6,0.044946657497549475,0.4222222222222222,0.5555555555555556,0.37777777777777777,0.5555555555555556,0.6592611948214577,0.44946657497549475,0.7217113056285641,0.4836508334066745,0.3689323936863109,0.7777777777777778,2.0,4.0,7.0,6.0,3.0,8.0,1.0,9.0,5.0,10.0,dirichlet
127,0.05,0.1,0.15,0.1,0.25,0.15,0.05,0.1,0.05,,0.4157427744682798,-0.34921514788478913,0.20682259217494564,0.9050466561645178,1.6509888268451935,0.42504721514258953,0.42504721514258953,0.3934322735805579,0.8087360843031886,-0.34921514788478913,-0.2,0.02387049580131443,0.6,0.6920456654478331,0.09428090415820634,0.5111111111111111,0.4666666666666667,-0.24444444444444444,0.7378647873726218,0.5555555555555556,0.6,0.6,0.6444444444444445,0.044946657497549475,0.1297498240269205,0.6888888888888889,0.4222222222222222,0.6,0.044946657497549475,0.4222222222222222,0.5555555555555556,0.37777777777777777,0.6,0.6592611948214577,0.44946657497549475,0.7217113056285641,0.4836508334066745,0.3689323936863109,0.7777777777777778,2.0,4.0,7.0,6.0,3.0,8.0,1.0,9.0,5.0,10.0,uniform_lattice
128,0.1,0.05,0.1,0.2,0.3,0.0,0.05,0.1,0.1,,0.41574277446827973,-0.34921514788478913,0.20563280008139906,0.906477964515424,1.6657173547916495,0.42504721514258953,0.42504721514258953,0.3905648900680131,0.8087360843031886,-0.34921514788478913,-0.2,0.02387049580131443,0.6,0.6920456654478331,0.09428090415820634,0.5111111111111111,0.4666666666666667,-0.24444444444444444,0.7378647873726218,0.5555555555555556,0.6,0.6444444444444445,0.6,0.044946657497549475,0.1297498240269205,0.6888888888888889,0.4222222222222222,0.6,0.044946657497549475,0.4222222222222222,0.5555555555555556,0.37777777777777777,0.6,0.6592611948214577,0.44946657497549475,0.7217113056285641,0.4836508334066745,0.3689323936863109,0.7777777777777778,2.0,4.0,7.0,6.0,3.0,8.0,1.0,9.0,5.0,10.0,uniform_lattice
129,0.15,0.05,0.2,0.1,0.1,0.05,0.1,0.05,0.2,,0.4154953346765836,-0.395777167602761,0.20563919276432055,0.9170874877039844,1.6174704193180438,0.4178290313078705,0.4283358019089096,0.3976836237960181,0.8087360843031886,-0.395777167602761,-0.15555555555555556,-0.02387049580131443,0.5111111111111111,0.6366820122120065,0.04714045207910317,0.4666666666666667,0.5111111111111111,-0.24444444444444444,0.7378647873726218,0.5111111111111111,0.6444444444444445,0.6,0.6888888888888889,0.08989331499509895,0.1816497536376887,0.6444444444444445,0.4666666666666667,0.6444444444444445,0.0,0.4666666666666667,0.6,0.4222222222222222,0.4222222222222222,0.6137949055234261,0.5393598899705937,0.7217113056285641,0.5320159167473419,0.3689323936863109,0.8222222222222222,2.0,4.0,8.0,6.0,3.0,7.0,1.0,9.0,5.0,10.0,uniform_lattice
130,0.2,0.0,0.25,0.25,0.05,0.05,0.15,0.05,0.0,,0.4154953346765836,-0.395777167602761,0.20514243384530803,0.9143090869602587,1.6343729170653838,0.41521870833833463,0.42685178995333456,0.4005510073085629,0.8087360843031886,-0.395777167602761,-0.1111111111111111,-0.02387049580131443,0.5111111111111111,0.6366820122120065,0.04714045207910317,0.5111111111111111,0.5111111111111111,-0.24444444444444444,0.7378647873726218,0.5111111111111111,0.6444444444444445,0.5555555555555556,0.5555555555555556,0.08989331499509895,0.1816497536376887,0.6444444444444445,0.4666666666666667,0.6444444444444445,0.0,0.4666666666666667,0.6444444444444445,0.4222222222222222,0.4222222222222222,0.6137949055234261,0.5393598899705937,0.7217113056285641,0.5320159167473419,0.3689323936863109,0.8666666666666667,2.0,4.0,8.0,6.0,3.0,7.0,1.0,9.0,5.0,10.0,dirichlet
131,0.05,0.05,0.35,0.25,0.05,0.1,0.1,0.05,0.0,,0.4154953346765836,-0.395777167602761,0.2031940531776658,0.9114291127963563,1.643902240777655,0.4164421239634757,0.4177863958902079,0.39481624028347334,0.8087360843031886,-0.395777167602761,-0.1111111111111111,-0.02387049580131443,0.4222222222222222,0.6366820122120065,0.04714045207910317,0.5111111111111111,0.5555555555555556,-0.24444444444444444,0.7378647873726218,0.5111111111111111,0.6444444444444445,0.6,0.5555555555555556,0.08989331499509895,0.1816497536376887,0.6444444444444445,0.4666666666666667,0.6444444444444445,0.0,0.4666666666666667,0.6,0.4222222222222222,0.4666666666666667,0.6137949055234261,0.5393598899705937,0.7217113056285641,0.5320159167473419,0.3689323936863109,0.8666666666666667,2.0,4.0,8.0,6.0,3.0,7.0,1.0,9.0,5.0,10.0,dirichlet
132,0.1,0.1,0.2,0.2,0.05,0.05,0.2,0.05,0.05,,0.41547913425551575,-0.395777167602761,0.2055085418943217,0.9156352368629513,1.64326930095094,0.4178128308868026,0.4283190328799709,0.40053480688749504,0.8087360843031886,-0.395777167602761,-0.06666666666666667,-0.02387049580131443,0.5111111111111111,0.6366820122120065,0.04714045207910317,0.5555555555555556,0.5111111111111111,-0.24444444444444444,0.7378647873726218,0.5111111111111111,0.6444444444444445,0.5555555555555556,0.5555555555555556,0.08989331499509895,0.1816497536376887,0.6,0.4666666666666667,0.6444444444444445,0.0,0.4666666666666667,0.6,0.4222222222222222,0.4222222222222222,0.6137949055234261,0.4944132324730442,0.7217113056285641,0.5320159167473419,0.3689323936863109,0.9111111111111111,2.0,4.0,8.0,6.0,3.0,7.0,1.0,9.0,5.0,10.0,lhs
133,0.1,0.2,0.1,0.0,0.15,0.1,0.0,0.0,0.35,,0.4153768318195643,-0.395777167602761,0.2061342929727068,0.923054078309359,1.59938116468201,0.4207161030240763,0.4207161030240763,0.38268673054522134,0.8087360843031886,-0.395777167602761,-0.2,0.02387049580131443,0.6,0.6920456654478331,0.04714045207910317,0.4666666666666667,0.5111111111111111,-0.15555555555555556,0.7378647873726218,0.6,0.5555555555555556,0.8222222222222222,0.6888888888888889,0.08989331499509895,0.0778498944161523,0.7777777777777778,0.3333333333333333,0.6,0.0,0.4319297483312999,0.5111111111111111,0.3333333333333333,0.5555555555555556,0.5354632267566767,0.4773960376293314,0.768273325346536,0.435285750066007,0.3689323936863109,0.7777777777777778,1.0,4.0,7.0,6.0,3.0,8.0,2.0,9.0,5.0,10.0,uniform_lattice
134,0.15,0.1,0.15,0.05,0.05,0.3,0.05,0.15,0.0,,0.41533799789439235,-0.395777167602761,0.20600417248395064,0.9185727260239034,1.5978422226506723,0.4207623402948402,0.42988805321356044,0.4006169327829879,0.8087360843031886,-0.395777167602761,-0.15555555555555556,0.02387049580131443,0.6,0.6920456654478331,0.04714045207910317,0.4666666666666667,0.5111111111111111,-0.15555555555555556,0.7378647873726218,0.6,0.5555555555555556,0.6,0.6888888888888889,0.08989331499509895,0.0778498944161523,0.6888888888888889,0.37777777777777777,0.6444444444444445,0.0,0.37777777777777777,0.5111111111111111,0.3333333333333333,0.5555555555555556,0.7047274841194893,0.4944132324730442,0.768273325346536,0.435285750066007,0.3689323936863109,0.8222222222222222,1.0,4.0,7.0,6.0,3.0,8.0,2.0,9.0,5.0,10.0,dirichlet
135,0.15,0.1,0.1,0.05,0.05,0.25,0.1,0.15,0.05,,0.41532179747332443,-0.395777167602761,0.20358900796261195,0.9140633991795792,1.6158891490793033,0.42074613987377235,0.4298712841846218,0.39773334884937517,0.8087360843031886,-0.395777167602761,-0.15555555555555556,0.02387049580131443,0.6,0.6920456654478331,0.04714045207910317,0.4666666666666667,0.5111111111111111,-0.1111111111111111,0.7378647873726218,0.6,0.5555555555555556,0.5555555555555556,0.6888888888888889,0.08989331499509895,0.0778498944161523,0.7333333333333333,0.37777777777777777,0.6444444444444445,0.0,0.37777777777777777,0.5111111111111111,0.3333333333333333,0.5555555555555556,0.7047274841194893,0.44946657497549475,0.768273325346536,0.435285750066007,0.3689323936863109,0.8222222222222222,1.0,4.0,7.0,6.0,3.0,8.0,2.0,9.0,5.0,10.0,lhs
136,0.15,0.1,0.1,0.0,0.05,0.1,0.1,0.25,0.15,,0.41532179747332443,-0.395777167602761,0.20336678582069057,0.9125613985435157,1.6155497969096235,0.42074613987377235,0.4298712841846218,0.3977333488493752,0.8087360843031886,-0.395777167602761,-0.15555555555555556,0.02387049580131443,0.6,0.6920456654478331,0.04714045207910317,0.4666666666666667,0.5111111111111111,-0.1111111111111111,0.7378647873726218,0.6,0.5555555555555556,0.5555555555555556,0.7333333333333333,0.08989331499509895,0.0778498944161523,0.7333333333333333,0.37777777777777777,0.6444444444444445,0.0,0.37777777777777777,0.5111111111111111,0.3333333333333333,0.5111111111111111,0.7047274841194893,0.44946657497549475,0.768273325346536,0.435285750066007,0.3689323936863109,0.8222222222222222,1.0,4.0,7.0,6.0,3.0,8.0,2.0,9.0,5.0,10.0,lhs
137,0.1,0.05,0.0,0.0,0.2,0.15,0.0,0.05,0.45,,0.4152422711759308,-0.395777167602761,0.20399929247799237,0.907527170819309,1.714940383412719,0.42183538385936853,0.42673571006362326,0.38391179847390977,0.8087360843031886,-0.395777167602761,-0.15555555555555556,0.02387049580131443,0.6,0.6920456654478331,0.04714045207910317,0.4666666666666667,0.4666666666666667,-0.1111111111111111,0.7378647873726218,0.6,0.5555555555555556,0.6,0.674199862463242,0.08989331499509895,0.0778498944161523,0.7333333333333333,0.3333333333333333,0.6,0.0,0.4319297483312999,0.5111111111111111,0.3333333333333333,0.6444444444444445,0.680336051416609,0.4319297483312999,0.768273325346536,0.435285750066007,0.3689323936863109,0.8222222222222222,1.0,4.0,7.0,6.0,3.0,8.0,2.0,9.0,5.0,10.0,uniform_lattice
138,0.05,0.0,0.05,0.25,0.1,0.15,0.05,0.25,0.1,,0.4151530924551359,-0.37670528747840887,0.19925847770384,0.8945436749863768,1.6997862643471284,0.41931244811749985,0.41931244811749985,0.3876975065554684,0.817874635209406,-0.37670528747840887,-0.1797866299901979,0.02414022747926338,0.5843065474681431,0.6998656386948179,0.07150969419341942,0.5393598899705937,0.44946657497549475,-0.26967994498529685,0.7462025072446364,0.5393598899705937,0.5393598899705937,0.674199862463242,0.674199862463242,0.06818181818181818,0.1049727762162956,0.674199862463242,0.40451991747794525,0.6292532049656926,0.022727272727272728,0.40451991747794525,0.5393598899705937,0.3595732599803958,0.5843065474681431,0.6897007348075542,0.45454545454545453,0.7534105749568177,0.4646601886422926,0.3731012536223182,0.8090398349558905,1.5,4.0,7.0,6.0,3.0,8.0,1.5,9.0,5.0,10.0,lhs
139,0.1,0.0,0.05,0.15,0.0,0.1,0.5,0.05,0.05,,0.41502519452334785,-0.44233918732073285,0.19527024049160477,0.8976813113830692,1.7619787385921044,0.41380177889820685,0.425385128643359,0.3933993108433455,0.8087360843031886,-0.44233918732073285,-0.06666666666666667,-0.02387049580131443,0.5555555555555556,0.6366820122120065,0.0,0.5111111111111111,0.5555555555555556,-0.15555555555555556,0.7378647873726218,0.4666666666666667,0.6,0.6,0.4222222222222222,0.13483997249264842,0.1297498240269205,0.7777777777777778,0.4666666666666667,0.6888888888888889,-0.044946657497549475,0.4222222222222222,0.6444444444444445,0.3333333333333333,0.4666666666666667,0.6137949055234261,0.4944132324730442,0.768273325346536,0.4836508334066745,0.3689323936863109,0.9111111111111111,1.0,4.0,8.0,6.0,3.0,7.0,2.0,9.0,5.0,10.0,dirichlet
140,0.05,0.2,0.25,0.2,0.25,0.0,0.0,0.05,0.0,,0.4150169387194609,-0.34921514788478913,0.20481484921771406,0.9215377820679547,1.595404030792192,0.41741362018369316,0.41741362018369316,0.38532287841588087,0.8087360843031886,-0.34921514788478913,-0.2,0.02387049580131443,0.6444444444444445,0.6920456654478331,0.09428090415820634,0.4666666666666667,0.4666666666666667,-0.2,0.7378647873726218,0.5111111111111111,0.6,0.6,0.6444444444444445,0.044946657497549475,0.1297498240269205,0.6888888888888889,0.4222222222222222,0.5843065474681431,0.044946657497549475,0.4319297483312999,0.5555555555555556,0.37777777777777777,0.5555555555555556,0.6592611948214577,0.4773960376293314,0.7217113056285641,0.4836508334066745,0.3689323936863109,0.7777777777777778,2.0,4.0,7.0,6.0,3.0,8.0,1.0,9.0,5.0,10.0,uniform_lattice
141,0.1,0.0,0.0,0.05,0.4,0.35,0.0,0.0,0.1,,0.41498826334820593,-0.395777167602761,0.20281743294106658,0.8968404419954862,1.7840324698730403,0.4188118446552625,0.42362033482648315,0.3774827902792739,0.8087360843031886,-0.395777167602761,-0.15555555555555556,0.02387049580131443,0.7333333333333333,0.6920456654478331,0.04714045207910317,0.5111111111111111,0.4666666666666667,-0.15555555555555556,0.7378647873726218,0.5111111111111111,0.5111111111111111,0.5555555555555556,0.674199862463242,0.08989331499509895,0.0778498944161523,0.7333333333333333,0.3333333333333333,0.6292532049656926,0.0,0.4319297483312999,0.5555555555555556,0.37777777777777777,0.6444444444444445,0.598764159346999,0.4319297483312999,0.768273325346536,0.435285750066007,0.3689323936863109,0.8222222222222222,1.0,4.0,7.0,6.0,3.0,8.0,2.0,9.0,5.0,10.0,lhs
142,0.15,0.1,0.0,0.2,0.05,0.2,0.0,0.05,0.25,,0.41475223119274524,-0.395777167602761,0.20461046776141512,0.9109551042037398,1.634100521776234,0.42131294303404715,0.4262155575059999,0.38063940443466737,0.8087360843031886,-0.395777167602761,-0.2,0.02387049580131443,0.5555555555555556,0.6920456654478331,0.04714045207910317,0.5111111111111111,0.5111111111111111,-0.2,0.7378647873726218,0.6,0.5111111111111111,0.6888888888888889,0.674199862463242,0.08989331499509895,0.0778498944161523,0.6888888888888889,0.37777777777777777,0.6292532049656926,0.0,0.4319297483312999,0.5111111111111111,0.3333333333333333,0.6444444444444445,0.680336051416609,0.4319297483312999,0.768273325346536,0.435285750066007,0.3689323936863109,0.8222222222222222,1.0,4.0,7.0,6.0,3.0,8.0,2.0,9.0,5.0,10.0,lhs
143,0.0,0.0,0.0,0.45,0.05,0.3,0.0,0.05,0.15,,0.41475223119274524,-0.395777167602761,0.20121673750499675,0.8870053018712586,1.7469591905759523,0.421593503033321,0.42621555750599993,0.37651924775783696,0.8087360843031886,-0.395777167602761,-0.1111111111111111,0.02387049580131443,0.6444444444444445,0.6920456654478331,0.04714045207910317,0.4222222222222222,0.5111111111111111,-0.15555555555555556,0.7378647873726218,0.5555555555555556,0.5111111111111111,0.6444444444444445,0.674199862463242,0.08989331499509895,0.0778498944161523,0.6444444444444445,0.4222222222222222,0.6292532049656926,0.0,0.4319297483312999,0.5555555555555556,0.3333333333333333,0.6,0.680336051416609,0.4319297483312999,0.768273325346536,0.435285750066007,0.3689323936863109,0.7777777777777778,1.0,4.0,7.0,6.0,3.0,8.0,2.0,9.0,5.0,10.0,uniform_lattice
144,0.25,0.1,0.0,0.1,0.15,0.1,0.2,0.05,0.05,,0.4147269389546332,-0.395777167602761,0.20395104764217042,0.9138305027448913,1.633171489533337,0.421617935848566,0.42985003317496107,0.386301563625018,0.8087360843031886,-0.395777167602761,-0.1111111111111111,0.02387049580131443,0.6,0.6920456654478331,0.04714045207910317,0.4666666666666667,0.5111111111111111,-0.06666666666666667,0.7378647873726218,0.6,0.5555555555555556,0.5111111111111111,0.6444444444444445,0.08989331499509895,0.0778498944161523,0.7333333333333333,0.37777777777777777,0.6444444444444445,0.0,0.37777777777777777,0.5111111111111111,0.3333333333333333,0.5111111111111111,0.730731314484506,0.44946657497549475,0.768273325346536,0.435285750066007,0.3689323936863109,0.8222222222222222,1.0,4.0,7.0,6.0,3.0,8.0,2.0,9.0,5.0,10.0,uniform_lattice
145,0.25,0.1,0.0,0.05,0.05,0.1,0.3,0.1,0.05,,0.4147269389546332,-0.395777167602761,0.20237277267110362,0.9123614648460402,1.6431167837928082,0.42161793584856605,0.43133404513053597,0.3834341801124732,0.8087360843031886,-0.395777167602761,-0.1111111111111111,0.02387049580131443,0.6,0.6920456654478331,0.04714045207910317,0.5111111111111111,0.5111111111111111,-0.1111111111111111,0.7378647873726218,0.6,0.5555555555555556,0.5555555555555556,0.5555555555555556,0.08989331499509895,0.0778498944161523,0.7333333333333333,0.37777777777777777,0.6444444444444445,0.0,0.37777777777777777,0.5111111111111111,0.3333333333333333,0.5111111111111111,0.730731314484506,0.44946657497549475,0.768273325346536,0.435285750066007,0.3689323936863109,0.8666666666666667,1.0,4.0,7.0,6.0,3.0,8.0,2.0,9.0,5.0,10.0,uniform_lattice
146,0.05,0.1,0.0,0.2,0.0,0.2,0.3,0.0,0.15,,0.4147269389546332,-0.395777167602761,0.19845519132695455,0.9049151885446952,1.705494945742246,0.42161793584856605,0.42161793584856605,0.3776994130873835,0.8087360843031886,-0.395777167602761,-0.1111111111111111,0.02387049580131443,0.6,0.6920456654478331,0.04714045207910317,0.5555555555555556,0.4666666666666667,-0.1111111111111111,0.7378647873726218,0.5555555555555556,0.5111111111111111,0.5555555555555556,0.6,0.08989331499509895,0.0778498944161523,0.6888888888888889,0.37777777777777777,0.6444444444444445,0.0,0.37777777777777777,0.5555555555555556,0.3333333333333333,0.5111111111111111,0.730731314484506,0.44946657497549475,0.768273325346536,0.435285750066007,0.3689323936863109,0.9111111111111111,1.0,4.0,7.0,6.0,3.0,8.0,2.0,9.0,5.0,10.0,uniform_lattice
147,0.15,0.0,0.0,0.15,0.2,0.1,0.2,0.1,0.1,,0.4147269389546332,-0.395777167602761,0.20255054689687668,0.8972818170866035,1.7145094796765024,0.421617935848566,0.421617935848566,0.3863015636250179,0.8087360843031886,-0.395777167602761,-0.15555555555555556,0.02387049580131443,0.6,0.6920456654478331,0.04714045207910317,0.4666666666666667,0.4666666666666667,-0.06666666666666667,0.7378647873726218,0.5555555555555556,0.5111111111111111,0.5555555555555556,0.6888888888888889,0.08989331499509895,0.0778498944161523,0.6888888888888889,0.37777777777777777,0.6444444444444445,0.0,0.37777777777777777,0.5555555555555556,0.3333333333333333,0.6,0.730731314484506,0.44946657497549475,0.768273325346536,0.435285750066007,0.3689323936863109,0.8222222222222222,1.0,4.0,7.0,6.0,3.0,8.0,2.0,9.0,5.0,10.0,dirichlet
148,0.1,0.0,0.0,0.15,0.25,0.25,0.2,0.05,0.0,,0.4147269389546332,-0.395777167602761,0.20233197389829935,0.8957798164505398,1.749489480958581,0.421617935848566,0.421617935848566,0.3863015636250179,0.8087360843031886,-0.395777167602761,-0.15555555555555556,0.02387049580131443,0.6,0.6920456654478331,0.04714045207910317,0.4666666666666667,0.4666666666666667,-0.1111111111111111,0.7378647873726218,0.5555555555555556,0.5111111111111111,0.5555555555555556,0.6888888888888889,0.08989331499509895,0.0778498944161523,0.6888888888888889,0.37777777777777777,0.6444444444444445,0.0,0.37777777777777777,0.5555555555555556,0.3333333333333333,0.6444444444444445,0.730731314484506,0.44946657497549475,0.768273325346536,0.435285750066007,0.3689323936863109,0.8222222222222222,1.0,4.0,7.0,6.0,3.0,8.0,2.0,9.0,5.0,10.0,lhs
149,0.05,0.05,0.05,0.3,0.05,0.25,0.0,0.2,0.05,,0.41454623667114837,-0.395777167602761,0.20164095143416003,0.9003371056228475,1.6737225959062094,0.41990465359717133,0.41990465359717133,0.3910576454409704,0.8087360843031886,-0.395777167602761,-0.15555555555555556,0.02387049580131443,0.6,0.6920456654478331,0.04714045207910317,0.5111111111111111,0.5111111111111111,-0.2,0.7378647873726218,0.5555555555555556,0.5111111111111111,0.6888888888888889,0.6888888888888889,0.08989331499509895,0.0778498944161523,0.6444444444444445,0.37777777777777777,0.6292532049656926,0.0,0.4319297483312999,0.5555555555555556,0.3333333333333333,0.6444444444444445,0.6592611948214577,0.4319297483312999,0.768273325346536,0.435285750066007,0.3689323936863109,0.7777777777777778,1.0,4.0,7.0,6.0,3.0,8.0,2.0,9.0,5.0,10.0,dirichlet
150,0.05,0.2,0.25,0.0,0.3,0.05,0.0,0.15,0.0,,0.4143814846700218,-0.44233918732073285,0.2015274505664787,0.9216950991611436,1.6033091862438718,0.4143814846700217,0.4143814846700217,0.3951346229039911,0.8087360843031886,-0.44233918732073285,-0.1111111111111111,-0.02387049580131443,0.6,0.6366820122120065,0.0,0.37777777777777777,0.5555555555555556,-0.2,0.7378647873726218,0.5111111111111111,0.6,0.6888888888888889,0.6444444444444445,0.13483997249264842,0.1297498240269205,0.7333333333333333,0.3333333333333333,0.674199862463242,-0.044946657497549475,0.4773960376293314,0.5555555555555556,0.37777777777777777,0.5555555555555556,0.5683286162253945,0.5683286162253945,0.768273325346536,0.4836508334066745,0.3689323936863109,0.7777777777777778,1.0,4.0,8.0,6.0,3.0,7.0,2.0,9.0,5.0,10.0,uniform_lattice
151,0.15,0.0,0.35,0.05,0.05,0.0,0.0,0.2,0.2,,0.41436528424895386,-0.44233918732073285,0.203790658256727,0.9171752109139291,1.590597139933766,0.41436528424895386,0.42459969759082183,0.4039776335635667,0.8087360843031886,-0.44233918732073285,-0.1111111111111111,-0.02387049580131443,0.5111111111111111,0.6366820122120065,0.0,0.4222222222222222,0.5555555555555556,-0.2,0.7378647873726218,0.5555555555555556,0.6,0.6444444444444445,0.6888888888888889,0.13483997249264842,0.1297498240269205,0.6888888888888889,0.4222222222222222,0.6292532049656926,-0.044946657497549475,0.4773960376293314,0.6,0.37777777777777777,0.4666666666666667,0.5683286162253945,0.5683286162253945,0.768273325346536,0.4836508334066745,0.3689323936863109,0.8222222222222222,1.0,4.0,8.0,6.0,3.0,7.0,2.0,9.0,5.0,10.0,uniform_lattice
152,0.05,0.25,0.1,0.05,0.15,0.25,0.05,0.0,0.1,,0.4143252831330754,-0.34921514788478913,0.20210431795430378,0.9215066662292719,1.60280946810289,0.4178290313078705,0.4178290313078705,0.38908147325838377,0.8087360843031886,-0.34921514788478913,-0.2,0.02387049580131443,0.5555555555555556,0.6920456654478331,0.09428090415820634,0.5111111111111111,0.4666666666666667,-0.24444444444444444,0.7378647873726218,0.5555555555555556,0.6,0.6444444444444445,0.6444444444444445,0.044946657497549475,0.1297498240269205,0.6444444444444445,0.4222222222222222,0.6,0.044946657497549475,0.4222222222222222,0.5555555555555556,0.37777777777777777,0.5555555555555556,0.6592611948214577,0.4944132324730442,0.7217113056285641,0.4836508334066745,0.3689323936863109,0.7777777777777778,2.0,4.0,7.0,6.0,3.0,8.0,1.0,9.0,5.0,10.0,lhs
153,0.1,0.2,0.05,0.3,0.0,0.05,0.1,0.05,0.15,,0.4143252831330754,-0.34921514788478913,0.2041481062987558,0.9171845484466649,1.623081860829042,0.4207623402948403,0.4207623402948403,0.3920147822453535,0.8087360843031886,-0.34921514788478913,-0.2,0.02387049580131443,0.5111111111111111,0.6920456654478331,0.09428090415820634,0.5111111111111111,0.4666666666666667,-0.2,0.7378647873726218,0.5555555555555556,0.5555555555555556,0.6,0.6444444444444445,0.044946657497549475,0.1297498240269205,0.6444444444444445,0.4222222222222222,0.6,0.044946657497549475,0.4222222222222222,0.5555555555555556,0.37777777777777777,0.5111111111111111,0.6592611948214577,0.4944132324730442,0.7217113056285641,0.4836508334066745,0.3689323936863109,0.9111111111111111,2.0,4.0,7.0,6.0,3.0,8.0,1.0,9.0,5.0,10.0,lhs
154,0.05,0.35,0.05,0.15,0.15,0.05,0.15,0.05,0.0,,0.4143252831330753,-0.34921514788478913,0.20490735979551367,0.9245112626473444,1.6011441233070207,0.4207623402948403,0.4207623402948403,0.3948821657578983,0.8087360843031886,-0.34921514788478913,-0.2,0.02387049580131443,0.5555555555555556,0.6920456654478331,0.09428090415820634,0.5111111111111111,0.4666666666666667,-0.15555555555555556,0.7378647873726218,0.5555555555555556,0.6,0.5111111111111111,0.5555555555555556,0.044946657497549475,0.1297498240269205,0.6888888888888889,0.4222222222222222,0.6,0.044946657497549475,0.4222222222222222,0.6,0.37777777777777777,0.5111111111111111,0.6592611948214577,0.4944132324730442,0.7217113056285641,0.4836508334066745,0.3689323936863109,0.8666666666666667,2.0,4.0,7.0,6.0,3.0,8.0,1.0,9.0,5.0,10.0,lhs
155,0.15,0.1,0.05,0.2,0.1,0.05,0.05,0.3,0.0,,0.4143090827120074,-0.34921514788478913,0.20527818202259301,0.9080349853399338,1.6244483443238313,0.42361352338631714,0.42361352338631714,0.3948659653368304,0.8087360843031886,-0.34921514788478913,-0.2,0.02387049580131443,0.5555555555555556,0.6920456654478331,0.09428090415820634,0.5555555555555556,0.4666666666666667,-0.15555555555555556,0.7378647873726218,0.5555555555555556,0.5555555555555556,0.6444444444444445,0.6444444444444445,0.044946657497549475,0.1297498240269205,0.6,0.4222222222222222,0.6,0.044946657497549475,0.4222222222222222,0.5555555555555556,0.37777777777777777,0.5555555555555556,0.6592611948214577,0.44946657497549475,0.7217113056285641,0.4836508334066745,0.3689323936863109,0.7777777777777778,2.0,4.0,7.0,6.0,3.0,8.0,1.0,9.0,5.0,10.0,dirichlet
156,0.05,0.1,0.05,0.1,0.05,0.1,0.05,0.1,0.4,,0.4143090827120074,-0.34921514788478913,0.20436804818172935,0.9079260351824747,1.6555680365111116,0.42361352338631714,0.42361352338631714,0.3919985818242856,0.8087360843031886,-0.34921514788478913,-0.2,0.02387049580131443,0.5555555555555556,0.6920456654478331,0.09428090415820634,0.5111111111111111,0.4666666666666667,-0.2,0.7378647873726218,0.5555555555555556,0.6,0.6,0.6444444444444445,0.044946657497549475,0.1297498240269205,0.6444444444444445,0.4222222222222222,0.6,0.044946657497549475,0.4222222222222222,0.5555555555555556,0.37777777777777777,0.6,0.6592611948214577,0.44946657497549475,0.7217113056285641,0.4836508334066745,0.3689323936863109,0.7777777777777778,2.0,4.0,7.0,6.0,3.0,8.0,1.0,9.0,5.0,10.0,dirichlet
157,0.25,0.05,0.0,0.1,0.05,0.05,0.35,0.1,0.05,,0.41430429958800247,-0.44233918732073285,0.20090885772821743,0.910841475529488,1.6690088772763003,0.41725592281502455,0.4283660212193861,0.3877352553812904,0.8087360843031886,-0.44233918732073285,-0.06666666666666667,-0.02387049580131443,0.5555555555555556,0.6366820122120065,0.0,0.4666666666666667,0.5555555555555556,-0.15555555555555556,0.7378647873726218,0.5555555555555556,0.6,0.6,0.5111111111111111,0.13483997249264842,0.1297498240269205,0.6888888888888889,0.4222222222222222,0.6888888888888889,-0.044946657497549475,0.4222222222222222,0.5555555555555556,0.37777777777777777,0.4666666666666667,0.680336051416609,0.4944132324730442,0.768273325346536,0.4836508334066745,0.3689323936863109,0.8666666666666667,1.0,4.0,8.0,6.0,3.0,7.0,2.0,9.0,5.0,10.0,lhs
158,0.05,0.05,0.5,0.05,0.0,0.2,0.1,0.05,0.0,,0.41407784334137915,-0.395777167602761,0.2037572761284275,0.9188069801942474,1.637062777182774,0.41502463262827105,0.4186340515653778,0.40200089948590323,0.8087360843031886,-0.395777167602761,-0.06666666666666667,-0.02387049580131443,0.37777777777777777,0.6366820122120065,0.04714045207910317,0.4666666666666667,0.5111111111111111,-0.2,0.7378647873726218,0.5111111111111111,0.6444444444444445,0.6,0.5111111111111111,0.08989331499509895,0.1816497536376887,0.6444444444444445,0.4666666666666667,0.6444444444444445,0.0,0.4666666666666667,0.6,0.4222222222222222,0.5111111111111111,0.6137949055234261,0.5843065474681431,0.7217113056285641,0.5320159167473419,0.3689323936863109,0.8222222222222222,2.0,4.0,8.0,6.0,3.0,7.0,1.0,9.0,5.0,10.0,lhs
159,0.0,0.3,0.2,0.15,0.05,0.15,0.1,0.05,0.0,,0.4140616429203112,-0.395777167602761,0.20663165895167185,0.9246523538748869,1.5993064182672136,0.41639533955159813,0.4268517899533346,0.3991173155522905,0.8087360843031886,-0.395777167602761,-0.1111111111111111,-0.02387049580131443,0.5111111111111111,0.6366820122120065,0.04714045207910317,0.5111111111111111,0.5111111111111111,-0.24444444444444444,0.7378647873726218,0.5111111111111111,0.6444444444444445,0.5555555555555556,0.6,0.08989331499509895,0.1816497536376887,0.6,0.4666666666666667,0.6444444444444445,0.0,0.4666666666666667,0.6444444444444445,0.4222222222222222,0.4666666666666667,0.6137949055234261,0.5393598899705937,0.7217113056285641,0.5320159167473419,0.3689323936863109,0.7777777777777778,2.0,4.0,8.0,6.0,3.0,7.0,1.0,9.0,5.0,10.0,dirichlet
160,0.05,0.3,0.1,0.05,0.0,0.1,0.3,0.1,0.0,,0.4140124797620308,-0.395777167602761,0.20066636643566457,0.9200549412108623,1.6327641945310412,0.41789257803589247,0.42686914059893394,0.3991340778684351,0.8087360843031886,-0.395777167602761,-0.06666666666666667,-0.02387049580131443,0.5111111111111111,0.6366820122120065,0.04714045207910317,0.5111111111111111,0.5111111111111111,-0.24444444444444444,0.7378647873726218,0.5111111111111111,0.6444444444444445,0.5111111111111111,0.5111111111111111,0.08989331499509895,0.1816497536376887,0.6,0.4666666666666667,0.6444444444444445,0.0,0.4666666666666667,0.6444444444444445,0.4222222222222222,0.5111111111111111,0.5683286162253945,0.4944132324730442,0.7217113056285641,0.5320159167473419,0.3689323936863109,0.9111111111111111,2.0,4.0,8.0,6.0,3.0,7.0,1.0,9.0,5.0,10.0,lhs
161,0.05,0.25,0.05,0.05,0.25,0.0,0.2,0.15,0.0,,0.413888105717052,-0.395777167602761,0.19930388320865539,0.9214158506193834,1.6510194631263726,0.4164450646049552,0.423935236362322,0.38769750655546836,0.8087360843031886,-0.395777167602761,-0.15555555555555556,0.02387049580131443,0.6444444444444445,0.6920456654478331,0.04714045207910317,0.4666666666666667,0.5111111111111111,-0.15555555555555556,0.7378647873726218,0.6,0.5555555555555556,0.5555555555555556,0.5555555555555556,0.08989331499509895,0.0778498944161523,0.8222222222222222,0.37777777777777777,0.6444444444444445,0.0,0.37777777777777777,0.5555555555555556,0.3333333333333333,0.5111111111111111,0.7047274841194893,0.44946657497549475,0.768273325346536,0.435285750066007,0.3689323936863109,0.8222222222222222,1.0,4.0,7.0,6.0,3.0,8.0,2.0,9.0,5.0,10.0,uniform_lattice
162,0.15,0.1,0.05,0.1,0.2,0.25,0.1,0.05,0.0,,0.413888105717052,-0.395777167602761,0.20047398950263381,0.9095199971386692,1.6445936798211263,0.41931244811749996,0.41931244811749996,0.3876975065554683,0.8087360843031886,-0.395777167602761,-0.2,0.02387049580131443,0.6,0.6920456654478331,0.04714045207910317,0.4666666666666667,0.5111111111111111,-0.1111111111111111,0.7378647873726218,0.6,0.5555555555555556,0.6,0.6444444444444445,0.08989331499509895,0.0778498944161523,0.7333333333333333,0.37777777777777777,0.6444444444444445,0.0,0.37777777777777777,0.5111111111111111,0.3333333333333333,0.5555555555555556,0.7047274841194893,0.44946657497549475,0.768273325346536,0.435285750066007,0.3689323936863109,0.8222222222222222,1.0,4.0,7.0,6.0,3.0,8.0,2.0,9.0,5.0,10.0,uniform_lattice
163,0.0,0.1,0.0,0.15,0.0,0.0,0.0,0.5,0.25,,0.41380857941965843,-0.395777167602761,0.20330458100155152,0.903018115077817,1.6777660951636497,0.42040169210309614,0.42528581788628306,0.3824781067176372,0.8087360843031886,-0.395777167602761,-0.15555555555555556,0.02387049580131443,0.6,0.6920456654478331,0.04714045207910317,0.5111111111111111,0.4666666666666667,-0.15555555555555556,0.7378647873726218,0.5555555555555556,0.5111111111111111,0.6888888888888889,0.674199862463242,0.08989331499509895,0.0778498944161523,0.6444444444444445,0.37777777777777777,0.6,0.0,0.4319297483312999,0.5555555555555556,0.3333333333333333,0.6,0.680336051416609,0.4319297483312999,0.768273325346536,0.435285750066007,0.3689323936863109,0.8222222222222222,1.0,4.0,7.0,6.0,3.0,8.0,2.0,9.0,5.0,10.0,uniform_lattice
164,0.15,0.05,0.25,0.05,0.0,0.3,0.0,0.1,0.1,,0.4135832469631885,-0.34921514788478913,0.2086138922801925,0.9200009611119359,1.584421632127966,0.4213383453534437,0.43051839476752235,0.403960871247422,0.8087360843031886,-0.34921514788478913,-0.2,0.02387049580131443,0.5555555555555556,0.6920456654478331,0.09428090415820634,0.5111111111111111,0.4666666666666667,-0.2,0.7378647873726218,0.5555555555555556,0.6,0.5555555555555556,0.6888888888888889,0.044946657497549475,0.1297498240269205,0.6444444444444445,0.4222222222222222,0.5843065474681431,0.044946657497549475,0.4319297483312999,0.6,0.37777777777777777,0.5111111111111111,0.6592611948214577,0.4773960376293314,0.7217113056285641,0.4836508334066745,0.3689323936863109,0.7777777777777778,2.0,4.0,7.0,6.0,3.0,8.0,1.0,9.0,5.0,10.0,lhs
165,0.05,0.2,0.0,0.05,0.0,0.15,0.15,0.25,0.15,,0.4135552250394495,-0.34921514788478913,0.2057516229179385,0.9212344674974733,1.6404378368425117,0.42448531936111084,0.42448531936111084,0.386301563625018,0.8087360843031886,-0.34921514788478913,-0.15555555555555556,0.02387049580131443,0.5555555555555556,0.6920456654478331,0.09428090415820634,0.5111111111111111,0.4666666666666667,-0.15555555555555556,0.7378647873726218,0.5555555555555556,0.6,0.5555555555555556,0.6444444444444445,0.044946657497549475,0.1297498240269205,0.6,0.4222222222222222,0.6,0.044946657497549475,0.4222222222222222,0.6,0.37777777777777777,0.4666666666666667,0.680336051416609,0.44946657497549475,0.7217113056285641,0.4836508334066745,0.3689323936863109,0.8222222222222222,2.0,4.0,7.0,6.0,3.0,8.0,1.0,9.0,5.0,10.0,uniform_lattice
166,0.15,0.05,0.05,0.0,0.0,0.05,0.4,0.1,0.2,,0.41340324577567494,-0.42379344841321,0.19567017793008665,0.9066204785147084,1.7033093347492123,0.41236808714193446,0.42241710473220906,0.3816987635224487,0.817874635209406,-0.42379344841321,-0.08989331499509895,-0.02414022747926338,0.5393598899705937,0.6438763875992325,0.02383656473113981,0.4944132324730442,0.5393598899705937,-0.1797866299901979,0.7462025072446364,0.5393598899705937,0.6292532049656926,0.5843065474681431,0.40451991747794525,0.11363636363636363,0.1574591643244434,0.7191465199607916,0.44946657497549475,0.674199862463242,-0.022727272727272728,0.44946657497549475,0.5843065474681431,0.40451991747794525,0.44946657497549475,0.5977406368332137,0.5,0.7534105749568177,0.5135717874467445,0.3731012536223182,0.8539864924534399,1.5,4.0,8.0,6.0,3.0,7.0,1.5,9.0,5.0,10.0,dirichlet
167,0.2,0.05,0.35,0.0,0.0,0.05,0.0,0.2,0.15,,0.413402294540994,-0.395777167602761,0.20411963904057973,0.9186978854390205,1.5669008088365008,0.41579897600522625,0.4260837095463968,0.4054113253198391,0.8087360843031886,-0.395777167602761,-0.1111111111111111,-0.02387049580131443,0.4222222222222222,0.6366820122120065,0.04714045207910317,0.4666666666666667,0.5111111111111111,-0.24444444444444444,0.7378647873726218,0.5111111111111111,0.6444444444444445,0.6,0.6444444444444445,0.08989331499509895,0.1816497536376887,0.6444444444444445,0.4666666666666667,0.5843065474681431,0.0,0.4773960376293314,0.6444444444444445,0.4222222222222222,0.4222222222222222,0.6137949055234261,0.5683286162253945,0.7217113056285641,0.5320159167473419,0.3689323936863109,0.8222222222222222,2.0,4.0,8.0,6.0,3.0,7.0,1.0,9.0,5.0,10.0,uniform_lattice
168,0.1,0.3,0.0,0.05,0.1,0.1,0.25,0.05,0.05,,0.4132932471983608,-0.395777167602761,0.20359288846253284,0.9212350626434187,1.6229104240674042,0.4201842440922936,0.42836602121938605,0.3809894359665592,0.8087360843031886,-0.395777167602761,-0.1111111111111111,0.02387049580131443,0.6,0.6920456654478331,0.04714045207910317,0.4666666666666667,0.5111111111111111,-0.1111111111111111,0.7378647873726218,0.6,0.5555555555555556,0.5555555555555556,0.5111111111111111,0.08989331499509895,0.0778498944161523,0.7777777777777778,0.37777777777777777,0.6444444444444445,0.0,0.37777777777777777,0.5555555555555556,0.3333333333333333,0.5111111111111111,0.730731314484506,0.44946657497549475,0.768273325346536,0.435285750066007,0.3689323936863109,0.8222222222222222,1.0,4.0,7.0,6.0,3.0,8.0,2.0,9.0,5.0,10.0,lhs
169,0.05,0.1,0.0,0.1,0.15,0.1,0.3,0.1,0.1,,0.4132932471983608,-0.395777167602761,0.19775757224440177,0.9047951759033956,1.726529718239154,0.4201842440922936,0.4201842440922936,0.38385681947910405,0.8087360843031886,-0.395777167602761,-0.06666666666666667,0.02387049580131443,0.6,0.6920456654478331,0.04714045207910317,0.4666666666666667,0.4666666666666667,-0.1111111111111111,0.7378647873726218,0.5555555555555556,0.5555555555555556,0.5555555555555556,0.6,0.08989331499509895,0.0778498944161523,0.6888888888888889,0.37777777777777777,0.6444444444444445,0.0,0.37777777777777777,0.6,0.3333333333333333,0.5111111111111111,0.730731314484506,0.44946657497549475,0.768273325346536,0.435285750066007,0.3689323936863109,0.8222222222222222,1.0,4.0,7.0,6.0,3.0,8.0,2.0,9.0,5.0,10.0,dirichlet
170,0.05,0.0,0.0,0.0,0.05,0.05,0.15,0.25,0.45,,0.4132932471983608,-0.395777167602761,0.2016426554793992,0.8973004761950271,1.7436153705009956,0.4201842440922936,0.4201842440922936,0.38672420299164884,0.8087360843031886,-0.395777167602761,-0.15555555555555556,0.02387049580131443,0.6,0.6920456654478331,0.04714045207910317,0.4666666666666667,0.4666666666666667,-0.15555555555555556,0.7378647873726218,0.5555555555555556,0.5555555555555556,0.5555555555555556,0.6888888888888889,0.08989331499509895,0.0778498944161523,0.6888888888888889,0.37777777777777777,0.6444444444444445,0.0,0.37777777777777777,0.5555555555555556,0.3333333333333333,0.6,0.730731314484506,0.44946657497549475,0.768273325346536,0.435285750066007,0.3689323936863109,0.8222222222222222,1.0,4.0,7.0,6.0,3.0,8.0,2.0,9.0,5.0,10.0,lhs
171,0.05,0.0,0.0,0.0,0.2,0.1,0.15,0.4,0.1,,0.4132932471983608,-0.395777167602761,0.20186487762132047,0.8972818170866035,1.7712385834250444,0.4201842440922936,0.4201842440922936,0.38672420299164884,0.8087360843031886,-0.395777167602761,-0.15555555555555556,0.02387049580131443,0.6,0.6920456654478331,0.04714045207910317,0.4666666666666667,0.4666666666666667,-0.1111111111111111,0.7378647873726218,0.5555555555555556,0.5111111111111111,0.5555555555555556,0.6444444444444445,0.08989331499509895,0.0778498944161523,0.6888888888888889,0.37777777777777777,0.6444444444444445,0.0,0.37777777777777777,0.5555555555555556,0.3333333333333333,0.6444444444444445,0.730731314484506,0.44946657497549475,0.768273325346536,0.435285750066007,0.3689323936863109,0.8222222222222222,1.0,4.0,7.0,6.0,3.0,8.0,2.0,9.0,5.0,10.0,lhs
172,0.1,0.15,0.2,0.1,0.05,0.2,0.05,0.05,0.1,,0.4128915913768029,-0.34921514788478913,0.20623670335434155,0.9245280249634892,1.5918186713128553,0.41639533955159813,0.42685178995333456,0.3991173155522905,0.8087360843031886,-0.34921514788478913,-0.2,0.02387049580131443,0.5555555555555556,0.6920456654478331,0.09428090415820634,0.5111111111111111,0.4666666666666667,-0.2,0.7378647873726218,0.5555555555555556,0.6,0.5111111111111111,0.6444444444444445,0.044946657497549475,0.1297498240269205,0.6444444444444445,0.4222222222222222,0.6,0.044946657497549475,0.4222222222222222,0.5555555555555556,0.37777777777777777,0.5555555555555556,0.6592611948214577,0.4944132324730442,0.7217113056285641,0.4836508334066745,0.3689323936863109,0.8222222222222222,2.0,4.0,7.0,6.0,3.0,8.0,1.0,9.0,5.0,10.0,dirichlet
173,0.1,0.3,0.05,0.05,0.1,0.05,0.15,0.1,0.1,,0.4128915913768029,-0.34921514788478913,0.2032113543695759,0.9244752852863671,1.594592700013217,0.41932864853856777,0.4284040412579856,0.39631585751417076,0.8087360843031886,-0.34921514788478913,-0.15555555555555556,0.02387049580131443,0.5555555555555556,0.6920456654478331,0.09428090415820634,0.5111111111111111,0.4666666666666667,-0.2,0.7378647873726218,0.5555555555555556,0.6,0.5111111111111111,0.6,0.044946657497549475,0.1297498240269205,0.6888888888888889,0.4222222222222222,0.6,0.044946657497549475,0.4222222222222222,0.6,0.37777777777777777,0.5111111111111111,0.6592611948214577,0.4944132324730442,0.7217113056285641,0.4836508334066745,0.3689323936863109,0.7777777777777778,2.0,4.0,7.0,6.0,3.0,8.0,1.0,9.0,5.0,10.0,lhs
174,0.15,0.1,0.1,0.15,0.1,0.15,0.1,0.0,0.15,,0.412875390955735,-0.34921514788478913,0.20266092717367362,0.9125613985435157,1.6201591913248783,0.41924652264307494,0.42831903287997086,0.3962337316186778,0.8087360843031886,-0.34921514788478913,-0.2,0.02387049580131443,0.5555555555555556,0.6920456654478331,0.09428090415820634,0.5111111111111111,0.4666666666666667,-0.15555555555555556,0.7378647873726218,0.5555555555555556,0.6,0.5111111111111111,0.6888888888888889,0.044946657497549475,0.1297498240269205,0.6888888888888889,0.4222222222222222,0.6,0.044946657497549475,0.4222222222222222,0.5555555555555556,0.37777777777777777,0.5111111111111111,0.6592611948214577,0.44946657497549475,0.7217113056285641,0.4836508334066745,0.3689323936863109,0.7777777777777778,2.0,4.0,7.0,6.0,3.0,8.0,1.0,9.0,5.0,10.0,lhs
175,0.1,0.1,0.05,0.1,0.0,0.2,0.05,0.4,0.0,,0.412875390955735,-0.34921514788478913,0.20380074779510582,0.907961607846237,1.6307542463816853,0.42217983163004474,0.42217983163004474,0.393432273580558,0.8087360843031886,-0.34921514788478913,-0.2,0.02387049580131443,0.5555555555555556,0.6920456654478331,0.09428090415820634,0.5555555555555556,0.4666666666666667,-0.15555555555555556,0.7378647873726218,0.5555555555555556,0.5555555555555556,0.6,0.6444444444444445,0.044946657497549475,0.1297498240269205,0.6,0.4222222222222222,0.6,0.044946657497549475,0.4222222222222222,0.5555555555555556,0.37777777777777777,0.5555555555555556,0.6592611948214577,0.44946657497549475,0.7217113056285641,0.4836508334066745,0.3689323936863109,0.7777777777777778,2.0,4.0,7.0,6.0,3.0,8.0,1.0,9.0,5.0,10.0,lhs
176,0.05,0.05,0.15,0.15,0.25,0.0,0.1,0.15,0.1,,0.412875390955735,-0.34921514788478913,0.20418419291739967,0.9065133106580027,1.6739795846834578,0.42217983163004474,0.42217983163004474,0.3905648900680131,0.8087360843031886,-0.34921514788478913,-0.2,0.02387049580131443,0.6,0.6920456654478331,0.09428090415820634,0.5111111111111111,0.4666666666666667,-0.24444444444444444,0.7378647873726218,0.5555555555555556,0.6,0.5111111111111111,0.6444444444444445,0.044946657497549475,0.1297498240269205,0.6888888888888889,0.4222222222222222,0.6,0.044946657497549475,0.4222222222222222,0.5555555555555556,0.37777777777777777,0.6,0.6592611948214577,0.44946657497549475,0.7217113056285641,0.4836508334066745,0.3689323936863109,0.7777777777777778,2.0,4.0,7.0,6.0,3.0,8.0,1.0,9.0,5.0,10.0,lhs
177,0.05,0.25,0.05,0.1,0.1,0.05,0.15,0.05,0.2,,0.41287539095573494,-0.34921514788478913,0.200854657250097,0.9199318386638083,1.6221099502575247,0.41931244811749996,0.41931244811749996,0.39343227358055805,0.8087360843031886,-0.34921514788478913,-0.2,0.02387049580131443,0.5555555555555556,0.6920456654478331,0.09428090415820634,0.5111111111111111,0.4666666666666667,-0.15555555555555556,0.7378647873726218,0.5555555555555556,0.6,0.5111111111111111,0.6,0.044946657497549475,0.1297498240269205,0.6888888888888889,0.4222222222222222,0.6,0.044946657497549475,0.4222222222222222,0.6,0.37777777777777777,0.5111111111111111,0.6592611948214577,0.44946657497549475,0.7217113056285641,0.4836508334066745,0.3689323936863109,0.8222222222222222,2.0,4.0,7.0,6.0,3.0,8.0,1.0,9.0,5.0,10.0,lhs
178,0.2,0.15,0.05,0.0,0.15,0.2,0.2,0.0,0.05,,0.41287539095573494,-0.34921514788478913,0.20192420114576812,0.9139759445782772,1.627480664644105,0.42217983163004474,0.4298712841846218,0.3962996570931028,0.8087360843031886,-0.34921514788478913,-0.15555555555555556,0.02387049580131443,0.5555555555555556,0.6920456654478331,0.09428090415820634,0.5111111111111111,0.4666666666666667,-0.15555555555555556,0.7378647873726218,0.5555555555555556,0.6,0.5111111111111111,0.6,0.044946657497549475,0.1297498240269205,0.7333333333333333,0.4222222222222222,0.6,0.044946657497549475,0.4222222222222222,0.5555555555555556,0.37777777777777777,0.5111111111111111,0.6592611948214577,0.44946657497549475,0.7217113056285641,0.4836508334066745,0.3689323936863109,0.7777777777777778,2.0,4.0,7.0,6.0,3.0,8.0,1.0,9.0,5.0,10.0,dirichlet
179,0.2,0.05,0.05,0.05,0.0,0.05,0.1,0.5,0.0,,0.41287539095573494,-0.34921514788478913,0.20512007286629014,0.9109725745245488,1.620663695205043,0.42217983163004474,0.42217983163004474,0.3991670406056476,0.8087360843031886,-0.34921514788478913,-0.2,0.02387049580131443,0.5111111111111111,0.6920456654478331,0.09428090415820634,0.5111111111111111,0.4666666666666667,-0.15555555555555556,0.7378647873726218,0.5555555555555556,0.6,0.5555555555555556,0.6,0.044946657497549475,0.1297498240269205,0.6444444444444445,0.4222222222222222,0.6,0.044946657497549475,0.4222222222222222,0.6,0.37777777777777777,0.5555555555555556,0.6592611948214577,0.44946657497549475,0.7217113056285641,0.4836508334066745,0.3689323936863109,0.8222222222222222,2.0,4.0,7.0,6.0,3.0,8.0,1.0,9.0,5.0,10.0,uniform_lattice
180,0.15,0.05,0.1,0.15,0.1,0.25,0.05,0.05,0.1,,0.41287539095573494,-0.34921514788478913,0.202581808670529,0.9096101369485105,1.6293149170626915,0.41924652264307494,0.41924652264307494,0.3904989645935882,0.8087360843031886,-0.34921514788478913,-0.2,0.02387049580131443,0.5555555555555556,0.6920456654478331,0.09428090415820634,0.5111111111111111,0.4666666666666667,-0.15555555555555556,0.7378647873726218,0.5555555555555556,0.6,0.6444444444444445,0.6,0.044946657497549475,0.1297498240269205,0.6444444444444445,0.4222222222222222,0.6,0.044946657497549475,0.4222222222222222,0.5555555555555556,0.37777777777777777,0.5111111111111111,0.6592611948214577,0.44946657497549475,0.7217113056285641,0.4836508334066745,0.3689323936863109,0.7777777777777778,2.0,4.0,7.0,6.0,3.0,8.0,1.0,9.0,5.0,10.0,lhs
181,0.25,0.0,0.0,0.0,0.05,0.0,0.5,0.1,0.1,,0.41287060783173,-0.44233918732073285,0.19976595415424217,0.9064055707605091,1.7276667896341598,0.41582223105875216,0.42539799730823613,0.3795557442102868,0.8087360843031886,-0.44233918732073285,-0.06666666666666667,-0.02387049580131443,0.5555555555555556,0.6366820122120065,0.0,0.4666666666666667,0.5555555555555556,-0.2,0.7378647873726218,0.5555555555555556,0.6,0.6,0.4222222222222222,0.13483997249264842,0.1297498240269205,0.7333333333333333,0.4222222222222222,0.6888888888888889,-0.044946657497549475,0.4222222222222222,0.6,0.37777777777777777,0.4666666666666667,0.680336051416609,0.4944132324730442,0.768273325346536,0.4836508334066745,0.3689323936863109,0.8666666666666667,1.0,4.0,8.0,6.0,3.0,7.0,2.0,9.0,5.0,10.0,uniform_lattice
182,0.1,0.1,0.5,0.0,0.1,0.05,0.05,0.1,0.0,,0.41264415158510676,-0.395777167602761,0.1994961786116013,0.9202922185141665,1.6105276476877284,0.41359094087199866,0.41359094087199866,0.3879276221359433,0.8087360843031886,-0.395777167602761,-0.1111111111111111,-0.02387049580131443,0.37777777777777777,0.6366820122120065,0.04714045207910317,0.4666666666666667,0.5111111111111111,-0.2,0.7378647873726218,0.5111111111111111,0.6444444444444445,0.6,0.5111111111111111,0.08989331499509895,0.1816497536376887,0.6888888888888889,0.4666666666666667,0.6444444444444445,0.0,0.4666666666666667,0.5555555555555556,0.4222222222222222,0.5555555555555556,0.6137949055234261,0.5843065474681431,0.7217113056285641,0.5320159167473419,0.3689323936863109,0.7777777777777778,2.0,4.0,8.0,6.0,3.0,7.0,1.0,9.0,5.0,10.0,lhs
183,0.2,0.1,0.35,0.0,0.05,0.05,0.1,0.15,0.0,,0.4126441515851067,-0.395777167602761,0.20088365216108295,0.9172348824189717,1.5886499524938682,0.4135909408719987,0.4135909408719987,0.39769982421708605,0.8087360843031886,-0.395777167602761,-0.06666666666666667,-0.02387049580131443,0.37777777777777777,0.6366820122120065,0.04714045207910317,0.4666666666666667,0.5111111111111111,-0.24444444444444444,0.7378647873726218,0.5111111111111111,0.6444444444444445,0.6,0.5555555555555556,0.08989331499509895,0.1816497536376887,0.6888888888888889,0.4666666666666667,0.6,0.0,0.4666666666666667,0.6,0.4222222222222222,0.4666666666666667,0.6137949055234261,0.5843065474681431,0.7217113056285641,0.5320159167473419,0.3689323936863109,0.8222222222222222,2.0,4.0,8.0,6.0,3.0,7.0,1.0,9.0,5.0,10.0,dirichlet
184,0.1,0.1,0.2,0.0,0.05,0.1,0.1,0.1,0.25,,0.41262795116403883,-0.395777167602761,0.2045370127362772,0.9200561428335329,1.6149942272425948,0.4149616477953257,0.42536777799775966,0.3976836237960181,0.8087360843031886,-0.395777167602761,-0.15555555555555556,-0.02387049580131443,0.5111111111111111,0.6366820122120065,0.04714045207910317,0.4666666666666667,0.5111111111111111,-0.24444444444444444,0.7378647873726218,0.5111111111111111,0.6444444444444445,0.5555555555555556,0.6444444444444445,0.08989331499509895,0.1816497536376887,0.6444444444444445,0.4666666666666667,0.6444444444444445,0.0,0.4666666666666667,0.6,0.4222222222222222,0.4222222222222222,0.6137949055234261,0.5393598899705937,0.7217113056285641,0.5320159167473419,0.3689323936863109,0.8222222222222222,2.0,4.0,8.0,6.0,3.0,7.0,1.0,9.0,5.0,10.0,dirichlet
185,0.25,0.0,0.25,0.05,0.2,0.0,0.15,0.1,0.0,,0.41262795116403883,-0.395777167602761,0.2006273782359651,0.9155687247517762,1.620553775918001,0.41357474045093084,0.41488661153552725,0.39481624028347334,0.8087360843031886,-0.395777167602761,-0.15555555555555556,-0.02387049580131443,0.4666666666666667,0.6366820122120065,0.04714045207910317,0.4666666666666667,0.5111111111111111,-0.28888888888888886,0.7378647873726218,0.5111111111111111,0.6444444444444445,0.6,0.5555555555555556,0.08989331499509895,0.1816497536376887,0.7777777777777778,0.4666666666666667,0.6444444444444445,0.0,0.4666666666666667,0.6444444444444445,0.4222222222222222,0.4222222222222222,0.6137949055234261,0.5393598899705937,0.7217113056285641,0.5320159167473419,0.3689323936863109,0.7777777777777778,2.0,4.0,8.0,6.0,3.0,7.0,1.0,9.0,5.0,10.0,dirichlet
186,0.1,0.3,0.05,0.05,0.05,0.2,0.2,0.05,0.0,,0.4126279511640388,-0.395777167602761,0.20222183503375335,0.9245654250962084,1.6021401750069364,0.4165080494379006,0.4269200293024106,0.3977495492704431,0.8087360843031886,-0.395777167602761,-0.06666666666666667,-0.02387049580131443,0.5111111111111111,0.6366820122120065,0.04714045207910317,0.4666666666666667,0.5111111111111111,-0.24444444444444444,0.7378647873726218,0.5111111111111111,0.6444444444444445,0.5555555555555556,0.5111111111111111,0.08989331499509895,0.1816497536376887,0.6,0.4666666666666667,0.6444444444444445,0.0,0.4666666666666667,0.6444444444444445,0.4222222222222222,0.4666666666666667,0.6137949055234261,0.5393598899705937,0.7217113056285641,0.5320159167473419,0.3689323936863109,0.8222222222222222,2.0,4.0,8.0,6.0,3.0,7.0,1.0,9.0,5.0,10.0,dirichlet
187,0.05,0.15,0.15,0.05,0.0,0.0,0.25,0.2,0.15,,0.4126117507429709,-0.395777167602761,0.2017321868221767,0.9170470283658516,1.6493349092286707,0.4152684333916917,0.42690326027347186,0.40060073236191995,0.8087360843031886,-0.395777167602761,-0.1111111111111111,-0.02387049580131443,0.5111111111111111,0.6366820122120065,0.04714045207910317,0.5111111111111111,0.5111111111111111,-0.24444444444444444,0.7378647873726218,0.5111111111111111,0.6444444444444445,0.5111111111111111,0.5555555555555556,0.08989331499509895,0.1816497536376887,0.6444444444444445,0.4666666666666667,0.6444444444444445,0.0,0.4666666666666667,0.6444444444444445,0.4222222222222222,0.4222222222222222,0.6137949055234261,0.4944132324730442,0.7217113056285641,0.5320159167473419,0.3689323936863109,0.8666666666666667,2.0,4.0,8.0,6.0,3.0,7.0,1.0,9.0,5.0,10.0,uniform_lattice
188,0.05,0.25,0.05,0.0,0.25,0.0,0.2,0.1,0.1,,0.4124544139607796,-0.395777167602761,0.19818916141696707,0.919982158863111,1.6573068836782492,0.4150113728486828,0.422451224406747,0.3850937632556877,0.8087360843031886,-0.395777167602761,-0.15555555555555556,0.02387049580131443,0.6444444444444445,0.6920456654478331,0.04714045207910317,0.4222222222222222,0.5111111111111111,-0.15555555555555556,0.7378647873726218,0.6,0.5555555555555556,0.5555555555555556,0.5555555555555556,0.08989331499509895,0.0778498944161523,0.8222222222222222,0.37777777777777777,0.6444444444444445,0.0,0.37777777777777777,0.5555555555555556,0.3333333333333333,0.5111111111111111,0.7047274841194893,0.44946657497549475,0.768273325346536,0.435285750066007,0.3689323936863109,0.8222222222222222,1.0,4.0,7.0,6.0,3.0,8.0,2.0,9.0,5.0,10.0,lhs
189,0.1111111111111111,0.1111111111111111,0.1111111111111111,0.1111111111111111,0.1111111111111111,0.1111111111111111,0.1111111111111111,0.1111111111111111,0.1111111111111111,uniform,0.4124544139607796,-0.395777167602761,0.20215392728389248,0.915565399815643,1.6280292598535027,0.41787875636122757,0.42690326027347186,0.3948659653368304,0.8087360843031886,-0.395777167602761,-0.15555555555555556,0.02387049580131443,0.6,0.6920456654478331,0.04714045207910317,0.4666666666666667,0.5111111111111111,-0.15555555555555556,0.7378647873726218,0.6,0.5555555555555556,0.5555555555555556,0.6888888888888889,0.08989331499509895,0.0778498944161523,0.7333333333333333,0.37777777777777777,0.6444444444444445,0.0,0.37777777777777777,0.5111111111111111,0.3333333333333333,0.5111111111111111,0.7047274841194893,0.44946657497549475,0.768273325346536,0.435285750066007,0.3689323936863109,0.8222222222222222,1.0,4.0,7.0,6.0,3.0,8.0,2.0,9.0,5.0,10.0,uniform
190,0.15,0.05,0.1,0.1,0.15,0.05,0.1,0.25,0.05,,0.4124544139607796,-0.395777167602761,0.20232860142394338,0.9096274944106005,1.639352908695655,0.4178787563612275,0.42690326027347186,0.3948659653368304,0.8087360843031886,-0.395777167602761,-0.15555555555555556,0.02387049580131443,0.6,0.6920456654478331,0.04714045207910317,0.4666666666666667,0.5111111111111111,-0.1111111111111111,0.7378647873726218,0.6,0.5555555555555556,0.5555555555555556,0.6888888888888889,0.08989331499509895,0.0778498944161523,0.6888888888888889,0.37777777777777777,0.6444444444444445,0.0,0.37777777777777777,0.5111111111111111,0.3333333333333333,0.5555555555555556,0.7047274841194893,0.44946657497549475,0.768273325346536,0.435285750066007,0.3689323936863109,0.7777777777777778,1.0,4.0,7.0,6.0,3.0,8.0,2.0,9.0,5.0,10.0,dirichlet
191,0.05,0.1,0.05,0.05,0.05,0.2,0.2,0.25,0.05,,0.4122533081004553,-0.37670528747840887,0.19671211780072562,0.9050661036892016,1.679738524393806,0.4150113728486828,0.4150113728486828,0.3891311983117408,0.817874635209406,-0.37670528747840887,-0.13483997249264842,0.02414022747926338,0.5843065474681431,0.6998656386948179,0.07150969419341942,0.4944132324730442,0.44946657497549475,-0.13483997249264842,0.7462025072446364,0.5393598899705937,0.5843065474681431,0.5393598899705937,0.5843065474681431,0.06818181818181818,0.1049727762162956,0.674199862463242,0.40451991747794525,0.6292532049656926,0.022727272727272728,0.40451991747794525,0.5393598899705937,0.3595732599803958,0.5393598899705937,0.6897007348075542,0.45454545454545453,0.7534105749568177,0.4646601886422926,0.3731012536223182,0.8090398349558905,1.5,4.0,7.0,6.0,3.0,8.0,1.5,9.0,5.0,10.0,dirichlet
192,0.0,0.05,0.05,0.15,0.15,0.05,0.1,0.2,0.25,,0.4122533081004553,-0.37670528747840887,0.1958146253630097,0.8974793673787128,1.7132438978768827,0.41644506460495506,0.41644506460495506,0.3876975065554684,0.817874635209406,-0.37670528747840887,-0.1797866299901979,0.02414022747926338,0.5843065474681431,0.6998656386948179,0.07150969419341942,0.4944132324730442,0.44946657497549475,-0.22473328748774737,0.7462025072446364,0.5393598899705937,0.5393598899705937,0.5843065474681431,0.6292532049656926,0.06818181818181818,0.1049727762162956,0.674199862463242,0.40451991747794525,0.6292532049656926,0.022727272727272728,0.40451991747794525,0.5393598899705937,0.3595732599803958,0.6292532049656926,0.6897007348075542,0.45454545454545453,0.7534105749568177,0.4646601886422926,0.3731012536223182,0.8090398349558905,1.5,4.0,7.0,6.0,3.0,8.0,1.5,9.0,5.0,10.0,lhs
193,0.0,0.05,0.1,0.15,0.05,0.0,0.1,0.5,0.05,,0.4122533081004553,-0.37670528747840887,0.20006479876723238,0.8960469019867845,1.6782701391079378,0.4164450646049551,0.4164450646049551,0.393432273580558,0.817874635209406,-0.37670528747840887,-0.1797866299901979,0.02414022747926338,0.5843065474681431,0.6998656386948179,0.07150969419341942,0.5393598899705937,0.44946657497549475,-0.13483997249264842,0.7462025072446364,0.5393598899705937,0.5393598899705937,0.5393598899705937,0.674199862463242,0.06818181818181818,0.1049727762162956,0.6292532049656926,0.40451991747794525,0.6292532049656926,0.022727272727272728,0.40451991747794525,0.5393598899705937,0.3595732599803958,0.5843065474681431,0.6897007348075542,0.45454545454545453,0.7534105749568177,0.4646601886422926,0.3731012536223182,0.764093177458341,1.5,4.0,7.0,6.0,3.0,8.0,1.5,9.0,5.0,10.0,dirichlet
194,0.1,0.05,0.15,0.05,0.15,0.3,0.1,0.05,0.05,,0.41221997289111273,-0.37670528747840887,0.2002177292222732,0.9126314956827278,1.6523268464982246,0.41351175561798537,0.4223829850576711,0.39049896459358824,0.817874635209406,-0.37670528747840887,-0.1797866299901979,0.02414022747926338,0.5843065474681431,0.6998656386948179,0.07150969419341942,0.4944132324730442,0.4944132324730442,-0.1797866299901979,0.7462025072446364,0.5843065474681431,0.5843065474681431,0.5393598899705937,0.674199862463242,0.06818181818181818,0.1049727762162956,0.674199862463242,0.40451991747794525,0.6292532049656926,0.022727272727272728,0.40451991747794525,0.5393598899705937,0.3595732599803958,0.5393598899705937,0.643720685820384,0.45454545454545453,0.7534105749568177,0.4646601886422926,0.3731012536223182,0.764093177458341,1.5,4.0,7.0,6.0,3.0,8.0,1.5,9.0,5.0,10.0,lhs
195,0.2,0.0,0.15,0.15,0.2,0.05,0.15,0.05,0.05,,0.41221997289111273,-0.37670528747840887,0.1991345351219756,0.9110773865879408,1.6446437571705528,0.41351175561798537,0.4223829850576711,0.39049896459358824,0.817874635209406,-0.37670528747840887,-0.1797866299901979,0.02414022747926338,0.5843065474681431,0.6998656386948179,0.07150969419341942,0.4944132324730442,0.4944132324730442,-0.1797866299901979,0.7462025072446364,0.5843065474681431,0.5843065474681431,0.5393598899705937,0.674199862463242,0.06818181818181818,0.1049727762162956,0.7191465199607916,0.40451991747794525,0.6292532049656926,0.022727272727272728,0.40451991747794525,0.5393598899705937,0.3595732599803958,0.4944132324730442,0.643720685820384,0.45454545454545453,0.7534105749568177,0.4646601886422926,0.3731012536223182,0.764093177458341,1.5,4.0,7.0,6.0,3.0,8.0,1.5,9.0,5.0,10.0,dirichlet
196,0.05,0.0,0.05,0.25,0.0,0.1,0.4,0.0,0.15,,0.41219077374801555,-0.44233918732073285,0.19547160833264546,0.8946032621893104,1.7532293017434044,0.4164450646049551,0.42541924831789696,0.3905648900680132,0.8087360843031886,-0.44233918732073285,-0.06666666666666667,-0.02387049580131443,0.5555555555555556,0.6366820122120065,0.0,0.5111111111111111,0.5111111111111111,-0.15555555555555556,0.7378647873726218,0.5111111111111111,0.5555555555555556,0.6,0.4222222222222222,0.13483997249264842,0.1297498240269205,0.6888888888888889,0.4666666666666667,0.6888888888888889,-0.044946657497549475,0.4222222222222222,0.6444444444444445,0.37777777777777777,0.4666666666666667,0.6592611948214577,0.4944132324730442,0.768273325346536,0.4836508334066745,0.3689323936863109,0.8666666666666667,1.0,4.0,8.0,6.0,3.0,7.0,2.0,9.0,5.0,10.0,uniform_lattice
197,0.15,0.2,0.0,0.4,0.05,0.0,0.15,0.0,0.05,,0.4121215332831771,-0.34921514788478913,0.20240775074730386,0.9111638349973968,1.646320269124291,0.4201842440922936,0.4201842440922936,0.38955895956214703,0.8087360843031886,-0.34921514788478913,-0.2,0.02387049580131443,0.5555555555555556,0.6920456654478331,0.09428090415820634,0.37777777777777777,0.5111111111111111,-0.15555555555555556,0.7378647873726218,0.5555555555555556,0.5555555555555556,0.5555555555555556,0.6444444444444445,0.044946657497549475,0.1297498240269205,0.6444444444444445,0.4222222222222222,0.6,0.044946657497549475,0.4222222222222222,0.5555555555555556,0.37777777777777777,0.5111111111111111,0.680336051416609,0.44946657497549475,0.7217113056285641,0.4836508334066745,0.3689323936863109,0.9111111111111111,2.0,4.0,7.0,6.0,3.0,8.0,1.0,9.0,5.0,10.0,lhs
198,0.0,0.1,0.55,0.05,0.05,0.1,0.0,0.1,0.05,,0.41198480320578945,-0.395777167602761,0.20085405924579147,0.9202364585820071,1.6181044257015786,0.4143814846700217,0.4143814846700217,0.39539168344700015,0.8087360843031886,-0.395777167602761,-0.1111111111111111,-0.02387049580131443,0.3333333333333333,0.6366820122120065,0.04714045207910317,0.4666666666666667,0.5111111111111111,-0.24444444444444444,0.7378647873726218,0.5111111111111111,0.6444444444444445,0.6,0.5555555555555556,0.08989331499509895,0.1816497536376887,0.6888888888888889,0.4666666666666667,0.6292532049656926,0.0,0.4773960376293314,0.5555555555555556,0.4222222222222222,0.5555555555555556,0.6137949055234261,0.5683286162253945,0.7217113056285641,0.5320159167473419,0.3689323936863109,0.8222222222222222,2.0,4.0,8.0,6.0,3.0,7.0,1.0,9.0,5.0,10.0,dirichlet
199,0.15,0.05,0.0,0.05,0.05,0.1,0.35,0.2,0.05,,0.4118595554420884,-0.395777167602761,0.2003371616524199,0.9063714509822743,1.7047848489047204,0.41875055233602126,0.42836602121938605,0.3863015636250179,0.8087360843031886,-0.395777167602761,-0.1111111111111111,0.02387049580131443,0.6,0.6920456654478331,0.04714045207910317,0.5111111111111111,0.5111111111111111,-0.1111111111111111,0.7378647873726218,0.5555555555555556,0.5555555555555556,0.5555555555555556,0.4666666666666667,0.08989331499509895,0.0778498944161523,0.7333333333333333,0.37777777777777777,0.6444444444444445,0.0,0.37777777777777777,0.5555555555555556,0.3333333333333333,0.5111111111111111,0.730731314484506,0.44946657497549475,0.768273325346536,0.435285750066007,0.3689323936863109,0.8666666666666667,1.0,4.0,7.0,6.0,3.0,8.0,2.0,9.0,5.0,10.0,dirichlet
200,0.0,0.0,0.0,0.2,0.2,0.4,0.05,0.1,0.05,,0.4118595554420884,-0.395777167602761,0.20167733144841007,0.8941870808586895,1.7718413564673936,0.4184861927578152,0.4280256361039664,0.3805667965999283,0.8087360843031886,-0.395777167602761,-0.1111111111111111,0.02387049580131443,0.6,0.6920456654478331,0.04714045207910317,0.4666666666666667,0.4666666666666667,-0.2,0.7378647873726218,0.5111111111111111,0.5111111111111111,0.6444444444444445,0.6444444444444445,0.08989331499509895,0.0778498944161523,0.6888888888888889,0.37777777777777777,0.6444444444444445,0.0,0.37777777777777777,0.5555555555555556,0.3333333333333333,0.6444444444444445,0.730731314484506,0.44946657497549475,0.768273325346536,0.435285750066007,0.3689323936863109,0.7777777777777778,1.0,4.0,7.0,6.0,3.0,8.0,2.0,9.0,5.0,10.0,uniform_lattice
201,0.15,0.1,0.2,0.15,0.05,0.1,0.05,0.1,0.1,,0.4114578996205306,-0.34921514788478913,0.20680888027729946,0.9215743438906644,1.5937000091522369,0.4178290313078705,0.4268517899533346,0.4005510073085629,0.8087360843031886,-0.34921514788478913,-0.2,0.02387049580131443,0.5555555555555556,0.6920456654478331,0.09428090415820634,0.5555555555555556,0.4666666666666667,-0.2,0.7378647873726218,0.5555555555555556,0.6,0.5111111111111111,0.6888888888888889,0.044946657497549475,0.1297498240269205,0.6444444444444445,0.4222222222222222,0.6,0.044946657497549475,0.4222222222222222,0.5555555555555556,0.37777777777777777,0.4666666666666667,0.6592611948214577,0.4944132324730442,0.7217113056285641,0.4836508334066745,0.3689323936863109,0.7777777777777778,2.0,4.0,7.0,6.0,3.0,8.0,1.0,9.0,5.0,10.0,lhs
202,0.1,0.2,0.15,0.05,0.1,0.1,0.1,0.1,0.1,,0.41145789962053053,-0.34921514788478913,0.20658342905007715,0.9274619290964042,1.5974833524784913,0.4178949567822954,0.4269200293024106,0.3977495492704431,0.8087360843031886,-0.34921514788478913,-0.2,0.02387049580131443,0.5555555555555556,0.6920456654478331,0.09428090415820634,0.5111111111111111,0.4666666666666667,-0.2,0.7378647873726218,0.5555555555555556,0.6,0.5111111111111111,0.6444444444444445,0.044946657497549475,0.1297498240269205,0.6888888888888889,0.4222222222222222,0.6,0.044946657497549475,0.4222222222222222,0.5555555555555556,0.37777777777777777,0.5111111111111111,0.6592611948214577,0.4944132324730442,0.7217113056285641,0.4836508334066745,0.3689323936863109,0.7777777777777778,2.0,4.0,7.0,6.0,3.0,8.0,1.0,9.0,5.0,10.0,dirichlet
203,0.0,0.05,0.05,0.0,0.1,0.15,0.05,0.15,0.45,,0.4114416991994626,-0.34921514788478913,0.20180856522310853,0.9034526942083234,1.720083368886843,0.42074613987377235,0.42074613987377235,0.3891311983117408,0.8087360843031886,-0.34921514788478913,-0.2,0.02387049580131443,0.5555555555555556,0.6920456654478331,0.09428090415820634,0.5111111111111111,0.4222222222222222,-0.2,0.7378647873726218,0.5555555555555556,0.6,0.6,0.6444444444444445,0.044946657497549475,0.1297498240269205,0.6444444444444445,0.37777777777777777,0.6,0.044946657497549475,0.4222222222222222,0.5555555555555556,0.37777777777777777,0.6,0.6592611948214577,0.44946657497549475,0.7217113056285641,0.4836508334066745,0.3689323936863109,0.7777777777777778,2.0,4.0,7.0,6.0,3.0,8.0,1.0,9.0,5.0,10.0,uniform_lattice
204,0.0,0.05,0.1,0.25,0.1,0.05,0.05,0.05,0.35,,0.4114416991994626,-0.34921514788478913,0.19972792459308927,0.899031688214079,1.679104330117734,0.41781283088680254,0.41781283088680254,0.3890652728373158,0.8087360843031886,-0.34921514788478913,-0.2,0.02387049580131443,0.5555555555555556,0.6920456654478331,0.09428090415820634,0.5555555555555556,0.4222222222222222,-0.24444444444444444,0.7378647873726218,0.5555555555555556,0.5555555555555556,0.6444444444444445,0.6,0.044946657497549475,0.1297498240269205,0.6444444444444445,0.4222222222222222,0.6,0.044946657497549475,0.4222222222222222,0.5555555555555556,0.37777777777777777,0.6,0.6592611948214577,0.44946657497549475,0.7217113056285641,0.4836508334066745,0.3689323936863109,0.7777777777777778,2.0,4.0,7.0,6.0,3.0,8.0,1.0,9.0,5.0,10.0,lhs
205,0.05,0.15,0.15,0.05,0.15,0.1,0.1,0.0,0.25,,0.41144169919946255,-0.34921514788478913,0.20257540500224872,0.9184999351669568,1.6339394267084135,0.41781283088680254,0.425351008968821,0.39193265634986063,0.8087360843031886,-0.34921514788478913,-0.2,0.02387049580131443,0.5555555555555556,0.6920456654478331,0.09428090415820634,0.5111111111111111,0.4666666666666667,-0.24444444444444444,0.7378647873726218,0.5555555555555556,0.6,0.5555555555555556,0.6888888888888889,0.044946657497549475,0.1297498240269205,0.7333333333333333,0.4222222222222222,0.6,0.044946657497549475,0.4222222222222222,0.5555555555555556,0.37777777777777777,0.5111111111111111,0.6592611948214577,0.44946657497549475,0.7217113056285641,0.4836508334066745,0.3689323936863109,0.7333333333333333,2.0,4.0,7.0,6.0,3.0,8.0,1.0,9.0,5.0,10.0,dirichlet
206,0.05,0.15,0.1,0.1,0.15,0.15,0.05,0.0,0.25,,0.41144169919946255,-0.34921514788478913,0.1996876843711614,0.9079799651514876,1.6339246037695554,0.41781283088680254,0.41781283088680254,0.3861978893247709,0.8087360843031886,-0.34921514788478913,-0.2,0.02387049580131443,0.5555555555555556,0.6920456654478331,0.09428090415820634,0.5111111111111111,0.4666666666666667,-0.24444444444444444,0.7378647873726218,0.5555555555555556,0.6,0.6444444444444445,0.6,0.044946657497549475,0.1297498240269205,0.6888888888888889,0.4222222222222222,0.6,0.044946657497549475,0.4222222222222222,0.5555555555555556,0.37777777777777777,0.5111111111111111,0.6592611948214577,0.44946657497549475,0.7217113056285641,0.4836508334066745,0.3689323936863109,0.7777777777777778,2.0,4.0,7.0,6.0,3.0,8.0,1.0,9.0,5.0,10.0,lhs
207,0.05,0.1,0.25,0.1,0.1,0.05,0.05,0.1,0.2,,0.4111942594077664,-0.395777167602761,0.2013302908126481,0.9215773585144292,1.614896118603996,0.41214104869465845,0.4134367193581868,0.39338254852720095,0.8087360843031886,-0.395777167602761,-0.15555555555555556,-0.02387049580131443,0.5111111111111111,0.6366820122120065,0.04714045207910317,0.4666666666666667,0.5111111111111111,-0.28888888888888886,0.7378647873726218,0.5111111111111111,0.6444444444444445,0.6,0.6444444444444445,0.08989331499509895,0.1816497536376887,0.6,0.4666666666666667,0.6444444444444445,0.0,0.4666666666666667,0.6,0.4222222222222222,0.5111111111111111,0.6137949055234261,0.5393598899705937,0.7217113056285641,0.5320159167473419,0.3689323936863109,0.7333333333333333,2.0,4.0,8.0,6.0,3.0,7.0,1.0,9.0,5.0,10.0,lhs
208,0.05,0.1,0.25,0.15,0.05,0.05,0.1,0.1,0.15,,0.4111942594077664,-0.395777167602761,0.20192211692685924,0.918588331299026,1.6240166089536807,0.41214104869465845,0.42239975408660974,0.3991173155522905,0.8087360843031886,-0.395777167602761,-0.15555555555555556,-0.02387049580131443,0.5111111111111111,0.6366820122120065,0.04714045207910317,0.5111111111111111,0.5111111111111111,-0.28888888888888886,0.7378647873726218,0.5111111111111111,0.6444444444444445,0.5555555555555556,0.5555555555555556,0.08989331499509895,0.1816497536376887,0.6,0.4666666666666667,0.6444444444444445,0.0,0.4666666666666667,0.6,0.4222222222222222,0.4666666666666667,0.6137949055234261,0.5393598899705937,0.7217113056285641,0.5320159167473419,0.3689323936863109,0.8666666666666667,2.0,4.0,8.0,6.0,3.0,7.0,1.0,9.0,5.0,10.0,dirichlet
209,0.05,0.1,0.25,0.1,0.05,0.05,0.2,0.15,0.05,,0.4111780589866985,-0.395777167602761,0.2016870661797245,0.9111103493251532,1.6483867193082862,0.41383474163541933,0.425419248317897,0.39916704060564756,0.8087360843031886,-0.395777167602761,-0.1111111111111111,-0.02387049580131443,0.4666666666666667,0.6366820122120065,0.04714045207910317,0.5111111111111111,0.5111111111111111,-0.24444444444444444,0.7378647873726218,0.5111111111111111,0.6444444444444445,0.5555555555555556,0.5111111111111111,0.08989331499509895,0.1816497536376887,0.6444444444444445,0.4666666666666667,0.6444444444444445,0.0,0.4666666666666667,0.6,0.4222222222222222,0.4222222222222222,0.6137949055234261,0.4944132324730442,0.7217113056285641,0.5320159167473419,0.3689323936863109,0.9111111111111111,2.0,4.0,8.0,6.0,3.0,7.0,1.0,9.0,5.0,10.0,uniform_lattice
210,0.0,0.0,0.15,0.4,0.2,0.1,0.0,0.0,0.15,,0.4110588020212401,-0.34921514788478913,0.20151570599384758,0.9009704906819578,1.691111496185413,0.418743208126338,0.418743208126338,0.38889567292759447,0.8087360843031886,-0.34921514788478913,-0.2,0.02387049580131443,0.6,0.6920456654478331,0.09428090415820634,0.5555555555555556,0.4222222222222222,-0.24444444444444444,0.7378647873726218,0.5111111111111111,0.5555555555555556,0.7777777777777778,0.6444444444444445,0.044946657497549475,0.1297498240269205,0.6,0.4222222222222222,0.5843065474681431,0.044946657497549475,0.4319297483312999,0.5555555555555556,0.37777777777777777,0.6,0.5820252464746485,0.4319297483312999,0.7217113056285641,0.4836508334066745,0.3689323936863109,0.7333333333333333,2.0,4.0,7.0,6.0,3.0,8.0,1.0,9.0,5.0,10.0,uniform_lattice
211,0.05,0.15,0.1,0.05,0.15,0.15,0.15,0.05,0.15,,0.4110207222045072,-0.395777167602761,0.19884438821939115,0.9155480423535529,1.6538806002210222,0.4164450646049551,0.423935236362322,0.3905648900680132,0.8087360843031886,-0.395777167602761,-0.15555555555555556,0.02387049580131443,0.6,0.6920456654478331,0.04714045207910317,0.4666666666666667,0.5111111111111111,-0.15555555555555556,0.7378647873726218,0.6,0.5555555555555556,0.5555555555555556,0.6444444444444445,0.08989331499509895,0.0778498944161523,0.7333333333333333,0.37777777777777777,0.6444444444444445,0.0,0.37777777777777777,0.5111111111111111,0.3333333333333333,0.5555555555555556,0.7047274841194893,0.44946657497549475,0.768273325346536,0.435285750066007,0.3689323936863109,0.7777777777777778,1.0,4.0,7.0,6.0,3.0,8.0,2.0,9.0,5.0,10.0,dirichlet
212,0.05,0.05,0.2,0.15,0.15,0.0,0.1,0.3,0.0,,0.4110207222045072,-0.395777167602761,0.20462680406762382,0.9081093626767909,1.6497689977787275,0.4164450646049551,0.4164450646049551,0.3962996570931028,0.8087360843031886,-0.395777167602761,-0.15555555555555556,0.02387049580131443,0.6,0.6920456654478331,0.04714045207910317,0.4666666666666667,0.5111111111111111,-0.15555555555555556,0.7378647873726218,0.6,0.5555555555555556,0.5555555555555556,0.6888888888888889,0.08989331499509895,0.0778498944161523,0.6444444444444445,0.37777777777777777,0.6444444444444445,0.0,0.37777777777777777,0.5111111111111111,0.3333333333333333,0.6,0.7047274841194893,0.44946657497549475,0.768273325346536,0.435285750066007,0.3689323936863109,0.7777777777777778,1.0,4.0,7.0,6.0,3.0,8.0,2.0,9.0,5.0,10.0,uniform_lattice
213,0.1,0.05,0.1,0.15,0.2,0.0,0.15,0.05,0.2,,0.4110207222045072,-0.395777167602761,0.19943018413828092,0.906495321977514,1.6719317747965816,0.4164450646049551,0.423935236362322,0.3905648900680132,0.8087360843031886,-0.395777167602761,-0.15555555555555556,0.02387049580131443,0.6,0.6920456654478331,0.04714045207910317,0.4666666666666667,0.5111111111111111,-0.1111111111111111,0.7378647873726218,0.6,0.5555555555555556,0.5111111111111111,0.6888888888888889,0.08989331499509895,0.0778498944161523,0.7333333333333333,0.37777777777777777,0.6444444444444445,0.0,0.37777777777777777,0.5111111111111111,0.3333333333333333,0.5111111111111111,0.7047274841194893,0.44946657497549475,0.768273325346536,0.435285750066007,0.3689323936863109,0.7777777777777778,1.0,4.0,7.0,6.0,3.0,8.0,2.0,9.0,5.0,10.0,dirichlet
214,0.1,0.05,0.05,0.2,0.15,0.1,0.15,0.2,0.0,,0.4110207222045072,-0.395777167602761,0.1989255869861919,0.899054745508473,1.6775674913920942,0.4164450646049552,0.4164450646049552,0.3905648900680132,0.8087360843031886,-0.395777167602761,-0.2,0.02387049580131443,0.6,0.6920456654478331,0.04714045207910317,0.4666666666666667,0.4666666666666667,-0.1111111111111111,0.7378647873726218,0.5555555555555556,0.5111111111111111,0.5555555555555556,0.6888888888888889,0.08989331499509895,0.0778498944161523,0.6888888888888889,0.37777777777777777,0.6444444444444445,0.0,0.37777777777777777,0.5555555555555556,0.3333333333333333,0.6,0.7047274841194893,0.44946657497549475,0.768273325346536,0.435285750066007,0.3689323936863109,0.8222222222222222,1.0,4.0,7.0,6.0,3.0,8.0,2.0,9.0,5.0,10.0,dirichlet
215,0.05,0.0,0.05,0.2,0.1,0.3,0.0,0.05,0.25,,0.41073520138551667,-0.395777167602761,0.1983775648980291,0.8985014698821833,1.701174184479924,0.41610981873260755,0.4205895107982492,0.38245549490333597,0.8087360843031886,-0.395777167602761,-0.15555555555555556,0.02387049580131443,0.6444444444444445,0.6920456654478331,0.04714045207910317,0.4666666666666667,0.4666666666666667,-0.24444444444444444,0.7378647873726218,0.5555555555555556,0.5111111111111111,0.6444444444444445,0.6888888888888889,0.08989331499509895,0.0778498944161523,0.6888888888888889,0.37777777777777777,0.6,0.0,0.4319297483312999,0.5111111111111111,0.3333333333333333,0.6444444444444445,0.6592611948214577,0.4319297483312999,0.768273325346536,0.435285750066007,0.3689323936863109,0.8222222222222222,1.0,4.0,7.0,6.0,3.0,8.0,2.0,9.0,5.0,10.0,dirichlet
216,0.1,0.1,0.1,0.15,0.1,0.35,0.0,0.1,0.0,,0.4106499379762187,-0.34921514788478913,0.20160204143591487,0.9063471621572428,1.6221856464596685,0.4213383453534437,0.4213383453534437,0.39249133719724283,0.8087360843031886,-0.34921514788478913,-0.24444444444444444,0.02387049580131443,0.5555555555555556,0.6920456654478331,0.09428090415820634,0.5555555555555556,0.4222222222222222,-0.24444444444444444,0.7378647873726218,0.5555555555555556,0.5555555555555556,0.7333333333333333,0.6444444444444445,0.044946657497549475,0.1297498240269205,0.6,0.4222222222222222,0.5843065474681431,0.044946657497549475,0.4319297483312999,0.5555555555555556,0.37777777777777777,0.6,0.6137949055234261,0.4319297483312999,0.7217113056285641,0.4836508334066745,0.3689323936863109,0.7777777777777778,2.0,4.0,7.0,6.0,3.0,8.0,1.0,9.0,5.0,10.0,uniform_lattice
217,0.0,0.0,0.0,0.0,0.0,1.0,0.0,0.0,0.0,f1_only,0.41061030610151267,-0.395777167602761,0.19863946806812766,0.8929027600224394,1.7736731796329563,0.4175007411003687,0.42215088647603377,0.3752849620337416,0.8087360843031886,-0.395777167602761,-0.1111111111111111,0.02387049580131443,0.6444444444444445,0.6920456654478331,0.04714045207910317,0.4666666666666667,0.4944132324730442,-0.24444444444444444,0.7378647873726218,0.5111111111111111,0.5111111111111111,0.6292532049656926,0.6592611948214577,0.08989331499509895,0.0778498944161523,0.6888888888888889,0.4222222222222222,0.6292532049656926,0.0,0.4319297483312999,0.5555555555555556,0.3333333333333333,0.6444444444444445,0.598764159346999,0.4319297483312999,0.768273325346536,0.435285750066007,0.3689323936863109,0.7777777777777778,1.0,4.0,7.0,6.0,3.0,8.0,2.0,9.0,5.0,10.0,f1_only
218,0.05,0.15,0.25,0.0,0.3,0.05,0.0,0.1,0.1,,0.41051814871230446,-0.395777167602761,0.20090739249956108,0.9185634271061021,1.6195964008622021,0.41291483017653674,0.41291483017653674,0.3936679684105063,0.8087360843031886,-0.395777167602761,-0.2,-0.02387049580131443,0.5555555555555556,0.6366820122120065,0.04714045207910317,0.4666666666666667,0.5111111111111111,-0.28888888888888886,0.7378647873726218,0.5111111111111111,0.6444444444444445,0.6444444444444445,0.6,0.08989331499509895,0.1816497536376887,0.6444444444444445,0.4222222222222222,0.6292532049656926,0.0,0.4773960376293314,0.6,0.4222222222222222,0.5111111111111111,0.6137949055234261,0.522862326927363,0.7217113056285641,0.5320159167473419,0.3689323936863109,0.7333333333333333,2.0,4.0,8.0,6.0,3.0,7.0,1.0,9.0,5.0,10.0,lhs
219,0.15,0.1,0.0,0.35,0.1,0.05,0.1,0.1,0.05,,0.410425863685816,-0.395777167602761,0.19928901723763323,0.9094529961490764,1.656097058527101,0.4173168605797488,0.4173168605797488,0.38955895956214703,0.8087360843031886,-0.395777167602761,-0.15555555555555556,0.02387049580131443,0.6,0.6920456654478331,0.04714045207910317,0.4666666666666667,0.4666666666666667,-0.1111111111111111,0.7378647873726218,0.6,0.5111111111111111,0.6,0.6444444444444445,0.08989331499509895,0.0778498944161523,0.6444444444444445,0.37777777777777777,0.6444444444444445,0.0,0.37777777777777777,0.5111111111111111,0.3333333333333333,0.5111111111111111,0.730731314484506,0.44946657497549475,0.768273325346536,0.435285750066007,0.3689323936863109,0.8666666666666667,1.0,4.0,7.0,6.0,3.0,8.0,2.0,9.0,5.0,10.0,uniform_lattice
220,0.1,0.0,0.0,0.05,0.05,0.0,0.15,0.0,0.65,,0.410425863685816,-0.395777167602761,0.20038163817037413,0.9063145340015494,1.718726937533305,0.4173168605797488,0.4173168605797488,0.3820004883562007,0.8087360843031886,-0.395777167602761,-0.15555555555555556,0.02387049580131443,0.6,0.6920456654478331,0.04714045207910317,0.4666666666666667,0.5111111111111111,-0.15555555555555556,0.7378647873726218,0.6,0.5555555555555556,0.5555555555555556,0.6888888888888889,0.08989331499509895,0.0778498944161523,0.6888888888888889,0.3333333333333333,0.6444444444444445,0.0,0.37777777777777777,0.5111111111111111,0.3333333333333333,0.5555555555555556,0.730731314484506,0.44946657497549475,0.768273325346536,0.435285750066007,0.3689323936863109,0.7777777777777778,1.0,4.0,7.0,6.0,3.0,8.0,2.0,9.0,5.0,10.0,dirichlet
221,0.05,0.1,0.0,0.15,0.05,0.0,0.5,0.1,0.05,,0.410425863685816,-0.395777167602761,0.19746391428708973,0.9033360001541211,1.7577843975919496,0.41731686057974887,0.42688200926381115,0.3848678718687456,0.8087360843031886,-0.395777167602761,-0.1111111111111111,0.02387049580131443,0.6,0.6920456654478331,0.04714045207910317,0.5111111111111111,0.5111111111111111,-0.1111111111111111,0.7378647873726218,0.5111111111111111,0.5555555555555556,0.5555555555555556,0.37777777777777777,0.08989331499509895,0.0778498944161523,0.7777777777777778,0.4222222222222222,0.6444444444444445,0.0,0.37777777777777777,0.6,0.28888888888888886,0.5111111111111111,0.730731314484506,0.44946657497549475,0.768273325346536,0.435285750066007,0.3689323936863109,0.8666666666666667,1.0,4.0,7.0,6.0,3.0,8.0,2.0,9.0,5.0,10.0,uniform_lattice
222,0.05,0.0,0.0,0.05,0.05,0.05,0.1,0.3,0.4,,0.410425863685816,-0.395777167602761,0.20029234473681737,0.9002151260735732,1.7303740189165437,0.4173168605797488,0.4173168605797488,0.37913310484365587,0.8087360843031886,-0.395777167602761,-0.15555555555555556,0.02387049580131443,0.6,0.6920456654478331,0.04714045207910317,0.4666666666666667,0.4666666666666667,-0.15555555555555556,0.7378647873726218,0.5555555555555556,0.5111111111111111,0.5555555555555556,0.6444444444444445,0.08989331499509895,0.0778498944161523,0.6888888888888889,0.37777777777777777,0.6444444444444445,0.0,0.37777777777777777,0.5555555555555556,0.3333333333333333,0.6,0.730731314484506,0.44946657497549475,0.768273325346536,0.435285750066007,0.3689323936863109,0.8222222222222222,1.0,4.0,7.0,6.0,3.0,8.0,2.0,9.0,5.0,10.0,lhs
223,0.0,0.05,0.0,0.1,0.05,0.05,0.3,0.2,0.25,,0.410425863685816,-0.395777167602761,0.19512334332114994,0.8957947905072637,1.7534937993858688,0.4173168605797488,0.4173168605797488,0.3820004883562007,0.8087360843031886,-0.395777167602761,-0.1111111111111111,0.02387049580131443,0.6,0.6920456654478331,0.04714045207910317,0.5111111111111111,0.4666666666666667,-0.15555555555555556,0.7378647873726218,0.5555555555555556,0.5111111111111111,0.5555555555555556,0.5555555555555556,0.08989331499509895,0.0778498944161523,0.6888888888888889,0.37777777777777777,0.6444444444444445,0.0,0.37777777777777777,0.6,0.3333333333333333,0.5555555555555556,0.730731314484506,0.44946657497549475,0.768273325346536,0.435285750066007,0.3689323936863109,0.8222222222222222,1.0,4.0,7.0,6.0,3.0,8.0,2.0,9.0,5.0,10.0,lhs
224,0.0,0.0,0.0,0.35,0.1,0.2,0.3,0.0,0.05,,0.410425863685816,-0.395777167602761,0.1953965424508506,0.8837434936131673,1.7791355615155229,0.41731686057974876,0.41731686057974876,0.37913310484365587,0.8087360843031886,-0.395777167602761,-0.06666666666666667,0.02387049580131443,0.6,0.6920456654478331,0.04714045207910317,0.5555555555555556,0.4666666666666667,-0.2,0.7378647873726218,0.5555555555555556,0.5111111111111111,0.5111111111111111,0.4666666666666667,0.08989331499509895,0.0778498944161523,0.6888888888888889,0.4222222222222222,0.6444444444444445,0.0,0.37777777777777777,0.6,0.3333333333333333,0.5555555555555556,0.730731314484506,0.44946657497549475,0.768273325346536,0.435285750066007,0.3689323936863109,0.8666666666666667,1.0,4.0,7.0,6.0,3.0,8.0,2.0,9.0,5.0,10.0,dirichlet
225,0.0,0.25,0.1,0.1,0.05,0.0,0.1,0.1,0.3,,0.4100080074431902,-0.34921514788478913,0.19934681720596378,0.9199839471225318,1.613599256452786,0.4164450646049552,0.4164450646049552,0.39343227358055805,0.8087360843031886,-0.34921514788478913,-0.2,0.02387049580131443,0.5555555555555556,0.6920456654478331,0.09428090415820634,0.5111111111111111,0.4666666666666667,-0.24444444444444444,0.7378647873726218,0.5555555555555556,0.6,0.5111111111111111,0.6444444444444445,0.044946657497549475,0.1297498240269205,0.6444444444444445,0.4222222222222222,0.6,0.044946657497549475,0.4222222222222222,0.6,0.37777777777777777,0.5111111111111111,0.6592611948214577,0.44946657497549475,0.7217113056285641,0.4836508334066745,0.3689323936863109,0.8222222222222222,2.0,4.0,7.0,6.0,3.0,8.0,1.0,9.0,5.0,10.0,uniform_lattice
226,0.05,0.2,0.1,0.15,0.15,0.15,0.05,0.0,0.15,,0.4100080074431902,-0.34921514788478913,0.19732836527342487,0.9184825777048667,1.615072497884464,0.41351175561798537,0.41351175561798537,0.3847641975684986,0.8087360843031886,-0.34921514788478913,-0.2,0.02387049580131443,0.5555555555555556,0.6920456654478331,0.09428090415820634,0.5111111111111111,0.4666666666666667,-0.28888888888888886,0.7378647873726218,0.5555555555555556,0.6,0.6,0.6444444444444445,0.044946657497549475,0.1297498240269205,0.6444444444444445,0.4222222222222222,0.6,0.044946657497549475,0.4222222222222222,0.5555555555555556,0.37777777777777777,0.5555555555555556,0.6592611948214577,0.44946657497549475,0.7217113056285641,0.4836508334066745,0.3689323936863109,0.7777777777777778,2.0,4.0,7.0,6.0,3.0,8.0,1.0,9.0,5.0,10.0,lhs
227,0.0,0.2,0.1,0.05,0.0,0.35,0.1,0.05,0.15,,0.4100080074431902,-0.34921514788478913,0.20004134994405304,0.9155300536730643,1.6285583400259873,0.4193124481174999,0.4193124481174999,0.3962996570931028,0.8087360843031886,-0.34921514788478913,-0.2,0.02387049580131443,0.5555555555555556,0.6920456654478331,0.09428090415820634,0.5111111111111111,0.4666666666666667,-0.24444444444444444,0.7378647873726218,0.5555555555555556,0.6,0.5555555555555556,0.6444444444444445,0.044946657497549475,0.1297498240269205,0.6,0.4222222222222222,0.6,0.044946657497549475,0.4222222222222222,0.6,0.37777777777777777,0.5111111111111111,0.6592611948214577,0.44946657497549475,0.7217113056285641,0.4836508334066745,0.3689323936863109,0.8222222222222222,2.0,4.0,7.0,6.0,3.0,8.0,1.0,9.0,5.0,10.0,uniform_lattice
228,0.05,0.25,0.05,0.0,0.05,0.0,0.15,0.25,0.2,,0.41000800744319016,-0.34921514788478913,0.20192832446737785,0.9184639578059794,1.6176673359082974,0.41931244811749996,0.4283872722290469,0.3991670406056476,0.8087360843031886,-0.34921514788478913,-0.15555555555555556,0.02387049580131443,0.5555555555555556,0.6920456654478331,0.09428090415820634,0.5111111111111111,0.4666666666666667,-0.15555555555555556,0.7378647873726218,0.5555555555555556,0.6,0.5111111111111111,0.6,0.044946657497549475,0.1297498240269205,0.6444444444444445,0.4222222222222222,0.6,0.044946657497549475,0.4222222222222222,0.6,0.37777777777777777,0.4666666666666667,0.6592611948214577,0.44946657497549475,0.7217113056285641,0.4836508334066745,0.3689323936863109,0.7777777777777778,2.0,4.0,7.0,6.0,3.0,8.0,1.0,9.0,5.0,10.0,uniform_lattice
229,0.2,0.05,0.05,0.15,0.1,0.0,0.25,0.15,0.05,,0.41000800744319016,-0.34921514788478913,0.19926577023829153,0.9095903600086009,1.6572021585794208,0.41931244811749996,0.4283872722290469,0.39343227358055793,0.8087360843031886,-0.34921514788478913,-0.15555555555555556,0.02387049580131443,0.5555555555555556,0.6920456654478331,0.09428090415820634,0.5555555555555556,0.4666666666666667,-0.15555555555555556,0.7378647873726218,0.5555555555555556,0.6,0.5111111111111111,0.5555555555555556,0.044946657497549475,0.1297498240269205,0.6888888888888889,0.4222222222222222,0.6,0.044946657497549475,0.4222222222222222,0.5555555555555556,0.37777777777777777,0.4666666666666667,0.6592611948214577,0.44946657497549475,0.7217113056285641,0.4836508334066745,0.3689323936863109,0.7777777777777778,2.0,4.0,7.0,6.0,3.0,8.0,1.0,9.0,5.0,10.0,uniform_lattice
230,0.05,0.05,0.15,0.05,0.2,0.35,0.1,0.05,0.0,,0.41000800744319016,-0.34921514788478913,0.20103842336896705,0.9080153112940662,1.6804132562018625,0.41637913913053015,0.41637913913053015,0.3876315810810433,0.8087360843031886,-0.34921514788478913,-0.2,0.02387049580131443,0.5555555555555556,0.6920456654478331,0.09428090415820634,0.5111111111111111,0.4666666666666667,-0.24444444444444444,0.7378647873726218,0.5555555555555556,0.6,0.5111111111111111,0.6444444444444445,0.044946657497549475,0.1297498240269205,0.6888888888888889,0.4222222222222222,0.6,0.044946657497549475,0.4222222222222222,0.5555555555555556,0.37777777777777777,0.5555555555555556,0.6592611948214577,0.44946657497549475,0.7217113056285641,0.4836508334066745,0.3689323936863109,0.7777777777777778,2.0,4.0,7.0,6.0,3.0,8.0,1.0,9.0,5.0,10.0,dirichlet
231,0.05,0.05,0.1,0.0,0.0,0.2,0.05,0.45,0.1,,0.41000800744319016,-0.34921514788478913,0.20267909968824668,0.9049025863856637,1.654920331085206,0.41931244811749996,0.41931244811749996,0.393432273580558,0.8087360843031886,-0.34921514788478913,-0.2,0.02387049580131443,0.5555555555555556,0.6920456654478331,0.09428090415820634,0.5111111111111111,0.4222222222222222,-0.15555555555555556,0.7378647873726218,0.5555555555555556,0.6,0.6,0.6,0.044946657497549475,0.1297498240269205,0.6,0.4222222222222222,0.6,0.044946657497549475,0.4222222222222222,0.5555555555555556,0.37777777777777777,0.5555555555555556,0.6592611948214577,0.44946657497549475,0.7217113056285641,0.4836508334066745,0.3689323936863109,0.7777777777777778,2.0,4.0,7.0,6.0,3.0,8.0,1.0,9.0,5.0,10.0,uniform_lattice
232,0.0,0.05,0.25,0.25,0.3,0.0,0.05,0.05,0.05,,0.4100080074431901,-0.34921514788478913,0.1997830747342083,0.9080327380794783,1.6643224340093181,0.41095479673008223,0.41095479673008223,0.3847641975684985,0.8087360843031886,-0.34921514788478913,-0.2,0.02387049580131443,0.6,0.6920456654478331,0.09428090415820634,0.4666666666666667,0.4666666666666667,-0.28888888888888886,0.7378647873726218,0.5555555555555556,0.6,0.5555555555555556,0.6,0.044946657497549475,0.1297498240269205,0.6888888888888889,0.4222222222222222,0.6,0.044946657497549475,0.4222222222222222,0.5555555555555556,0.37777777777777777,0.6444444444444445,0.6592611948214577,0.44946657497549475,0.7217113056285641,0.4836508334066745,0.3689323936863109,0.7333333333333333,2.0,4.0,7.0,6.0,3.0,8.0,1.0,9.0,5.0,10.0,lhs
233,0.0,0.2,0.25,0.25,0.0,0.05,0.1,0.05,0.1,,0.409760567651494,-0.395777167602761,0.2043509404614974,0.9159315742581586,1.625401246927004,0.4120942642827809,0.4223997540866098,0.39194885677092856,0.8087360843031886,-0.395777167602761,-0.1111111111111111,-0.02387049580131443,0.5111111111111111,0.6366820122120065,0.04714045207910317,0.4222222222222222,0.5111111111111111,-0.24444444444444444,0.7378647873726218,0.5111111111111111,0.6444444444444445,0.5555555555555556,0.5555555555555556,0.08989331499509895,0.1816497536376887,0.6,0.4666666666666667,0.6444444444444445,0.0,0.4666666666666667,0.6,0.4222222222222222,0.4666666666666667,0.6137949055234261,0.5393598899705937,0.7217113056285641,0.5320159167473419,0.3689323936863109,0.8222222222222222,2.0,4.0,8.0,6.0,3.0,7.0,1.0,9.0,5.0,10.0,lhs
234,0.05,0.0,0.3,0.05,0.0,0.25,0.05,0.05,0.25,,0.409760567651494,-0.395777167602761,0.20096529085714676,0.9141548099354133,1.6301067502007283,0.41070735693838606,0.41943173017545976,0.3976836237960181,0.8087360843031886,-0.395777167602761,-0.15555555555555556,-0.02387049580131443,0.5111111111111111,0.6366820122120065,0.04714045207910317,0.4666666666666667,0.5111111111111111,-0.28888888888888886,0.7378647873726218,0.5111111111111111,0.6444444444444445,0.5555555555555556,0.6444444444444445,0.08989331499509895,0.1816497536376887,0.6444444444444445,0.4666666666666667,0.6444444444444445,0.0,0.4666666666666667,0.6,0.4222222222222222,0.4666666666666667,0.6137949055234261,0.5393598899705937,0.7217113056285641,0.5320159167473419,0.3689323936863109,0.7333333333333333,2.0,4.0,8.0,6.0,3.0,7.0,1.0,9.0,5.0,10.0,dirichlet
235,0.05,0.05,0.45,0.0,0.0,0.05,0.15,0.2,0.05,,0.409760567651494,-0.395777167602761,0.19966287258618276,0.9128118531349275,1.6444004657021813,0.4097943659378866,0.41426799155087307,0.39481624028347334,0.8087360843031886,-0.395777167602761,-0.06666666666666667,-0.02387049580131443,0.37777777777777777,0.6366820122120065,0.04714045207910317,0.5111111111111111,0.5111111111111111,-0.24444444444444444,0.7378647873726218,0.5111111111111111,0.6444444444444445,0.6,0.5111111111111111,0.08989331499509895,0.1816497536376887,0.6444444444444445,0.4666666666666667,0.6,0.0,0.4666666666666667,0.6,0.4222222222222222,0.4666666666666667,0.6137949055234261,0.5393598899705937,0.7217113056285641,0.5320159167473419,0.3689323936863109,0.8222222222222222,2.0,4.0,8.0,6.0,3.0,7.0,1.0,9.0,5.0,10.0,dirichlet
236,0.0,0.05,0.4,0.05,0.2,0.1,0.05,0.05,0.1,,0.409760567651494,-0.395777167602761,0.19796115872532585,0.9126893818062725,1.6449962873732282,0.41070735693838606,0.41070735693838606,0.379309271177241,0.8087360843031886,-0.395777167602761,-0.15555555555555556,-0.02387049580131443,0.4222222222222222,0.6366820122120065,0.04714045207910317,0.4666666666666667,0.5111111111111111,-0.3333333333333333,0.7378647873726218,0.5111111111111111,0.6444444444444445,0.6,0.6,0.08989331499509895,0.1816497536376887,0.6888888888888889,0.4666666666666667,0.6444444444444445,0.0,0.4666666666666667,0.6,0.4222222222222222,0.5111111111111111,0.6137949055234261,0.5393598899705937,0.7217113056285641,0.5320159167473419,0.3689323936863109,0.7777777777777778,2.0,4.0,8.0,6.0,3.0,7.0,1.0,9.0,5.0,10.0,uniform_lattice
237,0.05,0.15,0.2,0.0,0.1,0.1,0.2,0.15,0.05,,0.4097443672304261,-0.395777167602761,0.2025395143219716,0.9169967081665491,1.644757688273003,0.41240104987914694,0.423935236362322,0.4034681158744648,0.8087360843031886,-0.395777167602761,-0.1111111111111111,-0.02387049580131443,0.5111111111111111,0.6366820122120065,0.04714045207910317,0.4666666666666667,0.5111111111111111,-0.24444444444444444,0.7378647873726218,0.5111111111111111,0.6444444444444445,0.5555555555555556,0.5555555555555556,0.08989331499509895,0.1816497536376887,0.6444444444444445,0.4666666666666667,0.6444444444444445,0.0,0.4666666666666667,0.6,0.4222222222222222,0.4222222222222222,0.6137949055234261,0.4944132324730442,0.7217113056285641,0.5320159167473419,0.3689323936863109,0.8222222222222222,2.0,4.0,8.0,6.0,3.0,7.0,1.0,9.0,5.0,10.0,lhs
238,0.05,0.05,0.25,0.0,0.15,0.15,0.1,0.15,0.1,,0.4097443672304261,-0.395777167602761,0.20141910958796905,0.9155480423535529,1.651467742397545,0.41069115651731813,0.4208989731020961,0.3936299883188971,0.8087360843031886,-0.395777167602761,-0.15555555555555556,-0.02387049580131443,0.5111111111111111,0.6366820122120065,0.04714045207910317,0.4666666666666667,0.5111111111111111,-0.24444444444444444,0.7378647873726218,0.5111111111111111,0.6444444444444445,0.6,0.6444444444444445,0.08989331499509895,0.1816497536376887,0.5555555555555556,0.4666666666666667,0.6444444444444445,0.0,0.4666666666666667,0.6,0.4222222222222222,0.4666666666666667,0.6137949055234261,0.4944132324730442,0.7217113056285641,0.5320159167473419,0.3689323936863109,0.7777777777777778,2.0,4.0,8.0,6.0,3.0,7.0,1.0,9.0,5.0,10.0,lhs
239,0.1,0.05,0.15,0.0,0.1,0.05,0.2,0.0,0.35,,0.4097443672304261,-0.395777167602761,0.2000918705365618,0.9140280530370005,1.6698996211401325,0.412078063861713,0.4223829850576711,0.3948000398624054,0.8087360843031886,-0.395777167602761,-0.1111111111111111,-0.02387049580131443,0.5111111111111111,0.6366820122120065,0.04714045207910317,0.4666666666666667,0.5111111111111111,-0.24444444444444444,0.7378647873726218,0.5111111111111111,0.6444444444444445,0.6,0.5111111111111111,0.08989331499509895,0.1816497536376887,0.6444444444444445,0.4666666666666667,0.6444444444444445,0.0,0.4666666666666667,0.6,0.4222222222222222,0.4222222222222222,0.6137949055234261,0.4944132324730442,0.7217113056285641,0.5320159167473419,0.3689323936863109,0.8222222222222222,2.0,4.0,8.0,6.0,3.0,7.0,1.0,9.0,5.0,10.0,dirichlet
240,0.0,0.2,0.05,0.0,0.05,0.0,0.3,0.3,0.1,,0.40974436723042607,-0.395777167602761,0.19849131572858703,0.9125242641415162,1.6829686643097552,0.4150113728486828,0.42541924831789696,0.39773334884937517,0.8087360843031886,-0.395777167602761,-0.1111111111111111,-0.02387049580131443,0.5111111111111111,0.6366820122120065,0.04714045207910317,0.5111111111111111,0.5111111111111111,-0.2,0.7378647873726218,0.5111111111111111,0.6444444444444445,0.5555555555555556,0.4666666666666667,0.08989331499509895,0.1816497536376887,0.6,0.4666666666666667,0.6444444444444445,0.0,0.4666666666666667,0.6444444444444445,0.4222222222222222,0.4222222222222222,0.6137949055234261,0.4944132324730442,0.7217113056285641,0.5320159167473419,0.3689323936863109,0.8222222222222222,2.0,4.0,8.0,6.0,3.0,7.0,1.0,9.0,5.0,10.0,dirichlet
241,0.0,0.1,0.05,0.05,0.05,0.15,0.3,0.0,0.3,,0.40974436723042607,-0.395777167602761,0.19958276997545715,0.9095181395559265,1.7246661934611163,0.41501137284868267,0.42541924831789696,0.3845991097722059,0.8087360843031886,-0.395777167602761,-0.06666666666666667,-0.02387049580131443,0.5111111111111111,0.6366820122120065,0.04714045207910317,0.4666666666666667,0.5111111111111111,-0.2,0.7378647873726218,0.5111111111111111,0.6444444444444445,0.5555555555555556,0.4666666666666667,0.08989331499509895,0.1816497536376887,0.6,0.4666666666666667,0.6444444444444445,0.0,0.4666666666666667,0.6444444444444445,0.4222222222222222,0.4222222222222222,0.6137949055234261,0.4944132324730442,0.7217113056285641,0.5320159167473419,0.3689323936863109,0.8222222222222222,2.0,4.0,8.0,6.0,3.0,7.0,1.0,9.0,5.0,10.0,dirichlet
242,0.05,0.05,0.55,0.1,0.0,0.05,0.2,0.0,0.0,,0.40974380533534943,-0.395777167602761,0.19628621709029404,0.9205158042619637,1.6860895935878315,0.4106905946222414,0.4148696598086683,0.3919320944547839,0.8087360843031886,-0.395777167602761,-0.06666666666666667,-0.02387049580131443,0.3333333333333333,0.6366820122120065,0.04714045207910317,0.5111111111111111,0.5111111111111111,-0.2,0.7378647873726218,0.4666666666666667,0.6888888888888889,0.6,0.5111111111111111,0.08989331499509895,0.1816497536376887,0.6888888888888889,0.4222222222222222,0.6444444444444445,0.0,0.4666666666666667,0.5555555555555556,0.4222222222222222,0.4666666666666667,0.5683286162253945,0.5843065474681431,0.7217113056285641,0.5320159167473419,0.3689323936863109,0.8222222222222222,2.0,4.0,8.0,6.0,3.0,7.0,1.0,9.0,5.0,10.0,uniform_lattice
243,0.0,0.15,0.05,0.25,0.05,0.0,0.0,0.15,0.35,,0.40972248662419963,-0.34921514788478913,0.20083112139775955,0.9059042775937429,1.6460155827758005,0.42041089400142473,0.42041089400142473,0.3924913371972428,0.8087360843031886,-0.34921514788478913,-0.2,0.02387049580131443,0.5555555555555556,0.6920456654478331,0.09428090415820634,0.5555555555555556,0.4222222222222222,-0.24444444444444444,0.7378647873726218,0.5555555555555556,0.5555555555555556,0.7333333333333333,0.6444444444444445,0.044946657497549475,0.1297498240269205,0.6,0.4222222222222222,0.5555555555555556,0.044946657497549475,0.4319297483312999,0.5555555555555556,0.37777777777777777,0.6,0.6137949055234261,0.4319297483312999,0.7217113056285641,0.4836508334066745,0.3689323936863109,0.7333333333333333,2.0,4.0,7.0,6.0,3.0,8.0,1.0,9.0,5.0,10.0,lhs
244,0.05,0.05,0.25,0.0,0.25,0.05,0.1,0.2,0.05,,0.4095870304482348,-0.395777167602761,0.20129504584543068,0.9140757573510859,1.6657047733772294,0.41362446550428783,0.412037114117048,0.3879611467682325,0.8087360843031886,-0.395777167602761,-0.2,0.02387049580131443,0.6,0.6920456654478331,0.04714045207910317,0.4666666666666667,0.5111111111111111,-0.15555555555555556,0.7378647873726218,0.6,0.5555555555555556,0.6,0.6,0.08989331499509895,0.0778498944161523,0.7333333333333333,0.37777777777777777,0.6444444444444445,0.0,0.37777777777777777,0.5111111111111111,0.3333333333333333,0.5555555555555556,0.7047274841194893,0.44946657497549475,0.768273325346536,0.435285750066007,0.3689323936863109,0.7777777777777778,1.0,4.0,7.0,6.0,3.0,8.0,2.0,9.0,5.0,10.0,lhs
245,0.15,0.05,0.05,0.05,0.15,0.1,0.2,0.0,0.25,,0.4095870304482348,-0.395777167602761,0.19753144948315146,0.906495321977514,1.6785063632507955,0.41501137284868267,0.423935236362322,0.38173172625966106,0.8087360843031886,-0.395777167602761,-0.15555555555555556,0.02387049580131443,0.6,0.6920456654478331,0.04714045207910317,0.4666666666666667,0.5111111111111111,-0.1111111111111111,0.7378647873726218,0.6,0.5555555555555556,0.5111111111111111,0.6444444444444445,0.08989331499509895,0.0778498944161523,0.7333333333333333,0.37777777777777777,0.6444444444444445,0.0,0.37777777777777777,0.5111111111111111,0.3333333333333333,0.5111111111111111,0.7047274841194893,0.44946657497549475,0.768273325346536,0.435285750066007,0.3689323936863109,0.7777777777777778,1.0,4.0,7.0,6.0,3.0,8.0,2.0,9.0,5.0,10.0,lhs
246,0.05,0.05,0.05,0.0,0.15,0.0,0.25,0.0,0.45,,0.4093535237457747,-0.37670528747840887,0.19497838533722617,0.9035763919013226,1.738301777659461,0.41214398933613794,0.4209672124511721,0.3788643427471163,0.817874635209406,-0.37670528747840887,-0.1797866299901979,0.02414022747926338,0.5843065474681431,0.6998656386948179,0.07150969419341942,0.44946657497549475,0.4944132324730442,-0.13483997249264842,0.7462025072446364,0.5843065474681431,0.5843065474681431,0.5393598899705937,0.5843065474681431,0.06818181818181818,0.1049727762162956,0.674199862463242,0.40451991747794525,0.6292532049656926,0.022727272727272728,0.40451991747794525,0.5393598899705937,0.3595732599803958,0.4944132324730442,0.6897007348075542,0.45454545454545453,0.7534105749568177,0.4646601886422926,0.3731012536223182,0.764093177458341,1.5,4.0,7.0,6.0,3.0,8.0,1.5,9.0,5.0,10.0,dirichlet
247,0.0,0.0,0.05,0.15,0.0,0.3,0.25,0.25,0.0,,0.4093535237457747,-0.37670528747840887,0.19434606473718502,0.8885063461995588,1.7430980253962693,0.4135776810924103,0.4135776810924103,0.3905648900680132,0.817874635209406,-0.37670528747840887,-0.08989331499509895,0.02414022747926338,0.5843065474681431,0.6998656386948179,0.07150969419341942,0.5843065474681431,0.44946657497549475,-0.1797866299901979,0.7462025072446364,0.5393598899705937,0.5393598899705937,0.4944132324730442,0.40451991747794525,0.06818181818181818,0.1049727762162956,0.6292532049656926,0.44946657497549475,0.6292532049656926,0.022727272727272728,0.40451991747794525,0.5843065474681431,0.3595732599803958,0.5843065474681431,0.6897007348075542,0.45454545454545453,0.7534105749568177,0.4646601886422926,0.3731012536223182,0.8090398349558905,1.5,4.0,7.0,6.0,3.0,8.0,1.5,9.0,5.0,10.0,lhs
248,0.05,0.1,0.15,0.0,0.25,0.0,0.35,0.05,0.05,,0.40932339023547076,-0.44233918732073285,0.19385111943332362,0.9125075018253717,1.7339278179960445,0.40932339023547065,0.41651517658444726,0.38366007149941533,0.8087360843031886,-0.44233918732073285,-0.06666666666666667,-0.02387049580131443,0.5111111111111111,0.6366820122120065,0.0,0.37777777777777777,0.5555555555555556,-0.24444444444444444,0.7378647873726218,0.5555555555555556,0.6,0.5555555555555556,0.5111111111111111,0.13483997249264842,0.1297498240269205,0.7777777777777778,0.4222222222222222,0.6888888888888889,-0.044946657497549475,0.4222222222222222,0.6,0.37777777777777777,0.4666666666666667,0.6592611948214577,0.4944132324730442,0.768273325346536,0.4836508334066745,0.3689323936863109,0.8666666666666667,1.0,4.0,8.0,6.0,3.0,7.0,2.0,9.0,5.0,10.0,uniform_lattice
249,0.1,0.0,0.05,0.1,0.05,0.1,0.55,0.0,0.05,,0.4093233902354707,-0.44233918732073285,0.1923190359029273,0.8961283593293045,1.7862549475874743,0.41096735812287455,0.4209672124511721,0.39056489006801315,0.8087360843031886,-0.44233918732073285,-0.06666666666666667,-0.02387049580131443,0.5111111111111111,0.6366820122120065,0.0,0.4666666666666667,0.5555555555555556,-0.2,0.7378647873726218,0.4666666666666667,0.6,0.6,0.37777777777777777,0.13483997249264842,0.1297498240269205,0.7777777777777778,0.4666666666666667,0.6888888888888889,-0.044946657497549475,0.4222222222222222,0.6444444444444445,0.3333333333333333,0.4666666666666667,0.6592611948214577,0.4944132324730442,0.768273325346536,0.4836508334066745,0.3689323936863109,0.8666666666666667,1.0,4.0,8.0,6.0,3.0,7.0,2.0,9.0,5.0,10.0,dirichlet
250,0.1,0.0,0.6,0.0,0.05,0.0,0.0,0.1,0.15,,0.4091174196932446,-0.395777167602761,0.19991033815212422,0.9172504459903685,1.6165416650717883,0.41151410115747694,0.4156691365885158,0.39825906695954494,0.8087360843031886,-0.395777167602761,-0.1111111111111111,-0.02387049580131443,0.3333333333333333,0.6366820122120065,0.04714045207910317,0.4666666666666667,0.5111111111111111,-0.2,0.7378647873726218,0.5111111111111111,0.6444444444444445,0.6,0.5555555555555556,0.08989331499509895,0.1816497536376887,0.6888888888888889,0.4222222222222222,0.6292532049656926,0.0,0.4773960376293314,0.5555555555555556,0.4222222222222222,0.5111111111111111,0.6137949055234261,0.5683286162253945,0.7217113056285641,0.5320159167473419,0.3689323936863109,0.7777777777777778,2.0,4.0,8.0,6.0,3.0,7.0,1.0,9.0,5.0,10.0,uniform_lattice
251,0.25,0.05,0.1,0.05,0.2,0.0,0.35,0.0,0.0,,0.4090869044529966,-0.42379344841321,0.1957663256109173,0.9125460950715663,1.6734908146817076,0.40809997461032976,0.4194832004955971,0.38029803450338867,0.817874635209406,-0.42379344841321,-0.044946657497549475,-0.02414022747926338,0.5393598899705937,0.6438763875992325,0.02383656473113981,0.44946657497549475,0.5393598899705937,-0.26967994498529685,0.7462025072446364,0.4944132324730442,0.6292532049656926,0.5843065474681431,0.44946657497549475,0.11363636363636363,0.1574591643244434,0.674199862463242,0.44946657497549475,0.674199862463242,-0.022727272727272728,0.44946657497549475,0.5843065474681431,0.40451991747794525,0.44946657497549475,0.643720685820384,0.5,0.7534105749568177,0.5135717874467445,0.3731012536223182,0.8090398349558905,1.5,4.0,8.0,6.0,3.0,7.0,1.5,9.0,5.0,10.0,lhs
252,0.05,0.15,0.1,0.0,0.0,0.0,0.6,0.1,0.0,,0.40905356924365405,-0.42379344841321,0.19024311338444125,0.9096798686000438,1.763434092331738,0.410934395385662,0.4106365563013413,0.3962666943558903,0.817874635209406,-0.42379344841321,0.0,-0.02414022747926338,0.44946657497549475,0.6438763875992325,0.02383656473113981,0.4944132324730442,0.5393598899705937,-0.22473328748774737,0.7462025072446364,0.4944132324730442,0.6292532049656926,0.5393598899705937,0.40451991747794525,0.11363636363636363,0.1574591643244434,0.7191465199607916,0.40451991747794525,0.674199862463242,-0.022727272727272728,0.44946657497549475,0.6292532049656926,0.40451991747794525,0.44946657497549475,0.5977406368332137,0.5,0.7534105749568177,0.5135717874467445,0.3731012536223182,0.8539864924534399,1.5,4.0,8.0,6.0,3.0,7.0,1.5,9.0,5.0,10.0,uniform_lattice
253,0.0,0.05,0.8,0.0,0.1,0.05,0.0,0.0,0.0,,0.409020235547375,-0.44233918732073285,0.19441430977808516,0.9140873308700683,1.6757268379979091,0.40902023554737493,0.40902023554737493,0.3716392379486903,0.8087360843031886,-0.44233918732073285,-0.022222222222222223,-0.02387049580131443,0.4222222222222222,0.6366820122120065,0.0,0.5555555555555556,0.6444444444444445,-0.2,0.7378647873726218,0.5111111111111111,0.6444444444444445,0.6444444444444445,0.5555555555555556,0.13483997249264842,0.1297498240269205,0.7333333333333333,0.3333333333333333,0.674199862463242,-0.044946657497549475,0.4773960376293314,0.4666666666666667,0.3333333333333333,0.37777777777777777,0.5354632267566767,0.5683286162253945,0.768273325346536,0.4836508334066745,0.3689323936863109,0.8666666666666667,1.0,4.0,8.0,6.0,3.0,7.0,2.0,9.0,5.0,10.0,uniform_lattice
254,0.0,0.0,0.2,0.0,0.15,0.1,0.0,0.0,0.55,,0.4086976589129488,-0.34921514788478913,0.20271326555534774,0.9067201324075874,1.6904355004171991,0.4163820650180466,0.4238774673878863,0.3788589329434449,0.8087360843031886,-0.34921514788478913,-0.2,0.02387049580131443,0.6,0.6920456654478331,0.09428090415820634,0.5111111111111111,0.4666666666666667,-0.24444444444444444,0.7378647873726218,0.5555555555555556,0.6,0.6,0.6444444444444445,0.044946657497549475,0.1297498240269205,0.6888888888888889,0.37777777777777777,0.5555555555555556,0.044946657497549475,0.4319297483312999,0.5555555555555556,0.37777777777777777,0.6,0.5820252464746485,0.4319297483312999,0.7217113056285641,0.4836508334066745,0.3689323936863109,0.7333333333333333,2.0,4.0,7.0,6.0,3.0,8.0,1.0,9.0,5.0,10.0,uniform_lattice
255,0.1,0.05,0.1,0.25,0.15,0.1,0.1,0.15,0.0,,0.4085743156869178,-0.34921514788478913,0.20118738108630904,0.9035969905083612,1.656903751182541,0.41787875636122757,0.41787875636122757,0.3948659653368304,0.8087360843031886,-0.34921514788478913,-0.2,0.02387049580131443,0.5555555555555556,0.6920456654478331,0.09428090415820634,0.5555555555555556,0.4222222222222222,-0.15555555555555556,0.7378647873726218,0.5555555555555556,0.5555555555555556,0.5111111111111111,0.6444444444444445,0.044946657497549475,0.1297498240269205,0.6,0.4222222222222222,0.6,0.044946657497549475,0.4222222222222222,0.5555555555555556,0.37777777777777777,0.5555555555555556,0.6592611948214577,0.44946657497549475,0.7217113056285641,0.4836508334066745,0.3689323936863109,0.7777777777777778,2.0,4.0,7.0,6.0,3.0,8.0,1.0,9.0,5.0,10.0,dirichlet
256,0.05,0.15,0.05,0.15,0.15,0.05,0.15,0.2,0.05,,0.40857431568691777,-0.34921514788478913,0.20137491489631465,0.9110600291258507,1.6578803923160017,0.41787875636122757,0.41787875636122757,0.3948659653368304,0.8087360843031886,-0.34921514788478913,-0.2,0.02387049580131443,0.5555555555555556,0.6920456654478331,0.09428090415820634,0.5111111111111111,0.4666666666666667,-0.15555555555555556,0.7378647873726218,0.5555555555555556,0.6,0.5111111111111111,0.6444444444444445,0.044946657497549475,0.1297498240269205,0.6,0.4222222222222222,0.6,0.044946657497549475,0.4222222222222222,0.5555555555555556,0.37777777777777777,0.5111111111111111,0.6592611948214577,0.44946657497549475,0.7217113056285641,0.4836508334066745,0.3689323936863109,0.7777777777777778,2.0,4.0,7.0,6.0,3.0,8.0,1.0,9.0,5.0,10.0,dirichlet
257,0.0,0.05,0.1,0.15,0.0,0.15,0.05,0.1,0.4,,0.40857431568691777,-0.34921514788478913,0.19843270176694516,0.9019320344638363,1.670963077967982,0.41787875636122745,0.41787875636122745,0.3891311983117408,0.8087360843031886,-0.34921514788478913,-0.2,0.02387049580131443,0.5555555555555556,0.6920456654478331,0.09428090415820634,0.5111111111111111,0.4222222222222222,-0.24444444444444444,0.7378647873726218,0.5555555555555556,0.5555555555555556,0.6,0.6,0.044946657497549475,0.1297498240269205,0.6444444444444445,0.4222222222222222,0.6,0.044946657497549475,0.4222222222222222,0.5555555555555556,0.37777777777777777,0.6,0.6592611948214577,0.44946657497549475,0.7217113056285641,0.4836508334066745,0.3689323936863109,0.7777777777777778,2.0,4.0,7.0,6.0,3.0,8.0,1.0,9.0,5.0,10.0,uniform_lattice
258,0.1,0.0,0.35,0.05,0.05,0.1,0.05,0.1,0.2,,0.40832687589522165,-0.395777167602761,0.19943538908200853,0.9141721673975033,1.6151370939135936,0.40927366518211367,0.4179477182198849,0.39624993203974573,0.8087360843031886,-0.395777167602761,-0.15555555555555556,-0.02387049580131443,0.4222222222222222,0.6366820122120065,0.04714045207910317,0.4666666666666667,0.5111111111111111,-0.24444444444444444,0.7378647873726218,0.5111111111111111,0.6444444444444445,0.6,0.6444444444444445,0.08989331499509895,0.1816497536376887,0.6444444444444445,0.4666666666666667,0.6,0.0,0.4666666666666667,0.6,0.4222222222222222,0.4222222222222222,0.6137949055234261,0.5393598899705937,0.7217113056285641,0.5320159167473419,0.3689323936863109,0.7777777777777778,2.0,4.0,8.0,6.0,3.0,7.0,1.0,9.0,5.0,10.0,dirichlet
259,0.05,0.0,0.25,0.05,0.1,0.2,0.1,0.1,0.15,,0.40831067547415373,-0.395777167602761,0.20052121331789705,0.9140813878600681,1.6591950254865273,0.40925746476104574,0.4194149611465211,0.3962337316186778,0.8087360843031886,-0.395777167602761,-0.15555555555555556,-0.02387049580131443,0.5111111111111111,0.6366820122120065,0.04714045207910317,0.4666666666666667,0.5111111111111111,-0.24444444444444444,0.7378647873726218,0.5111111111111111,0.6444444444444445,0.5555555555555556,0.6444444444444445,0.08989331499509895,0.1816497536376887,0.5555555555555556,0.4666666666666667,0.6444444444444445,0.0,0.4666666666666667,0.6,0.4222222222222222,0.4666666666666667,0.6137949055234261,0.4944132324730442,0.7217113056285641,0.5320159167473419,0.3689323936863109,0.7777777777777778,2.0,4.0,8.0,6.0,3.0,7.0,1.0,9.0,5.0,10.0,dirichlet
260,0.05,0.05,0.3,0.15,0.05,0.0,0.4,0.0,0.0,,0.40831067547415373,-0.395777167602761,0.1979379139729781,0.9127180589737275,1.7269938141332428,0.4137688161609943,0.41350300544667945,0.3991011151312226,0.8087360843031886,-0.395777167602761,-0.06666666666666667,-0.02387049580131443,0.4222222222222222,0.6366820122120065,0.04714045207910317,0.5555555555555556,0.5111111111111111,-0.24444444444444444,0.7378647873726218,0.4666666666666667,0.6444444444444445,0.5555555555555556,0.4666666666666667,0.08989331499509895,0.1816497536376887,0.6444444444444445,0.4222222222222222,0.6444444444444445,0.0,0.4666666666666667,0.6444444444444445,0.4222222222222222,0.4222222222222222,0.6137949055234261,0.4944132324730442,0.7217113056285641,0.5320159167473419,0.3689323936863109,0.8666666666666667,2.0,4.0,8.0,6.0,3.0,7.0,1.0,9.0,5.0,10.0,dirichlet
261,0.0,0.0,0.4,0.15,0.0,0.1,0.0,0.1,0.25,,0.40763456477869175,-0.395777167602761,0.19916110715602012,0.914184699409752,1.6251406409406028,0.4100312462429242,0.4112697413646685,0.3944312693577687,0.8087360843031886,-0.395777167602761,-0.15555555555555556,-0.02387049580131443,0.4222222222222222,0.6366820122120065,0.04714045207910317,0.5111111111111111,0.5111111111111111,-0.28888888888888886,0.7378647873726218,0.5111111111111111,0.6444444444444445,0.6,0.6,0.08989331499509895,0.1816497536376887,0.6444444444444445,0.4666666666666667,0.5843065474681431,0.0,0.4773960376293314,0.6,0.4222222222222222,0.4666666666666667,0.6137949055234261,0.522862326927363,0.7217113056285641,0.5320159167473419,0.3689323936863109,0.7777777777777778,2.0,4.0,8.0,6.0,3.0,7.0,1.0,9.0,5.0,10.0,lhs
262,0.15,0.05,0.0,0.35,0.0,0.25,0.1,0.0,0.1,,0.40755848017327123,-0.395777167602761,0.19876932094277577,0.9049991026996088,1.670670069167509,0.41444947706720403,0.41444947706720403,0.3838241925370574,0.8087360843031886,-0.395777167602761,-0.15555555555555556,0.02387049580131443,0.5555555555555556,0.6920456654478331,0.04714045207910317,0.4666666666666667,0.5111111111111111,-0.15555555555555556,0.7378647873726218,0.5555555555555556,0.5111111111111111,0.5555555555555556,0.6444444444444445,0.08989331499509895,0.0778498944161523,0.6888888888888889,0.37777777777777777,0.6444444444444445,0.0,0.37777777777777777,0.5111111111111111,0.3333333333333333,0.4666666666666667,0.730731314484506,0.44946657497549475,0.768273325346536,0.435285750066007,0.3689323936863109,0.9111111111111111,1.0,4.0,7.0,6.0,3.0,8.0,2.0,9.0,5.0,10.0,dirichlet
263,0.15,0.0,0.0,0.55,0.0,0.1,0.15,0.0,0.05,,0.40755848017327123,-0.395777167602761,0.19533500219080233,0.8872876426384636,1.7300159527444043,0.414449477067204,0.414449477067204,0.3838241925370574,0.8087360843031886,-0.395777167602761,-0.15555555555555556,0.02387049580131443,0.6,0.6920456654478331,0.04714045207910317,0.24444444444444444,0.5111111111111111,-0.1111111111111111,0.7378647873726218,0.5555555555555556,0.5111111111111111,0.5555555555555556,0.6888888888888889,0.08989331499509895,0.0778498944161523,0.6444444444444445,0.4222222222222222,0.6444444444444445,0.0,0.37777777777777777,0.5555555555555556,0.3333333333333333,0.5111111111111111,0.730731314484506,0.44946657497549475,0.768273325346536,0.435285750066007,0.3689323936863109,0.9111111111111111,1.0,4.0,7.0,6.0,3.0,8.0,2.0,9.0,5.0,10.0,uniform_lattice
264,0.05,0.05,0.1,0.25,0.05,0.35,0.0,0.05,0.1,,0.40722771279621667,-0.34921514788478913,0.19913977666223479,0.9021816287938067,1.6553802667618056,0.41501521202860775,0.41501521202860775,0.38620060471454265,0.8087360843031886,-0.34921514788478913,-0.24444444444444444,0.02387049580131443,0.5555555555555556,0.6920456654478331,0.09428090415820634,0.5555555555555556,0.44946657497549475,-0.24444444444444444,0.7378647873726218,0.5111111111111111,0.5555555555555556,0.6888888888888889,0.6444444444444445,0.044946657497549475,0.1297498240269205,0.6,0.4222222222222222,0.5843065474681431,0.044946657497549475,0.4319297483312999,0.5555555555555556,0.37777777777777777,0.6,0.6137949055234261,0.4319297483312999,0.7217113056285641,0.4836508334066745,0.3689323936863109,0.7333333333333333,2.0,4.0,7.0,6.0,3.0,8.0,1.0,9.0,5.0,10.0,dirichlet
265,0.0,0.1,0.2,0.1,0.2,0.15,0.1,0.15,0.0,,0.4071406239306454,-0.34921514788478913,0.2003494321618658,0.9154938799046888,1.6602211931034365,0.41357768109241033,0.41357768109241033,0.3876975065554683,0.8087360843031886,-0.34921514788478913,-0.24444444444444444,0.02387049580131443,0.6,0.6920456654478331,0.09428090415820634,0.5111111111111111,0.4666666666666667,-0.24444444444444444,0.7378647873726218,0.5555555555555556,0.6,0.5555555555555556,0.6444444444444445,0.044946657497549475,0.1297498240269205,0.6444444444444445,0.4222222222222222,0.6,0.044946657497549475,0.4222222222222222,0.5555555555555556,0.37777777777777777,0.5111111111111111,0.6592611948214577,0.44946657497549475,0.7217113056285641,0.4836508334066745,0.3689323936863109,0.7333333333333333,2.0,4.0,7.0,6.0,3.0,8.0,1.0,9.0,5.0,10.0,lhs
266,0.05,0.1,0.15,0.45,0.05,0.15,0.05,0.0,0.0,,0.4071406239306454,-0.34921514788478913,0.19848453158407128,0.9039945549389237,1.6622081498447243,0.4106443721054406,0.4106443721054406,0.3818968140559537,0.8087360843031886,-0.34921514788478913,-0.2,0.02387049580131443,0.5555555555555556,0.6920456654478331,0.09428090415820634,0.4222222222222222,0.5111111111111111,-0.24444444444444444,0.7378647873726218,0.5555555555555556,0.5555555555555556,0.5555555555555556,0.6444444444444445,0.044946657497549475,0.1297498240269205,0.6,0.4222222222222222,0.6,0.044946657497549475,0.4222222222222222,0.5555555555555556,0.37777777777777777,0.5111111111111111,0.6592611948214577,0.44946657497549475,0.7217113056285641,0.4836508334066745,0.3689323936863109,0.8666666666666667,2.0,4.0,7.0,6.0,3.0,8.0,1.0,9.0,5.0,10.0,lhs
267,0.05,0.0,0.05,0.1,0.15,0.1,0.1,0.05,0.4,,0.4071406239306454,-0.34921514788478913,0.19795619427923636,0.8989987254768664,1.7245299557947724,0.41644506460495506,0.41644506460495506,0.3876975065554684,0.8087360843031886,-0.34921514788478913,-0.2,0.02387049580131443,0.5555555555555556,0.6920456654478331,0.09428090415820634,0.5111111111111111,0.4222222222222222,-0.2,0.7378647873726218,0.5555555555555556,0.5555555555555556,0.5111111111111111,0.6,0.044946657497549475,0.1297498240269205,0.6444444444444445,0.4222222222222222,0.6,0.044946657497549475,0.4222222222222222,0.5555555555555556,0.37777777777777777,0.6,0.6592611948214577,0.44946657497549475,0.7217113056285641,0.4836508334066745,0.3689323936863109,0.7777777777777778,2.0,4.0,7.0,6.0,3.0,8.0,1.0,9.0,5.0,10.0,dirichlet
268,0.1,0.05,0.15,0.1,0.05,0.05,0.35,0.15,0.0,,0.40687698371788134,-0.395777167602761,0.19607057086559349,0.9110570145020858,1.6950399189808854,0.40953366636660216,0.4209672124511721,0.3948659653368304,0.8087360843031886,-0.395777167602761,-0.1111111111111111,-0.02387049580131443,0.5111111111111111,0.6366820122120065,0.04714045207910317,0.5111111111111111,0.5111111111111111,-0.24444444444444444,0.7378647873726218,0.5111111111111111,0.6444444444444445,0.5111111111111111,0.4222222222222222,0.08989331499509895,0.1816497536376887,0.6444444444444445,0.4666666666666667,0.6444444444444445,0.0,0.4666666666666667,0.6,0.4222222222222222,0.4222222222222222,0.6137949055234261,0.4944132324730442,0.7217113056285641,0.5320159167473419,0.3689323936863109,0.8666666666666667,2.0,4.0,8.0,6.0,3.0,7.0,1.0,9.0,5.0,10.0,lhs
269,0.05,0.2,0.1,0.15,0.15,0.0,0.25,0.05,0.05,,0.4068769837178813,-0.395777167602761,0.19861090701915737,0.9184286116634007,1.6557556024723215,0.4121439893361379,0.42245122440674704,0.40060073236192,0.8087360843031886,-0.395777167602761,-0.1111111111111111,-0.02387049580131443,0.5111111111111111,0.6366820122120065,0.04714045207910317,0.4666666666666667,0.5111111111111111,-0.24444444444444444,0.7378647873726218,0.5111111111111111,0.6444444444444445,0.5111111111111111,0.5111111111111111,0.08989331499509895,0.1816497536376887,0.6,0.4666666666666667,0.6444444444444445,0.0,0.4666666666666667,0.6444444444444445,0.4222222222222222,0.4222222222222222,0.6137949055234261,0.4944132324730442,0.7217113056285641,0.5320159167473419,0.3689323936863109,0.8222222222222222,2.0,4.0,8.0,6.0,3.0,7.0,1.0,9.0,5.0,10.0,dirichlet
270,0.05,0.0,0.15,0.0,0.2,0.1,0.2,0.05,0.25,,0.40671964693569,-0.395777167602761,0.19746279471340028,0.9035763919013226,1.7281318155730692,0.41214398933613794,0.422451224406747,0.3948659653368304,0.8087360843031886,-0.395777167602761,-0.15555555555555556,0.02387049580131443,0.6,0.6920456654478331,0.04714045207910317,0.4222222222222222,0.5111111111111111,-0.1111111111111111,0.7378647873726218,0.6,0.5555555555555556,0.5555555555555556,0.5555555555555556,0.08989331499509895,0.0778498944161523,0.6888888888888889,0.37777777777777777,0.6444444444444445,0.0,0.37777777777777777,0.5111111111111111,0.3333333333333333,0.5555555555555556,0.7047274841194893,0.44946657497549475,0.768273325346536,0.435285750066007,0.3689323936863109,0.7777777777777778,1.0,4.0,7.0,6.0,3.0,8.0,2.0,9.0,5.0,10.0,dirichlet
271,0.1,0.0,0.05,0.1,0.05,0.3,0.25,0.05,0.1,,0.40671964693569,-0.395777167602761,0.19113514954610658,0.8990927768595909,1.7122258513908297,0.4121439893361379,0.4121439893361379,0.37312957572202665,0.8087360843031886,-0.395777167602761,-0.1111111111111111,0.02387049580131443,0.6,0.6920456654478331,0.04714045207910317,0.4666666666666667,0.4666666666666667,-0.1111111111111111,0.7378647873726218,0.5555555555555556,0.5111111111111111,0.5111111111111111,0.6,0.08989331499509895,0.0778498944161523,0.6888888888888889,0.37777777777777777,0.6444444444444445,0.0,0.37777777777777777,0.5555555555555556,0.3333333333333333,0.5111111111111111,0.7047274841194893,0.44946657497549475,0.768273325346536,0.435285750066007,0.3689323936863109,0.8222222222222222,1.0,4.0,7.0,6.0,3.0,8.0,2.0,9.0,5.0,10.0,dirichlet
272,0.0,0.0,0.05,0.0,0.2,0.15,0.25,0.15,0.2,,0.40671964693569,-0.395777167602761,0.1938150965423182,0.8900587155919757,1.798632121569439,0.4121439893361379,0.4121439893361379,0.3788643427471162,0.8087360843031886,-0.395777167602761,-0.1111111111111111,0.02387049580131443,0.6,0.6920456654478331,0.04714045207910317,0.4666666666666667,0.4666666666666667,-0.15555555555555556,0.7378647873726218,0.5555555555555556,0.5555555555555556,0.5111111111111111,0.5555555555555556,0.08989331499509895,0.0778498944161523,0.6888888888888889,0.37777777777777777,0.6444444444444445,0.0,0.37777777777777777,0.5555555555555556,0.28888888888888886,0.6,0.7047274841194893,0.44946657497549475,0.768273325346536,0.435285750066007,0.3689323936863109,0.8222222222222222,1.0,4.0,7.0,6.0,3.0,8.0,2.0,9.0,5.0,10.0,uniform_lattice
273,0.1,0.1,0.15,0.05,0.2,0.0,0.3,0.05,0.05,,0.4064560067229259,-0.44233918732073285,0.19388538344734677,0.9110240517648733,1.686889203551717,0.40784291406732065,0.4179991885400222,0.393432273580558,0.8087360843031886,-0.44233918732073285,-0.06666666666666667,-0.02387049580131443,0.5111111111111111,0.6366820122120065,0.0,0.4222222222222222,0.5555555555555556,-0.2,0.7378647873726218,0.5555555555555556,0.6,0.5555555555555556,0.4666666666666667,0.13483997249264842,0.1297498240269205,0.6888888888888889,0.4222222222222222,0.6888888888888889,-0.044946657497549475,0.4222222222222222,0.5555555555555556,0.37777777777777777,0.4666666666666667,0.6592611948214577,0.4944132324730442,0.768273325346536,0.4836508334066745,0.3689323936863109,0.8666666666666667,1.0,4.0,8.0,6.0,3.0,7.0,2.0,9.0,5.0,10.0,uniform_lattice
274,0.0,0.0,0.3,0.05,0.1,0.05,0.25,0.2,0.05,,0.4064560067229259,-0.44233918732073285,0.19391811291582184,0.9066067308223288,1.7076593809370808,0.40645600672292587,0.41503116462887235,0.393432273580558,0.8087360843031886,-0.44233918732073285,-0.06666666666666667,-0.02387049580131443,0.4666666666666667,0.6366820122120065,0.0,0.4222222222222222,0.5555555555555556,-0.24444444444444444,0.7378647873726218,0.5555555555555556,0.6,0.6444444444444445,0.5111111111111111,0.13483997249264842,0.1297498240269205,0.6888888888888889,0.4222222222222222,0.6888888888888889,-0.044946657497549475,0.4222222222222222,0.5555555555555556,0.37777777777777777,0.4666666666666667,0.6592611948214577,0.4944132324730442,0.768273325346536,0.4836508334066745,0.3689323936863109,0.8222222222222222,1.0,4.0,8.0,6.0,3.0,7.0,2.0,9.0,5.0,10.0,dirichlet
275,0.05,0.05,0.0,0.15,0.1,0.1,0.25,0.05,0.25,,0.40612478841699884,-0.395777167602761,0.19227315278799378,0.8972818170866035,1.7285443470877102,0.41301578531093147,0.41301578531093147,0.3776994130873835,0.8087360843031886,-0.395777167602761,-0.1111111111111111,0.02387049580131443,0.6,0.6920456654478331,0.04714045207910317,0.4666666666666667,0.4666666666666667,-0.15555555555555556,0.7378647873726218,0.5555555555555556,0.5111111111111111,0.5111111111111111,0.6,0.08989331499509895,0.0778498944161523,0.6888888888888889,0.37777777777777777,0.6444444444444445,0.0,0.37777777777777777,0.5555555555555556,0.3333333333333333,0.5111111111111111,0.730731314484506,0.44946657497549475,0.768273325346536,0.435285750066007,0.3689323936863109,0.8222222222222222,1.0,4.0,7.0,6.0,3.0,8.0,2.0,9.0,5.0,10.0,uniform_lattice
276,0.0,0.0,0.0,0.2,0.25,0.05,0.2,0.2,0.1,,0.40612478841699884,-0.395777167602761,0.19603484924233114,0.8942778158144763,1.7889034366178556,0.41301578531093164,0.41301578531093164,0.3805667965999283,0.8087360843031886,-0.395777167602761,-0.15555555555555556,0.02387049580131443,0.6,0.6920456654478331,0.04714045207910317,0.4666666666666667,0.4666666666666667,-0.2,0.7378647873726218,0.5555555555555556,0.5111111111111111,0.5555555555555556,0.5555555555555556,0.08989331499509895,0.0778498944161523,0.6888888888888889,0.37777777777777777,0.6444444444444445,0.0,0.37777777777777777,0.5555555555555556,0.3333333333333333,0.6,0.730731314484506,0.44946657497549475,0.768273325346536,0.435285750066007,0.3689323936863109,0.8222222222222222,1.0,4.0,7.0,6.0,3.0,8.0,2.0,9.0,5.0,10.0,dirichlet
277,0.0,0.05,0.0,0.1,0.05,0.05,0.45,0.2,0.1,,0.40612478841699884,-0.395777167602761,0.19370544689484326,0.8942472632075686,1.7874874416318804,0.4130157853109316,0.42094596144151125,0.3776994130873835,0.8087360843031886,-0.395777167602761,-0.06666666666666667,0.02387049580131443,0.6,0.6920456654478331,0.04714045207910317,0.5111111111111111,0.4666666666666667,-0.15555555555555556,0.7378647873726218,0.5555555555555556,0.5111111111111111,0.5555555555555556,0.3333333333333333,0.08989331499509895,0.0778498944161523,0.6888888888888889,0.4222222222222222,0.6444444444444445,0.0,0.37777777777777777,0.6,0.28888888888888886,0.5111111111111111,0.730731314484506,0.44946657497549475,0.768273325346536,0.435285750066007,0.3689323936863109,0.9111111111111111,1.0,4.0,7.0,6.0,3.0,8.0,2.0,9.0,5.0,10.0,uniform_lattice
278,0.1,0.0,0.05,0.35,0.05,0.0,0.15,0.05,0.25,,0.40570693217437304,-0.34921514788478913,0.19546460001699384,0.8962880023945334,1.692835214554217,0.4150113728486827,0.4150113728486827,0.3833964312866511,0.8087360843031886,-0.34921514788478913,-0.24444444444444444,0.02387049580131443,0.5555555555555556,0.6920456654478331,0.09428090415820634,0.5111111111111111,0.4222222222222222,-0.24444444444444444,0.7378647873726218,0.5111111111111111,0.5555555555555556,0.5111111111111111,0.6888888888888889,0.044946657497549475,0.1297498240269205,0.6444444444444445,0.4222222222222222,0.6,0.044946657497549475,0.4222222222222222,0.5555555555555556,0.37777777777777777,0.5111111111111111,0.6592611948214577,0.44946657497549475,0.7217113056285641,0.4836508334066745,0.3689323936863109,0.8666666666666667,2.0,4.0,7.0,6.0,3.0,8.0,1.0,9.0,5.0,10.0,lhs
279,0.05,0.0,0.2,0.2,0.3,0.05,0.15,0.0,0.05,,0.405706932174373,-0.34921514788478913,0.19526371423386657,0.9050466561645178,1.6987156485681796,0.4092106803491681,0.41644693723537124,0.3833305058122261,0.8087360843031886,-0.34921514788478913,-0.2,0.02387049580131443,0.6,0.6920456654478331,0.09428090415820634,0.5111111111111111,0.4666666666666667,-0.24444444444444444,0.7378647873726218,0.5555555555555556,0.6,0.5555555555555556,0.4666666666666667,0.044946657497549475,0.1297498240269205,0.6888888888888889,0.4222222222222222,0.6,0.044946657497549475,0.4222222222222222,0.5555555555555556,0.37777777777777777,0.5111111111111111,0.6592611948214577,0.44946657497549475,0.7217113056285641,0.4836508334066745,0.3689323936863109,0.7777777777777778,2.0,4.0,7.0,6.0,3.0,8.0,1.0,9.0,5.0,10.0,lhs
280,0.05,0.0,0.15,0.15,0.0,0.15,0.05,0.35,0.1,,0.405706932174373,-0.34921514788478913,0.20059134110869767,0.8990709459295408,1.6554688093504917,0.4150113728486827,0.4150113728486827,0.39199858182428554,0.8087360843031886,-0.34921514788478913,-0.24444444444444444,0.02387049580131443,0.5555555555555556,0.6920456654478331,0.09428090415820634,0.5555555555555556,0.4222222222222222,-0.15555555555555556,0.7378647873726218,0.5111111111111111,0.5555555555555556,0.5555555555555556,0.6444444444444445,0.044946657497549475,0.1297498240269205,0.6,0.4222222222222222,0.6,0.044946657497549475,0.4222222222222222,0.5555555555555556,0.37777777777777777,0.5555555555555556,0.6592611948214577,0.44946657497549475,0.7217113056285641,0.4836508334066745,0.3689323936863109,0.7333333333333333,2.0,4.0,7.0,6.0,3.0,8.0,1.0,9.0,5.0,10.0,dirichlet
281,0.0,0.05,0.1,0.3,0.25,0.1,0.15,0.0,0.05,,0.405706932174373,-0.34921514788478913,0.19544627360804648,0.8975309139423593,1.7129297669004013,0.412078063861713,0.412078063861713,0.3804631222996813,0.8087360843031886,-0.34921514788478913,-0.2,0.02387049580131443,0.6,0.6920456654478331,0.09428090415820634,0.5555555555555556,0.4222222222222222,-0.24444444444444444,0.7378647873726218,0.5111111111111111,0.5555555555555556,0.4666666666666667,0.6444444444444445,0.044946657497549475,0.1297498240269205,0.6888888888888889,0.4222222222222222,0.6,0.044946657497549475,0.4222222222222222,0.5555555555555556,0.37777777777777777,0.5555555555555556,0.6592611948214577,0.44946657497549475,0.7217113056285641,0.4836508334066745,0.3689323936863109,0.7333333333333333,2.0,4.0,7.0,6.0,3.0,8.0,1.0,9.0,5.0,10.0,dirichlet
282,0.1,0.05,0.25,0.0,0.1,0.25,0.2,0.0,0.05,,0.40544329196160894,-0.395777167602761,0.19686540632577004,0.9096095057301119,1.6559817682364701,0.40639008124850085,0.41644693723537124,0.393366348106133,0.8087360843031886,-0.395777167602761,-0.1111111111111111,-0.02387049580131443,0.4222222222222222,0.6366820122120065,0.04714045207910317,0.4666666666666667,0.5111111111111111,-0.28888888888888886,0.7378647873726218,0.5111111111111111,0.6444444444444445,0.5555555555555556,0.5111111111111111,0.08989331499509895,0.1816497536376887,0.6888888888888889,0.4666666666666667,0.6444444444444445,0.0,0.4666666666666667,0.6,0.4222222222222222,0.4222222222222222,0.6137949055234261,0.4944132324730442,0.7217113056285641,0.5320159167473419,0.3689323936863109,0.8222222222222222,2.0,4.0,8.0,6.0,3.0,7.0,1.0,9.0,5.0,10.0,uniform_lattice
283,0.0,0.1,0.25,0.05,0.05,0.0,0.15,0.05,0.35,,0.4054432919616089,-0.395777167602761,0.19637053965586315,0.9155300536730642,1.649512088007564,0.40516666562335985,0.41644693723537124,0.3962337316186778,0.8087360843031886,-0.395777167602761,-0.15555555555555556,-0.02387049580131443,0.4666666666666667,0.6366820122120065,0.04714045207910317,0.4666666666666667,0.5111111111111111,-0.28888888888888886,0.7378647873726218,0.5111111111111111,0.6444444444444445,0.5555555555555556,0.5555555555555556,0.08989331499509895,0.1816497536376887,0.6444444444444445,0.4666666666666667,0.6444444444444445,0.0,0.4666666666666667,0.6,0.4222222222222222,0.4222222222222222,0.6137949055234261,0.4944132324730442,0.7217113056285641,0.5320159167473419,0.3689323936863109,0.8222222222222222,2.0,4.0,8.0,6.0,3.0,7.0,1.0,9.0,5.0,10.0,lhs
284,0.0,0.15,0.6,0.0,0.0,0.0,0.25,0.0,0.0,,0.4054427300665323,-0.395777167602761,0.19108657344364682,0.9234694853347883,1.7098661545075573,0.40638951935342427,0.41051998327664746,0.38189625216087714,0.8087360843031886,-0.395777167602761,-0.022222222222222223,-0.02387049580131443,0.3333333333333333,0.6366820122120065,0.04714045207910317,0.4666666666666667,0.5555555555555556,-0.15555555555555556,0.7378647873726218,0.4666666666666667,0.6888888888888889,0.6,0.5111111111111111,0.08989331499509895,0.1816497536376887,0.6888888888888889,0.4222222222222222,0.6444444444444445,0.0,0.4666666666666667,0.5111111111111111,0.4222222222222222,0.28888888888888886,0.5683286162253945,0.5843065474681431,0.7217113056285641,0.5320159167473419,0.3689323936863109,0.8222222222222222,2.0,4.0,8.0,6.0,3.0,7.0,1.0,9.0,5.0,10.0,uniform_lattice
285,0.05,0.0,0.2,0.15,0.2,0.0,0.3,0.1,0.0,,0.40502231496665353,-0.44233918732073285,0.1938367690088517,0.908125493774537,1.7247018751475536,0.4050223149666535,0.41503116462887235,0.3948659653368304,0.8087360843031886,-0.44233918732073285,-0.06666666666666667,-0.02387049580131443,0.4666666666666667,0.6366820122120065,0.0,0.4222222222222222,0.5555555555555556,-0.2,0.7378647873726218,0.5555555555555556,0.6,0.6,0.5111111111111111,0.13483997249264842,0.1297498240269205,0.6444444444444445,0.4222222222222222,0.6888888888888889,-0.044946657497549475,0.4222222222222222,0.5555555555555556,0.37777777777777777,0.4666666666666667,0.6592611948214577,0.4944132324730442,0.768273325346536,0.4836508334066745,0.3689323936863109,0.8222222222222222,1.0,4.0,8.0,6.0,3.0,7.0,2.0,9.0,5.0,10.0,uniform_lattice
286,0.05,0.0,0.15,0.05,0.25,0.05,0.25,0.1,0.1,,0.40502231496665353,-0.44233918732073285,0.19328932048896044,0.9050100836575949,1.740165054241701,0.40640922231104826,0.4165151765844472,0.3891311983117408,0.8087360843031886,-0.44233918732073285,-0.1111111111111111,-0.02387049580131443,0.5555555555555556,0.6366820122120065,0.0,0.4222222222222222,0.5555555555555556,-0.2,0.7378647873726218,0.5555555555555556,0.6,0.6,0.4666666666666667,0.13483997249264842,0.1297498240269205,0.6444444444444445,0.4222222222222222,0.6888888888888889,-0.044946657497549475,0.4222222222222222,0.5555555555555556,0.37777777777777777,0.4666666666666667,0.6592611948214577,0.4944132324730442,0.768273325346536,0.4836508334066745,0.3689323936863109,0.8222222222222222,1.0,4.0,8.0,6.0,3.0,7.0,2.0,9.0,5.0,10.0,lhs
287,0.0,0.0,0.15,0.15,0.05,0.15,0.2,0.1,0.2,,0.4050038472137539,-0.37670528747840887,0.1909901764047795,0.8989633793342876,1.7088000753099497,0.40784291406732065,0.4165151765844472,0.3876975065554684,0.817874635209406,-0.37670528747840887,-0.1797866299901979,0.02414022747926338,0.5843065474681431,0.6998656386948179,0.07150969419341942,0.4944132324730442,0.44946657497549475,-0.1797866299901979,0.7462025072446364,0.5393598899705937,0.5393598899705937,0.5393598899705937,0.5393598899705937,0.06818181818181818,0.1049727762162956,0.674199862463242,0.40451991747794525,0.6292532049656926,0.022727272727272728,0.40451991747794525,0.5393598899705937,0.3595732599803958,0.4944132324730442,0.6897007348075542,0.45454545454545453,0.7534105749568177,0.4646601886422926,0.3731012536223182,0.8090398349558905,1.5,4.0,7.0,6.0,3.0,8.0,1.5,9.0,5.0,10.0,lhs
288,0.2,0.1,0.1,0.05,0.05,0.0,0.45,0.0,0.05,,0.404989352229441,-0.44233918732073285,0.19148048871733322,0.9111645117740172,1.6869781415647394,0.4095007036293896,0.4106365563013413,0.391965619087073,0.8087360843031886,-0.44233918732073285,-0.022222222222222223,-0.02387049580131443,0.5111111111111111,0.6366820122120065,0.0,0.4666666666666667,0.5555555555555556,-0.24444444444444444,0.7378647873726218,0.5111111111111111,0.6,0.5555555555555556,0.4666666666666667,0.13483997249264842,0.1297498240269205,0.7333333333333333,0.4222222222222222,0.6888888888888889,-0.044946657497549475,0.4222222222222222,0.5555555555555556,0.37777777777777777,0.4222222222222222,0.6137949055234261,0.4944132324730442,0.768273325346536,0.4836508334066745,0.3689323936863109,0.8666666666666667,1.0,4.0,8.0,6.0,3.0,7.0,2.0,9.0,5.0,10.0,dirichlet
289,0.05,0.1,0.15,0.25,0.2,0.05,0.1,0.05,0.05,,0.40427324041810064,-0.34921514788478913,0.19616281665405344,0.9110735443383794,1.6498334320876373,0.4106443721054406,0.4106443721054406,0.3847641975684985,0.8087360843031886,-0.34921514788478913,-0.24444444444444444,0.02387049580131443,0.5555555555555556,0.6920456654478331,0.09428090415820634,0.5555555555555556,0.4666666666666667,-0.28888888888888886,0.7378647873726218,0.5555555555555556,0.6,0.5111111111111111,0.6444444444444445,0.044946657497549475,0.1297498240269205,0.6444444444444445,0.4222222222222222,0.6,0.044946657497549475,0.4222222222222222,0.5555555555555556,0.37777777777777777,0.4666666666666667,0.6592611948214577,0.44946657497549475,0.7217113056285641,0.4836508334066745,0.3689323936863109,0.7777777777777778,2.0,4.0,7.0,6.0,3.0,8.0,1.0,9.0,5.0,10.0,uniform_lattice
290,0.1,0.1,0.05,0.3,0.05,0.2,0.1,0.1,0.0,,0.40427324041810064,-0.34921514788478913,0.1947996346236641,0.9036802734448761,1.6517281691154386,0.41357768109241033,0.41357768109241033,0.3848301230429236,0.8087360843031886,-0.34921514788478913,-0.2,0.02387049580131443,0.5555555555555556,0.6920456654478331,0.09428090415820634,0.5555555555555556,0.4666666666666667,-0.24444444444444444,0.7378647873726218,0.5111111111111111,0.5555555555555556,0.5555555555555556,0.6,0.044946657497549475,0.1297498240269205,0.6,0.4222222222222222,0.6,0.044946657497549475,0.4222222222222222,0.5555555555555556,0.37777777777777777,0.4666666666666667,0.6592611948214577,0.44946657497549475,0.7217113056285641,0.4836508334066745,0.3689323936863109,0.8222222222222222,2.0,4.0,7.0,6.0,3.0,8.0,1.0,9.0,5.0,10.0,dirichlet
291,0.0,0.0,0.15,0.05,0.05,0.2,0.2,0.05,0.3,,0.4042732404181006,-0.34921514788478913,0.1970763384621364,0.90352607170202,1.7176735383189812,0.4135776810924104,0.42245122440674704,0.393432273580558,0.8087360843031886,-0.34921514788478913,-0.15555555555555556,0.02387049580131443,0.5555555555555556,0.6920456654478331,0.09428090415820634,0.5111111111111111,0.4666666666666667,-0.2,0.7378647873726218,0.5555555555555556,0.6,0.5111111111111111,0.5111111111111111,0.044946657497549475,0.1297498240269205,0.6444444444444445,0.4222222222222222,0.6,0.044946657497549475,0.4222222222222222,0.5555555555555556,0.37777777777777777,0.4666666666666667,0.6592611948214577,0.44946657497549475,0.7217113056285641,0.4836508334066745,0.3689323936863109,0.7777777777777778,2.0,4.0,7.0,6.0,3.0,8.0,1.0,9.0,5.0,10.0,dirichlet
292,0.0,0.1,0.15,0.5,0.05,0.0,0.05,0.1,0.05,,0.4042732404181006,-0.34921514788478913,0.19645995663273721,0.8950811375310065,1.683947108379111,0.4107102975798655,0.4107102975798655,0.3819627395303787,0.8087360843031886,-0.34921514788478913,-0.2,0.02387049580131443,0.5555555555555556,0.6920456654478331,0.09428090415820634,0.3333333333333333,0.4666666666666667,-0.2,0.7378647873726218,0.5111111111111111,0.5555555555555556,0.5555555555555556,0.6444444444444445,0.044946657497549475,0.1297498240269205,0.6,0.4222222222222222,0.6,0.044946657497549475,0.4222222222222222,0.5555555555555556,0.37777777777777777,0.5555555555555556,0.6592611948214577,0.44946657497549475,0.7217113056285641,0.4836508334066745,0.3689323936863109,0.8666666666666667,2.0,4.0,7.0,6.0,3.0,8.0,1.0,9.0,5.0,10.0,uniform_lattice
293,0.1,0.05,0.1,0.05,0.15,0.15,0.2,0.0,0.2,,0.40427324041810053,-0.34921514788478913,0.19556518429746603,0.9080521162808401,1.6846283815959304,0.4106443721054406,0.41941496114652116,0.38763158108104345,0.8087360843031886,-0.34921514788478913,-0.24444444444444444,0.02387049580131443,0.5555555555555556,0.6920456654478331,0.09428090415820634,0.5111111111111111,0.4666666666666667,-0.15555555555555556,0.7378647873726218,0.5555555555555556,0.6,0.5111111111111111,0.6,0.044946657497549475,0.1297498240269205,0.6444444444444445,0.4222222222222222,0.6,0.044946657497549475,0.4222222222222222,0.5555555555555556,0.37777777777777777,0.4666666666666667,0.6592611948214577,0.44946657497549475,0.7217113056285641,0.4836508334066745,0.3689323936863109,0.7333333333333333,2.0,4.0,7.0,6.0,3.0,8.0,1.0,9.0,5.0,10.0,dirichlet
294,0.05,0.0,0.05,0.3,0.05,0.1,0.05,0.3,0.1,,0.40427324041810053,-0.34921514788478913,0.19791344559638419,0.894509555208142,1.695938229049382,0.41644506460495506,0.41644506460495506,0.38769750655546836,0.8087360843031886,-0.34921514788478913,-0.2,0.02387049580131443,0.5555555555555556,0.6920456654478331,0.09428090415820634,0.5555555555555556,0.4222222222222222,-0.28888888888888886,0.7378647873726218,0.5111111111111111,0.5555555555555556,0.6444444444444445,0.6444444444444445,0.044946657497549475,0.1297498240269205,0.6,0.4222222222222222,0.6,0.044946657497549475,0.4222222222222222,0.5111111111111111,0.37777777777777777,0.5555555555555556,0.6592611948214577,0.44946657497549475,0.7217113056285641,0.4836508334066745,0.3689323936863109,0.7333333333333333,2.0,4.0,7.0,6.0,3.0,8.0,1.0,9.0,5.0,10.0,lhs
295,0.0,0.0,0.35,0.15,0.15,0.35,0.0,0.0,0.0,v1_rubric,0.4039916148568819,-0.34921514788478913,0.19824815981563287,0.9118170978204999,1.6430325895816333,0.40755358105388995,0.4087462062968045,0.3904306363008706,0.8087360843031886,-0.34921514788478913,-0.2,0.02387049580131443,0.5555555555555556,0.6920456654478331,0.09428090415820634,0.5111111111111111,0.4666666666666667,-0.28888888888888886,0.7378647873726218,0.5555555555555556,0.6,0.5555555555555556,0.5555555555555556,0.044946657497549475,0.1297498240269205,0.6,0.4222222222222222,0.5843065474681431,0.044946657497549475,0.4319297483312999,0.5555555555555556,0.37777777777777777,0.5555555555555556,0.6285872661926204,0.4773960376293314,0.7217113056285641,0.4836508334066745,0.3689323936863109,0.7777777777777778,2.0,4.0,7.0,6.0,3.0,8.0,1.0,9.0,5.0,10.0,v1_rubric
296,0.05,0.0,0.15,0.3,0.0,0.1,0.05,0.0,0.35,,0.4028395486618282,-0.34921514788478913,0.19399051898372288,0.9021935762807619,1.6617691396595808,0.4092106803491682,0.4092106803491682,0.3833305058122261,0.8087360843031886,-0.34921514788478913,-0.24444444444444444,0.02387049580131443,0.5555555555555556,0.6920456654478331,0.09428090415820634,0.5555555555555556,0.4222222222222222,-0.24444444444444444,0.7378647873726218,0.5555555555555556,0.5555555555555556,0.5555555555555556,0.6444444444444445,0.044946657497549475,0.1297498240269205,0.6,0.4222222222222222,0.6,0.044946657497549475,0.4222222222222222,0.5555555555555556,0.37777777777777777,0.4666666666666667,0.6592611948214577,0.44946657497549475,0.7217113056285641,0.4836508334066745,0.3689323936863109,0.7777777777777778,2.0,4.0,7.0,6.0,3.0,8.0,1.0,9.0,5.0,10.0,uniform_lattice
297,0.05,0.05,0.2,0.1,0.1,0.15,0.1,0.1,0.15,,0.4028395486618281,-0.34921514788478913,0.19890049213939937,0.9140813878600681,1.648136813900805,0.40921068034916813,0.41793094919094625,0.39193265634986063,0.8087360843031886,-0.34921514788478913,-0.2,0.02387049580131443,0.5555555555555556,0.6920456654478331,0.09428090415820634,0.5111111111111111,0.4666666666666667,-0.24444444444444444,0.7378647873726218,0.5555555555555556,0.6,0.5111111111111111,0.6444444444444445,0.044946657497549475,0.1297498240269205,0.6,0.4222222222222222,0.6,0.044946657497549475,0.4222222222222222,0.5555555555555556,0.37777777777777777,0.4666666666666667,0.6592611948214577,0.44946657497549475,0.7217113056285641,0.4836508334066745,0.3689323936863109,0.7333333333333333,2.0,4.0,7.0,6.0,3.0,8.0,1.0,9.0,5.0,10.0,dirichlet
298,0.1,0.0,0.35,0.0,0.1,0.1,0.25,0.1,0.0,,0.4025759084490641,-0.395777167602761,0.19250067661221665,0.9096481322271753,1.6784679828519153,0.40352269773595606,0.4134789133242213,0.3835941460249903,0.8087360843031886,-0.395777167602761,-0.06666666666666667,-0.02387049580131443,0.37777777777777777,0.6366820122120065,0.04714045207910317,0.4666666666666667,0.5111111111111111,-0.28888888888888886,0.7378647873726218,0.5111111111111111,0.6444444444444445,0.6,0.4666666666666667,0.08989331499509895,0.1816497536376887,0.6444444444444445,0.4666666666666667,0.6,0.0,0.4666666666666667,0.6,0.4222222222222222,0.4222222222222222,0.6137949055234261,0.4944132324730442,0.7217113056285641,0.5320159167473419,0.3689323936863109,0.8222222222222222,2.0,4.0,8.0,6.0,3.0,7.0,1.0,9.0,5.0,10.0,uniform_lattice
299,0.0,0.05,0.25,0.4,0.15,0.0,0.1,0.05,0.0,,0.4025759084490641,-0.395777167602761,0.19672530087651488,0.9069128898691696,1.6762951925938059,0.403522697735956,0.4047209828116613,0.3847641975684986,0.8087360843031886,-0.395777167602761,-0.15555555555555556,-0.02387049580131443,0.5111111111111111,0.6366820122120065,0.04714045207910317,0.4222222222222222,0.5111111111111111,-0.28888888888888886,0.7378647873726218,0.5111111111111111,0.6,0.6,0.6,0.08989331499509895,0.1816497536376887,0.5555555555555556,0.4666666666666667,0.6444444444444445,0.0,0.4666666666666667,0.6,0.4222222222222222,0.4666666666666667,0.6137949055234261,0.4944132324730442,0.7217113056285641,0.5320159167473419,0.3689323936863109,0.7333333333333333,2.0,4.0,8.0,6.0,3.0,7.0,1.0,9.0,5.0,10.0,dirichlet
300,0.0,0.0,0.3,0.15,0.25,0.05,0.1,0.05,0.1,,0.4014058569055557,-0.34921514788478913,0.195283872406109,0.9139924744145709,1.6828669050025158,0.4063900812485009,0.4047209828116613,0.3847641975684986,0.8087360843031886,-0.34921514788478913,-0.24444444444444444,0.02387049580131443,0.5111111111111111,0.6920456654478331,0.09428090415820634,0.5111111111111111,0.4666666666666667,-0.24444444444444444,0.7378647873726218,0.5555555555555556,0.6,0.5555555555555556,0.5555555555555556,0.044946657497549475,0.1297498240269205,0.6888888888888889,0.4222222222222222,0.6,0.044946657497549475,0.4222222222222222,0.5555555555555556,0.37777777777777777,0.5111111111111111,0.6592611948214577,0.44946657497549475,0.7217113056285641,0.4836508334066745,0.3689323936863109,0.6888888888888889,2.0,4.0,7.0,6.0,3.0,8.0,1.0,9.0,5.0,10.0,uniform_lattice
301,0.0,0.0,0.25,0.25,0.25,0.0,0.1,0.1,0.05,,0.4014058569055557,-0.34921514788478913,0.1962460166480299,0.9049938772778596,1.686077064452939,0.40490960508035084,0.4119949013686463,0.3847641975684985,0.8087360843031886,-0.34921514788478913,-0.2,0.02387049580131443,0.5555555555555556,0.6920456654478331,0.09428090415820634,0.5111111111111111,0.4666666666666667,-0.28888888888888886,0.7378647873726218,0.5555555555555556,0.5555555555555556,0.5111111111111111,0.5555555555555556,0.044946657497549475,0.1297498240269205,0.6444444444444445,0.4222222222222222,0.6,0.044946657497549475,0.4222222222222222,0.5555555555555556,0.37777777777777777,0.5555555555555556,0.6592611948214577,0.44946657497549475,0.7217113056285641,0.4836508334066745,0.3689323936863109,0.7333333333333333,2.0,4.0,7.0,6.0,3.0,8.0,1.0,9.0,5.0,10.0,dirichlet
302,0.0,0.0,0.15,0.3,0.25,0.1,0.15,0.0,0.05,,0.4014058569055557,-0.34921514788478913,0.19373850465310136,0.8960289133062957,1.7196413371707084,0.40777698859289574,0.40777698859289574,0.3847641975684985,0.8087360843031886,-0.34921514788478913,-0.2,0.02387049580131443,0.6,0.6920456654478331,0.09428090415820634,0.5555555555555556,0.4222222222222222,-0.24444444444444444,0.7378647873726218,0.5111111111111111,0.5555555555555556,0.4666666666666667,0.6,0.044946657497549475,0.1297498240269205,0.6,0.4222222222222222,0.6,0.044946657497549475,0.4222222222222222,0.5555555555555556,0.37777777777777777,0.5555555555555556,0.6592611948214577,0.44946657497549475,0.7217113056285641,0.4836508334066745,0.3689323936863109,0.7333333333333333,2.0,4.0,7.0,6.0,3.0,8.0,1.0,9.0,5.0,10.0,uniform_lattice
303,0.0,0.05,0.35,0.1,0.3,0.0,0.15,0.05,0.0,,0.40114221669279165,-0.395777167602761,0.1892751555291856,0.9081099578227364,1.6866765566819573,0.4020890059796836,0.4020890059796836,0.37069092021853867,0.8087360843031886,-0.395777167602761,-0.15555555555555556,-0.02387049580131443,0.4222222222222222,0.6366820122120065,0.04714045207910317,0.4666666666666667,0.5111111111111111,-0.3333333333333333,0.7378647873726218,0.4666666666666667,0.6444444444444445,0.6,0.5111111111111111,0.08989331499509895,0.1816497536376887,0.6888888888888889,0.4666666666666667,0.6444444444444445,0.0,0.4666666666666667,0.6,0.4222222222222222,0.4666666666666667,0.6137949055234261,0.4944132324730442,0.7217113056285641,0.5320159167473419,0.3689323936863109,0.7333333333333333,2.0,4.0,8.0,6.0,3.0,7.0,1.0,9.0,5.0,10.0,uniform_lattice
304,0.0,0.1,0.05,0.15,0.15,0.1,0.2,0.05,0.2,,0.39997216514928335,-0.34921514788478913,0.18970278483471953,0.9034513925619898,1.7089297967211372,0.40927660582359304,0.40927660582359304,0.38339643128665124,0.8087360843031886,-0.34921514788478913,-0.2,0.02387049580131443,0.5555555555555556,0.6920456654478331,0.09428090415820634,0.5111111111111111,0.4222222222222222,-0.24444444444444444,0.7378647873726218,0.5111111111111111,0.5555555555555556,0.5111111111111111,0.5555555555555556,0.044946657497549475,0.1297498240269205,0.6444444444444445,0.4222222222222222,0.6,0.044946657497549475,0.4222222222222222,0.6,0.37777777777777777,0.4666666666666667,0.6592611948214577,0.44946657497549475,0.7217113056285641,0.4836508334066745,0.3689323936863109,0.7777777777777778,2.0,4.0,7.0,6.0,3.0,8.0,1.0,9.0,5.0,10.0,lhs
305,0.0,0.05,0.15,0.25,0.1,0.0,0.15,0.1,0.2,,0.39997216514928335,-0.34921514788478913,0.19169388754999583,0.900661298116025,1.6824251239376145,0.40927660582359304,0.40927660582359304,0.3862638147991959,0.8087360843031886,-0.34921514788478913,-0.24444444444444444,0.02387049580131443,0.5555555555555556,0.6920456654478331,0.09428090415820634,0.6,0.4666666666666667,-0.24444444444444444,0.7378647873726218,0.5555555555555556,0.5555555555555556,0.4666666666666667,0.5111111111111111,0.044946657497549475,0.1297498240269205,0.6,0.4222222222222222,0.6,0.044946657497549475,0.4222222222222222,0.5555555555555556,0.37777777777777777,0.5111111111111111,0.6592611948214577,0.44946657497549475,0.7217113056285641,0.4836508334066745,0.3689323936863109,0.7777777777777778,2.0,4.0,7.0,6.0,3.0,8.0,1.0,9.0,5.0,10.0,lhs
