rank,label,w_f1,w_decay,w_precision,w_recall,J,tau_native,rho,rho_ds,auc,wrong_mean,hedge_gap,pareto
1,,0.0,0.7,0.0,0.3,0.4214658222127768,0.9097852774195426,0.8446387760776279,0.8396397257370392,0.9941109431031427,0.0370577766695703,-0.4892903487703346,True
2,,0.35,0.1,0.1,0.45,0.4191549043679834,0.8979677157741747,0.872758894903502,0.8621947123904699,0.9938108647685383,0.0313524248280925,-0.4016324653503839,True
3,,0.4,0.1,0.05,0.45,0.4191549043679834,0.8979677157741747,0.8725808734601898,0.861867130503436,0.9938122268725968,0.031311727414627746,-0.3970976408669713,False
4,,0.05,0.6,0.25,0.1,0.4190560778412817,0.912080755144598,0.876587911782949,0.8661348137108864,0.994177815601894,0.03625280702335631,-0.5526984183602468,True
5,,0.0,0.6,0.0,0.4,0.4186146391213,0.9022185837796828,0.8487328770312159,0.842540978401968,0.9941140895635179,0.03610798520332537,-0.45421735918231987,False
6,,0.0,0.65,0.0,0.35,0.418598438700232,0.9052786050834168,0.8468641097928756,0.8412780930570746,0.9941126593542564,0.03658288093644823,-0.47175385397633085,False
7,,0.1,0.6,0.2,0.1,0.4185498374370283,0.9123852909100242,0.8768379530191623,0.8675921148261009,0.9941778292229346,0.036212109609891525,-0.5481635938768172,True
8,,0.0,0.1,0.0,0.9,0.4183264298317133,0.8698859510647723,0.8430118847974057,0.8390996544461089,0.9937548073760114,0.031359027872102346,-0.2788524112423205,False
9,,0.2,0.0,0.5,0.3,0.4183012057081959,0.889681944841652,0.8552915213814444,0.8448006734169827,0.9890767767659917,0.030679324963488887,-0.46601051893044276,False
10,,0.35,0.05,0.1,0.5,0.4177895214915022,0.8945619867975341,0.8727340383954953,0.8619995969700419,0.9937214153950177,0.030877529094971382,-0.3840959705563911,False
11,,0.25,0.25,0.1,0.4,0.4177212126117111,0.9026157726806152,0.8719392442028148,0.8612382390654102,0.9939155152233516,0.032796667109891285,-0.42897297081211805,False
12,,0.45,0.15,0.0,0.4,0.4177212126117111,0.901040696354028,0.8722985666892893,0.8617789383450393,0.9938575849377443,0.03174592573428642,-0.4100993111775405,False
13,,0.2,0.15,0.2,0.45,0.4177212126117111,0.900971717046302,0.8724757217078917,0.8621140621771337,0.9938522727319162,0.03191849292936094,-0.41560411965110755,False
14,,0.2,0.15,0.25,0.4,0.4177212126117111,0.900971717046302,0.8739133435282223,0.8644712508956384,0.9938496030079617,0.031949412801610205,-0.43277343359465537,False
15,,0.4,0.1,0.1,0.4,0.4177212126117111,0.8965178235968344,0.8735079459875547,0.8638519298490375,0.9938055525627103,0.031342647286877,-0.4142669548105201,False
16,,0.45,0.1,0.05,0.4,0.4177212126117111,0.8965178235968344,0.873213023787714,0.8634134000048564,0.9938122268725968,0.031301949873412234,-0.4097321303271164,False
17,,0.0,0.7,0.05,0.25,0.4176223860850094,0.9139165933322512,0.8691220781292763,0.8573344805782269,0.9941747372467219,0.03708869654181959,-0.5064596627138793,False
18,,0.05,0.6,0.15,0.2,0.4176223860850093,0.9134473643854232,0.876006821385034,0.8657446369212795,0.9941778837070969,0.03619096727885774,-0.5183597904731309,False
19,,0.1,0.55,0.2,0.15,0.4176223860850093,0.9119974722080828,0.8788656259122634,0.868737563285784,0.9941778564650158,0.03573721387677017,-0.5306270990828224,True
20,,0.15,0.6,0.05,0.2,0.4176223860850093,0.910443363113296,0.874945854776957,0.8634383174520791,0.9941778837070969,0.03610957245192818,-0.5092901415062872,False
21,,0.7,0.0,0.25,0.05,0.4173656068775651,0.8916604455850262,0.8560384897290654,0.8445723229875148,0.9890728947694251,0.03042695019008764,-0.5065088438140053,False
22,,0.75,0.0,0.2,0.05,0.4173656068775651,0.8916604455850262,0.8560000968680337,0.8445340866385244,0.9890729083904657,0.03038625277662287,-0.5019740193305898,False
23,,0.8,0.0,0.2,0.0,0.4173656068775651,0.8916604455850262,0.8560544647480774,0.8446999551275663,0.9890728947694251,0.030376475235407374,-0.5146085087907084,False
24,,0.85,0.0,0.15,0.0,0.4173656068775651,0.8916604455850262,0.8560256151760366,0.8446623387945074,0.9890729083904657,0.03033577782194264,-0.5100736843073013,False
25,,0.3,0.0,0.45,0.25,0.4173494064564972,0.8901604558821987,0.855786526943689,0.8452746413198015,0.9890767767659917,0.030628850008808634,-0.4741101839071671,False
26,,0.0,0.15,0.05,0.8,0.4173175331441668,0.8889384020960756,0.8680119133204395,0.8563544044417066,0.9938548607296274,0.031864843477475056,-0.31355821997988953,False
27,,0.05,0.15,0.0,0.8,0.4173175331441668,0.8889384020960756,0.8680100565880808,0.8562892458166922,0.9938548607296274,0.031824146064010295,-0.3090233954964795,False
28,,0.15,0.1,0.0,0.75,0.4173175331441668,0.888883608428813,0.8687418984283977,0.8572350640369977,0.9938174845942626,0.03132969524845591,-0.31675587962275475,False
29,,0.0,0.75,0.0,0.25,0.4171647469439596,0.914324242064946,0.8426484131929826,0.8381374166375188,0.9941102892931947,0.03753267240269291,-0.5068268435643236,False
30,,0.0,0.45,0.0,0.55,0.4171317842067471,0.8990992005728263,0.844568563445486,0.8394393700909114,0.9941179443180034,0.03468329800395982,-0.4016078748003401,False
31,,0.0,0.25,0.4,0.35,0.4168618779261209,0.9025959565311696,0.8744268469619114,0.8650915916204996,0.993913308614777,0.03303107404946437,-0.4688164071727874,False
32,,0.3,0.25,0.1,0.35,0.4167935690463297,0.9040824271741,0.872706539641688,0.8630795150624518,0.9939174357900742,0.032786889568675814,-0.4416074602722616,False
33,,0.35,0.25,0.05,0.35,0.4167935690463297,0.9040824271741,0.8723072721900593,0.8619070998927855,0.9939174357900742,0.03274619215521103,-0.43707263578882616,False
34,,0.3,0.2,0.1,0.4,0.4167935690463297,0.9040470810315214,0.8721752474256029,0.8617584834066104,0.9938866794804336,0.03231199383555269,-0.4240709654782594,False
35,,0.35,0.2,0.05,0.4,0.4167935690463297,0.9040470810315214,0.8719728774863366,0.8614099781361366,0.9938880279634514,0.032271296422087946,-0.4195361409948296,False
36,,0.35,0.15,0.1,0.4,0.4167935690463297,0.9024557290018768,0.87279213453832,0.863143016545896,0.9938536075938936,0.031827320561215934,-0.41916896014437943,False
37,,0.25,0.1,0.15,0.5,0.4163558297352298,0.8960969501708101,0.8723416490341861,0.8615155889703331,0.9938081405604213,0.03140289978277274,-0.39353280037368044,False
38,,0.3,0.1,0.1,0.5,0.4163558297352298,0.8960969501708101,0.8721677269679327,0.8612601147284883,0.9938108920106196,0.03136220236930797,-0.38899797589026097,False
39,,0.35,0.1,0.05,0.5,0.4163558297352298,0.8960969501708101,0.87202712120623,0.8610713366768873,0.9938135208714524,0.03132150495584323,-0.3844631514068282,False
40,,0.4,0.1,0.0,0.5,0.4163558297352298,0.8960969501708101,0.871852426790964,0.860882023567552,0.993815536785459,0.03128080754237845,-0.37992832692341705,False
41,,0.05,0.15,0.15,0.65,0.4163558297352298,0.893285955314634,0.8698587099096529,0.8586358848222784,0.9938508152805737,0.031916905680758126,-0.3605313373271385,False
42,,0.1,0.15,0.1,0.65,0.4163558297352298,0.893285955314634,0.8697201680286138,0.858425567312836,0.9938521910056728,0.03187620826729337,-0.3559965128437108,False
43,,0.15,0.15,0.1,0.6,0.4163558297352298,0.893285955314634,0.8702248118726043,0.8590793902669227,0.9938534850045283,0.031866430726077886,-0.3686310023038515,False
44,,0.2,0.15,0.05,0.6,0.4163558297352298,0.893285955314634,0.8700907665068924,0.8588844180598698,0.9938535258676501,0.03182573331261312,-0.3640961778204299,False
45,,0.3,0.05,0.15,0.5,0.4163558297352298,0.8931282950412617,0.8729330762390491,0.8623094508443845,0.9937200532909591,0.03091822650843614,-0.38863079503980835,False
46,,0.2,0.05,0.25,0.5,0.4163558297352298,0.8930953323040491,0.873419509901202,0.8630751106745533,0.9937200805330404,0.030999621335365667,-0.3977004440066524,False
47,,0.25,0.05,0.2,0.5,0.4163558297352298,0.8930953323040491,0.8731075942241556,0.8626340836665274,0.9937200805330404,0.030958923921900895,-0.3931656195232487,False
48,,0.0,0.05,0.35,0.6,0.4163558297352298,0.8916286778105643,0.8726227904589718,0.8617287109361592,0.9937200805330404,0.031100571244726163,-0.3815011140532315,False
49,,0.05,0.05,0.3,0.6,0.4163558297352298,0.8916286778105643,0.8724388562441113,0.8614938836701774,0.9937200532909591,0.031059873831261405,-0.37696628956981004,False
50,,0.1,0.1,0.2,0.6,0.4163558297352297,0.8916969866903555,0.8710533274493395,0.8600747959161396,0.993809434559277,0.03146315227866847,-0.3727986459368321,False
51,,0.3,0.2,0.05,0.45,0.4162875208554387,0.902613389275249,0.8713722174409644,0.8605609500857903,0.9938880688265732,0.032281073963303424,-0.4069016515347027,False
52,,0.4,0.15,0.0,0.45,0.4162875208554387,0.901040696354028,0.8716197881188282,0.860865449758593,0.9938555009185349,0.03175570327550191,-0.3974648217174178,False
53,,0.1,0.15,0.35,0.4,0.4162875208554387,0.8995218248689616,0.874497193093435,0.8652214309141025,0.9938509106278578,0.032030807628539736,-0.4418430825614976,False
54,,0.15,0.15,0.3,0.4,0.4162875208554387,0.8995218248689616,0.8742250255160108,0.8649077551950859,0.9938496030079617,0.03199011021507497,-0.43730825807807805,False
55,,0.2,0.1,0.25,0.45,0.4162875208554387,0.8979677157741747,0.873746561611931,0.8641298822802316,0.9938028147335527,0.03147451706848678,-0.41523693880065027,False
56,,0.25,0.1,0.2,0.45,0.4162875208554387,0.8979677157741747,0.8731835894937945,0.862863675545364,0.9938068465615658,0.031433819655022024,-0.41070211431724246,False
57,,0.45,0.1,0.0,0.45,0.4162875208554387,0.8965340240179023,0.872429147992416,0.8616443500791388,0.9938148421123891,0.03127103000116297,-0.39256281638354373,False
58,,0.05,0.05,0.5,0.4,0.4162875208554387,0.8965127549829288,0.8760346873210162,0.8668762889590029,0.9937186639448196,0.031183553320258493,-0.44564354534404094,False
59,,0.1,0.05,0.45,0.4,0.4162875208554387,0.8965127549829288,0.875922405537897,0.866697337805044,0.9937199715647157,0.03114285590679374,-0.4411087208606165,False
60,,0.15,0.05,0.4,0.4,0.4162875208554387,0.8965127549829288,0.8758484728222194,0.8666522247239111,0.9937213132372132,0.03110215849332899,-0.43657389637719457,False
61,,0.5,0.1,0.0,0.4,0.4162875208554387,0.895084131840562,0.8728974416686929,0.8623832760623953,0.9938122268725968,0.0312612524599475,-0.40519730584367974,False
62,,0.05,0.05,0.45,0.45,0.4162875208554387,0.893579445995959,0.8756200504338351,0.8662700344523004,0.993719978375236,0.031152633448009247,-0.42847423140048946,False
63,,0.5,0.1,0.05,0.35,0.4162875208554386,0.8950511691033496,0.8739407022334279,0.8644132732463456,0.9938121860094751,0.031292172332196756,-0.42236661978723644,False
64,,0.55,0.1,0.0,0.35,0.4162875208554386,0.8950511691033496,0.8737022796394575,0.864086126669624,0.9938122268725968,0.031251474918732,-0.41783179530381975,False
65,,0.05,0.7,0.0,0.25,0.416188694328737,0.9124145926961876,0.8689054865664454,0.856870756544066,0.9941747372467219,0.03704799912835484,-0.5019248382304629,False
66,,0.0,0.65,0.05,0.3,0.416188694328737,0.9078569689423608,0.8710151940829391,0.8586103429806001,0.9941764534978356,0.036613800808697486,-0.48892316791987833,False
67,,0.05,0.65,0.0,0.3,0.416188694328737,0.9049392652305136,0.8708571220056732,0.8582180686406625,0.9941764534978356,0.03657310339523274,-0.48438834343646264,False
68,,0.05,0.55,0.2,0.2,0.4161886943287369,0.9104736406419692,0.8785822858099588,0.867986126197508,0.9941778564650158,0.03574699141798564,-0.5179926096226826,False
69,,0.2,0.6,0.0,0.2,0.4161886943287369,0.910443363113296,0.8746586445073091,0.8628617381270025,0.9941778837070969,0.036068875038463455,-0.5047553170228651,False
70,,0.8,0.0,0.15,0.05,0.4159319151212927,0.8931624462210899,0.8558551718394035,0.8444667214102867,0.9890729083904657,0.03034555536315811,-0.4974391948471625,False
71,,0.65,0.0,0.3,0.05,0.4159319151212927,0.8901584449489626,0.8560691957956341,0.8446152883126584,0.9890728947694251,0.030467647603552413,-0.5110436682974319,False
72,,0.75,0.0,0.25,0.0,0.4159319151212927,0.8901584449489626,0.8560436957232948,0.8447005004248777,0.9890728539063033,0.03041717264887216,-0.5191433332741417,False
73,,0.45,0.0,0.4,0.15,0.4159157147002248,0.8901772181983434,0.8557532189030692,0.8441522052603107,0.9890728947694251,0.030568597512912903,-0.4948443383439899,False
74,,0.5,0.0,0.35,0.15,0.4159157147002248,0.8901772181983434,0.8557271829928739,0.8441744192862826,0.9890728947694251,0.03052790009944814,-0.4903095138605873,False
75,,0.55,0.0,0.3,0.15,0.4159157147002248,0.8901772181983434,0.8558790597850099,0.8456380012039347,0.9890767903870323,0.030487202685983372,-0.48577468937714974,False
76,,0.55,0.0,0.35,0.1,0.4159157147002248,0.8901772181983434,0.8560347265634508,0.8445065813801242,0.9890728947694251,0.03051812255823264,-0.5029440033207256,False
77,,0.6,0.0,0.3,0.1,0.4159157147002248,0.8901772181983434,0.8557400269944414,0.8441974471648261,0.9890728947694251,0.0304774251447679,-0.49840917883729075,False
78,,0.65,0.0,0.25,0.1,0.4159157147002248,0.8901772181983434,0.8557421326845746,0.8442500927142026,0.9890729083904657,0.030436727731303098,-0.4938743543538635,False
79,,0.25,0.0,0.45,0.3,0.4158995142791569,0.8901434835848817,0.8552655400745437,0.8447548357074858,0.9890768312501541,0.03063862755002411,-0.4614756944470114,False
80,,0.0,0.25,0.1,0.65,0.4158676409668265,0.8949823459288543,0.8690178936132422,0.8573413141121786,0.9939155152233516,0.032845554815968715,-0.36580052351143943,False
81,,0.15,0.1,0.05,0.7,0.4158676409668265,0.8903502629222979,0.86942185277163,0.8580711332670348,0.9938161497322853,0.03136061512070517,-0.333925193566297,False
82,,0.2,0.1,0.0,0.7,0.4158676409668265,0.8903502629222979,0.8692514865646775,0.8578571981404446,0.9938174845942626,0.031319917707240394,-0.32939036908287556,False
83,,0.0,0.15,0.1,0.75,0.4158676409668265,0.887398370108894,0.8686764256894867,0.8571029612539696,0.9938534713834878,0.03189576334972434,-0.3307275339234502,False
84,,0.05,0.15,0.05,0.75,0.4158676409668265,0.887398370108894,0.8685893524540044,0.8569269932392,0.9938548607296274,0.03185506593625957,-0.3261927094400241,False
85,,0.0,0.55,0.0,0.45,0.4157472556087551,0.9022326608872884,0.8492109933193294,0.8426136008984781,0.9941141031845584,0.035633089470204056,-0.43668086438831644,False
86,,0.2,0.5,0.2,0.1,0.415649491187271,0.9107406454343224,0.8809607483556527,0.8706091546497686,0.9941841902488877,0.035242763061216154,-0.5383595832090964,True
87,,0.0,0.35,0.0,0.65,0.4154661735296733,0.8939814141898113,0.8442690972808561,0.8394431505975107,0.9939197717985344,0.033733506537714404,-0.3665348852123168,False
88,,0.15,0.25,0.35,0.25,0.4154281861698485,0.9011131016166168,0.8751062150891855,0.866249283300903,0.9939126956679506,0.032970821553568626,-0.4895505616096333,False
89,,0.05,0.25,0.35,0.35,0.4154281861698485,0.9040799684867444,0.8743115682006357,0.8650146868945214,0.9939133290463378,0.03299037663599961,-0.4642815826893739,False
90,,0.25,0.0,0.5,0.25,0.4153770734538357,0.8904637900249542,0.8557335364504801,0.8448755789043725,0.9890748221466679,0.030669547422273385,-0.47864500839057134,False
91,,0.4,0.0,0.4,0.2,0.4153770734538355,0.8904643519200309,0.8558780921873848,0.8455250088285142,0.9890767767659917,0.030578375054128394,-0.482209848883871,False
92,,0.25,0.25,0.15,0.35,0.4153598772900573,0.9055161189303724,0.8730195201901249,0.8635178478986101,0.9939174357900742,0.03282758698214056,-0.44614228475566586,False
93,,0.25,0.15,0.2,0.4,0.4153598772900573,0.9038894207581492,0.8736064131783766,0.8641125376330963,0.9938522727319162,0.03190871538814543,-0.4282386091112407,False
94,,0.3,0.15,0.15,0.4,0.4153598772900573,0.9038894207581492,0.8730742508690481,0.8635099125151745,0.9938522727319162,0.03186801797468068,-0.4237037846278169,False
95,,0.4,0.25,0.0,0.35,0.4153598772900573,0.9026487354178278,0.8721346512389896,0.8615870351699703,0.9939174357900742,0.032705494741746284,-0.4325378113054219,False
96,,0.4,0.25,0.05,0.3,0.4153598772900573,0.9026157726806152,0.873099959395196,0.8637094562289459,0.9939187706520515,0.03273641461399556,-0.4497071252489653,False
97,,0.45,0.25,0.0,0.3,0.4153598772900573,0.9026157726806152,0.8727836716678093,0.8632818112062042,0.9939180759789816,0.03269571720053077,-0.44517230076553815,False
98,,0.4,0.2,0.05,0.35,0.4153598772900573,0.9025804265380366,0.8726594882997875,0.8630641089178893,0.9938880688265732,0.032261518880872454,-0.4321706304549702,False
99,,0.45,0.2,0.0,0.35,0.4153598772900573,0.9025804265380366,0.8724858028714301,0.8628225712721124,0.99388939006751,0.032220821467407686,-0.4276358059715356,False
100,,0.25,0.15,0.15,0.45,0.4153598772900573,0.9010220372456044,0.8722339471056721,0.8617010747650691,0.9938522727319162,0.03187779551589618,-0.41106929516767265,False
101,,0.3,0.15,0.1,0.45,0.4153598772900573,0.9009537283658132,0.871976433561675,0.8613466624131567,0.9938548607296274,0.031837098102431405,-0.4065344706842544,False
102,,0.4,0.15,0.05,0.4,0.4153598772900573,0.9009537283658132,0.8724603506252259,0.8621048370624317,0.9938575713167037,0.031786623147751165,-0.4146341356609743,False
103,,0.6,0.15,0.0,0.25,0.4153598772900573,0.898037181694988,0.8747062565631388,0.8655975767499503,0.9938576121798255,0.03171659311063995,-0.4480027795579413,False
104,,0.35,0.6,0.05,0.0,0.4152610507633557,0.9178988051062028,0.8763615853312503,0.8661827530308625,0.9941778428439753,0.03607046228706624,-0.559828099346823,False
105,,0.2,0.6,0.15,0.05,0.4152610507633557,0.9164147931506278,0.8765162213843807,0.866116805146384,0.9941778428439753,0.03616163465521129,-0.5562632588535374,False
106,,0.3,0.6,0.1,0.0,0.4152610507633557,0.9149649009732874,0.8763999374235201,0.8662639860989272,0.9941778428439753,0.03611115970053104,-0.5643629238302511,False
107,,0.1,0.6,0.15,0.15,0.4152610507633557,0.9134641267015678,0.8764851409276291,0.8666778237064953,0.994177863275536,0.036181189737642255,-0.5309942799332688,False
108,,0.0,0.4,0.0,0.6,0.415155697286723,0.8971804345489587,0.8445297670443503,0.8396872775518931,0.9941108886189804,0.03420840227083682,-0.38407138000634344,False
109,,0.0,0.25,0.15,0.6,0.4149904468587486,0.894876005697945,0.8698818205170931,0.8583661249663633,0.9939174357900742,0.032876474688218006,-0.38296983745499313,False
110,,0.0,0.5,0.0,0.5,0.4149818084674152,0.9017404909567658,0.8452257188632389,0.8394829652507608,0.9941183529492209,0.035158193737080935,-0.4191443695943282,False
111,,0.1,0.4,0.3,0.2,0.4149633043468554,0.9118686443841466,0.8804034121050102,0.8701265359165743,0.9941117535550575,0.03437436642190147,-0.51235624258794,False
112,,0.0,0.25,0.2,0.55,0.4149221379789574,0.8982487719373731,0.8705991246316688,0.8593207108383005,0.9939155152233516,0.03290739456046727,-0.40013915139856504,False
113,,0.1,0.1,0.3,0.5,0.4149221379789574,0.8975306419270825,0.8731915736427464,0.862742254738796,0.9938015071136566,0.03152499202316704,-0.4071372738239426,False
114,,0.15,0.1,0.25,0.5,0.4149221379789574,0.8975306419270825,0.8727464952023485,0.8621336824241974,0.9938053891102232,0.03148429460970227,-0.4026024493405199,False
115,,0.2,0.1,0.2,0.5,0.4149221379789574,0.8975306419270825,0.8725087779081571,0.8618144863816649,0.9938055525627103,0.0314435971962375,-0.39806762485709957,False
116,,0.25,0.15,0.05,0.55,0.4149221379789574,0.8947526098081188,0.8706239899132565,0.8595531292833642,0.9938548334875462,0.031815955771397626,-0.3767306672805686,False
117,,0.0,0.15,0.25,0.6,0.4149221379789574,0.8931306784466279,0.870701464967147,0.8596801368880658,0.9938508016595331,0.03198852296647217,-0.38223547575412253,False
118,,0.0,0.05,0.4,0.55,0.4149221379789574,0.8930953323040491,0.873822393765476,0.8633877587468645,0.9937200805330404,0.031131491116975444,-0.39867042799678476,False
119,,0.05,0.05,0.35,0.55,0.4149221379789574,0.8930953323040491,0.8734546379320559,0.8628369303714014,0.9937200805330404,0.03109079370351068,-0.3941356035133696,False
120,,0.1,0.05,0.3,0.55,0.4149221379789574,0.8930953323040491,0.873016375707537,0.862271047272714,0.9937200805330404,0.031050096290045917,-0.38960077902994605,False
121,,0.1,0.05,0.35,0.5,0.4149221379789574,0.8930953323040491,0.8743598465381092,0.864752423276756,0.9937200805330404,0.031081016162295187,-0.4067700929734992,False
122,,0.15,0.05,0.25,0.55,0.4149221379789574,0.8930953323040491,0.8727773967625293,0.8620096969500386,0.9937200805330404,0.031009398876581145,-0.3850659545465158,False
123,,0.15,0.05,0.3,0.5,0.4149221379789574,0.8930953323040491,0.8738248948553367,0.8635146681351183,0.9937200805330404,0.031040318748830426,-0.4022352684900893,False
124,,0.2,0.05,0.2,0.55,0.4149221379789574,0.8930953323040491,0.8725400442754311,0.8617165852334987,0.9937200396699186,0.03096870146311641,-0.3805311300631046,False
125,,0.0,0.15,0.15,0.7,0.4149221379789574,0.8918522635583616,0.8693333751901899,0.857973696910668,0.9938495212817181,0.03192668322197362,-0.34789684786699804,False
126,,0.05,0.15,0.1,0.7,0.4149221379789574,0.8918522635583616,0.8692167644948469,0.8577566745532139,0.9938521910056728,0.031885985808508835,-0.3433620233835839,False
127,,0.1,0.15,0.05,0.7,0.4149221379789574,0.8918522635583616,0.8690936976490329,0.8575655343571986,0.9938548334875462,0.03184528839504409,-0.33882719890015267,False
128,,0.15,0.15,0.0,0.7,0.4149221379789574,0.8918522635583616,0.8689828605912215,0.8573771302589047,0.9938548607296274,0.031804590981579325,-0.33429237441674475,False
129,,0.15,0.15,0.05,0.65,0.4149221379789574,0.8918522635583616,0.8695904417625211,0.858216284107783,0.9938535258676501,0.03183551085382861,-0.3514616883602979,False
130,,0.2,0.15,0.0,0.65,0.4149221379789574,0.8918522635583616,0.8694520129450719,0.8580070657810694,0.9938548607296274,0.031794813440363834,-0.3469268638768682,False
131,,0.25,0.15,0.0,0.6,0.4149221379789574,0.8918522635583616,0.8699387590379274,0.8586675096467158,0.9938548062454651,0.031785035899148356,-0.35956135333700845,False
132,,0.0,0.15,0.2,0.65,0.4149221379789574,0.8917652955701467,0.8700158363832612,0.8588335776185837,0.9938508289016142,0.031957603094222894,-0.36506616181056517,False
133,,0.1,0.15,0.15,0.6,0.4149221379789574,0.8917652955701467,0.8704008026290021,0.8593008721548399,0.9938508425226549,0.03190712813954263,-0.3731658267872803,False
134,,0.05,0.15,0.2,0.6,0.4149221379789574,0.8916969866903555,0.8705554478768545,0.859502126921387,0.9938508289016142,0.0319478255530074,-0.3777006512706894,False
135,,0.25,0.05,0.15,0.55,0.4149221379789574,0.8916616405477767,0.8723982149493599,0.8615167848674473,0.9937200805330404,0.030928004049651632,-0.37599630557967256,False
136,,0.4,0.05,0.0,0.55,0.4149221379789574,0.8916616405477767,0.8720103765340055,0.8609790295134052,0.9937267548429269,0.03080591180925734,-0.3623918321294223,False
137,,0.15,0.05,0.2,0.6,0.4149221379789574,0.8887283315608069,0.8721072382060083,0.8610872712202192,0.993718745671063,0.030978479004331882,-0.36789664060297345,False
138,,0.05,0.05,0.25,0.65,0.4149221379789574,0.8872616770673221,0.8715630444650366,0.8605060121046548,0.9937187865341848,0.031028953959012114,-0.359796975626246,False
139,,0.0,0.1,0.35,0.55,0.4149221379789573,0.8960639874335976,0.8723930477020121,0.8617301049968414,0.9937988373897019,0.03157546697784726,-0.39903760884723405,False
140,,0.4,0.05,0.1,0.45,0.4149221379789573,0.8945787491136786,0.8731840924718378,0.8627883348942491,0.9937227093938732,0.030867751553755894,-0.3967304600165239,False
141,,0.45,0.05,0.05,0.45,0.4149221379789573,0.8945787491136786,0.8730521089798859,0.8626031725357756,0.9937253791178279,0.03082705414029112,-0.3921956355331099,False
142,,0.0,0.1,0.3,0.6,0.4149221379789573,0.8931306784466279,0.871421733743484,0.8605206012289497,0.9938053891102232,0.031544547105597995,-0.3818682949036809,False
143,,0.05,0.1,0.25,0.6,0.4149221379789573,0.8931306784466279,0.8711834755067382,0.8602421465439903,0.9938055525627103,0.03150384969213324,-0.377333470420251,False
144,,0.4,0.05,0.05,0.5,0.4149221379789573,0.8931282950412617,0.8725456247719415,0.8617679958490679,0.9937240851189723,0.030836831681506603,-0.37956114607297,False
145,,0.45,0.05,0.0,0.5,0.4149221379789573,0.8931282950412617,0.8724482969914676,0.8615688597310368,0.9937267548429269,0.030796134268041862,-0.37502632158955107,False
146,,0.0,0.1,0.25,0.65,0.4149221379789573,0.8916969866903555,0.8706175929187175,0.8596035594772787,0.9938055525627103,0.03151362723334872,-0.3646989809601179,False
147,,0.0,0.1,0.2,0.7,0.4149221379789573,0.8887966404405981,0.8698520033780512,0.8586903165144214,0.993810810284376,0.031482707361099434,-0.34752966701657373,False
148,,0.05,0.1,0.15,0.7,0.4149221379789573,0.8887966404405981,0.8696898822932628,0.8584779076538236,0.9938121315253128,0.03144200994763469,-0.34299484253313695,False
149,,0.2,0.25,0.15,0.4,0.4148538290991663,0.9026157726806152,0.8721526301484888,0.8616031166482273,0.9939155152233516,0.03283736452335604,-0.4335077952955494,False
150,,0.25,0.2,0.1,0.45,0.4148538290991663,0.902613389275249,0.8715056862455977,0.8607492750140903,0.9938867339645959,0.032321771376768185,-0.4114364760181177,False
151,,0.35,0.2,0.0,0.45,0.4148538290991663,0.902613389275249,0.8711986290088745,0.8603500459181491,0.9938880688265732,0.03224037654983865,-0.40236682705126436,False
152,,0.3,0.25,0.05,0.4,0.4148538290991663,0.9011820809243428,0.8717587122059601,0.8609296390872614,0.9939155152233516,0.03275596969642651,-0.4244381463286968,False
153,,0.35,0.25,0.0,0.4,0.4148538290991663,0.9011820809243428,0.8716099925857391,0.8607325919897172,0.9939155152233516,0.032715272282961776,-0.41990332184526424,False
154,,0.0,0.15,0.35,0.5,0.4148538290991663,0.8995050625528169,0.8727394452727036,0.8622476273048304,0.9938496030079617,0.0320503627109707,-0.4165741036412368,False
155,,0.05,0.15,0.3,0.5,0.4148538290991663,0.8995050625528169,0.8722754173146348,0.8616376015340921,0.9938508970068172,0.032009665297505964,-0.41203927915780536,False
156,,0.1,0.15,0.25,0.5,0.4148538290991663,0.8995050625528169,0.8719772191453217,0.8612770772547419,0.9938522727319162,0.03196896788404118,-0.40750445467439156,False
157,,0.15,0.15,0.2,0.5,0.4148538290991663,0.8995050625528169,0.8717138903219788,0.8609826264717578,0.9938508970068172,0.03192827047057643,-0.40296963019096144,False
158,,0.15,0.05,0.45,0.35,0.4148538290991663,0.895046100489444,0.8763354852118108,0.8673490925034708,0.9937186639448196,0.031133078365578246,-0.4537432103207507,False
159,,0.0,0.05,0.5,0.45,0.4148538290991663,0.893579445995959,0.8757468621558135,0.8663805651056761,0.9937199579436751,0.031193330861474005,-0.4330090558838998,False
160,,0.45,0.05,0.1,0.4,0.4148538290991662,0.8979844780903192,0.8740688088770706,0.8645000984940278,0.9937200805330404,0.03085797401254041,-0.4093649494766679,False
161,,0.5,0.05,0.05,0.4,0.4148538290991662,0.8979844780903192,0.8738059989997913,0.8642077462431503,0.9937240851189723,0.03081727659907565,-0.4048301249932298,False
162,,0.55,0.1,0.05,0.3,0.4148538290991662,0.8965178235968344,0.8748375349335329,0.8655480054733594,0.9938120634201099,0.031282394790981286,-0.4350011092473698,False
163,,0.6,0.1,0.0,0.3,0.4148538290991662,0.8965178235968344,0.8745879732668381,0.8651377007742459,0.9938122132515562,0.0312416973775165,-0.4304662847639462,False
164,,0.65,0.1,0.0,0.25,0.4148538290991662,0.8965178235968344,0.8753175891675803,0.8660593926089959,0.9938147467651051,0.03123191983630103,-0.4431007742240889,False
165,,0.05,0.55,0.0,0.4,0.4147712029935325,0.9034333530215664,0.8738678753717524,0.8599874517617553,0.9941778973281375,0.03562331192898852,-0.4493153538484681,False
166,,0.0,0.6,0.05,0.35,0.4147712029935325,0.9033129356830518,0.8731095654623908,0.8599768459513325,0.9941778837070969,0.03613890507557467,-0.47138667312588445,False
167,,0.1,0.75,0.0,0.15,0.4147550025724645,0.9183051232023706,0.8677268211143752,0.8571553804714781,0.9941740834367738,0.037513117320261934,-0.5320958224845822,False
168,,0.0,0.75,0.05,0.2,0.4147550025724645,0.916887631867166,0.8673772750309704,0.856271208313188,0.9941740834367738,0.0375635922749422,-0.523996157507874,False
169,,0.1,0.7,0.0,0.2,0.4147550025724645,0.9138153217152476,0.8695709212859315,0.8582368173347832,0.9941747372467219,0.037038221587139306,-0.5145593276905884,False
170,,0.1,0.55,0.15,0.2,0.4147550025724645,0.9119073323982416,0.878287934858794,0.8676182529126814,0.9941778973281375,0.035706294004520904,-0.5134577851392704,False
171,,0.1,0.55,0.25,0.1,0.4147550025724645,0.9105967431890228,0.8787028944244394,0.8676762596421689,0.9941778428439753,0.03576813374901942,-0.5477964130263823,False
172,,0.25,0.6,0.0,0.15,0.4147550025724645,0.9104601254294404,0.8754184112996731,0.8650413326838734,0.9941778837070969,0.03605909749724797,-0.5173898064829977,False
173,,0.1,0.6,0.1,0.2,0.4147550025724645,0.910443363113296,0.8754739610063114,0.8649028687466165,0.9941778837070969,0.03615026986539298,-0.5138249659897032,False
174,,0.05,0.6,0.0,0.35,0.4147550025724645,0.9018792439267794,0.8729228367239875,0.8595911603934703,0.9941778837070969,0.03609820766210989,-0.4668518486424639,False
175,,0.2,0.55,0.15,0.1,0.4147388021513966,0.9134641267015676,0.8789641089090334,0.8690536169530012,0.9941778564650158,0.03568673892208991,-0.5387267640595433,False
176,,0.15,0.55,0.15,0.15,0.4147388021513966,0.9134311639643552,0.8787062798544857,0.8684066021288157,0.9941778768965767,0.03569651646330539,-0.5260922745993923,False
177,,0.2,0.55,0.05,0.2,0.4147388021513966,0.910405331762178,0.8774706073008997,0.866338578067954,0.9941778973281375,0.03562489917759136,-0.5043881361724277,False
178,,0.25,0.55,0.0,0.2,0.4147388021513966,0.910405331762178,0.877014589872069,0.8649011801216288,0.9941778973281375,0.03558420176412657,-0.4998533116889981,False
179,,0.1,0.5,0.25,0.15,0.4147220398352521,0.9104361096688962,0.8808657460471576,0.8702747554396885,0.9941841902488877,0.03529323801589641,-0.5302599182323824,False
180,,0.4,0.4,0.0,0.2,0.4147220398352521,0.9103840012101728,0.8773214825909116,0.866906498457174,0.9941124346070868,0.03413018194111291,-0.4851472956874131,False
181,,0.25,0.45,0.05,0.25,0.4147220398352521,0.910348655067594,0.8787269442074701,0.8667559590889805,0.9941844081855371,0.03466533017013165,-0.4819496360445572,False
182,,0.3,0.45,0.0,0.25,0.4147220398352521,0.910348655067594,0.8782952044606176,0.8654554478363471,0.9941843537013748,0.03462463275666686,-0.4774148115611365,False
183,,0.35,0.45,0.0,0.2,0.4147220398352521,0.910348655067594,0.8795385087103185,0.867892939242872,0.9941844081855371,0.03461485521545137,-0.49004930102126265,False
184,,0.05,0.5,0.25,0.2,0.4147220398352521,0.9089503094539004,0.8807688247771202,0.8697087742341955,0.9941841902488877,0.035303015557111905,-0.5176254287722452,False
185,,0.1,0.5,0.2,0.2,0.4147220398352521,0.9089503094539004,0.8806561050324073,0.8695753042395639,0.9941842311120095,0.03526231814364717,-0.5130906042888246,False
186,,0.15,0.5,0.2,0.15,0.4147220398352521,0.9089341090328326,0.8808525751274432,0.8702104540043288,0.9941841902488877,0.03525254060243165,-0.5257250937489584,False
187,,0.9,0.0,0.1,0.0,0.4144982233650203,0.8945961379773623,0.8559780569798492,0.844644012174141,0.9890729083904657,0.03029508040847786,-0.5055388598238679,False
188,,0.6,0.0,0.35,0.05,0.4144982233650203,0.8916083371263028,0.8560670744084863,0.8446185589339242,0.9890728402852628,0.030508345017017168,-0.5155784927808422,False
189,,0.7,0.0,0.3,0.0,0.4144982233650203,0.8916083371263028,0.8560528740768979,0.8447535022350441,0.9890728402852628,0.030457870062336922,-0.523678157757556,False
190,,0.45,0.0,0.35,0.2,0.4144820229439525,0.8901772181983434,0.855842871169265,0.8455037758957862,0.9890767903870323,0.030537677640663636,-0.4776750244004434,False
191,,0.35,0.0,0.45,0.2,0.4144820229439525,0.888743526442071,0.8556988547947465,0.8440819356865074,0.9890728811483844,0.03061907246759316,-0.486744673367284,False
192,,0.15,0.0,0.55,0.3,0.4144820229439525,0.8887429645469943,0.8557564484190435,0.8451843622461142,0.9890767631449512,0.03072002237695365,-0.47054534341386434,False
193,,0.1,0.0,0.65,0.25,0.4144820229439525,0.8887429645469942,0.8556502094760782,0.8439650142677558,0.9890727449379786,0.030791639662667677,-0.4922494818408478,False
194,,0.1,0.0,0.6,0.3,0.4144820229439525,0.8873092727907219,0.8556854988855336,0.8447112158875565,0.9890748221466679,0.03076071979041839,-0.47508016789729146,False
195,,0.3,0.0,0.4,0.3,0.4144658225228845,0.8917463996977848,0.855197330527334,0.844701853008677,0.9890768312501541,0.030597930136559353,-0.45694086996359795,False
196,,0.35,0.0,0.4,0.25,0.4144658225228845,0.8901434835848817,0.85574743319859,0.8452305006956585,0.9890768312501541,0.030588152595343854,-0.46957535942373085,False
197,,0.1,0.2,0.0,0.7,0.4144177487894862,0.8934449991502118,0.8686587725899526,0.8568463306301842,0.9938919099600182,0.03228926425591608,-0.3391943797505975,False
198,,0.05,0.25,0.1,0.6,0.4144177487894862,0.8934423139416726,0.869728747913803,0.8581213867795356,0.9939174357900742,0.03283577727475323,-0.378435012971586,False
199,,0.1,0.25,0.05,0.6,0.4144177487894862,0.8934423139416726,0.8695681584116915,0.8578870838241037,0.9939174357900742,0.032795079861288455,-0.3739001884881573,False
200,,0.05,0.2,0.1,0.65,0.4144177487894862,0.8933716216565152,0.8694301263580525,0.857936503004211,0.9938880688265732,0.0323608815416301,-0.36089851817758734,False
201,,0.1,0.2,0.05,0.65,0.4144177487894862,0.8933716216565152,0.869275575793596,0.8577083743909408,0.9938880688265732,0.03232018412816537,-0.3563636936941589,False
202,,0.15,0.2,0.05,0.6,0.4144177487894862,0.8933716216565152,0.869837560559133,0.8584133699493466,0.9938880688265732,0.03231040658694987,-0.36899818315430133,False
203,,0.2,0.2,0.0,0.6,0.4144177487894862,0.8933716216565152,0.8697006934114653,0.8582070798440291,0.9938880688265732,0.03226970917348511,-0.36446335867085977,False
204,,0.2,0.1,0.05,0.65,0.4144177487894862,0.8903502629222979,0.8700204437344342,0.8588081038660349,0.9938161224902041,0.031350837579489685,-0.34655968302643836,False
205,,0.25,0.1,0.0,0.65,0.4144177487894862,0.8903502629222979,0.8698452260215466,0.8585742308025595,0.9938174845942626,0.031310140166024916,-0.34202485854300657,False
206,,0.1,0.15,0.0,0.75,0.4144177487894862,0.8889003707449575,0.8685161994180544,0.8567738497126918,0.9938548607296274,0.03181436852279483,-0.3216578849566014,False
207,,0.1,0.1,0.1,0.7,0.4144177487894862,0.8888296031778107,0.8695640017664864,0.858278523035512,0.9938134663872901,0.03140131253416992,-0.3384600180497094,False
208,,0.05,0.25,0.0,0.7,0.4144177487894861,0.893568696843211,0.8681777026711379,0.8562910026173198,0.9939174357900742,0.032773937530254676,-0.3440963850844718,False
209,,0.15,0.55,0.2,0.1,0.4142325617471432,0.9137686624669938,0.8789881551819729,0.8691845398424799,0.9941778564650158,0.03572743633555468,-0.5432615885429624,False
210,,0.0,0.45,0.05,0.5,0.4142153895780382,0.904595899362016,0.8690344292021626,0.8566625403460025,0.9941817384615824,0.034714217876209076,-0.41877718874388226,False
211,,0.05,0.45,0.0,0.5,0.4142153895780382,0.904595899362016,0.8688707894212877,0.8563883853067861,0.9941817384615824,0.03467352046274434,-0.4142423642604689,False
212,,0.0,0.05,0.45,0.5,0.4141566908376174,0.8911538568329364,0.8751176736809589,0.8656139806528671,0.9937187048079413,0.03116241098922472,-0.4158397419403407,False
213,,0.05,0.25,0.4,0.3,0.4139944944135761,0.8996794098603444,0.8748355082979747,0.8656336575030926,0.993913308614777,0.03302129650824888,-0.48145089663292706,False
214,,0.1,0.25,0.35,0.3,0.4139944944135761,0.8996794098603444,0.8747054821797665,0.8655761891789513,0.9939146162346731,0.032980599094784124,-0.4769160721494924,False
215,,0.2,0.25,0.3,0.25,0.4139944944135761,0.8996111009805533,0.8749090983571816,0.8660013802452247,0.9939127229100319,0.032930124140103885,-0.4850157371262036,False
216,,0.7,0.0,0.2,0.1,0.4139433816975632,0.8919663525560947,0.8557905951109005,0.8452372672403052,0.989074849388749,0.030396030317838368,-0.4893395298704515,False
217,,0.35,0.25,0.1,0.3,0.4139261855337849,0.9040494644368876,0.8734257926493189,0.8641479670639994,0.9939187706520515,0.0327771120274603,-0.4542419497323811,False
218,,0.25,0.2,0.15,0.4,0.4139261855337849,0.9039601130433068,0.8723899248559773,0.8621242007940759,0.9938853991026186,0.032352691249017455,-0.4286057899616703,False
219,,0.4,0.2,0.0,0.4,0.4139261855337849,0.902613389275249,0.8717712452457621,0.8611696774427332,0.9938880688265732,0.03223059900862315,-0.41500131651142147,False
220,,0.45,0.25,0.05,0.25,0.4139261855337849,0.901165880503275,0.8738335072127315,0.8648236163092071,0.993916850085329,0.03272663707278006,-0.4623416147091054,False
221,,0.5,0.25,0.0,0.25,0.4139261855337849,0.901165880503275,0.8734917381301439,0.8643417945765188,0.993916850085329,0.03268593965931531,-0.45780679022568027,False
222,,0.55,0.25,0.0,0.2,0.4139261855337849,0.901165880503275,0.8741376492574593,0.86534023431405,0.993916850085329,0.032676162118099795,-0.4704412796858217,False
223,,0.35,0.2,0.1,0.35,0.4139261855337849,0.9010597667935494,0.8729795139846901,0.8635176994011815,0.9938905750980408,0.03230221629433719,-0.4367054549383792,False
224,,0.45,0.15,0.05,0.35,0.4139261855337849,0.8995391823310516,0.8734397593645594,0.86391470615759,0.9938562773178482,0.031776845606535674,-0.42726862512110964,False
225,,0.5,0.15,0.05,0.3,0.4139261855337849,0.8995391823310516,0.8741231440550824,0.8649360889975887,0.9938549152137898,0.03176706806532018,-0.4399031145812321,False
226,,0.55,0.15,0.0,0.3,0.4139261855337849,0.8995391823310516,0.8737862859222131,0.8644723903465903,0.9938575576956632,0.03172637065185543,-0.4353682900978163,False
227,,0.2,0.15,0.4,0.25,0.4139261855337849,0.8994870738723283,0.8763437658639551,0.8674774989261681,0.9938508970068172,0.032042172418358036,-0.484281375425318,False
228,,0.25,0.15,0.35,0.25,0.4139261855337849,0.8994870738723283,0.8761025059882129,0.8672912896280507,0.9938508970068172,0.032001475004893275,-0.4797465509419089,False
229,,0.3,0.15,0.3,0.25,0.4139261855337849,0.8994870738723283,0.8759309807827845,0.8670566484374871,0.993852150142551,0.03196077759142853,-0.47521172645847876,False
230,,0.35,0.15,0.25,0.25,0.4139261855337849,0.8994708734512604,0.8758136269112602,0.8669590102632734,0.9938509174383781,0.031920080177963744,-0.4706769019750583,False
231,,0.4,0.15,0.2,0.25,0.4139261855337849,0.8994708734512604,0.8756139149124463,0.8667883658883234,0.9938509378699389,0.03187938276449899,-0.46614207749163716,False
232,,0.45,0.15,0.15,0.25,0.4139261855337849,0.8994708734512604,0.875382848126075,0.8664189700536439,0.9938535394886907,0.03183868535103422,-0.46160725300821803,False
233,,0.5,0.15,0.1,0.25,0.4139261855337849,0.8994708734512604,0.875118155478241,0.8662055092381753,0.9938549424558709,0.03179798793756946,-0.45707242852479435,False
234,,0.55,0.15,0.05,0.25,0.4139261855337849,0.8994708734512604,0.8749513720454787,0.8659033802524511,0.9938549424558709,0.03175729052410472,-0.45253760404136956,False
235,,0.15,0.6,0.1,0.15,0.4138273590070833,0.9148978184578402,0.8761649907438843,0.8663540784043052,0.9941778837070969,0.03614049232417749,-0.5264594554498422,False
236,,0.15,0.6,0.2,0.05,0.4138273590070833,0.913547409638083,0.876535878032657,0.8663135285044165,0.9941778292229346,0.03620233206867604,-0.5607980833369569,False
237,,0.1,0.6,0.25,0.05,0.4138273590070833,0.910680026125538,0.8763546460311591,0.8662111240118141,0.994177815601894,0.036243029482140775,-0.5653329078203826,False
238,,0.15,0.7,0.0,0.15,0.4138273590070833,0.9196021971990606,0.8702323171810004,0.8596349962787625,0.9941747372467219,0.037028444045923856,-0.5271938171507342,False
239,,0.3,0.55,0.15,0.0,0.4138111585860154,0.9164315554667722,0.8784135587458539,0.8677492168268655,0.9941778428439753,0.035667183839658924,-0.5639957429798028,False
240,,0.15,0.45,0.25,0.15,0.4137943962698708,0.913369418655866,0.8821848368548134,0.8712859060472822,0.9941843673224153,0.034808564741559696,-0.5253579128985117,True
241,,0.1,0.45,0.25,0.2,0.4137943962698708,0.9133526563397216,0.8818247447786756,0.8704313597564589,0.9941843400803342,0.034818342282775194,-0.5127234234383853,False
242,,0.35,0.5,0.15,0.0,0.4137781958488029,0.9163761051365324,0.8805019277500044,0.8692246199277343,0.9941841766278472,0.03518251056532039,-0.5590937376459432,False
243,,0.15,0.4,0.25,0.2,0.4135134121695151,0.910366643748083,0.8800764801219424,0.8697779814810269,0.9941117535550575,0.03433366900843671,-0.5078214181045138,False
244,,0.3,0.15,0.0,0.55,0.413488446222685,0.8962366217636938,0.8704515814291024,0.8593515171996375,0.9938548062454651,0.031775258357932885,-0.37219584279714213,False
245,,0.0,0.2,0.15,0.65,0.413488446222685,0.8948053134127876,0.8695649020551691,0.858161031311007,0.9938867339645959,0.032401578955094885,-0.3654333426609986,False
246,,0.05,0.2,0.15,0.6,0.413488446222685,0.8948053134127876,0.870119374841251,0.8588359174400702,0.9938867203435553,0.0323918014138794,-0.3780678321211425,False
247,,0.1,0.2,0.1,0.6,0.413488446222685,0.8948053134127876,0.8700026659965489,0.8586552959158082,0.9938880688265732,0.03235110400041464,-0.3735330076377069,False
248,,0.2,0.15,0.1,0.55,0.413488446222685,0.8932319500636317,0.8707630895704105,0.8597684420156732,0.9938535122466094,0.031856653184862374,-0.3812654917639857,False
249,,0.1,0.15,0.2,0.55,0.413488446222685,0.8931636411838404,0.8710140786397291,0.8601089028704517,0.9938508152805737,0.031938048011791904,-0.3903351407308293,False
250,,0.3,0.1,0.0,0.6,0.413488446222685,0.8917839546785703,0.8704664362911486,0.8593451897457874,0.9938175254573843,0.03130036262480944,-0.3546593480031518,False
251,,0.15,0.15,0.15,0.55,0.413488446222685,0.891729949427568,0.8708901123842198,0.8599268344624479,0.9938508289016142,0.03189735059832716,-0.3858003162474043,False
252,,0.1,0.05,0.25,0.6,0.413488446222685,0.8901620233170793,0.8722672209893291,0.8612853808281478,0.993718745671063,0.03101917641779665,-0.3724314650863899,False
253,,0.05,0.1,0.3,0.55,0.4134884462226849,0.8960639874335976,0.872134543345412,0.8613985970370001,0.9938015207346972,0.0315347695643825,-0.3945027843638069,False
254,,0.1,0.1,0.25,0.55,0.4134884462226849,0.8960639874335976,0.8718685968214771,0.8611141217861775,0.9938055525627103,0.03149407215091775,-0.3899679598803948,False
255,,0.35,0.05,0.15,0.45,0.4134884462226849,0.8960124408699511,0.8736194037570494,0.8639591461836973,0.9937200805330404,0.03090844896722067,-0.40126528449994936,False
256,,0.15,0.1,0.2,0.55,0.4134884462226849,0.8946302956773251,0.8717146039473456,0.8608788379348352,0.9938055525627103,0.03145337473745298,-0.38543313539696555,False
257,,0.2,0.1,0.15,0.55,0.4134884462226849,0.8946302956773251,0.8715426397145087,0.8606491618391023,0.9938108920106196,0.03141267732398823,-0.38089831091354376,False
258,,0.5,0.05,0.0,0.45,0.4134884462226849,0.8931450573574062,0.8729863731886478,0.8623725571109381,0.9937267548429269,0.03078635672682638,-0.3876608110496822,False
259,,0.05,0.05,0.4,0.5,0.4134884462226849,0.8916454401267089,0.8747681965512388,0.8652500601079113,0.9937200805330404,0.031121713575759945,-0.41130491745693365,False
260,,0.05,0.1,0.2,0.65,0.4134884462226849,0.8902632949340831,0.8705030496576728,0.8594354722958674,0.9938108647685383,0.031472929819883956,-0.36016415647669575,False
261,,0.1,0.1,0.15,0.65,0.4134884462226849,0.8902632949340831,0.8702875769626675,0.8591937753895771,0.9938108647685383,0.031432232406419194,-0.3556293319932795,False
262,,0.15,0.1,0.1,0.65,0.4134884462226849,0.8902632949340831,0.8701562184151667,0.8590394037183254,0.9938121860094751,0.03139153499295444,-0.3510945075098506,False
263,,0.3,0.05,0.1,0.55,0.4134884462226849,0.8902279487915044,0.8722894696365192,0.8613612202997867,0.993722750256995,0.030887306636186863,-0.37146148109626476,False
264,,0.35,0.05,0.05,0.55,0.4134884462226849,0.8902279487915044,0.8721491821959321,0.861164426489516,0.9937253791178279,0.03084660922272211,-0.36692665661283475,False
265,,0.0,0.05,0.3,0.65,0.4134884462226849,0.8886953688235945,0.8717047241657812,0.8606879097957006,0.9937187865341848,0.031069651372476872,-0.364331800109689,False
266,,0.3,0.3,0.05,0.35,0.4134201373428939,0.9026538040317332,0.8720556018984893,0.8614892450170762,0.99395064388702,0.03323086542954772,-0.44197464112269647,False
267,,0.35,0.15,0.0,0.5,0.4134201373428939,0.9010760424966068,0.8709783048856808,0.8600440632269611,0.9938548334875462,0.031765480816717366,-0.38483033225726815,False
268,,0.2,0.15,0.15,0.5,0.4134201373428939,0.8965693701604809,0.8715084140660061,0.8607394010478634,0.9938521229004699,0.03188757305711167,-0.3984348057075475,False
269,,0.15,0.25,0.15,0.45,0.4134201373428937,0.9011820809243428,0.8715573710797045,0.8606493559886385,0.9939155152233516,0.03284714206457153,-0.42087330583539895,False
270,,0.2,0.25,0.1,0.45,0.4134201373428937,0.9011820809243428,0.8714154712770532,0.8604198914535073,0.9939155152233516,0.03280644465110678,-0.4163384813519849,False
271,,0.25,0.05,0.3,0.4,0.4134201373428937,0.8994181698465916,0.8752930029650019,0.8660731148215672,0.9937200601014795,0.031020763666399474,-0.4275042474103563,False
272,,0.3,0.05,0.25,0.4,0.4134201373428937,0.8994181698465916,0.8751197051818818,0.8658096270286232,0.9937200805330404,0.03098006625293471,-0.4229694229269235,False
273,,0.35,0.05,0.2,0.4,0.4134201373428937,0.8994181698465916,0.8747319511390785,0.8653622230834402,0.9937200805330404,0.030939368839469922,-0.4184345984435073,False
274,,0.4,0.05,0.15,0.4,0.4134201373428937,0.8994181698465916,0.8744847405225167,0.8650251561324637,0.9937200805330404,0.030898671426005185,-0.4138997739600768,False
275,,0.55,0.05,0.0,0.4,0.4134201373428937,0.8964824774542556,0.8736158928036512,0.8638247817497178,0.9937280624628231,0.030776579185610886,-0.4002953005098264,False
276,,0.0,0.0,0.4,0.6,0.4133543456359908,0.8849254249329029,0.8522967974141574,0.8396978675636606,0.9890770083236817,0.030656595383852275,-0.38113393320279154,False
277,,0.15,0.0,0.2,0.65,0.4133543456359908,0.8791124435852037,0.8507535403021292,0.8377039754359987,0.9890770083236817,0.030503583271208702,-0.35036014580896957,False
278,,0.3,0.0,0.25,0.45,0.4133381452149228,0.8893946522185815,0.8535433668548279,0.8421774433155094,0.98907696746056,0.03050517051981154,-0.40543292813292287,False
279,,0.0,0.0,0.55,0.45,0.4133381452149228,0.8865272687060367,0.854824200192102,0.8436832506573965,0.9890768312501541,0.03074935500060009,-0.43264187503345175,False
280,,0.05,0.0,0.5,0.45,0.4133381452149228,0.8865272687060367,0.8547784418674685,0.8436263256400037,0.9890768312501541,0.030708657587135302,-0.4281070505500426,False
281,,0.1,0.0,0.45,0.45,0.4133381452149228,0.8865272687060367,0.8545754193095243,0.8434935327801405,0.989076899355357,0.03066796017367055,-0.4235722260666148,False
282,,0.15,0.8,0.0,0.05,0.4133213108161921,0.9270235194137324,0.8673733984917429,0.86033409959794,0.9941726123643906,0.037978235512169195,-0.5622668067387329,False
283,,0.05,0.75,0.0,0.2,0.4133213108161921,0.9154539401108936,0.8670425333227987,0.855652163087975,0.9941740834367738,0.03752289486147744,-0.5194613330244588,False
284,,0.05,0.6,0.2,0.15,0.4133213108161921,0.910596743189023,0.8765646279987563,0.8669202119261015,0.9941778428439753,0.03622188715110698,-0.5355291044166872,False
285,,0.15,0.5,0.1,0.25,0.4133213108161921,0.91038913134111,0.8789907109013075,0.8664777973102398,0.9941842311120095,0.03519070085793305,-0.4913864658618401,False
286,,0.0,0.6,0.25,0.15,0.4133213108161921,0.9091630514327506,0.8766496418301422,0.8671511224245273,0.9941778292229346,0.0362625845645718,-0.5400639289001106,False
287,,0.0,0.55,0.25,0.2,0.4133213108161921,0.9090399488856968,0.8786979367986562,0.8681093201860816,0.9941778564650158,0.035787688831450414,-0.522527434106111,False
288,,0.2,0.5,0.05,0.25,0.4133213108161921,0.9089554395848376,0.8786245282843216,0.865868350867658,0.9941842311120095,0.03515000344446828,-0.48685164137843584,False
289,,0.25,0.5,0.05,0.2,0.4133213108161921,0.9089554395848376,0.8796275574392444,0.8681367372033166,0.9941842311120095,0.03514022590325278,-0.4994861308385534,False
290,,0.25,0.55,0.1,0.1,0.4133051103951242,0.91489781845784,0.878665831377757,0.8686999265578215,0.9941778768965767,0.035646041508625166,-0.5341919395761123,False
291,,0.35,0.55,0.0,0.1,0.4133051103951242,0.911962126065504,0.8782451413194519,0.8681491010047169,0.9941778973281375,0.03556464668169562,-0.5251222906092623,False
292,,0.15,0.55,0.1,0.2,0.4133051103951242,0.9118390235184504,0.8779835514174081,0.8670562259711099,0.9941778973281375,0.03566559659105612,-0.5089229606558405,False
293,,0.3,0.55,0.0,0.15,0.4133051103951242,0.9089554395848376,0.8777938963579082,0.8670529952790718,0.9941778973281375,0.035574424222911086,-0.5124878011491393,False
294,,0.3,0.7,0.0,0.0,0.413304918181762,0.9226776816889408,0.8720660472974928,0.8640110546266786,0.994174716815161,0.03699911142227736,-0.5650972855311293,False
295,,0.25,0.6,0.1,0.05,0.413304918181762,0.915235316960479,0.8766697705046212,0.8671586668889879,0.9941778428439753,0.03612093724174651,-0.551728434370117,False
296,,0.1,0.45,0.2,0.25,0.4132883480789797,0.9118506557036578,0.8807499582964089,0.8691324881457277,0.994184380943456,0.03478742241052592,-0.49555410949482814,False
297,,0.0,0.45,0.3,0.25,0.4132883480789797,0.9104852728271768,0.8815305471634879,0.8698335505872173,0.994184312838253,0.03486881723745542,-0.504623758461679,False
298,,0.05,0.45,0.25,0.25,0.4132883480789797,0.9104169639473854,0.8811675613473321,0.8695478052855741,0.9941830528919989,0.034828119823990686,-0.5000889339782493,False
299,,0.2,0.45,0.05,0.3,0.4132883480789797,0.9102752775738976,0.8767942854889283,0.8638301691756817,0.9941830733235598,0.03467510771134711,-0.4693151465844305,False
300,,0.45,0.4,0.0,0.15,0.4132883480789797,0.9089508713489772,0.8791899002885492,0.8689512711779669,0.994173947226368,0.03412040439989742,-0.49778178514753635,False
301,,0.3,0.4,0.05,0.25,0.4132883480789797,0.9088439692229914,0.8757485328085944,0.8651971106446233,0.9941726123643906,0.03418065689579316,-0.4770476307106962,False
302,,0.25,0.45,0.2,0.1,0.4132719554445495,0.912224062243952,0.8823121398860487,0.8715612129812363,0.9941843673224153,0.034758089786879436,-0.5334575778752323,True
303,,0.95,0.0,0.05,0.0,0.4130645316087479,0.8930941373412986,0.8559503666881054,0.8446565750885733,0.9890729083904657,0.030254382995013086,-0.50100403534046,False
304,,0.55,0.0,0.4,0.05,0.4130645316087479,0.8901746453700304,0.8560485425901024,0.8446721067310173,0.9890728402852628,0.030549042430481912,-0.5201133172642765,False
305,,0.65,0.0,0.35,0.0,0.4130645316087479,0.8901746453700304,0.8560638731370864,0.8447500666690853,0.9890728402852628,0.03049856747580169,-0.5282129822409813,False
306,,0.15,0.0,0.6,0.25,0.4130483311876801,0.8872409639109305,0.855663816015057,0.8439646392333907,0.9890728811483844,0.030750942249202922,-0.4877146573574126,False
307,,0.2,0.0,0.55,0.25,0.4130483311876801,0.8872409639109305,0.8556495859985138,0.843881737085895,0.9890728811483844,0.030710244835738157,-0.48317983287400923,False
308,,0.05,0.0,0.65,0.3,0.4130483311876801,0.8858072721546582,0.855574114781576,0.8437357772047621,0.9890728266642221,0.030801417203883158,-0.4796149923807064,False
309,,0.4,0.0,0.35,0.25,0.4130321307666121,0.8916101380783665,0.8557256031466931,0.8452459276277049,0.9890768312501541,0.030547455181879096,-0.4650405349403164,False
310,,0.35,0.0,0.35,0.3,0.4130321307666121,0.8902443990617211,0.8551403588132812,0.8446204333785817,0.9890768312501541,0.030557232723094595,-0.45240604548017094,False
311,,0.2,0.4,0.1,0.3,0.413001645738467,0.911727553156604,0.8739281170856579,0.8629494222818369,0.9941726123643906,0.034231131850473405,-0.46894796573398145,False
312,,0.3,0.35,0.0,0.35,0.4129683105291244,0.904241471009678,0.8716009981806732,0.8605214864800692,0.9939829257532061,0.033674841290421496,-0.4423418219731451,False
313,,0.0,0.25,0.05,0.7,0.4129678566121459,0.8950023885994834,0.8682479188052165,0.8563924442098428,0.9939174357900742,0.032814634943719445,-0.3486312095678855,False
314,,0.05,0.25,0.05,0.65,0.4129678566121459,0.8949643572483655,0.8688851653227723,0.8571409435041308,0.9939155152233516,0.03280485740250395,-0.36126569902802963,False
315,,0.1,0.25,0.0,0.65,0.4129678566121459,0.8949643572483655,0.8687649300718729,0.8568959773062756,0.9939155152233516,0.032764159989039206,-0.3567308745445902,False
316,,0.25,0.2,0.0,0.55,0.4129678566121459,0.8948382761500001,0.870196645190455,0.8589082962998714,0.9938880688265732,0.03225993163226963,-0.37709784813100544,False
317,,0.05,0.2,0.05,0.7,0.4129678566121459,0.8919429985141483,0.868739539847962,0.8570243600827119,0.9938919099600182,0.03232996166938084,-0.34372920423402575,False
318,,0.15,0.2,0.0,0.65,0.4129678566121459,0.8919049671630302,0.8691565343042453,0.85751441938341,0.9938880688265732,0.03227948671470059,-0.3518288692107444,False
319,,0.0,0.1,0.1,0.8,0.4129678566121459,0.881423028498679,0.8684727305290696,0.8569672480981328,0.993814814870308,0.031420867616600914,-0.3131910391294538,False
320,,0.0,0.05,0.2,0.75,0.4129674513915354,0.8798520485548891,0.8700572438896974,0.8589756993232273,0.9937214562581395,0.031007811627978336,-0.32999317222257907,False
321,,0.05,0.05,0.15,0.75,0.4129674513915354,0.8798520485548891,0.8700012958439362,0.8588505933367814,0.9937227911201167,0.030967114214513595,-0.3254583477391405,False
322,,0.0,0.8,0.0,0.2,0.4128636716751424,0.914427897087316,0.8403147583496791,0.8363740467376002,0.9941088182208115,0.03800756813581567,-0.5243633383583142,False
323,,0.0,0.5,0.05,0.45,0.4127988326100406,0.9062273590404144,0.8730011795170735,0.8588619588684662,0.9941842311120095,0.035189113609330254,-0.4363136835378807,False
324,,0.5,0.0,0.5,0.0,0.4126392933098339,0.8882756366134593,0.856281729540628,0.8450375172353316,0.9890723499278017,0.03062065971619597,-0.5418174556912481,False
325,,0.0,0.1,0.05,0.85,0.4125892840273594,0.8724616742968253,0.8679308967639491,0.8563275134955098,0.9938161497322853,0.031389947744351616,-0.2960217251858941,False
326,,0.05,0.1,0.0,0.85,0.4125892840273594,0.8724616742968253,0.8679643765767171,0.8563088808122273,0.993817470973222,0.031349250330886855,-0.29148690070247485,False
327,,0.6,0.0,0.25,0.15,0.4125664386831063,0.8912007077938601,0.8558319496573276,0.845561251893392,0.9890767903870323,0.0304465052725186,-0.48123986489374304,False
328,,0.2,0.25,0.35,0.2,0.4125608026573037,0.901203241426458,0.8755977405578853,0.8668688425909349,0.9939113880480545,0.03296104401235315,-0.5021850510697632,False
329,,0.1,0.25,0.45,0.2,0.4125608026573037,0.8998378585499769,0.8757034105374666,0.8657267391251157,0.9939101212912801,0.033042438839282665,-0.5112547000366117,False
330,,0.35,0.25,0.4,0.0,0.4125608026573037,0.8984421981448224,0.8794873688536704,0.8691760717343577,0.9939101076702395,0.03296263126095596,-0.557257833393733,False
331,,0.0,0.25,0.45,0.3,0.4125608026573037,0.898245718104072,0.8749771502715296,0.8658592557911896,0.9939119737527996,0.03306199392171364,-0.48598572111633287,False
332,,0.05,0.15,0.55,0.25,0.4125608026573037,0.8922862835721524,0.8766333911634664,0.8665139451100937,0.9938507471753708,0.032164264658752315,-0.49788584887559195,False
333,,0.1,0.25,0.3,0.35,0.4125608026573037,0.9040116596069532,0.8740490669956285,0.8646903397180608,0.9939133494778987,0.03294967922253484,-0.45974675820594113,False
334,,0.15,0.25,0.25,0.35,0.4125608026573037,0.9040116596069532,0.873748237313857,0.8644534346161604,0.9939133494778987,0.032908981809070086,-0.45521193372250734,False
335,,0.1,0.25,0.2,0.45,0.4125608026573037,0.9026157726806152,0.8717083092298752,0.860894985409715,0.9939141803613744,0.0328878394780363,-0.4254081303188343,False
336,,0.0,0.2,0.3,0.5,0.4125608026573037,0.9025264212870344,0.8717771945678949,0.8610478196614585,0.9938793104974771,0.0324943385718427,-0.4169412844916839,False
337,,0.0,0.2,0.2,0.6,0.4125608026573037,0.8963073140488512,0.8702597762204336,0.8590406005342152,0.9938833695675715,0.032432498827344156,-0.3826026566045577,False
338,,0.85,0.0,0.1,0.05,0.4125258903623587,0.8933812710629861,0.8558320444031774,0.8457705629141257,0.9890767903870323,0.03030485794969335,-0.49290437036373036,False
339,,0.5,0.25,0.05,0.2,0.4124924937775125,0.9025995722595472,0.8743760683035633,0.8656086525577898,0.993916850085329,0.03271685953156458,-0.47497610416923053,False
340,,0.15,0.2,0.25,0.4,0.4124924937775125,0.9025264212870344,0.8733380080503799,0.8639310755651827,0.9938800324126281,0.03243408607594697,-0.4376754389285137,False
341,,0.2,0.2,0.2,0.4,0.4124924937775125,0.9025264212870344,0.8729672869244332,0.863389599413966,0.9938840642406412,0.0323933886624822,-0.43314061444510266,False
342,,0.25,0.2,0.2,0.35,0.4124924937775125,0.9024934585498218,0.873840227294622,0.864538879046356,0.9938839825143978,0.03238361112126672,-0.4457751039052412,False
343,,0.3,0.2,0.15,0.35,0.4124924937775125,0.9024934585498218,0.8733866609833438,0.8639934552844848,0.9938892402360635,0.032342913707801964,-0.4412402794218129,False
344,,0.2,0.2,0.15,0.45,0.4124924937775125,0.901092729530762,0.8717296259303933,0.8610596328846261,0.9938840642406412,0.03236246879023295,-0.4159713005015512,False
345,,0.15,0.15,0.4,0.3,0.4124924937775125,0.900989074508392,0.8756231498926402,0.866674541431872,0.9938502023337473,0.03205194995957352,-0.47164688596519433,False
346,,0.2,0.15,0.35,0.3,0.4124924937775125,0.900989074508392,0.8754673345032996,0.8664548947839421,0.993850869764736,0.032011252546108766,-0.4671120614817653,False
347,,0.2,0.15,0.3,0.35,0.4124924937775125,0.900972874087324,0.8748990897920038,0.8657870042093255,0.9938509378699389,0.03198033267385948,-0.44994274753820684,False
348,,0.25,0.15,0.25,0.35,0.4124924937775125,0.900972874087324,0.8746043325854977,0.8654710946132006,0.9938509378699389,0.03193963526039473,-0.4454079230547906,False
349,,0.3,0.15,0.2,0.35,0.4124924937775125,0.900972874087324,0.8744121145751321,0.8651819348475519,0.9938522046267133,0.03189893784692996,-0.4408730985713647,False
350,,0.3,0.15,0.25,0.3,0.4124924937775125,0.900972874087324,0.8751531604975271,0.8661268846198861,0.9938509378699389,0.031929857719179236,-0.4580424125149247,False
351,,0.35,0.15,0.15,0.35,0.4124924937775125,0.900972874087324,0.8740806100092041,0.8647967051614615,0.9938522727319162,0.0318582404334652,-0.43633827408795234,False
352,,0.35,0.15,0.2,0.3,0.4124924937775125,0.900972874087324,0.8749176016869799,0.8659539087416607,0.9938509378699389,0.03188916030571448,-0.45350758803149904,False
353,,0.4,0.15,0.1,0.35,0.4124924937775125,0.900972874087324,0.8737686336067748,0.8643272230333037,0.9938536075938936,0.03181754302000043,-0.43180344960452477,False
354,,0.4,0.15,0.15,0.3,0.4124924937775125,0.900972874087324,0.8746685066768705,0.8656380164761639,0.9938536075938936,0.03184846289224972,-0.44897276354807736,False
355,,0.45,0.15,0.1,0.3,0.4124924937775125,0.900972874087324,0.8744167350584803,0.8653225294576536,0.9938549152137898,0.031807765478784965,-0.4444379390646582,False
356,,0.5,0.2,0.0,0.3,0.4124924937775125,0.8996638798672114,0.8732138623516502,0.8638713949853944,0.9938880688265732,0.03221104392619218,-0.4402702954316804,False
357,,0.55,0.2,0.0,0.25,0.4124924937775125,0.8996638798672114,0.8739439774391384,0.8649167162209545,0.9938880688265732,0.0322012663849767,-0.4529047848918202,False
358,,0.35,0.15,0.05,0.45,0.4124924937775125,0.8995200366095408,0.8717789904251291,0.8610500855030252,0.9938561955916047,0.03179640068896665,-0.40199964620083184,False
359,,0.65,0.15,0.0,0.2,0.4124924937775125,0.899503836188473,0.8752349014548952,0.8663940591933647,0.9938576121798255,0.03170681556942446,-0.4606372690180851,False
360,,0.15,0.1,0.3,0.45,0.4124924937775125,0.8994697164102382,0.874119108818556,0.8646009548307088,0.9938014798715754,0.03151521448195153,-0.41977176328408095,False
361,,0.25,0.1,0.25,0.4,0.4124924937775125,0.8994535159891703,0.874513283713085,0.8651038177458392,0.9938042177007329,0.031464739527271295,-0.4278714282607957,False
362,,0.3,0.1,0.15,0.45,0.4124924937775125,0.8994014075304471,0.8729228108300945,0.8624959810586723,0.9938055525627103,0.03139312224155725,-0.4061672898338111,False
363,,0.15,0.15,0.45,0.25,0.4124924937775125,0.8980533821160559,0.8765714265322487,0.8677546690924397,0.9938508425226549,0.032082869831822784,-0.48881619990874947,False
364,,0.5,0.15,0.0,0.35,0.4124924937775125,0.898037181694988,0.8731178675965549,0.8634628965628757,0.9938575849377443,0.031736148193070926,-0.42273380063768495,False
365,,0.05,0.1,0.45,0.4,0.4124924937775125,0.8965861324766256,0.8754601055742279,0.8662024727331786,0.9937947919406482,0.03162752918113033,-0.4460107261944857,False
366,,0.1,0.1,0.4,0.4,0.4124924937775125,0.8965861324766256,0.8751615215661886,0.8659525485638108,0.9937974616646028,0.03158683176766558,-0.441475901711058,False
367,,0.2,0.1,0.35,0.35,0.4124924937775125,0.896553169739413,0.8755203290572572,0.8663530983890172,0.9937988578212628,0.031536356812985326,-0.44957556668776866,False
368,,0.0,0.6,0.1,0.3,0.4124098676718789,0.9090477027081414,0.8738985586956168,0.8614625898453359,0.9941778837070969,0.036169824947823934,-0.48855598706944026,False
369,,0.25,0.7,0.0,0.05,0.412393667250811,0.9223731459235146,0.8717875609867146,0.8637429814690584,0.9941747372467219,0.037008888963492866,-0.5524627960709985,False
370,,0.15,0.75,0.0,0.1,0.4123936672508109,0.9255568649202476,0.8685977805664636,0.8598983900644025,0.9941740834367738,0.037503339779046456,-0.5447303119447303,False
371,,0.2,0.75,0.05,0.0,0.4123936672508109,0.9224414548033056,0.869979489288764,0.8615533435185645,0.994174042573652,0.03752448211008024,-0.5745341153484242,False
372,,0.25,0.7,0.05,0.0,0.4123936672508109,0.9209394541672422,0.8720963917280946,0.8630917463880252,0.9941746963836001,0.03703980883574214,-0.5696321100145527,False
373,,0.2,0.7,0.0,0.1,0.4123936672508109,0.9194554422116672,0.871145658450474,0.8622603512492278,0.9941747372467219,0.03701866650470834,-0.5398283066108579,False
374,,0.3,0.65,0.05,0.0,0.4123936672508109,0.9194187944227548,0.8742802041565467,0.8646773751024889,0.9941764126347138,0.03655513556140456,-0.564730104680687,False
375,,0.05,0.65,0.1,0.2,0.4123936672508109,0.9165274283597864,0.8727206354316106,0.861595200933759,0.9941764534978356,0.03663494313973127,-0.5187269713235756,False
376,,0.2,0.6,0.1,0.1,0.4123936672508109,0.9163644729513252,0.8765696186699538,0.8671936874778173,0.994177863275536,0.03613071478296197,-0.539093944909981,False
377,,0.0,0.65,0.1,0.25,0.4123936672508109,0.9150607738663016,0.8719144988438043,0.8601954406015179,0.9941764534978356,0.03664472068094672,-0.5060924818634438,False
378,,0.15,0.6,0.15,0.1,0.4123936672508109,0.9149307811950528,0.8767533695789158,0.8674659223109643,0.9941778428439753,0.03617141219642677,-0.5436287693933957,False
379,,0.25,0.6,0.15,0.0,0.4123936672508109,0.913531209217015,0.8762705761934106,0.8661581784513103,0.9941778292229346,0.036151857113995794,-0.5688977483136708,False
380,,0.3,0.6,0.0,0.1,0.4123936672508109,0.913428780558989,0.8759910009473141,0.866437710042198,0.9941778837070969,0.03604931995603247,-0.5300242959431385,False
381,,0.2,0.6,0.05,0.15,0.4123936672508109,0.9133958178217766,0.8758045655717318,0.8657953239261124,0.9941778837070969,0.036099794910712704,-0.5219246309664288,False
382,,0.0,0.6,0.15,0.25,0.4123936672508109,0.9120187412430564,0.8748143660001075,0.8630473122765466,0.9941778837070969,0.036200744820073245,-0.5057253010129972,False
383,,0.05,0.55,0.3,0.1,0.4123936672508109,0.9106470633883256,0.8786633261608446,0.8678042850456108,0.9941778292229346,0.03580883116248418,-0.5523312375098025,False
384,,0.0,0.6,0.2,0.2,0.4123936672508109,0.9105799808728784,0.8763720021875856,0.8662426317382618,0.9941778428439753,0.03623166469232251,-0.5228946149565614,False
385,,0.0,0.55,0.35,0.1,0.4123936672508109,0.9079162976353632,0.8785619196277311,0.8677543154232301,0.9941778292229346,0.03584952857594896,-0.5568660619932254,False
386,,0.0,0.6,0.3,0.1,0.4123936672508109,0.904912296363236,0.8765208171827351,0.8662756885849574,0.994177815601894,0.036293504436821035,-0.5572332428436695,False
387,,0.1,0.7,0.05,0.15,0.4123936672508109,0.921035888955333,0.8705862709028882,0.8603731431827911,0.9941747372467219,0.0370691414593886,-0.5317286416341487,False
388,,0.05,0.7,0.05,0.2,0.4123936672508109,0.9196183976201284,0.869838434879756,0.8586689239276831,0.9941747372467219,0.0370789190006041,-0.5190941521740162,False
389,,0.25,0.55,0.2,0.0,0.412377466829743,0.9164998643465634,0.878248117762233,0.8676158264444883,0.9941778292229346,0.035707881253123686,-0.5685305674632313,False
390,,0.35,0.55,0.1,0.0,0.412377466829743,0.9149475435111972,0.8785199186764739,0.8677737068555955,0.9941778564650158,0.035626486426194155,-0.5594609184963829,False
391,,0.2,0.55,0.25,0.0,0.412377466829743,0.91370078971381,0.8781723006351733,0.8678713613385277,0.9941778292229346,0.03574857866658848,-0.5730653919466484,False
392,,0.3,0.45,0.2,0.05,0.4123607045135984,0.9133861809720106,0.8821376953464284,0.8702164163422498,0.9941843537013748,0.034748312245663986,-0.5460920673353609,False
393,,0.15,0.45,0.2,0.2,0.4123607045135984,0.9132843474599304,0.8816092313373154,0.8702217948700048,0.9941830733235598,0.03477764486931044,-0.508188598954958,False
394,,0.2,0.45,0.15,0.2,0.4123607045135984,0.9132843474599304,0.8813030133304444,0.8699300465104587,0.9941844081855371,0.034736947455845664,-0.503653774471545,False
395,,0.3,0.4,0.1,0.2,0.4123607045135984,0.9132843474599304,0.8784940887132099,0.8682862161963254,0.9941131292801566,0.03421157676804244,-0.4942169446542507,False
396,,0.35,0.4,0.05,0.2,0.4123607045135984,0.9132843474599304,0.8777947546970413,0.8674910727736332,0.9941131292801566,0.03417087935457768,-0.48968212017082724,False
397,,0.2,0.45,0.2,0.15,0.4123607045135984,0.9104007635263176,0.882073240579403,0.8710719178556475,0.9941843673224153,0.03476786732809494,-0.5208230884150984,False
398,,0.35,0.35,0.25,0.05,0.4120635199921748,0.9103977096930164,0.8807197110503562,0.8696000263167674,0.9939735272352025,0.0338196631104524,-0.5408228811510596,False
399,,0.4,0.35,0.2,0.05,0.4120635199921748,0.9103294008132252,0.8805953760256451,0.8695630634236361,0.9939735408562431,0.033778965696987615,-0.5362880566676332,False
400,,0.2,0.45,0.25,0.1,0.4120635199921748,0.9090018227666784,0.8820584436362583,0.8700007861079114,0.9941843537013748,0.03479878720034423,-0.5379924023586503,False
401,,0.2,0.4,0.25,0.15,0.4120635199921748,0.908968860029466,0.8813625880437871,0.870993203944697,0.9941725715012689,0.034323891467221215,-0.5204559075646498,False
402,,0.25,0.4,0.25,0.1,0.4120635199921748,0.908968860029466,0.8817524620841846,0.8701211487959337,0.9941738995527258,0.034314113926005745,-0.5330903970247864,False
403,,0.35,0.4,0.2,0.05,0.4120635199921748,0.908968860029466,0.8819409831694344,0.8704263139831317,0.9941739063632462,0.03426363897132549,-0.5411900620014949,False
404,,0.35,0.1,0.0,0.55,0.4120547544664126,0.89471726366554,0.8710895789955821,0.8600396651581449,0.9938187785931182,0.03129058508359394,-0.36729383746327393,False
405,,0.1,0.1,0.0,0.8,0.4120547544664126,0.879939016543104,0.8683546246269461,0.8566745034148391,0.9938174845942626,0.031339472789671384,-0.3041213901626071,False
406,,0.2,0.2,0.05,0.55,0.4120547544664125,0.8962719679062725,0.8703315779859684,0.8591145477777922,0.9938880688265732,0.03230062904573438,-0.38163267261443645,False
407,,0.25,0.1,0.1,0.55,0.4120547544664125,0.8931966039210527,0.8713653570143444,0.8604229542660411,0.9938121860094751,0.031371979910523456,-0.3763634864301255,False
408,,0.15,0.1,0.15,0.6,0.4120547544664125,0.8902632949340831,0.8708933755681223,0.8598828500017928,0.9938108920106196,0.031422454865203696,-0.36826382145340253,False
409,,0.2,0.1,0.1,0.6,0.4120547544664125,0.8902632949340831,0.8707711040441171,0.8597156657339894,0.9938134663872901,0.03138175745173896,-0.36372899696999206,False
410,,0.25,0.1,0.05,0.6,0.4120547544664125,0.8902632949340831,0.8706202033506831,0.8595205433309375,0.9938148693544703,0.03134106003827418,-0.35919417248656016,False
411,,0.0,0.05,0.25,0.7,0.4120547544664125,0.8858279853110497,0.8708388602466873,0.8598088176107164,0.9937187865341848,0.031038731500227616,-0.3471624861661249,False
412,,0.1,0.05,0.2,0.65,0.4120547544664125,0.8858279853110497,0.8714170900118837,0.860327466999212,0.9937200941540809,0.03098825654554738,-0.355262151142836,False
413,,0.15,0.05,0.15,0.65,0.4120547544664125,0.8858279853110497,0.8712857593255227,0.860182384248749,0.9937214562581395,0.030947559132082594,-0.3507273266594003,False
414,,0.2,0.05,0.15,0.6,0.4120547544664125,0.8858279853110497,0.8718917188824052,0.860829130622678,0.9937200805330404,0.03093778159086712,-0.36336181611955043,False
415,,0.25,0.05,0.0,0.7,0.4120547544664125,0.8798869080843806,0.8701346013210938,0.8588664557448465,0.993729410945841,0.030835244432903808,-0.3244883637490099,False
416,,0.15,0.25,0.4,0.2,0.4120059609898466,0.9000566833918733,0.8756030886172553,0.8665228331873511,0.9939113744270139,0.03300174142581792,-0.5067198755531952,False
417,,0.1,0.25,0.15,0.5,0.4119864455866214,0.8997154264308581,0.8710359104114435,0.859850031550432,0.9939155152233516,0.032856919605787016,-0.40823881637528003,False
418,,0.3,0.15,0.05,0.5,0.4119864455866214,0.8996423507403344,0.8711850091696817,0.8603108119958669,0.9938548607296274,0.03180617823018214,-0.38936515674070205,False
419,,0.05,0.25,0.15,0.55,0.4119864455866214,0.8968150801811007,0.8704641654834001,0.8591144105318105,0.9939155152233516,0.03286669714700251,-0.39560432691513936,False
420,,0.1,0.25,0.1,0.55,0.4119864455866214,0.8968150801811007,0.8702860330960552,0.8588835960816,0.9939155152233516,0.032825999733537746,-0.3910695024317019,False
421,,0.25,0.15,0.1,0.5,0.4119864455866214,0.8951356784042085,0.8713163145570233,0.8605121079054024,0.9938521773846322,0.03184687564364691,-0.39389998122412306,False
422,,0.2,0.05,0.35,0.4,0.4119864455866213,0.8979844780903192,0.8756616748958707,0.8664748157336732,0.9937213336687741,0.0310614610798642,-0.43203907189377144,False
423,,0.3,0.05,0.2,0.45,0.4119864455866213,0.8979515153531068,0.874006304429263,0.8644518442654688,0.9937200805330404,0.03094914638068541,-0.40580010898336794,False
424,,0.7,0.1,0.0,0.2,0.4119864455866213,0.895067931419494,0.8758103550698307,0.8667651373741395,0.9938121723884344,0.031222142295085534,-0.45573526368421546,False
425,,0.1,0.05,0.4,0.45,0.4119864455866213,0.8950511691033496,0.8753308202679325,0.8660377131281672,0.9937200396699186,0.03111193603454446,-0.4239394069170557,False
426,,0.55,0.05,0.05,0.35,0.4119864455866213,0.8950158229607708,0.8745724861078761,0.8651586964670795,0.9937240851189723,0.030807499057860156,-0.41746461445337746,False
427,,0.1,0.15,0.5,0.25,0.4119376521100554,0.8939388001703212,0.8766240972721832,0.8673727669267899,0.9938508425226549,0.03212356724528757,-0.49335102439217615,False
428,,0.15,0.0,0.25,0.6,0.4119206538797184,0.883496801790536,0.8513552570522399,0.8386023814658765,0.9890770083236817,0.030534503143457983,-0.36752945975251117,False
429,,0.05,0.0,0.35,0.6,0.4119206538797184,0.8834234242968393,0.8518624882362621,0.8391089418601195,0.9890770083236817,0.030615897970387492,-0.3765991087193783,False
430,,0.1,0.0,0.3,0.6,0.4119206538797184,0.8834234242968393,0.851569868671221,0.8388172738467697,0.9890770083236817,0.030575200556922744,-0.3720642842359466,False
431,,0.2,0.0,0.2,0.6,0.4119206538797184,0.8820631100342636,0.8512140243957115,0.8383846056994227,0.9890770083236817,0.030493805729993235,-0.3629946352691109,False
432,,0.25,0.0,0.15,0.6,0.4119206538797184,0.8820631100342636,0.8510954662161312,0.8381914543760496,0.9890770083236817,0.030453108316528477,-0.358459810785668,False
433,,0.0,0.0,0.35,0.65,0.4119206538797184,0.8804901153098694,0.8513122803416151,0.8383501192774458,0.9890770083236817,0.030625675511603,-0.3639646192592372,False
434,,0.3,0.0,0.1,0.6,0.4119206538797184,0.8791274176419276,0.8509679429771088,0.8379968404610026,0.9890770083236817,0.030412410903063705,-0.3539249863022683,False
435,,0.35,0.0,0.05,0.6,0.4119206538797184,0.8776434056863527,0.850714351782792,0.837731039885941,0.9890770083236817,0.030371713489598932,-0.34939016181883087,False
436,,0.4,0.0,0.0,0.6,0.4119206538797184,0.8775370654554434,0.8505916065913789,0.8375754832622191,0.9890770083236817,0.03033101607613417,-0.34485533733542895,False
437,,0.35,0.0,0.2,0.45,0.4119044534586504,0.8909346842057632,0.8532375889557268,0.8418718983408064,0.9890770083236817,0.030464473106346764,-0.40089810364951006,False
438,,0.4,0.0,0.15,0.45,0.4119044534586504,0.8909346842057632,0.8527573778938764,0.8412720828032505,0.9890770083236817,0.030423775692882012,-0.39636327916607184,False
439,,0.45,0.0,0.1,0.45,0.4119044534586504,0.887998991813427,0.8525882275234123,0.8409778278082357,0.9890770083236817,0.030383078279417258,-0.3918284546826729,False
440,,0.5,0.0,0.05,0.45,0.4119044534586504,0.887998991813427,0.8523630412299946,0.8406542179898666,0.9890770083236817,0.030342380865952482,-0.3872936301992347,False
441,,0.15,0.0,0.4,0.45,0.4119044534586504,0.8879609604623091,0.8544294254015007,0.8433499947972785,0.9890769470289991,0.030627262760205814,-0.4190374015832007,False
442,,0.2,0.0,0.35,0.45,0.4119044534586504,0.8879609604623091,0.8541598140345227,0.8430269534417538,0.98907696746056,0.030586565346741038,-0.4145025770997617,False
443,,0.25,0.0,0.3,0.45,0.4119044534586504,0.8879609604623091,0.8538790278898248,0.8426571268096853,0.98907696746056,0.030545867933276294,-0.40996775261636065,False
444,,0.0,0.0,0.45,0.55,0.4119044534586504,0.8864086523195859,0.8537984948377505,0.8422677526852966,0.98907696746056,0.030687515256101545,-0.398303247146336,False
445,,0.05,0.0,0.4,0.55,0.4119044534586504,0.8864086523195859,0.8531091757793381,0.8409657815182717,0.98907696746056,0.030646817842636793,-0.3937684226629309,False
446,,0.1,0.0,0.35,0.55,0.4119044534586504,0.8864086523195859,0.8527364883232406,0.8404589163414509,0.98907696746056,0.030606120429172042,-0.3892335981794961,False
447,,0.15,0.0,0.3,0.55,0.4119044534586504,0.8864086523195859,0.8522230628119477,0.8397786439866869,0.9890770083236817,0.030565423015707277,-0.3846987736960945,False
448,,0.4,0.0,0.05,0.55,0.4119044534586504,0.8835109912783679,0.8512005654505279,0.8384212711228899,0.9890770083236817,0.03036193594838347,-0.36202465127897043,False
449,,0.45,0.0,0.0,0.55,0.4119044534586504,0.8835109912783679,0.8510572673679492,0.8382295817534815,0.9890770083236817,0.03032123853491868,-0.35748982679554264,False
450,,0.1,0.85,0.0,0.05,0.4118876190599198,0.9169547143826132,0.8647353767234912,0.8575978233924045,0.9941689346834327,0.03846290878650719,-0.5671688120725856,False
451,,0.1,0.8,0.0,0.1,0.4118876190599198,0.922757790287494,0.86592200632932,0.8565847774081202,0.9941726123643906,0.03798801305338467,-0.5496323172785844,False
452,,0.05,0.65,0.15,0.15,0.4118876190599198,0.910596743189023,0.8741547533992868,0.8648121404230908,0.9941764330662747,0.036665863011980535,-0.5358962852671323,False
453,,0.0,0.55,0.1,0.35,0.4118876190599198,0.909168120046656,0.8754939467203272,0.8622999991277085,0.9941778973281375,0.03569492921470257,-0.4710194922754336,False
454,,0.05,0.55,0.25,0.15,0.4118876190599198,0.9076963969392656,0.8788720019131221,0.868808256409187,0.9941778428439753,0.03577791129023489,-0.5351619235662458,False
455,,0.05,0.55,0.1,0.3,0.4118876190599198,0.9075217478285652,0.8762536400329938,0.8634543655865214,0.9941778973281375,0.0356851516734871,-0.4836539817355774,False
456,,0.0,0.55,0.05,0.4,0.4118876190599198,0.9063007365341113,0.8741292415755567,0.8603955560197162,0.9941778973281375,0.03566400934245329,-0.45385017833188146,False
457,,0.3,0.55,0.05,0.1,0.4118714186388518,0.9133958178217764,0.8785130362315657,0.8685586531312701,0.9941778973281375,0.03560534409516038,-0.5296571150926895,False
458,,0.2,0.55,0.1,0.15,0.4118714186388518,0.91038913134111,0.8784597230497184,0.8681605288530693,0.9941778973281375,0.03565581904984065,-0.5215574501159796,False
459,,0.25,0.55,0.05,0.15,0.4118714186388518,0.91038913134111,0.8781299447348693,0.8676643694174715,0.9941778973281375,0.035615121636375896,-0.5170226256325494,False
460,,0.3,0.5,0.0,0.2,0.4118714186388518,0.9089554395848376,0.8791676147767681,0.8674131206109322,0.9941842311120095,0.035099528489788,-0.4949513063551374,False
461,,0.2,0.65,0.1,0.05,0.4118712264254896,0.921207342143756,0.8745761590061143,0.865618844858369,0.9941764126347138,0.036605610516084804,-0.5566304397039757,False
462,,0.15,0.7,0.1,0.05,0.4118712264254896,0.919810298176396,0.872447183593652,0.864545696096628,0.9941746963836001,0.037090283790422354,-0.561532445037838,False
463,,0.05,0.65,0.2,0.1,0.4118712264254896,0.9138519454035092,0.8745982949869522,0.8654505267663448,0.9941763990136732,0.03669678288422981,-0.5530655992106821,False
464,,0.0,0.5,0.1,0.4,0.4118607068637482,0.9090947425529592,0.8754953487703171,0.8617335135535992,0.9941842311120095,0.035220033481579545,-0.4534829974814356,False
465,,0.35,0.4,0.0,0.25,0.4118546563227073,0.9103279811785664,0.8751157938061305,0.8644697276172867,0.9941726123643906,0.03413995948232839,-0.47251280622726455,False
466,,0.25,0.4,0.1,0.25,0.4118546563227073,0.9102776609792638,0.8763417151632608,0.8659771208549812,0.9941117944181793,0.03422135430925793,-0.481582455194118,False
467,,0.2,0.5,0.15,0.15,0.4118546563227073,0.9088658001530414,0.880705529271776,0.8699822709045013,0.9941842106804486,0.03521184318896686,-0.5211902692655446,False
468,,0.15,0.45,0.1,0.3,0.4118546563227073,0.9088415858176252,0.8777453615987395,0.8646908305960452,0.9941843537013748,0.034715805124811885,-0.4738499710678411,False
469,,0.25,0.45,0.0,0.3,0.4118546563227073,0.9088415858176252,0.8761798378568045,0.8631598000939047,0.9941830733235598,0.034634410297882376,-0.46478032210100173,False
470,,0.15,0.5,0.15,0.2,0.4118546563227073,0.908813691694318,0.8803662701148627,0.8693185225895025,0.9941842311120095,0.035221620730182354,-0.5085557798053941,False
471,,0.2,0.5,0.1,0.2,0.4118546563227073,0.908813691694318,0.8799970853297109,0.8687812405040217,0.9941842311120095,0.03518092331671758,-0.5040209553219792,False
472,,0.15,0.5,0.25,0.1,0.4118546563227073,0.9075525257352836,0.8807420920855309,0.8690992241369784,0.9941841766278472,0.03528346047468091,-0.542894407692507,False
473,,0.25,0.4,0.05,0.3,0.4118546563227073,0.9073239799064392,0.8735252311141288,0.8624454699353155,0.9941726123643906,0.03419043443700865,-0.46441314125055955,False
474,,0.05,0.4,0.0,0.55,0.4118546563227073,0.9016625903750464,0.8686750447822329,0.856584710432383,0.9941117944181793,0.034198624729621305,-0.39670586946647124,False
475,,0.25,0.5,0.15,0.1,0.4118384559016393,0.9089341090328326,0.8809279564914554,0.870541252348462,0.9941841902488877,0.035202065647751385,-0.5338247587256651,False
476,,0.4,0.45,0.0,0.15,0.4118384559016393,0.9088987628902538,0.8809033567510234,0.86956418791977,0.9941844081855371,0.03460507767423589,-0.502683790481417,False
477,,0.45,0.0,0.5,0.05,0.4116308398524755,0.888740953613758,0.8559967222171356,0.8445669615222713,0.9890724316540452,0.03063043725741145,-0.5291829662311165,False
478,,0.5,0.0,0.45,0.05,0.4116308398524755,0.888740953613758,0.8560367853965093,0.8446132094287075,0.9890724997592482,0.03058973984394667,-0.5246481417476875,False
479,,0.55,0.0,0.45,0.0,0.4116308398524755,0.888740953613758,0.8563199545236572,0.8450751690569202,0.9890723907909235,0.030579962302731196,-0.5372826312078332,False
480,,0.6,0.0,0.4,0.0,0.4116308398524755,0.888740953613758,0.8560080202959084,0.8446098192380036,0.9890724452750858,0.03053926488926642,-0.532747806724407,False
481,,0.4,0.0,0.45,0.15,0.4116146394314077,0.8886914179833476,0.8558912827193716,0.8442769982043825,0.9890728811483844,0.03060929492637764,-0.499379162827425,False
482,,0.5,0.0,0.4,0.1,0.4116146394314077,0.8886914179833476,0.8560357667551615,0.8444657372937133,0.9890728402852628,0.03055881997169743,-0.507478827804132,False
483,,0.2,0.0,0.6,0.2,0.4116146394314077,0.8857910717335902,0.8558442984050112,0.8442091453767013,0.9890727858011004,0.030741164707987424,-0.5003491468175534,False
484,,0.25,0.0,0.6,0.15,0.4116146394314076,0.8887597268631388,0.8559663908403251,0.8443101947325171,0.9890724384645655,0.030731387166771953,-0.5129836362776982,False
485,,0.15,0.0,0.65,0.2,0.4116146394314076,0.8858593806133815,0.8559627668608608,0.8443289408064811,0.9890727313169381,0.03078186212145219,-0.504883971300988,False
486,,0.4,0.0,0.3,0.3,0.4115984390103397,0.8916780908179935,0.855018244607354,0.8444620710631601,0.9890768380606744,0.03051653530962982,-0.4478712209967598,False
487,,0.45,0.0,0.25,0.3,0.4115984390103397,0.8916780908179935,0.8548276515989258,0.8442967333513834,0.9890768857343164,0.030475837896165047,-0.4433363965133329,False
488,,0.5,0.0,0.3,0.2,0.4115984390103397,0.8901602459010263,0.8557660212699328,0.8454219888365613,0.9890768312501541,0.03049698022719886,-0.47314019991702994,False
489,,0.0,0.0,0.65,0.35,0.4115984390103397,0.8858260454040389,0.8552534037071724,0.8446959065726047,0.9890767222818294,0.03081119474509865,-0.4669805029205799,False
490,,0.05,0.0,0.6,0.35,0.4115984390103397,0.8858260454040389,0.8552152686587424,0.8446149738780852,0.9890767631449512,0.030770497331633888,-0.4624456784371451,False
491,,0.05,0.0,0.55,0.4,0.4115822385892719,0.8888294805548294,0.8549789280934066,0.8441283199970356,0.9890768176291135,0.03073957745938463,-0.44527636449359764,False
492,,0.15,0.0,0.5,0.35,0.4115822385892719,0.8888294805548294,0.8551455041717907,0.8445078752893752,0.9890768312501541,0.030689102504704385,-0.45337602947029954,False
493,,0.2,0.0,0.45,0.35,0.4115822385892719,0.8887611716750383,0.8550619357803265,0.8443679458802031,0.9890768312501541,0.030648405091239596,-0.4488412049868977,False
494,,0.25,0.0,0.4,0.35,0.4115822385892719,0.8887611716750383,0.8549428687126718,0.8442292084836814,0.9890768312501541,0.03060770767777484,-0.4443063805034617,False
495,,0.1,0.0,0.55,0.35,0.4115822385892719,0.8858937881624935,0.8551994285318307,0.8445966188917626,0.9890768176291135,0.030729799918169126,-0.45791085395373476,False
496,,0.0,0.45,0.35,0.2,0.4115517535611268,0.9075675691153292,0.8820265404447539,0.8709691653375876,0.9941843537013748,0.0348997371097047,-0.5217930724052275,False
497,,0.05,0.45,0.3,0.2,0.4115517535611268,0.9075675691153292,0.8818797662401174,0.8706188206171747,0.9941843673224153,0.03485903969623995,-0.5172582479217975,False
498,,0.0,0.2,0.1,0.7,0.4115179644348056,0.8904029665269667,0.8688465331158189,0.8572160850442536,0.9938919099600182,0.032370659082845595,-0.3482640287174452,False
499,,0.15,0.25,0.0,0.6,0.4115179644348055,0.893424325261184,0.8694099408828005,0.8576502681497609,0.9939174357900742,0.032754382447823714,-0.36936536400473874,False
500,,0.1,0.05,0.05,0.8,0.4115175592141951,0.8723529506605499,0.8688131312000315,0.8576319602294865,0.993724125982094,0.030895496928799553,-0.30375420931216435,False
501,,0.15,0.05,0.0,0.8,0.4115175592141951,0.8723529506605499,0.8687337518999259,0.8574762361035387,0.9937294245668815,0.030854799515334784,-0.2992193848287429,False
502,,0.05,0.8,0.1,0.05,0.4114137794978021,0.920194400485274,0.8681540802408396,0.8613595265399838,0.9941725578802283,0.03805963033909874,-0.571336455705574,False
503,,0.0,0.95,0.05,0.0,0.4113813786556663,0.9056964946678516,0.8561755354745355,0.8527838719751517,0.9940515213135913,0.03946317520743122,-0.5941421366838766,False
504,,0.0,0.55,0.3,0.15,0.4113813786556662,0.9065672409484196,0.878758946669128,0.8684321963196412,0.9941778360334549,0.03581860870369965,-0.5396967480496767,False
505,,0.05,0.5,0.05,0.4,0.4113489404327003,0.9076610507966868,0.8749705794068049,0.8610191028797115,0.9941842311120095,0.03517933606811474,-0.44894817299802336,False
506,,0.1,0.5,0.0,0.4,0.4113489404327003,0.9076610507966868,0.8743758449325718,0.8602885181526821,0.9941842311120095,0.035138638654649994,-0.444413348514586,False
507,,0.05,0.45,0.05,0.45,0.4113156052233576,0.907531591754352,0.8697035881790967,0.8576316483179488,0.9941817384615824,0.0347044403349936,-0.4314116782040226,False
508,,0.0,0.2,0.0,0.8,0.4111587724360792,0.8909033956963933,0.8435394656413195,0.8393145048679072,0.9938246424510899,0.03230881933834707,-0.31392540083034515,False
509,,0.15,0.3,0.3,0.25,0.4111271109010314,0.9041578194484012,0.8745742641734506,0.8656644139496779,0.9939415041687876,0.033414797414440554,-0.4899177424600838,False
510,,0.1,0.3,0.3,0.3,0.4111271109010314,0.9011673333888026,0.8741979297551609,0.8651226618732523,0.9939415246003485,0.03342457495565603,-0.47728325299994145,False
511,,0.3,0.25,0.4,0.05,0.4111271109010314,0.8998758899010949,0.8782370212324523,0.8680741130406209,0.993910747859147,0.03297240880217145,-0.5446233439335906,False
512,,0.05,0.25,0.45,0.25,0.4111271109010314,0.8998540589710448,0.8752470225794643,0.8664650727740216,0.9939100395650365,0.033052216380498156,-0.4986202105764823,False
513,,0.2,0.25,0.4,0.15,0.4111271109010314,0.8998378585499769,0.8762311499909309,0.8662517874553378,0.9939101212912801,0.032991963884602425,-0.5193543650133159,False
514,,0.1,0.25,0.4,0.25,0.4111271109010314,0.8997857500912536,0.8751613755302243,0.8663183718573099,0.9939113880480545,0.0330115189670334,-0.49408538609305563,False
515,,0.25,0.25,0.35,0.15,0.4111271109010314,0.8997695496701856,0.8761975043795618,0.8661983944741715,0.9939133767199799,0.03295126647113766,-0.5148195405299096,False
516,,0.3,0.25,0.35,0.1,0.4111271109010314,0.8997695496701856,0.8770792301235247,0.8670527032762689,0.9939147115819572,0.03294148892992217,-0.5274540299900459,False
517,,0.3,0.25,0.45,0.0,0.4111271109010314,0.89700850638855,0.8799752069015648,0.8696654233578869,0.9939087319451404,0.03300332867442071,-0.5617926578771626,False
518,,0.05,0.2,0.5,0.25,0.4111271109010314,0.895310025711736,0.8759515676064618,0.8668806402970227,0.993884009756479,0.03260824051962432,-0.49825302972604124,False
519,,0.15,0.2,0.45,0.2,0.4111271109010314,0.8952938252906681,0.8761707471768707,0.8662091950829379,0.9938853446184562,0.03255776556494406,-0.5063526947027528,False
520,,0.0,0.25,0.35,0.4,0.4111271109010313,0.904047005749532,0.8736684307790175,0.8643177750973431,0.9939107342381064,0.03300015417721508,-0.45164709322923224,False
521,,0.0,0.2,0.35,0.45,0.4111271109010313,0.9039763134643743,0.8731608306285576,0.8630164482322136,0.9938773899307547,0.03252525844409198,-0.4341105984352338,False
522,,0.05,0.2,0.35,0.4,0.4111271109010313,0.9039763134643743,0.8740660129392819,0.8647013660684603,0.9938773899307547,0.032515480902876495,-0.44674508789536904,False
523,,0.05,0.25,0.2,0.5,0.4111271109010313,0.9011491181871304,0.8711587423988995,0.8600313087400131,0.99391547436023,0.03289761701925176,-0.4127736408586862,False
524,,0.05,0.25,0.25,0.45,0.4111271109010313,0.9010951129361282,0.8720229400024238,0.8612511622213362,0.9939100940491989,0.032928536891501055,-0.42994295480224654,False
525,,0.0,0.2,0.4,0.4,0.4111271109010313,0.9010406210720384,0.8743464781282518,0.8649886793901169,0.9938786498770088,0.03255617831634128,-0.45127991237879006,False
526,,0.15,0.25,0.3,0.3,0.4111271109010313,0.8996614211798558,0.8745377396263778,0.8654329427888474,0.9939133494778987,0.032939901681319377,-0.47238124766609035,False
527,,0.0,0.2,0.45,0.35,0.4111271109010313,0.8996260750372769,0.8748453624295549,0.8656727362996497,0.9938813400325244,0.03258709818859052,-0.46844922632233466,False
528,,0.05,0.1,0.35,0.5,0.4111271109010313,0.8990326425631462,0.8735559824538255,0.8632753670545938,0.9938014798715754,0.03156568943663179,-0.4116720983073767,False
529,,0.1,0.2,0.15,0.55,0.4111271109010313,0.897773968542336,0.8706087897426484,0.8595214221645876,0.9938853991026186,0.0323820238726639,-0.39070232158127716,False
530,,0.15,0.2,0.1,0.55,0.4111271109010313,0.897773968542336,0.8704937460259475,0.8593369308738853,0.9938880688265732,0.03234132645919916,-0.38616749709784526,False
531,,0.3,0.25,0.25,0.2,0.4110588020212402,0.8981612088032128,0.8752184213450938,0.8665133675493601,0.9939127229100319,0.03287964918542364,-0.49311540210292104,False
532,,0.4,0.25,0.1,0.25,0.4110588020212401,0.9040494644368876,0.8740713044465023,0.8651695109473105,0.993916850085329,0.03276733448624483,-0.4668764391925203,False
533,,0.2,0.25,0.2,0.35,0.4110588020212401,0.9040116596069532,0.873394250508953,0.8639990552613008,0.9939146707188354,0.032868284395605324,-0.4506771092391043,False
534,,0.1,0.2,0.3,0.4,0.4110588020212401,0.9039763134643743,0.8737176841082154,0.8643368109339183,0.9938773899307547,0.03247478348941171,-0.4422102634119476,False
535,,0.35,0.3,0.05,0.3,0.4110588020212401,0.9026538040317332,0.8726771615158964,0.8632190565760278,0.9939388753079547,0.033221087888332244,-0.4546091305828307,False
536,,0.45,0.3,0.0,0.25,0.4110588020212401,0.9026538040317332,0.8730980572961711,0.8638509017180924,0.9939388753079547,0.03317061293365199,-0.46270879555954636,False
537,,0.05,0.2,0.3,0.45,0.4110588020212401,0.9025264212870344,0.8727253372945704,0.8624251114157239,0.9938786839296103,0.03248456103062721,-0.42957577395179836,False
538,,0.1,0.2,0.25,0.45,0.4110588020212401,0.9025264212870344,0.8722850798576972,0.8617736061370819,0.9938839825143978,0.032443863617162456,-0.42504094946839055,False
539,,0.15,0.2,0.2,0.45,0.4110588020212401,0.9025264212870344,0.8719432754494834,0.8613683731897139,0.993882729378664,0.03240316620369769,-0.42050612498495843,False
540,,0.25,0.15,0.3,0.3,0.4110588020212401,0.9024227662646644,0.8753409008540728,0.8663460184967094,0.9938508970068172,0.031970555132644005,-0.46257723699835296,False
541,,0.15,0.2,0.15,0.5,0.4110588020212401,0.9011467347817642,0.8711498345078411,0.8602410813101252,0.9938847044295488,0.03237224633144843,-0.40333681104140107,False
542,,0.2,0.2,0.25,0.35,0.4110588020212401,0.9010435663724816,0.8740688164786994,0.8648804732160531,0.9938773899307547,0.0324243085347315,-0.45030992838865347,False
543,,0.0,0.15,0.4,0.45,0.4110588020212401,0.900971717046302,0.8741866043402409,0.8647611276754474,0.9938496030079617,0.03208128258321998,-0.43374341758478807,False
544,,0.05,0.15,0.35,0.45,0.4110588020212401,0.900971717046302,0.8737939457285888,0.8643348039890045,0.9938496030079617,0.03204058516975519,-0.42920859310137505,False
545,,0.1,0.15,0.3,0.45,0.4110588020212401,0.900971717046302,0.8734519951407274,0.8639088825892596,0.9938496030079617,0.031999887756290465,-0.4246737686179448,False
546,,0.15,0.15,0.25,0.45,0.4110588020212401,0.900971717046302,0.8729633568474569,0.8626656895215382,0.9938509378699389,0.03195919034282568,-0.42013894413451525,False
547,,0.05,0.2,0.2,0.55,0.4110588020212401,0.899626075037277,0.8707285133525533,0.859667036192001,0.993882729378664,0.032422721286128664,-0.3952371460646914,False
548,,0.0,0.15,0.45,0.4,0.4110588020212401,0.8995380252900296,0.8748976356901038,0.8656049918016331,0.9938495621448399,0.03211220245546925,-0.45091273152833755,False
549,,0.05,0.15,0.4,0.4,0.4110588020212401,0.8995380252900296,0.8747069197011863,0.8654425122984736,0.9938508970068172,0.03207150504200449,-0.44637790704492153,False
550,,0.35,0.15,0.35,0.15,0.4110588020212401,0.899503836188473,0.8768875539974189,0.86684869536559,0.9938508561436954,0.03198191992246229,-0.5050155298621702,False
551,,0.45,0.2,0.05,0.3,0.4110588020212401,0.8981432201227241,0.8735517668953906,0.8642719342470597,0.9938880143424109,0.03225174133965696,-0.44480511991510396,False
552,,0.6,0.2,0.0,0.2,0.4110588020212401,0.8981432201227241,0.8746003496140655,0.8658615271074822,0.9938886953944401,0.03219148884376122,-0.46553927435194264,False
553,,0.7,0.1,0.15,0.05,0.4110588020212401,0.8980539440111326,0.8773090508573892,0.8675071420113273,0.9938067648353223,0.03131490191183335,-0.5072432055148937,False
554,,0.0,0.1,0.5,0.4,0.4110588020212401,0.8980360246539658,0.8756217753616214,0.8663268769977894,0.9937927624056011,0.031668226594595096,-0.45054555067789814,False
555,,0.1,0.1,0.35,0.45,0.4110588020212401,0.898019824232898,0.8744183183119583,0.8649616988332682,0.993800213114801,0.03155591189541629,-0.42430658776749985,False
556,,0.15,0.1,0.35,0.4,0.4110588020212401,0.898019824232898,0.8749847309693711,0.8658128166686535,0.9938001586306386,0.03154613435420082,-0.43694107722763686,False
557,,0.2,0.1,0.3,0.4,0.4110588020212401,0.898019824232898,0.8746960561698652,0.8654318124398552,0.9938015479767783,0.03150543694073604,-0.4324062527442116,False
558,,0.25,0.1,0.35,0.3,0.4110588020212401,0.898019824232898,0.876158132149223,0.8670791437550394,0.993800049662314,0.03152657927176984,-0.4622100561479082,False
559,,0.35,0.1,0.3,0.25,0.4110588020212401,0.898019824232898,0.8765643906964327,0.867555118433377,0.9938039997640836,0.0314761043170896,-0.4703097211246122,False
560,,0.25,0.1,0.3,0.35,0.4110588020212401,0.8979868614956854,0.8752983394908757,0.8662007641729832,0.9938014934926159,0.031495659399520565,-0.44504074220435264,False
561,,0.3,0.1,0.25,0.35,0.4110588020212401,0.8979868614956854,0.8750085109429653,0.865901594558652,0.9938015479767783,0.03145496198605578,-0.4405059177209265,False
562,,0.35,0.1,0.2,0.35,0.4110588020212401,0.8979868614956854,0.8747768453807128,0.865615341138611,0.9938042177007329,0.031414264572591034,-0.4359710932375027,False
563,,0.3,0.1,0.2,0.4,0.4110588020212401,0.8979515153531068,0.8742778643231729,0.8647482235810353,0.9938092847278305,0.031424042113806526,-0.4233366037773689,False
564,,0.35,0.1,0.15,0.4,0.4110588020212401,0.8979515153531068,0.8738292736424631,0.8642877081844142,0.9938068465615658,0.031383344700341764,-0.41880177929395135,False
565,,0.6,0.1,0.3,0.0,0.4110588020212401,0.8979009200755699,0.8776248526946946,0.8679057695068092,0.9937986466951337,0.03142721661101217,-0.5334821684252895,False
566,,0.65,0.1,0.25,0.0,0.4110588020212401,0.8979009200755699,0.8776356473658183,0.8679145860652211,0.9937999543150299,0.031386519197547404,-0.5289473439418662,False
567,,0.7,0.1,0.2,0.0,0.4110588020212401,0.8979009200755699,0.8776460831647243,0.8678600862242619,0.9938039044167994,0.031345821784082635,-0.5244125194584451,False
568,,0.15,0.15,0.5,0.2,0.4110588020212401,0.8966544413564168,0.8768389990640068,0.8667776326155822,0.9938508425226549,0.03211378970407207,-0.5059855138523044,False
569,,0.2,0.15,0.5,0.15,0.4110588020212401,0.8966544413564168,0.8770744792010343,0.8671905065903174,0.9938520684163075,0.03210401216285659,-0.5186200033124384,False
570,,0.3,0.15,0.4,0.15,0.4110588020212401,0.8965861324766257,0.8768942297787612,0.8668789469600974,0.9938508425226549,0.03202261733592706,-0.5095503543455999,False
571,,0.0,0.1,0.45,0.45,0.4110588020212401,0.8965861324766256,0.874964849511064,0.8656186284719574,0.9937948532353309,0.03163730672234583,-0.433376236734341,False
572,,0.2,0.05,0.4,0.35,0.4110588020212401,0.8964797922457164,0.8761647754974535,0.8671235067652902,0.9937199715647157,0.031092380952113495,-0.4492083858373238,False
573,,0.15,0.1,0.4,0.35,0.4110588020212401,0.8951194779831406,0.8757052928378591,0.8665922552459973,0.9937974480435623,0.03157705422645011,-0.4541103911711931,False
574,,0.1,0.1,0.55,0.25,0.4110588020212401,0.8935782889549371,0.8769270728783058,0.8667516115237666,0.9937866533688988,0.03167959138441339,-0.49298384354172875,False
575,,0.1,0.8,0.05,0.05,0.4109599754945386,0.92558982765746,0.8679493125605836,0.8610481909806027,0.9941725919328297,0.03801893292563396,-0.5668016312221523,False
576,,0.2,0.75,0.0,0.05,0.4109599754945386,0.925377147195642,0.8695506829031323,0.8621075097265408,0.9941740834367738,0.03749356223783098,-0.5573648014048596,False
577,,0.05,0.75,0.1,0.1,0.4109599754945385,0.9241561359011876,0.8697221563791445,0.8616869506392345,0.9941740630052129,0.037584734605975945,-0.553799960911578,False
578,,0.15,0.7,0.05,0.1,0.4109599754945385,0.9223731459235146,0.8716152315490518,0.8630645768948265,0.9941747372467219,0.037059363918173105,-0.5443631310942869,False
579,,0.2,0.7,0.05,0.05,0.4109599754945385,0.9223731459235146,0.8724065502526074,0.8644753171595023,0.994174716815161,0.03704958637695762,-0.5569976205544218,False
580,,0.25,0.65,0.1,0.0,0.4109599754945385,0.9194187944227548,0.8742092671735682,0.8646842577485925,0.9941764126347138,0.036595832974869305,-0.5692649291641156,False
581,,0.1,0.65,0.15,0.1,0.4109599754945385,0.9164651133499304,0.8745025570239684,0.8656741920275083,0.9941764126347138,0.036656085470765015,-0.5485307747272647,False
582,,0.3,0.6,0.05,0.05,0.4109599754945385,0.9163644729513252,0.8767002140866275,0.8675876467042747,0.994177863275536,0.03608023982828176,-0.5471936098866869,False
583,,0.25,0.6,0.05,0.1,0.4109599754945385,0.9148624723152614,0.876306083156245,0.8669373502615367,0.9941778837070969,0.03609001736949724,-0.5345591204265552,False
584,,0.0,0.65,0.2,0.15,0.4109599754945385,0.912080755144598,0.8742932858222825,0.8650383295935737,0.9941764126347138,0.03670656042544529,-0.5404311097505548,False
585,,0.05,0.65,0.05,0.25,0.4109599754945385,0.9106913897176931,0.8716580239037469,0.8597546098111516,0.9941764534978356,0.03660402326748198,-0.501557657380015,False
586,,0.2,0.6,0.2,0.0,0.4109599754945385,0.9106638257044702,0.8762012595130922,0.8664501101348299,0.994177815601894,0.036192554527460556,-0.5734325727970915,False
587,,0.05,0.6,0.3,0.05,0.4109599754945385,0.9078126426129932,0.8763423163566502,0.8663369142459483,0.994177815601894,0.03628372689560557,-0.5698677323038026,False
588,,0.15,0.6,0.25,0.0,0.4109599754945385,0.9077964421919256,0.8761352756215754,0.8665201247891167,0.994177815601894,0.036233251940925325,-0.5779673972805127,False
589,,0.1,0.65,0.1,0.15,0.4109599754945385,0.9163818304134153,0.8738051689246819,0.8642687281887935,0.9941764534978356,0.03662516559851575,-0.5313614607837045,False
590,,0.2,0.65,0.0,0.15,0.4109599754945385,0.9134641267015678,0.872798261804006,0.8626732177329708,0.9941764534978356,0.03654377077158627,-0.522291811816862,False
591,,0.15,0.55,0.3,0.0,0.4109437750734706,0.9122670979575376,0.8780622313085857,0.8678873162488366,0.9941778292229346,0.03578927608005321,-0.5776002164300724,False
592,,0.2,0.5,0.25,0.05,0.410927012757326,0.9134925212029196,0.8805806626798215,0.8691849850235474,0.9941841766278472,0.03527368293346546,-0.5555288971526475,False
593,,0.25,0.4,0.15,0.2,0.410927012757326,0.9132843474599304,0.879161001011212,0.8689193357503022,0.9941130884170348,0.03425227418150721,-0.49875176913766806,False
594,,0.35,0.45,0.15,0.05,0.410927012757326,0.911884180335947,0.8822419711102332,0.8703070587179133,0.9941843673224153,0.03470761483219921,-0.5415572428519437,False
595,,0.25,0.45,0.15,0.15,0.410927012757326,0.91183445528259,0.882032109119492,0.870971722836564,0.9941856136476288,0.034727169914630165,-0.5162882639316676,False
596,,0.3,0.45,0.1,0.15,0.410927012757326,0.91183445528259,0.8816244553000544,0.870535853803632,0.9941844081855371,0.034686472501165445,-0.5117534394482564,False
597,,0.15,0.45,0.15,0.25,0.410927012757326,0.9117823468238664,0.8800989588282719,0.8683489628151543,0.9941844081855371,0.03474672499706115,-0.4910192850113976,False
598,,0.2,0.45,0.1,0.25,0.410927012757326,0.9117823468238664,0.8794122662010433,0.8675783210427536,0.9941844081855371,0.034706027583596394,-0.48648446052798133,False
599,,0.25,0.45,0.1,0.2,0.410927012757326,0.9117823468238664,0.8808445083348108,0.8693452521990216,0.9941844081855371,0.0346962500423809,-0.49911894998811623,False
600,,0.3,0.45,0.05,0.2,0.410927012757326,0.9117823468238664,0.8801663643325036,0.8686004992580869,0.9941844081855371,0.03465555262891617,-0.494584125504696,False
601,,0.15,0.5,0.3,0.05,0.410927012757326,0.9106754578896776,0.8805047418377764,0.869155840774602,0.9941826510713017,0.03531438034693023,-0.5600637216360793,False
602,,0.3,0.45,0.15,0.1,0.410927012757326,0.910417525842462,0.8822453531712047,0.8714578649053247,0.9941843673224153,0.0347173923734147,-0.5289227533918075,False
603,,0.0,0.5,0.25,0.25,0.410927012757326,0.9089149633113218,0.8805242968020169,0.8691731018090872,0.9941842106804486,0.03531279309832738,-0.5049909393121153,False
604,,0.4,0.5,0.1,0.0,0.4109108123362581,0.9163761051365324,0.8805402477878509,0.8691984591265279,0.9941841902488877,0.03514181315185562,-0.5545589131625122,False
605,,0.25,0.5,0.25,0.0,0.4109108123362581,0.9149927335795628,0.88034345289152,0.8693758051876441,0.9941841630068066,0.035263905392249925,-0.5681633866127842,False
606,,0.3,0.5,0.2,0.0,0.4109108123362581,0.91494241338026,0.880331729022665,0.8690223492094169,0.9941841766278472,0.03522320797878517,-0.5636285621293589,False
607,,0.3,0.5,0.15,0.05,0.4109108123362581,0.9148360731493508,0.8806961780953498,0.869021242260458,0.9941826783133828,0.03519228810653588,-0.5464592481858035,False
608,,0.0,0.15,0.0,0.85,0.410907812058123,0.8819246840324497,0.8433084994633157,0.839226048641936,0.9937910665860483,0.03183392360522577,-0.29638890603634993,False
609,,0.0,0.25,0.0,0.75,0.4106595557202842,0.8905575649199314,0.8437721131546294,0.8393801295320762,0.9938499503444965,0.032783715071470175,-0.3314618956243329,False
610,,0.05,0.1,0.05,0.8,0.4106210627101402,0.8784370159070403,0.8684036469966948,0.8568150701023206,0.9938161497322853,0.03138017020313614,-0.3086562146460281,False
611,,0.2,0.3,0.1,0.4,0.4106210627101401,0.9012201122754608,0.8716303504790721,0.8607327659750015,0.9939505212976547,0.03328134038422797,-0.4338749761459876,False
612,,0.3,0.1,0.05,0.55,0.4106210627101401,0.8931966039210527,0.8712277436677495,0.8602091342112633,0.9938148965965514,0.03133128249705871,-0.3718286619466984,False
613,,0.25,0.05,0.1,0.6,0.4106210627101401,0.8858279853110497,0.871782807211811,0.8606650021806709,0.9937241055505331,0.030897084177402345,-0.358826991636122,False
614,,0.05,0.05,0.2,0.7,0.4106210627101401,0.884325984674986,0.8706879381476531,0.8596250048335198,0.9937214153950177,0.03099803408676287,-0.3426276616826931,False
615,,0.1,0.05,0.15,0.7,0.4106210627101401,0.884325984674986,0.8705445133228947,0.8594631232165537,0.9937227911201167,0.030957336673298082,-0.3380928371992822,False
616,,0.15,0.05,0.1,0.7,0.4106210627101401,0.884325984674986,0.8704139808643964,0.8592722982004081,0.993724125982094,0.030916639259833314,-0.3335580127158513,False
617,,0.2,0.05,0.1,0.65,0.4106210627101401,0.884325984674986,0.8711329095260354,0.8599720450889751,0.993724125982094,0.030906861718617843,-0.34619250217599384,False
618,,0.25,0.05,0.05,0.65,0.4106210627101401,0.884325984674986,0.8710091983586392,0.8598123792589861,0.9937254608440713,0.030866164305153095,-0.3416576776925546,False
619,,0.3,0.05,0.05,0.6,0.4106210627101401,0.884325984674986,0.8716600464458854,0.8605013128358112,0.9937254608440713,0.030856386763937572,-0.35429216715270195,False
620,,0.35,0.05,0.0,0.6,0.4106210627101401,0.884325984674986,0.8715370760871559,0.8603177145183601,0.9937267957060487,0.030815689350472835,-0.34975734266927216,False
621,,0.35,0.35,0.3,0.0,0.4106136278148345,0.910430672430229,0.8816518766065161,0.8706983256276143,0.9939746850236523,0.03385058298270165,-0.5579921950946106,False
622,,0.25,0.4,0.2,0.15,0.4106136278148345,0.9074668593934024,0.8808560049980882,0.8705082902239839,0.9941725715012689,0.03428319405375647,-0.5159210830812349,False
623,,0.25,0.45,0.25,0.05,0.4106136278148344,0.9104684772601632,0.8819842439729046,0.8701131565589054,0.9941843537013748,0.03478900965912875,-0.5506268918187825,False
624,,0.4,0.4,0.2,0.0,0.4106136278148344,0.9104355145229508,0.881979788724046,0.8706490009566458,0.9941130747959943,0.03425386143011001,-0.5538245514616336,False
625,,0.3,0.35,0.3,0.05,0.4106136278148344,0.908964017936744,0.8809853493828158,0.8699007522833618,0.9939714977001554,0.03386036052391715,-0.5453577056344785,False
626,,0.1,0.45,0.3,0.15,0.4106136278148344,0.907568131010406,0.8822001531478033,0.8713506095128055,0.9941843537013748,0.03484926215502446,-0.5298927373819418,False
627,only_f1,1.0,0.0,0.0,0.0,0.4106103061015126,0.8929027600224394,0.855855085443331,0.8455462832153163,0.9890749174939519,0.03021368558154838,-0.4964692108570261,False
628,,0.15,0.25,0.1,0.5,0.4105527538303489,0.8982817346745857,0.8708811209174286,0.8596419875811915,0.9939155152233516,0.032816222192322254,-0.4037039918918426,False
629,,0.2,0.25,0.05,0.5,0.4105527538303489,0.8982817346745857,0.8707241856911978,0.8594330757661297,0.9939155152233516,0.032775524778857486,-0.3991691674084432,False
630,,0.25,0.25,0.0,0.5,0.4105527538303489,0.8982817346745857,0.8705659665271358,0.8592145871237626,0.9939155152233516,0.03273482736539274,-0.39463434292500454,False
631,,0.3,0.2,0.0,0.5,0.4105527538303489,0.8982110423894282,0.8706702696817821,0.8595918996163262,0.9938880688265732,0.03225015409105414,-0.3897323375911409,False
632,,0.15,0.05,0.35,0.45,0.4105527538303489,0.8965178235968344,0.8749559130067144,0.8655753464595408,0.9937200805330404,0.031071238621079713,-0.41940458243363876,False
633,,0.2,0.05,0.3,0.45,0.4105527538303489,0.8965178235968344,0.8747717656456294,0.8653362153844149,0.9937200805330404,0.031030541207614934,-0.4148697579502044,False
634,,0.25,0.05,0.25,0.45,0.4105527538303489,0.8965178235968344,0.8744377257192004,0.8648864052661192,0.9937200805330404,0.030989843794150183,-0.41033493346680183,False
635,,0.3,0.05,0.3,0.35,0.4105527538303489,0.8964495147170431,0.8758808001410149,0.8668203837208244,0.9937213745318959,0.031010986125183968,-0.44013873687047933,False
636,,0.35,0.05,0.25,0.35,0.4105527538303489,0.8964495147170431,0.8756106780165812,0.8665845154021714,0.9937213336687741,0.030970288711719206,-0.43560391238706464,False
637,,0.4,0.05,0.2,0.35,0.4105527538303489,0.8964495147170431,0.8753172130727573,0.8661842664942078,0.9937200805330404,0.03092959129825445,-0.4310690879036403,False
638,,0.4,0.05,0.25,0.3,0.4105527538303489,0.8964495147170431,0.8760283135472402,0.8671946842882857,0.9937213745318959,0.030960511170503722,-0.4482384018471949,False
639,,0.45,0.05,0.15,0.35,0.4105527538303489,0.8964495147170431,0.8750849081256756,0.8660080142095044,0.9937200805330404,0.030888893884789697,-0.4265342634202268,False
640,,0.45,0.05,0.2,0.3,0.4105527538303489,0.8964495147170431,0.8757788146600329,0.8669676800074668,0.9937213745318959,0.030919813757038967,-0.44370357736377364,False
641,,0.5,0.05,0.1,0.35,0.4105527538303489,0.8964495147170431,0.8747925316701497,0.865599621450844,0.9937200805330404,0.03084819647132493,-0.42199943893678915,False
642,,0.5,0.05,0.15,0.3,0.4105527538303489,0.8964495147170431,0.8755019984165073,0.8665935736707198,0.9937213745318959,0.03087911634357421,-0.4391687528803495,False
643,,0.15,0.25,0.05,0.55,0.4105527538303489,0.8953813884248283,0.8701304968633345,0.8586488756801847,0.9939155152233516,0.032785302320073,-0.3865346779482981,False
644,,0.6,0.05,0.0,0.35,0.4105527538303489,0.8950158229607708,0.8741905976065885,0.8647690953626,0.9937280897049042,0.03076680164439539,-0.41292978996994645,False
645,,0.6,0.05,0.05,0.3,0.4105527538303489,0.8950158229607708,0.875001623808679,0.8659202355102926,0.9937227093938732,0.030797721516644682,-0.43009910391351047,False
646,,0.65,0.05,0.0,0.3,0.4105527538303489,0.8950158229607708,0.8748520104962764,0.8656804378803101,0.9937254199809497,0.03075702410317992,-0.4255642794300937,False
647,,0.7,0.05,0.0,0.25,0.4105527538303489,0.8950158229607708,0.8753045112348782,0.8664397588461694,0.9937254199809497,0.030747246561964443,-0.43819876889021536,False
648,,0.05,0.0,0.2,0.75,0.410522308577213,0.870073028440521,0.8499707268636492,0.8366548976350375,0.9890770083236817,0.030523138353639696,-0.325091166888689,False
649,,0.4,0.15,0.3,0.15,0.4105039603537829,0.8997909699101605,0.8769132081691,0.8678211806826056,0.9938508561436954,0.031941222508997544,-0.5004807053787523,False
650,,0.1,0.0,0.25,0.65,0.410486962123446,0.8805461353414761,0.8508707167077223,0.8378953306210438,0.9890770083236817,0.030544280684673474,-0.3548949702923906,False
651,,0.2,0.0,0.15,0.65,0.410486962123446,0.8746367192056862,0.8506119590372192,0.8375546685636436,0.9890770083236817,0.03046288585774395,-0.34582532132555477,False
652,,0.25,0.0,0.1,0.65,0.410486962123446,0.8746367192056862,0.8504701568085593,0.8373911862671363,0.9890770083236817,0.0304221884442792,-0.341290496842123,False
653,,0.55,0.0,0.0,0.45,0.410470761702378,0.8865653000571546,0.8518631830125196,0.8395573514068879,0.9890770083236817,0.030301683452487717,-0.3827588057158279,False
654,,0.6,0.0,0.0,0.4,0.410470761702378,0.8865323373199422,0.8525906730103371,0.8411098698472687,0.9890770083236817,0.030291905911272243,-0.3953932951759439,False
655,,0.3,0.0,0.15,0.55,0.410470761702378,0.8850129919144315,0.8515105523180865,0.8388006886989389,0.9890770083236817,0.030443330775312978,-0.3710943002458149,False
656,,0.35,0.0,0.1,0.55,0.410470761702378,0.8850129919144315,0.8512770149400668,0.8385346383673882,0.9890770083236817,0.030402633361848227,-0.36655947576238757,False
657,,0.45,0.0,0.05,0.5,0.4104545612813101,0.886531964847812,0.8516813625322203,0.8391209151984482,0.9890770083236817,0.03035215840716797,-0.3746591407391092,False
658,,0.35,0.0,0.15,0.5,0.4104545612813101,0.8865157644267442,0.8519680266022435,0.8396735571023011,0.9890770083236817,0.030433553234097483,-0.3837287897059538,False
659,,0.4,0.0,0.1,0.5,0.4104545612813101,0.8865157644267442,0.851799139715547,0.8393759296476189,0.9890770083236817,0.03039285582063274,-0.37919396522252624,False
660,,0.15,0.0,0.35,0.5,0.4104545612813101,0.8864777330756263,0.8537334855706068,0.8423374678986139,0.98907696746056,0.03059634288795653,-0.4018680876396372,False
661,,0.2,0.0,0.3,0.5,0.4104545612813101,0.8864777330756263,0.8533514204108495,0.8417920402894322,0.98907696746056,0.03055564547449178,-0.3973332631562081,False
662,,0.25,0.0,0.25,0.5,0.4104545612813101,0.8864777330756263,0.8530810781388856,0.8414714030932826,0.9890770083236817,0.030514948061027024,-0.3927984386727946,False
663,,0.0,0.0,0.5,0.5,0.4104545612813101,0.8850440413193539,0.8544876562584621,0.8432370455680464,0.9890769197869179,0.03071843512835081,-0.41547256108989894,False
664,,0.5,0.0,0.0,0.5,0.4104545612813101,0.8850299642117486,0.8514724273985154,0.8388765336702871,0.9890770083236817,0.030311460993703198,-0.37012431625568687,False
665,,0.05,0.85,0.0,0.1,0.4104539273036474,0.9125853302340048,0.8629704783964983,0.8533041866267753,0.9941689346834327,0.03847268632772267,-0.5545343226124577,False
666,,0.05,0.55,0.05,0.35,0.4104539273036474,0.9077344282903836,0.8751248086629312,0.8617607059950133,0.9941778973281375,0.03565423180123781,-0.46648466779202036,False
667,,0.1,0.55,0.05,0.3,0.4104539273036474,0.9076280880594744,0.8759799538605209,0.86299802384973,0.9941778973281375,0.035644454260022315,-0.47911915725215504,False
668,,0.1,0.5,0.1,0.3,0.4104539273036474,0.9075217478285652,0.8779531533064098,0.8648215154175134,0.9941842311120095,0.035200478399148534,-0.4787519764017004,False
669,,0.25,0.5,0.0,0.25,0.4104539273036474,0.9075217478285652,0.8782794074723553,0.8652842919984616,0.9941842311120095,0.035109306031003505,-0.4823168168950015,False
670,,0.1,0.6,0.0,0.3,0.4104539273036474,0.9061803191955966,0.873413893369791,0.8605887548268693,0.9941778837070969,0.03608843012089444,-0.47948633810259167,False
671,,0.0,0.8,0.15,0.05,0.4104539273036473,0.9155539853635531,0.8680838865140208,0.8601745476965875,0.9941725442591877,0.038100327752563466,-0.5758712801889957,False
672,,0.2,0.55,0.2,0.05,0.4104377268825794,0.91204719726144,0.8786322502974738,0.8677982367615807,0.9941778428439753,0.03571765879433916,-0.5558960780030933,False
673,,0.35,0.5,0.0,0.15,0.4104377268825794,0.9075055474074972,0.8798790128696707,0.8687938631491686,0.9941842311120095,0.035089750948572536,-0.50758579581526,False
674,,0.15,0.55,0.05,0.25,0.4104377268825794,0.9075049855124206,0.8766965246160162,0.8641640626449782,0.9941778973281375,0.035634676718806824,-0.4917536467122888,False
675,,0.2,0.55,0.0,0.25,0.4104377268825794,0.9075049855124206,0.8764781058374385,0.8637870294717082,0.9941778973281375,0.03559397930534209,-0.4872188222288596,False
676,,0.1,0.75,0.1,0.05,0.4104375346692173,0.9228142994485232,0.8703257957811635,0.8630005295604742,0.994174042573652,0.03757495706476048,-0.5664344503717029,False
677,,0.25,0.75,0.0,0.0,0.4104375346692172,0.9241796823250044,0.8699658873805333,0.8625166576372074,0.9941740630052129,0.03748378469661548,-0.5699992908649987,False
678,,0.35,0.65,0.0,0.0,0.4104375346692172,0.9211570219444536,0.8743136923283332,0.8656470701963448,0.9941764330662747,0.036514438147939816,-0.5601952801972614,False
679,,0.4,0.6,0.0,0.0,0.4104375346692172,0.9181530206723264,0.8764147744562075,0.867194913911535,0.994177863275536,0.03602976487360152,-0.5552932748634074,False
680,,0.3,0.55,0.1,0.05,0.4104213342481493,0.9152353169604788,0.8787468797319701,0.868639193545339,0.9941778564650158,0.035636263967409675,-0.5468264290362511,False
681,,0.2,0.4,0.15,0.25,0.4104209645664348,0.9102776609792638,0.87730144037587,0.8667524651323898,0.9941732525532981,0.03426205172272266,-0.48611727967754303,False
682,,0.0,0.5,0.3,0.2,0.4104209645664348,0.9075849265774194,0.8808138797536929,0.8698725934851917,0.9941841766278472,0.03534371297057667,-0.5221602532556769,False
683,,0.1,0.5,0.15,0.25,0.4104209645664348,0.9073799999380456,0.8797292591876508,0.8680257922785314,0.9941842311120095,0.035231398271397825,-0.49592129034527344,False
684,,0.25,0.5,0.1,0.15,0.4104209645664348,0.907363799516978,0.8804860781698559,0.8697221407457744,0.9941842311120095,0.03517114577550209,-0.5166554447821157,False
685,,0.05,0.5,0.3,0.15,0.4104209645664348,0.906135034400079,0.8809265935337339,0.8700121626358523,0.9941841766278472,0.035333935429361175,-0.5347947427157976,False
686,,0.0,0.4,0.05,0.55,0.4104209645664348,0.9030962821313188,0.8688133864304112,0.85679480238121,0.9941117944181793,0.03423932214308607,-0.4012406939498846,False
687,,0.1,0.45,0.0,0.45,0.4103774794770652,0.9060295911182884,0.86945545627588,0.8572601339543235,0.9941817384615824,0.03466374292152884,-0.42687685372059336,False
688,,0.0,0.0,0.2,0.8,0.4102820162214344,0.8641144491464506,0.849538534244179,0.8361039398597858,0.9890770083236817,0.03053291589485517,-0.3124566774285702,False
689,,0.9,0.0,0.05,0.05,0.4101809476751353,0.891575164407918,0.855768528077414,0.8457123709642609,0.9890768584922353,0.030264160536228588,-0.4883695458803248,False
690,,0.95,0.0,0.0,0.05,0.4101809476751353,0.891575164407918,0.8556304598741274,0.845672187576701,0.9890768857343164,0.030223463122763826,-0.48383472139688566,False
691,,0.25,0.0,0.55,0.2,0.4101809476751352,0.8872577262270752,0.8556989039970146,0.8440516107968602,0.9890728402852628,0.030700467294522645,-0.4958143223341248,False
692,,0.3,0.0,0.5,0.2,0.4101809476751352,0.8872577262270752,0.8557151326203144,0.844060091608424,0.9890728811483844,0.030659769881057907,-0.4912794978507119,False
693,,0.3,0.0,0.55,0.15,0.4101809476751352,0.8872577262270752,0.8559982126584292,0.8443674791330065,0.9890728130431815,0.03069068975330718,-0.508448811794266,False
694,,0.35,0.0,0.5,0.15,0.4101809476751352,0.8872577262270752,0.8560301208487373,0.8444016576794006,0.9890728402852628,0.03064999233984241,-0.503913987310854,False
695,,0.35,0.0,0.55,0.1,0.4101809476751352,0.8872577262270752,0.8560141971562876,0.8445618529832895,0.9890724316540452,0.03068091221209169,-0.5210833012544034,False
696,,0.4,0.0,0.5,0.1,0.4101809476751352,0.8872577262270752,0.8559866031665853,0.8444771681293004,0.9890728266642221,0.03064021479862692,-0.5165484767709773,False
697,,0.45,0.0,0.45,0.1,0.4101809476751352,0.8872577262270752,0.8560295571022095,0.8444617657600795,0.9890728402852628,0.030599517385162162,-0.5120136522875649,False
698,,0.65,0.0,0.05,0.3,0.4101647472540673,0.8932510855423876,0.8539358519642013,0.8431591737983688,0.98907696746056,0.030313048242306007,-0.42519709857964216,False
699,,0.7,0.0,0.0,0.3,0.4101647472540673,0.8932510855423876,0.8537738421364202,0.8429073463762314,0.9890770083236817,0.030272350828841266,-0.4206622740962134,False
700,,0.5,0.0,0.2,0.3,0.4101647472540673,0.8931447453114785,0.8546282267690226,0.8440983591615496,0.9890769265974382,0.030435140482700324,-0.43880157202991865,False
701,,0.55,0.0,0.15,0.3,0.4101647472540673,0.8931447453114785,0.8544751628145171,0.8438540833794014,0.9890769265974382,0.030394443069235545,-0.4342667475464915,False
702,,0.45,0.0,0.3,0.25,0.4101647472540673,0.8917110535552061,0.8551803860382451,0.8447907686808902,0.9890768312501541,0.030506757768414328,-0.46050571045687705,False
703,,0.5,0.0,0.1,0.4,0.4101485468329995,0.8903012036622198,0.853233547576731,0.8419920367308511,0.9890770083236817,0.03037330073820177,-0.4044629441427968,False
704,,0.55,0.0,0.05,0.4,0.4101485468329995,0.8903012036622198,0.8527931152053075,0.8413798741991851,0.9890770083236817,0.030332603324736994,-0.399928119659375,False
705,,0.6,0.0,0.05,0.35,0.4101485468329995,0.8903012036622198,0.8534948159501988,0.8424684150275499,0.9890770083236817,0.030322825783521513,-0.4125626091195037,False
706,,0.25,0.0,0.35,0.4,0.4101485468329995,0.8901948634313107,0.8546476834482282,0.8437140396501802,0.9890769265974382,0.030576787805525574,-0.42713706655991635,False
707,,0.3,0.0,0.3,0.4,0.4101485468329995,0.8901948634313107,0.8544065865574207,0.8434502849559423,0.9890769470289991,0.0305360903920608,-0.4226022420764779,False
708,,0.3,0.0,0.35,0.35,0.4101485468329995,0.8901948634313107,0.8548347130248289,0.844103596916285,0.9890768789237961,0.030567010264310076,-0.4397715560200559,False
709,,0.35,0.0,0.25,0.4,0.4101485468329995,0.8901948634313107,0.8541144305335808,0.8431674939058156,0.98907696746056,0.030495392978596037,-0.4180674175930639,False
710,,0.35,0.0,0.3,0.35,0.4101485468329995,0.8901948634313107,0.8547285212115143,0.8439432213549933,0.9890769265974382,0.03052631285084531,-0.435236731536617,False
711,,0.4,0.0,0.2,0.4,0.4101485468329995,0.8901948634313107,0.8538448128548275,0.8427983741993704,0.98907696746056,0.030454695565131303,-0.41353259310963675,False
712,,0.4,0.0,0.25,0.35,0.4101485468329995,0.8901948634313107,0.8545196050165471,0.843744882890735,0.9890769265974382,0.030485615437380556,-0.43070190705319433,False
713,,0.45,0.0,0.2,0.35,0.4101485468329995,0.8901948634313107,0.8543564481334053,0.8435304372436059,0.9890769470289991,0.0304449180239158,-0.4261670825697814,False
714,,0.1,0.0,0.5,0.4,0.4101485468329995,0.8873274799187658,0.8549157281615959,0.8439991583006435,0.9890768312501541,0.03069888004591986,-0.4407415400101805,False
715,,0.15,0.0,0.45,0.4,0.4101485468329995,0.8873274799187658,0.85481177686223,0.8439048802469785,0.9890768312501541,0.030658182632455084,-0.43620671552675516,False
716,,0.2,0.0,0.4,0.4,0.4101485468329995,0.8873274799187658,0.8547380851759269,0.8438220244149982,0.9890768925448368,0.030617485218990312,-0.43167189104331727,False
717,,0.0,0.0,0.6,0.4,0.4101485468329995,0.884460096406221,0.8550175825669953,0.8441695528358423,0.9890768108185932,0.03078027487284937,-0.44981118897702266,False
718,,0.05,0.3,0.0,0.65,0.4101371530135057,0.8921400737008441,0.8682360253806763,0.8562658502276834,0.9939496359300167,0.03324883326337588,-0.3616328798784695,False
719,,0.05,0.95,0.0,0.0,0.4099800877415297,0.9143583618431806,0.8565442138629139,0.8530416724452455,0.9941182439808962,0.03942247779396644,-0.5896073122004553,False
720,,0.0,0.05,0.15,0.8,0.4098783807444616,0.8738743235393079,0.8691002189567523,0.8580333239077028,0.9937227774990761,0.030976891755729066,-0.3128238582790035,False
721,,0.15,0.35,0.25,0.25,0.4097263818819715,0.9102411577956632,0.8752588181899895,0.8659367717241888,0.9939748961497813,0.03385877327531433,-0.4902849233105139,False
722,,0.2,0.3,0.25,0.25,0.409693419144759,0.9055915112046736,0.8744717197249454,0.8656325474135194,0.9939428594623257,0.0333741000009758,-0.48538291797665034,False
723,,0.25,0.3,0.25,0.2,0.409693419144759,0.9027079272710608,0.8751983409606094,0.8664763339954256,0.9939428390307649,0.03336432245976031,-0.4980174074367931,False
724,,0.05,0.3,0.35,0.3,0.409693419144759,0.9027073653759844,0.8743053320964849,0.8652262398313136,0.9939415041687876,0.03346527236912082,-0.48181807748336625,False
725,,0.15,0.3,0.25,0.3,0.409693419144759,0.902601025145075,0.8739979236410623,0.8649498015627702,0.9939441875137828,0.03338387754219128,-0.4727484285165119,False
726,,0.0,0.3,0.35,0.35,0.409693419144759,0.9011673333888026,0.8739878651987875,0.8647432230414216,0.9939415246003485,0.033475049910336285,-0.46918358802322824,False
727,,0.25,0.25,0.4,0.1,0.409693419144759,0.8983358579139132,0.8773497462097888,0.8673977177133911,0.9939114425322169,0.03298218634338694,-0.531988854473457,False
728,,0.25,0.25,0.45,0.05,0.409693419144759,0.89700850638855,0.8784173360066238,0.8683216716571237,0.9939101076702395,0.03301310621563622,-0.549158168417004,False
729,,0.1,0.2,0.5,0.2,0.409693419144759,0.8968338572778497,0.8762246585480657,0.8663480183815391,0.9938853309974157,0.03259846297840885,-0.5108875191861739,False
730,,0.2,0.25,0.5,0.05,0.409693419144759,0.8955748146322776,0.8785079469694858,0.8684228623686131,0.9939087319451404,0.03305380362910095,-0.5536929929004365,False
731,,0.05,0.2,0.45,0.3,0.409693419144759,0.8952417168319448,0.8753064116914012,0.8664001434242825,0.9938813536535649,0.03257732064737503,-0.481083715782485,False
732,,0.1,0.2,0.45,0.25,0.409693419144759,0.8952417168319448,0.8756090867232053,0.866898276998147,0.9938839825143978,0.032567543106159565,-0.49371820524260845,False
733,,0.1,0.15,0.55,0.2,0.409693419144759,0.8952207496001444,0.8768013617512008,0.8668055414644293,0.9938507471753708,0.032154487117536816,-0.5105203383357282,False
734,,0.0,0.15,0.55,0.3,0.409693419144759,0.8937882842082161,0.8761006410288691,0.8672977761542918,0.9938508016595331,0.03217404219996781,-0.48525135941544906,False
735,,0.0,0.15,0.6,0.25,0.409693419144759,0.8909209006956713,0.8765813390034227,0.8665455126251093,0.9938507471753708,0.03220496207221709,-0.5024206733590177,False
736,,0.2,0.3,0.2,0.3,0.4096934191447589,0.905537387965346,0.8737225431481999,0.8645105629026835,0.9939442147558639,0.03334318012872652,-0.46821360403309975,False
737,,0.25,0.3,0.15,0.3,0.4096934191447589,0.905537387965346,0.8734421103954002,0.864171692271808,0.9939407413905148,0.03330248271526177,-0.46367877954966896,False
738,,0.0,0.25,0.3,0.45,0.4096934191447589,0.9025450051134684,0.8723515220818052,0.8617131268893763,0.9939100940491989,0.03296923430496584,-0.43447777928568354,False
739,,0.05,0.25,0.3,0.4,0.4096934191447589,0.9025450051134684,0.8733841195183082,0.8639222827351135,0.9939100940491989,0.032959456763750346,-0.4471122687458018,False
740,,0.1,0.25,0.25,0.4,0.4096934191447589,0.9025450051134684,0.8728317683154109,0.8625914619167638,0.9939100940491989,0.03291875935028558,-0.44257744426238665,False
741,,0.0,0.25,0.25,0.5,0.4096934191447589,0.8996284584426432,0.8713389109688625,0.8602895262205061,0.9939114152901356,0.03293831443271653,-0.4173084653421233,False
742,,0.05,0.2,0.4,0.35,0.4096934191447589,0.8981240744012133,0.874741906892622,0.8655022625467664,0.9938799779284658,0.032546400775125786,-0.4639144018389214,False
743,,0.0,0.15,0.5,0.35,0.4096934191447589,0.8966376790402721,0.8756187051619313,0.8665639610728657,0.9938502023337473,0.032143122327718515,-0.46808204547190235,False
744,,0.0,0.15,0.3,0.55,0.4096934191447589,0.8960993335761764,0.8714841608502687,0.8606167878492716,0.9938495621448399,0.03201944283872143,-0.3994047896976777,False
745,,0.0,0.05,0.1,0.85,0.4096894996726788,0.8663236037993327,0.868285892712814,0.8570670235589845,0.9937240851189723,0.03094597188347979,-0.29565454433543836,False
746,,0.55,0.25,0.2,0.0,0.4096251102649678,0.9027079272710608,0.8781694761674057,0.8680434393921388,0.9939154334971082,0.03279984160709689,-0.539118535460034,False
747,,0.6,0.25,0.15,0.0,0.4096251102649678,0.9027079272710608,0.8780602863817615,0.8679218786005036,0.9939187025468486,0.03275914419363216,-0.5345837109766239,False
748,,0.4,0.25,0.3,0.05,0.4096251102649678,0.8998075810213036,0.877742515734997,0.8676239437630082,0.9939147115819572,0.03289101397524192,-0.5355536949667516,False
749,,0.25,0.25,0.3,0.2,0.4096251102649678,0.8997012407903945,0.8753861176861617,0.8667123604167367,0.9939127229100319,0.032920346598888386,-0.4976502265863555,False
750,,0.35,0.25,0.3,0.1,0.4096251102649678,0.8997012407903945,0.8768573453124147,0.8667342801194186,0.9939133767199799,0.03290079151645739,-0.522919205506613,False
751,,0.4,0.25,0.25,0.1,0.4096251102649678,0.8997012407903945,0.8765478759798097,0.8665904149477516,0.9939127910152348,0.03286009410299265,-0.5183843810231903,False
752,,0.45,0.25,0.25,0.05,0.4096251102649678,0.8997012407903945,0.877509216389352,0.8674689636748181,0.9939127773941941,0.03285031656177715,-0.5310188704833251,False
753,,0.5,0.25,0.2,0.05,0.4096251102649678,0.8997012407903945,0.8773360797943907,0.867341284549373,0.9939141394982526,0.03280961914831241,-0.5264840459999109,False
754,,0.55,0.25,0.15,0.05,0.4096251102649678,0.8997012407903945,0.8771433449868042,0.867217805409331,0.99391547436023,0.032768921734847634,-0.5219492215164847,False
755,,0.15,0.2,0.4,0.25,0.4096251102649678,0.896607099708426,0.8755529777507877,0.8668364040301102,0.9938813536535649,0.03252684569269478,-0.4891833807591984,False
756,,0.5,0.15,0.3,0.05,0.4096251102649678,0.8950865152459283,0.8773731638492438,0.867540852047509,0.9938521773846322,0.03192166742656656,-0.5257496842990235,False
757,,0.35,0.1,0.45,0.1,0.4096251102649678,0.8905254806646936,0.8773561470125607,0.86750519636426,0.9937931846578593,0.031568863933837406,-0.521817662955289,False
758,,0.3,0.1,0.5,0.1,0.4096251102649678,0.8905254806646935,0.8773915463466664,0.8675092567623429,0.9937865375900538,0.03160956134730218,-0.5263524874387133,False
759,,0.35,0.1,0.5,0.05,0.4096251102649678,0.8905254806646935,0.8774507699966925,0.8677403973938441,0.9937878179678687,0.031599783806086704,-0.5389869768988493,False
760,,0.35,0.1,0.55,0.0,0.4096251102649678,0.8876961285032666,0.8777032891971518,0.8682834880814131,0.993786564832135,0.03163070367833596,-0.5561562908423991,False
761,,0.4,0.1,0.5,0.0,0.4096251102649678,0.8876961285032666,0.8776686809655749,0.8681913449288823,0.9937865103479726,0.03159000626487119,-0.5516214663589769,False
762,,0.25,0.1,0.55,0.1,0.4096251102649678,0.8876580971521486,0.8773959895960248,0.8676106086053372,0.993782560246203,0.03165025876076691,-0.5308873119221298,False
763,,0.4,0.3,0.0,0.3,0.4096251102649677,0.9041378159873084,0.8724892448752501,0.8627800216267715,0.99395064388702,0.03318039047486748,-0.4500743060994149,False
764,,0.25,0.3,0.1,0.35,0.4096251102649677,0.9041036962090736,0.8722297973450319,0.8617820869262592,0.9939388753079547,0.03327156284301249,-0.4465094656061166,False
765,,0.4,0.3,0.05,0.25,0.4096251102649677,0.9041036962090736,0.8734081370864363,0.8643409861143904,0.9939388753079547,0.03321131034711676,-0.4672436200429657,False
766,,0.2,0.25,0.25,0.3,0.4096251102649677,0.9025288046924006,0.8743619740844826,0.8652835353046915,0.9939133494778987,0.03289920426785463,-0.46784642318264913,False
767,,0.25,0.25,0.2,0.3,0.4096251102649677,0.9025288046924006,0.8740857739820336,0.8649955385767981,0.9939146843398761,0.032858506854389825,-0.46331159869924243,False
768,uniform,0.25,0.25,0.25,0.25,0.4096251102649677,0.9025288046924006,0.8747663631276817,0.8658639005360298,0.9939127433415926,0.0328894267266391,-0.48048091264279025,False
769,,0.3,0.25,0.15,0.3,0.4096251102649677,0.9025288046924006,0.8738116344683989,0.864533556041128,0.99391734044279,0.03281780944092507,-0.45877677421580865,False
770,,0.3,0.25,0.2,0.25,0.4096251102649677,0.9025288046924006,0.8746030137331278,0.865674010167798,0.9939127637731535,0.03284872931317435,-0.47594608815936446,False
771,,0.35,0.25,0.15,0.25,0.4096251102649677,0.9025288046924006,0.8743571092756016,0.8654724628372881,0.9939140986351309,0.03280803189970959,-0.47141126367594954,False
772,,0.4,0.25,0.15,0.2,0.4096251102649677,0.9025288046924006,0.8748908139223949,0.8661699701773757,0.9939154334971082,0.0327982543584941,-0.48404575313606946,False
773,,0.45,0.25,0.1,0.2,0.4096251102649677,0.9025288046924006,0.8746570457640773,0.8660577567561595,0.9939167274959637,0.03275755694502935,-0.479510928652667,False
774,,0.6,0.25,0.0,0.15,0.4096251102649677,0.9011496800822072,0.874813746455941,0.8662342260967671,0.9939201055140288,0.03266638457688434,-0.48307576914594075,False
775,,0.0,0.2,0.25,0.55,0.4096251102649677,0.9010597667935494,0.8708770263738778,0.8598848793374013,0.993882729378664,0.03246341869959343,-0.3997719705481193,False
776,,0.05,0.2,0.25,0.5,0.4096251102649677,0.9010597667935494,0.8714702966564861,0.8606735540040729,0.993882729378664,0.032453641158377955,-0.41240646000825276,False
777,,0.0,0.1,0.4,0.5,0.4096251102649677,0.900971717046302,0.8738022551625777,0.8642454247620893,0.9938001041464763,0.03160638685009655,-0.4162069227907824,False
778,,0.35,0.25,0.35,0.05,0.4096251102649677,0.8998758899010949,0.8780809304277049,0.8679775713962634,0.9939147115819572,0.032931711388706694,-0.5400885194501636,False
779,,0.3,0.2,0.2,0.3,0.4096251102649677,0.8995769118789965,0.8744254968217079,0.8654457009800292,0.9938813400325244,0.03237383358005124,-0.4584095933653679,False
780,,0.35,0.2,0.15,0.3,0.4096251102649677,0.8995769118789965,0.8741780789369892,0.8651626172949969,0.9938853991026186,0.032333136166586486,-0.4538747688819481,False
781,,0.4,0.2,0.1,0.3,0.4096251102649677,0.8995769118789965,0.8738643753429468,0.8647761064344216,0.9938867339645959,0.03229243875312172,-0.44933994439852487,False
782,,0.45,0.2,0.1,0.25,0.4096251102649677,0.8995769118789965,0.8745346601031448,0.8656862911506515,0.9938880552055327,0.03228266121190623,-0.46197443385866066,False
783,,0.5,0.2,0.05,0.25,0.4096251102649677,0.8995769118789965,0.8741918147769349,0.8652077182595831,0.9938867339645959,0.03224196379844148,-0.4574396093752323,False
784,,0.55,0.2,0.05,0.2,0.4096251102649677,0.8995769118789965,0.8747967242278325,0.8661540892059956,0.9938881505528168,0.032232186257225987,-0.4700740988353731,False
785,,0.3,0.15,0.35,0.2,0.4096251102649677,0.899503836188473,0.8768439343068016,0.8680158458840002,0.9938508970068172,0.03199169746367778,-0.492381040402044,False
786,,0.35,0.15,0.3,0.2,0.4096251102649677,0.899503836188473,0.8766546131186818,0.8678517039651755,0.9938515371957247,0.03195100005021303,-0.48784621591862,False
787,,0.4,0.15,0.25,0.2,0.4096251102649677,0.899503836188473,0.8763530901502748,0.8675852485807064,0.9938522318687945,0.031910302636748274,-0.48331139143518687,False
788,,0.45,0.15,0.25,0.15,0.4096251102649677,0.899503836188473,0.8769010200396363,0.868177214408268,0.9938521910056728,0.031900525095532775,-0.49594588089532765,False
789,,0.65,0.1,0.2,0.05,0.4096251102649677,0.899503836188473,0.8773615451366558,0.8675290046036658,0.9938053891102232,0.031355599325298134,-0.5117780299983101,False
790,,0.15,0.1,0.45,0.3,0.4096251102649677,0.8994697164102382,0.8763926018149326,0.8674414830601771,0.9937973663173187,0.03160797409869935,-0.47127970511474737,False
791,,0.2,0.1,0.4,0.3,0.4096251102649677,0.8994697164102382,0.8763360992975517,0.867352952286698,0.9937987556634584,0.0315672766852346,-0.46674488063131825,False
792,,0.25,0.1,0.4,0.25,0.4096251102649677,0.8994697164102382,0.8767429319582162,0.8678388081368624,0.9937987352318975,0.03155749914401912,-0.4793793700914569,False
793,,0.3,0.1,0.35,0.25,0.4096251102649677,0.8994697164102382,0.876626563324257,0.8676766367885403,0.9938000905254357,0.03151680173055434,-0.47484454560804945,False
794,,0.05,0.15,0.45,0.35,0.4096251102649677,0.8980713707965445,0.8753957331976778,0.866211031796439,0.9938495621448399,0.03210242491425377,-0.46354722098848045,False
795,,0.1,0.15,0.4,0.35,0.4096251102649677,0.8980713707965445,0.8752374016242715,0.8660877434809235,0.9938508561436954,0.032061727500789,-0.4590123965050622,False
796,,0.1,0.15,0.45,0.3,0.4096251102649677,0.8980713707965445,0.8758635599630005,0.867042425327652,0.9938508970068172,0.032092647373038304,-0.4761817104486078,False
797,,0.15,0.15,0.35,0.35,0.4096251102649677,0.8980713707965445,0.8750790599614016,0.8659624453084218,0.9938509174383781,0.032021030087324244,-0.45447757202163563,False
798,,0.05,0.1,0.4,0.45,0.4096251102649677,0.898019824232898,0.8747059431211129,0.8652848210050972,0.9937975161487652,0.03159660930888107,-0.4288414122509261,False
799,,0.1,0.1,0.45,0.35,0.4096251102649677,0.8965693701604809,0.875826888523426,0.8666715708088139,0.9937973935593999,0.03161775163991486,-0.4586452156546128,False
800,,0.4,0.1,0.15,0.35,0.4096251102649677,0.896484860859622,0.8745074294290397,0.8653022575520114,0.9938094754223987,0.031373567159126294,-0.43143626875407926,False
801,,0.45,0.1,0.1,0.35,0.4096251102649677,0.896484860859622,0.874273138338157,0.864844665069646,0.9938068465615658,0.03133286974566151,-0.426901444270662,False
802,,0.2,0.15,0.45,0.2,0.4096251102649677,0.8951524407203533,0.8767915939965658,0.8666791142558657,0.9938508425226549,0.03207309229060731,-0.5014506893688877,False
803,,0.25,0.15,0.45,0.15,0.4096251102649677,0.8951524407203533,0.876866056590267,0.8668501126368295,0.9938508425226549,0.03206331474939183,-0.5140851788290157,False
804,,0.15,0.1,0.55,0.2,0.4096251102649677,0.8936303974136602,0.8770737712182551,0.8670416215084048,0.9937839019187006,0.031669813843197905,-0.5056183330018633,False
805,,0.15,0.25,0.2,0.4,0.4096251102649677,0.9010951129361282,0.8724490474530116,0.8620901625429187,0.993912750152113,0.0328780619368208,-0.4380426197789635,False
806,,0.45,0.15,0.2,0.2,0.4096251102649677,0.899487635767405,0.8759372909848173,0.8672565141593614,0.9938522182477539,0.0318696052232835,-0.4787765669517804,False
807,,0.5,0.15,0.15,0.2,0.4096251102649677,0.899487635767405,0.8757896052926147,0.8670869207986839,0.9938509378699389,0.031828907809818736,-0.4742417424683437,False
808,,0.55,0.15,0.1,0.2,0.4096251102649677,0.899487635767405,0.8755824170593928,0.8669066769733914,0.9938549288348303,0.03178821039635399,-0.469706917984932,False
809,,0.55,0.15,0.15,0.15,0.4096251102649677,0.899487635767405,0.8765481078428095,0.8678093807114022,0.9938522523003553,0.03181913026860327,-0.4868762319284855,False
810,,0.6,0.15,0.05,0.2,0.4096251102649677,0.899487635767405,0.8753591312187183,0.8666522082326612,0.9938549424558709,0.03174751298288922,-0.46517209350150146,False
811,,0.6,0.15,0.1,0.15,0.4096251102649677,0.899487635767405,0.8763488127479496,0.8676731077983777,0.9938548607296274,0.03177843285513849,-0.48234140744505716,False
812,,0.65,0.15,0.05,0.15,0.4096251102649677,0.899487635767405,0.8759306428186711,0.8674372113807807,0.9938549424558709,0.03173773544167373,-0.4778065829616448,False
813,,0.7,0.15,0.0,0.15,0.4096251102649677,0.899487635767405,0.8755707852176978,0.8669504611772598,0.9938576121798255,0.03169703802820897,-0.4732717584782179,False
814,,0.3,0.1,0.3,0.3,0.4096251102649677,0.8994535159891703,0.8760554995894896,0.8669599852904591,0.993802821544073,0.03148588185830509,-0.45767523166447877,False
815,,0.35,0.1,0.25,0.3,0.4096251102649677,0.8994535159891703,0.8755363882753835,0.8665056425811172,0.9938028555966745,0.031445184444840325,-0.4531404071810625,False
816,,0.4,0.1,0.2,0.3,0.4096251102649677,0.8994535159891703,0.8755637697538451,0.8664674535749263,0.9938042177007329,0.03140448703137556,-0.44860558269763506,False
817,,0.4,0.1,0.25,0.25,0.4096251102649677,0.8994535159891703,0.8764600595492165,0.8674821826437361,0.9938054367838652,0.03143540690362481,-0.4657748966411921,False
818,,0.45,0.1,0.15,0.3,0.4096251102649677,0.8994535159891703,0.8752581114148434,0.8660979342370443,0.9938093800751145,0.03136378961791079,-0.44407075821422126,False
819,,0.45,0.1,0.2,0.25,0.4096251102649677,0.8994535159891703,0.8762011178641352,0.8671414297697619,0.9938054708364668,0.03139470949016008,-0.4612400721577713,False
820,,0.5,0.1,0.15,0.25,0.4096251102649677,0.8994535159891703,0.8760059131813444,0.8670377048302689,0.9938055116995885,0.031354012076695296,-0.4567052476743484,False
821,,0.55,0.1,0.1,0.25,0.4096251102649677,0.8994535159891703,0.8757353721883414,0.8666004192205692,0.9938095571486422,0.03131331466323054,-0.4521704231909326,False
822,,0.25,0.15,0.4,0.2,0.4096251102649677,0.8980701444322006,0.8768164344895574,0.8675725992861902,0.9938508493331751,0.032032394877142545,-0.49691586488545836,False
823,,0.2,0.05,0.45,0.3,0.4096251102649677,0.8949777916096527,0.8765905459110599,0.8678341815645515,0.9937186162711775,0.031123300824362758,-0.4663776997808964,False
824,,0.25,0.05,0.4,0.3,0.4096251102649677,0.8949777916096527,0.876502432038786,0.8677434787286737,0.9937199579436751,0.031082603410898003,-0.4618428752974578,False
825,,0.3,0.05,0.35,0.3,0.4096251102649677,0.8949777916096527,0.8764114917168575,0.8676432924075551,0.9937213200477336,0.03104190599743324,-0.45730805081405235,False
826,,0.3,0.05,0.4,0.25,0.4096251102649677,0.8949777916096527,0.8768933794197648,0.868206142513407,0.9937185754080557,0.03107282586968252,-0.4744773647575976,False
827,,0.35,0.05,0.35,0.25,0.4096251102649677,0.8949777916096527,0.8765356101854872,0.8678762312627469,0.9937212247004494,0.03103212845621775,-0.46994254027417315,False
828,,0.15,0.75,0.05,0.05,0.4095262837382662,0.925377147195642,0.8700609599679765,0.8627270412855894,0.9941740630052129,0.03753425965129577,-0.5618996258882885,False
829,,0.1,0.75,0.05,0.1,0.4095262837382661,0.92699055667652,0.8692662601325561,0.8610671649664303,0.9941740834367738,0.037544037192511204,-0.5492651364281469,False
830,,0.05,0.75,0.05,0.15,0.4095262837382661,0.921222826914218,0.8679457663611344,0.8577264558953918,0.9941740834367738,0.037553814733726695,-0.5366306469680131,False
831,,0.15,0.8,0.05,0.0,0.4095262837382661,0.9210760719268244,0.8675506602233571,0.8598079258789446,0.9941725715012689,0.038009155384418465,-0.5794361206822856,False
832,,0.05,0.7,0.15,0.1,0.4095262837382661,0.9210077630470334,0.8722250927176746,0.8640016824030476,0.9941746963836001,0.03714075874510264,-0.5534327800611301,False
833,,0.2,0.7,0.1,0.0,0.4095262837382661,0.9210077630470334,0.8720570384274565,0.8631539405073397,0.9941746827625595,0.037080506249206883,-0.5741669344979745,False
834,,0.05,0.7,0.1,0.15,0.4095262837382661,0.9196525173983632,0.8714540854722405,0.8622511398109817,0.9941747372467219,0.037109838872853386,-0.5362634661175771,False
835,,0.1,0.7,0.15,0.05,0.4095262837382661,0.919574071290761,0.8723239585688245,0.8631880074249828,0.9941746827625595,0.03713098120388716,-0.5660672695212616,False
836,,0.15,0.75,0.1,0.0,0.4095262837382661,0.919574071290761,0.8698731994222348,0.8614271995708003,0.9941740289526114,0.03756517952354502,-0.5790689398318392,False
837,,0.0,0.7,0.15,0.15,0.4095262837382661,0.9182188256420908,0.871906011263039,0.8629320866026765,0.994174716815161,0.03715053628631813,-0.5407982906009905,False
838,,0.2,0.65,0.15,0.0,0.4095262837382661,0.9180354228657852,0.8741597870014033,0.8646220238351101,0.9941763990136732,0.03663653038833407,-0.573799753647539,False
839,,0.1,0.75,0.15,0.0,0.4095262837382661,0.9152729960219438,0.8698592152535733,0.8618661051280532,0.9941740153315709,0.037605876937009765,-0.5836037643152631,False
840,,0.15,0.65,0.2,0.0,0.4095262837382661,0.9151680393532404,0.874073670063197,0.8648707931664567,0.9941763853926326,0.036677227801798835,-0.5783345781309563,False
841,,0.0,0.65,0.15,0.2,0.4095262837382661,0.915093736603514,0.8734352263127197,0.8627862963959128,0.9941764534978356,0.036675640553195984,-0.5232617958069934,False
842,,0.05,0.6,0.1,0.25,0.4095262837382661,0.9105167406069928,0.8744541425140118,0.8625062397146644,0.9941778837070969,0.03616004740660847,-0.5011904765295783,False
843,,0.0,0.5,0.15,0.35,0.4095262837382661,0.9104220940783226,0.8771328218536683,0.8637981779162958,0.9941842311120095,0.03525095335382883,-0.470652311424991,False
844,,0.1,0.6,0.05,0.25,0.4095262837382661,0.9090830488507204,0.8741920168301774,0.8620357069804354,0.9941778837070969,0.0361193499931437,-0.49665565204615114,False
845,,0.05,0.5,0.1,0.35,0.4095262837382661,0.90898840232205,0.8767904190187964,0.8633684583537246,0.9941842311120095,0.03521025594036402,-0.46611748694158206,False
846,,0.05,0.6,0.05,0.3,0.4095262837382661,0.907614010951869,0.8736399844287317,0.861019947769368,0.9941778837070969,0.03612912753435918,-0.48402116258601746,False
847,,0.2,0.65,0.05,0.1,0.4095262837382661,0.9178664735873888,0.8739942175606686,0.8649942632337878,0.9941764534978356,0.036574690643835554,-0.5394611257604227,False
848,,0.15,0.65,0.1,0.1,0.4095262837382661,0.9178484849069002,0.8743456522105705,0.8655029302199719,0.9941764330662747,0.036615388057300295,-0.5439959502438423,False
849,,0.25,0.65,0.0,0.1,0.4095262837382661,0.9149307811950528,0.8736785625845184,0.8644378927311942,0.9941764534978356,0.03653399323037076,-0.5349263012769996,False
850,,0.15,0.65,0.05,0.15,0.4095262837382661,0.9148978184578402,0.8732710986748415,0.8634766454002497,0.9941764534978356,0.03658446818505104,-0.5268266363002913,False
851,,0.4,0.55,0.05,0.0,0.4095100833171982,0.9163812352674696,0.8784995989140842,0.8677187090860278,0.9941778564650158,0.03558578901272942,-0.554926094012963,False
852,,0.25,0.55,0.15,0.05,0.4095100833171982,0.9134808890177124,0.8787093371114666,0.867859931646113,0.9941778564650158,0.03567696138087441,-0.5513612535196681,False
853,,0.1,0.55,0.3,0.05,0.4095100833171982,0.9108004434640524,0.8783789509240788,0.8677273176992053,0.9941778292229346,0.03579905362126868,-0.5649657269699352,False
854,,0.0,0.45,0.25,0.3,0.4094933210010537,0.9133173101971428,0.8800488800421681,0.8681895369713329,0.9941843537013748,0.03483789736520617,-0.4874544445181155,False
855,,0.35,0.45,0.2,0.0,0.4094933210010537,0.9119351317536482,0.8818266209968498,0.8700653426328189,0.9941843537013748,0.03473853470444848,-0.5587265567954967,False
856,,0.35,0.45,0.1,0.1,0.4094933210010537,0.9118512175987344,0.8821584803525715,0.8713480643701461,0.9941856681317912,0.03467669495994996,-0.5243879289083782,False
857,,0.05,0.45,0.2,0.3,0.4094933210010537,0.911815309561079,0.8791114919778297,0.86653657724648,0.9941844081855371,0.03479719995174139,-0.48291962003468825,False
858,,0.35,0.4,0.1,0.15,0.4094933210010537,0.9103845631052496,0.8801031121657464,0.8699143367326055,0.9941739199842867,0.034201799226826944,-0.5068514341143794,False
859,,0.4,0.4,0.05,0.15,0.4094933210010537,0.9103845631052496,0.8796629304927445,0.8695442354644756,0.994173947226368,0.03416110181336218,-0.5023166096309656,False
860,,0.35,0.45,0.05,0.15,0.4094933210010537,0.9103324546465262,0.8812165511597616,0.8700273987550012,0.9941844081855371,0.03464577508770066,-0.5072186149648272,False
861,,0.2,0.5,0.3,0.0,0.4094933210010537,0.9092076463551704,0.8801762844516159,0.8693161318840096,0.9941841630068066,0.035304602805714715,-0.5726982110961993,False
862,,0.4,0.45,0.15,0.0,0.4094771205799857,0.9148528354654956,0.882027534916013,0.8703118711183984,0.9941843673224153,0.03469783729098372,-0.5541917323120689,False
863,,0.05,0.35,0.3,0.3,0.4092203336910803,0.9073408115459058,0.874310469255618,0.8650006291785579,0.9939748757182204,0.03390924822999456,-0.4821852583338031,False
864,,0.3,0.05,0.0,0.65,0.4091873709538677,0.8828922929187136,0.8706781325755895,0.859528717400432,0.9937267957060487,0.030825466891688327,-0.337122853209154,False
865,,0.1,0.05,0.1,0.75,0.4091873709538677,0.8798682489759571,0.8698438130885132,0.8586448001672757,0.993724125982094,0.030926416801048812,-0.3209235232557124,False
866,,0.2,0.05,0.05,0.7,0.4091873709538677,0.8798682489759571,0.8702459394301362,0.8590539479732645,0.9937254608440713,0.030875941846368597,-0.3290231882324417,False
867,,0.15,0.05,0.05,0.75,0.4091873709538677,0.8768262163527119,0.8696964910883015,0.858459063676824,0.9937254336019902,0.030885719387584068,-0.31638869877229747,False
868,,0.2,0.05,0.0,0.75,0.4091873709538677,0.8768068441100175,0.8695345959934359,0.8582475799617144,0.993729410945841,0.03084502197411931,-0.31185387428886646,False
869,,0.4,0.4,0.15,0.05,0.4091637356374941,0.9089335138868871,0.8818967057837033,0.870440967868533,0.9941739063632462,0.03422294155786073,-0.5366552375180739,False
870,,0.45,0.4,0.15,0.0,0.4091637356374941,0.9089335138868871,0.8820979851076995,0.8706078627825423,0.9941739063632462,0.03421316401664524,-0.549289726978217,False
871,,0.25,0.35,0.25,0.15,0.4091637356374941,0.9088627463197404,0.8786397572936617,0.8690107554527461,0.9939722059942658,0.033839218192883366,-0.5155539022307876,False
872,,0.05,0.45,0.35,0.15,0.4091637356374941,0.9061344392541336,0.8819439619669928,0.8698829952696316,0.9941843400803342,0.03488995956848921,-0.5344275618653644,False
873,,0.3,0.3,0.4,0.0,0.4091637356374941,0.904521256294439,0.8813131851407751,0.870742741381272,0.9939387935817112,0.03344730453529262,-0.5621598387275913,False
874,,0.2,0.3,0.45,0.05,0.4091637356374941,0.9016209100446816,0.8806261292763092,0.8699873416715594,0.9939367504256235,0.033497779489972894,-0.5540601737508862,False
875,,0.15,0.3,0.45,0.1,0.4091637356374941,0.9001189094086182,0.8791680557267377,0.8684443050251397,0.9939361374787972,0.033507557031188386,-0.5414256842907452,False
876,,0.0,0.3,0.4,0.3,0.4091385774773018,0.9022331841259504,0.8743785386394889,0.8653456203979211,0.9939387254765083,0.03350596978258558,-0.48635290196678205,False
877,,0.35,0.3,0.0,0.35,0.4091190620740766,0.902704124231036,0.8718641893968865,0.8611158394678755,0.9939508890657506,0.033190168016082953,-0.437439816639267,False
878,,0.25,0.25,0.05,0.45,0.4091190620740765,0.8982817346745857,0.8712370006133435,0.860152223568123,0.9939155152233516,0.032765747237642,-0.4118036568685578,False
879,,0.2,0.25,0.0,0.55,0.4091190620740765,0.8968654003804033,0.8699538614814633,0.8583904549446404,0.9939155152233516,0.03274460490660821,-0.38199985346485577,False
880,,0.6,0.35,0.05,0.0,0.4090946548814537,0.9117985139940658,0.8805674976606873,0.8696907223561233,0.9939762105801978,0.03364709591537784,-0.5353180726775029,False
881,,0.55,0.35,0.1,0.0,0.4090946548814537,0.9103648222377934,0.880748594200138,0.8697978843317293,0.9939762105801978,0.03368779332884262,-0.5398528971609294,False
882,,0.0,0.0,0.3,0.7,0.4090724163998727,0.8759994168736281,0.8506625408134326,0.8375458962859008,0.9890770083236817,0.030594755639353734,-0.3467953053156909,False
883,,0.05,0.0,0.25,0.7,0.4090724163998727,0.8745657251173558,0.850504983776576,0.8373907278564202,0.9890770083236817,0.030554058225888966,-0.342260480832251,False
884,,0.3,0.25,0.3,0.15,0.4090702685975106,0.899988374512082,0.8761923538751514,0.8675099225432741,0.9939146434767543,0.03291056905767291,-0.5102847160464763,False
885,,0.45,0.25,0.2,0.1,0.4090702685975106,0.899988374512082,0.8765042765668127,0.8674721235380055,0.9939140986351309,0.032819396689527894,-0.5138495565397752,False
886,,0.0,0.1,0.6,0.3,0.4090702685975106,0.8925000398001434,0.876474171273491,0.8672859362818344,0.9937826692145277,0.03173006633909365,-0.4848841785650203,False
887,,0.75,0.1,0.1,0.05,0.4090702685975105,0.8997747694890926,0.8773532319266427,0.8687332664652799,0.9938093528330334,0.03127420449836859,-0.5027083810314681,False
888,,0.6,0.1,0.2,0.1,0.4090702685975105,0.8968570657772452,0.877266092387756,0.8681449339426356,0.9938054163523043,0.0313653768665136,-0.49914354053817556,False
889,,0.05,0.0,0.3,0.65,0.4090532703671736,0.8820301472970511,0.851132609317033,0.8381762775233017,0.9890770083236817,0.03058497809813823,-0.3594297947758066,False
890,,0.3,0.0,0.05,0.65,0.4090532703671736,0.8731700647122013,0.8503543793825005,0.8372302698016502,0.9890770083236817,0.030381491030814414,-0.3367556723587011,False
891,,0.2,0.0,0.25,0.55,0.4090370699461056,0.8864466836707039,0.8518403945477186,0.8392976545091807,0.9890770083236817,0.030524725602242498,-0.38016394921265095,False
892,,0.25,0.0,0.2,0.55,0.4090370699461056,0.8864466836707039,0.8517065949959249,0.8390997708914794,0.9890770083236817,0.030484028188777722,-0.3756291247292477,False
893,,0.3,0.0,0.2,0.5,0.4090208695250377,0.8879494561830166,0.8521746889942714,0.839972471363984,0.9890770083236817,0.030474250647562266,-0.38826361418936894,False
894,,0.05,0.0,0.45,0.5,0.4090208695250377,0.8864777330756263,0.854238980569051,0.8429398188162992,0.98907696746056,0.030677737714886057,-0.410937736606486,False
895,,0.1,0.0,0.4,0.5,0.4090208695250377,0.8864777330756263,0.8539711462337383,0.8426345243634183,0.98907696746056,0.03063704030142132,-0.40640291212305857,False
896,,0.05,0.8,0.05,0.1,0.409020235547375,0.9213240985312215,0.8667839422432236,0.8586484661738536,0.9941726123643906,0.03802871046684946,-0.5541671417620109,False
897,,0.0,0.8,0.05,0.15,0.409020235547375,0.9170230232624044,0.8653282303281732,0.8551623667380809,0.9941726123643906,0.03803848800806494,-0.541532652301876,False
898,,0.1,0.55,0.0,0.35,0.409020235547375,0.9077344282903836,0.8747983376767876,0.8612985113156284,0.9941778973281375,0.03561353438777303,-0.4619498433085858,False
899,,0.05,0.5,0.0,0.45,0.409020235547375,0.9077113709959896,0.871785317157312,0.8578541509841808,0.9941842311120095,0.03514841619586545,-0.43177885905446634,False
900,,0.15,0.5,0.05,0.3,0.409020235547375,0.9075217478285652,0.8776161135368529,0.8643357924553922,0.9941842311120095,0.03515978098568379,-0.4742171519182936,False
901,,0.0,0.75,0.15,0.1,0.4090202355473749,0.9199233695121616,0.8699247293892253,0.8620128862914159,0.9941740289526114,0.03762543201944075,-0.5583347853949935,False
902,,0.05,0.9,0.05,0.0,0.4090202355473749,0.912653639113796,0.8589230097868068,0.8542338802716029,0.9941625736574796,0.038978501933094684,-0.5892401313500075,False
903,,0.05,0.5,0.2,0.25,0.4089872728101624,0.9073799999380456,0.880128665298814,0.868695275051097,0.9941842311120095,0.03527209568486263,-0.5004561148286828,False
904,,0.3,0.4,0.0,0.3,0.4089872728101624,0.9058902881501668,0.8731349627229108,0.8618866051763385,0.9941726123643906,0.03414973702354387,-0.45987831676713853,False
905,,0.1,0.5,0.3,0.1,0.4089872728101624,0.9046851422227388,0.8806681718323858,0.8691612193709285,0.9941841630068066,0.035324157888145684,-0.5474292321759352,False
906,,0.35,0.5,0.05,0.1,0.4089710723890946,0.9103156923303816,0.8805379924215327,0.8700669299551661,0.9941842311120095,0.03512067082082181,-0.5247551097588239,False
907,,0.4,0.45,0.1,0.05,0.4089546797546644,0.9121887161013732,0.882183711271449,0.871095078312841,0.9941843673224153,0.03466691741873446,-0.5370224183685167,False
908,,0.05,0.35,0.0,0.6,0.4089543100729499,0.8955811488200635,0.8685149387525999,0.8562817004447355,0.9939829257532061,0.033723728996498906,-0.3791693746724677,False
909,,0.05,0.1,0.1,0.75,0.4089534123827073,0.8874337162514727,0.8689768836952015,0.857595695590849,0.993814814870308,0.0314110900753854,-0.32582552858958846,False
910,,0.1,0.1,0.05,0.75,0.4089534123827073,0.8874337162514727,0.8688385709808673,0.8574049353333737,0.9938161497322853,0.031370392661920654,-0.3212907041061591,False
911,,0.4,0.35,0.0,0.25,0.4088495579958056,0.9081909056804386,0.8732348524462278,0.8636117108269601,0.9939722468573876,0.03365528620799052,-0.4676108008934131,False
912,,0.0,0.0,0.7,0.3,0.4087472559188629,0.8830081975219045,0.8555874232499201,0.8438007108084982,0.9890727449379786,0.030842114617347934,-0.4841498168641335,False
913,,0.05,0.0,0.7,0.25,0.4087472559188628,0.8844418892781769,0.855640134424421,0.8439911594927779,0.9890727313169381,0.03083233707613245,-0.4967843063242535,False
914,,0.6,0.0,0.1,0.3,0.4087310554977949,0.89468477729866,0.85423880408217,0.8435807183480521,0.98907696746056,0.03035374565577079,-0.4297319230630553,False
915,,0.75,0.0,0.0,0.25,0.4087310554977949,0.8932510855423876,0.8541806474732194,0.8436720122161145,0.9890769470289991,0.030262573287625785,-0.43329676355635904,False
916,,0.5,0.0,0.25,0.25,0.4087310554977949,0.8931447453114785,0.855161791267006,0.8447738958542345,0.9890768584922353,0.030466060354949587,-0.4559708859734719,False
917,,0.55,0.0,0.2,0.25,0.4087310554977949,0.8931447453114785,0.8550147230988768,0.8446223133150814,0.9890768857343164,0.030425362941484825,-0.4514360614900387,False
918,,0.6,0.0,0.15,0.25,0.4087310554977949,0.8931447453114785,0.8548710024122976,0.8444489516373689,0.9890769265974382,0.030384665528020067,-0.44690123700663464,False
919,,0.65,0.0,0.1,0.25,0.4087310554977949,0.8931447453114785,0.8545440494321849,0.8442163126742743,0.9890769265974382,0.03034396811455528,-0.44236641252319675,False
920,,0.55,0.0,0.25,0.2,0.4087310554977949,0.8900919370212351,0.8556948852875949,0.8453202673850374,0.9890768312501541,0.03045628281373408,-0.46860537543359926,False
921,,0.6,0.0,0.2,0.2,0.4087310554977949,0.8900919370212351,0.8556065518342664,0.8452400319678717,0.9890768584922353,0.03041558540026933,-0.464070550950177,False
922,,0.65,0.0,0.2,0.15,0.4087310554977949,0.8900919370212351,0.8557674755274152,0.845528441938959,0.9890768312501541,0.030405807859053856,-0.47670504041030504,False
923,,0.7,0.0,0.15,0.15,0.4087310554977949,0.8900919370212351,0.8556892835991601,0.8454938291797933,0.9890768789237961,0.030365110445589087,-0.4721702159269021,False
924,,0.75,0.0,0.1,0.15,0.4087310554977949,0.8900919370212351,0.8555822288742019,0.8453902030921692,0.9890768857343164,0.030324413032124315,-0.46763539144346566,False
925,,0.75,0.0,0.15,0.1,0.4087310554977949,0.8900919370212351,0.8558020570261298,0.8456573131862384,0.9890768312501541,0.030355332904373596,-0.48480470538702247,False
926,,0.8,0.0,0.05,0.15,0.4087310554977949,0.8900919370212351,0.8554424144847527,0.8452497744839975,0.9890768857343164,0.03028371561865957,-0.4631005669600493,False
927,,0.8,0.0,0.1,0.1,0.4087310554977949,0.8900919370212351,0.8557424832576802,0.8456455087611987,0.9890768584922353,0.03031463549090886,-0.48026988090360756,False
928,,0.85,0.0,0.05,0.1,0.4087310554977949,0.8900919370212351,0.8556490777776659,0.8455234961425004,0.9890768857343164,0.030273938077444072,-0.4757350564201772,False
929,,0.65,0.0,0.0,0.35,0.4087148550767271,0.8917678581557047,0.8529744520310156,0.841834073916077,0.9890770083236817,0.030282128370056748,-0.40802778463609957,False
930,,0.45,0.0,0.15,0.4,0.4087148550767271,0.8917348954184922,0.8534500900797273,0.8423067349431145,0.98907696746056,0.03041399815166653,-0.4089977686262246,False
931,,0.5,0.0,0.15,0.35,0.4087148550767271,0.8917348954184922,0.8541200106370819,0.843291828969358,0.98907696746056,0.030404220610451015,-0.42163225808634,False
932,,0.55,0.0,0.1,0.35,0.4087148550767271,0.8917348954184922,0.8537866940354668,0.8428338629128964,0.98907696746056,0.030363523196986254,-0.4170974336029365,False
933,,0.15,0.4,0.1,0.35,0.4086519692064461,0.907340180327507,0.8722444954880193,0.8610610044008981,0.9941726123643906,0.03424090939168891,-0.45631347627384655,False
934,,0.05,0.35,0.05,0.55,0.4086186339971035,0.8969768092252179,0.8691833602170268,0.8573214865248394,0.9939829257532061,0.03375464886874818,-0.3963386886160227,False
935,,0.0,0.85,0.0,0.15,0.4085625964063252,0.9100572865743636,0.8379183412952306,0.8345608881060197,0.9941051405398535,0.03848246386893815,-0.5418998331523213,False
936,,0.15,0.85,0.0,0.0,0.4085463959852572,0.9259974763901548,0.8647270648305113,0.8585422072549845,0.9941689142518718,0.03845313124529169,-0.5798033015327309,False
937,,0.1,0.9,0.0,0.0,0.4085463959852572,0.9158603624792442,0.8585722172714583,0.8545271625473659,0.9941626213311217,0.03893780451962994,-0.5847053068665848,False
938,,0.0,0.0,0.75,0.25,0.4084963523184164,0.8771907094553767,0.855778521269119,0.8441418464484586,0.9890725338118496,0.03087303448959719,-0.5013191308076891,False
939,,0.05,0.05,0.1,0.8,0.4084284885671213,0.8723342915521263,0.868923941164762,0.857801657429755,0.993724125982094,0.03093619434226431,-0.3082890337955846,False
940,,0.45,0.35,0.15,0.05,0.4082926901256991,0.9118500605577124,0.8803798840469792,0.8693936633530209,0.9939762105801978,0.03373826828352286,-0.5317532321842169,False
941,,0.2,0.35,0.2,0.25,0.4082926901256991,0.9116748495519356,0.8749343672502551,0.8656774529596943,0.9939749165813422,0.03381807586184957,-0.4857500988270973,False
942,,0.35,0.3,0.3,0.05,0.4082926901256991,0.9073556770697712,0.8793798867653723,0.868715818428537,0.9939361510998377,0.03337568724957862,-0.5404557003006132,False
943,,0.35,0.3,0.25,0.1,0.4082597273884866,0.9042099279071244,0.8773485867841777,0.8670033166145656,0.9939427300624402,0.03334476737732935,-0.5232863863570592,False
944,,0.4,0.3,0.25,0.05,0.4082597273884866,0.9042099279071244,0.8791678123609062,0.8685077427588072,0.9939374859618151,0.033334989836113854,-0.5359208758171887,False
945,,0.25,0.3,0.2,0.25,0.4082597273884866,0.90408951056861,0.8742934183459812,0.8654256553150335,0.9939442147558639,0.03333340258751104,-0.4808480934932424,False
946,,0.3,0.3,0.2,0.2,0.4082597273884866,0.90408951056861,0.8750062619549785,0.8663620611405983,0.9939442147558639,0.03332362504629554,-0.4934825829533638,False
947,,0.05,0.3,0.3,0.35,0.4082597273884866,0.902601025145075,0.8736683679316489,0.8644381439827027,0.9939415450319093,0.03343435249687154,-0.4646487635398059,False
948,,0.05,0.3,0.4,0.25,0.4082597273884866,0.9012524045847384,0.8748274099761019,0.8660836715020487,0.9939361510998377,0.033496192241370085,-0.4989873914269257,False
949,,0.2,0.3,0.35,0.15,0.4082597273884866,0.9012362041636706,0.8767103997382674,0.8664377828460152,0.9939361510998377,0.03343593974547435,-0.519721545863767,False
950,,0.1,0.3,0.35,0.25,0.4082597273884866,0.9011840957049472,0.8747247068606431,0.8658888090151361,0.9939413952004629,0.033455494827905316,-0.4944525669434946,False
951,,0.2,0.3,0.3,0.2,0.4082597273884866,0.9011678952838794,0.8753969776266001,0.8666615042894839,0.9939415041687876,0.03340501987322508,-0.5025522319202019,False
952,,0.25,0.3,0.3,0.15,0.4082597273884866,0.9011678952838794,0.8766526618934122,0.8677965263808027,0.9939387254765083,0.0333952423320096,-0.5151867213803514,False
953,,0.0,0.25,0.5,0.25,0.4082597273884866,0.8984203672147724,0.875309113995498,0.8661660807087602,0.9939093789445682,0.03309291379396291,-0.5031550350598968,False
954,,0.15,0.25,0.45,0.15,0.4082597273884866,0.8983358579139132,0.8764909258079483,0.8665716533124708,0.9939126684258694,0.03303266129806718,-0.5238891894967482,False
955,,0.2,0.25,0.45,0.1,0.4082597273884866,0.8983358579139132,0.8774668996924556,0.8674428982783794,0.9939101076702395,0.033022883756851695,-0.5365236789568864,False
956,,0.05,0.25,0.5,0.2,0.4082597273884866,0.896970475037432,0.875806798685066,0.8658777784643767,0.9939087728082622,0.03308313625274741,-0.5157895245200367,False
957,,0.25,0.25,0.5,0.0,0.4082597273884866,0.8941411228760052,0.8802871397076335,0.870024433492454,0.9939087319451404,0.03304402608788548,-0.5663274823605744,False
958,,0.1,0.15,0.6,0.15,0.4082597273884866,0.8938933980747812,0.8770535221465876,0.8671909017723857,0.9938520820373481,0.03218540698978609,-0.5276896522792907,False
959,,0.0,0.2,0.55,0.25,0.4082597273884866,0.8938763339554636,0.8759635957968275,0.8660355086795021,0.9938839961354383,0.03264893793308909,-0.5027878542094517,False
960,,0.05,0.15,0.6,0.2,0.4082597273884866,0.8909376630118158,0.8768942894498433,0.8670791294317814,0.9938507471753708,0.032195184531001585,-0.5150551628191449,False
961,,0.2,0.15,0.65,0.0,0.4082597273884866,0.8820470278200584,0.878116092609787,0.8685815107335162,0.9938545202036128,0.03219677177960442,-0.5701279451431054,False
962,,0.05,0.3,0.25,0.4,0.4082597273884865,0.9056056968451373,0.8724639476413505,0.8619342902998608,0.9939375404459774,0.03340343262462224,-0.4474794495962452,False
963,,0.15,0.3,0.2,0.35,0.4082597273884865,0.9041036962090736,0.8730354461214155,0.8635003202984228,0.9939375404459774,0.03335295766994203,-0.45557911457296774,False
964,,0.2,0.3,0.15,0.35,0.4082597273884865,0.9041036962090736,0.8724804983625783,0.8622148192103682,0.9939375404459774,0.03331226025647725,-0.4510442900895465,False
965,,0.1,0.3,0.25,0.35,0.4082597273884865,0.90408503710065,0.873413954757338,0.8640755718615738,0.9939440785454581,0.033393655083406755,-0.4601139390563861,False
966,,0.1,0.2,0.4,0.3,0.4082597273884865,0.8966574199077285,0.8751591852491774,0.8661672952955048,0.9938813536535649,0.032536623233910274,-0.4765488912990552,False
967,,0.05,0.15,0.25,0.55,0.4082597273884865,0.8960993335761764,0.8712351298717895,0.8603957230105899,0.9938495212817181,0.03197874542525668,-0.3948699652142581,False
968,,0.05,0.05,0.05,0.85,0.4082396074953386,0.8678442635438198,0.8681708496056932,0.856893421788616,0.9937240442558506,0.030905274470015037,-0.29111971985203167,False
969,,0.05,0.05,0.0,0.9,0.4082396074953386,0.8588649206614778,0.8677046714570728,0.8563925777640037,0.9937307185657371,0.03087435459776574,-0.27395040590847475,False
970,,0.65,0.25,0.1,0.0,0.4081914185086954,0.9042099279071244,0.8777164665049675,0.867635725735862,0.99391547436023,0.032718446780167394,-0.5300488864931916,False
971,,0.45,0.25,0.3,0.0,0.4081914185086954,0.9012742355147886,0.8786297119348527,0.8683223584443186,0.9939147115819572,0.03288123643402643,-0.5481881844268729,False
972,,0.5,0.25,0.25,0.0,0.4081914185086954,0.9012059266349972,0.8783319514906954,0.8681647666198358,0.9939127910152348,0.03284053902056168,-0.5436533599434621,False
973,,0.35,0.25,0.25,0.15,0.4081914185086954,0.8997012407903945,0.8760229127097229,0.8673518404418046,0.9939146434767543,0.03286987164420814,-0.5057498915630609,False
974,,0.4,0.25,0.2,0.15,0.4081914185086954,0.8997012407903945,0.8757630127842347,0.8671579885828797,0.9939140577720091,0.03282917423074339,-0.5012150670796343,False
975,,0.6,0.15,0.25,0.0,0.4081914185086954,0.8966265472331097,0.8776395807159478,0.8679175577180931,0.9938521773846322,0.03187119247188632,-0.5338493492757352,False
976,,0.25,0.2,0.35,0.2,0.4081914185086954,0.8951572075310856,0.8759305285978517,0.8673071405492163,0.9938839688933572,0.032476370738014536,-0.4972830457359063,False
977,,0.3,0.2,0.35,0.15,0.4081914185086954,0.8951572075310856,0.8763926298029533,0.8665348616050376,0.9938891857519012,0.032466593196799065,-0.5099175351960431,False
978,,0.05,0.15,0.5,0.3,0.4081914185086954,0.8937199753284248,0.8759435457742569,0.8671454173426117,0.9938508425226549,0.03213334478650304,-0.48071653493204114,False
979,,0.05,0.1,0.6,0.25,0.4081914185086954,0.8922129060784558,0.8769418195614964,0.8668274845577151,0.9937813207315098,0.03172028879787815,-0.497518668025144,False
980,,0.4,0.1,0.45,0.05,0.4081914185086954,0.88902348002863,0.8774571690636891,0.8676629491478286,0.9937892073140084,0.03155908639262192,-0.5344521524154215,False
981,,0.3,0.1,0.55,0.05,0.4081914185086954,0.8876961285032666,0.877441624613069,0.8677374212182181,0.9937852299701576,0.03164048121955143,-0.543521801382264,False
982,,0.15,0.05,0.6,0.2,0.4081914185086954,0.8875214793925663,0.8771296779452322,0.8673130417212042,0.9937211157321248,0.031225837982326095,-0.5052511521514207,False
983,,0.3,0.05,0.55,0.1,0.4081914185086954,0.8875214793925663,0.8772479840294756,0.8676401303613763,0.9937199443226346,0.031165585486430343,-0.5259853065882626,False
984,,0.25,0.15,0.6,0.0,0.4081914185086954,0.8864164119686668,0.8781122260423029,0.8685961562082968,0.9938545610667345,0.03215607436613965,-0.5655931206596865,False
985,,0.45,0.05,0.5,0.0,0.4081914185086954,0.8860877876362939,0.8776405880370055,0.8682040005950252,0.9937199034595128,0.031105332990534612,-0.5467194610251147,False
986,,0.2,0.1,0.6,0.1,0.4081914185086954,0.8847224047598128,0.8773661071731171,0.8676086028069375,0.9937851346228735,0.031690956174231684,-0.5354221364055551,False
987,,0.5,0.3,0.0,0.2,0.4081914185086953,0.9056224591612816,0.8739534990884615,0.8651001082124701,0.9939388753079547,0.033160835392436534,-0.47534328501967804,False
988,,0.3,0.3,0.15,0.25,0.4081914185086953,0.9055541502814904,0.8740413106455873,0.8651845393890688,0.9939442147558639,0.03329270517404628,-0.476313269009805,False
989,,0.35,0.3,0.1,0.25,0.4081914185086953,0.9055541502814904,0.873728799974941,0.8647771920157393,0.9939440785454581,0.03325200776058152,-0.47177844452638673,False
990,,0.3,0.3,0.1,0.3,0.4081914185086953,0.905537387965346,0.8730199388986007,0.8636700324569283,0.9939381806348849,0.033261785301797006,-0.45914395506625805,False
991,,0.65,0.25,0.0,0.1,0.4081914185086953,0.9025995722595472,0.8756803913137661,0.8672649778893631,0.9939181849473063,0.03265660703566884,-0.49571025860609375,False
992,,0.35,0.25,0.2,0.2,0.4081914185086953,0.90107891251506,0.8750836122396558,0.8664121778672285,0.9939140577720091,0.03283895177195888,-0.48858057761950435,False
993,,0.1,0.2,0.2,0.5,0.4081914185086953,0.9010597667935494,0.871262068821933,0.860442823804849,0.993882729378664,0.03241294374491318,-0.40787163552483396,False
994,,0.2,0.2,0.1,0.5,0.4081914185086953,0.8997130430254918,0.8709365265661096,0.859971519265547,0.9938880279634514,0.03233154891798366,-0.3988019865579835,False
995,,0.25,0.2,0.05,0.5,0.4081914185086953,0.8997130430254918,0.8708003837446702,0.8597762143384619,0.9938880688265732,0.032290851504518894,-0.3942671620745637,False
996,,0.25,0.05,0.35,0.35,0.4081914185086953,0.8994535159891703,0.8760014959490716,0.8669737528374861,0.993721354100335,0.031051683538648744,-0.44467356135391156,False
997,,0.1,0.2,0.35,0.35,0.4081914185086953,0.8981240744012133,0.8746037882624033,0.8654055709546858,0.9938826067892987,0.032505703361661024,-0.4593795773554946,False
998,,0.15,0.2,0.35,0.3,0.4081914185086953,0.8980911116640009,0.8749511260834342,0.8659112652327758,0.993881380895646,0.03249592582044552,-0.47201406681563596,False
999,,0.2,0.2,0.3,0.3,0.4081914185086953,0.8980911116640009,0.8748842927644093,0.8658393860528802,0.9938788065189755,0.03245522840698076,-0.46747924233220584,False
1000,,0.2,0.2,0.35,0.25,0.4081914185086953,0.8980911116640009,0.875371691207481,0.8666176964820957,0.9938813536535649,0.03248614827923005,-0.48464855627576187,False
1001,,0.25,0.2,0.3,0.25,0.4081914185086953,0.8980911116640009,0.8752588544226064,0.8665160027309611,0.9938814353798084,0.032445450865765266,-0.48011373179235606,False
1002,,0.75,0.1,0.15,0.0,0.4081914185086953,0.8980018355524093,0.8775925842950407,0.867770822521164,0.9938060292991308,0.03130512437061787,-0.5198776949750208,False
1003,,0.45,0.15,0.3,0.1,0.4081914185086953,0.8965705272015032,0.8769138675655731,0.8669027943073373,0.9938508561436954,0.03193144496778205,-0.5131151948388828,False
1004,,0.5,0.15,0.25,0.1,0.4081914185086953,0.8965705272015032,0.8768802019422713,0.8668971991175012,0.9938508561436954,0.031890747554317284,-0.5085803703554688,False
1005,,0.55,0.15,0.25,0.05,0.4081914185086953,0.8965705272015032,0.8773094808936209,0.8674636449596372,0.9938521910056728,0.031880970013101806,-0.5212148598156022,False
1006,,0.6,0.15,0.2,0.05,0.4081914185086953,0.8965705272015032,0.8772072507246753,0.8673545639014817,0.9938508561436954,0.031840272599637044,-0.5166800353321761,False
1007,,0.65,0.15,0.15,0.05,0.4081914185086953,0.8965705272015032,0.8770836359662996,0.8672817554114891,0.9938522046267133,0.031799575186172296,-0.5121452108487532,False
1008,,0.7,0.15,0.15,0.0,0.4081914185086953,0.8965705272015032,0.8775083351658564,0.867705424040831,0.9938534713834878,0.03178979764495678,-0.524779700308893,False
1009,,0.75,0.15,0.1,0.0,0.4081914185086953,0.8965705272015032,0.8774110356149113,0.8675916311634847,0.9938548675401476,0.03174910023149205,-0.5202448758254696,False
1010,,0.05,0.1,0.5,0.35,0.4081914185086953,0.8951356784042085,0.8759946511649288,0.8669538413712374,0.9937946829723235,0.03165844905337962,-0.4631800401380364,False
1011,,0.4,0.15,0.45,0.0,0.4081914185086953,0.8937921264577774,0.8779416746241877,0.8683499331280241,0.9938520411742263,0.03203398212574537,-0.5519886472094233,False
1012,,0.4,0.15,0.35,0.1,0.4081914185086953,0.8936528234896559,0.8771512621701164,0.8672421784229541,0.9938521365215104,0.03197214238124683,-0.5176500193223075,False
1013,,0.2,0.1,0.5,0.2,0.4081914185086953,0.8921283967775967,0.8771043497700538,0.8670315356986836,0.9937893026612925,0.03162911642973315,-0.5010835085184386,False
1014,,0.25,0.1,0.5,0.15,0.4081914185086953,0.8921283967775967,0.8772568420044039,0.8673949720819181,0.99378784520995,0.03161933888851766,-0.5137179979785697,False
1015,,0.2,0.1,0.55,0.15,0.4081914185086953,0.8921283967775966,0.877285780596961,0.8674316560157218,0.993782560246203,0.03166003630198242,-0.518252822462002,False
1016,,0.45,0.1,0.4,0.05,0.4081914185086953,0.8920655126518753,0.8775213236161387,0.8677995240709468,0.9937932936261838,0.031518388979157166,-0.5299173279319966,False
1017,,0.45,0.1,0.45,0.0,0.4081914185086953,0.8920655126518751,0.8776603964436847,0.868188021941979,0.9937905557970264,0.03154930885140644,-0.5470866418755583,False
1018,,0.6,0.05,0.25,0.1,0.4081914185086953,0.8919249833194094,0.8771636805404396,0.8673926395737779,0.9937212451320103,0.030921401005641783,-0.4987763596877388,False
1019,,0.65,0.05,0.25,0.05,0.4081914185086953,0.8919249833194094,0.8772835689171953,0.8677336077600784,0.9937212383214901,0.030911623464426274,-0.5114108491478659,False
1020,,0.7,0.05,0.2,0.05,0.4081914185086953,0.8919249833194094,0.8772561382637476,0.8676809507615476,0.993722539130866,0.030870926050961523,-0.5068760246644504,False
1021,,0.75,0.05,0.2,0.0,0.4081914185086953,0.8919249833194094,0.8773040525206415,0.8678378984249846,0.9937225459413862,0.030861148509746045,-0.5195105141245882,False
1022,,0.3,0.15,0.55,0.0,0.4081914185086953,0.8907555185886019,0.8780616171291272,0.8685318897682928,0.9938533215520413,0.032115376952674905,-0.5610582961762627,False
1023,,0.35,0.15,0.5,0.0,0.4081914185086953,0.8907555185886019,0.8780705199221824,0.8684853775961048,0.9938532943099602,0.03207467953921012,-0.5565234716928458,False
1024,,0.1,0.05,0.6,0.25,0.4081914185086953,0.8889533828894179,0.8768902503020227,0.8669217006321802,0.9937198421648301,0.03123561552354158,-0.4926166626912921,False
1025,,0.5,0.15,0.2,0.15,0.4081914185086953,0.9009375279447454,0.876658762872722,0.8679127878950659,0.9938522318687945,0.03185982768206802,-0.4914110564119143,False
1026,,0.7,0.1,0.05,0.15,0.4081914185086953,0.899487635767405,0.8764841717680006,0.8677630952875192,0.9938121860094751,0.031253062167334804,-0.4729045776277846,False
1027,,0.7,0.1,0.1,0.1,0.4081914185086953,0.899487635767405,0.8771918480648022,0.8684792181476625,0.9938081201288604,0.031283982039584074,-0.49007389157133874,False
1028,,0.75,0.1,0.0,0.15,0.4081914185086953,0.899487635767405,0.876085938674314,0.8675806290175835,0.9938121860094751,0.031212364753870042,-0.4683697531443487,False
1029,,0.75,0.1,0.05,0.1,0.4081914185086953,0.899487635767405,0.8771271200733773,0.8684632956054359,0.9938146514178209,0.031243284626119323,-0.48553906708791106,False
1030,,0.8,0.1,0.0,0.1,0.4081914185086953,0.899487635767405,0.8767922254078733,0.8681274380788797,0.9938148012492674,0.03120258721265457,-0.4810042426044908,False
1031,,0.8,0.1,0.05,0.05,0.4081914185086953,0.899487635767405,0.8772815758128519,0.8686525103549267,0.9938094549908378,0.031233507084903835,-0.49817355654804396,False
1032,,0.85,0.1,0.0,0.05,0.4081914185086953,0.899487635767405,0.8771656677317544,0.8686552931984182,0.9938148557334296,0.03119280967143906,-0.49363873206461983,False
1033,,0.4,0.2,0.15,0.25,0.4081914185086953,0.8980749112429329,0.8747379188192516,0.8658843407082762,0.9938847044295488,0.03232335862537099,-0.466509258342071,False
1034,,0.5,0.2,0.1,0.2,0.4081914185086953,0.8980749112429329,0.8749916517158699,0.8664037991000116,0.993888109689695,0.032272883670690734,-0.47460892331879445,False
1035,,0.2,0.1,0.45,0.25,0.4081914185086953,0.8980360246539658,0.8769149278186249,0.868030656221925,0.9937934025945085,0.03159819655748388,-0.4839141945748896,False
1036,,0.4,0.1,0.35,0.15,0.4081914185086953,0.898019824232898,0.8772140533229059,0.8671571006930312,0.9937987284213773,0.031497246648123395,-0.5001135245283046,False
1037,,0.45,0.1,0.3,0.15,0.4081914185086953,0.898019824232898,0.8772746220125188,0.8681487242072473,0.9938000632833546,0.03145654923465861,-0.49557870004488025,False
1038,,0.45,0.1,0.35,0.1,0.4081914185086953,0.898019824232898,0.8773686029997456,0.8674494020135426,0.9937973458857579,0.031487469106907896,-0.5127480139884406,False
1039,,0.5,0.1,0.3,0.1,0.4081914185086953,0.898019824232898,0.8773323938343981,0.8674583939474085,0.9937987420424178,0.03144677169344313,-0.5082131895050258,False
1040,,0.55,0.1,0.25,0.1,0.4081914185086953,0.898019824232898,0.877237906476413,0.8672255618409185,0.993801425387413,0.03140607427997837,-0.5036783650216001,False
1041,,0.55,0.1,0.3,0.05,0.4081914185086953,0.898019824232898,0.8775461573977621,0.867696744393522,0.9937986194530526,0.03143699415222765,-0.5208476789651517,False
1042,,0.6,0.1,0.25,0.05,0.4081914185086953,0.898019824232898,0.8774136025445123,0.8675733627635069,0.9938013709032507,0.03139629673876288,-0.5163128544817364,False
1043,,0.8,0.1,0.1,0.0,0.4081914185086953,0.8979856351313414,0.8775520543902833,0.8676872113583357,0.9938067648353223,0.03126442695715312,-0.5153428704916037,False
1044,,0.85,0.1,0.05,0.0,0.4081914185086953,0.8979856351313414,0.877368139502137,0.867623895462249,0.9938107421791731,0.031223729543688343,-0.5108080460081781,False
1045,,0.5,0.1,0.1,0.3,0.4081914185086953,0.8979515153531068,0.8750859124023431,0.8658510066382671,0.9938095026644799,0.03132309220444602,-0.43953593373079536,False
1046,,0.6,0.1,0.05,0.25,0.4081914185086953,0.8979515153531068,0.8755351088400617,0.8663775897558614,0.9938108647685383,0.03127261724976578,-0.4476355987075049,False
1047,,0.15,0.1,0.5,0.25,0.4081914185086953,0.8966023328976934,0.8770636948703752,0.8677163187208673,0.9937907056284727,0.031638893970948656,-0.48844901905830695,False
1048,,0.45,0.1,0.25,0.2,0.4081914185086953,0.8965699320555578,0.8768401321470982,0.8679798939194263,0.9938047353002751,0.031425629362409356,-0.47840938610132455,False
1049,,0.5,0.1,0.25,0.15,0.4081914185086953,0.8965699320555578,0.8772824620409634,0.8684914090985104,0.9938053073839798,0.03141585182119385,-0.49104387556146833,False
1050,,0.8,0.15,0.05,0.0,0.4081914185086953,0.8965543267804352,0.877209740646988,0.8674949036240195,0.9938535667307719,0.03170840281802728,-0.5157100513420445,False
1051,,0.0,0.05,0.55,0.4,0.4081914185086953,0.8965289554039968,0.876185723189086,0.8670095532360675,0.9937186503237789,0.0312242507337233,-0.45017836982745985,False
1052,,0.4,0.05,0.3,0.25,0.4081914185086953,0.8965178235968343,0.8764725946914859,0.8678119582419167,0.9937213336687741,0.030991431042753,-0.46540771579075935,False
1053,,0.1,0.05,0.5,0.35,0.4081914185086953,0.8964959926667844,0.8764420102402382,0.867469573888744,0.9937186503237789,0.031173775779043015,-0.4582780348041785,False
1054,,0.25,0.05,0.45,0.25,0.4081914185086953,0.8964276837869931,0.8769778381264407,0.8682762020044847,0.9937185685975355,0.031113523283147294,-0.4790121892410114,False
1055,,0.5,0.1,0.35,0.05,0.4081914185086953,0.8949832163637226,0.8775338168437108,0.8676919794777687,0.9937973186436767,0.03147769156569239,-0.5253825034485815,False
1056,,0.1,0.7,0.1,0.1,0.4080925919819937,0.9209394541672422,0.8719813486989498,0.8635757843085224,0.994174716815161,0.037100061331637874,-0.5488979555777033,False
1057,,0.25,0.65,0.05,0.05,0.4080925919819937,0.9208524861790272,0.8745657846032069,0.8659890608531045,0.9941764330662747,0.03656491310262004,-0.5520956152205516,False
1058,,0.05,0.7,0.2,0.05,0.4080925919819937,0.9182086884142798,0.8722717958376,0.8632578046170347,0.994174669141519,0.03717167861735193,-0.5706020940046856,False
1059,,0.1,0.65,0.2,0.05,0.4080925919819937,0.9165334222297216,0.8744097935745995,0.8647455935556698,0.9941763853926326,0.03668700534301432,-0.5657000886708163,False
1060,,0.15,0.65,0.15,0.05,0.4080925919819937,0.9165334222297216,0.8744463016541191,0.8646637849667119,0.9941763990136732,0.03664630792954956,-0.5611652641873928,False
1061,,0.1,0.65,0.25,0.0,0.4080925919819937,0.9122323469609044,0.8739918406453082,0.8649350378443691,0.9941763853926326,0.03671792521526361,-0.5828694026143802,False
1062,,0.05,0.65,0.25,0.05,0.4080925919819937,0.9107483350053294,0.8742419443925202,0.8647061950649694,0.9941763853926326,0.03672770275647904,-0.570234913154247,False
1063,,0.0,0.65,0.25,0.1,0.4080925919819937,0.9092463343692656,0.8743743272252057,0.8645258501397813,0.9941763853926326,0.036737480297694546,-0.557600423694107,False
1064,,0.0,0.55,0.2,0.25,0.4080925919819937,0.9089907857274164,0.878047476521345,0.8669404310367724,0.9941778973281375,0.035756768959201116,-0.5053581201625595,False
1065,,0.0,0.55,0.15,0.3,0.4080925919819937,0.9089554395848376,0.876494231335221,0.8638323751753757,0.9941778973281375,0.03572584908695183,-0.4881888062189954,False
1066,,0.1,0.55,0.1,0.25,0.4080925919819937,0.9089386772686932,0.8769735032598993,0.8646798898480113,0.9941778973281375,0.03567537413227163,-0.49628847119570274,False
1067,,0.15,0.6,0.0,0.25,0.4080925919819937,0.9061093251072664,0.8739934524725171,0.8616733981484676,0.9941778837070969,0.036078652579678926,-0.49212082756273845,False
1068,,0.1,0.6,0.3,0.0,0.4080925919819937,0.9034953669231082,0.875954037079893,0.8663986977315982,0.994177815601894,0.0362739493543901,-0.5825022217639334,False
1069,,0.0,0.7,0.1,0.2,0.4080925919819937,0.9196183976201284,0.8701490284297722,0.859194209443217,0.9941747372467219,0.03711961641406884,-0.5236289766574374,False
1070,,0.35,0.6,0.0,0.05,0.4080925919819937,0.9163464842708364,0.8764568470742264,0.8674450009379648,0.9941778837070969,0.03603954241481696,-0.5426587854032644,False
1071,,0.1,0.65,0.05,0.2,0.4080925919819937,0.9135917359674504,0.8723205577880158,0.86098411589295,0.9941764534978356,0.0365942457262665,-0.5141921468401494,False
1072,,0.15,0.65,0.0,0.2,0.4080925919819937,0.9135917359674504,0.8720643828507583,0.8605776217066873,0.9941764534978356,0.036553548312801755,-0.5096573223567351,False
1073,,0.1,0.55,0.35,0.0,0.4080763915609258,0.9079660226887204,0.877899943483656,0.867787582503251,0.9941778292229346,0.03582997349351795,-0.5821350409134913,False
1074,,0.25,0.45,0.3,0.0,0.4080596292447812,0.9105517601966784,0.8815970975885207,0.8702647597442218,0.9941843400803342,0.034819929531378024,-0.5677962057623498,False
1075,,0.4,0.4,0.1,0.1,0.4080596292447812,0.9103845631052496,0.8812405714117427,0.8711287866934969,0.9941725919328297,0.03419202168561146,-0.5194859235745206,False
1076,,0.45,0.4,0.05,0.1,0.4080596292447812,0.9103845631052496,0.8809699156967973,0.8708874968509216,0.9941739199842867,0.034151324272146684,-0.514951099091103,False
1077,,0.1,0.45,0.15,0.3,0.4080596292447812,0.9102752775738976,0.8782465549006281,0.8654237168884542,0.9941844081855371,0.03475650253827662,-0.47838479555127056,False
1078,,0.0,0.5,0.2,0.3,0.4080596292447812,0.9088466544315308,0.8789277815381008,0.8661024114154549,0.9941842311120095,0.03528187322607811,-0.4878216253685602,False
1079,,0.05,0.5,0.15,0.3,0.4080596292447812,0.9088466544315308,0.8783353075398977,0.8653258978882112,0.9941842311120095,0.03524117581261333,-0.48328680088513376,False
1080,,0.4,0.35,0.25,0.0,0.4080596292447812,0.9104144720091611,0.8813631136484804,0.8701288447686125,0.9939735272352025,0.03380988556923689,-0.5534573706111894,False
1081,,0.45,0.35,0.2,0.0,0.4080596292447812,0.9103461631293698,0.8811352008435688,0.8701211667618458,0.9939735272352025,0.033769188155772144,-0.5489225461277689,False
1082,,0.5,0.35,0.15,0.0,0.4080596292447812,0.9103461631293698,0.8810130599206552,0.8700138819846661,0.9939748212340581,0.033728490742307354,-0.5443877216443476,False
1083,,0.25,0.5,0.2,0.05,0.4080434288237133,0.9119524892157382,0.8807182614026849,0.8692453572206356,0.9941841766278472,0.035232985520000634,-0.5509940726692312,False
1084,,0.4,0.45,0.05,0.1,0.4080434288237133,0.9118512175987344,0.8818914288918646,0.8711171259352671,0.9941844081855371,0.03463599754648519,-0.5198531044249651,False
1085,,0.45,0.45,0.1,0.0,0.4080434288237133,0.913350834829432,0.8820276190881617,0.8701952903101229,0.9941843673224153,0.034657139877518985,-0.5496569078286534,False
1086,,0.05,0.4,0.3,0.25,0.4077866419348079,0.908916189675666,0.8791898853418665,0.8686030106673985,0.9941725715012689,0.03438414396311698,-0.49972175312780354,False
1087,,0.1,0.35,0.25,0.3,0.4077866419348079,0.9087745033021782,0.8739637061868261,0.8646008216391259,0.9939728325621328,0.03386855081652981,-0.47765043385038874,False
1088,,0.35,0.0,0.6,0.05,0.4077351030526225,0.885891558781702,0.8559968876811541,0.8445904440493889,0.9890722273384364,0.030711832084340973,-0.5382526151979685,False
1089,,0.4,0.0,0.6,0.0,0.4077351030526225,0.885891558781702,0.8562402802214855,0.8450930211498842,0.9890721456121929,0.030702054543125485,-0.550887104658089,False
1090,,0.45,0.0,0.55,0.0,0.4077351030526225,0.885891558781702,0.8562623519200376,0.8450188520954621,0.9890722273384364,0.030661357129660706,-0.5463522801746739,False
1091,,0.25,0.3,0.35,0.1,0.4077329374998573,0.9039678731470528,0.8782550400711288,0.8676143939934128,0.9939361510998377,0.03342616220425887,-0.5323560353239045,False
1092,,0.25,0.3,0.45,0.0,0.4077138434601539,0.9030875645381664,0.8816551869925491,0.87110589592192,0.9939362192050406,0.033488001948757416,-0.5666946632110068,False
1093,,0.0,0.4,0.2,0.4,0.4077138434601539,0.908791860764268,0.87160540309881,0.8605765650409017,0.9941117944181793,0.03433208175983391,-0.4527486357805597,False
1094,,0.2,0.35,0.35,0.1,0.4077138434601539,0.907497363443259,0.8805293083504492,0.8694240176553664,0.9939695226492706,0.0339108354785974,-0.5372580406577656,False
1095,,0.05,0.4,0.15,0.4,0.4077138434601539,0.9058001483403256,0.871354187448895,0.8601567675572098,0.9941117944181793,0.03429138434636915,-0.44821381129713556,False
1096,,0.1,0.3,0.4,0.2,0.4077048857210294,0.9000896461290857,0.8758239570568915,0.8666144110584575,0.9939361510998377,0.03348641470015458,-0.511621880887054,False
1097,,0.75,0.05,0.0,0.2,0.4076853703178041,0.8935659307834305,0.8758058661006646,0.8671888061873877,0.9937267276008458,0.030737469020748948,-0.4508332583503518,False
1098,,0.05,0.35,0.15,0.45,0.4076805082508112,0.9042247086935336,0.8709470854992398,0.8596194223503224,0.9939722468573876,0.03381648861324675,-0.43067731650313335,False
1099,,0.0,0.0,0.25,0.75,0.4076549250646681,0.8701251368992443,0.8501175345055715,0.8368465476239291,0.9890770083236817,0.030563835767104437,-0.3296259913721289,False
1100,,0.1,0.0,0.15,0.75,0.4076549250646681,0.8670309958172758,0.8498355521021737,0.8364947658648464,0.9890770083236817,0.030482440940174937,-0.32055634240528663,False
1101,,0.55,0.35,0.05,0.05,0.4076447627041134,0.908865205007096,0.8797490142668358,0.8702718444072757,0.9939762310117586,0.03365687345659335,-0.5226835832173615,False
1102,,0.35,0.2,0.3,0.15,0.4076365768412382,0.8954443412527733,0.8762859266771693,0.8673002899834328,0.9938891993729417,0.03242589578333429,-0.5053827107126176,False
1103,,0.2,0.2,0.4,0.2,0.4076365768412382,0.8940106494965009,0.876109567283137,0.8674526506087574,0.993884009756479,0.032517068151479284,-0.5018178702193171,False
1104,,0.3,0.1,0.4,0.2,0.4076365768412381,0.8983069579545855,0.8772945457064835,0.8684744213699415,0.9937973799383594,0.03154772160280362,-0.4920138595515996,False
1105,,0.9,0.1,0.0,0.0,0.4076365768412381,0.898272768853029,0.8773160704739775,0.8684701097592167,0.9938158568799127,0.03118303213022361,-0.5062732215247625,False
1106,,0.55,0.15,0.2,0.1,0.4076365768412381,0.8968576609231909,0.8769277169115169,0.8678544165970794,0.9938522046267133,0.031850050140852536,-0.5040455458720359,False
1107,,0.85,0.15,0.0,0.0,0.4076365768412381,0.8968414605021229,0.8770317873864732,0.8681907094679169,0.9938568970751949,0.03166770540456252,-0.5111752268586169,False
1108,,0.1,0.0,0.2,0.7,0.4076195786109012,0.8746720653482648,0.850394346463708,0.8372197271605815,0.9890770083236817,0.030513360812424214,-0.3377256563488419,False
1109,,0.15,0.0,0.15,0.7,0.4076195786109012,0.8716300327250197,0.8502765349506025,0.837059149176786,0.9890770083236817,0.030472663398959435,-0.3331908318654019,False
1110,,0.2,0.0,0.1,0.7,0.4076195786109012,0.8716300327250197,0.8500982090728165,0.8368750590653146,0.9890770083236817,0.030431965985494677,-0.3286560073819884,False
1111,,0.0,0.8,0.1,0.1,0.4075865437911026,0.9184567150186768,0.8676646497536536,0.8599167544146841,0.9941725919328297,0.03806940788031419,-0.5587019662454356,False
1112,,0.05,0.8,0.0,0.15,0.4075865437911026,0.9184567150186768,0.8648774375307868,0.8543355057934003,0.9941726123643906,0.03799779059460018,-0.5369978278184614,False
1113,,0.0,0.85,0.05,0.1,0.4075865437911026,0.9140873308700684,0.863896084809803,0.8546710295235641,0.9941689346834327,0.038513383741187436,-0.5590691470958775,False
1114,,0.05,0.9,0.0,0.05,0.4075865437911026,0.9140873308700684,0.857783299223332,0.8504053484644445,0.9941626417626825,0.0389475820608454,-0.5720708174064533,False
1115,,0.1,0.8,0.1,0.0,0.4075865437911025,0.9167749966580072,0.8672752251029507,0.8599392406704491,0.9941725442591877,0.0380498527978832,-0.583970945165705,False
1116,,0.0,0.7,0.2,0.1,0.4075701511566724,0.91557753178737,0.8721114932898021,0.8636696826589052,0.9941746759520392,0.0371814561585674,-0.5579676045445515,False
1117,,0.45,0.55,0.0,0.0,0.4075539507356045,0.9151837703968324,0.8784900948532702,0.8686988207789218,0.9941778768965767,0.035545091599264646,-0.5503912695295414,False
1118,,0.0,0.45,0.1,0.45,0.40755358105389,0.9090716237415336,0.8700135896183118,0.8580825231557302,0.9941817384615824,0.03474513774845832,-0.43594650268744006,False
1119,,0.0,0.5,0.35,0.15,0.40755358105389,0.9032676508875342,0.880731657000191,0.8690348793375047,0.9941841630068066,0.035374632842825965,-0.5393295671992269,False
1120,,0.05,0.4,0.05,0.5,0.40755358105389,0.903022904637622,0.8695998834085713,0.8577289264105847,0.9941726123643906,0.0342295446018706,-0.41387518341001894,False
1121,,0.1,0.4,0.0,0.5,0.40755358105389,0.903022904637622,0.869393381888342,0.8573988053661157,0.9941726123643906,0.03418884718840582,-0.40934035892659626,False
1122,,0.3,0.5,0.1,0.1,0.4075373806328222,0.9088658001530414,0.8808541861070823,0.8704207907292703,0.9941842106804486,0.0351613682342866,-0.5292899342422542,False
1123,,0.4,0.5,0.0,0.1,0.4075373806328222,0.908813691694318,0.8802529435795644,0.8697201504756712,0.9941842311120095,0.03507997340735702,-0.5202202852754158,False
1124,,0.3,0.5,0.05,0.15,0.4075373806328222,0.907363799516978,0.8801902427835754,0.8693061952193425,0.9941842311120095,0.035130448362037305,-0.5121206202986901,False
1125,,0.3,0.4,0.2,0.1,0.4075371884194598,0.9077713951588288,0.8818864529646577,0.8715632985359898,0.9941732116901764,0.034273416512540976,-0.5285555725413617,False
1126,,0.0,0.35,0.1,0.55,0.4075206183166776,0.8984788098612815,0.8693468850327112,0.857605583924238,0.9939829257532061,0.03379534628221296,-0.4008735130994484,False
1127,,0.1,0.35,0.0,0.55,0.4075206183166776,0.8969768092252179,0.8690249723560715,0.8569854660055555,0.9939829257532061,0.03371395145528344,-0.39180386413260126,False
1128,,0.0,0.1,0.15,0.75,0.4075197206264349,0.8859130565069855,0.8691387646234955,0.857802932394072,0.9938134255241683,0.03145178748885017,-0.33036035307300593,False
1129,,0.1,0.05,0.0,0.85,0.4073793366068555,0.8663422629077563,0.8680678864675401,0.8567260645611625,0.9937306777026154,0.030864577056550265,-0.286584895368594,False
1130,,0.0,0.05,0.05,0.9,0.4073793366068555,0.8603315751549626,0.8676659669740131,0.8564031117323694,0.9937279943576202,0.030915052011230525,-0.2784852303918889,False
1131,,0.7,0.0,0.05,0.25,0.4072973637415225,0.89468477729866,0.8544276623315158,0.8440101337921614,0.9890769265974382,0.03030327070109054,-0.4378315880397927,False
1132,,0.65,0.0,0.15,0.2,0.4072973637415225,0.8916948531341381,0.8555526115096284,0.8451843704568925,0.9890768857343164,0.03037488798680458,-0.45953572646675067,False
1133,,0.7,0.0,0.1,0.2,0.4072973637415225,0.8916948531341381,0.8549382187539755,0.8447073079109336,0.9890768857343164,0.030334190573339814,-0.4550009019833354,False
1134,,0.9,0.0,0.0,0.1,0.4072973637415225,0.8916319690084166,0.8554955931363234,0.8454612935388283,0.9890768857343164,0.030233240663979317,-0.47120023193676375,False
1135,,0.2,0.4,0.05,0.35,0.4072020770291058,0.9059064885712346,0.8720108363234929,0.860738849432979,0.9941726123643906,0.03420021197822415,-0.4517786517904271,False
1136,,0.15,0.35,0.0,0.5,0.4071687418197632,0.8969034317315212,0.8698322313732617,0.857932008298018,0.9939829257532061,0.03370417391406795,-0.4044383535927466,False
1137,,0.2,0.35,0.0,0.45,0.4071687418197632,0.8969034317315212,0.8704550331562017,0.8588072090348641,0.9939829257532061,0.03369439637285248,-0.41707284305286996,False
1138,,0.0,0.3,0.0,0.7,0.4070979895230405,0.8939460680472325,0.8439218183422796,0.8393726878212403,0.9938858417864376,0.03325861080459136,-0.3489983904183208,False
1139,,0.15,0.5,0.0,0.35,0.4069992639006794,0.9031143323288388,0.8759900777459,0.8622732956292334,0.9941842311120095,0.035128861113434474,-0.45704783797473436,False
1140,,0.2,0.35,0.3,0.15,0.4068589983694267,0.9103647469558038,0.8791061978537908,0.869490386306644,0.9939728461831733,0.03387991560634809,-0.5200887267142069,False
1141,,0.05,0.35,0.35,0.25,0.4068589983694267,0.9102908075670304,0.8758335486983583,0.8664660356794088,0.9939695362703111,0.033940168102243845,-0.4993545722773689,False
1142,,0.25,0.35,0.2,0.2,0.4068589983694267,0.9102249573745952,0.8762193094664859,0.8669808588303809,0.9939749165813422,0.03380829832063408,-0.4983845882872352,False
1143,,0.3,0.35,0.15,0.2,0.4068589983694267,0.9102249573745952,0.8758810481477817,0.8666461499796273,0.9939749165813422,0.03376760090716929,-0.49384976380380663,False
1144,,0.25,0.35,0.15,0.25,0.4068589983694267,0.9102081950584506,0.8745529991332224,0.865315513588616,0.9939709119954102,0.0337773784483848,-0.48121527434367284,False
1145,,0.0,0.35,0.3,0.35,0.4068589983694267,0.9087391571595994,0.8735149824973842,0.8641024265792373,0.9939709119954102,0.03391902577121006,-0.46955076887367597,False
1146,,0.35,0.3,0.35,0.0,0.4068589983694267,0.9073886398069838,0.8808000107691356,0.8703162012862043,0.9939401420647291,0.03340660712182788,-0.557625014244166,False
1147,,0.1,0.35,0.3,0.25,0.4068589983694267,0.9072868062949034,0.8755128011109886,0.8661398312701477,0.9939734863720808,0.033899470688779104,-0.4948197477939388,False
1148,,0.3,0.3,0.35,0.05,0.4068589983694267,0.9059219853134988,0.8798310536341384,0.8691889923725665,0.9939387527185894,0.03341638466304338,-0.5449905247840425,False
1149,,0.3,0.3,0.3,0.1,0.4068260356322142,0.902776236150852,0.8778989117100932,0.867306923706466,0.9939361510998377,0.0333854647907941,-0.5278212108404767,False
1150,,0.15,0.3,0.4,0.15,0.4068260356322142,0.8998025124073982,0.877028974847476,0.8666656903934964,0.9939361510998377,0.033476637158939095,-0.5242563703471909,False
1151,,0.15,0.3,0.35,0.2,0.4068260356322142,0.8997342035276069,0.8757506905672592,0.8669998239476612,0.9939361647208783,0.033445717286689866,-0.5070870564036314,False
1152,,0.15,0.2,0.5,0.15,0.4068260356322142,0.8968338572778497,0.8766668046338275,0.8669204931108779,0.9938852901342939,0.03258868543719335,-0.5235220086462989,False
1153,,0.2,0.2,0.45,0.15,0.4068260356322142,0.895331856641786,0.8765910906133246,0.8667997983413585,0.9938853037553345,0.032547988023728595,-0.5189871841628839,False
1154,,0.15,0.25,0.5,0.1,0.4068260356322142,0.8940347826450961,0.8776967242801136,0.8676378179269301,0.9939119873738402,0.03306358117031644,-0.5410585034402959,False
1155,,0.2,0.2,0.5,0.1,0.4068260356322142,0.8939664737653048,0.8770818437690255,0.8673017013496362,0.9938891312677388,0.03257890789597787,-0.5361564981064402,False
1156,,0.25,0.2,0.5,0.05,0.4068260356322142,0.8939311276227261,0.8776626971376589,0.8678932386411727,0.9938866249962712,0.03256913035476235,-0.5487909875665726,False
1157,,0.15,0.15,0.6,0.1,0.4068260356322142,0.8924267435812963,0.8771391164720351,0.8674493123685574,0.9938520275531857,0.03217562944857062,-0.5403241417394167,False
1158,,0.0,0.2,0.5,0.3,0.4068260356322142,0.8923743333194,0.8753867661239522,0.8665276284608328,0.9938839007881543,0.03261801806083979,-0.48561854026589824,False
1159,,0.0,0.1,0.65,0.25,0.4068260356322142,0.889345522565911,0.8769585415650554,0.866910149287066,0.9937786305759944,0.03176098621134291,-0.50205349250857,False
1160,,0.15,0.15,0.65,0.05,0.4068260356322142,0.8849827202123944,0.8776657024325145,0.8682539197887109,0.9938519049638205,0.0322065493208199,-0.5574934556829769,False
1161,,0.05,0.1,0.7,0.15,0.4068260356322142,0.8819233301270593,0.8773053476481902,0.8675075625885819,0.993782396793716,0.0317821285423767,-0.5318572959122584,False
1162,,0.0,0.3,0.25,0.45,0.4068260356322141,0.9041390423516522,0.8715919721246552,0.860646198193902,0.9939375404459774,0.03341321016583776,-0.43484496013611884,False
1163,,0.1,0.3,0.2,0.4,0.4068260356322141,0.9041036962090736,0.872063072036688,0.8613456470682584,0.9939375404459774,0.033362735211157506,-0.4429446251128304,False
1164,,0.15,0.3,0.15,0.4,0.4068260356322141,0.9041036962090736,0.8718003347761252,0.8609885267609843,0.9939381806348849,0.03332203779769274,-0.4384098006293964,False
1165,,0.0,0.3,0.3,0.4,0.4068260356322141,0.90408503710065,0.8728917617216394,0.8626143173036012,0.9939380716665602,0.033444130038087015,-0.45201427407968264,False
1166,,0.0,0.3,0.2,0.5,0.4068260356322141,0.902689150174312,0.8708301635426838,0.8595970907229572,0.9939368457729075,0.03338229029358848,-0.41767564619257,False
1167,,0.1,0.3,0.15,0.45,0.4068260356322141,0.899753457781976,0.8712103208734756,0.8600940718407285,0.9939504804345329,0.03333181533890824,-0.42577531116927736,False
1168,,0.4,0.2,0.3,0.1,0.406757726752423,0.8966972395182673,0.8766593420447251,0.8667856554220272,0.9938891993729417,0.0324161182421188,-0.5180172001727523,False
1169,,0.45,0.2,0.25,0.1,0.406757726752423,0.8966972395182673,0.8764256510002042,0.8665894231799147,0.9938891993729417,0.032375420828654064,-0.5134823756893285,False
1170,,0.5,0.2,0.25,0.05,0.406757726752423,0.8966618933756886,0.877270410097399,0.8674365661789208,0.9938853582394969,0.03236564328743858,-0.5261168651494601,False
1171,,0.55,0.2,0.25,0.0,0.406757726752423,0.8966618933756886,0.877991782100457,0.868076410698464,0.9938853446184562,0.03235586574622307,-0.5387513546095981,False
1172,,0.6,0.2,0.2,0.0,0.406757726752423,0.8966618933756886,0.8778902895490698,0.8679742504353144,0.9938853991026186,0.03231516833275832,-0.5342165301261752,False
1173,,0.4,0.05,0.5,0.05,0.406757726752423,0.8875214793925663,0.8774396139498583,0.8677336814957095,0.9937199034595128,0.03111511053175008,-0.5340849715649745,False
1174,,0.25,0.1,0.6,0.05,0.406757726752423,0.8862624367469942,0.8774039047838539,0.8679382983592477,0.9937838542450586,0.031681178633016206,-0.5480566258656923,False
1175,,0.15,0.1,0.6,0.15,0.406757726752423,0.8862244053958762,0.8772394752392204,0.8673951934123455,0.993781279868388,0.03170073371544717,-0.5227876469454207,False
1176,,0.2,0.05,0.6,0.15,0.406757726752423,0.8860877876362939,0.87722144849173,0.867502390611385,0.9937205095958188,0.0312160604411106,-0.5178856416115506,False
1177,,0.25,0.05,0.55,0.15,0.406757726752423,0.8860194787565028,0.8772473899806307,0.8675308134616972,0.9937224914572239,0.031175363027645817,-0.5133508171281254,False
1178,,0.3,0.1,0.6,0.0,0.406757726752423,0.8848287449907218,0.8777778905599685,0.8682914468922769,0.9937831118983467,0.03167140109180072,-0.5606911153258167,False
1179,,0.25,0.05,0.6,0.1,0.406757726752423,0.8846540958800214,0.8773027114361495,0.8675904710178192,0.993719862596391,0.031206282899895122,-0.5305201310716929,False
1180,,0.35,0.05,0.55,0.05,0.406757726752423,0.8846540958800214,0.8774737027215708,0.867803254739357,0.9937199034595128,0.03115580794521487,-0.5386197960484042,False
1181,,0.4,0.05,0.55,0.0,0.406757726752423,0.8846540958800214,0.8775792661355124,0.8681850296788658,0.9937221509312093,0.03114603040399938,-0.551254285508537,False
1182,,0.25,0.1,0.65,0.0,0.406757726752423,0.8833950532344494,0.877915991594396,0.868400414350512,0.9937798087960049,0.03171209850526549,-0.5652259398092405,False
1183,,0.1,0.1,0.65,0.15,0.406757726752423,0.8832887130035404,0.8772267708930299,0.8674308137626325,0.9937824240357972,0.031741431128911944,-0.5273224714288431,False
1184,,0.45,0.3,0.05,0.2,0.4067577267524229,0.907056150917554,0.8742642495943889,0.8655348687904628,0.9939448549447715,0.03320153280590127,-0.4798781095031046,False
1185,,0.45,0.25,0.15,0.15,0.4067577267524229,0.90107891251506,0.87565085502641,0.867042813066338,0.9939173336322698,0.03278847681727862,-0.4966802425962219,False
1186,,0.5,0.25,0.1,0.15,0.4067577267524229,0.90107891251506,0.87536246568594,0.8667789271171012,0.9939173540638306,0.03274777940381386,-0.49214541811279355,False
1187,,0.55,0.25,0.05,0.15,0.4067577267524229,0.90107891251506,0.8749838889167444,0.8664843453586007,0.9939181849473063,0.0327070819903491,-0.4876105936293704,False
1188,,0.4,0.25,0.35,0.0,0.4067577267524229,0.8998405437585162,0.8792550282008542,0.8690194260897041,0.9939146979609166,0.032921933847491196,-0.5527230089103048,False
1189,,0.15,0.2,0.3,0.35,0.4067577267524229,0.8995577661574858,0.8743597341328616,0.8652144743237188,0.9938825523051363,0.032465005948196235,-0.4548447528720829,False
1190,,0.65,0.2,0.0,0.15,0.4067577267524229,0.8981270197016562,0.8750507137615433,0.8665572136380424,0.9938881505528168,0.03218171130254573,-0.47817376381209376,False
1191,,0.65,0.15,0.2,0.0,0.4067577267524229,0.8981105591886847,0.8775675286779882,0.8677840347777409,0.9938521910056728,0.03183049505842155,-0.5293145247923137,False
1192,,0.4,0.2,0.4,0.0,0.4067577267524229,0.8968365424863889,0.8784338834793589,0.86868883897741,0.9938866249962712,0.03247795798661738,-0.5523558280598668,False
1193,,0.3,0.2,0.3,0.2,0.4067577267524229,0.8966412194866605,0.8758489360740416,0.8672608623014311,0.9938814353798084,0.0324356733245498,-0.49274822125247697,False
1194,,0.35,0.2,0.25,0.2,0.4067577267524229,0.8966412194866605,0.8754632771442357,0.8668490630225326,0.9938814353798084,0.03239497591108501,-0.4882133967690637,False
1195,,0.25,0.15,0.5,0.1,0.4067577267524229,0.8952611643566287,0.8772019947679881,0.8674498725023715,0.9938520820373481,0.0320942346216411,-0.531254492772573,False
1196,,0.3,0.15,0.45,0.1,0.4067577267524229,0.8952611643566287,0.8772168632637134,0.8674199806834864,0.9938520820373481,0.03205353720817634,-0.5267196682891588,False
1197,,0.35,0.15,0.45,0.05,0.4067577267524229,0.8952611643566287,0.8773983863986454,0.8676326745679396,0.9938520820373481,0.03204375966696083,-0.5393541577492835,False
1198,,0.45,0.15,0.35,0.05,0.4067577267524229,0.8951928554768374,0.8774063652932207,0.8676105539870175,0.9938521773846322,0.03196236484003133,-0.5302845087824424,False
1199,,0.55,0.15,0.3,0.0,0.4067577267524229,0.8951928554768374,0.8776519460042226,0.8679104783263002,0.9938521773846322,0.03191188988535109,-0.5383841737591537,False
1200,,0.3,0.2,0.5,0.0,0.4067577267524229,0.893969158973844,0.8787107665001809,0.8689482575735092,0.9938866249962712,0.03255935281354691,-0.5614254770267074,False
1201,,0.35,0.2,0.45,0.0,0.4067577267524229,0.893969158973844,0.8784982621785903,0.8687437278441379,0.9938866249962712,0.03251865540008213,-0.5568906525432813,False
1202,,0.15,0.15,0.55,0.15,0.4067577267524229,0.893787057843872,0.8770791554541028,0.867168016908293,0.9938520820373481,0.03214470957632135,-0.523154827795866,False
1203,,0.0,0.1,0.55,0.35,0.4067577267524229,0.8937019866479361,0.8760271791717333,0.8670873228262813,0.9937894116296172,0.03169914646684438,-0.4677148646214555,False
1204,,0.4,0.05,0.4,0.15,0.4067577267524229,0.8933748754967497,0.8771673680167807,0.8672605561596608,0.9937198898384721,0.03105327078725156,-0.49974634367786974,False
1205,,0.45,0.05,0.35,0.15,0.4067577267524229,0.8933748754967497,0.8771575111013308,0.8673141430297804,0.9937199034595128,0.031012573373786805,-0.49521151919444384,False
1206,,0.5,0.05,0.35,0.1,0.4067577267524229,0.8933748754967497,0.8772716648835901,0.867592686362669,0.9937198966489924,0.031002795832571286,-0.507846008654582,False
1207,,0.55,0.05,0.3,0.1,0.4067577267524229,0.8933748754967497,0.8772389487740938,0.8675955463306619,0.9937212110794089,0.03096209841910654,-0.5033111841711546,False
1208,,0.6,0.05,0.3,0.05,0.4067577267524229,0.8933748754967497,0.877308171135905,0.8677616904511422,0.9937211565952465,0.030952320877891057,-0.5159456736312895,False
1209,,0.7,0.05,0.25,0.0,0.4067577267524229,0.8933748754967497,0.8772886149929634,0.8678197626228265,0.9937238399402417,0.03090184592321081,-0.5240453386080024,False
1210,,0.35,0.15,0.4,0.1,0.4067577267524229,0.8922191317333835,0.8772164780048868,0.8673513220777858,0.9938521773846322,0.03201283979471159,-0.5221848438057336,False
1211,,0.3,0.05,0.45,0.2,0.4067577267524229,0.8919411837404773,0.8770342688375299,0.8671667895520727,0.9937198898384721,0.031103745741931806,-0.4916466787011634,False
1212,,0.0,0.05,0.65,0.3,0.4067577267524229,0.8906929167619034,0.8767876740673418,0.8667005738078417,0.9937198421648301,0.03128609047822183,-0.4845169977145777,False
1213,,0.5,0.1,0.4,0.0,0.4067577267524229,0.8905635120158116,0.877554392137047,0.8678060767830452,0.9937958475712936,0.03150861143794168,-0.5425518173921323,False
1214,,0.55,0.1,0.35,0.0,0.4067577267524229,0.8905635120158116,0.8775610347552338,0.8677588586180421,0.9937985785899308,0.031467914024476934,-0.5380169929087198,False
1215,,0.45,0.05,0.4,0.1,0.4067577267524229,0.8904391831044137,0.8772868360801177,0.8676272879049655,0.9937198489753504,0.03104349324603605,-0.5123808331379949,False
1216,,0.65,0.05,0.3,0.0,0.4067577267524229,0.8903708742246225,0.8773801213224126,0.8678337213587717,0.9937205777010217,0.030942543336675555,-0.5285801630914286,False
1217,,0.35,0.3,0.15,0.2,0.4067577267524229,0.907094182268672,0.8748216550950622,0.8661646716722722,0.9939442147558639,0.03328292763283079,-0.4889477584699463,False
1218,,0.25,0.2,0.25,0.3,0.4067577267524229,0.8995248034202733,0.8747030653471485,0.8657259692779963,0.9938788065189755,0.032414530993515996,-0.46294441784878626,False
1219,,0.3,0.2,0.25,0.25,0.4067577267524229,0.8995248034202733,0.8751151712002522,0.8663123816759917,0.9938813740851258,0.03240475345230048,-0.4755789073089214,False
1220,,0.35,0.2,0.2,0.25,0.4067577267524229,0.8995248034202733,0.8749559527253458,0.8661526131067201,0.9938801413809528,0.03236405603883574,-0.47104408282550714,False
1221,,0.3,0.25,0.0,0.45,0.4067577267524229,0.8982487719373731,0.8710928576310003,0.8599298995517561,0.9939155152233516,0.03272504982417724,-0.4072688323851429,False
1222,,0.35,0.1,0.35,0.2,0.4067577267524229,0.898019824232898,0.8772088348750712,0.868363828795237,0.9937987556634584,0.03150702418933886,-0.4874790350681739,False
1223,,0.4,0.1,0.3,0.2,0.4067577267524229,0.898019824232898,0.877040015415435,0.8681127592567759,0.9938013981453319,0.03146632677587411,-0.48294421058475945,False
1224,,0.5,0.1,0.2,0.2,0.4067577267524229,0.8980036238118302,0.8765300092846549,0.8676446419473103,0.9938055116995885,0.031384931948944594,-0.4738745616179124,False
1225,,0.55,0.1,0.15,0.2,0.4067577267524229,0.8980036238118302,0.876338678662436,0.8674344124896158,0.9938068465615658,0.03134423453547984,-0.4693397371344873,False
1226,,0.55,0.1,0.2,0.15,0.4067577267524229,0.8980036238118302,0.8771998836109001,0.8683998562522975,0.9938067239722006,0.0313751544077291,-0.48650905107804365,False
1227,,0.6,0.1,0.1,0.2,0.4067577267524229,0.8980036238118302,0.8761806366833892,0.8672748873859619,0.9938107013160513,0.03130353712201504,-0.4648049126510554,False
1228,,0.6,0.1,0.15,0.15,0.4067577267524229,0.8980036238118302,0.8770419285986633,0.8682754428295878,0.993808038402617,0.03133445699426433,-0.4819742265946242,False
1229,,0.65,0.1,0.05,0.2,0.4067577267524229,0.8980036238118302,0.8759985051788852,0.8670912938160785,0.9938121860094751,0.03126283970855029,-0.4602700881676416,False
1230,,0.65,0.1,0.1,0.15,0.4067577267524229,0.8980036238118302,0.8767417949656217,0.8679088374921597,0.993808154181462,0.031293759580799586,-0.47743940211118874,False
1231,,0.65,0.1,0.15,0.1,0.4067577267524229,0.8980036238118302,0.8773026393680105,0.8686045343739209,0.9938067239722006,0.03132467945304886,-0.49460871605475054,False
1232,,0.35,0.05,0.3,0.3,0.4067577267524229,0.8979515153531067,0.8762183524424388,0.867311119567407,0.9937213745318959,0.031001208583968494,-0.45277322633061634,False
1233,,0.45,0.05,0.25,0.25,0.4067577267524229,0.8979515153531067,0.8764129634762321,0.8677431915807227,0.993721354100335,0.030950733629288244,-0.4608728913073311,False
1234,,0.1,0.1,0.5,0.3,0.4067577267524229,0.8966023328976934,0.8764410394993273,0.867532885276172,0.9937907737336757,0.031648671512164134,-0.47581452959818205,False
1235,,0.25,0.1,0.45,0.2,0.4067577267524229,0.8965861324766256,0.8771001168830325,0.8669558915358496,0.9937920677325313,0.0315884190162684,-0.4965486840350145,False
1236,,0.35,0.1,0.4,0.15,0.4067577267524229,0.8965861324766256,0.8772051194865436,0.8671267315039787,0.9937960723184632,0.03153794406158814,-0.5046483490117306,False
1237,,0.4,0.1,0.4,0.1,0.4067577267524229,0.8965861324766256,0.8773879198481239,0.867502979521648,0.9937945671934786,0.031528166520372644,-0.5172828384718688,False
1238,,0.65,0.15,0.1,0.1,0.4067577267524229,0.8965543267804352,0.8766953170885565,0.8680585168068319,0.9938535871623327,0.031768655313923026,-0.4949758969051954,False
1239,,0.7,0.15,0.05,0.1,0.4067577267524229,0.8965543267804352,0.8765578907700373,0.8679683380312059,0.9938562500757671,0.03172795790045826,-0.4904410724217815,False
1240,,0.75,0.15,0.0,0.1,0.4067577267524229,0.8965543267804352,0.8763856482604019,0.8678227490302958,0.9938588925576405,0.03168726048699349,-0.4859062479383556,False
1241,,0.75,0.15,0.05,0.05,0.4067577267524229,0.8965543267804352,0.8768781724220364,0.8682743472093921,0.99385492202431,0.03171818035924276,-0.5030755618819084,False
1242,,0.8,0.15,0.0,0.05,0.4067577267524229,0.8965543267804352,0.8767534747392066,0.8682745409334305,0.9938576121798255,0.03167748294577799,-0.49854073739849125,False
1243,,0.05,0.05,0.55,0.35,0.4067577267524229,0.895062300910512,0.8764551912934037,0.8675101889999859,0.9937185549764949,0.031214473192507784,-0.4628128592875963,False
1244,,0.15,0.05,0.5,0.3,0.4067577267524229,0.8949939920307207,0.8766349198582208,0.867925709441986,0.9937185685975355,0.031163998237827537,-0.47091252426429997,False
1245,,0.35,0.05,0.4,0.2,0.4067577267524229,0.8949777916096527,0.8771157841916241,0.8681170932248549,0.993719862596391,0.03106304832846704,-0.48711185421772685,False
1246,,0.05,0.1,0.55,0.3,0.4067577267524229,0.8936286091542394,0.8764308708012502,0.8676013489180601,0.9937867691477438,0.031689368925628875,-0.48034935408158785,False
1247,,0.15,0.05,0.55,0.25,0.4067577267524229,0.8935603002744483,0.8769022576984157,0.8669263442357851,0.9937198898384721,0.031194918110076814,-0.4880818382078599,False
1248,,0.4,0.05,0.35,0.2,0.4067577267524229,0.8935278994323125,0.8771353781684277,0.8685205381666056,0.993718582218576,0.03102235091500227,-0.48257702973431316,False
1249,,0.75,0.05,0.15,0.05,0.4067577267524229,0.8934650153065911,0.8772144949345306,0.8676932580217839,0.993722586804508,0.030830228637496765,-0.5023412001810221,False
1250,,0.8,0.05,0.15,0.0,0.4067577267524229,0.8934650153065911,0.8772865588292269,0.8678197074837783,0.993722539130866,0.03082045109628128,-0.5149756896411576,False
1251,,0.1,0.0,0.1,0.8,0.406680639238776,0.8581720702734481,0.8492126221368212,0.8356966450495743,0.9890770083236817,0.030451521067925626,-0.3033870284617052,False
1252,,0.15,0.0,0.05,0.8,0.406680639238776,0.8581720702734481,0.8490506628757437,0.8355041749174553,0.9890770083236817,0.030410823654460916,-0.29885220397830103,False
1253,,0.15,0.7,0.15,0.0,0.4066589002257214,0.9210760719268246,0.871964366705412,0.8633752238046002,0.994174669141519,0.03712120366267168,-0.5787017589813945,False
1254,,0.1,0.7,0.2,0.0,0.4066589002257214,0.9182086884142798,0.8718619067586812,0.8633638896695681,0.994174669141519,0.03716190107613643,-0.5832365834648174,False
1255,,0.05,0.55,0.15,0.25,0.4066589002257214,0.9074887850913528,0.8775104977735213,0.8655191387362577,0.9941778973281375,0.03571607154573635,-0.5008232956791308,False
1256,,0.05,0.55,0.35,0.05,0.4066589002257214,0.9064993681952354,0.8782457874381887,0.8677309340821124,0.9941778292229346,0.03583975103473346,-0.5695005514533594,False
1257,,0.3,0.65,0.0,0.05,0.4066589002257213,0.9193684742234524,0.8742466006505909,0.8656889425541391,0.9941764534978356,0.03652421568915528,-0.5475607907371332,False
1258,,0.1,0.65,0.0,0.25,0.4066589002257213,0.9092576979614208,0.8714093024376736,0.8593233628606651,0.9941764534978356,0.036563325854017226,-0.4970228328965902,False
1259,,0.35,0.55,0.05,0.05,0.4066426998046534,0.9148624723152614,0.878778375798738,0.8690882224817452,0.9941778768965767,0.03559556655394487,-0.5422916045528281,False
1260,,0.4,0.55,0.0,0.05,0.4066426998046534,0.9148624723152614,0.8785975569491042,0.868989034776089,0.9941778973281375,0.03555486914048016,-0.5377567800694074,False
1261,,0.15,0.55,0.25,0.05,0.4066426998046534,0.9106638257044702,0.8785322452946875,0.8676929957705233,0.9941778292229346,0.03575835620780393,-0.5604309024865115,False
1262,,0.15,0.55,0.0,0.3,0.4066426998046534,0.9090779802368149,0.8757178402679091,0.8626047920461324,0.9941778973281375,0.03560375684655754,-0.4745843327687368,False
1263,,0.5,0.4,0.05,0.05,0.4066259374885088,0.9118512175987344,0.8816452873290352,0.8715074524978289,0.9941725919328297,0.03414154673093119,-0.5275855885512277,False
1264,,0.2,0.45,0.3,0.05,0.4066259374885088,0.9090347855038908,0.8818665322355547,0.8701567268100782,0.9941843400803342,0.03482970707259349,-0.5551617163021999,False
1265,,0.3,0.35,0.35,0.0,0.4066259374885088,0.9089969806739564,0.8818632498541782,0.8707280824142822,0.993977518200094,0.033891280396166415,-0.5625270195780396,False
1266,,0.5,0.4,0.0,0.1,0.4066259374885088,0.908882562469186,0.8802650068068065,0.8701020739749129,0.994173947226368,0.034110626858681936,-0.5104162746076807,False
1267,,0.1,0.5,0.35,0.05,0.4066259374885088,0.90775775417783,0.8804199509874876,0.8691851084026605,0.9941826510713017,0.03535507776039499,-0.5645985461194898,False
1268,,0.35,0.4,0.25,0.0,0.4066259374885088,0.9074811630221912,0.8819957134425747,0.8704446503134688,0.9941738927422056,0.034294558843574754,-0.5583593759450567,False
1269,,0.0,0.45,0.15,0.4,0.4066259374885088,0.9073749313241404,0.872933085850527,0.8604359076751743,0.99418237865049,0.034776057620707616,-0.45311581663099343,False
1270,,0.1,0.45,0.1,0.35,0.4066259374885088,0.9073749313241404,0.8751672795397645,0.8622439643024792,0.9941830733235598,0.03472558266602736,-0.46121548160770276,False
1271,,0.15,0.5,0.35,0.0,0.4066259374885088,0.9063240624215576,0.8800335962788751,0.8692751074901328,0.9941841630068066,0.03534530021917947,-0.5772330355796255,False
1272,,0.1,0.45,0.35,0.1,0.4066259374885088,0.9061344392541336,0.8819603161586368,0.8701273097773923,0.9941843400803342,0.03488018202727373,-0.5470620513254923,False
1273,,0.1,0.45,0.4,0.05,0.4066259374885088,0.901796716196404,0.8815430181452245,0.8700475657224961,0.9941843400803342,0.03491110189952302,-0.5642313652690519,False
1274,,0.15,0.45,0.3,0.1,0.4066259374885088,0.907568131010406,0.882082115689034,0.8700575877437378,0.9941843537013748,0.034839484613808966,-0.5425272268420749,False
1275,,0.35,0.4,0.15,0.1,0.4066259374885088,0.9074668593934024,0.8815479460829367,0.8713693130420432,0.9941725715012689,0.03423271909907623,-0.5240207480579451,False
1276,,0.2,0.4,0.3,0.1,0.4066259374885088,0.9060145085287064,0.8818975085977709,0.8702558772357308,0.9941738927422056,0.03435481133947051,-0.5376252215082039,False
1277,,0.3,0.4,0.25,0.05,0.4066259374885088,0.9060145085287064,0.8821036436363882,0.870483753293004,0.9941738927422056,0.03430433638479025,-0.5457248864849245,False
1278,,0.45,0.5,0.05,0.0,0.4066097370674409,0.9148057956206777,0.8805623754700677,0.8691987102100492,0.9941841902488877,0.03510111573839082,-0.5500240886790974,False
1279,,0.45,0.45,0.0,0.1,0.4066097370674409,0.9103492169626708,0.8814684899778003,0.8705919994761158,0.9941844081855371,0.034595300133020444,-0.5153182799415348,False
1280,,0.5,0.45,0.05,0.0,0.4066097370674409,0.9147845265857044,0.8820026811077581,0.8701967963711589,0.9941850075113229,0.03461644246405422,-0.545122083345229,False
1281,,0.45,0.45,0.05,0.05,0.4066097370674409,0.9133178720922194,0.8821281461026197,0.871480061275182,0.9941857226159535,0.03462622000526972,-0.532487593885099,False
1282,,0.5,0.45,0.0,0.05,0.4066097370674409,0.9133178720922194,0.8819654093855036,0.8713960970303936,0.9941850483744445,0.03458552259180492,-0.5279527694016759,False
1283,,0.55,0.4,0.05,0.0,0.4066097370674409,0.9118512175987344,0.88164268576026,0.8704254467676733,0.9941130884170348,0.03413176918971572,-0.5402200780113655,False
1284,,0.5,0.4,0.1,0.0,0.4066097370674408,0.9089335138868871,0.881897678863127,0.8704625431581596,0.9941739063632462,0.03417246660318049,-0.5447549024947925,False
1285,,0.2,0.35,0.15,0.3,0.4063529501785355,0.9102255525205404,0.8732848105988731,0.8637421353787802,0.9939722059942658,0.0337871559896003,-0.4685807848835396,False
1286,,0.0,0.4,0.35,0.25,0.4063529501785355,0.9075508067991848,0.8797279170370768,0.869273257822313,0.9941725715012689,0.03442484137658173,-0.5042565776112323,False
1287,,0.1,0.4,0.25,0.25,0.4063529501785355,0.9073761576884845,0.8784935184059963,0.8680861213712824,0.9941117739866184,0.03434344654965222,-0.49518692864438574,False
1288,,0.15,0.35,0.2,0.3,0.4063529501785355,0.9073078488086932,0.87363644506833,0.8642821715018659,0.9939709119954102,0.03382785340306504,-0.47311560936696107,False
1289,,0.35,0.35,0.05,0.25,0.4063529501785354,0.9102405265772644,0.8737037852144186,0.8641904767626607,0.9939722468573876,0.03369598362145528,-0.47214562537682425,False
1290,,0.2,0.35,0.1,0.35,0.4063199874413229,0.907193363823082,0.8719742472236469,0.8611710834583178,0.9939722468573876,0.03375623611735101,-0.4514114709399871,False
1291,,0.0,0.3,0.1,0.6,0.4063199874413229,0.8969768092252179,0.8691572812350075,0.8574694335737503,0.9939469253429404,0.03332045054908993,-0.3833370183054349,False
1292,,0.05,0.3,0.05,0.6,0.4063199874413229,0.8969768092252179,0.869026670077857,0.8572471817570786,0.9939495814458544,0.03327975313562518,-0.3788021938220264,False
1293,,0.4,0.0,0.55,0.05,0.4063014112963501,0.8873252505379744,0.8560285061559522,0.8446452071588011,0.9890723499278017,0.030671134670876222,-0.5337177907145378,False
1294,,0.3,0.0,0.65,0.05,0.4063014112963501,0.885891558781702,0.8562370618697678,0.8450305992549133,0.9890721456121929,0.03075252949780573,-0.5427874396813794,False
1295,,0.35,0.0,0.65,0.0,0.4063014112963501,0.8844578670254296,0.8562226680244797,0.8451373043580861,0.9890721319911523,0.03074275195659024,-0.555421929141519,False
1296,,0.0,0.3,0.05,0.65,0.4062992429125326,0.8935737654571165,0.8683181324694658,0.8564011942489965,0.9939496359300167,0.03328953067684065,-0.3661677043618845,False
1297,,0.3,0.0,0.6,0.1,0.4062852108752822,0.884408331395019,0.8559732514079404,0.8444993768808229,0.9890723499278017,0.030721609625556458,-0.5256181257378205,False
1298,,0.45,0.35,0.0,0.2,0.4062846412987443,0.9102405265772644,0.8746028294681089,0.8652163022527513,0.9939722468573876,0.03364550866677505,-0.480245290353539,False
1299,,0.1,0.35,0.4,0.15,0.4062639512828135,0.9060636716869866,0.8796787518812522,0.8686202411134489,0.99396950902823,0.033961310433277624,-0.5291583756810563,False
1300,,0.15,0.35,0.4,0.1,0.4062639512828135,0.9060636716869866,0.8806950732274617,0.8694911072673092,0.99396950902823,0.03395153289206217,-0.5417928651411913,False
1301,,0.0,0.4,0.15,0.45,0.4062639512828135,0.9058001483403256,0.8708915595758235,0.8593546000443413,0.9941726123643906,0.03430116188758461,-0.4355793218369949,False
1302,,0.05,0.3,0.55,0.1,0.4062639512828135,0.895817834139801,0.8801007683190034,0.8695069490234327,0.9939348026168199,0.03358895185811791,-0.5504953332575903,False
1303,,0.25,0.3,0.05,0.4,0.4062516785615317,0.9012704324747636,0.8714860770059049,0.8605072631330263,0.9939495542037732,0.033240642970763214,-0.429340151662552,False
1304,,0.3,0.3,0.0,0.4,0.4062516785615317,0.901237469737551,0.8713639776845805,0.8602798019910461,0.993949595066895,0.03319994555729846,-0.42480532717914665,False
1305,,0.0,0.35,0.15,0.5,0.4062306160734709,0.9027910169372612,0.8703238348112373,0.8588039158314993,0.9939773683686475,0.03382626615446224,-0.4180428270430011,False
1306,,0.1,0.35,0.1,0.45,0.4062306160734709,0.9027910169372612,0.8708011361511384,0.8593704767390835,0.993982598848232,0.03377579119978197,-0.42614249201970567,False
1307,,0.05,0.35,0.1,0.5,0.4062306160734709,0.8998391241238572,0.8701386921360339,0.8585072709634494,0.9939829257532061,0.033785568740997474,-0.4135080025595821,False
1308,,0.0,0.35,0.05,0.6,0.4062306160734709,0.8970148405763358,0.8685899468335792,0.8564756120534361,0.9939829257532061,0.03376442640996367,-0.3837041991558904,False
1309,,0.6,0.25,0.1,0.05,0.4062028850849657,0.9029060782239292,0.8769475853661011,0.8678357181332333,0.9939173540638306,0.03272822432138289,-0.5174143970330533,False
1310,,0.7,0.15,0.1,0.05,0.4062028850849657,0.8982913526794633,0.8769694667039925,0.867974329436766,0.9938535667307719,0.03175887777270752,-0.5076103863653321,False
1311,,0.5,0.2,0.2,0.1,0.4062028850849657,0.8969283532083482,0.8764528267426018,0.8675327256238669,0.9938892538571041,0.03233472341518928,-0.5089475512059123,False
1312,,0.2,0.05,0.5,0.25,0.4062028850849657,0.8938474339961359,0.8769784509484319,0.8678829188219758,0.993719862596391,0.031154220696612032,-0.4835470137244401,False
1313,,0.5,0.05,0.3,0.15,0.4062028850849657,0.893815033154,0.8772242748873027,0.8682849662553365,0.9937212110794089,0.030971875960322016,-0.49067669471102715,False
1314,,0.65,0.05,0.2,0.1,0.4062028850849657,0.8937521490282785,0.87720996904806,0.8683323642228253,0.9937225186993051,0.030880703592177018,-0.494241535204311,False
1315,,0.6,0.35,0.0,0.05,0.4061948705267731,0.9073985505136112,0.8793996765980067,0.870072909958153,0.9939755567702497,0.033616176043128554,-0.5181487587339403,False
1316,,0.35,0.0,0.0,0.65,0.4061858868546288,0.8701633782315349,0.8502338872954047,0.8370618333453427,0.9890770083236817,0.030340793617349676,-0.33222084787526696,False
1317,,0.1,0.85,0.05,0.0,0.4061528520348302,0.9227907530247064,0.8643782885223199,0.857542002133003,0.9941688801992704,0.038493828658756474,-0.5843381260161495,False
1318,,0.05,0.85,0.05,0.05,0.4061528520348302,0.9198904067749492,0.8654989561884858,0.8587604492271438,0.9941689142518718,0.03850360619997194,-0.5717036365560084,False
1319,,0.0,0.9,0.05,0.05,0.4061528520348301,0.912653639113796,0.8586136725307358,0.8531403962481262,0.9941626213311217,0.038988279474310175,-0.5766056418898726,False
1320,,0.2,0.8,0.0,0.0,0.4061364594004,0.925681682961068,0.8676399770798451,0.8609220911731548,0.9941725919328297,0.03796845797095374,-0.5749012961988619,False
1321,,0.0,0.4,0.1,0.5,0.4061198892976176,0.9044727968149622,0.8698576511883236,0.858097562187578,0.9941726123643906,0.034270242015335343,-0.4184100078934464,False
1322,,0.15,0.4,0.0,0.45,0.4061198892976176,0.9014828726504404,0.8702050584833019,0.8583322823838493,0.9941726123643906,0.03417906964719032,-0.4219748483867396,False
1323,,0.1,0.45,0.05,0.4,0.4061198892976176,0.9074252515234428,0.8714156369993472,0.859234999510004,0.9941817384615824,0.034694662793778114,-0.44404616766415395,False
1324,,0.2,0.45,0.0,0.35,0.4061198892976176,0.9074252515234428,0.8737408527834333,0.8608279127905258,0.9941830188393974,0.03464418783909784,-0.45214583264085695,False
1325,,0.45,0.4,0.1,0.05,0.4061034966631874,0.910671741408586,0.8820704283708133,0.8712670591395745,0.9941738518790838,0.03418224414439598,-0.5321204130346546,False
1326,,0.5,0.5,0.0,0.0,0.4060872962421196,0.9151103313861038,0.8805887390247791,0.8701610189451949,0.9941842106804486,0.03506041832492604,-0.5454892641956723,False
1327,,0.55,0.45,0.0,0.0,0.4060872962421196,0.9150890623511306,0.8820294039850397,0.8711569739562145,0.9941857226159535,0.03457574505058947,-0.5405872588618115,False
1328,,0.35,0.5,0.1,0.05,0.4060872962421196,0.91213660764265,0.8807740899659727,0.8700954543422335,0.9941826783133828,0.0351515906930711,-0.5419244237023777,False
1329,,0.05,0.2,0.0,0.75,0.4060860288701625,0.8890414259000469,0.8680250919752425,0.8562871432065238,0.9938880143424109,0.03229904179713157,-0.32655989029047505,False
1330,,0.0,0.2,0.05,0.75,0.4060860288701625,0.8889911057007442,0.8680641410087442,0.8563653228077279,0.9938880688265732,0.03233973921059633,-0.3310947147738852,False
1331,,0.05,0.0,0.15,0.8,0.4059809409526172,0.8596387247669331,0.8493624260291901,0.8358997322782634,0.9890770083236817,0.030492218481390408,-0.3079218529451443,False
1332,,0.75,0.0,0.05,0.2,0.4058636719852501,0.8932348851213198,0.8547414981241008,0.8444886295914824,0.9890769265974382,0.030293493159875045,-0.45046607749990897,False
1333,,0.8,0.0,0.0,0.2,0.4058636719852501,0.8932348851213198,0.8545194800857623,0.8442460844758949,0.9890769265974382,0.03025279574641029,-0.4459312530164984,False
1334,,0.85,0.0,0.0,0.15,0.4058636719852501,0.8932348851213198,0.8552600064244034,0.8450397678399786,0.9890768857343164,0.030243018205194816,-0.4585657424766141,False
1335,,0.0,0.95,0.0,0.05,0.4056952128937804,0.9085552859383,0.8274838431098229,0.8268893726627795,0.9940544702688779,0.03943225533518194,-0.5769728227403279,False
1336,,0.2,0.4,0.2,0.2,0.4054253066131543,0.9118003355043554,0.879631600221618,0.8694018250431611,0.9941117535550575,0.03429297159497197,-0.503286593621102,False
1337,,0.3,0.35,0.2,0.15,0.4054253066131543,0.9103834060642276,0.8783288657950744,0.8687820328716519,0.9939748757182204,0.03379852077941856,-0.5110190777473619,False
1338,,0.4,0.35,0.15,0.1,0.4054253066131543,0.9103834060642276,0.8793505881559118,0.8698175097874832,0.993975515907128,0.033748045824738344,-0.5191187427240709,False
1339,,0.15,0.35,0.35,0.15,0.4054253066131543,0.9089310551995314,0.8792492694564944,0.8682748640101795,0.9939701628381781,0.03392061301981288,-0.5246235511976309,False
1340,,0.25,0.35,0.3,0.1,0.4054253066131543,0.9089310551995314,0.8803745189306952,0.869292789875118,0.9939735272352025,0.033870138065132636,-0.5327232161743499,False
1341,,0.3,0.35,0.25,0.1,0.4054253066131543,0.9088627463197404,0.8798869276772779,0.8688415845171568,0.9939735408562431,0.03382944065166787,-0.5281883916909229,False
1342,,0.2,0.35,0.25,0.2,0.4054253066131543,0.908772606509899,0.8768232849847436,0.8673627620296048,0.9939748757182204,0.03384899573409882,-0.5029194127706462,False
1343,,0.4,0.3,0.3,0.0,0.4054253066131543,0.9073886398069838,0.8805531650860212,0.8698684110762224,0.9939394065285375,0.033365909708363124,-0.5530901897607516,False
1344,,0.05,0.35,0.25,0.35,0.4054253066131543,0.9072725026661146,0.8731023195608119,0.8635731659835969,0.9939709119954102,0.03387832835774532,-0.4650159443902473,False
1345,,0.1,0.35,0.2,0.35,0.4054253066131543,0.9072344713149966,0.8726391896131516,0.8621611347203124,0.9939722059942658,0.033837630944280536,-0.4604811199068267,False
1346,,0.2,0.3,0.4,0.1,0.4054253066131543,0.9059219853134988,0.8787698546685623,0.868060040744383,0.9939387254765083,0.03346685961772362,-0.5368908598073213,False
1347,,0.25,0.3,0.4,0.05,0.4054253066131543,0.9059219853134988,0.8801086744627558,0.8695025400839165,0.9939388072027517,0.03345708207650813,-0.5495253492674552,False
1348,,0.0,0.35,0.35,0.3,0.4054253066131543,0.9058201518014184,0.8745243575293794,0.8651454007787337,0.9939695362703111,0.033949945643459316,-0.48672008281722845,False
1349,,0.0,0.35,0.25,0.4,0.4054253066131543,0.904265816185448,0.8720334548466003,0.861188861060611,0.9939715521843178,0.03388810589896079,-0.45238145493011606,False
1350,,0.1,0.3,0.45,0.15,0.4054253066131543,0.8999442602979177,0.8773637189578181,0.8670905152946307,0.9939387254765083,0.033517334572403884,-0.5287911948306099,False
1351,,0.1,0.3,0.5,0.1,0.4054253066131543,0.8986852176523458,0.8795840881758903,0.8689573313860076,0.9939360966156754,0.03354825444465316,-0.5459605087741725,False
1352,,0.3,0.3,0.25,0.15,0.4053923438759418,0.902669895919943,0.8763792521798133,0.867605400818901,0.9939428390307649,0.03335454491854483,-0.5106518968969209,False
1353,,0.1,0.25,0.5,0.15,0.4053923438759418,0.8954684744013685,0.8767512920406257,0.8668749139101436,0.993912028236962,0.033073358711531935,-0.5284240139801736,False
1354,,0.05,0.25,0.55,0.15,0.4053923438759418,0.8926010908888237,0.8768736950477579,0.867000386952164,0.9939087728082622,0.03311405612499671,-0.5329588384635895,False
1355,,0.1,0.2,0.55,0.15,0.4053923438759418,0.8925327820090324,0.8767516728182575,0.8669531067108317,0.9938852901342939,0.032629382850658105,-0.5280568331297275,False
1356,,0.15,0.2,0.55,0.1,0.4053923438759418,0.8925327820090324,0.8771462557776021,0.867407394600569,0.9938852901342939,0.032619605309442634,-0.5406913225898613,False
1357,,0.05,0.25,0.6,0.1,0.4053923438759418,0.8912737393634604,0.8780128886770605,0.8680239066235761,0.993910652511863,0.03314497599724598,-0.5501281524071431,False
1358,,0.15,0.25,0.55,0.05,0.4053923438759418,0.8912737393634604,0.879197224002127,0.8690929171671214,0.9939087319451404,0.03309450104256575,-0.5582278173838653,False
1359,,0.0,0.25,0.55,0.2,0.4053923438759418,0.8911673991325513,0.8760483224978022,0.8661588825890119,0.9939100668071178,0.03312383366621218,-0.5203243490034497,False
1360,,0.1,0.25,0.55,0.1,0.4053923438759418,0.8911673991325513,0.8778049074448495,0.8678042216302375,0.9939087319451404,0.03310427858378122,-0.5455933279237238,False
1361,,0.25,0.2,0.55,0.0,0.4053923438759418,0.8896680837050268,0.878773029735844,0.8690073261467792,0.9938866249962712,0.032600050227011665,-0.5659603015101264,False
1362,,0.1,0.15,0.65,0.1,0.4053923438759418,0.8865856363252974,0.8771321074396126,0.8675281814882069,0.9938519458269423,0.03221632686203539,-0.5448589662228464,False
1363,,0.1,0.15,0.7,0.05,0.4053923438759418,0.880613336063786,0.8777264917120458,0.8682724419114429,0.9938544929615316,0.03224724673428467,-0.5620282801663936,False
1364,,0.15,0.15,0.7,0.0,0.4053923438759418,0.8791796443075136,0.8781831115762344,0.8686488154448565,0.993855759718306,0.03223746919306917,-0.5746627696265278,False
1365,,0.05,0.3,0.2,0.45,0.4053923438759417,0.9041390423516522,0.8713860212556582,0.8603951969732023,0.9939375404459774,0.03337251275237299,-0.4303101356526875,False
1366,,0.05,0.3,0.15,0.5,0.4053923438759417,0.8983197660257036,0.8707151169075664,0.8593712235644617,0.9939495542037732,0.0333415928801237,-0.4131408217091357,False
1367,,0.15,0.3,0.1,0.45,0.4053923438759417,0.8983197660257036,0.8710841604082282,0.8599131293161457,0.9939495542037732,0.033291117925443446,-0.42124048668584546,False
1368,,0.0,0.3,0.15,0.55,0.4053923438759417,0.8953864570387338,0.870075709078765,0.8585675312892393,0.9939482193417959,0.0333513704213392,-0.400506332249,False
1369,,0.6,0.3,0.05,0.05,0.4053240349961506,0.907202310759002,0.8774601306493901,0.8685815143326361,0.993944194324303,0.033172200182254814,-0.5177815778835057,False
1370,,0.45,0.3,0.2,0.05,0.4053240349961506,0.9027079272710608,0.8787386691789154,0.8680750742607911,0.9939441738927423,0.03329429242264909,-0.5313860513337693,False
1371,,0.5,0.3,0.15,0.05,0.4053240349961506,0.9027079272710608,0.8782585075169904,0.8677606662062278,0.9939441738927423,0.033253595009184345,-0.5268512268503454,False
1372,,0.35,0.05,0.5,0.1,0.4053240349961506,0.8860194787565028,0.8772327178744947,0.8675906361253577,0.9937205504589405,0.031124888072965595,-0.5214504821048489,False
1373,,0.5,0.05,0.45,0.0,0.4053240349961506,0.8860194787565028,0.8776418368417203,0.8682322799066174,0.9937199034595128,0.031064635577069854,-0.5421846365416864,False
1374,,0.05,0.05,0.65,0.25,0.4053240349961506,0.8846702963010893,0.876902756961258,0.8670113339238779,0.9937197808701475,0.031276312937006355,-0.49715148717470636,False
1375,,0.3,0.05,0.6,0.05,0.4053240349961506,0.8846540958800214,0.877424943872074,0.8677744637627801,0.9937198217332692,0.03119650535867961,-0.5431546205318188,False
1376,,0.1,0.1,0.7,0.1,0.4053240349961506,0.8834633621142408,0.8773486098667946,0.8676913381601323,0.9937836907925716,0.03177235100116122,-0.5444917853723947,False
1377,,0.1,0.05,0.65,0.2,0.4053240349961506,0.883220404123749,0.8771977923341056,0.8674666014608331,0.9937223824888992,0.03126653539579087,-0.5097859766348447,False
1378,,0.15,0.05,0.65,0.15,0.4053240349961506,0.883220404123749,0.8771756434421356,0.8674759430169217,0.9937198217332692,0.03125675785457537,-0.5224204660949817,False
1379,,0.2,0.05,0.65,0.1,0.4053240349961506,0.883220404123749,0.8774282872825392,0.8677079358971374,0.9937198217332692,0.03124698031335987,-0.5350549555551058,False
1380,,0.0,0.05,0.7,0.25,0.4053240349961506,0.8818029127885445,0.87693471502325,0.8670413515839863,0.9937210476269219,0.03131701035047112,-0.5016863116581343,False
1381,,0.7,0.25,0.05,0.0,0.4053240349961505,0.9071276316189718,0.8775283050464925,0.8675275618793878,0.9939173949269524,0.03267774936670264,-0.5255140620097835,False
1382,,0.5,0.25,0.15,0.1,0.4053240349961505,0.9026189445022416,0.8765089214621176,0.867822460985299,0.9939173132007089,0.03277869927606313,-0.5093147320563404,False
1383,,0.55,0.25,0.1,0.1,0.4053240349961505,0.9026189445022416,0.8762834052549274,0.867725532285088,0.9939154130655473,0.032738001862598363,-0.5047799075729325,False
1384,,0.6,0.25,0.05,0.1,0.4053240349961505,0.9026189445022416,0.8760571420842633,0.8675516497812021,0.9939199556825824,0.03269730444913361,-0.500245083089502,False
1385,,0.65,0.25,0.05,0.05,0.4053240349961505,0.9026189445022416,0.8768265880810306,0.868230701735675,0.9939154130655473,0.0326875269079181,-0.5128795725496393,False
1386,,0.7,0.25,0.0,0.05,0.4053240349961505,0.9026189445022416,0.876647996307446,0.8681463752488129,0.9939201055140288,0.03264682949445337,-0.5083447480662109,False
1387,,0.55,0.2,0.2,0.05,0.4053240349961505,0.8981459053312634,0.877017116854877,0.8671392320619639,0.9938854399657404,0.032324945873973804,-0.5215820406660389,False
1388,,0.6,0.2,0.15,0.05,0.4053240349961505,0.8981459053312634,0.8768645669071102,0.8671300380150623,0.993888109689695,0.032284248460509056,-0.5170472161826208,False
1389,,0.4,0.2,0.25,0.15,0.4053240349961505,0.8966412194866605,0.8762936932418953,0.8677418774347502,0.993884009756479,0.032385198369869535,-0.5008478862291886,False
1390,,0.45,0.2,0.2,0.15,0.4053240349961505,0.8966412194866605,0.876044218255031,0.8675232204147417,0.9938827566207451,0.03234450095640476,-0.49631306174577616,False
1391,,0.25,0.2,0.45,0.1,0.4053240349961505,0.895331856641786,0.8770856559436188,0.8672761953992939,0.9938891312677388,0.03253821048251312,-0.5316216736230127,False
1392,,0.3,0.2,0.4,0.1,0.4053240349961505,0.895331856641786,0.877054488627903,0.8672446788020269,0.9938891448887794,0.032497513069048335,-0.5270868491395939,False
1393,,0.3,0.2,0.45,0.05,0.4053240349961505,0.8952965104992073,0.8775600349270083,0.8677741984757198,0.9938852901342939,0.03252843294129762,-0.5442561630831582,False
1394,,0.35,0.2,0.4,0.05,0.4053240349961505,0.8952965104992073,0.8774759173065112,0.8676347202064855,0.9938852901342939,0.03248773552783284,-0.539721338599731,False
1395,,0.45,0.2,0.35,0.0,0.4053240349961505,0.8952965104992073,0.8782034409124656,0.8682156718714013,0.9938865977541901,0.0324372605731526,-0.5478210035764406,False
1396,,0.35,0.2,0.35,0.1,0.4053240349961505,0.8952635477619949,0.8769754208791795,0.8670940738188553,0.9938891857519012,0.032456815655583574,-0.5225520246561677,False
1397,,0.45,0.2,0.3,0.05,0.4053240349961505,0.8952282016194162,0.8773808344845822,0.8675454519529345,0.9938853446184562,0.032406340700903334,-0.5306516896328789,False
1398,,0.5,0.2,0.3,0.0,0.4053240349961505,0.8952282016194162,0.8780711635665174,0.8680766306027888,0.9938853037553345,0.032396563159687836,-0.5432861790930251,False
1399,,0.4,0.15,0.4,0.05,0.4053240349961505,0.893759163720565,0.8774191988755892,0.8676393462952574,0.9938521773846322,0.032003062253496084,-0.5348193332658676,False
1400,,0.45,0.15,0.4,0.0,0.4053240349961505,0.893759163720565,0.877850341458955,0.8682927233714167,0.9938521637635915,0.031993284712280606,-0.5474538227259953,False
1401,,0.5,0.15,0.35,0.0,0.4053240349961505,0.893759163720565,0.8776201927159176,0.8678059575640006,0.9938521773846322,0.03195258729881584,-0.5429189982425799,False
1402,,0.25,0.05,0.5,0.2,0.4053240349961505,0.8905074919842049,0.8770220298223901,0.8671037942039125,0.9937198898384721,0.031144443155396554,-0.496181503184578,False
1403,,0.35,0.05,0.45,0.15,0.4053240349961505,0.8905074919842049,0.8772353918506437,0.8675047305456844,0.9937198489753504,0.031093968200716308,-0.5042811681612873,False
1404,,0.55,0.05,0.35,0.05,0.4053240349961505,0.8889371824683501,0.8773155153563424,0.8677431029736471,0.9937225050782644,0.03099301829135581,-0.5204804981147182,False
1405,,0.6,0.05,0.35,0.0,0.4053240349961505,0.8889371824683501,0.8774980742941378,0.8678304571453116,0.9937199579436751,0.030983240750140313,-0.5331149875748402,False
1406,,0.2,0.15,0.6,0.05,0.4053240349961505,0.8879564439558484,0.8774989589515108,0.8681154172165886,0.9938519458269423,0.03216585190735515,-0.5529586311995545,False
1407,,0.2,0.05,0.55,0.2,0.4053240349961505,0.8875034907120777,0.8771244216254019,0.8672028354780702,0.9937198353543099,0.031185140568861323,-0.5007163276680016,False
1408,,0.3,0.05,0.5,0.15,0.4053240349961505,0.8875034907120777,0.8772437670328082,0.8675117308852748,0.9937211293531654,0.03113466561418106,-0.5088159926447129,False
1409,,0.35,0.05,0.6,0.0,0.4053240349961505,0.8861941278672031,0.8776304612166312,0.868319955025107,0.9937221509312093,0.031186727817464132,-0.5557891099919658,False
1410,,0.4,0.3,0.1,0.2,0.4053240349961505,0.9085961829047356,0.8744656737494572,0.8657346482175682,0.9939442147558639,0.03324223021936603,-0.48441293398652086,False
1411,,0.4,0.2,0.2,0.2,0.4053240349961505,0.8980749112429329,0.8753496831535292,0.8667443258557065,0.9938827429997046,0.03235427849762026,-0.48367857228563405,False
1412,,0.45,0.2,0.15,0.2,0.4053240349961505,0.8980749112429329,0.8752368883282337,0.86658332417374,0.9938827702417857,0.032313581084155496,-0.4791437478022189,False
1413,,0.6,0.15,0.15,0.1,0.4053240349961505,0.8980042189577756,0.8768742799657122,0.8682433258217979,0.9938522318687945,0.031809352727387746,-0.49951072138861785,False
1414,,0.5,0.05,0.2,0.25,0.4053240349961505,0.8979515153531067,0.8762599112701492,0.8675454984146457,0.9937213745318959,0.03091003621582348,-0.45633806682391465,False
1415,,0.6,0.2,0.05,0.15,0.4053240349961505,0.8966250190655927,0.8751637655439276,0.8667500998509085,0.9938881505528168,0.032222408716010495,-0.4827085882954971,False
1416,,0.65,0.2,0.05,0.1,0.4053240349961505,0.8966250190655927,0.8760278314739092,0.8676274208505229,0.9938906976874061,0.032212631174795,-0.49534307775564246,False
1417,,0.7,0.2,0.0,0.1,0.4053240349961505,0.8966250190655927,0.8758360064206688,0.8675064339101963,0.993893326548239,0.032171933761330235,-0.4908082532722102,False
1418,,0.75,0.2,0.0,0.05,0.4053240349961505,0.896589672923014,0.8765643622800768,0.8681802731713181,0.9938921551387487,0.032162156220114764,-0.5034427427323573,False
1419,,0.3,0.1,0.45,0.15,0.4053240349961505,0.8951524407203532,0.8772690336792774,0.8673718685235626,0.9937920064378486,0.03157864147505289,-0.5091831734951551,False
1420,,0.85,0.05,0.1,0.0,0.4053240349961505,0.8948987070628635,0.8772328776809091,0.8677864844132642,0.993722586804508,0.03077975368281652,-0.5104408651577345,False
1421,,0.9,0.05,0.05,0.0,0.4053240349961505,0.8948987070628635,0.8771648496172397,0.8677357454341569,0.993722586804508,0.030739056269351746,-0.5059060406743187,False
1422,,0.0,0.05,0.6,0.35,0.4053240349961505,0.8936286091542394,0.876479507349702,0.8676534932616573,0.9937185549764949,0.03125517060597257,-0.46734768377102054,False
1423,,0.45,0.05,0.3,0.2,0.4053240349961505,0.8935278994323125,0.8770420703314928,0.8684731523124269,0.9937212110794089,0.030981653501537507,-0.4780422052508786,False
1424,,0.55,0.05,0.25,0.15,0.4053240349961505,0.8935278994323125,0.8771728218686747,0.8686467584639066,0.9937212247004494,0.030931178546857268,-0.4861418702275987,False
1425,,0.0,0.75,0.1,0.15,0.405225208469449,0.921222826914218,0.8685415118278725,0.8586298117198277,0.9941740834367738,0.03759451214719149,-0.541165471451435,False
1426,,0.05,0.75,0.15,0.05,0.405225208469449,0.9182769972940712,0.8702322511912186,0.8617226148334076,0.9941740153315709,0.037615654478225236,-0.5709692748551274,False
1427,,0.05,0.8,0.15,0.0,0.405225208469449,0.91247392138919,0.8670221814410847,0.8597685284462407,0.9941725442591877,0.03809055021134801,-0.5885057696491265,False
1428,,0.2,0.5,0.0,0.3,0.405225208469449,0.9075217478285652,0.8772582703224254,0.8637801059036763,0.9941842311120095,0.035119083572219004,-0.4696823274348547,False
1429,,0.1,0.5,0.05,0.35,0.405225208469449,0.9060146785785962,0.8763981987075687,0.8628410727994996,0.9941842311120095,0.035169558526899285,-0.4615826624581506,False
1430,,0.0,0.6,0.35,0.05,0.405225208469449,0.9020778755879038,0.876265981185286,0.8663890701534426,0.994177815601894,0.03632442430907032,-0.5744025567872231,False
1431,,0.3,0.45,0.25,0.0,0.4051922457322364,0.9105014399973758,0.8818264538231064,0.8704976146990598,0.9941843400803342,0.03477923211791323,-0.563261381278922,False
1432,,0.0,0.45,0.2,0.35,0.4051922457322364,0.9088086230804128,0.8770105040413121,0.8637343385204587,0.9941843537013748,0.034806977492956886,-0.47028513057455545,False
1433,,0.05,0.45,0.15,0.35,0.4051922457322364,0.9088086230804128,0.8759936675639226,0.8629966878181825,0.9941830733235598,0.034766280079492125,-0.4657503060911372,False
1434,,0.3,0.4,0.3,0.0,0.4051922457322364,0.9075141257594038,0.8820984280384154,0.8708480567116739,0.9941738791211651,0.03433525625703954,-0.5628942004284764,False
1435,,0.05,0.45,0.1,0.4,0.4051922457322364,0.905941239567868,0.8721965828040574,0.8598466629950374,0.9941817384615824,0.03473536020724284,-0.4485809921475813,False
1436,,0.15,0.45,0.05,0.35,0.4051922457322364,0.905941239567868,0.8743679278302672,0.8614930990675144,0.9941830733235598,0.03468488525256261,-0.4566806571242943,False
1437,,0.2,0.4,0.4,0.0,0.4051922457322364,0.9046970624461614,0.8817920826381853,0.8707868184189516,0.9941090565890217,0.03441665108396908,-0.5719638493953183,False
1438,,0.1,0.35,0.45,0.1,0.4051922457322364,0.9046629426679268,0.8809474859996532,0.8697849393043754,0.9939772730213634,0.03399223030552687,-0.5463276896246092,False
1439,,0.15,0.35,0.45,0.05,0.4051922457322364,0.9046629426679268,0.8817762910267564,0.8704748704938324,0.993977518200094,0.033982452764311416,-0.5589621790847429,False
1440,,0.2,0.35,0.4,0.05,0.4051922457322364,0.9046629426679268,0.8814839505204722,0.87025059376802,0.9939773547476068,0.03394175535084666,-0.5544273546013185,False
1441,,0.2,0.4,0.35,0.05,0.4051922457322364,0.9046137795096464,0.88208535738455,0.8705658980070506,0.9941738791211651,0.03438573121171979,-0.5547945354517663,False
1442,,0.1,0.4,0.4,0.1,0.4051922457322364,0.9017463959971016,0.8821114854455318,0.8704738557885414,0.9941712093972104,0.034436206166400016,-0.5466948704750587,False
1443,,0.15,0.4,0.4,0.05,0.4051922457322364,0.9017463959971016,0.8820450368872601,0.8706114475034554,0.9941711821551292,0.03442642862518454,-0.5593293599351887,False
1444,,0.05,0.5,0.35,0.1,0.4051922457322364,0.9003337467546191,0.8806536761791882,0.8691740148054159,0.9941841630068066,0.03536485530161047,-0.5519640566593671,False
1445,,0.05,0.45,0.4,0.1,0.4051922457322364,0.9003127042408292,0.8817965472945611,0.8700178050278363,0.9941843400803342,0.03492087944073849,-0.5515968758089143,False
1446,,0.25,0.35,0.35,0.05,0.4051922457322364,0.908964017936744,0.8812585515934014,0.8700010974925777,0.99396950902823,0.03390105793738189,-0.5498925301179028,False
1447,,0.0,0.05,0.0,0.95,0.4051568446119655,0.8546937320473864,0.8424768458098206,0.8390364822506554,0.9936733263112328,0.030884132138981227,-0.26131591644832874,False
1448,,0.0,0.4,0.25,0.35,0.4049192584222631,0.9102765039382418,0.87369142714478,0.8628361268950694,0.9941725851223094,0.03436300163208318,-0.4699179497241164,False
1449,,0.15,0.4,0.2,0.25,0.4049192584222631,0.9087936490236888,0.8778368729924105,0.8675831573418789,0.9941124346070868,0.03430274913618746,-0.4906521041609575,False
1450,,0.0,0.4,0.3,0.3,0.4049192584222631,0.9073761576884845,0.8773778164868541,0.8667611237525202,0.9941725578802283,0.03439392150433243,-0.4870872636676745,False
1451,,0.35,0.35,0.2,0.1,0.4048866653667651,0.9091672820851666,0.8797220573636146,0.87012900376944,0.9939761560960354,0.03378874323820308,-0.5236535672074979,False
1452,,0.15,0.4,0.3,0.15,0.4048866653667651,0.9078397040386196,0.8816973882935881,0.8712350960700675,0.9941731980691357,0.03436458888068601,-0.5249907320480742,False
1453,,0.25,0.35,0.05,0.35,0.4048862956850505,0.9071250549432908,0.871746482256962,0.8607888341216777,0.9939722468573876,0.03371553870388624,-0.44687664645655856,False
1454,,0.3,0.35,0.05,0.3,0.4048862956850505,0.905658400449806,0.8724864072639292,0.8627132752037242,0.9939722468573876,0.033705761162670794,-0.4595111359166937,False
1455,,0.1,0.3,0.05,0.55,0.4048862956850505,0.8954367772380363,0.8697487698351661,0.8580661176696021,0.993946966206062,0.03326997559440968,-0.39143668328215997,False
1456,,0.3,0.0,0.7,0.0,0.4048677195400778,0.8815904835128847,0.8562127759519198,0.8451605866282332,0.9890721047490711,0.03078344937005501,-0.5599567536249365,False
1457,,0.2,0.0,0.65,0.15,0.4048515191190098,0.884408331395019,0.8559397387112828,0.8443745200950977,0.9890723907909235,0.0307720845802367,-0.5175184607611049,False
1458,,0.25,0.0,0.65,0.1,0.4048515191190098,0.884408331395019,0.8559546971133649,0.844515519700412,0.9890722273384364,0.030762307039021212,-0.5301529502212443,False
1459,,0.1,0.0,0.7,0.2,0.4048515191190098,0.8815079851452619,0.8559210068377514,0.8442470390743285,0.9890723907909235,0.03082255953491695,-0.509418795784401,False
1460,,0.35,0.3,0.2,0.15,0.4048375022084846,0.9022337460210272,0.8761222441531036,0.8673648399336958,0.9939441738927423,0.03331384750508007,-0.5061170724135011,False
1461,,0.35,0.35,0.0,0.3,0.4048179868052593,0.905658400449806,0.872229680738765,0.8616146939030205,0.9939773683686475,0.033665063749206,-0.4549763114332692,False
1462,,0.0,0.45,0.4,0.15,0.4048140591054732,0.9003127042408292,0.8818651717082271,0.8699352344227727,0.9941843400803342,0.03493065698195395,-0.5389623863487835,False
1463,,0.0,0.4,0.45,0.15,0.4048140591054732,0.8988790124845568,0.8819210695881287,0.8702462501658332,0.9941712093972104,0.034486681121080276,-0.5385952054983334,False
1464,,0.15,0.0,0.1,0.75,0.4047875415521234,0.8671043733109726,0.8496235303268719,0.836252876891983,0.9890770083236817,0.030441743526710155,-0.31602151792184496,False
1465,,0.7,0.3,0.0,0.0,0.4047853937497613,0.9089735010179132,0.8786082719613374,0.8690656717409041,0.993944194324303,0.03312172522757458,-0.5258812428602129,False
1466,,0.15,0.25,0.6,0.0,0.4047807238961307,0.8884063558509157,0.880928302482435,0.8706349912055343,0.993910652511863,0.03312542091481501,-0.5753971313274174,False
1467,,0.4,0.3,0.2,0.1,0.4047691933286934,0.9029950609927484,0.8772375671623078,0.867873596096416,0.9939441738927423,0.03330406996386459,-0.5187515618736364,False
1468,,0.75,0.25,0.0,0.0,0.4047691933286934,0.9074147653406592,0.8773686480728052,0.8683531598811481,0.9939167751696057,0.03263705195323785,-0.5209792375263539,False
1469,,0.65,0.2,0.1,0.05,0.4047691933286934,0.898326698822042,0.8766536452695963,0.8677673926328153,0.9938880552055327,0.032243551047044273,-0.5125123916991966,False
1470,,0.8,0.05,0.1,0.05,0.4047691933286934,0.8951858407845509,0.8772169938965191,0.868863205245246,0.9937225459413862,0.03078953122403202,-0.4978063756976038,False
1471,,0.95,0.05,0.0,0.0,0.4047691933286934,0.8951858407845509,0.8771224800726457,0.8685932325693102,0.9937251679916987,0.03069835885588698,-0.5013712161908883,False
1472,,0.05,0.05,0.6,0.3,0.4047691933286934,0.8924137422398635,0.8768030290622322,0.8676841974480655,0.993719862596391,0.031245393064757085,-0.4799821732311389,False
1473,,0.25,0.0,0.05,0.7,0.4047521950983563,0.8686233462443532,0.8499192423952247,0.8366574880374701,0.9890770083236817,0.030391268572029905,-0.3241211828985614,False
1474,,0.0,0.9,0.1,0.0,0.4047027676441275,0.913001571208796,0.8591417834850436,0.8553876849151194,0.9940958986638168,0.03901919934655949,-0.5937749558334418,False
1475,,0.1,0.4,0.05,0.45,0.4046861975413452,0.9029327648277808,0.8703069773847948,0.8587085181579296,0.9941117944181793,0.03421976706065512,-0.4265096728701504,False
1476,,0.15,0.45,0.0,0.4,0.4046861975413452,0.9059915597671704,0.870869600458758,0.8586186791527942,0.9941817384615824,0.03465396538031332,-0.43951134318073914,False
1477,,0.0,0.1,0.75,0.15,0.404610696313534,0.8815380870641959,0.877236003789721,0.8674286420484267,0.9937823695516348,0.03182282595584147,-0.5363921203956835,False
1478,,0.65,0.35,0.0,0.0,0.404585295606056,0.912103049759492,0.8804302175376564,0.8705248862759598,0.9939762310117586,0.03360639850191309,-0.5307832481940862,False
1479,,0.2,0.0,0.0,0.8,0.4045472491963448,0.855130037650203,0.8488791134358726,0.8353086231825875,0.9890770083236817,0.030370126240996137,-0.2943173794948577,False
1480,only_decay,0.0,1.0,0.0,0.0,0.4042930119564413,0.9005106827892888,0.772324284814306,0.8035986239533177,0.9912736531072386,0.03990715106830442,-0.5945093175343189,False
1481,,0.0,0.9,0.0,0.1,0.404261521137508,0.9101255954541546,0.8344715721864907,0.8321575964976885,0.9940988476191034,0.03895735960206091,-0.5594363279463208,False
1482,,0.0,0.85,0.1,0.05,0.4042453207164401,0.9173623631153078,0.8652845683641815,0.8584699515085805,0.99416887338875,0.038544303613436685,-0.576238461039438,False
1483,v1_original,0.35,0.35,0.15,0.15,0.4039916148568819,0.9118170978205,0.8776548129977878,0.8681090832947598,0.9939748961497813,0.03375782336595383,-0.5064842532639455,False
1484,,0.4,0.35,0.1,0.15,0.4039916148568819,0.9088130965483728,0.8771098185876605,0.8676970356963059,0.9939749165813422,0.03371712595248907,-0.5019494287805162,False
1485,,0.1,0.35,0.35,0.2,0.4039916148568819,0.90739102321235,0.8777018188035828,0.8680223215761139,0.9939695226492706,0.033930390561028353,-0.5119890617374929,False
1486,,0.15,0.35,0.3,0.2,0.4039916148568819,0.9073227143325588,0.8772175196251664,0.8676464136983023,0.9939722059942658,0.033889693147563585,-0.507454237254075,False
1487,,0.35,0.35,0.1,0.2,0.4039916148568819,0.9072563022450464,0.8754646020657576,0.866213744244604,0.9939748348550987,0.033726903493704566,-0.48931493932037906,False
1488,,0.05,0.3,0.5,0.15,0.4039916148568819,0.8986852176523458,0.8778641861381665,0.8673173683335464,0.9939361374787972,0.03355803198586864,-0.5333260193140376,False
1489,,0.3,0.35,0.1,0.25,0.4039916148568818,0.910190206377962,0.874068188672819,0.8647796207459649,0.9939722059942658,0.033736681034920044,-0.4766804498602568,False
1490,,0.0,0.3,0.45,0.25,0.4039586521196694,0.8983850210721936,0.8749547833891881,0.8662092323966173,0.9939361510998377,0.03353688965483484,-0.5035222159103361,False
1491,,0.05,0.3,0.45,0.2,0.4039586521196694,0.8969351288948534,0.875891266889126,0.8657578873321441,0.9939361374787972,0.033527112113619355,-0.516156705370483,False
1492,,0.05,0.2,0.55,0.2,0.4039586521196694,0.8925327820090324,0.8762489985596317,0.8664564763195094,0.9938852901342939,0.03263916039187358,-0.5154223436695904,False
1493,,0.2,0.25,0.55,0.0,0.4039586521196694,0.8912737393634604,0.8805860653061919,0.8702954249873174,0.9939087319451404,0.03308472350135024,-0.5708623068440041,False
1494,,0.0,0.2,0.6,0.2,0.4039586521196694,0.8896653984964876,0.8763862441659931,0.8666607354710318,0.9938852901342939,0.03267985780533836,-0.5199571681530143,False
1495,,0.05,0.15,0.65,0.15,0.4039586521196694,0.889592322805964,0.8770466692542253,0.8672566168810294,0.9938520275531857,0.03222610440325087,-0.5322244767627073,False
1496,,0.2,0.2,0.55,0.05,0.4039586521196694,0.8895617434741178,0.8777073428553746,0.8679474846020516,0.9938866249962712,0.032609827768227136,-0.5533258120500004,False
1497,,0.0,0.15,0.65,0.2,0.4039586521196694,0.8865682788632074,0.8769300853753107,0.8670737307369198,0.9938520820373481,0.032235881944466374,-0.5195899873025689,False
1498,,0.05,0.15,0.7,0.1,0.4039586521196694,0.885151944569025,0.8771574444294434,0.867559210323543,0.9938519049638205,0.032257024275500146,-0.5493937907062574,False
1499,,0.0,0.1,0.7,0.2,0.4039586521196694,0.88209255448369,0.8771738193168427,0.8672804043606552,0.9937823695516348,0.0317919060835922,-0.5192228064521343,False
1500,,0.05,0.1,0.75,0.1,0.4039586521196694,0.880595978601696,0.877313273867035,0.8676814673145155,0.9937823286885131,0.03181304841462596,-0.5490266098558232,False
1501,,0.05,0.3,0.1,0.55,0.4039586521196693,0.8968704689943088,0.8699042201240301,0.8583252472133299,0.9939468844798186,0.03331067300787443,-0.3959715077655801,False
1502,,0.1,0.3,0.1,0.5,0.4039586521196693,0.8968531115322187,0.8705332295090562,0.8591218688942173,0.993949526961692,0.03330089546665896,-0.4086059972257087,False
1503,,0.45,0.3,0.25,0.0,0.4039233059770907,0.9073203309271924,0.88029624744704,0.8697579919041228,0.9939374859618151,0.033325212294898376,-0.5485553652773252,False
1504,,0.65,0.3,0.05,0.0,0.4038903432398782,0.9071289332653052,0.8789681357411706,0.8684919202523174,0.9939441738927423,0.03316242264103933,-0.530416067343636,False
1505,,0.55,0.3,0.15,0.0,0.4038903432398782,0.9041745817645458,0.8797188712787171,0.8691160884923449,0.9939441738927423,0.03324381746796886,-0.5394857163104773,False
1506,,0.6,0.3,0.1,0.0,0.4038903432398782,0.9041745817645458,0.8792936022218559,0.8687257711713569,0.9939441738927423,0.03320312005450409,-0.5349508918270546,False
1507,,0.2,0.1,0.65,0.05,0.4038903432398782,0.881961361478177,0.8775215751514575,0.8681711308587704,0.9937849984124677,0.03172187604648096,-0.5525914503491068,False
1508,,0.05,0.05,0.7,0.2,0.4038903432398782,0.8817867123674766,0.877170698214871,0.8674144354338663,0.9937217627315525,0.03130723280925564,-0.5143208011182605,False
1509,,0.25,0.05,0.65,0.05,0.4038903432398782,0.8817867123674766,0.8775130579697853,0.8681615509631193,0.9937221509312093,0.031237202772144403,-0.5476894450152443,False
1510,,0.65,0.3,0.0,0.05,0.4038903432398781,0.9086863227145768,0.877147082661733,0.8684508007645867,0.9939442147558639,0.03313150276879006,-0.5132467534000889,False
1511,,0.55,0.3,0.0,0.15,0.4038903432398781,0.9057125989711232,0.8748310131012332,0.8662678998423983,0.9939455496178413,0.03315105785122103,-0.48797777447982105,False
1512,,0.5,0.3,0.1,0.1,0.4038903432398781,0.9056622787718206,0.8766765099249603,0.86788561240461,0.993944194324303,0.03322267513693505,-0.5096819129067878,False
1513,,0.65,0.2,0.15,0.0,0.4038903432398781,0.8996125598247484,0.877786351381938,0.8678666541345765,0.993888109689695,0.03227447091929355,-0.5296817056427463,False
1514,,0.7,0.2,0.1,0.0,0.4038903432398781,0.8996125598247484,0.8775310171132944,0.8675744118403634,0.99389195082314,0.03223377350582879,-0.5251468811593274,False
1515,,0.25,0.2,0.4,0.15,0.4038903432398781,0.8938298560057225,0.87643299058706,0.8665511782202522,0.9938853446184562,0.03250729061026381,-0.5144523596794602,False
1516,,0.4,0.2,0.35,0.05,0.4038903432398781,0.8937945098631438,0.8774967445362085,0.8677498826533054,0.9938853037553345,0.0324470381143681,-0.5351865141163097,False
1517,,0.25,0.15,0.55,0.05,0.4038903432398781,0.8909247429452326,0.8774038507469472,0.8677216342705266,0.9938520275531857,0.032125154493890376,-0.5484238067161274,False
1518,,0.3,0.15,0.5,0.05,0.4038903432398781,0.8908917802080201,0.8773982136323253,0.8677299650223956,0.9938520411742263,0.032084457080425614,-0.5438889822327124,False
1519,,0.1,0.1,0.6,0.2,0.4038903432398781,0.8892610132650517,0.8770913367696538,0.8672026268783705,0.9937812390052663,0.03171051125666267,-0.5101531574852882,False
1520,,0.4,0.05,0.45,0.1,0.4038903432398781,0.8875034907120777,0.8772749951527613,0.8676050607657829,0.9937225050782644,0.031084190659500813,-0.5169156576214213,False
1521,,0.45,0.05,0.45,0.05,0.4038903432398781,0.8875034907120777,0.8773698875032403,0.8677047831390441,0.9937199443226346,0.03107441311828533,-0.5295501470815616,False
1522,,0.5,0.05,0.4,0.05,0.4038903432398781,0.8875034907120777,0.8773147238355452,0.867827495085784,0.9937205640799811,0.031033715704820587,-0.5250153225981341,False
1523,,0.55,0.05,0.4,0.0,0.4038903432398781,0.8875034907120777,0.8775004184194153,0.8678386651325447,0.9937199579436751,0.03102393816360509,-0.5376498120582708,False
1524,,0.05,0.1,0.65,0.2,0.4038903432398781,0.8863936297525069,0.8771421404534504,0.867284406893776,0.993779904143289,0.031751208670127436,-0.5146879819687064,False
1525,,0.15,0.1,0.7,0.05,0.4038903432398781,0.8820296703579684,0.8775438898910046,0.8681267366903783,0.9937836907925716,0.03176257345994572,-0.5571262748325311,False
1526,,0.2,0.1,0.7,0.0,0.4038903432398781,0.880595978601696,0.8778955766603093,0.8683882525208884,0.9937811300369416,0.031752795918730245,-0.569760764292671,False
1527,,0.5,0.2,0.15,0.15,0.4038903432398781,0.8980749112429329,0.8758277485048089,0.867357389187635,0.9938841255353239,0.03230380354294002,-0.49177823726234016,False
1528,,0.55,0.2,0.1,0.15,0.4038903432398781,0.8980749112429329,0.8756685087539566,0.8671940432043834,0.9938867339645959,0.03226310612947524,-0.48724341277893124,False
1529,,0.55,0.2,0.15,0.1,0.4038903432398781,0.8980749112429329,0.8764381205939406,0.867975180532263,0.9938854399657404,0.032294026001724534,-0.5044127267224863,False
1530,,0.6,0.2,0.1,0.1,0.4038903432398781,0.8980749112429329,0.8762571203227216,0.8677777430414445,0.9938893015307462,0.03225332858825977,-0.4998779022390567,False
1531,,0.7,0.2,0.05,0.05,0.4038903432398781,0.8980395651003543,0.8765962490378426,0.8681309625350841,0.9938867952592786,0.03220285363357952,-0.5079775672157798,False
1532,,0.55,0.05,0.1,0.3,0.4038903432398781,0.8964495147170431,0.8752813201777908,0.8663496837354633,0.9937200805330404,0.030838418930109454,-0.4346339283969327,False
1533,,0.55,0.05,0.15,0.25,0.4038903432398781,0.8964495147170431,0.8760687118175002,0.8674238824999606,0.9937213745318959,0.030869338802358717,-0.4518032423404852,False
1534,,0.6,0.05,0.1,0.25,0.4038903432398781,0.8964495147170431,0.8756927413671144,0.8670853671733617,0.9937214153950177,0.03082864138889396,-0.44726841785705806,False
1535,,0.65,0.05,0.05,0.25,0.4038903432398781,0.8964495147170431,0.8753771787105245,0.8666081630104613,0.9937227093938732,0.030787943975429194,-0.4427335933736418,False
1536,,0.5,0.05,0.25,0.2,0.4038903432398781,0.895067931419494,0.876922392599809,0.8683130761017863,0.9937212928056524,0.030940956088072746,-0.4735073807674738,False
1537,,0.85,0.05,0.05,0.05,0.4038903432398781,0.8948987070628635,0.8771659146615864,0.8688223769640538,0.9937213132372132,0.030748833810567245,-0.4932715512141833,False
1538,,0.1,0.05,0.55,0.3,0.4038903432398781,0.8921266085181758,0.876603478201596,0.8678680048043469,0.9937185549764949,0.031204695651292285,-0.4754473487477363,False
1539,,0.0,0.7,0.25,0.05,0.4037915167131766,0.9110402296329176,0.8721221775312056,0.8631980020738431,0.994174669141519,0.0372123760308167,-0.5751369184881068,False
1540,,0.05,0.75,0.2,0.0,0.4037915167131766,0.9110402296329176,0.8695934007346615,0.8617156258962713,0.9941740153315709,0.03764657435047453,-0.5881385887986825,False
1541,,0.05,0.65,0.3,0.0,0.4037915167131766,0.902146184467695,0.8737305412421126,0.8647741471173824,0.9941763853926326,0.036758622628728345,-0.5874042270978033,False
1542,,0.05,0.85,0.1,0.0,0.4037915167131765,0.9199233695121616,0.863831217783924,0.857609083819824,0.9941688665782298,0.03853452607222121,-0.588872950499574,False
1543,,0.2,0.45,0.35,0.0,0.403758553975964,0.9061637169396464,0.8813920322001553,0.8702572374991954,0.9941843400803342,0.03486062694484275,-0.572331030245766,False
1544,,0.25,0.35,0.4,0.0,0.403758553975964,0.9061295971614116,0.8820965774492883,0.8710175892014353,0.993977518200094,0.033931977809631184,-0.5670618440614521,False
1545,,0.15,0.45,0.35,0.05,0.403758553975964,0.9032130504905864,0.8816949501723403,0.8700459418199135,0.9941843400803342,0.03487040448605823,-0.5596965407856278,False
1546,,0.25,0.4,0.35,0.0,0.403758553975964,0.9032130504905864,0.8820464479655058,0.8708341344976911,0.9941738518790838,0.03437595367050428,-0.5674290249119025,False
1547,,0.05,0.4,0.45,0.1,0.403758553975964,0.9003127042408292,0.8820898674125843,0.8705523450136384,0.9941711685340886,0.0344769035798648,-0.5512296949584792,False
1548,,0.25,0.4,0.0,0.35,0.403758553975964,0.9058001483403256,0.8717388826864091,0.8603663382580372,0.9941726123643906,0.034159514564759366,-0.44724382730700374,False
1549,,0.25,0.4,0.3,0.05,0.403758553975964,0.904580816772434,0.8821728541220841,0.8706212873612719,0.9941738791211651,0.034345033798255035,-0.5502597109683479,False
1550,,0.05,0.4,0.1,0.45,0.403758553975964,0.9043664565840532,0.8705522116561744,0.859060510336477,0.9941117944181793,0.034260464474119866,-0.4310444973535793,False
1551,,0.1,0.4,0.1,0.4,0.403758553975964,0.9043664565840532,0.8712390535636485,0.8599641633293802,0.9941117944181793,0.03425068693290436,-0.4436789868137062,False
1552,,0.15,0.4,0.05,0.4,0.403758553975964,0.9043664565840532,0.8710471061819622,0.8596665034933434,0.9941117944181793,0.03420998951943959,-0.43914416233029474,False
1553,,0.2,0.4,0.0,0.4,0.403758553975964,0.9043664565840532,0.8708185806909965,0.8593555829793369,0.9941117944181793,0.034169292105974865,-0.4346093378468646,False
1554,,0.05,0.4,0.4,0.15,0.403758553975964,0.9031471250161616,0.8816423260471906,0.8699777568339063,0.9941712093972104,0.03444598370761552,-0.5340603810149176,False
1555,,0.1,0.4,0.35,0.15,0.403758553975964,0.9031471250161616,0.8815028975808877,0.8698002115238533,0.9941738927422056,0.034405286294150746,-0.5295255565314921,False
1556,,0.4,0.5,0.05,0.05,0.4037423535548961,0.913265763633496,0.8807837501464474,0.870559894805871,0.9941842106804486,0.03511089327960633,-0.5373895992189619,False
1557,,0.45,0.5,0.0,0.05,0.4037423535548961,0.913265763633496,0.8806439544168543,0.8704622107167382,0.9941842311120095,0.03507019586614151,-0.5328547747355346,False
1558,,0.55,0.4,0.0,0.05,0.4037423535548961,0.9103492169626708,0.8811318742530159,0.8712937868973846,0.994113115659116,0.03410084931746646,-0.5230507640678106,False
1559,,0.05,0.4,0.2,0.35,0.4034855666659907,0.9117605158938168,0.8729510091607801,0.8619477982306457,0.9941726123643906,0.034322304218618406,-0.46538312524068526,False
1560,,0.1,0.4,0.2,0.3,0.4034855666659907,0.9102938614003316,0.8755752673616769,0.8652890202246151,0.9941725987433501,0.03431252667740293,-0.47801761470082593,False
1561,,0.15,0.4,0.15,0.3,0.4034855666659907,0.9102938614003316,0.8748091345076215,0.8644422290671535,0.9941726123643906,0.03427182926393818,-0.4734827902173985,False
1562,,0.05,0.4,0.25,0.3,0.4034855666659907,0.9088098494447568,0.8763891555926252,0.8660757619236998,0.9941712775024133,0.03435322409086769,-0.4825524391842497,False
1563,,0.25,0.35,0.1,0.3,0.40343186223104,0.9097174209585512,0.8728333277597392,0.8631464342659138,0.9939722468573876,0.03374645857613553,-0.4640459604001206,False
1564,,0.15,0.0,0.7,0.15,0.4034178273627374,0.8829746396387466,0.8559104035850289,0.8443958085406811,0.9890722682015581,0.03081278199370147,-0.5220532852445401,False
1565,,0.1,0.3,0.0,0.6,0.4033842950489869,0.8954748085891542,0.8688729104725398,0.8569513444435558,0.9939496359300167,0.0332390557221604,-0.3742673693385865,False
1566,,0.15,0.3,0.0,0.55,0.4033842950489869,0.8954367772380363,0.8695898413331785,0.8577966141529563,0.9939496359300167,0.03322927818094491,-0.3869018587987394,False
1567,,0.5,0.3,0.2,0.0,0.4033635533512489,0.9067999105170188,0.8799788220729768,0.869423993612678,0.9939388276343126,0.03328451488143361,-0.5440205407939086,False
1568,,0.55,0.3,0.1,0.05,0.403335501572421,0.9044287527490208,0.8779068787468559,0.8683168521383637,0.9939441738927423,0.033212897595719576,-0.5223164023669283,False
1569,,0.2,0.0,0.05,0.75,0.4033347037631519,0.8641686809186366,0.8494948916712562,0.8360720718946607,0.9890770083236817,0.030401046113245418,-0.31148669343845037,False
1570,,0.25,0.0,0.0,0.75,0.4033347037631519,0.8641686809186366,0.849337852771826,0.8358872147742257,0.9890770083236817,0.03036034869978061,-0.30695186895500826,False
1571,,0.3,0.0,0.0,0.7,0.4033185033420839,0.8671896544880808,0.8498042132004545,0.8365071844879007,0.9890770083236817,0.03035057115856515,-0.31958635841514793,False
1572,,0.6,0.4,0.0,0.0,0.4031516038497836,0.9106537527280972,0.8821381392514626,0.8715629316988178,0.9941751526884597,0.034091071776250974,-0.5356852535279385,False
1573,,0.2,0.0,0.8,0.0,0.4031230412640871,0.8730298715218878,0.8561900794434039,0.8451313866456212,0.9890720638859494,0.03086484419698454,-0.5690264025917883,False
1574,,0.15,0.0,0.0,0.85,0.4031135574400724,0.8506019782907787,0.8485076761476158,0.8348076220815595,0.9890770083236817,0.030379903782211615,-0.28168289003474134,False
1575,,0.45,0.35,0.1,0.1,0.4025579231006095,0.9103150971844364,0.8788355523367458,0.869446013331556,0.9939748961497813,0.03370734841127359,-0.5145839182406559,False
1576,,0.3,0.4,0.15,0.15,0.4025579231006095,0.9089005511496748,0.8805766687200036,0.870302803853229,0.9941725919328297,0.034242496640291706,-0.51138625859781,False
1577,,0.0,0.35,0.4,0.25,0.4025579231006095,0.9074234240544856,0.8761563610099572,0.866715778497405,0.9939688279762008,0.03398086551570861,-0.5038893967607793,False
1578,,0.1,0.4,0.15,0.35,0.4025579231006094,0.910258515257753,0.872511465293506,0.8614066922451704,0.9941726123643906,0.03428160680515365,-0.4608483007572739,False
1579,,0.8,0.2,0.0,0.0,0.4025376535889452,0.9008592040526744,0.8772375746167148,0.8683580972974091,0.9938906363927235,0.032152378678899265,-0.5160772321924876,False
1580,,0.05,0.2,0.6,0.15,0.402524960363397,0.8896653984964876,0.8767410095790032,0.8669575698162886,0.9938852901342939,0.032670080264122874,-0.5325916576131423,False
1581,,0.1,0.25,0.6,0.05,0.402524960363397,0.8883380469711245,0.879502590828491,0.8692661574303624,0.993910652511863,0.033135198456030475,-0.5627626418672889,False
1582,,0.2,0.2,0.6,0.0,0.402524960363397,0.886800700192482,0.8789685346765422,0.8691247115641952,0.993886618185751,0.032640747640476406,-0.570495125993554,False
1583,,0.0,0.15,0.7,0.15,0.402524960363397,0.8851675498441476,0.8769949307277974,0.8672750792350313,0.9938519458269423,0.03226680181671563,-0.5367593012461306,False
1584,,0.1,0.1,0.75,0.05,0.402524960363397,0.8791622868454236,0.8776386752064523,0.8681903574241807,0.9937797815539238,0.03180327087341051,-0.5616610993159503,False
1585,,0.15,0.35,0.15,0.35,0.4025249603633969,0.9071430436237796,0.8721821966917281,0.8615341611028445,0.9939722468573876,0.03379693353081579,-0.4559462954233999,False
1586,,0.0,0.35,0.2,0.45,0.4025249603633969,0.9041743884942308,0.8710730994098816,0.8598164666453607,0.9939722468573876,0.03385718602671151,-0.435212140986568,False
1587,,0.05,0.35,0.2,0.4,0.4025249603633969,0.9041743884942308,0.8717186694190372,0.8607851031495383,0.993972233236347,0.033847408485496014,-0.4478466304466917,False
1588,,0.15,0.1,0.65,0.1,0.4024566514836058,0.881961361478177,0.8773904692641433,0.8676780011760512,0.9937837316556933,0.03173165358769646,-0.539956960888983,False
1589,,0.3,0.05,0.65,0.0,0.4024566514836058,0.8818930525983859,0.8776173138119517,0.8683265618968043,0.9937220692049658,0.031227425230928883,-0.5603239344753828,False
1590,,0.2,0.05,0.7,0.05,0.4024566514836058,0.8789193288549318,0.8776059512360482,0.8682223409521894,0.9937220555839251,0.03127790018560918,-0.5522242694986694,False
1591,,0.4,0.3,0.15,0.15,0.4024566514836057,0.9041416190273333,0.8758708341111398,0.8672369607065638,0.993944194324303,0.03327315009161533,-0.5015822479300718,False
1592,,0.45,0.3,0.15,0.1,0.4024566514836057,0.9011678952838794,0.8770459495203924,0.8681536692879124,0.9939441738927423,0.033263372550399795,-0.5142167373902209,False
1593,,0.2,0.15,0.55,0.1,0.4024566514836057,0.8894580884517477,0.8771682740800307,0.8674300153151686,0.9938520752268278,0.03213493203510585,-0.5357893172559974,False
1594,,0.45,0.3,0.1,0.15,0.4024566514836057,0.9071462907273956,0.8754455306702893,0.8668211287026418,0.9939442147558639,0.03323245267815055,-0.497047423446662,False
1595,,0.5,0.3,0.05,0.15,0.4024566514836057,0.9071462907273956,0.8750844026171167,0.8665528569155492,0.9939442147558639,0.0331917552646858,-0.4925125989632284,False
1596,,0.55,0.3,0.05,0.1,0.4024566514836057,0.9071462907273956,0.8763540148591781,0.8677501102014353,0.9939442147558639,0.033181977723470285,-0.5051470884233702,False
1597,,0.6,0.3,0.0,0.1,0.4024566514836057,0.9071462907273956,0.8759656677707643,0.8673973644036103,0.9939448549447715,0.03314128031000555,-0.5006122639399415,False
1598,,0.75,0.2,0.05,0.0,0.4024566514836057,0.9010462515810208,0.8774025296175503,0.8675202347037897,0.9938894445516723,0.032193076092364034,-0.5206120566759059,False
1599,,0.55,0.05,0.2,0.2,0.4024566514836057,0.8965016231757664,0.8767865374290462,0.8681998748989497,0.9937213745318959,0.030900258674607977,-0.46897255628403844,False
1600,,0.6,0.05,0.15,0.2,0.4024566514836057,0.8965016231757664,0.8763802633693663,0.867794960619005,0.9937213745318959,0.03085956126114322,-0.4644377318006341,False
1601,,0.6,0.05,0.2,0.15,0.4024566514836057,0.8965016231757664,0.8770761802786423,0.8685717676223993,0.9937212928056524,0.030890481133392496,-0.4816070457441748,False
1602,,0.65,0.05,0.15,0.15,0.4024566514836057,0.8965016231757664,0.8769501844505229,0.8685118726277916,0.9937213336687741,0.030849783719927745,-0.4770722212607498,False
1603,,0.7,0.05,0.1,0.15,0.4024566514836057,0.8965016231757664,0.8768067842601184,0.86831966043237,0.9937213745318959,0.030809086306462986,-0.47253739677733797,False
1604,,0.7,0.05,0.15,0.1,0.4024566514836057,0.8965016231757664,0.8771979206739104,0.868739943492246,0.9937212519425307,0.030840006178712263,-0.48970671072090044,False
1605,,0.75,0.05,0.1,0.1,0.4024566514836057,0.8965016231757664,0.8770583065067976,0.8686201274050012,0.9937213132372132,0.030799308765247498,-0.4851718862374639,False
1606,,0.8,0.05,0.05,0.1,0.4024566514836057,0.8965016231757664,0.8769888263289692,0.8686037191090725,0.9937213336687741,0.030758611351782726,-0.4806370617540501,False
1607,,0.9,0.05,0.0,0.05,0.4024566514836057,0.8965016231757664,0.87709894598345,0.8688324594292299,0.9937240033927288,0.030708136397102473,-0.48873672673076496,False
1608,,0.1,0.0,0.9,0.0,0.402398666488306,0.8585376770911578,0.8561729204660141,0.8451322402397723,0.9890720502649089,0.030946239023914034,-0.5780960515586275,False
1609,,0.0,0.75,0.2,0.05,0.4023578249569042,0.9125422302689812,0.870242687255419,0.8618343868904155,0.9941740153315709,0.03765635189169003,-0.5755040993385532,False
1610,,0.0,0.55,0.4,0.05,0.4023578249569042,0.9036319846826906,0.878163548122328,0.8676907078562531,0.9941778292229346,0.03588044844819821,-0.5740353759367773,False
1611,,0.0,0.65,0.3,0.05,0.4023578249569042,0.902146184467695,0.8741569705527583,0.8648005826444717,0.9941763853926326,0.03676840016994382,-0.5747697376376684,False
1612,,0.05,0.6,0.35,0.0,0.4023578249569042,0.8977605998980185,0.8757327434741876,0.86626771973474,0.994177815601894,0.03631464676785484,-0.587037046247359,False
1613,,0.05,0.5,0.4,0.05,0.4023248622196916,0.9034566789090128,0.8801793720990949,0.8690733027536618,0.9941841630068066,0.03539577517385975,-0.569133370602918,False
1614,,0.2,0.35,0.45,0.0,0.4023248622196916,0.9032622136488668,0.8821310630625627,0.8710531637067472,0.993977518200094,0.033972675223095924,-0.5715966685448781,False
1615,,0.15,0.45,0.4,0.0,0.4023248622196916,0.9018626416708292,0.8811933452176185,0.8701377308879519,0.9941843400803342,0.034901324358307506,-0.5768658547291934,False
1616,,0.15,0.4,0.45,0.0,0.4023248622196916,0.9003959871773443,0.8818415421742173,0.8707501906203228,0.9941698745352331,0.034457348497433815,-0.576498673878743,False
1617,,0.15,0.3,0.5,0.05,0.4023248622196916,0.9001872182884093,0.880778532190099,0.8701103804070361,0.9939362192050406,0.03353847690343765,-0.5585949982342979,False
1618,,0.0,0.5,0.4,0.1,0.4023248622196916,0.8975496461785892,0.8805136812866586,0.8691295119846852,0.9941841630068066,0.03540555271507527,-0.5564988811427823,False
1619,,0.0,0.45,0.45,0.1,0.4023248622196916,0.8974956409275869,0.8816924591977741,0.8700566034166388,0.9941816703563795,0.034961576854203244,-0.5561317002923323,False
1620,,0.05,0.45,0.45,0.05,0.4023248622196916,0.8974956409275869,0.8814575258203575,0.8703602907032544,0.9941816703563795,0.03495179931298774,-0.5687661897524823,False
1621,,0.05,0.4,0.35,0.2,0.4023248622196916,0.9031471250161616,0.8807285006560104,0.870398366268294,0.9941117399340169,0.03441506383536624,-0.516891067071368,False
1622,,0.15,0.4,0.35,0.1,0.4023248622196916,0.9031471250161616,0.8820873900894209,0.8704226222706923,0.9941738791211651,0.03439550875293529,-0.5421600459916303,False
1623,,0.25,0.0,0.7,0.05,0.4020003360275329,0.8815904835128847,0.8562547093608607,0.8450854770720349,0.9890721183701118,0.030793226911270493,-0.5473222641648072,False
1624,,0.2,0.0,0.75,0.05,0.4020003360275329,0.8801567917566123,0.8562223687715244,0.845061118064325,0.9890720911280305,0.030833924324735248,-0.5518570886482252,False
1625,,0.25,0.0,0.75,0.0,0.4020003360275329,0.8787231000003399,0.8561915876381874,0.8451263676452604,0.98907207750699,0.03082414678351976,-0.5644915781083601,False
1626,,0.0,0.3,0.5,0.2,0.4019981704747677,0.895191073498718,0.8761510913914786,0.8660084202367259,0.9939347481326575,0.03356780952708412,-0.5206915298538971,False
1627,,0.2,0.0,0.7,0.1,0.401984135606465,0.8815409478824742,0.8559857137133797,0.8445540359923771,0.9890721728542741,0.03080300445248598,-0.5346877747046703,False
1628,,0.5,0.35,0.0,0.15,0.4019835660299271,0.9073407422225838,0.876052734777298,0.8667872777709585,0.9939741401820289,0.033635731125559565,-0.4928797798136755,False
1629,,0.2,0.3,0.0,0.5,0.4019506032927145,0.8969034317315212,0.8702237781888934,0.8586298893293717,0.9939483010680394,0.03321950063972944,-0.39953634825886375,False
1630,,0.0,0.0,0.05,0.95,0.4017122665259358,0.8460973779305323,0.848119767341395,0.8342274302523514,0.9890770083236817,0.030440156278107353,-0.26094873559789067,False
1631,,0.0,0.0,0.15,0.85,0.4016798656838,0.855130037650203,0.8489092940168538,0.8353007453330995,0.9890770083236817,0.030501996022605907,-0.29528736348499507,False
1632,,0.05,0.0,0.1,0.85,0.4016798656838,0.855130037650203,0.8487605056939627,0.8351263009769767,0.9890770083236817,0.030461298609141155,-0.29075253900159115,False
1633,,0.1,0.0,0.05,0.85,0.4016798656838,0.8520880050269577,0.848634783590166,0.8349661543833233,0.9890770083236817,0.030420601195676373,-0.28621771451816413,False
1634,,0.0,0.35,0.45,0.2,0.4011242313443371,0.9046299799307144,0.8785215723460182,0.8674980560102578,0.9939688143551602,0.0340117853879579,-0.5210587107043358,False
1635,,0.0,0.25,0.6,0.15,0.4010912686071246,0.8883000156200065,0.8770902478562649,0.8671721844374457,0.9939106933749846,0.033154753538461486,-0.5374936629470155,False
1636,,0.0,0.25,0.65,0.1,0.4010912686071246,0.8869043552148521,0.8781990979801756,0.8682328726738774,0.9939087319451404,0.03318567341071074,-0.5546629768905698,False
1637,,0.1,0.2,0.6,0.1,0.4010912686071246,0.8867297061041517,0.8772508623292985,0.8675500596455333,0.993890438887635,0.03266030272290739,-0.5452261470732915,False
1638,,0.15,0.2,0.6,0.05,0.4010912686071246,0.886694359961573,0.8780215394794751,0.8685248312070171,0.9938866249962712,0.0326505251816919,-0.5578606365334133,False
1639,,0.15,0.2,0.65,0.0,0.4010912686071246,0.8853670084362096,0.8790961801268227,0.86923886985375,0.9938851539238881,0.03268144505394118,-0.5750299504769756,False
1640,,0.15,0.35,0.1,0.4,0.4010912686071246,0.9042247086935336,0.8713825755386027,0.8602180761391602,0.9939722468573876,0.03376601365856652,-0.4387769814798459,False
1641,,0.5,0.35,0.05,0.1,0.4010559224645459,0.9088484426909516,0.8783882399835677,0.8689959411314533,0.9939749165813422,0.03366665099780882,-0.5100490937572291,False
1642,,0.55,0.35,0.0,0.1,0.4010559224645458,0.9088304540104628,0.877985104541813,0.8687092093378359,0.9939755567702497,0.03362595358434406,-0.5055142692738135,False
1643,,0.25,0.05,0.7,0.0,0.4010229597273334,0.8804593608421135,0.8776163199631428,0.8682911723009334,0.9937219329945599,0.03126812264439368,-0.564858758958805,False
1644,,0.05,0.05,0.75,0.15,0.4010229597273334,0.8789193288549318,0.8773323228613017,0.8675390258790405,0.9937197944911881,0.0313381526815049,-0.5314901150618265,False
1645,,0.1,0.05,0.7,0.15,0.4010229597273334,0.8789193288549318,0.8771664012038336,0.867535746453948,0.9937198217332692,0.03129745526804014,-0.5269552905783972,False
1646,,0.15,0.05,0.7,0.1,0.4010229597273334,0.8789193288549318,0.877407293160141,0.867734450115607,0.9937220828260064,0.03128767772682464,-0.539589780038539,False
1647,,0.15,0.3,0.05,0.5,0.4010229597273334,0.8983371234877936,0.8703670482615139,0.8588652569998593,0.9939482602049177,0.03326019805319419,-0.404071172742293,False
1648,,0.2,0.3,0.05,0.45,0.4010229597273334,0.8983371234877936,0.8709079892210807,0.8596637617293612,0.9939495542037732,0.03325042051197869,-0.4167056622024353,False
1649,,0.25,0.3,0.0,0.45,0.4010229597273334,0.8983371234877936,0.8708082579224901,0.8594525451900181,0.9939496359300167,0.03320972309851392,-0.4121708377190042,False
1650,,0.0,0.05,0.8,0.15,0.4010229597273334,0.8789876377347232,0.8773767114583583,0.8676553354359704,0.9937220419628846,0.03137885009496965,-0.5360249395452414,False
1651,,0.15,0.1,0.75,0.0,0.4010229597273334,0.8777285950891511,0.8779065802695403,0.8684078368948168,0.9937807486478053,0.031793493332194986,-0.5742955887760947,False
1652,,0.05,0.05,0.8,0.1,0.4010229597273334,0.8775539459784508,0.8773980797261071,0.8678072516877164,0.9937219738576817,0.03136907255375418,-0.548659429005377,False
1653,,0.1,0.05,0.75,0.1,0.4010229597273334,0.8774856370986595,0.8773806272582686,0.8677539357251635,0.993722123689128,0.031328375140289424,-0.5441246045219488,False
1654,,0.65,0.05,0.1,0.2,0.4010229597273333,0.8949996225397029,0.8762875266921741,0.8677965460002798,0.9937213745318959,0.03081886384767846,-0.4599029073171985,False
1655,,0.7,0.05,0.05,0.2,0.4010229597273333,0.8949996225397029,0.8759272739671261,0.8673652920510512,0.9937213745318959,0.030778166434213702,-0.4553680828337874,False
1656,,0.75,0.05,0.05,0.15,0.4010229597273333,0.8949996225397029,0.8766324092296726,0.8681906488042762,0.9937213745318959,0.03076838889299821,-0.4680025722939095,False
1657,,0.8,0.05,0.0,0.15,0.4010229597273333,0.8949996225397029,0.876433567384821,0.8680624443669317,0.9937253791178279,0.03072769147953345,-0.46346774781049505,False
1658,,0.85,0.05,0.0,0.1,0.4010229597273333,0.8949996225397029,0.8767430281607008,0.8684500562952862,0.9937253791178279,0.030717913938317968,-0.47610223727061307,False
1659,,0.05,0.55,0.4,0.0,0.4009241332006318,0.8950124766829659,0.8777231847605944,0.8676896715553388,0.9941778292229346,0.035870670906982746,-0.586669865396915,False
1660,,0.15,0.35,0.5,0.0,0.4008911704634192,0.901878842091897,0.8824462406473246,0.8712131721551356,0.9939781583890014,0.0340133726365607,-0.5761314930282998,True
1661,,0.1,0.5,0.4,0.0,0.4008911704634192,0.9005023274082534,0.8797885529383773,0.8690930396742381,0.9941841630068066,0.0353859976326443,-0.5817678600630554,False
1662,,0.1,0.45,0.45,0.0,0.4008911704634192,0.9004289499145567,0.8810177084563754,0.8699983010094323,0.9941816703563795,0.034942021771772275,-0.5814006792126101,False
1663,,0.2,0.3,0.5,0.0,0.4008911704634192,0.9002201810256217,0.8818375450718366,0.8712427987080836,0.9939362192050406,0.03352869936222217,-0.5712294876944328,False
1664,,0.05,0.35,0.45,0.15,0.4008911704634192,0.9046299799307144,0.8801700706384233,0.8691287264765519,0.99396950902823,0.03400200784674239,-0.5336932001644814,False
1665,,0.05,0.35,0.55,0.05,0.4008911704634192,0.9004121875984121,0.8822883824486494,0.8711617040874965,0.993977518200094,0.03406384759124093,-0.5680318280515821,False
1666,,0.05,0.35,0.5,0.1,0.4008911704634192,0.9003618673991096,0.8812188288833946,0.8699338878036326,0.993977518200094,0.03403292771899167,-0.5508625141080336,False
1667,,0.1,0.35,0.5,0.05,0.4008911704634192,0.9003618673991096,0.8821344815606609,0.8710564308962311,0.993977518200094,0.03402315017777617,-0.5634970035681712,False
1668,,0.05,0.4,0.5,0.05,0.4008911704634192,0.8974956409275869,0.8820464669668203,0.8709103396930656,0.9941698745352331,0.034507823452114096,-0.5683990089020332,False
1669,,0.1,0.4,0.45,0.05,0.4008911704634192,0.8974453207282844,0.881925762057133,0.8705156448958916,0.9941698745352331,0.03446712603864933,-0.5638641844186083,False
1670,,0.05,0.35,0.4,0.2,0.4005855900979479,0.9049345156961404,0.8782447996628803,0.8681722277729311,0.9939681877872932,0.03397108797449312,-0.5165238862209192,False
1671,,0.25,0.35,0.0,0.4,0.4005852204162333,0.9013411247599208,0.8710148713648215,0.859645521389328,0.9939829257532061,0.033684618831636995,-0.42970733251300175,False
1672,,0.5,0.35,0.1,0.05,0.4005172812181566,0.9091697407725224,0.8800167744188032,0.8700088652321403,0.9939762105801978,0.033697570870058084,-0.5272184077007938,False
1673,only_recall,0.0,0.0,0.0,1.0,0.4002771813513771,0.8324355915046481,0.7364606702739662,0.7412250540448216,0.9888134820514867,0.030409236405858086,-0.24377942165433764,False
1674,,0.1,0.0,0.85,0.05,0.4002556577515422,0.8700885486205697,0.8561947776694134,0.8451043631047231,0.9890720638859494,0.030915319151664764,-0.5609267376150674,False
1675,,0.0,0.3,0.55,0.15,0.3996905395880647,0.8943841423835285,0.8782144287075456,0.8675683657839947,0.9939354428057273,0.03359872939933339,-0.5378608437974535,False
1676,,0.05,0.2,0.65,0.1,0.3996575768508522,0.8852960143478793,0.8772438900683474,0.8675832972997024,0.9938865705121089,0.03270100013637214,-0.5497609715567042,False
1677,,0.1,0.2,0.65,0.05,0.3996575768508522,0.8852606682053005,0.8781088307441064,0.8685444077403174,0.9938852084080504,0.03269122259515665,-0.5623954610168397,False
1678,,0.1,0.35,0.15,0.4,0.3996575768508522,0.905658400449806,0.871521091337812,0.8604781707715662,0.9939722468573876,0.03380671107203126,-0.44331180596327446,False
1679,,0.0,0.1,0.8,0.1,0.3996575768508521,0.8762949033328787,0.8773354300345823,0.8677122161308346,0.993781695310126,0.031853745828090745,-0.5535614343392425,False
1680,,0.0,0.15,0.75,0.1,0.3996575768508521,0.8748282488393939,0.8771912647471317,0.8676124682734151,0.9938531308574731,0.03229772168896491,-0.5539286151896863,False
1681,,0.05,0.15,0.75,0.05,0.3996575768508521,0.8734448772824239,0.8777336581469887,0.8683527855567681,0.9938531580995543,0.032287944147749416,-0.5665631046498171,False
1682,,0.45,0.35,0.05,0.15,0.3996222307082734,0.9058064100677063,0.876547970074771,0.8672747109058849,0.9939749165813422,0.03367642853902429,-0.49741460429710815,False
1683,,0.4,0.35,0.05,0.2,0.3996222307082734,0.9102243261561964,0.875024528468841,0.865792919459625,0.9939722196153064,0.0336862060802398,-0.4847801148369666,False
1684,,0.15,0.05,0.75,0.05,0.399589267971061,0.8790256690858411,0.8775836407869032,0.86819113278349,0.9937220010997628,0.03131859759907394,-0.5567590939820963,False
1685,,0.1,0.05,0.8,0.05,0.399589267971061,0.87766028620936,0.8775783535497602,0.868234092436574,0.9937218921314381,0.03135929501253869,-0.5612939184655165,False
1686,,0.2,0.05,0.75,0.0,0.399589267971061,0.8775919773295687,0.8775980020686757,0.8682663780716571,0.993721864889357,0.031308820057858455,-0.569393583442227,False
1687,,0.0,0.05,0.75,0.2,0.399589267971061,0.8774856370986595,0.8771091066261741,0.867357275977958,0.9937197944911881,0.03134793022272039,-0.5188556256016827,False
1688,,0.05,0.7,0.25,0.0,0.3994904414443593,0.9067391543641004,0.8716749074652069,0.863237452648327,0.994174669141519,0.037202598489601175,-0.5877714079482487,False
1689,,0.0,0.45,0.5,0.05,0.3994574787071469,0.8888934903899526,0.881325113526279,0.8702403568776602,0.9941816703563795,0.034992496726452535,-0.5733010142358983,False
1690,,0.0,0.35,0.55,0.1,0.3994574787071468,0.8989281756428372,0.8816966037025378,0.8703646740857576,0.993977518200094,0.03407362513245642,-0.5553973385914521,False
1691,,0.0,0.4,0.5,0.1,0.3994574787071468,0.896011628972012,0.8820331480109104,0.8704751196337105,0.9941698745352331,0.03451760099332956,-0.5557645194419002,False
1692,,0.0,0.3,0.6,0.1,0.3994574787071468,0.8943841423835285,0.8804956269561119,0.8698970686465172,0.9939341488068718,0.03362964927158264,-0.5550301577410135,False
1693,,0.0,0.4,0.4,0.2,0.3991518983416754,0.9034678612026557,0.8810816669539312,0.8702477331254446,0.9941097103989698,0.03445576124883103,-0.5214258915547835,False
1694,,0.2,0.35,0.05,0.4,0.3991515286599609,0.9013411247599208,0.8711860354573441,0.8598926797761849,0.9939827078165567,0.03372531624510175,-0.43424215699643465,False
1695,,0.1,0.35,0.05,0.5,0.3991515286599609,0.8969034317315212,0.8699713035815884,0.8582245120602299,0.9939829257532061,0.03374487132753272,-0.40897317807615463,False
1696,,0.15,0.0,0.75,0.1,0.3991167520939202,0.8786735643699294,0.8559453791345973,0.8445650649795994,0.9890721047490711,0.030843701865950753,-0.5392225991880987,False
1697,,0.05,0.0,0.75,0.2,0.3991167520939202,0.8757570176991043,0.8558776627594316,0.8442292342776979,0.9890723635488422,0.030863256948381722,-0.5139536202678248,False
1698,,0.05,0.0,0.0,0.95,0.3988448830133909,0.8429544298304477,0.8481097219736625,0.8342150574028229,0.9890770083236817,0.03039945886464258,-0.25641391111448,False
1699,,0.0,0.0,0.1,0.9,0.3988124821712552,0.8491166646888701,0.8483889443306379,0.8346120862859389,0.9890770083236817,0.030471076150356626,-0.2781180495414439,False
1700,,0.1,0.0,0.0,0.9,0.3988124821712552,0.8490972924461757,0.8482041919096684,0.8343551857380939,0.9890770083236817,0.03038968132342711,-0.26904840057459767,False
1701,,0.0,0.35,0.5,0.15,0.3982568478317923,0.9003289046618971,0.8803937587200574,0.8692495005538109,0.993973350161675,0.03404270526020717,-0.538228024647897,False
1702,,0.0,0.2,0.65,0.15,0.3982238850945798,0.8852960143478793,0.8767474783974154,0.8670342375731144,0.9938852901342939,0.03271077767758763,-0.537126482096573,False
1703,,0.15,0.35,0.05,0.45,0.3982238850945798,0.8983371234877936,0.8706181005073199,0.8591057495260292,0.9939829257532061,0.03373509378631723,-0.4216076675362914,False
1704,,0.05,0.1,0.8,0.05,0.3982238850945797,0.873427519820334,0.8777277840678894,0.8682562599145381,0.993780721405724,0.03184396828687526,-0.566195923799371,False
1705,,0.1,0.15,0.75,0.0,0.3982238850945797,0.8720111855261515,0.8782122768197785,0.8686998761054151,0.9938544929615316,0.03227816660653395,-0.5791975941099476,False
1706,,0.1,0.1,0.8,0.0,0.3982238850945797,0.8705601363077891,0.87791385025361,0.8684375801211645,0.9937806396794806,0.03183419074565977,-0.5788304132595126,False
1707,,0.15,0.3,0.55,0.0,0.3980237869508745,0.897352797513077,0.8819616128750517,0.8712901343764218,0.9939388889289953,0.03356939677568694,-0.5757643121778622,False
1708,,0.1,0.4,0.5,0.0,0.3980237869508745,0.8960949119085271,0.8818667490244562,0.8707800974730031,0.9941698745352331,0.0344980459108986,-0.5810334983621643,False
1709,,0.0,0.35,0.6,0.05,0.3980237869508745,0.8903763453045053,0.8825808064812771,0.8714498533341771,0.9939781583890014,0.03410454500470568,-0.5725666525350093,True
1710,,0.1,0.3,0.55,0.05,0.3980237869508744,0.895886143019592,0.8813364911529961,0.8708608352252519,0.9939361919629595,0.03357917431690241,-0.5631298227177264,False
1711,,0.15,0.0,0.8,0.05,0.3976992607587157,0.8758395160667272,0.8562074000666919,0.8451152203117843,0.9890720638859494,0.03087462173820004,-0.5563919131316546,False
1712,only_precision,0.0,0.0,1.0,0.0,0.3976836514887443,0.8580264147640855,0.8479799474401806,0.839353042570662,0.9888035727444613,0.031027633850843565,-0.587165700525468,False
1713,,0.1,0.0,0.75,0.15,0.3976830603376478,0.8772236721925891,0.8558833428872883,0.8443612243683238,0.9890721592332334,0.030853479407166214,-0.5265881097279466,False
1714,,0.1,0.0,0.8,0.1,0.3976830603376478,0.8757899804363167,0.8559260668955831,0.8445557944309291,0.98907207750699,0.030884399279415498,-0.5437574236715108,False
1715,,0.0,0.0,0.8,0.2,0.3976830603376478,0.8743233259428318,0.8558802782497497,0.8442781455579044,0.9890722545805176,0.030903954361846488,-0.5184884447512424,False
1716,,0.05,0.0,0.8,0.15,0.3976830603376478,0.8743233259428318,0.8559610307011055,0.8444789605574647,0.9890721319911523,0.03089417682063099,-0.5311229342113781,False
1717,,0.0,0.8,0.2,0.0,0.3975343088627656,0.898484935921466,0.8665874531000355,0.8601445277031002,0.9941058692655249,0.038131247624812736,-0.5930405941325481,False
1718,,0.05,0.0,0.05,0.9,0.3973787904149828,0.8475766327016885,0.8482868565846219,0.8344691980579414,0.9890770083236817,0.03043037873689185,-0.2735832250580341,False
1719,,0.05,0.0,0.95,0.0,0.3969829357700332,0.8571722942146768,0.8561588524213816,0.8451149343999079,0.9890720502649089,0.03098693643737881,-0.5826308760420427,False
1720,,0.0,0.2,0.7,0.1,0.3967901933383074,0.8824286308353345,0.8774913165910189,0.8678227093162987,0.993889042730975,0.0327416975498369,-0.5542957960401309,False
1721,,0.05,0.2,0.7,0.05,0.3967901933383074,0.8810659331673925,0.8782266688823478,0.8687015627733948,0.9938851947870099,0.03273192000862139,-0.5669302855002624,False
1722,,0.05,0.15,0.8,0.0,0.3967901933383074,0.8678164504882436,0.8781925615094807,0.8686810454653405,0.9938530899943514,0.03231886401999868,-0.5837324185933715,False
1723,,0.05,0.45,0.5,0.0,0.3965900951946021,0.8903931076206498,0.8808577662365943,0.8698743021381052,0.9941816703563795,0.03498271918523702,-0.5859355036960354,False
1724,,0.05,0.3,0.6,0.05,0.396590095194602,0.8915167588709837,0.881642676122354,0.8710612446289507,0.9939388072027517,0.03361987173036718,-0.5676646472011391,False
1725,,0.0,0.4,0.55,0.05,0.396590095194602,0.8874597986336802,0.881845404757792,0.8708922080732314,0.9941090565890217,0.03454852086557882,-0.5729338333854495,False
1726,,0.1,0.25,0.65,0.0,0.3965571324573896,0.8827219090251286,0.8810313586134837,0.870802737471299,0.993908650218897,0.033166118328279766,-0.5799319558108447,False
1727,,0.0,0.15,0.85,0.0,0.396267752512986,0.8681294216054377,0.8780748336139698,0.8692012644342855,0.9937857203276187,0.032359561433463455,-0.5882672430768068,False
1728,,0.0,0.0,0.85,0.15,0.3962493685813754,0.8728896341865594,0.8559214755308423,0.8444980762155663,0.98907207750699,0.030934874234095758,-0.535657758694799,False
1729,,0.0,0.85,0.15,0.0,0.3961006171064931,0.9088017675569824,0.8633368599357546,0.8581170424620603,0.994102191584567,0.038575223485685976,-0.5934077749829967,False
1730,,0.0,0.6,0.4,0.0,0.3961006171064931,0.8838399233100857,0.875389670609632,0.8666886286389794,0.9941111406082312,0.03635534418131958,-0.591571870730776,False
1731,,0.15,0.0,0.85,0.0,0.395954582482725,0.8657931038607346,0.8561811784729322,0.8451320888671751,0.9890720638859494,0.030905541610449293,-0.5735612270752004,False
1732,,0.05,0.0,0.9,0.05,0.395954582482725,0.859881229037589,0.8561958736457872,0.8451126824625559,0.9890720638859494,0.03095601656512954,-0.5654615620984933,False
1733,,0.0,0.15,0.8,0.05,0.3953565015820349,0.866276418501062,0.8777726272984785,0.8683795561263892,0.9938543703721663,0.032328641561214184,-0.5710979291332358,False
1734,,0.15,0.05,0.8,0.0,0.3952881927022437,0.8732909020607514,0.8776539486890091,0.8682905292851401,0.9937230771619691,0.03134951747132322,-0.5739284079256495,False
1735,,0.1,0.35,0.55,0.0,0.3951564034383297,0.8961440750668074,0.8823580512381017,0.8712189051673843,0.9939788530620712,0.03405407005002546,-0.580666317511718,False
1736,,0.05,0.5,0.45,0.0,0.3951564034383297,0.8890327933580741,0.8794711814451052,0.868833002113468,0.9941841630068066,0.03542669504610905,-0.5863026845464789,False
1737,,0.1,0.2,0.7,0.0,0.3951234407011171,0.8781985496548477,0.8791745831076295,0.8692901851819046,0.993888995057333,0.03272214246740591,-0.5795647749603942,False
1738,,0.0,0.0,0.9,0.1,0.3939974305450133,0.8642359370852785,0.8562166621441766,0.84503256657394,0.9890720638859494,0.030965794106345014,-0.5528270726383564,False
1739,,0.0,0.05,0.85,0.1,0.3939228098257625,0.8719255191842703,0.8775205907522227,0.8681580886070762,0.9937218921314381,0.03140976996721894,-0.5531942534887995,False
1740,,0.0,0.1,0.85,0.05,0.3939228098257625,0.8662590610389719,0.8777257382870888,0.8682588213118185,0.9937806396794806,0.03188466570034001,-0.5707307482828032,False
1741,,0.1,0.05,0.85,0.0,0.3938545009459714,0.8661062428583217,0.8776356576339749,0.8683144563099782,0.9937244120239463,0.03139021488478797,-0.5784632324090704,False
1742,,0.0,0.2,0.8,0.0,0.39380315189232,0.8692833666714815,0.8793245731858881,0.8699861191133418,0.9938195618029517,0.03280353729433546,-0.5886344239272358,False
1743,,0.05,0.35,0.6,0.0,0.3937227116820573,0.8889756162854453,0.8824363943346696,0.8712311459909005,0.9939788530620712,0.03409476746349021,-0.5852011419951404,False
1744,,0.0,0.3,0.65,0.05,0.3937227116820573,0.8814629278965882,0.881786273123366,0.8712408542977165,0.9939388480658735,0.033660569143831955,-0.5721994716845672,False
1745,,0.05,0.4,0.55,0.0,0.3937227116820572,0.8860590696146202,0.8816529253410234,0.8707535820058577,0.9941090565890217,0.034538743324363325,-0.5855683228455862,False
1746,,0.05,0.25,0.65,0.05,0.3936897489448447,0.8841052805820985,0.8799471245193744,0.8697250543786872,0.9939086910820187,0.03317589586949525,-0.5672974663507071,False
1747,,0.0,0.25,0.7,0.05,0.3936897489448447,0.8769368218007364,0.880315373888183,0.8700447183625976,0.9939105707856194,0.033216593282960026,-0.5718322908341301,False
1748,,0.0,0.2,0.75,0.05,0.3936897489448447,0.8738974743860305,0.8783665703689795,0.8687673023831493,0.993885126681807,0.03277261742208618,-0.5714651099836889,False
1749,,0.05,0.2,0.75,0.0,0.3936897489448447,0.8709111867161575,0.8792936512025111,0.8693527889523819,0.9938850994397257,0.03276283988087069,-0.5840995994438176,False
1750,,0.0,0.1,0.9,0.0,0.3934003690004412,0.8665720321561662,0.8777637386382484,0.8689994795110927,0.9937151769584298,0.03191558557258931,-0.5879000622263578,False
1751,,0.05,0.0,0.85,0.1,0.3933819850688306,0.8714727047464317,0.8562489010403528,0.8450639574724989,0.9890720638859494,0.03092509669288027,-0.5482922481549433,False
1752,,0.0,0.55,0.45,0.0,0.3932332335939483,0.888191949996604,0.8773580820587578,0.8680651572936049,0.9941111542292718,0.035911368320447494,-0.5912046898803347,False
1753,,0.05,0.1,0.85,0.0,0.3924891180694901,0.8647570604029083,0.8779064530167825,0.8684303298376066,0.9937805988163588,0.03187488815912452,-0.5833652377429395,False
1754,,0.05,0.05,0.85,0.05,0.3924208091896989,0.8704918274279979,0.8775915963338904,0.8682673170601981,0.9937217559210323,0.03139999242600347,-0.565828742948937,False
1755,,0.1,0.3,0.6,0.0,0.3922890199257849,0.8916000418074986,0.8820504027400285,0.8713850030091527,0.9939388480658735,0.033610094189151694,-0.5802991366612883,False
1756,,0.0,0.5,0.45,0.05,0.3922890199257848,0.8933338686268912,0.8801084618768837,0.8693158338682989,0.9941841630068066,0.03543647258732454,-0.5736681950863312,False
1757,,0.05,0.25,0.7,0.0,0.3922560571885723,0.8755534502437665,0.8812541460159334,0.8709514518455461,0.9939105707856194,0.033206815741744534,-0.5844667802942591,False
1758,,0.0,0.7,0.3,0.0,0.3922027705553774,0.8927501688963766,0.8713264007761872,0.8636969669993867,0.9941079941478561,0.037243295903065986,-0.5923062324316694,False
1759,,0.0,0.75,0.25,0.0,0.391799541837676,0.8941838606526489,0.8692029664378799,0.8620723406330153,0.994107340337908,0.03768727176393928,-0.5926734132821052,False
1760,,0.0,0.65,0.35,0.0,0.3917995418376759,0.885289815487426,0.8734012724150961,0.8652281423841259,0.9941097103989698,0.03679932004219311,-0.5919390515812266,False
1761,,0.0,0.0,0.95,0.05,0.391559155264662,0.8586221863920172,0.8561888329624654,0.8450912263621304,0.9890720502649089,0.0309967139785943,-0.5699963865819204,False
1762,,0.0,0.25,0.75,0.0,0.3912079835156438,0.8755740464015862,0.8814411694128436,0.8717433421010198,0.9938429082665142,0.033247513155209296,-0.5890016047776849,False
1763,,0.05,0.05,0.9,0.0,0.3910554263132178,0.8618051675895045,0.8775987834548331,0.8682826539516835,0.9937244120239463,0.03143091229825274,-0.5829980568924891,False
1764,,0.05,0.3,0.65,0.0,0.3908553281695125,0.8815312367763793,0.8821066247819089,0.8714240286569611,0.9939388480658735,0.03365079160261647,-0.5848339611447062,False
1765,,0.0,0.05,0.9,0.05,0.3896217345569453,0.8632550597668448,0.8775800785872467,0.868238603381931,0.9937223824888992,0.031440689839468225,-0.5703635674323579,False
1766,,0.0,0.05,0.95,0.0,0.389099293731624,0.8577156832880195,0.8773853273593318,0.8688024278020445,0.9936576825461212,0.031471609711717446,-0.5875328813759146,False
1767,,0.0,0.5,0.5,0.0,0.3888991955879187,0.8836459584279845,0.8792420875467709,0.8693556266911755,0.9941154039939343,0.03546739245957383,-0.5908375090298974,False
1768,,0.0,0.45,0.55,0.0,0.3888991955879187,0.8835725809342878,0.8805724494559937,0.8703258149760096,0.9941149953627167,0.03502341659870182,-0.5904703281794541,False
1769,,0.0,0.4,0.6,0.0,0.3888991955879187,0.882105926440803,0.8818611999740037,0.8714789109686979,0.9941038805935996,0.03457944073782812,-0.590103147329008,False
1770,,0.0,0.35,0.65,0.0,0.3874655038316463,0.8835204724755645,0.8824481137057615,0.8718492110537943,0.9939121780684084,0.03413546487695497,-0.5897359664785613,False
1771,,0.0,0.3,0.7,0.0,0.386015611654306,0.8774928124254538,0.8822123113621976,0.8720801916532017,0.9938720913459672,0.03369148901608121,-0.5893687856281287,False
