item,difficulty,se
abt_buy/abt_buy_1001_1058,1.324259679995773,1.1001516874047268
abt_buy/abt_buy_1001_661,-3.7724785602928548,10.235747141726414
abt_buy/abt_buy_1019_171,-3.7724785602928548,10.235747141726414
abt_buy/abt_buy_1034_463,-3.7724785602928548,10.235747141726414
abt_buy/abt_buy_1050_332,-3.7724785602928548,10.235747141726414
abt_buy/abt_buy_1053_357,1.3242596799958521,1.100151687404697
abt_buy/abt_buy_110_84,2.223076662796132,0.8383601029918861
abt_buy/abt_buy_114_124,-3.7724785602928548,10.235747141726414
abt_buy/abt_buy_117_521,-3.7724785602928548,10.235747141726414
abt_buy/abt_buy_156_190,-3.7724785602928548,10.235747141726414
abt_buy/abt_buy_160_4,-3.7724785602928548,10.235747141726414
abt_buy/abt_buy_195_283,-3.7724785602928548,10.235747141726414
abt_buy/abt_buy_200_133,-3.7724785602928548,10.235747141726414
abt_buy/abt_buy_223_361,-3.7724785602928548,10.235747141726414
abt_buy/abt_buy_241_415,-3.7724785602928548,10.235747141726414
abt_buy/abt_buy_244_328,-3.7724785602928548,10.235747141726414
abt_buy/abt_buy_245_215,1.3242596799958521,1.100151687404697
abt_buy/abt_buy_250_633,-3.7724785602928548,10.235747141726414
abt_buy/abt_buy_256_626,-3.7724785602928548,10.235747141726414
abt_buy/abt_buy_265_364,1.3242596799958521,1.100151687404697
abt_buy/abt_buy_281_280,2.2230766627961382,0.8383601029918849
abt_buy/abt_buy_305_398,-3.7724785602928548,10.235747141726414
abt_buy/abt_buy_328_392,-3.7724785602928548,10.235747141726414
abt_buy/abt_buy_329_883,-3.7724785602928548,10.235747141726414
abt_buy/abt_buy_331_389,-3.7724785602928548,10.235747141726414
abt_buy/abt_buy_33_198,2.223076662796148,0.8383601029918827
abt_buy/abt_buy_345_661,-3.7724785602928548,10.235747141726414
abt_buy/abt_buy_41_811,5.267740726966652,0.8071014562516065
abt_buy/abt_buy_424_149,-3.7724785602928548,10.235747141726414
abt_buy/abt_buy_427_1075,-3.7724785602928548,10.235747141726414
abt_buy/abt_buy_42_801,-3.7724785602928548,10.235747141726414
abt_buy/abt_buy_434_6,-3.7724785602928548,10.235747141726414
abt_buy/abt_buy_436_740,-3.7724785602928548,10.235747141726414
abt_buy/abt_buy_443_581,-3.7724785602928548,10.235747141726414
abt_buy/abt_buy_449_754,-3.7724785602928548,10.235747141726414
abt_buy/abt_buy_458_980,-3.7724785602928548,10.235747141726414
abt_buy/abt_buy_45_1085,4.225060337077709,0.6729515235179299
abt_buy/abt_buy_476_578,-3.7724785602928548,10.235747141726414
abt_buy/abt_buy_480_629,-3.7724785602928548,10.235747141726414
abt_buy/abt_buy_485_551,-3.7724785602928548,10.235747141726414
abt_buy/abt_buy_487_993,-3.7724785602928548,10.235747141726414
abt_buy/abt_buy_488_494,-3.7724785602928548,10.235747141726414
abt_buy/abt_buy_491_1058,-3.7724785602928548,10.235747141726414
abt_buy/abt_buy_495_629,-3.7724785602928548,10.235747141726414
abt_buy/abt_buy_498_556,-3.7724785602928548,10.235747141726414
abt_buy/abt_buy_507_610,-3.7724785602928548,10.235747141726414
abt_buy/abt_buy_522_936,-3.7724785602928548,10.235747141726414
abt_buy/abt_buy_529_594,-3.7724785602928548,10.235747141726414
abt_buy/abt_buy_533_636,-3.7724785602928548,10.235747141726414
abt_buy/abt_buy_541_725,-3.7724785602928548,10.235747141726414
abt_buy/abt_buy_545_692,-3.7724785602928548,10.235747141726414
abt_buy/abt_buy_546_831,-3.7724785602928548,10.235747141726414
abt_buy/abt_buy_550_594,-3.7724785602928548,10.235747141726414
abt_buy/abt_buy_567_657,-3.7724785602928548,10.235747141726414
abt_buy/abt_buy_608_686,-3.7724785602928548,10.235747141726414
abt_buy/abt_buy_608_697,-3.7724785602928548,10.235747141726414
abt_buy/abt_buy_623_588,-3.7724785602928548,10.235747141726414
abt_buy/abt_buy_638_889,-3.7724785602928548,10.235747141726414
abt_buy/abt_buy_640_37,-3.7724785602928548,10.235747141726414
abt_buy/abt_buy_644_633,-3.7724785602928548,10.235747141726414
abt_buy/abt_buy_656_989,-3.7724785602928548,10.235747141726414
abt_buy/abt_buy_661_669,-3.7724785602928548,10.235747141726414
abt_buy/abt_buy_663_255,-3.7724785602928548,10.235747141726414
abt_buy/abt_buy_675_834,-3.7724785602928548,10.235747141726414
abt_buy/abt_buy_682_1077,-3.7724785602928548,10.235747141726414
abt_buy/abt_buy_683_890,-3.7724785602928548,10.235747141726414
abt_buy/abt_buy_695_744,-3.7724785602928548,10.235747141726414
abt_buy/abt_buy_714_325,-3.7724785602928548,10.235747141726414
abt_buy/abt_buy_759_912,1.324259679995773,1.1001516874047268
abt_buy/abt_buy_76_112,-3.7724785602928548,10.235747141726414
abt_buy/abt_buy_772_797,-3.7724785602928548,10.235747141726414
abt_buy/abt_buy_777_301,-3.7724785602928548,10.235747141726414
abt_buy/abt_buy_795_821,-3.7724785602928548,10.235747141726414
abt_buy/abt_buy_805_470,-3.7724785602928548,10.235747141726414
abt_buy/abt_buy_811_684,-3.7724785602928548,10.235747141726414
abt_buy/abt_buy_814_702,2.223076662796132,0.8383601029918861
abt_buy/abt_buy_827_5,-3.7724785602928548,10.235747141726414
abt_buy/abt_buy_841_736,-3.7724785602928548,10.235747141726414
abt_buy/abt_buy_847_695,-3.7724785602928548,10.235747141726414
abt_buy/abt_buy_848_816,-3.7724785602928548,10.235747141726414
abt_buy/abt_buy_875_1061,-3.7724785602928548,10.235747141726414
abt_buy/abt_buy_896_946,-3.7724785602928548,10.235747141726414
abt_buy/abt_buy_907_625,-3.7724785602928548,10.235747141726414
abt_buy/abt_buy_907_947,-3.7724785602928548,10.235747141726414
abt_buy/abt_buy_918_1005,-3.7724785602928548,10.235747141726414
abt_buy/abt_buy_918_1011,-3.7724785602928548,10.235747141726414
abt_buy/abt_buy_919_1008,-3.7724785602928548,10.235747141726414
abt_buy/abt_buy_924_742,-3.7724785602928548,10.235747141726414
abt_buy/abt_buy_925_864,-3.7724785602928548,10.235747141726414
abt_buy/abt_buy_948_736,-3.7724785602928548,10.235747141726414
abt_buy/abt_buy_94_964,-3.7724785602928548,10.235747141726414
abt_buy/abt_buy_952_856,-3.7724785602928548,10.235747141726414
abt_buy/abt_buy_955_913,-3.7724785602928548,10.235747141726414
abt_buy/abt_buy_967_725,-3.7724785602928548,10.235747141726414
abt_buy/abt_buy_96_100,-3.7724785602928548,10.235747141726414
abt_buy/abt_buy_96_232,-3.7724785602928548,10.235747141726414
abt_buy/abt_buy_985_607,-3.7724785602928548,10.235747141726414
abt_buy/abt_buy_987_791,-3.7724785602928548,10.235747141726414
abt_buy/abt_buy_987_992,-3.7724785602928548,10.235747141726414
abt_buy/abt_buy_9_57,2.831613682784349,0.7331238723185536
alaska_camera/alaska_camera_buy.net__5698__www.ebay.com__46098,-3.7724785602928548,10.235747141726414
alaska_camera/alaska_camera_buy.net__5791__www.ebay.com__45164,-3.7724785602928548,10.235747141726414
alaska_camera/alaska_camera_buy.net__5791__www.ebay.com__56341,1.3242596799958521,1.100151687404697
alaska_camera/alaska_camera_cammarkt.com__310__www.ebay.com__58377,-3.7724785602928548,10.235747141726414
alaska_camera/alaska_camera_www.buzzillions.com__2063__www.ebay.com__53529,-3.7724785602928548,10.235747141726414
alaska_camera/alaska_camera_www.camerafarm.com.au__811__www.shopmania.in__1284,-3.7724785602928548,10.235747141726414
alaska_camera/alaska_camera_www.ebay.com__24596__www.ebay.com__58716,-3.7724785602928548,10.235747141726414
alaska_camera/alaska_camera_www.ebay.com__24887__www.ebay.com__54386,-3.7724785602928548,10.235747141726414
alaska_camera/alaska_camera_www.ebay.com__41959__www.ebay.com__42209,-3.7724785602928548,10.235747141726414
alaska_camera/alaska_camera_www.ebay.com__41983__www.ebay.com__47932,1.3242596799958521,1.100151687404697
alaska_camera/alaska_camera_www.ebay.com__41983__www.ebay.com__54497,-3.7724785602928548,10.235747141726414
alaska_camera/alaska_camera_www.ebay.com__41983__www.shopbot.com.au__260,-3.7724785602928548,10.235747141726414
alaska_camera/alaska_camera_www.ebay.com__42595__www.ebay.com__54706,-3.7724785602928548,10.235747141726414
alaska_camera/alaska_camera_www.ebay.com__42598__www.ebay.com__45101,-3.7724785602928548,10.235747141726414
alaska_camera/alaska_camera_www.ebay.com__42754__www.ebay.com__24799,-3.7724785602928548,10.235747141726414
alaska_camera/alaska_camera_www.ebay.com__43023__www.ebay.com__45540,-3.7724785602928548,10.235747141726414
alaska_camera/alaska_camera_www.ebay.com__43368__www.ebay.com__48305,-3.7724785602928548,10.235747141726414
alaska_camera/alaska_camera_www.ebay.com__43543__www.ebay.com__45184,-3.7724785602928548,10.235747141726414
alaska_camera/alaska_camera_www.ebay.com__43762__www.ebay.com__44094,-3.7724785602928548,10.235747141726414
alaska_camera/alaska_camera_www.ebay.com__43762__www.ebay.com__48111,-3.7724785602928548,10.235747141726414
alaska_camera/alaska_camera_www.ebay.com__43907__www.ebay.com__56012,-3.7724785602928548,10.235747141726414
alaska_camera/alaska_camera_www.ebay.com__43998__www.ebay.com__59297,-3.7724785602928548,10.235747141726414
alaska_camera/alaska_camera_www.ebay.com__44368__www.ebay.com__48188,-3.7724785602928548,10.235747141726414
alaska_camera/alaska_camera_www.ebay.com__44475__www.ebay.com__55745,-3.7724785602928548,10.235747141726414
alaska_camera/alaska_camera_www.ebay.com__44533__www.ebay.com__55574,-3.7724785602928548,10.235747141726414
alaska_camera/alaska_camera_www.ebay.com__45082__cammarkt.com__414,-3.7724785602928548,10.235747141726414
alaska_camera/alaska_camera_www.ebay.com__45184__www.shopmania.in__1646,-3.7724785602928548,10.235747141726414
alaska_camera/alaska_camera_www.ebay.com__46090__www.priceme.co.nz__1980,-3.7724785602928548,10.235747141726414
alaska_camera/alaska_camera_www.ebay.com__46356__www.price-hunt.com__9553,-3.7724785602928548,10.235747141726414
alaska_camera/alaska_camera_www.ebay.com__46558__www.ebay.com__53237,-3.7724785602928548,10.235747141726414
alaska_camera/alaska_camera_www.ebay.com__46766__www.ebay.com__52942,-3.7724785602928548,10.235747141726414
alaska_camera/alaska_camera_www.ebay.com__46788__www.ebay.com__55172,-3.7724785602928548,10.235747141726414
alaska_camera/alaska_camera_www.ebay.com__46807__www.ebay.com__60737,-3.7724785602928548,10.235747141726414
alaska_camera/alaska_camera_www.ebay.com__46888__www.ebay.com__54892,-3.7724785602928548,10.235747141726414
alaska_camera/alaska_camera_www.ebay.com__47074__www.ebay.com__47139,-3.7724785602928548,10.235747141726414
alaska_camera/alaska_camera_www.ebay.com__47412__www.shopbot.com.au__1281,2.8316136827843494,0.7331238723185535
alaska_camera/alaska_camera_www.ebay.com__47590__www.ebay.com__54359,-3.7724785602928548,10.235747141726414
alaska_camera/alaska_camera_www.ebay.com__47739__www.ebay.com__48251,-3.7724785602928548,10.235747141726414
alaska_camera/alaska_camera_www.ebay.com__47748__www.ebay.com__24681,-3.7724785602928548,10.235747141726414
alaska_camera/alaska_camera_www.ebay.com__48245__www.ebay.com__53233,-3.7724785602928548,10.235747141726414
alaska_camera/alaska_camera_www.ebay.com__48268__www.ebay.com__57071,-3.7724785602928548,10.235747141726414
alaska_camera/alaska_camera_www.ebay.com__48411__www.priceme.co.nz__1985,-3.7724785602928548,10.235747141726414
alaska_camera/alaska_camera_www.ebay.com__48415__www.gosale.com__1122,1.3242596799958521,1.100151687404697
alaska_camera/alaska_camera_www.ebay.com__48527__www.ebay.com__45190,-3.7724785602928548,10.235747141726414
alaska_camera/alaska_camera_www.ebay.com__48966__www.ebay.com__43543,-3.7724785602928548,10.235747141726414
alaska_camera/alaska_camera_www.ebay.com__52889__www.ebay.com__45217,-3.7724785602928548,10.235747141726414
alaska_camera/alaska_camera_www.ebay.com__52942__www.ebay.com__57363,-3.7724785602928548,10.235747141726414
alaska_camera/alaska_camera_www.ebay.com__53159__www.ebay.com__57108,-3.7724785602928548,10.235747141726414
alaska_camera/alaska_camera_www.ebay.com__53297__www.ebay.com__25152,-3.7724785602928548,10.235747141726414
alaska_camera/alaska_camera_www.ebay.com__53861__www.gosale.com__817,2.223076662796132,0.8383601029918861
alaska_camera/alaska_camera_www.ebay.com__53930__www.ebay.com__55439,-3.7724785602928548,10.235747141726414
alaska_camera/alaska_camera_www.ebay.com__53963__www.priceme.co.nz__2208,-3.7724785602928548,10.235747141726414
alaska_camera/alaska_camera_www.ebay.com__54063__www.ebay.com__56185,-3.7724785602928548,10.235747141726414
alaska_camera/alaska_camera_www.ebay.com__54351__www.ebay.com__42242,-3.7724785602928548,10.235747141726414
alaska_camera/alaska_camera_www.ebay.com__54363__www.ebay.com__54972,2.8316136827843494,0.7331238723185535
alaska_camera/alaska_camera_www.ebay.com__54497__www.priceme.co.nz__1980,-3.7724785602928548,10.235747141726414
alaska_camera/alaska_camera_www.ebay.com__54611__www.ebay.com__59406,-3.7724785602928548,10.235747141726414
alaska_camera/alaska_camera_www.ebay.com__54722__www.ebay.com__55107,-3.7724785602928548,10.235747141726414
alaska_camera/alaska_camera_www.ebay.com__55230__www.ebay.com__54330,-3.7724785602928548,10.235747141726414
alaska_camera/alaska_camera_www.ebay.com__55935__www.ebay.com__54386,-3.7724785602928548,10.235747141726414
alaska_camera/alaska_camera_www.ebay.com__56033__www.eglobalcentral.co.uk__135,-3.7724785602928548,10.235747141726414
alaska_camera/alaska_camera_www.ebay.com__56133__www.ebay.com__54389,-3.7724785602928548,10.235747141726414
alaska_camera/alaska_camera_www.ebay.com__56162__www.mypriceindia.com__744,-3.7724785602928548,10.235747141726414
alaska_camera/alaska_camera_www.ebay.com__56206__www.ebay.com__45980,-3.7724785602928548,10.235747141726414
alaska_camera/alaska_camera_www.ebay.com__56629__www.ebay.com__24131,-3.7724785602928548,10.235747141726414
alaska_camera/alaska_camera_www.ebay.com__56670__www.ebay.com__56744,-3.7724785602928548,10.235747141726414
alaska_camera/alaska_camera_www.ebay.com__57071__www.ebay.com__44144,-3.7724785602928548,10.235747141726414
alaska_camera/alaska_camera_www.ebay.com__57118__www.ebay.com__46893,-3.7724785602928548,10.235747141726414
alaska_camera/alaska_camera_www.ebay.com__57195__www.ebay.com__44281,-3.7724785602928548,10.235747141726414
alaska_camera/alaska_camera_www.ebay.com__57363__www.shopmania.in__1284,-3.7724785602928548,10.235747141726414
alaska_camera/alaska_camera_www.ebay.com__59174__www.ebay.com__60718,-3.7724785602928548,10.235747141726414
alaska_camera/alaska_camera_www.ebay.com__59583__www.ebay.com__47854,-3.7724785602928548,10.235747141726414
alaska_camera/alaska_camera_www.ebay.com__59583__www.ebay.com__55935,3.7797985618087044,0.6647905377553958
alaska_camera/alaska_camera_www.ebay.com__60397__www.ebay.com__42281,-3.7724785602928548,10.235747141726414
alaska_camera/alaska_camera_www.ebay.com__60397__www.ebay.com__48045,-3.7724785602928548,10.235747141726414
alaska_camera/alaska_camera_www.ebay.com__60522__www.priceme.co.nz__5,-3.7724785602928548,10.235747141726414
alaska_camera/alaska_camera_www.ebay.com__60715__www.ebay.com__58716,-3.7724785602928548,10.235747141726414
alaska_camera/alaska_camera_www.ebay.com__60715__www.gosale.com__1265,4.225060337077709,0.6729515235179299
alaska_camera/alaska_camera_www.ebay.com__60772__www.ebay.com__58417,-3.7724785602928548,10.235747141726414
alaska_camera/alaska_camera_www.eglobalcentral.co.uk__551__www.ebay.com__54638,-3.7724785602928548,10.235747141726414
alaska_camera/alaska_camera_www.eglobalcentral.co.uk__704__buy.net__5791,-3.7724785602928548,10.235747141726414
alaska_camera/alaska_camera_www.ilgs.net__86__www.priceme.co.nz__73,3.3285482813529272,0.6830606162086763
alaska_camera/alaska_camera_www.pcconnection.com__12408__www.shopmania.in__1226,-3.7724785602928548,10.235747141726414
alaska_camera/alaska_camera_www.price-hunt.com__9553__www.price-hunt.com__9877,-3.7724785602928548,10.235747141726414
alaska_camera/alaska_camera_www.pricedekho.com__1053__www.ebay.com__56646,1.3242596799958521,1.100151687404697
alaska_camera/alaska_camera_www.priceme.co.nz__1786__www.garricks.com.au__131,2.223076662796132,0.8383601029918861
alaska_camera/alaska_camera_www.priceme.co.nz__2081__www.ebay.com__24957,-3.7724785602928548,10.235747141726414
alaska_camera/alaska_camera_www.priceme.co.nz__2136__www.ebay.com__45946,1.3242596799958521,1.100151687404697
alaska_camera/alaska_camera_www.priceme.co.nz__2188__www.ebay.com__57108,-3.7724785602928548,10.235747141726414
alaska_camera/alaska_camera_www.priceme.co.nz__2216__www.ebay.com__46398,-3.7724785602928548,10.235747141726414
alaska_camera/alaska_camera_www.priceme.co.nz__2272__www.ebay.com__44391,2.223076662796132,0.8383601029918861
alaska_camera/alaska_camera_www.priceme.co.nz__25__www.ebay.com__59478,1.3242596799958521,1.100151687404697
alaska_camera/alaska_camera_www.shopbot.com.au__1226__www.ebay.com__57282,1.3242596799958521,1.100151687404697
alaska_camera/alaska_camera_www.shopbot.com.au__1387__www.ebay.com__54330,2.8316136827843494,0.7331238723185535
alaska_camera/alaska_camera_www.shopbot.com.au__1524__www.ebay.com__59599,-3.7724785602928548,10.235747141726414
alaska_camera/alaska_camera_www.shopbot.com.au__1601__www.ebay.com__44371,1.3242596799958521,1.100151687404697
alaska_camera/alaska_camera_www.shopbot.com.au__260__www.shopbot.com.au__388,-3.7724785602928548,10.235747141726414
alaska_camera/alaska_camera_www.shopbot.com.au__352__www.ebay.com__46516,2.223076662796132,0.8383601029918861
alaska_camera/alaska_camera_www.shopmania.in__1317__www.ebay.com__59128,2.223076662796132,0.8383601029918861
alaska_camera/alaska_camera_www.shopmania.in__1450__www.ebay.com__55574,-3.7724785602928548,10.235747141726414
alaska_schema/alaska_schema_monitor_ca.pcpartpicker.com__hdmi,-3.7724785602928548,10.235747141726414
alaska_schema/alaska_schema_monitor_www.best-deal-items.com__brightness_typical,-3.7724785602928548,10.235747141726414
alaska_schema/alaska_schema_monitor_www.best-deal-items.com__color_support,-3.7724785602928548,10.235747141726414
alaska_schema/alaska_schema_monitor_www.best-deal-items.com__digital_horizontal_frequency,-3.7724785602928548,10.235747141726414
alaska_schema/alaska_schema_monitor_www.best-deal-items.com__hd_type,-3.7724785602928548,10.235747141726414
alaska_schema/alaska_schema_monitor_www.best-deal-items.com__horizontal_scan_range,-3.7724785602928548,10.235747141726414
alaska_schema/alaska_schema_monitor_www.cleverboxes.com__contrast_ratio,6.099340151676846,1.0598368472295139
alaska_schema/alaska_schema_monitor_www.cleverboxes.com__dimensions,4.699709409880358,0.7124818261248805
alaska_schema/alaska_schema_monitor_www.cleverboxes.com__environmental,3.779798561808666,0.6647905377553962
alaska_schema/alaska_schema_monitor_www.cleverboxes.com__power_consumption,-3.7724785602928548,10.235747141726414
alaska_schema/alaska_schema_monitor_www.cleverboxes.com__usb_ports,1.324259679995773,1.1001516874047268
alaska_schema/alaska_schema_monitor_www.ebay.com__bluetooth,-3.7724785602928548,10.235747141726414
alaska_schema/alaska_schema_monitor_www.ebay.com__display_format,4.699709409880317,0.7124818261248757
alaska_schema/alaska_schema_monitor_www.ebay.com__display_response_time,-3.7724785602928548,10.235747141726414
alaska_schema/alaska_schema_monitor_www.ebay.com__dvid,1.324259679995773,1.1001516874047268
alaska_schema/alaska_schema_monitor_www.ebay.com__image_aspect_ratio,-3.7724785602928548,10.235747141726414
alaska_schema/alaska_schema_monitor_www.ebay.com__microphone,-3.7724785602928548,10.235747141726414
alaska_schema/alaska_schema_monitor_www.ebay.com__number_of_dvi,-3.7724785602928548,10.235747141726414
alaska_schema/alaska_schema_monitor_www.ebay.com__scan_format,3.7797985618087226,0.6647905377553955
alaska_schema/alaska_schema_monitor_www.ebay.com__screen_refresh_rate,1.324259679995773,1.1001516874047268
alaska_schema/alaska_schema_monitor_www.ebay.com__support_details_full_contract_period,-3.7724785602928548,10.235747141726414
alaska_schema/alaska_schema_monitor_www.ebay.com__vga_input,-3.7724785602928548,10.235747141726414
alaska_schema/alaska_schema_monitor_www.hardware-planet.it__classe_efficienza_energetica,-3.7724785602928548,10.235747141726414
alaska_schema/alaska_schema_monitor_www.hardware-planet.it__colori_del_display,-3.7724785602928548,10.235747141726414
alaska_schema/alaska_schema_monitor_www.hardware-planet.it__numero_di_lingue_osd,-3.7724785602928548,10.235747141726414
alaska_schema/alaska_schema_monitor_www.hardware-planet.it__subwoofer_incorporato,-3.7724785602928548,10.235747141726414
alaska_schema/alaska_schema_monitor_www.hardware-planet.it__tempo_di_risposta,-3.7724785602928548,10.235747141726414
alaska_schema/alaska_schema_monitor_www.imldirect.it__aspect_ratio,-3.7724785602928548,10.235747141726414
alaska_schema/alaska_schema_monitor_www.imldirect.it__dvi,-3.7724785602928548,10.235747141726414
alaska_schema/alaska_schema_monitor_www.imldirect.it__headphone,-3.7724785602928548,10.235747141726414
alaska_schema/alaska_schema_monitor_www.itenergy.co.uk__aspect_ratio,-3.7724785602928548,10.235747141726414
alaska_schema/alaska_schema_monitor_www.itenergy.co.uk__network_rj45,-3.7724785602928548,10.235747141726414
alaska_schema/alaska_schema_monitor_www.jrlinton.co.uk__hdmi,-3.7724785602928548,10.235747141726414
alaska_schema/alaska_schema_monitor_www.kingsfieldcomputers.co.uk__number_of_speakers,1.324259679995773,1.1001516874047268
alaska_schema/alaska_schema_monitor_www.kingsfieldcomputers.co.uk__standard_refresh_rate,-3.7724785602928548,10.235747141726414
alaska_schema/alaska_schema_monitor_www.kingsfieldcomputers.co.uk__weight_approximate,-3.7724785602928548,10.235747141726414
alaska_schema/alaska_schema_monitor_www.makingbuyingeasy.co.uk__contrast_ratio_dynamic,-3.7724785602928548,10.235747141726414
alaska_schema/alaska_schema_monitor_www.makingbuyingeasy.co.uk__headphone_connectivity,-3.7724785602928548,10.235747141726414
alaska_schema/alaska_schema_monitor_www.makingbuyingeasy.co.uk__headphone_outputs,-3.7724785602928548,10.235747141726414
alaska_schema/alaska_schema_monitor_www.makingbuyingeasy.co.uk__mini_displayport_quantity,-3.7724785602928548,10.235747141726414
alaska_schema/alaska_schema_monitor_www.makingbuyingeasy.co.uk__supported_video_modes,1.3242596799958521,1.100151687404697
alaska_schema/alaska_schema_monitor_www.makingbuyingeasy.co.uk__vertical_scan_range,1.324259679995773,1.1001516874047268
alaska_schema/alaska_schema_monitor_www.mediashopuk.com__input_frequency,-3.7724785602928548,10.235747141726414
alaska_schema/alaska_schema_monitor_www.mediashopuk.com__nonoperating_altitude,-3.7724785602928548,10.235747141726414
alaska_schema/alaska_schema_monitor_www.mediashopuk.com__operating_altitude,-3.7724785602928548,10.235747141726414
alaska_schema/alaska_schema_monitor_www.mediashopuk.com__packaging_height,-3.7724785602928548,10.235747141726414
alaska_schema/alaska_schema_monitor_www.mediashopuk.com__weight,-3.7724785602928548,10.235747141726414
alaska_schema/alaska_schema_monitor_www.mrhightech.com__dvi_port,-3.7724785602928548,10.235747141726414
alaska_schema/alaska_schema_monitor_www.mrhightech.com__dvii_ports_quantity,-3.7724785602928548,10.235747141726414
alaska_schema/alaska_schema_monitor_www.mrhightech.com__microphone_in,-3.7724785602928548,10.235747141726414
alaska_schema/alaska_schema_monitor_www.mrhightech.com__packaging_depth,-3.7724785602928548,10.235747141726414
alaska_schema/alaska_schema_monitor_www.mrhightech.com__usb_30_ports_quantity,2.2230766627961356,0.8383601029918853
alaska_schema/alaska_schema_monitor_www.nexus-t.co.uk__displayports,1.324259679995773,1.1001516874047268
alaska_schema/alaska_schema_monitor_www.nexus-t.co.uk__package_width,-3.7724785602928548,10.235747141726414
alaska_schema/alaska_schema_monitor_www.nexus-t.co.uk__product_name,1.3242596799958521,1.100151687404697
alaska_schema/alaska_schema_monitor_www.nexus-t.co.uk__screen_features,2.8316136827843494,0.7331238723185535
alaska_schema/alaska_schema_monitor_www.nexus-t.co.uk__usb_20_downstream_ports,1.324259679995773,1.1001516874047268
alaska_schema/alaska_schema_monitor_www.nexus-t.co.uk__usb_20_upstream_ports,1.324259679995773,1.1001516874047268
alaska_schema/alaska_schema_monitor_www.nexus-t.co.uk__usb_30_upstream_ports,1.324259679995773,1.1001516874047268
alaska_schema/alaska_schema_monitor_www.nexus-t.co.uk__vga_ports,1.324259679995773,1.1001516874047268
alaska_schema/alaska_schema_monitor_www.nexus-t.co.uk__wall_mount,5.267740726966607,0.8071014562515966
alaska_schema/alaska_schema_monitor_www.nexus-t.co.uk__warranty_direct_with_manufacturer,-3.7724785602928548,10.235747141726414
alaska_schema/alaska_schema_monitor_www.odsi.co.uk__dimensions__weight_details,3.3285482813529272,0.6830606162086763
alaska_schema/alaska_schema_monitor_www.odsi.co.uk__horizontal_refresh_rate,2.2230766627961356,0.8383601029918853
alaska_schema/alaska_schema_monitor_www.odsi.co.uk__max_resolution,1.324259679995773,1.1001516874047268
alaska_schema/alaska_schema_monitor_www.officedepot.com__mount_type,-3.7724785602928548,10.235747141726414
alaska_schema/alaska_schema_monitor_www.officedepot.com__number_of_speakers,1.324259679995773,1.1001516874047268
alaska_schema/alaska_schema_monitor_www.officedepot.com__response_time,-3.7724785602928548,10.235747141726414
alaska_schema/alaska_schema_monitor_www.ohc24.ch__image_aspect_ratio,-3.7724785602928548,10.235747141726414
alaska_schema/alaska_schema_monitor_www.ohc24.ch__pixel_pitch,-3.7724785602928548,10.235747141726414
alaska_schema/alaska_schema_monitor_www.ohc24.ch__usb_port,1.324259679995773,1.1001516874047268
alaska_schema/alaska_schema_monitor_www.pc-canada.com__displayport,-3.7724785602928548,10.235747141726414
alaska_schema/alaska_schema_monitor_www.pc-canada.com__product_name,6.099340151676846,1.0598368472295139
alaska_schema/alaska_schema_monitor_www.pc-canada.com__speakers,-3.7724785602928548,10.235747141726414
alaska_schema/alaska_schema_monitor_www.pcconnection.com__image_brightness,-3.7724785602928548,10.235747141726414
alaska_schema/alaska_schema_monitor_www.pcconnection.com__internal_resolution_max,-3.7724785602928548,10.235747141726414
alaska_schema/alaska_schema_monitor_www.planet-computer.it__altoparlante__cuffia__spinotto_di_uscita,10.146396986579274,6.723431364831898
alaska_schema/alaska_schema_monitor_www.planet-computer.it__colore_del_piede,-3.7724785602928548,10.235747141726414
alaska_schema/alaska_schema_monitor_www.planet-computer.it__condizioni_ambientali,10.146396986579274,6.723431364831898
alaska_schema/alaska_schema_monitor_www.planet-computer.it__dimensione_visibile_orizzontale,-3.7724785602928548,10.235747141726414
alaska_schema/alaska_schema_monitor_www.planet-computer.it__dimensione_visibile_verticale,-3.7724785602928548,10.235747141726414
alaska_schema/alaska_schema_monitor_www.planet-computer.it__quantità_porte_ethernet_lan_rj45,-3.7724785602928548,10.235747141726414
alaska_schema/alaska_schema_monitor_www.planet-computer.it__risoluzione_massima,-3.7724785602928548,10.235747141726414
alaska_schema/alaska_schema_monitor_www.planet-computer.it__wifi,-3.7724785602928548,10.235747141726414
alaska_schema/alaska_schema_monitor_www.shopmania.com__color_depth,-3.7724785602928548,10.235747141726414
alaska_schema/alaska_schema_monitor_www.softwarecity.ca__speakers,-3.7724785602928548,10.235747141726414
alaska_schema/alaska_schema_monitor_www.vology.com__brightness,-3.7724785602928548,10.235747141726414
alaska_schema/alaska_schema_monitor_www.xpcpro.com__digital_vertical_frequency,-3.7724785602928548,10.235747141726414
alaska_schema/alaska_schema_monitor_www.xpcpro.com__ethernet_lan_connection,-3.7724785602928548,10.235747141726414
alaska_schema/alaska_schema_monitor_www.xpcpro.com__full_hd,-3.7724785602928548,10.235747141726414
alaska_schema/alaska_schema_monitor_www.xpcpro.com__hdmi_ports_quantity,-3.7724785602928548,10.235747141726414
alaska_schema/alaska_schema_monitor_www.xpcpro.com__on_screen_display_osd_languages,-3.7724785602928548,10.235747141726414
alaska_schema/alaska_schema_monitor_www.xpcpro.com__package_weight,-3.7724785602928548,10.235747141726414
amazon_google/amazon_google_1002_1440,3.3285482813529303,0.6830606162086761
amazon_google/amazon_google_1014_773,1.3242596799958521,1.100151687404697
amazon_google/amazon_google_1050_759,-3.7724785602928548,10.235747141726414
amazon_google/amazon_google_1051_3062,2.223076662796132,0.8383601029918861
amazon_google/amazon_google_1071_1197,-3.7724785602928548,10.235747141726414
amazon_google/amazon_google_1081_905,-3.7724785602928548,10.235747141726414
amazon_google/amazon_google_1089_1372,2.8316136827843494,0.7331238723185535
amazon_google/amazon_google_1102_967,2.8316136827843406,0.7331238723185547
amazon_google/amazon_google_1124_878,-3.7724785602928548,10.235747141726414
amazon_google/amazon_google_1138_934,4.699709409880363,0.7124818261248812
amazon_google/amazon_google_1185_2926,-3.7724785602928548,10.235747141726414
amazon_google/amazon_google_1185_562,-3.7724785602928548,10.235747141726414
amazon_google/amazon_google_1206_537,-3.7724785602928548,10.235747141726414
amazon_google/amazon_google_1258_2273,-3.7724785602928548,10.235747141726414
amazon_google/amazon_google_1264_2510,-3.7724785602928548,10.235747141726414
amazon_google/amazon_google_1266_1060,-3.7724785602928548,10.235747141726414
amazon_google/amazon_google_1268_1059,-3.7724785602928548,10.235747141726414
amazon_google/amazon_google_1269_1433,1.3242596799958521,1.100151687404697
amazon_google/amazon_google_1275_2273,-3.7724785602928548,10.235747141726414
amazon_google/amazon_google_1275_2937,-3.7724785602928548,10.235747141726414
amazon_google/amazon_google_1284_1080,1.3242596799958521,1.100151687404697
amazon_google/amazon_google_1286_2336,1.3242596799958521,1.100151687404697
amazon_google/amazon_google_1296_692,-3.7724785602928548,10.235747141726414
amazon_google/amazon_google_1305_1007,-3.7724785602928548,10.235747141726414
amazon_google/amazon_google_137_1890,6.099340151676846,1.0598368472295139
amazon_google/amazon_google_142_92,2.2230766627961356,0.8383601029918853
amazon_google/amazon_google_162_1493,-3.7724785602928548,10.235747141726414
amazon_google/amazon_google_188_1513,1.3242596799958521,1.100151687404697
amazon_google/amazon_google_233_1153,-3.7724785602928548,10.235747141726414
amazon_google/amazon_google_285_2856,-3.7724785602928548,10.235747141726414
amazon_google/amazon_google_2_1881,1.3242596799958521,1.100151687404697
amazon_google/amazon_google_318_3039,-3.7724785602928548,10.235747141726414
amazon_google/amazon_google_322_452,-3.7724785602928548,10.235747141726414
amazon_google/amazon_google_322_893,-3.7724785602928548,10.235747141726414
amazon_google/amazon_google_325_2619,-3.7724785602928548,10.235747141726414
amazon_google/amazon_google_345_1520,-3.7724785602928548,10.235747141726414
amazon_google/amazon_google_346_2865,-3.7724785602928548,10.235747141726414
amazon_google/amazon_google_350_242,-3.7724785602928548,10.235747141726414
amazon_google/amazon_google_350_3161,10.146396986579274,6.723431364831898
amazon_google/amazon_google_361_558,-3.7724785602928548,10.235747141726414
amazon_google/amazon_google_382_1089,-3.7724785602928548,10.235747141726414
amazon_google/amazon_google_393_1852,-3.7724785602928548,10.235747141726414
amazon_google/amazon_google_407_1647,-3.7724785602928548,10.235747141726414
amazon_google/amazon_google_40_456,-3.7724785602928548,10.235747141726414
amazon_google/amazon_google_453_2076,-3.7724785602928548,10.235747141726414
amazon_google/amazon_google_465_1146,-3.7724785602928548,10.235747141726414
amazon_google/amazon_google_477_2466,-3.7724785602928548,10.235747141726414
amazon_google/amazon_google_47_2987,-3.7724785602928548,10.235747141726414
amazon_google/amazon_google_497_2877,-3.7724785602928548,10.235747141726414
amazon_google/amazon_google_500_1157,-3.7724785602928548,10.235747141726414
amazon_google/amazon_google_516_3017,-3.7724785602928548,10.235747141726414
amazon_google/amazon_google_516_485,-3.7724785602928548,10.235747141726414
amazon_google/amazon_google_516_70,-3.7724785602928548,10.235747141726414
amazon_google/amazon_google_536_2839,-3.7724785602928548,10.235747141726414
amazon_google/amazon_google_537_895,-3.7724785602928548,10.235747141726414
amazon_google/amazon_google_540_5,-3.7724785602928548,10.235747141726414
amazon_google/amazon_google_558_2851,-3.7724785602928548,10.235747141726414
amazon_google/amazon_google_572_1564,1.3242596799958521,1.100151687404697
amazon_google/amazon_google_578_1687,-3.7724785602928548,10.235747141726414
amazon_google/amazon_google_588_430,-3.7724785602928548,10.235747141726414
amazon_google/amazon_google_591_2176,-3.7724785602928548,10.235747141726414
amazon_google/amazon_google_594_2853,-3.7724785602928548,10.235747141726414
amazon_google/amazon_google_597_521,-3.7724785602928548,10.235747141726414
amazon_google/amazon_google_609_3134,-3.7724785602928548,10.235747141726414
amazon_google/amazon_google_620_190,-3.7724785602928548,10.235747141726414
amazon_google/amazon_google_625_294,-3.7724785602928548,10.235747141726414
amazon_google/amazon_google_630_274,-3.7724785602928548,10.235747141726414
amazon_google/amazon_google_632_1169,-3.7724785602928548,10.235747141726414
amazon_google/amazon_google_645_286,-3.7724785602928548,10.235747141726414
amazon_google/amazon_google_656_229,3.3285482813529272,0.6830606162086763
amazon_google/amazon_google_664_211,-3.7724785602928548,10.235747141726414
amazon_google/amazon_google_668_220,-3.7724785602928548,10.235747141726414
amazon_google/amazon_google_695_2768,-3.7724785602928548,10.235747141726414
amazon_google/amazon_google_700_412,-3.7724785602928548,10.235747141726414
amazon_google/amazon_google_715_399,1.3242596799958521,1.100151687404697
amazon_google/amazon_google_722_2331,-3.7724785602928548,10.235747141726414
amazon_google/amazon_google_726_2788,-3.7724785602928548,10.235747141726414
amazon_google/amazon_google_736_3032,-3.7724785602928548,10.235747141726414
amazon_google/amazon_google_738_2544,10.146396986579274,6.723431364831898
amazon_google/amazon_google_768_382,-3.7724785602928548,10.235747141726414
amazon_google/amazon_google_77_1606,-3.7724785602928548,10.235747141726414
amazon_google/amazon_google_789_2562,-3.7724785602928548,10.235747141726414
amazon_google/amazon_google_799_804,-3.7724785602928548,10.235747141726414
amazon_google/amazon_google_804_2132,-3.7724785602928548,10.235747141726414
amazon_google/amazon_google_817_2839,-3.7724785602928548,10.235747141726414
amazon_google/amazon_google_823_2877,-3.7724785602928548,10.235747141726414
amazon_google/amazon_google_825_2620,1.3242596799958521,1.100151687404697
amazon_google/amazon_google_827_2756,-3.7724785602928548,10.235747141726414
amazon_google/amazon_google_876_951,1.3242596799958521,1.100151687404697
amazon_google/amazon_google_879_2812,-3.7724785602928548,10.235747141726414
amazon_google/amazon_google_896_159,-3.7724785602928548,10.235747141726414
amazon_google/amazon_google_897_452,-3.7724785602928548,10.235747141726414
amazon_google/amazon_google_901_150,-3.7724785602928548,10.235747141726414
amazon_google/amazon_google_90_344,-3.7724785602928548,10.235747141726414
amazon_google/amazon_google_910_1213,-3.7724785602928548,10.235747141726414
amazon_google/amazon_google_91_3145,-3.7724785602928548,10.235747141726414
amazon_google/amazon_google_943_880,-3.7724785602928548,10.235747141726414
amazon_google/amazon_google_950_3032,-3.7724785602928548,10.235747141726414
amazon_google/amazon_google_991_423,-3.7724785602928548,10.235747141726414
amazon_google/amazon_google_997_2255,-3.7724785602928548,10.235747141726414
bird/bird_0,2.2230766627961276,0.8383601029918871
bird/bird_1,10.146396986579274,6.723431364831898
bird/bird_1006,10.146396986579274,6.723431364831898
bird/bird_1012,10.146396986579274,6.723431364831898
bird/bird_1014,10.146396986579274,6.723431364831898
bird/bird_1023,10.146396986579274,6.723431364831898
bird/bird_1028,4.699709409880347,0.7124818261248793
bird/bird_1029,10.146396986579274,6.723431364831898
bird/bird_1031,6.099340151676767,1.0598368472294821
bird/bird_1073,5.267740726966582,0.8071014562515912
bird/bird_1075,10.146396986579274,6.723431364831898
bird/bird_1076,10.146396986579274,6.723431364831898
bird/bird_1105,2.8316136827843406,0.7331238723185547
bird/bird_1106,-3.7724785602928548,10.235747141726414
bird/bird_1135,10.146396986579274,6.723431364831898
bird/bird_1142,-3.7724785602928548,10.235747141726414
bird/bird_115,10.146396986579274,6.723431364831898
bird/bird_1152,10.146396986579274,6.723431364831898
bird/bird_1165,10.146396986579274,6.723431364831898
bird/bird_1169,10.146396986579274,6.723431364831898
bird/bird_1190,10.146396986579274,6.723431364831898
bird/bird_1229,10.146396986579274,6.723431364831898
bird/bird_1240,5.267740726966647,0.8071014562516053
bird/bird_1257,10.146396986579274,6.723431364831898
bird/bird_1266,10.146396986579274,6.723431364831898
bird/bird_1281,10.146396986579274,6.723431364831898
bird/bird_1284,10.146396986579274,6.723431364831898
bird/bird_1300,4.225060337077682,0.6729515235179284
bird/bird_1302,10.146396986579274,6.723431364831898
bird/bird_1338,4.699709409880347,0.7124818261248793
bird/bird_1339,10.146396986579274,6.723431364831898
bird/bird_1392,10.146396986579274,6.723431364831898
bird/bird_1410,10.146396986579274,6.723431364831898
bird/bird_1421,10.146396986579274,6.723431364831898
bird/bird_1430,10.146396986579274,6.723431364831898
bird/bird_1432,6.099340151676846,1.0598368472295139
bird/bird_1453,10.146396986579274,6.723431364831898
bird/bird_1480,10.146396986579274,6.723431364831898
bird/bird_1488,10.146396986579274,6.723431364831898
bird/bird_1496,10.146396986579274,6.723431364831898
bird/bird_1524,3.7797985618086707,0.6647905377553962
bird/bird_156,10.146396986579274,6.723431364831898
bird/bird_173,5.267740726966624,0.8071014562516003
bird/bird_174,10.146396986579274,6.723431364831898
bird/bird_212,10.146396986579274,6.723431364831898
bird/bird_220,10.146396986579274,6.723431364831898
bird/bird_228,5.267740726966647,0.8071014562516053
bird/bird_231,4.699709409880358,0.7124818261248805
bird/bird_247,10.146396986579274,6.723431364831898
bird/bird_263,10.146396986579274,6.723431364831898
bird/bird_285,10.146396986579274,6.723431364831898
bird/bird_290,10.146396986579274,6.723431364831898
bird/bird_3,10.146396986579274,6.723431364831898
bird/bird_330,5.267740726966624,0.8071014562516003
bird/bird_331,10.146396986579274,6.723431364831898
bird/bird_335,10.146396986579274,6.723431364831898
bird/bird_355,1.324259679995773,1.1001516874047268
bird/bird_370,10.146396986579274,6.723431364831898
bird/bird_371,5.267740726966577,0.8071014562515901
bird/bird_416,10.146396986579274,6.723431364831898
bird/bird_421,10.146396986579274,6.723431364831898
bird/bird_428,10.146396986579274,6.723431364831898
bird/bird_434,10.146396986579274,6.723431364831898
bird/bird_471,-3.7724785602928548,10.235747141726414
bird/bird_51,10.146396986579274,6.723431364831898
bird/bird_515,10.146396986579274,6.723431364831898
bird/bird_521,4.699709409880358,0.7124818261248805
bird/bird_592,10.146396986579274,6.723431364831898
bird/bird_604,10.146396986579274,6.723431364831898
bird/bird_625,10.146396986579274,6.723431364831898
bird/bird_633,10.146396986579274,6.723431364831898
bird/bird_636,10.146396986579274,6.723431364831898
bird/bird_639,10.146396986579274,6.723431364831898
bird/bird_656,10.146396986579274,6.723431364831898
bird/bird_682,10.146396986579274,6.723431364831898
bird/bird_700,10.146396986579274,6.723431364831898
bird/bird_704,10.146396986579274,6.723431364831898
bird/bird_709,10.146396986579274,6.723431364831898
bird/bird_754,10.146396986579274,6.723431364831898
bird/bird_760,10.146396986579274,6.723431364831898
bird/bird_790,4.225060337077709,0.6729515235179299
bird/bird_791,10.146396986579274,6.723431364831898
bird/bird_799,10.146396986579274,6.723431364831898
bird/bird_800,10.146396986579274,6.723431364831898
bird/bird_817,10.146396986579274,6.723431364831898
bird/bird_831,2.223076662796132,0.8383601029918861
bird/bird_834,10.146396986579274,6.723431364831898
bird/bird_835,5.267740726966582,0.8071014562515912
bird/bird_855,6.099340151676767,1.0598368472294821
bird/bird_87,10.146396986579274,6.723431364831898
bird/bird_877,6.099340151676846,1.0598368472295139
bird/bird_880,10.146396986579274,6.723431364831898
bird/bird_884,4.225060337077683,0.6729515235179285
bird/bird_945,2.831613682784349,0.7331238723185536
bird/bird_95,10.146396986579274,6.723431364831898
bird/bird_962,10.146396986579274,6.723431364831898
bird/bird_981,4.225060337077654,0.6729515235179271
bird/bird_987,3.3285482813529352,0.6830606162086756
bird/bird_991,10.146396986579274,6.723431364831898
bird/bird_994,10.146396986579274,6.723431364831898
dblp_acm/dblp_acm_1028_53,-3.7724785602928548,10.235747141726414
dblp_acm/dblp_acm_1038_1859,-3.7724785602928548,10.235747141726414
dblp_acm/dblp_acm_1050_1320,-3.7724785602928548,10.235747141726414
dblp_acm/dblp_acm_1107_1622,-3.7724785602928548,10.235747141726414
dblp_acm/dblp_acm_1116_2261,-3.7724785602928548,10.235747141726414
dblp_acm/dblp_acm_1118_894,-3.7724785602928548,10.235747141726414
dblp_acm/dblp_acm_1126_255,-3.7724785602928548,10.235747141726414
dblp_acm/dblp_acm_1151_1604,-3.7724785602928548,10.235747141726414
dblp_acm/dblp_acm_1158_175,-3.7724785602928548,10.235747141726414
dblp_acm/dblp_acm_1164_329,-3.7724785602928548,10.235747141726414
dblp_acm/dblp_acm_1178_1724,-3.7724785602928548,10.235747141726414
dblp_acm/dblp_acm_1180_56,1.3242596799958521,1.100151687404697
dblp_acm/dblp_acm_1185_1880,-3.7724785602928548,10.235747141726414
dblp_acm/dblp_acm_1247_807,-3.7724785602928548,10.235747141726414
dblp_acm/dblp_acm_1249_538,-3.7724785602928548,10.235747141726414
dblp_acm/dblp_acm_1273_1045,-3.7724785602928548,10.235747141726414
dblp_acm/dblp_acm_1284_70,1.3242596799958521,1.100151687404697
dblp_acm/dblp_acm_131_927,2.223076662796132,0.8383601029918861
dblp_acm/dblp_acm_1400_1650,-3.7724785602928548,10.235747141726414
dblp_acm/dblp_acm_144_776,-3.7724785602928548,10.235747141726414
dblp_acm/dblp_acm_1512_889,-3.7724785602928548,10.235747141726414
dblp_acm/dblp_acm_1514_1837,-3.7724785602928548,10.235747141726414
dblp_acm/dblp_acm_1538_873,-3.7724785602928548,10.235747141726414
dblp_acm/dblp_acm_1568_1165,-3.7724785602928548,10.235747141726414
dblp_acm/dblp_acm_1574_326,-3.7724785602928548,10.235747141726414
dblp_acm/dblp_acm_162_2019,-3.7724785602928548,10.235747141726414
dblp_acm/dblp_acm_1655_171,-3.7724785602928548,10.235747141726414
dblp_acm/dblp_acm_1656_557,-3.7724785602928548,10.235747141726414
dblp_acm/dblp_acm_1671_7,1.3242596799958521,1.100151687404697
dblp_acm/dblp_acm_1681_531,-3.7724785602928548,10.235747141726414
dblp_acm/dblp_acm_1717_1220,-3.7724785602928548,10.235747141726414
dblp_acm/dblp_acm_1783_2035,1.3242596799958521,1.100151687404697
dblp_acm/dblp_acm_1875_2254,-3.7724785602928548,10.235747141726414
dblp_acm/dblp_acm_1887_992,-3.7724785602928548,10.235747141726414
dblp_acm/dblp_acm_1899_2124,1.324259679995773,1.1001516874047268
dblp_acm/dblp_acm_1900_420,-3.7724785602928548,10.235747141726414
dblp_acm/dblp_acm_1909_2079,-3.7724785602928548,10.235747141726414
dblp_acm/dblp_acm_1911_2258,-3.7724785602928548,10.235747141726414
dblp_acm/dblp_acm_1944_793,-3.7724785602928548,10.235747141726414
dblp_acm/dblp_acm_1950_2111,-3.7724785602928548,10.235747141726414
dblp_acm/dblp_acm_1967_2259,-3.7724785602928548,10.235747141726414
dblp_acm/dblp_acm_206_1857,-3.7724785602928548,10.235747141726414
dblp_acm/dblp_acm_2108_1351,-3.7724785602928548,10.235747141726414
dblp_acm/dblp_acm_2124_966,-3.7724785602928548,10.235747141726414
dblp_acm/dblp_acm_2182_614,-3.7724785602928548,10.235747141726414
dblp_acm/dblp_acm_2232_1455,-3.7724785602928548,10.235747141726414
dblp_acm/dblp_acm_2246_247,-3.7724785602928548,10.235747141726414
dblp_acm/dblp_acm_2266_528,-3.7724785602928548,10.235747141726414
dblp_acm/dblp_acm_2294_886,-3.7724785602928548,10.235747141726414
dblp_acm/dblp_acm_2312_570,-3.7724785602928548,10.235747141726414
dblp_acm/dblp_acm_2342_1808,-3.7724785602928548,10.235747141726414
dblp_acm/dblp_acm_234_2207,-3.7724785602928548,10.235747141726414
dblp_acm/dblp_acm_2367_1023,-3.7724785602928548,10.235747141726414
dblp_acm/dblp_acm_2420_797,-3.7724785602928548,10.235747141726414
dblp_acm/dblp_acm_244_679,1.3242596799958521,1.100151687404697
dblp_acm/dblp_acm_2450_198,-3.7724785602928548,10.235747141726414
dblp_acm/dblp_acm_2462_1369,-3.7724785602928548,10.235747141726414
dblp_acm/dblp_acm_246_1535,-3.7724785602928548,10.235747141726414
dblp_acm/dblp_acm_2478_381,1.3242596799958521,1.100151687404697
dblp_acm/dblp_acm_2494_1159,-3.7724785602928548,10.235747141726414
dblp_acm/dblp_acm_2497_1884,-3.7724785602928548,10.235747141726414
dblp_acm/dblp_acm_2537_625,-3.7724785602928548,10.235747141726414
dblp_acm/dblp_acm_256_963,-3.7724785602928548,10.235747141726414
dblp_acm/dblp_acm_2574_501,-3.7724785602928548,10.235747141726414
dblp_acm/dblp_acm_2588_1956,1.3242596799958521,1.100151687404697
dblp_acm/dblp_acm_2604_1334,-3.7724785602928548,10.235747141726414
dblp_acm/dblp_acm_289_1758,-3.7724785602928548,10.235747141726414
dblp_acm/dblp_acm_290_942,-3.7724785602928548,10.235747141726414
dblp_acm/dblp_acm_368_1921,-3.7724785602928548,10.235747141726414
dblp_acm/dblp_acm_381_97,-3.7724785602928548,10.235747141726414
dblp_acm/dblp_acm_384_1521,-3.7724785602928548,10.235747141726414
dblp_acm/dblp_acm_394_786,-3.7724785602928548,10.235747141726414
dblp_acm/dblp_acm_400_2115,-3.7724785602928548,10.235747141726414
dblp_acm/dblp_acm_409_788,-3.7724785602928548,10.235747141726414
dblp_acm/dblp_acm_416_342,-3.7724785602928548,10.235747141726414
dblp_acm/dblp_acm_459_1614,-3.7724785602928548,10.235747141726414
dblp_acm/dblp_acm_536_2031,1.3242596799958521,1.100151687404697
dblp_acm/dblp_acm_567_2019,-3.7724785602928548,10.235747141726414
dblp_acm/dblp_acm_589_432,-3.7724785602928548,10.235747141726414
dblp_acm/dblp_acm_600_2235,-3.7724785602928548,10.235747141726414
dblp_acm/dblp_acm_642_1488,-3.7724785602928548,10.235747141726414
dblp_acm/dblp_acm_696_1875,-3.7724785602928548,10.235747141726414
dblp_acm/dblp_acm_709_1041,-3.7724785602928548,10.235747141726414
dblp_acm/dblp_acm_724_1400,-3.7724785602928548,10.235747141726414
dblp_acm/dblp_acm_736_1327,-3.7724785602928548,10.235747141726414
dblp_acm/dblp_acm_768_1170,-3.7724785602928548,10.235747141726414
dblp_acm/dblp_acm_797_998,-3.7724785602928548,10.235747141726414
dblp_acm/dblp_acm_799_2108,-3.7724785602928548,10.235747141726414
dblp_acm/dblp_acm_822_1814,-3.7724785602928548,10.235747141726414
dblp_acm/dblp_acm_835_1612,-3.7724785602928548,10.235747141726414
dblp_acm/dblp_acm_838_428,-3.7724785602928548,10.235747141726414
dblp_acm/dblp_acm_850_560,-3.7724785602928548,10.235747141726414
dblp_acm/dblp_acm_870_2105,-3.7724785602928548,10.235747141726414
dblp_acm/dblp_acm_886_1899,-3.7724785602928548,10.235747141726414
dblp_acm/dblp_acm_912_145,1.3242596799958521,1.100151687404697
dblp_acm/dblp_acm_942_2129,1.324259679995773,1.1001516874047268
dblp_acm/dblp_acm_957_2290,1.324259679995773,1.1001516874047268
dblp_acm/dblp_acm_973_1761,-3.7724785602928548,10.235747141726414
dblp_acm/dblp_acm_988_873,-3.7724785602928548,10.235747141726414
dblp_acm/dblp_acm_994_1801,-3.7724785602928548,10.235747141726414
dblp_scholar/dblp_scholar_1010_10586,-3.7724785602928548,10.235747141726414
dblp_scholar/dblp_scholar_1023_41460,-3.7724785602928548,10.235747141726414
dblp_scholar/dblp_scholar_1068_15622,-3.7724785602928548,10.235747141726414
dblp_scholar/dblp_scholar_107_33199,-3.7724785602928548,10.235747141726414
dblp_scholar/dblp_scholar_1090_6805,-3.7724785602928548,10.235747141726414
dblp_scholar/dblp_scholar_1098_60270,-3.7724785602928548,10.235747141726414
dblp_scholar/dblp_scholar_1152_64210,-3.7724785602928548,10.235747141726414
dblp_scholar/dblp_scholar_1158_36331,-3.7724785602928548,10.235747141726414
dblp_scholar/dblp_scholar_115_25469,-3.7724785602928548,10.235747141726414
dblp_scholar/dblp_scholar_1200_28460,-3.7724785602928548,10.235747141726414
dblp_scholar/dblp_scholar_120_20876,-3.7724785602928548,10.235747141726414
dblp_scholar/dblp_scholar_1283_34544,-3.7724785602928548,10.235747141726414
dblp_scholar/dblp_scholar_1294_5597,-3.7724785602928548,10.235747141726414
dblp_scholar/dblp_scholar_1298_46772,-3.7724785602928548,10.235747141726414
dblp_scholar/dblp_scholar_1353_60746,1.3242596799958521,1.100151687404697
dblp_scholar/dblp_scholar_1364_22725,-3.7724785602928548,10.235747141726414
dblp_scholar/dblp_scholar_1377_43907,1.3242596799958521,1.100151687404697
dblp_scholar/dblp_scholar_1401_34097,-3.7724785602928548,10.235747141726414
dblp_scholar/dblp_scholar_1435_62901,-3.7724785602928548,10.235747141726414
dblp_scholar/dblp_scholar_1442_53354,-3.7724785602928548,10.235747141726414
dblp_scholar/dblp_scholar_1543_53201,-3.7724785602928548,10.235747141726414
dblp_scholar/dblp_scholar_1580_57158,-3.7724785602928548,10.235747141726414
dblp_scholar/dblp_scholar_1619_44385,-3.7724785602928548,10.235747141726414
dblp_scholar/dblp_scholar_1621_30211,-3.7724785602928548,10.235747141726414
dblp_scholar/dblp_scholar_1640_14087,-3.7724785602928548,10.235747141726414
dblp_scholar/dblp_scholar_1640_15038,-3.7724785602928548,10.235747141726414
dblp_scholar/dblp_scholar_1643_11823,-3.7724785602928548,10.235747141726414
dblp_scholar/dblp_scholar_1643_13790,-3.7724785602928548,10.235747141726414
dblp_scholar/dblp_scholar_1656_4547,10.146396986579274,6.723431364831898
dblp_scholar/dblp_scholar_1666_18835,-3.7724785602928548,10.235747141726414
dblp_scholar/dblp_scholar_1669_57143,-3.7724785602928548,10.235747141726414
dblp_scholar/dblp_scholar_169_29979,-3.7724785602928548,10.235747141726414
dblp_scholar/dblp_scholar_1702_28510,-3.7724785602928548,10.235747141726414
dblp_scholar/dblp_scholar_1722_14240,-3.7724785602928548,10.235747141726414
dblp_scholar/dblp_scholar_1742_24254,-3.7724785602928548,10.235747141726414
dblp_scholar/dblp_scholar_1782_36693,3.3285482813529272,0.6830606162086763
dblp_scholar/dblp_scholar_1829_35023,-3.7724785602928548,10.235747141726414
dblp_scholar/dblp_scholar_1834_32134,1.3242596799958521,1.100151687404697
dblp_scholar/dblp_scholar_1835_40747,-3.7724785602928548,10.235747141726414
dblp_scholar/dblp_scholar_183_49814,-3.7724785602928548,10.235747141726414
dblp_scholar/dblp_scholar_1840_22340,-3.7724785602928548,10.235747141726414
dblp_scholar/dblp_scholar_1840_50005,-3.7724785602928548,10.235747141726414
dblp_scholar/dblp_scholar_1840_54243,-3.7724785602928548,10.235747141726414
dblp_scholar/dblp_scholar_184_31343,-3.7724785602928548,10.235747141726414
dblp_scholar/dblp_scholar_1926_26109,-3.7724785602928548,10.235747141726414
dblp_scholar/dblp_scholar_1968_41358,-3.7724785602928548,10.235747141726414
dblp_scholar/dblp_scholar_1969_31084,-3.7724785602928548,10.235747141726414
dblp_scholar/dblp_scholar_1981_24092,2.2230766627961356,0.8383601029918853
dblp_scholar/dblp_scholar_1985_33646,6.099340151676846,1.0598368472295139
dblp_scholar/dblp_scholar_19_19231,2.8316136827843508,0.7331238723185534
dblp_scholar/dblp_scholar_202_6703,6.099340151676845,1.0598368472295137
dblp_scholar/dblp_scholar_203_12466,-3.7724785602928548,10.235747141726414
dblp_scholar/dblp_scholar_204_15622,-3.7724785602928548,10.235747141726414
dblp_scholar/dblp_scholar_2050_18987,-3.7724785602928548,10.235747141726414
dblp_scholar/dblp_scholar_2055_51699,-3.7724785602928548,10.235747141726414
dblp_scholar/dblp_scholar_2081_37204,-3.7724785602928548,10.235747141726414
dblp_scholar/dblp_scholar_210_33696,-3.7724785602928548,10.235747141726414
dblp_scholar/dblp_scholar_2123_15377,-3.7724785602928548,10.235747141726414
dblp_scholar/dblp_scholar_2132_26538,-3.7724785602928548,10.235747141726414
dblp_scholar/dblp_scholar_2191_9091,2.2230766627961382,0.8383601029918849
dblp_scholar/dblp_scholar_2212_52956,-3.7724785602928548,10.235747141726414
dblp_scholar/dblp_scholar_2245_34903,-3.7724785602928548,10.235747141726414
dblp_scholar/dblp_scholar_2256_10770,-3.7724785602928548,10.235747141726414
dblp_scholar/dblp_scholar_2294_1950,-3.7724785602928548,10.235747141726414
dblp_scholar/dblp_scholar_2300_32963,-3.7724785602928548,10.235747141726414
dblp_scholar/dblp_scholar_2320_30053,-3.7724785602928548,10.235747141726414
dblp_scholar/dblp_scholar_2360_58868,-3.7724785602928548,10.235747141726414
dblp_scholar/dblp_scholar_2365_8255,-3.7724785602928548,10.235747141726414
dblp_scholar/dblp_scholar_2459_9402,-3.7724785602928548,10.235747141726414
dblp_scholar/dblp_scholar_2464_37102,-3.7724785602928548,10.235747141726414
dblp_scholar/dblp_scholar_2487_42356,-3.7724785602928548,10.235747141726414
dblp_scholar/dblp_scholar_295_53053,-3.7724785602928548,10.235747141726414
dblp_scholar/dblp_scholar_299_33156,-3.7724785602928548,10.235747141726414
dblp_scholar/dblp_scholar_343_19518,-3.7724785602928548,10.235747141726414
dblp_scholar/dblp_scholar_430_35208,-3.7724785602928548,10.235747141726414
dblp_scholar/dblp_scholar_433_9343,1.3242596799958521,1.100151687404697
dblp_scholar/dblp_scholar_460_3858,2.831613682784327,0.7331238723185565
dblp_scholar/dblp_scholar_505_62246,-3.7724785602928548,10.235747141726414
dblp_scholar/dblp_scholar_511_5337,1.3242596799958521,1.100151687404697
dblp_scholar/dblp_scholar_521_25737,-3.7724785602928548,10.235747141726414
dblp_scholar/dblp_scholar_527_9099,-3.7724785602928548,10.235747141726414
dblp_scholar/dblp_scholar_534_29717,-3.7724785602928548,10.235747141726414
dblp_scholar/dblp_scholar_612_13240,-3.7724785602928548,10.235747141726414
dblp_scholar/dblp_scholar_631_30305,-3.7724785602928548,10.235747141726414
dblp_scholar/dblp_scholar_652_39677,-3.7724785602928548,10.235747141726414
dblp_scholar/dblp_scholar_684_18119,-3.7724785602928548,10.235747141726414
dblp_scholar/dblp_scholar_696_46108,-3.7724785602928548,10.235747141726414
dblp_scholar/dblp_scholar_723_50024,-3.7724785602928548,10.235747141726414
dblp_scholar/dblp_scholar_751_7073,-3.7724785602928548,10.235747141726414
dblp_scholar/dblp_scholar_779_2968,-3.7724785602928548,10.235747141726414
dblp_scholar/dblp_scholar_782_50143,-3.7724785602928548,10.235747141726414
dblp_scholar/dblp_scholar_807_63951,-3.7724785602928548,10.235747141726414
dblp_scholar/dblp_scholar_810_42860,3.3285482813529272,0.6830606162086763
dblp_scholar/dblp_scholar_813_42580,-3.7724785602928548,10.235747141726414
dblp_scholar/dblp_scholar_837_21161,-3.7724785602928548,10.235747141726414
dblp_scholar/dblp_scholar_86_44630,-3.7724785602928548,10.235747141726414
dblp_scholar/dblp_scholar_876_50041,-3.7724785602928548,10.235747141726414
dblp_scholar/dblp_scholar_911_30077,-3.7724785602928548,10.235747141726414
dblp_scholar/dblp_scholar_953_7625,-3.7724785602928548,10.235747141726414
dblp_scholar/dblp_scholar_987_915,-3.7724785602928548,10.235747141726414
fetaqa/10069,5.267740726966647,0.8071014562516053
fetaqa/10302,10.146396986579274,6.723431364831898
fetaqa/10324,3.7797985618086316,0.6647905377553966
fetaqa/10502,10.146396986579274,6.723431364831898
fetaqa/10513,6.099340151676846,1.0598368472295139
fetaqa/10637,10.146396986579274,6.723431364831898
fetaqa/10775,10.146396986579274,6.723431364831898
fetaqa/11439,10.146396986579274,6.723431364831898
fetaqa/11477,10.146396986579274,6.723431364831898
fetaqa/11678,2.2230766627961356,0.8383601029918853
fetaqa/12132,4.699709409880358,0.7124818261248805
fetaqa/12218,-3.7724785602928548,10.235747141726414
fetaqa/12416,3.3285482813529352,0.6830606162086756
fetaqa/12524,2.8316136827843494,0.7331238723185535
fetaqa/12570,10.146396986579274,6.723431364831898
fetaqa/1282,2.8316136827843406,0.7331238723185547
fetaqa/12848,10.146396986579274,6.723431364831898
fetaqa/12952,2.2230766627961356,0.8383601029918853
fetaqa/13110,4.225060337077654,0.6729515235179271
fetaqa/13161,3.3285482813529352,0.6830606162086756
fetaqa/1327,-3.7724785602928548,10.235747141726414
fetaqa/1368,2.8316136827843406,0.7331238723185547
fetaqa/14137,10.146396986579274,6.723431364831898
fetaqa/14228,10.146396986579274,6.723431364831898
fetaqa/1438,2.2230766627961356,0.8383601029918853
fetaqa/1474,-3.7724785602928548,10.235747141726414
fetaqa/14745,6.099340151676846,1.0598368472295139
fetaqa/1502,10.146396986579274,6.723431364831898
fetaqa/16619,2.2230766627961356,0.8383601029918853
fetaqa/1694,3.77979856180867,0.6647905377553962
fetaqa/1713,10.146396986579274,6.723431364831898
fetaqa/1714,10.146396986579274,6.723431364831898
fetaqa/17142,4.699709409880347,0.7124818261248793
fetaqa/1718,2.223076662796132,0.8383601029918861
fetaqa/1731,10.146396986579274,6.723431364831898
fetaqa/1740,3.7797985618086316,0.6647905377553966
fetaqa/1748,2.2230766627961356,0.8383601029918853
fetaqa/1750,3.3285482813529352,0.6830606162086756
fetaqa/17570,2.8316136827843494,0.7331238723185535
fetaqa/17633,5.267740726966582,0.8071014562515912
fetaqa/1803,2.8316136827843494,0.7331238723185535
fetaqa/1811,-3.7724785602928548,10.235747141726414
fetaqa/1821,6.099340151676767,1.0598368472294821
fetaqa/1835,1.324259679995773,1.1001516874047268
fetaqa/1917,2.2230766627961356,0.8383601029918853
fetaqa/20737,3.7797985618087337,0.6647905377553954
fetaqa/20831,10.146396986579274,6.723431364831898
fetaqa/20857,4.225060337077681,0.6729515235179284
fetaqa/20969,5.267740726966644,0.8071014562516047
fetaqa/20993,3.3285482813529272,0.6830606162086763
fetaqa/21014,4.699709409880358,0.7124818261248805
fetaqa/21032,3.3285482813529352,0.6830606162086756
fetaqa/21091,3.7797985618087337,0.6647905377553954
fetaqa/21149,2.8316136827843494,0.7331238723185535
fetaqa/21329,3.7797985618087226,0.6647905377553955
fetaqa/21387,3.3285482813529272,0.6830606162086763
fetaqa/21394,2.8316136827843494,0.7331238723185535
fetaqa/21411,10.146396986579274,6.723431364831898
fetaqa/21464,2.8316136827843406,0.7331238723185547
fetaqa/21479,3.7797985618087266,0.6647905377553954
fetaqa/21517,10.146396986579274,6.723431364831898
fetaqa/21575,10.146396986579274,6.723431364831898
fetaqa/21632,10.146396986579274,6.723431364831898
fetaqa/21680,10.146396986579274,6.723431364831898
fetaqa/21682,2.8316136827843406,0.7331238723185547
fetaqa/2257,10.146396986579274,6.723431364831898
fetaqa/2277,10.146396986579274,6.723431364831898
fetaqa/2569,10.146396986579274,6.723431364831898
fetaqa/285,4.699709409880347,0.7124818261248793
fetaqa/403,3.3285482813529272,0.6830606162086763
fetaqa/550,5.267740726966624,0.8071014562516003
fetaqa/554,-3.7724785602928548,10.235747141726414
fetaqa/634,2.8316136827843503,0.7331238723185534
fetaqa/646,2.831613682784332,0.7331238723185557
fetaqa/674,10.146396986579274,6.723431364831898
fetaqa/719,-3.7724785602928548,10.235747141726414
fetaqa/750,1.3242596799958521,1.100151687404697
fetaqa/761,1.3242596799958521,1.100151687404697
fetaqa/7759,2.8316136827843494,0.7331238723185535
fetaqa/7784,4.699709409880344,0.712481826124879
fetaqa/7948,3.3285482813529272,0.6830606162086763
fetaqa/8017,4.699709409880317,0.7124818261248757
fetaqa/8135,3.328548281352989,0.6830606162086721
fetaqa/815,3.77979856180867,0.6647905377553962
fetaqa/8302,3.3285482813529352,0.6830606162086756
fetaqa/8394,2.2230766627961356,0.8383601029918853
fetaqa/8466,10.146396986579274,6.723431364831898
fetaqa/882,-3.7724785602928548,10.235747141726414
fetaqa/8961,2.2230766627961356,0.8383601029918853
fetaqa/9064,3.77979856180867,0.6647905377553962
fetaqa/9111,10.146396986579274,6.723431364831898
fetaqa/9234,3.3285482813529272,0.6830606162086763
fetaqa/949,10.146396986579274,6.723431364831898
fetaqa/9510,2.8316136827843406,0.7331238723185547
fetaqa/9527,3.3285482813529352,0.6830606162086756
fetaqa/9528,1.324259679995773,1.1001516874047268
fetaqa/9710,10.146396986579274,6.723431364831898
fetaqa/9858,10.146396986579274,6.723431364831898
fetaqa/989,10.146396986579274,6.723431364831898
fetaqa/992,4.699709409880358,0.7124818261248805
fintagging/fintagging_fincl_1029,2.223076662796132,0.8383601029918861
fintagging/fintagging_fincl_10340,-3.7724785602928548,10.235747141726414
fintagging/fintagging_fincl_118,-3.7724785602928548,10.235747141726414
fintagging/fintagging_fincl_1266,-3.7724785602928548,10.235747141726414
fintagging/fintagging_fincl_1288,-3.7724785602928548,10.235747141726414
fintagging/fintagging_fincl_1314,-3.7724785602928548,10.235747141726414
fintagging/fintagging_fincl_1379,-3.7724785602928548,10.235747141726414
fintagging/fintagging_fincl_1387,-3.7724785602928548,10.235747141726414
fintagging/fintagging_fincl_1448,-3.7724785602928548,10.235747141726414
fintagging/fintagging_fincl_14781,4.225060337077709,0.6729515235179299
fintagging/fintagging_fincl_1525,-3.7724785602928548,10.235747141726414
fintagging/fintagging_fincl_15387,1.3242596799958521,1.100151687404697
fintagging/fintagging_fincl_1816,-3.7724785602928548,10.235747141726414
fintagging/fintagging_fincl_1842,-3.7724785602928548,10.235747141726414
fintagging/fintagging_fincl_18877,-3.7724785602928548,10.235747141726414
fintagging/fintagging_fincl_1906,-3.7724785602928548,10.235747141726414
fintagging/fintagging_fincl_19485,-3.7724785602928548,10.235747141726414
fintagging/fintagging_fincl_1955,4.699709409880347,0.7124818261248793
fintagging/fintagging_fincl_2120,10.146396986579274,6.723431364831898
fintagging/fintagging_fincl_21405,-3.7724785602928548,10.235747141726414
fintagging/fintagging_fincl_2167,-3.7724785602928548,10.235747141726414
fintagging/fintagging_fincl_2215,3.3285482813529685,0.6830606162086734
fintagging/fintagging_fincl_23290,-3.7724785602928548,10.235747141726414
fintagging/fintagging_fincl_2369,10.146396986579274,6.723431364831898
fintagging/fintagging_fincl_2392,-3.7724785602928548,10.235747141726414
fintagging/fintagging_fincl_2448,3.7797985618087098,0.6647905377553958
fintagging/fintagging_fincl_2485,6.099340151676767,1.0598368472294821
fintagging/fintagging_fincl_25042,-3.7724785602928548,10.235747141726414
fintagging/fintagging_fincl_25753,-3.7724785602928548,10.235747141726414
fintagging/fintagging_fincl_2577,6.099340151676767,1.0598368472294821
fintagging/fintagging_fincl_2578,6.099340151676767,1.0598368472294821
fintagging/fintagging_fincl_2586,-3.7724785602928548,10.235747141726414
fintagging/fintagging_fincl_260,-3.7724785602928548,10.235747141726414
fintagging/fintagging_fincl_2629,6.099340151676767,1.0598368472294821
fintagging/fintagging_fincl_272,-3.7724785602928548,10.235747141726414
fintagging/fintagging_fincl_27486,10.146396986579274,6.723431364831898
fintagging/fintagging_fincl_2787,-3.7724785602928548,10.235747141726414
fintagging/fintagging_fincl_2796,-3.7724785602928548,10.235747141726414
fintagging/fintagging_fincl_28065,4.699709409880296,0.7124818261248733
fintagging/fintagging_fincl_2811,3.3285482813529352,0.6830606162086756
fintagging/fintagging_fincl_28311,-3.7724785602928548,10.235747141726414
fintagging/fintagging_fincl_28333,-3.7724785602928548,10.235747141726414
fintagging/fintagging_fincl_2850,-3.7724785602928548,10.235747141726414
fintagging/fintagging_fincl_2875,-3.7724785602928548,10.235747141726414
fintagging/fintagging_fincl_2910,-3.7724785602928548,10.235747141726414
fintagging/fintagging_fincl_2942,-3.7724785602928548,10.235747141726414
fintagging/fintagging_fincl_2999,-3.7724785602928548,10.235747141726414
fintagging/fintagging_fincl_3048,-3.7724785602928548,10.235747141726414
fintagging/fintagging_fincl_3056,-3.7724785602928548,10.235747141726414
fintagging/fintagging_fincl_31105,-3.7724785602928548,10.235747141726414
fintagging/fintagging_fincl_3142,-3.7724785602928548,10.235747141726414
fintagging/fintagging_fincl_3172,-3.7724785602928548,10.235747141726414
fintagging/fintagging_fincl_32055,-3.7724785602928548,10.235747141726414
fintagging/fintagging_fincl_32823,-3.7724785602928548,10.235747141726414
fintagging/fintagging_fincl_33188,2.831613682784349,0.7331238723185536
fintagging/fintagging_fincl_3329,-3.7724785602928548,10.235747141726414
fintagging/fintagging_fincl_33315,-3.7724785602928548,10.235747141726414
fintagging/fintagging_fincl_34168,1.3242596799958521,1.100151687404697
fintagging/fintagging_fincl_35062,3.77979856180876,0.6647905377553952
fintagging/fintagging_fincl_3599,-3.7724785602928548,10.235747141726414
fintagging/fintagging_fincl_36146,1.324259679995773,1.1001516874047268
fintagging/fintagging_fincl_3622,2.2230766627961356,0.8383601029918853
fintagging/fintagging_fincl_3634,-3.7724785602928548,10.235747141726414
fintagging/fintagging_fincl_36867,-3.7724785602928548,10.235747141726414
fintagging/fintagging_fincl_3713,-3.7724785602928548,10.235747141726414
fintagging/fintagging_fincl_3794,-3.7724785602928548,10.235747141726414
fintagging/fintagging_fincl_38113,-3.7724785602928548,10.235747141726414
fintagging/fintagging_fincl_38219,-3.7724785602928548,10.235747141726414
fintagging/fintagging_fincl_38494,-3.7724785602928548,10.235747141726414
fintagging/fintagging_fincl_38819,-3.7724785602928548,10.235747141726414
fintagging/fintagging_fincl_38907,10.146396986579274,6.723431364831898
fintagging/fintagging_fincl_3958,-3.7724785602928548,10.235747141726414
fintagging/fintagging_fincl_4036,-3.7724785602928548,10.235747141726414
fintagging/fintagging_fincl_4065,-3.7724785602928548,10.235747141726414
fintagging/fintagging_fincl_4066,-3.7724785602928548,10.235747141726414
fintagging/fintagging_fincl_4122,-3.7724785602928548,10.235747141726414
fintagging/fintagging_fincl_4179,-3.7724785602928548,10.235747141726414
fintagging/fintagging_fincl_43161,-3.7724785602928548,10.235747141726414
fintagging/fintagging_fincl_44190,3.7797985618087457,0.6647905377553953
fintagging/fintagging_fincl_44389,10.146396986579274,6.723431364831898
fintagging/fintagging_fincl_449,1.324259679995773,1.1001516874047268
fintagging/fintagging_fincl_452,3.7797985618086245,0.6647905377553966
fintagging/fintagging_fincl_45642,-3.7724785602928548,10.235747141726414
fintagging/fintagging_fincl_45924,2.8316136827843494,0.7331238723185535
fintagging/fintagging_fincl_46736,2.223076662796132,0.8383601029918861
fintagging/fintagging_fincl_47428,-3.7724785602928548,10.235747141726414
fintagging/fintagging_fincl_48891,2.2230766627961356,0.8383601029918853
fintagging/fintagging_fincl_50852,-3.7724785602928548,10.235747141726414
fintagging/fintagging_fincl_51767,3.3285482813529272,0.6830606162086763
fintagging/fintagging_fincl_51797,2.8316136827843494,0.7331238723185535
fintagging/fintagging_fincl_52369,6.099340151676845,1.0598368472295137
fintagging/fintagging_fincl_52387,-3.7724785602928548,10.235747141726414
fintagging/fintagging_fincl_5269,1.3242596799958521,1.100151687404697
fintagging/fintagging_fincl_5334,-3.7724785602928548,10.235747141726414
fintagging/fintagging_fincl_647,4.699709409880347,0.7124818261248793
fintagging/fintagging_fincl_6528,10.146396986579274,6.723431364831898
fintagging/fintagging_fincl_702,10.146396986579274,6.723431364831898
fintagging/fintagging_fincl_767,-3.7724785602928548,10.235747141726414
fintagging/fintagging_fincl_892,10.146396986579274,6.723431364831898
fintagging/fintagging_fincl_9851,-3.7724785602928548,10.235747141726414
hitab/hitab_03c9e16805ea51611fa700eb5fdd6680,1.3242596799958521,1.100151687404697
hitab/hitab_06e47fc12e39a89455f86f74aee140dc,-3.7724785602928548,10.235747141726414
hitab/hitab_08708efa7393dc18711fc45f412ef8d6,-3.7724785602928548,10.235747141726414
hitab/hitab_092f766f1264cb0d89ff2f495e281307,-3.7724785602928548,10.235747141726414
hitab/hitab_098a10fc3e91f99daffeceeb0a644028,-3.7724785602928548,10.235747141726414
hitab/hitab_098d4a8b691396caebed15a7844c00f8,-3.7724785602928548,10.235747141726414
hitab/hitab_0b1861a08ec699c36197279d2a3198a6,-3.7724785602928548,10.235747141726414
hitab/hitab_0c221c1ce1ef03c3f187b4c5b5ab7c1d,10.146396986579274,6.723431364831898
hitab/hitab_0c87c1fb770e48785607ed4a9da70534,6.099340151676845,1.0598368472295137
hitab/hitab_0cccdff1ef488b341ac6eb13875d7d77,2.831613682784343,0.7331238723185544
hitab/hitab_0fcf6f2ecae64dad79efc051cc7c20ac,-3.7724785602928548,10.235747141726414
hitab/hitab_11aebedafce25dc38fe6666a556327bb,-3.7724785602928548,10.235747141726414
hitab/hitab_11c348abb48b7bdf1157539fba45fde5,6.099340151676845,1.0598368472295137
hitab/hitab_132116d22ce9f5842d5e23aa99197476,2.831613682784327,0.7331238723185565
hitab/hitab_16417ec8a3d47e874eeedd059390f099,6.099340151676846,1.0598368472295139
hitab/hitab_17ab3070bb7894af7e02467ec6a19a88,-3.7724785602928548,10.235747141726414
hitab/hitab_1ab4f719e494d967dc64eafafdd28138,-3.7724785602928548,10.235747141726414
hitab/hitab_1fd016eb443c0cc6b907e94e3c09d782,-3.7724785602928548,10.235747141726414
hitab/hitab_20633dafc9833ea6d1b786de6c8dc759,10.146396986579274,6.723431364831898
hitab/hitab_21eaa09fbad89354f6df048bcfa775e2,10.146396986579274,6.723431364831898
hitab/hitab_238854daacd49e750e33081ab0d8a2e6,-3.7724785602928548,10.235747141726414
hitab/hitab_2945e077be811d932b56e4b72519bb2c,-3.7724785602928548,10.235747141726414
hitab/hitab_338c59dac5404fe28fdc38dbf06d8d98,1.324259679995773,1.1001516874047268
hitab/hitab_33bae9f615e6a58c08c7decd820d2496,5.267740726966577,0.8071014562515901
hitab/hitab_3589d98583725bd2c86783e2e2bda6f5,-3.7724785602928548,10.235747141726414
hitab/hitab_43cb01cfae80e7d2e541eba1181b78dd,-3.7724785602928548,10.235747141726414
hitab/hitab_45f4e650c5b11d304121c4977a5605c8,-3.7724785602928548,10.235747141726414
hitab/hitab_464c1c7e99fa567c06f86e5f510a7595,-3.7724785602928548,10.235747141726414
hitab/hitab_4bb068063e4a256a046afd012229b8d4,-3.7724785602928548,10.235747141726414
hitab/hitab_4eb711dd5fc158e33fdddb87e3bc8c7c,10.146396986579274,6.723431364831898
hitab/hitab_4f89c8540bfe179f1362f125c1a4d437,-3.7724785602928548,10.235747141726414
hitab/hitab_55992a23869dd653b3b818ccbcacd4a1,-3.7724785602928548,10.235747141726414
hitab/hitab_5995b7ddab790244673919b2ee8cc648,-3.7724785602928548,10.235747141726414
hitab/hitab_5c7efa085fc9c5bc294b9835459bb04e,-3.7724785602928548,10.235747141726414
hitab/hitab_6131fa89d356092f30638a4cfa87e672,-3.7724785602928548,10.235747141726414
hitab/hitab_616c7485444528e0c2e4b3a08ec733a2,-3.7724785602928548,10.235747141726414
hitab/hitab_668eda5b3265c54110b4a8f9a2ef9347,3.3285482813529272,0.6830606162086763
hitab/hitab_671932699ecd8c4978cd6ffe5fc8b862,-3.7724785602928548,10.235747141726414
hitab/hitab_6799af69eface495e563a22f595654c2,-3.7724785602928548,10.235747141726414
hitab/hitab_680481e11f9663151e506cf0b23d597c,10.146396986579274,6.723431364831898
hitab/hitab_6939086016c92b318fe710ce09fcaea2,-3.7724785602928548,10.235747141726414
hitab/hitab_6c17b45e1310027c501ac9cabcac781f,10.146396986579274,6.723431364831898
hitab/hitab_76e51a7a2eedbe940d512a5283cd91a4,-3.7724785602928548,10.235747141726414
hitab/hitab_78eeb70f1e3f96f29aba0a206b1eeeaf,-3.7724785602928548,10.235747141726414
hitab/hitab_7ac85caccae15c880631966f7198328e,-3.7724785602928548,10.235747141726414
hitab/hitab_7b25085a01c39675a528f1bd4498c271,-3.7724785602928548,10.235747141726414
hitab/hitab_7d49dcc2e97d21c6d4f245d344139d2b,3.3285482813529352,0.6830606162086756
hitab/hitab_7f55393944537b77b8c647f96bf25cd7,1.324259679995773,1.1001516874047268
hitab/hitab_7f620456dde5df5231418c03ef7bb862,6.099340151676846,1.0598368472295139
hitab/hitab_803d32e45c643d77712e741720ae1937,2.2230766627961356,0.8383601029918853
hitab/hitab_827f7807986dc649ae09d63d933b857a,-3.7724785602928548,10.235747141726414
hitab/hitab_8450a42c4ee5f5ddf5e575ddbddb53a6,-3.7724785602928548,10.235747141726414
hitab/hitab_8c039042b37601085dc1bfbeeb75c684,1.3242596799958521,1.100151687404697
hitab/hitab_8c07dd3fb14be97d86e5b6f33994e04a,-3.7724785602928548,10.235747141726414
hitab/hitab_8e8e18221bf2e490aad64e9718e09a4f,-3.7724785602928548,10.235747141726414
hitab/hitab_8e977e8fefe3d85b185dba51ccff2ea7,4.699709409880347,0.7124818261248793
hitab/hitab_9f39b6d8cc1cb119e605a419d556b8b1,-3.7724785602928548,10.235747141726414
hitab/hitab_9f4440c8282ad4482771828d6ea1f5b9,-3.7724785602928548,10.235747141726414
hitab/hitab_a042e5f82616f78403dd065eb78b7f66,4.699709409880317,0.7124818261248757
hitab/hitab_a044a066bd98be81c4bc1c3ec643da69,-3.7724785602928548,10.235747141726414
hitab/hitab_a050593919496a1ca5f3cff60fb8e470,-3.7724785602928548,10.235747141726414
hitab/hitab_a49aedf0036c8c9bc5b32b5705a9e92c,10.146396986579274,6.723431364831898
hitab/hitab_a5b0c7293244fa152aaec7086e2b3ead,-3.7724785602928548,10.235747141726414
hitab/hitab_ad4ae741363dd3f59446c3b8b4dbb2d2,2.8316136827843494,0.7331238723185535
hitab/hitab_aec8d28cb21f01cfe588dd337aace3b2,-3.7724785602928548,10.235747141726414
hitab/hitab_b114c75fea9a90194b3a43c412ce78f2,-3.7724785602928548,10.235747141726414
hitab/hitab_b3fcbb3bfd3837023892e036d76a9753,-3.7724785602928548,10.235747141726414
hitab/hitab_b48716927802af623de15881ab865abc,10.146396986579274,6.723431364831898
hitab/hitab_b996440119231357e1e3334a12cb2b64,-3.7724785602928548,10.235747141726414
hitab/hitab_ba49822ee491a40f8dcd070e921a26f6,1.3242596799958521,1.100151687404697
hitab/hitab_bd9912bb5185dcdae9f07f3b03f37409,-3.7724785602928548,10.235747141726414
hitab/hitab_be4514eb57730b1bf6e6ce08e5945e5e,-3.7724785602928548,10.235747141726414
hitab/hitab_bf409b96536181e0d1d984c671125600,6.099340151676846,1.0598368472295139
hitab/hitab_c16818cb84fdc3c87a1eeec3037e1b4b,-3.7724785602928548,10.235747141726414
hitab/hitab_c2fba962a6f79b970839cc3fe869f510,-3.7724785602928548,10.235747141726414
hitab/hitab_c53375d3ec90313b7c70f6b6502769c4,4.699709409880358,0.7124818261248805
hitab/hitab_c66c503aa7514e698a8dad127bc43095,-3.7724785602928548,10.235747141726414
hitab/hitab_c720c316f80b2f9e0266f04b4d4cba67,2.8316136827843494,0.7331238723185535
hitab/hitab_cbed0f6b71f1285acb6d8eaf71ccfcd7,10.146396986579274,6.723431364831898
hitab/hitab_cdbb5cccecab77332b7d21739fb78206,-3.7724785602928548,10.235747141726414
hitab/hitab_cdc33097a93cd1c274b91a3bab9bd8c0,2.8316136827843406,0.7331238723185547
hitab/hitab_ce7b208b874447d69e561ef7d71e9ce1,10.146396986579274,6.723431364831898
hitab/hitab_cfeffba96fb54065bd921bca3db929be,-3.7724785602928548,10.235747141726414
hitab/hitab_d1486760e6bf61dfbad473e6cbee40f5,-3.7724785602928548,10.235747141726414
hitab/hitab_d74c36ebebc7ce3a636d237207a1603f,-3.7724785602928548,10.235747141726414
hitab/hitab_da6edacb01f2eec9794e667994aefdb4,-3.7724785602928548,10.235747141726414
hitab/hitab_dcadc31f634e2df848f25119cbf6b1b0,3.7797985618087324,0.6647905377553954
hitab/hitab_e548a3f7aa6323a686e17c6ad58e71aa,-3.7724785602928548,10.235747141726414
hitab/hitab_e586d5f09c789ec09384d6450c69419c,10.146396986579274,6.723431364831898
hitab/hitab_ea0a009945e90eaa167908f54ee32af1,4.699709409880347,0.7124818261248793
hitab/hitab_ef4f0532afdd4a69baf97515033fadb0,-3.7724785602928548,10.235747141726414
hitab/hitab_f0ecdf3973ffe24aca47e0a962381750,-3.7724785602928548,10.235747141726414
hitab/hitab_f770aef7f1a10a28fac8ee84a9325f36,-3.7724785602928548,10.235747141726414
hitab/hitab_f7b07cbdb7e92ea7c2d42dd40cab85af,-3.7724785602928548,10.235747141726414
hitab/hitab_f836f7152e5e11692e1c479101e963df,-3.7724785602928548,10.235747141726414
hitab/hitab_fad63ffc85bc80e4fccda833458c6230,10.146396986579274,6.723431364831898
hitab/hitab_fc19803a968e7d3154f07c73aef6f51e,6.099340151676845,1.0598368472295137
hitab/hitab_fca1123f84cf820bb41527eb509a5538,-3.7724785602928548,10.235747141726414
hitab/hitab_ff3654ef909452a1297ee646a5759d89,3.779798561808666,0.6647905377553962
hitab/hitab_ffc50e079a319faf0b721b29bd3faada,4.699709409880358,0.7124818261248805
machamp/machamp_rel-heter_0_170,-3.7724785602928548,10.235747141726414
machamp/machamp_rel-heter_101_319,-3.7724785602928548,10.235747141726414
machamp/machamp_rel-heter_143_39,-3.7724785602928548,10.235747141726414
machamp/machamp_rel-heter_148_238,-3.7724785602928548,10.235747141726414
machamp/machamp_rel-heter_197_270,-3.7724785602928548,10.235747141726414
machamp/machamp_rel-heter_274_271,-3.7724785602928548,10.235747141726414
machamp/machamp_rel-heter_28_246,-3.7724785602928548,10.235747141726414
machamp/machamp_rel-heter_384_300,1.3242596799958521,1.100151687404697
machamp/machamp_rel-heter_38_256,-3.7724785602928548,10.235747141726414
machamp/machamp_rel-heter_39_257,-3.7724785602928548,10.235747141726414
machamp/machamp_rel-heter_57_275,-3.7724785602928548,10.235747141726414
machamp/machamp_rel-heter_6_62,-3.7724785602928548,10.235747141726414
machamp/machamp_rel-heter_72_132,-3.7724785602928548,10.235747141726414
machamp/machamp_rel-heter_73_291,-3.7724785602928548,10.235747141726414
machamp/machamp_rel-heter_79_297,-3.7724785602928548,10.235747141726414
machamp/machamp_rel-heter_82_300,-3.7724785602928548,10.235747141726414
machamp/machamp_rel-text_1180_56,2.2230766627961356,0.8383601029918853
machamp/machamp_rel-text_1310_1799,4.699709409880358,0.7124818261248805
machamp/machamp_rel-text_1685_1976,2.223076662796132,0.8383601029918861
machamp/machamp_rel-text_173_1892,10.146396986579274,6.723431364831898
machamp/machamp_rel-text_1795_329,-3.7724785602928548,10.235747141726414
machamp/machamp_rel-text_1985_2239,-3.7724785602928548,10.235747141726414
machamp/machamp_rel-text_2345_1819,-3.7724785602928548,10.235747141726414
machamp/machamp_rel-text_2494_1159,6.099340151676767,1.0598368472294821
machamp/machamp_rel-text_2588_1956,-3.7724785602928548,10.235747141726414
machamp/machamp_rel-text_2604_1334,-3.7724785602928548,10.235747141726414
machamp/machamp_rel-text_265_1657,-3.7724785602928548,10.235747141726414
machamp/machamp_rel-text_56_263,6.099340151676846,1.0598368472295139
machamp/machamp_rel-text_589_432,3.7797985618087337,0.6647905377553954
machamp/machamp_rel-text_766_1884,-3.7724785602928548,10.235747141726414
machamp/machamp_semi-heter_10319_8264,-3.7724785602928548,10.235747141726414
machamp/machamp_semi-heter_10337_9490,-3.7724785602928548,10.235747141726414
machamp/machamp_semi-heter_10485_10273,-3.7724785602928548,10.235747141726414
machamp/machamp_semi-heter_14116_14699,-3.7724785602928548,10.235747141726414
machamp/machamp_semi-heter_15525_12340,2.2230766627961382,0.8383601029918849
machamp/machamp_semi-heter_19533_21802,-3.7724785602928548,10.235747141726414
machamp/machamp_semi-heter_19775_22677,-3.7724785602928548,10.235747141726414
machamp/machamp_semi-heter_20581_23250,-3.7724785602928548,10.235747141726414
machamp/machamp_semi-heter_20746_21692,-3.7724785602928548,10.235747141726414
machamp/machamp_semi-heter_20746_21766,-3.7724785602928548,10.235747141726414
machamp/machamp_semi-heter_21235_21393,-3.7724785602928548,10.235747141726414
machamp/machamp_semi-heter_21438_21686,-3.7724785602928548,10.235747141726414
machamp/machamp_semi-heter_21470_22292,-3.7724785602928548,10.235747141726414
machamp/machamp_semi-heter_22093_21789,-3.7724785602928548,10.235747141726414
machamp/machamp_semi-homo_1397_61429,-3.7724785602928548,10.235747141726414
machamp/machamp_semi-homo_1826_36814,-3.7724785602928548,10.235747141726414
machamp/machamp_semi-homo_1890_48665,-3.7724785602928548,10.235747141726414
machamp/machamp_semi-homo_1953_51585,-3.7724785602928548,10.235747141726414
machamp/machamp_semi-homo_1968_41358,-3.7724785602928548,10.235747141726414
machamp/machamp_semi-homo_2132_26538,-3.7724785602928548,10.235747141726414
machamp/machamp_semi-homo_2422_59374,-3.7724785602928548,10.235747141726414
machamp/machamp_semi-homo_2425_43312,-3.7724785602928548,10.235747141726414
machamp/machamp_semi-homo_350_61191,-3.7724785602928548,10.235747141726414
machamp/machamp_semi-homo_505_62246,-3.7724785602928548,10.235747141726414
machamp/machamp_semi-homo_56_62379,-3.7724785602928548,10.235747141726414
machamp/machamp_semi-homo_773_62964,-3.7724785602928548,10.235747141726414
machamp/machamp_semi-homo_837_21161,-3.7724785602928548,10.235747141726414
machamp/machamp_semi-homo_859_58249,-3.7724785602928548,10.235747141726414
machamp/machamp_semi-homo_86_44630,1.3242596799958521,1.100151687404697
machamp/machamp_semi-homo_892_52129,2.2230766627961356,0.8383601029918853
machamp/machamp_semi-rel_23804_25354,-3.7724785602928548,10.235747141726414
machamp/machamp_semi-rel_24749_19980,-3.7724785602928548,10.235747141726414
machamp/machamp_semi-rel_25450_20577,-3.7724785602928548,10.235747141726414
machamp/machamp_semi-rel_25950_31335,-3.7724785602928548,10.235747141726414
machamp/machamp_semi-rel_26403_28737,-3.7724785602928548,10.235747141726414
machamp/machamp_semi-rel_27295_27393,-3.7724785602928548,10.235747141726414
machamp/machamp_semi-rel_27599_26145,10.146396986579274,6.723431364831898
machamp/machamp_semi-rel_27676_32367,-3.7724785602928548,10.235747141726414
machamp/machamp_semi-rel_27851_27128,-3.7724785602928548,10.235747141726414
machamp/machamp_semi-rel_28202_27597,-3.7724785602928548,10.235747141726414
machamp/machamp_semi-rel_28722_28349,1.3242596799958521,1.100151687404697
machamp/machamp_semi-rel_29028_30982,-3.7724785602928548,10.235747141726414
machamp/machamp_semi-text-c_16964_16964,5.267740726966647,0.8071014562516053
machamp/machamp_semi-text-c_18275_18275,-3.7724785602928548,10.235747141726414
machamp/machamp_semi-text-c_18320_18320,-3.7724785602928548,10.235747141726414
machamp/machamp_semi-text-c_18482_18482,-3.7724785602928548,10.235747141726414
machamp/machamp_semi-text-c_18485_18485,2.223076662796132,0.8383601029918861
machamp/machamp_semi-text-c_18810_18810,-3.7724785602928548,10.235747141726414
machamp/machamp_semi-text-c_19135_19135,-3.7724785602928548,10.235747141726414
machamp/machamp_semi-text-c_19489_19489,1.3242596799958521,1.100151687404697
machamp/machamp_semi-text-c_19717_19717,-3.7724785602928548,10.235747141726414
machamp/machamp_semi-text-c_19790_19790,-3.7724785602928548,10.235747141726414
machamp/machamp_semi-text-c_20018_20018,2.8316136827843255,0.7331238723185567
machamp/machamp_semi-text-c_20060_20060,10.146396986579274,6.723431364831898
machamp/machamp_semi-text-c_20129_20129,-3.7724785602928548,10.235747141726414
machamp/machamp_semi-text-w_7471_7471,-3.7724785602928548,10.235747141726414
machamp/machamp_semi-text-w_7529_7529,-3.7724785602928548,10.235747141726414
machamp/machamp_semi-text-w_7685_7685,-3.7724785602928548,10.235747141726414
machamp/machamp_semi-text-w_7899_7899,-3.7724785602928548,10.235747141726414
machamp/machamp_semi-text-w_7995_7995,-3.7724785602928548,10.235747141726414
machamp/machamp_semi-text-w_8097_8097,6.099340151676846,1.0598368472295139
machamp/machamp_semi-text-w_8130_8130,10.146396986579274,6.723431364831898
machamp/machamp_semi-text-w_8140_8140,-3.7724785602928548,10.235747141726414
machamp/machamp_semi-text-w_8208_8208,-3.7724785602928548,10.235747141726414
machamp/machamp_semi-text-w_8266_8266,-3.7724785602928548,10.235747141726414
machamp/machamp_semi-text-w_8398_8398,6.099340151676846,1.0598368472295139
machamp/machamp_semi-text-w_8622_8622,-3.7724785602928548,10.235747141726414
machamp/machamp_semi-text-w_8812_8812,-3.7724785602928548,10.235747141726414
machamp/machamp_semi-text-w_8853_8853,-3.7724785602928548,10.235747141726414
machamp/machamp_semi-text-w_9068_9068,-3.7724785602928548,10.235747141726414
magneto_gdc/magneto_gdc_Cao_Stromal_fraction,-3.7724785602928548,10.235747141726414
magneto_gdc/magneto_gdc_Cao_additional_pathologic_findings,-3.7724785602928548,10.235747141726414
magneto_gdc/magneto_gdc_Cao_age,-3.7724785602928548,10.235747141726414
magneto_gdc/magneto_gdc_Cao_cause_of_death,-3.7724785602928548,10.235747141726414
magneto_gdc/magneto_gdc_Cao_follow_up_days,4.225060337077654,0.6729515235179271
magneto_gdc/magneto_gdc_Cao_histology_diagnosis,1.3242596799958521,1.100151687404697
magneto_gdc/magneto_gdc_Cao_is_this_patient_lost_to_follow_up,-3.7724785602928548,10.235747141726414
magneto_gdc/magneto_gdc_Cao_lymph_vascular_invasion,2.2230766627961356,0.8383601029918853
magneto_gdc/magneto_gdc_Cao_participant_country,1.324259679995773,1.1001516874047268
magneto_gdc/magneto_gdc_Cao_pathologic_staging_distant_metastasis_pm,-3.7724785602928548,10.235747141726414
magneto_gdc/magneto_gdc_Cao_race,-3.7724785602928548,10.235747141726414
magneto_gdc/magneto_gdc_Cao_tumor_focality,-3.7724785602928548,10.235747141726414
magneto_gdc/magneto_gdc_Cao_tumor_necrosis,-3.7724785602928548,10.235747141726414
magneto_gdc/magneto_gdc_Cao_tumor_size_cm,1.324259679995773,1.1001516874047268
magneto_gdc/magneto_gdc_Clark_BMI,-3.7724785602928548,10.235747141726414
magneto_gdc/magneto_gdc_Clark_Gender,1.324259679995773,1.1001516874047268
magneto_gdc/magneto_gdc_Clark_Histologic_Type,2.2230766627961356,0.8383601029918853
magneto_gdc/magneto_gdc_Clark_Path_Stage_Reg_Lymph_Nodes_pN,1.324259679995773,1.1001516874047268
magneto_gdc/magneto_gdc_Clark_Race,-3.7724785602928548,10.235747141726414
magneto_gdc/magneto_gdc_Clark_Tumor_Size_cm,1.324259679995773,1.1001516874047268
magneto_gdc/magneto_gdc_Dou_Age,-3.7724785602928548,10.235747141726414
magneto_gdc/magneto_gdc_Dou_BMI,-3.7724785602928548,10.235747141726414
magneto_gdc/magneto_gdc_Dou_Clin_Stage_Dist_Mets-cM,1.324259679995773,1.1001516874047268
magneto_gdc/magneto_gdc_Dou_Country,1.324259679995773,1.1001516874047268
magneto_gdc/magneto_gdc_Dou_Gender,-3.7724785602928548,10.235747141726414
magneto_gdc/magneto_gdc_Dou_Histologic_type,2.2230766627961356,0.8383601029918853
magneto_gdc/magneto_gdc_Dou_Path_Stage_Dist_Mets-pM,-3.7724785602928548,10.235747141726414
magneto_gdc/magneto_gdc_Dou_Path_Stage_Primary_Tumor-pT,1.324259679995773,1.1001516874047268
magneto_gdc/magneto_gdc_Dou_Path_Stage_Reg_Lymph_Nodes-pN,1.324259679995773,1.1001516874047268
magneto_gdc/magneto_gdc_Dou_Proteomics_Tumor_Normal,-3.7724785602928548,10.235747141726414
magneto_gdc/magneto_gdc_Dou_Race,-3.7724785602928548,10.235747141726414
magneto_gdc/magneto_gdc_Dou_Tumor_Focality,-3.7724785602928548,10.235747141726414
magneto_gdc/magneto_gdc_Dou_Tumor_Site,4.225060337077682,0.6729515235179284
magneto_gdc/magneto_gdc_Dou_tumor_Stage-Pathological,1.324259679995773,1.1001516874047268
magneto_gdc/magneto_gdc_Gillette_Age,1.3242596799958521,1.100151687404697
magneto_gdc/magneto_gdc_Gillette_Country.of.Origin,2.2230766627961356,0.8383601029918853
magneto_gdc/magneto_gdc_Gillette_Height.cm,-3.7724785602928548,10.235747141726414
magneto_gdc/magneto_gdc_Gillette_Pack.Years.Smoked,-3.7724785602928548,10.235747141726414
magneto_gdc/magneto_gdc_Gillette_Region.of.Origin,2.2230766627961356,0.8383601029918853
magneto_gdc/magneto_gdc_Gillette_Secondhand.Smoke,1.324259679995773,1.1001516874047268
magneto_gdc/magneto_gdc_Gillette_Smoking.Status,1.324259679995773,1.1001516874047268
magneto_gdc/magneto_gdc_Gillette_Type,2.8316136827843406,0.7331238723185547
magneto_gdc/magneto_gdc_Huang_age,-3.7724785602928548,10.235747141726414
magneto_gdc/magneto_gdc_Huang_alcohol_consum,3.7797985618086156,0.6647905377553969
magneto_gdc/magneto_gdc_Huang_gender,-3.7724785602928548,10.235747141726414
magneto_gdc/magneto_gdc_Huang_histologic_grade,-3.7724785602928548,10.235747141726414
magneto_gdc/magneto_gdc_Huang_patho_staging_pn,1.324259679995773,1.1001516874047268
magneto_gdc/magneto_gdc_Huang_patho_staging_pt,-3.7724785602928548,10.235747141726414
magneto_gdc/magneto_gdc_Huang_smoke_age_start,3.3285482813529352,0.6830606162086756
magneto_gdc/magneto_gdc_Huang_smoke_age_stop,4.699709409880317,0.7124818261248757
magneto_gdc/magneto_gdc_Huang_smoking_history,-3.7724785602928548,10.235747141726414
magneto_gdc/magneto_gdc_Huang_smoking_second_hand,1.324259679995773,1.1001516874047268
magneto_gdc/magneto_gdc_Huang_tumor_focality,-3.7724785602928548,10.235747141726414
magneto_gdc/magneto_gdc_Huang_tumor_necrosis,-3.7724785602928548,10.235747141726414
magneto_gdc/magneto_gdc_Huang_tumor_site_curated,-3.7724785602928548,10.235747141726414
magneto_gdc/magneto_gdc_Huang_tumor_size_cm,1.324259679995773,1.1001516874047268
magneto_gdc/magneto_gdc_Huang_tumor_stage,1.324259679995773,1.1001516874047268
magneto_gdc/magneto_gdc_Krug_Ischemia.Time.in.Minutes,-3.7724785602928548,10.235747141726414
magneto_gdc/magneto_gdc_McDermott_Age_in_Months_at_Time_of_Tissue_Procurement,3.7797985618087075,0.6647905377553958
magneto_gdc/magneto_gdc_McDermott_Anatomic_site_of_Tumor_Specimen,-3.7724785602928548,10.235747141726414
magneto_gdc/magneto_gdc_McDermott_Ethnicity,-3.7724785602928548,10.235747141726414
magneto_gdc/magneto_gdc_McDermott_Gender,-3.7724785602928548,10.235747141726414
magneto_gdc/magneto_gdc_McDermott_History_of_Other_Malignancy?,-3.7724785602928548,10.235747141726414
magneto_gdc/magneto_gdc_McDermott_Race,-3.7724785602928548,10.235747141726414
magneto_gdc/magneto_gdc_McDermott_Site_of_Disease,2.831613682784343,0.7331238723185544
magneto_gdc/magneto_gdc_McDermott_Tumor_Grade,-3.7724785602928548,10.235747141726414
magneto_gdc/magneto_gdc_McDermott_Tumor_Residual_Disease_(for_the_max_diameter_of_the_largest_remaining_tumor_nodule),1.324259679995773,1.1001516874047268
magneto_gdc/magneto_gdc_McDermott_Tumor_Stage_(Pathological)_Ovary_FIGO_Staging_System,-3.7724785602928548,10.235747141726414
magneto_gdc/magneto_gdc_Satpathy_Age,-3.7724785602928548,10.235747141726414
magneto_gdc/magneto_gdc_Satpathy_Country.of.Origin,1.324259679995773,1.1001516874047268
magneto_gdc/magneto_gdc_Satpathy_Ethnicity,-3.7724785602928548,10.235747141726414
magneto_gdc/magneto_gdc_Satpathy_Ethnicity_mod,1.324259679995773,1.1001516874047268
magneto_gdc/magneto_gdc_Satpathy_Gender,1.324259679995773,1.1001516874047268
magneto_gdc/magneto_gdc_Satpathy_Secondhand.Smoke,1.324259679995773,1.1001516874047268
magneto_gdc/magneto_gdc_Satpathy_Smoking.History,-3.7724785602928548,10.235747141726414
magneto_gdc/magneto_gdc_Satpathy_Type,3.328548281352902,0.6830606162086781
magneto_gdc/magneto_gdc_Vasaikar_Age,-3.7724785602928548,10.235747141726414
magneto_gdc/magneto_gdc_Vasaikar_Gender,1.324259679995773,1.1001516874047268
magneto_gdc/magneto_gdc_Vasaikar_MSmutectFishercall,-3.7724785602928548,10.235747141726414
magneto_gdc/magneto_gdc_Vasaikar_PN,1.324259679995773,1.1001516874047268
magneto_gdc/magneto_gdc_Vasaikar_PT,1.324259679995773,1.1001516874047268
magneto_gdc/magneto_gdc_Vasaikar_Perineural_Invasion,-3.7724785602928548,10.235747141726414
magneto_gdc/magneto_gdc_Vasaikar_Stage,1.324259679995773,1.1001516874047268
magneto_gdc/magneto_gdc_Vasaikar_Subsite,10.146396986579274,6.723431364831898
magneto_gdc/magneto_gdc_Vasaikar_Tumor.Status,2.2230766627961356,0.8383601029918853
magneto_gdc/magneto_gdc_Vasaikar_Vascular_Invasion,-3.7724785602928548,10.235747141726414
magneto_gdc/magneto_gdc_Vasaikar_Vital.Status,-3.7724785602928548,10.235747141726414
magneto_gdc/magneto_gdc_Wang_age,-3.7724785602928548,10.235747141726414
magneto_gdc/magneto_gdc_Wang_bmi,-3.7724785602928548,10.235747141726414
magneto_gdc/magneto_gdc_Wang_cause_of_death,-3.7724785602928548,10.235747141726414
magneto_gdc/magneto_gdc_Wang_country_of_origin,-3.7724785602928548,10.235747141726414
magneto_gdc/magneto_gdc_Wang_ethnicity_self_identify,-3.7724785602928548,10.235747141726414
magneto_gdc/magneto_gdc_Wang_height,-3.7724785602928548,10.235747141726414
magneto_gdc/magneto_gdc_Wang_lost_to_follow_up,-3.7724785602928548,10.235747141726414
magneto_gdc/magneto_gdc_Wang_path_diag_to_death_days,-3.7724785602928548,10.235747141726414
magneto_gdc/magneto_gdc_Wang_path_diag_to_last_contact_days,-3.7724785602928548,10.235747141726414
magneto_gdc/magneto_gdc_Wang_path_diag_to_tumor_reoccur_days,-3.7724785602928548,10.235747141726414
magneto_gdc/magneto_gdc_Wang_race,-3.7724785602928548,10.235747141726414
magneto_gdc/magneto_gdc_Wang_smoking_history,-3.7724785602928548,10.235747141726414
magneto_gdc/magneto_gdc_Wang_weight,-3.7724785602928548,10.235747141726414
mmtu/mmtu_Cell-entity-annotation_case_30895,3.3285482813529352,0.6830606162086756
mmtu/mmtu_Cell-entity-annotation_case_33008,2.223076662796132,0.8383601029918861
mmtu/mmtu_Cell-entity-annotation_case_36290,1.3242596799958521,1.100151687404697
mmtu/mmtu_Cell-entity-annotation_case_69399,-3.7724785602928548,10.235747141726414
mmtu/mmtu_Cell-entity-annotation_case_77074,2.223076662796132,0.8383601029918861
mmtu/mmtu_Cell-entity-annotation_case_95446,3.328548281352965,0.6830606162086736
mmtu/mmtu_Cell-entity-annotation_case_99791,10.146396986579274,6.723431364831898
mmtu/mmtu_Column-type-annotation_case_1068,2.831613682784334,0.7331238723185556
mmtu/mmtu_Column-type-annotation_case_1303,-3.7724785602928548,10.235747141726414
mmtu/mmtu_Column-type-annotation_case_254,3.328548281352959,0.6830606162086741
mmtu/mmtu_Column-type-annotation_case_366,1.3242596799958521,1.100151687404697
mmtu/mmtu_Column-type-annotation_case_383,-3.7724785602928548,10.235747141726414
mmtu/mmtu_Column-type-annotation_case_409,1.324259679995773,1.1001516874047268
mmtu/mmtu_Column-type-annotation_case_458,1.3242596799958521,1.100151687404697
mmtu/mmtu_Column-type-annotation_case_674,-3.7724785602928548,10.235747141726414
mmtu/mmtu_Columns-property-anotation_case_1018,10.146396986579274,6.723431364831898
mmtu/mmtu_Columns-property-anotation_case_104,3.328548281352902,0.6830606162086781
mmtu/mmtu_Columns-property-anotation_case_123,10.146396986579274,6.723431364831898
mmtu/mmtu_Columns-property-anotation_case_1356,6.099340151676846,1.0598368472295139
mmtu/mmtu_Columns-property-anotation_case_432,-3.7724785602928548,10.235747141726414
mmtu/mmtu_Columns-property-anotation_case_810,10.146396986579274,6.723431364831898
mmtu/mmtu_Data-Imputation_case_155,-3.7724785602928548,10.235747141726414
mmtu/mmtu_Data-Imputation_case_194,-3.7724785602928548,10.235747141726414
mmtu/mmtu_Data-Imputation_case_232,-3.7724785602928548,10.235747141726414
mmtu/mmtu_Data-Imputation_case_24,4.225060337077654,0.6729515235179271
mmtu/mmtu_Data-Imputation_case_29,-3.7724785602928548,10.235747141726414
mmtu/mmtu_Data-Imputation_case_353,-3.7724785602928548,10.235747141726414
mmtu/mmtu_Data-Imputation_case_412,6.099340151676846,1.0598368472295139
mmtu/mmtu_Data-Imputation_case_419,-3.7724785602928548,10.235747141726414
mmtu/mmtu_Data-Imputation_case_451,2.2230766627961356,0.8383601029918853
mmtu/mmtu_Data-Imputation_case_489,-3.7724785602928548,10.235747141726414
mmtu/mmtu_Data-Imputation_case_882,5.267740726966644,0.8071014562516047
mmtu/mmtu_Data-Imputation_case_892,2.2230766627961356,0.8383601029918853
mmtu/mmtu_Data-Imputation_case_969,-3.7724785602928548,10.235747141726414
mmtu/mmtu_Entity-Matching_test_124,-3.7724785602928548,10.235747141726414
mmtu/mmtu_Entity-Matching_test_153,-3.7724785602928548,10.235747141726414
mmtu/mmtu_Entity-Matching_test_289,-3.7724785602928548,10.235747141726414
mmtu/mmtu_Entity-Matching_test_396,-3.7724785602928548,10.235747141726414
mmtu/mmtu_Entity-Matching_test_437,-3.7724785602928548,10.235747141726414
mmtu/mmtu_Entity-Matching_test_452,-3.7724785602928548,10.235747141726414
mmtu/mmtu_Entity-Matching_test_460,-3.7724785602928548,10.235747141726414
mmtu/mmtu_Entity-Matching_test_483,-3.7724785602928548,10.235747141726414
mmtu/mmtu_Entity-Matching_test_638,-3.7724785602928548,10.235747141726414
mmtu/mmtu_Entity-Matching_test_65,-3.7724785602928548,10.235747141726414
mmtu/mmtu_Entity-Matching_test_671,-3.7724785602928548,10.235747141726414
mmtu/mmtu_Entity-Matching_test_776,-3.7724785602928548,10.235747141726414
mmtu/mmtu_Entity-Matching_test_820,-3.7724785602928548,10.235747141726414
mmtu/mmtu_Entity-Matching_test_837,-3.7724785602928548,10.235747141726414
mmtu/mmtu_Entity-Matching_test_858,1.324259679995773,1.1001516874047268
mmtu/mmtu_Entity-Matching_test_9,-3.7724785602928548,10.235747141726414
mmtu/mmtu_Entity-Matching_test_918,-3.7724785602928548,10.235747141726414
mmtu/mmtu_Error-Detect_test_217,-3.7724785602928548,10.235747141726414
mmtu/mmtu_Error-Detect_test_296,2.2230766627961356,0.8383601029918853
mmtu/mmtu_Error-Detect_test_320,1.3242596799958521,1.100151687404697
mmtu/mmtu_Error-Detect_test_337,-3.7724785602928548,10.235747141726414
mmtu/mmtu_Error-Detect_test_61,2.2230766627961263,0.8383601029918876
mmtu/mmtu_Error-Detect_test_774,-3.7724785602928548,10.235747141726414
mmtu/mmtu_Error-Detect_test_886,1.3242596799958521,1.100151687404697
mmtu/mmtu_Error-Detect_test_950,-3.7724785602928548,10.235747141726414
mmtu/mmtu_Error-Detect_test_979,-3.7724785602928548,10.235747141726414
mmtu/mmtu_Error-Detect_test_985,2.223076662796148,0.8383601029918827
mmtu/mmtu_Table-Fact-Verification_1-16337329-5.html.csv_11,-3.7724785602928548,10.235747141726414
mmtu/mmtu_Table-Fact-Verification_1-262501-1.html.csv_7,-3.7724785602928548,10.235747141726414
mmtu/mmtu_Table-Fact-Verification_1-2649597-1.html.csv_5,-3.7724785602928548,10.235747141726414
mmtu/mmtu_Table-Fact-Verification_1-27771406-1.html.csv_8,-3.7724785602928548,10.235747141726414
mmtu/mmtu_Table-Fact-Verification_2-10776868-9.html.csv_6,-3.7724785602928548,10.235747141726414
mmtu/mmtu_Table-Fact-Verification_2-10826385-15.html.csv_8,-3.7724785602928548,10.235747141726414
mmtu/mmtu_Table-Fact-Verification_2-11214772-2.html.csv_3,-3.7724785602928548,10.235747141726414
mmtu/mmtu_Table-Fact-Verification_2-11677691-4.html.csv_7,-3.7724785602928548,10.235747141726414
mmtu/mmtu_Table-Fact-Verification_2-1230478-2.html.csv_1,-3.7724785602928548,10.235747141726414
mmtu/mmtu_Table-Fact-Verification_2-14890430-2.html.csv_3,-3.7724785602928548,10.235747141726414
mmtu/mmtu_Table-Fact-Verification_2-15278857-2.html.csv_3,-3.7724785602928548,10.235747141726414
mmtu/mmtu_Table-Fact-Verification_2-15486062-1.html.csv_11,-3.7724785602928548,10.235747141726414
mmtu/mmtu_Table-Fact-Verification_2-15828727-6.html.csv_8,1.324259679995773,1.1001516874047268
mmtu/mmtu_Table-Fact-Verification_2-17442575-3.html.csv_0,-3.7724785602928548,10.235747141726414
mmtu/mmtu_Table-Fact-Verification_2-18484319-13.html.csv_0,-3.7724785602928548,10.235747141726414
mmtu/mmtu_Table-Fact-Verification_2-18789626-2.html.csv_2,-3.7724785602928548,10.235747141726414
mmtu/mmtu_Table-QA_8dcdb337eb9607dcb80c77dae5ac6e20,-3.7724785602928548,10.235747141726414
mmtu/mmtu_Table-QA_table-nu-126,-3.7724785602928548,10.235747141726414
mmtu/mmtu_Table-QA_table-nu-1502,-3.7724785602928548,10.235747141726414
mmtu/mmtu_Table-QA_table-nu-1751,-3.7724785602928548,10.235747141726414
mmtu/mmtu_Table-QA_table-nu-2326,-3.7724785602928548,10.235747141726414
mmtu/mmtu_Table-QA_table-nu-2368,-3.7724785602928548,10.235747141726414
mmtu/mmtu_Table-QA_table-nu-2943,-3.7724785602928548,10.235747141726414
mmtu/mmtu_Table-QA_table-nu-3414,1.324259679995773,1.1001516874047268
mmtu/mmtu_Table-QA_table-nu-3595,-3.7724785602928548,10.235747141726414
mmtu/mmtu_Table-QA_table-nu-4225,1.324259679995773,1.1001516874047268
mmtu/mmtu_Table-QA_test_1077,1.3242596799958521,1.100151687404697
mmtu/mmtu_Table-QA_test_1119,-3.7724785602928548,10.235747141726414
mmtu/mmtu_Table-QA_test_24,2.2230766627961382,0.8383601029918849
mmtu/mmtu_Table-QA_test_344,-3.7724785602928548,10.235747141726414
mmtu/mmtu_Table-QA_test_704,-3.7724785602928548,10.235747141726414
mmtu/mmtu_Table-QA_test_873,-3.7724785602928548,10.235747141726414
mmtu/mmtu_header-value-matching_Excel11664,-3.7724785602928548,10.235747141726414
mmtu/mmtu_header-value-matching_Excel13652,-3.7724785602928548,10.235747141726414
mmtu/mmtu_header-value-matching_Excel27749,-3.7724785602928548,10.235747141726414
mmtu/mmtu_header-value-matching_Excel32588,1.324259679995773,1.1001516874047268
mmtu/mmtu_header-value-matching_Excel33051,-3.7724785602928548,10.235747141726414
mmtu/mmtu_header-value-matching_Excel39808,2.223076662796132,0.8383601029918861
mmtu/mmtu_header-value-matching_Excel44206,-3.7724785602928548,10.235747141726414
officeqa/UID0001,10.146396986579274,6.723431364831898
officeqa/UID0006,10.146396986579274,6.723431364831898
officeqa/UID0008,10.146396986579274,6.723431364831898
officeqa/UID0009,5.267740726966645,0.807101456251605
officeqa/UID0017,10.146396986579274,6.723431364831898
officeqa/UID0018,6.099340151676767,1.0598368472294821
officeqa/UID0025,10.146396986579274,6.723431364831898
officeqa/UID0028,10.146396986579274,6.723431364831898
officeqa/UID0030,10.146396986579274,6.723431364831898
officeqa/UID0031,-3.7724785602928548,10.235747141726414
officeqa/UID0032,10.146396986579274,6.723431364831898
officeqa/UID0036,10.146396986579274,6.723431364831898
officeqa/UID0041,10.146396986579274,6.723431364831898
officeqa/UID0043,10.146396986579274,6.723431364831898
officeqa/UID0046,10.146396986579274,6.723431364831898
officeqa/UID0049,10.146396986579274,6.723431364831898
officeqa/UID0050,10.146396986579274,6.723431364831898
officeqa/UID0051,10.146396986579274,6.723431364831898
officeqa/UID0053,10.146396986579274,6.723431364831898
officeqa/UID0055,2.8316136827843406,0.7331238723185547
officeqa/UID0056,1.3242596799958521,1.100151687404697
officeqa/UID0057,10.146396986579274,6.723431364831898
officeqa/UID0058,10.146396986579274,6.723431364831898
officeqa/UID0059,10.146396986579274,6.723431364831898
officeqa/UID0060,5.267740726966647,0.8071014562516053
officeqa/UID0066,10.146396986579274,6.723431364831898
officeqa/UID0067,10.146396986579274,6.723431364831898
officeqa/UID0071,10.146396986579274,6.723431364831898
officeqa/UID0072,10.146396986579274,6.723431364831898
officeqa/UID0074,10.146396986579274,6.723431364831898
officeqa/UID0078,6.099340151676846,1.0598368472295139
officeqa/UID0084,10.146396986579274,6.723431364831898
officeqa/UID0087,6.099340151676846,1.0598368472295139
officeqa/UID0089,10.146396986579274,6.723431364831898
officeqa/UID0090,6.099340151676846,1.0598368472295139
officeqa/UID0091,10.146396986579274,6.723431364831898
officeqa/UID0092,10.146396986579274,6.723431364831898
officeqa/UID0093,10.146396986579274,6.723431364831898
officeqa/UID0095,10.146396986579274,6.723431364831898
officeqa/UID0097,10.146396986579274,6.723431364831898
officeqa/UID0099,10.146396986579274,6.723431364831898
officeqa/UID0100,10.146396986579274,6.723431364831898
officeqa/UID0103,6.099340151676846,1.0598368472295139
officeqa/UID0106,6.099340151676846,1.0598368472295139
officeqa/UID0107,10.146396986579274,6.723431364831898
officeqa/UID0109,3.7797985618087098,0.6647905377553958
officeqa/UID0110,10.146396986579274,6.723431364831898
officeqa/UID0113,10.146396986579274,6.723431364831898
officeqa/UID0114,10.146396986579274,6.723431364831898
officeqa/UID0122,10.146396986579274,6.723431364831898
officeqa/UID0123,10.146396986579274,6.723431364831898
officeqa/UID0129,4.225060337077709,0.6729515235179299
officeqa/UID0130,4.225060337077709,0.6729515235179299
officeqa/UID0137,10.146396986579274,6.723431364831898
officeqa/UID0139,10.146396986579274,6.723431364831898
officeqa/UID0140,10.146396986579274,6.723431364831898
officeqa/UID0141,6.099340151676846,1.0598368472295139
officeqa/UID0143,10.146396986579274,6.723431364831898
officeqa/UID0144,10.146396986579274,6.723431364831898
officeqa/UID0147,10.146396986579274,6.723431364831898
officeqa/UID0148,10.146396986579274,6.723431364831898
officeqa/UID0150,10.146396986579274,6.723431364831898
officeqa/UID0152,10.146396986579274,6.723431364831898
officeqa/UID0153,10.146396986579274,6.723431364831898
officeqa/UID0156,10.146396986579274,6.723431364831898
officeqa/UID0157,10.146396986579274,6.723431364831898
officeqa/UID0158,10.146396986579274,6.723431364831898
officeqa/UID0163,10.146396986579274,6.723431364831898
officeqa/UID0164,10.146396986579274,6.723431364831898
officeqa/UID0165,10.146396986579274,6.723431364831898
officeqa/UID0166,10.146396986579274,6.723431364831898
officeqa/UID0171,10.146396986579274,6.723431364831898
officeqa/UID0177,5.267740726966647,0.8071014562516053
officeqa/UID0178,3.7797985618087337,0.6647905377553954
officeqa/UID0181,10.146396986579274,6.723431364831898
officeqa/UID0189,10.146396986579274,6.723431364831898
officeqa/UID0191,10.146396986579274,6.723431364831898
officeqa/UID0192,10.146396986579274,6.723431364831898
officeqa/UID0196,10.146396986579274,6.723431364831898
officeqa/UID0198,10.146396986579274,6.723431364831898
officeqa/UID0202,10.146396986579274,6.723431364831898
officeqa/UID0204,10.146396986579274,6.723431364831898
officeqa/UID0206,6.099340151676846,1.0598368472295139
officeqa/UID0209,6.099340151676846,1.0598368472295139
officeqa/UID0210,10.146396986579274,6.723431364831898
officeqa/UID0212,10.146396986579274,6.723431364831898
officeqa/UID0214,5.267740726966582,0.8071014562515912
officeqa/UID0215,10.146396986579274,6.723431364831898
officeqa/UID0216,10.146396986579274,6.723431364831898
officeqa/UID0225,5.267740726966607,0.8071014562515966
officeqa/UID0226,10.146396986579274,6.723431364831898
officeqa/UID0228,10.146396986579274,6.723431364831898
officeqa/UID0236,10.146396986579274,6.723431364831898
officeqa/UID0237,6.099340151676767,1.0598368472294821
officeqa/UID0238,10.146396986579274,6.723431364831898
officeqa/UID0240,4.699709409880358,0.7124818261248805
officeqa/UID0242,3.3285482813529352,0.6830606162086756
officeqa/UID0243,4.225060337077709,0.6729515235179299
officeqa/UID0244,10.146396986579274,6.723431364831898
officeqa/UID0246,10.146396986579274,6.723431364831898
officeqa_pro_v2/officeqa_pro_v2_0,5.267740726966652,0.8071014562516065
officeqa_pro_v2/officeqa_pro_v2_1,3.3285482813529352,0.6830606162086756
officeqa_pro_v2/officeqa_pro_v2_10,10.146396986579274,6.723431364831898
officeqa_pro_v2/officeqa_pro_v2_11,10.146396986579274,6.723431364831898
officeqa_pro_v2/officeqa_pro_v2_12,10.146396986579274,6.723431364831898
officeqa_pro_v2/officeqa_pro_v2_13,5.2677407269665535,0.8071014562515851
officeqa_pro_v2/officeqa_pro_v2_14,4.699709409880358,0.7124818261248805
officeqa_pro_v2/officeqa_pro_v2_15,5.267740726966647,0.8071014562516053
officeqa_pro_v2/officeqa_pro_v2_16,10.146396986579274,6.723431364831898
officeqa_pro_v2/officeqa_pro_v2_17,6.099340151676846,1.0598368472295139
officeqa_pro_v2/officeqa_pro_v2_18,10.146396986579274,6.723431364831898
officeqa_pro_v2/officeqa_pro_v2_19,10.146396986579274,6.723431364831898
officeqa_pro_v2/officeqa_pro_v2_2,10.146396986579274,6.723431364831898
officeqa_pro_v2/officeqa_pro_v2_20,10.146396986579274,6.723431364831898
officeqa_pro_v2/officeqa_pro_v2_21,10.146396986579274,6.723431364831898
officeqa_pro_v2/officeqa_pro_v2_22,10.146396986579274,6.723431364831898
officeqa_pro_v2/officeqa_pro_v2_23,10.146396986579274,6.723431364831898
officeqa_pro_v2/officeqa_pro_v2_24,2.8316136827843494,0.7331238723185535
officeqa_pro_v2/officeqa_pro_v2_25,10.146396986579274,6.723431364831898
officeqa_pro_v2/officeqa_pro_v2_26,10.146396986579274,6.723431364831898
officeqa_pro_v2/officeqa_pro_v2_27,10.146396986579274,6.723431364831898
officeqa_pro_v2/officeqa_pro_v2_28,10.146396986579274,6.723431364831898
officeqa_pro_v2/officeqa_pro_v2_29,10.146396986579274,6.723431364831898
officeqa_pro_v2/officeqa_pro_v2_3,10.146396986579274,6.723431364831898
officeqa_pro_v2/officeqa_pro_v2_30,10.146396986579274,6.723431364831898
officeqa_pro_v2/officeqa_pro_v2_31,6.099340151676767,1.0598368472294821
officeqa_pro_v2/officeqa_pro_v2_32,10.146396986579274,6.723431364831898
officeqa_pro_v2/officeqa_pro_v2_33,10.146396986579274,6.723431364831898
officeqa_pro_v2/officeqa_pro_v2_34,10.146396986579274,6.723431364831898
officeqa_pro_v2/officeqa_pro_v2_35,10.146396986579274,6.723431364831898
officeqa_pro_v2/officeqa_pro_v2_36,6.099340151676846,1.0598368472295139
officeqa_pro_v2/officeqa_pro_v2_37,10.146396986579274,6.723431364831898
officeqa_pro_v2/officeqa_pro_v2_38,10.146396986579274,6.723431364831898
officeqa_pro_v2/officeqa_pro_v2_39,10.146396986579274,6.723431364831898
officeqa_pro_v2/officeqa_pro_v2_4,10.146396986579274,6.723431364831898
officeqa_pro_v2/officeqa_pro_v2_40,10.146396986579274,6.723431364831898
officeqa_pro_v2/officeqa_pro_v2_41,10.146396986579274,6.723431364831898
officeqa_pro_v2/officeqa_pro_v2_42,10.146396986579274,6.723431364831898
officeqa_pro_v2/officeqa_pro_v2_43,10.146396986579274,6.723431364831898
officeqa_pro_v2/officeqa_pro_v2_44,10.146396986579274,6.723431364831898
officeqa_pro_v2/officeqa_pro_v2_45,6.099340151676846,1.0598368472295139
officeqa_pro_v2/officeqa_pro_v2_46,6.099340151676845,1.0598368472295137
officeqa_pro_v2/officeqa_pro_v2_47,4.225060337077654,0.6729515235179271
officeqa_pro_v2/officeqa_pro_v2_48,10.146396986579274,6.723431364831898
officeqa_pro_v2/officeqa_pro_v2_49,10.146396986579274,6.723431364831898
officeqa_pro_v2/officeqa_pro_v2_5,10.146396986579274,6.723431364831898
officeqa_pro_v2/officeqa_pro_v2_50,10.146396986579274,6.723431364831898
officeqa_pro_v2/officeqa_pro_v2_51,5.267740726966652,0.8071014562516065
officeqa_pro_v2/officeqa_pro_v2_52,10.146396986579274,6.723431364831898
officeqa_pro_v2/officeqa_pro_v2_53,-3.7724785602928548,10.235747141726414
officeqa_pro_v2/officeqa_pro_v2_54,-3.7724785602928548,10.235747141726414
officeqa_pro_v2/officeqa_pro_v2_55,4.699709409880358,0.7124818261248805
officeqa_pro_v2/officeqa_pro_v2_56,5.267740726966652,0.8071014562516065
officeqa_pro_v2/officeqa_pro_v2_57,10.146396986579274,6.723431364831898
officeqa_pro_v2/officeqa_pro_v2_58,3.328548281352898,0.6830606162086784
officeqa_pro_v2/officeqa_pro_v2_59,10.146396986579274,6.723431364831898
officeqa_pro_v2/officeqa_pro_v2_6,10.146396986579274,6.723431364831898
officeqa_pro_v2/officeqa_pro_v2_60,10.146396986579274,6.723431364831898
officeqa_pro_v2/officeqa_pro_v2_61,10.146396986579274,6.723431364831898
officeqa_pro_v2/officeqa_pro_v2_62,10.146396986579274,6.723431364831898
officeqa_pro_v2/officeqa_pro_v2_63,10.146396986579274,6.723431364831898
officeqa_pro_v2/officeqa_pro_v2_64,10.146396986579274,6.723431364831898
officeqa_pro_v2/officeqa_pro_v2_65,10.146396986579274,6.723431364831898
officeqa_pro_v2/officeqa_pro_v2_66,10.146396986579274,6.723431364831898
officeqa_pro_v2/officeqa_pro_v2_67,10.146396986579274,6.723431364831898
officeqa_pro_v2/officeqa_pro_v2_68,10.146396986579274,6.723431364831898
officeqa_pro_v2/officeqa_pro_v2_69,10.146396986579274,6.723431364831898
officeqa_pro_v2/officeqa_pro_v2_7,10.146396986579274,6.723431364831898
officeqa_pro_v2/officeqa_pro_v2_70,10.146396986579274,6.723431364831898
officeqa_pro_v2/officeqa_pro_v2_71,10.146396986579274,6.723431364831898
officeqa_pro_v2/officeqa_pro_v2_72,10.146396986579274,6.723431364831898
officeqa_pro_v2/officeqa_pro_v2_73,6.099340151676845,1.0598368472295137
officeqa_pro_v2/officeqa_pro_v2_74,10.146396986579274,6.723431364831898
officeqa_pro_v2/officeqa_pro_v2_75,10.146396986579274,6.723431364831898
officeqa_pro_v2/officeqa_pro_v2_76,4.699709409880358,0.7124818261248805
officeqa_pro_v2/officeqa_pro_v2_77,10.146396986579274,6.723431364831898
officeqa_pro_v2/officeqa_pro_v2_78,10.146396986579274,6.723431364831898
officeqa_pro_v2/officeqa_pro_v2_79,6.099340151676767,1.0598368472294821
officeqa_pro_v2/officeqa_pro_v2_8,4.225060337077709,0.6729515235179299
officeqa_pro_v2/officeqa_pro_v2_80,10.146396986579274,6.723431364831898
officeqa_pro_v2/officeqa_pro_v2_81,10.146396986579274,6.723431364831898
officeqa_pro_v2/officeqa_pro_v2_82,10.146396986579274,6.723431364831898
officeqa_pro_v2/officeqa_pro_v2_83,6.099340151676767,1.0598368472294821
officeqa_pro_v2/officeqa_pro_v2_84,10.146396986579274,6.723431364831898
officeqa_pro_v2/officeqa_pro_v2_85,10.146396986579274,6.723431364831898
officeqa_pro_v2/officeqa_pro_v2_86,10.146396986579274,6.723431364831898
officeqa_pro_v2/officeqa_pro_v2_87,10.146396986579274,6.723431364831898
officeqa_pro_v2/officeqa_pro_v2_88,10.146396986579274,6.723431364831898
officeqa_pro_v2/officeqa_pro_v2_89,10.146396986579274,6.723431364831898
officeqa_pro_v2/officeqa_pro_v2_9,10.146396986579274,6.723431364831898
opensanctions_pairs/opensanctions_NK-25C73P67uMgzG82QwPnTqg__NK-cdXbTvhHQTKkJvQNKL6jfZ,-3.7724785602928548,10.235747141726414
opensanctions_pairs/opensanctions_NK-2PacmNpiLUmoz4XD2mSt7A__NK-nhYY5ysuzwFBYdVxTJWXTu,-3.7724785602928548,10.235747141726414
opensanctions_pairs/opensanctions_NK-3AEN6FkwruHk3RLCdstMez__NK-igY9FyyrqGQJqXLCMG5jtJ,-3.7724785602928548,10.235747141726414
opensanctions_pairs/opensanctions_NK-3JmgoFcWsskLYxazEtcLe2__NK-9r8bQpt7EGP6BD6H52FMPM,-3.7724785602928548,10.235747141726414
opensanctions_pairs/opensanctions_NK-4R3nPq6jZLdNRb9fAtvHcU__NK-EuhYq8BDkvapuzacGxXJjY,-3.7724785602928548,10.235747141726414
opensanctions_pairs/opensanctions_NK-4fKQNTfxn4QBuqoqW7G5jy__NK-nW2X9UbJMAaMMCSFYwcf32,-3.7724785602928548,10.235747141726414
opensanctions_pairs/opensanctions_NK-4mtWBti7Fkrh4ZC6pun7wu__NK-XJJYcZ3MFofccNrfe9UM3A,-3.7724785602928548,10.235747141726414
opensanctions_pairs/opensanctions_NK-4xBgBTV6GVjFxkrMzs5zT9__NK-nFYvYt3GbMzHKCeMMQHYzF,-3.7724785602928548,10.235747141726414
opensanctions_pairs/opensanctions_NK-6bX4Bs4nVwsRUxaEc6nBFi__NK-hjJbZ57Yf2fV9GN9xCgqTL,-3.7724785602928548,10.235747141726414
opensanctions_pairs/opensanctions_NK-6pe3A3UzgMBo5uQ6qEiUye__NK-Spvbf7Q3otwEYdwK4DrNhR,-3.7724785602928548,10.235747141726414
opensanctions_pairs/opensanctions_NK-7haX5gt6XBw5cBTPMXrrXG__Q111395920,-3.7724785602928548,10.235747141726414
opensanctions_pairs/opensanctions_NK-89geaHghfEBy4bBC8odZ3G__Q109480110,-3.7724785602928548,10.235747141726414
opensanctions_pairs/opensanctions_NK-8TpaTFjgZAufvJsDAXPnhc__NK-S3oTHiGr3sU3sjmHNRkB4S,-3.7724785602928548,10.235747141726414
opensanctions_pairs/opensanctions_NK-A9jmihND3KshQqC3ZJNNw2__NK-SWykSWhryA6M6hVv72MeeV,-3.7724785602928548,10.235747141726414
opensanctions_pairs/opensanctions_NK-AxuXqjt2xVtcWF4rGMNjAN__NK-HshtmNV5Z9Wj4rxkwu7xAB,-3.7724785602928548,10.235747141726414
opensanctions_pairs/opensanctions_NK-BausxKjYsa425sU5xWbjJP__Q84724444,-3.7724785602928548,10.235747141726414
opensanctions_pairs/opensanctions_NK-CUvbpjXpswZiFc4hYGS7L6__NK-KuHXbwdE6erYGABg7wy53Y,-3.7724785602928548,10.235747141726414
opensanctions_pairs/opensanctions_NK-DGJYohnp9VH37zAAToSZfi__NK-fH99uNuiZE93KMC9wYeY9q,-3.7724785602928548,10.235747141726414
opensanctions_pairs/opensanctions_NK-DNwAsVMoevrsxAtvVXd23W__NK-iKcnFvgoN69a9tdBWaAVMp,-3.7724785602928548,10.235747141726414
opensanctions_pairs/opensanctions_NK-FPJMai7wgLcpYwMQ5hYKUN__NK-FPJMai7wgLcpYwMQ5hYKUN,-3.7724785602928548,10.235747141726414
opensanctions_pairs/opensanctions_NK-FmQcD9kQniYvnGocydH652__NK-Tv6qXfJCTZXaZ9v97wB9oe,-3.7724785602928548,10.235747141726414
opensanctions_pairs/opensanctions_NK-GSuj6jguuBumACCkWPgTGr__NK-UGw6cgAuP7ZVoeRLDqzWHL,-3.7724785602928548,10.235747141726414
opensanctions_pairs/opensanctions_NK-Jj6Ubc8TUiuSqiVmtByWmP__NK-YJW5UGsLLLku4QBSc9JL3t,-3.7724785602928548,10.235747141726414
opensanctions_pairs/opensanctions_NK-LzqmyGTrUg2krvWSR9u3Uk__NK-iof4VKJRUb4odApb6AUfJo,-3.7724785602928548,10.235747141726414
opensanctions_pairs/opensanctions_NK-MawpPjvNoBqwa8ts2wxBHv__NK-harprEgR5ArRSBaw6Xf8aM,-3.7724785602928548,10.235747141726414
opensanctions_pairs/opensanctions_NK-MzLr5vcT3GkWLTPCmtbaXh__NK-fMVHkvMwKCfBuiqZkWRvRQ,-3.7724785602928548,10.235747141726414
opensanctions_pairs/opensanctions_NK-PtVAhiQ9bN4kMYcXJByNge__NK-TNz8sp2JjVqCrTSzfMbNzC,-3.7724785602928548,10.235747141726414
opensanctions_pairs/opensanctions_NK-QE758hJrMWbXTmqAg3R2Ch__Q66824131,-3.7724785602928548,10.235747141726414
opensanctions_pairs/opensanctions_NK-RdZJEEgnpPcjuWumCXXMt6__NK-kDcpwtj4Z7hYu8hRFdQFDJ,-3.7724785602928548,10.235747141726414
opensanctions_pairs/opensanctions_NK-RmgMt2mbyp2gNLbf6XRCfk__NK-ascJ7gmeke5Bv8KbQ2b2r2,-3.7724785602928548,10.235747141726414
opensanctions_pairs/opensanctions_NK-SBfBKUDCfzAUGEtHWe6jSb__NK-UjhvYBoj6ZABdMKdwSmyV3,2.8316136827843406,0.7331238723185547
opensanctions_pairs/opensanctions_NK-SBhkawyx7hA6tGghQEcg5x__NK-iEyqRe7PS49FrVsCVwH8WA,-3.7724785602928548,10.235747141726414
opensanctions_pairs/opensanctions_NK-SmPjVST6nQ2YPJtB4tjTTa__Q39390389,-3.7724785602928548,10.235747141726414
opensanctions_pairs/opensanctions_NK-UJcbzEsuKF5AGB8jtmCMdX__NK-cxH6yqurS62EiBp4BGnfzq,-3.7724785602928548,10.235747141726414
opensanctions_pairs/opensanctions_NK-UWXrYSwJX7GFJH84wKbcrA__NK-aPhcd53Pp5g4We29TZMG43,-3.7724785602928548,10.235747141726414
opensanctions_pairs/opensanctions_NK-V2dvfiTpHif3EYiNbRi8hk__NK-XjEyXPbpwjgbCh5Yzr2h2q,-3.7724785602928548,10.235747141726414
opensanctions_pairs/opensanctions_NK-VDhxw6RJbnG27zgvxxprPH__NK-VDhxw6RJbnG27zgvxxprPH,-3.7724785602928548,10.235747141726414
opensanctions_pairs/opensanctions_NK-VxXLxpMFCZmdfdq4t9CBH9__Q48761,-3.7724785602928548,10.235747141726414
opensanctions_pairs/opensanctions_NK-WW8H2QHpGwqFYu2AZ7KdL5__NK-bELgUdMYGKJ5vDbvcC5F9P,-3.7724785602928548,10.235747141726414
opensanctions_pairs/opensanctions_NK-Y7HZRswjAxiEvostakPAsv__NK-nRKbNjXUHfbVdhU3yqYrba,-3.7724785602928548,10.235747141726414
opensanctions_pairs/opensanctions_NK-YYJdxhKGotySBpS4SfAnZS__Q50075678,-3.7724785602928548,10.235747141726414
opensanctions_pairs/opensanctions_NK-daHNmmVTX3kuUDr6Nx9vyx__Q137375,-3.7724785602928548,10.235747141726414
opensanctions_pairs/opensanctions_NK-fbEReNBnsSYRKojJeSVbda__Q99004968,-3.7724785602928548,10.235747141726414
opensanctions_pairs/opensanctions_NK-hXdrvs5oW4V7qS3figTTcK__NK-oB6r54BXe7UDS3iRHSo354,-3.7724785602928548,10.235747141726414
opensanctions_pairs/opensanctions_NK-iQZLJtKUTuvf8mqEHz4Zxt__Q108682127,-3.7724785602928548,10.235747141726414
opensanctions_pairs/opensanctions_NK-j3W8a4E2gUZdPmZd8rqQgV__Q2915170,-3.7724785602928548,10.235747141726414
opensanctions_pairs/opensanctions_NK-oUCmeZwsdjEkcYiCvLc3CW__NK-oUCmeZwsdjEkcYiCvLc3CW,-3.7724785602928548,10.235747141726414
opensanctions_pairs/opensanctions_Q55106374__Q55106374,-3.7724785602928548,10.235747141726414
opensanctions_pairs/opensanctions_eu-fsf-eu-3642-15__NK-2tZdPj8ozCpYePd54Dvbfa,-3.7724785602928548,10.235747141726414
opensanctions_pairs/opensanctions_eu-oj-20d2ff5215105a7a80611cb60a2cfd8dc1035a0f__NK-Qn82sKcozTbEFa9JbnEHBw,-3.7724785602928548,10.235747141726414
opensanctions_pairs/opensanctions_evpo-6debacb9-8a42-42d3-acf3-c8df77c12e8c__Q1576110,-3.7724785602928548,10.235747141726414
opensanctions_pairs/opensanctions_evpo-bf61c49d-e9a4-4d0d-893b-e1221c17b78f__Q10788001,-3.7724785602928548,10.235747141726414
opensanctions_pairs/opensanctions_evpo-c68a3700-8b2e-43cf-a24f-bc9a08a38178__Q19517946,-3.7724785602928548,10.235747141726414
opensanctions_pairs/opensanctions_fr-ga-2784__NK-esSsBtSqP6TBC37AqdQVAZ,-3.7724785602928548,10.235747141726414
opensanctions_pairs/opensanctions_fr-maires-1cf6a8aef590b4a1e50b1ecef4ac35db0f3b34f2__Q98251903,-3.7724785602928548,10.235747141726414
opensanctions_pairs/opensanctions_fr-maires-6050d3498dbbbf0625af585f2e32c88686333865__Q98251041,-3.7724785602928548,10.235747141726414
opensanctions_pairs/opensanctions_fr-maires-a5d892b73a91e4b2ae1eb97110b4879aedef19eb__Q98230726,-3.7724785602928548,10.235747141726414
opensanctions_pairs/opensanctions_fr-maires-e79204f5d94e6eb935bc94117903707232a75385__Q62587601,-3.7724785602928548,10.235747141726414
opensanctions_pairs/opensanctions_fr-maires-f9e8393b822969589588cf433198c757fda27b94__Q65577410,-3.7724785602928548,10.235747141726414
opensanctions_pairs/opensanctions_gb-hmt-12185__NK-JPjxeTG7xYdh6Phs2oWh7y,-3.7724785602928548,10.235747141726414
opensanctions_pairs/opensanctions_gb-hmt-16843__NK-hQnLZGjoisfwHfqqBCCdKo,-3.7724785602928548,10.235747141726414
opensanctions_pairs/opensanctions_kg-fiu-de8f1e3e5b5a9473b3be8d14f6888c274b0a50c3__NK-kaZKTyFWcMp2URNATXwT3r,-3.7724785602928548,10.235747141726414
opensanctions_pairs/opensanctions_kprusi-0050dcab64a5b9dc56b9f5c4be17886671250674__kprusi-cade26c0132205841b14cf0f9a0dd11f9e95835d,3.3285482813529352,0.6830606162086756
opensanctions_pairs/opensanctions_mc-freezes-09eace8e8298052b0ddcd43d91f2943fbd98d9a5__NK-7fTEx86dTxrgqAW5Rsdv5L,-3.7724785602928548,10.235747141726414
opensanctions_pairs/opensanctions_ofac-47867__NK-a5PG7HkBwZ79cXMaSUFTXs,-3.7724785602928548,10.235747141726414
opensanctions_pairs/opensanctions_ofac-53694__NK-VWxk9iWaFZvSsbecdLUBm8,-3.7724785602928548,10.235747141726414
opensanctions_pairs/opensanctions_ofac-56290__NK-C9qnmYJcQGXVcaYLSN7yQG,-3.7724785602928548,10.235747141726414
opensanctions_pairs/opensanctions_ofac-56291__NK-CWdqPreFa9EUBkHX98e4LR,-3.7724785602928548,10.235747141726414
opensanctions_pairs/opensanctions_pk-cnic-1620297061453__pk-cnic-3420160407337,-3.7724785602928548,10.235747141726414
opensanctions_pairs/opensanctions_plural-5a90ab75f6659f7cdd28225883fee04a984fcdf1__Q55956267,-3.7724785602928548,10.235747141726414
opensanctions_pairs/opensanctions_ru-6dc9d18541753f478c23818b08645881590120b4__NK-U54irtEXVEuiduQgSo8a3H,3.779798561808701,0.6647905377553959
opensanctions_pairs/opensanctions_ru-7c003c53b3fc0551435e18ab8376b5f8a0b709c6__NK-a6kcD8yhj2aykurXMrU8JG,2.223076662796132,0.8383601029918861
opensanctions_pairs/opensanctions_ru-8dfb17146866a1468a2d984cbd3f37c2689a5658__NK-iq29FkBpoZbx64WhHQAzm7,2.8316136827843255,0.7331238723185567
opensanctions_pairs/opensanctions_ru-affc4259e76925c430a723782a03cf3cae94ce7e__NK-Yosx2zGG6bdyXBqpvuZzCx,2.8316136827843255,0.7331238723185567
opensanctions_pairs/opensanctions_ru-d6d3fcf72aff81681a2e608c41292a0930d8f091__NK-8gasdgzGYXdXKBXTXhUBa5,3.3285482813529415,0.6830606162086753
opensanctions_pairs/opensanctions_ru-f5be28744215555bfd583e7a567202e0d078968e__NK-Poey8progFeJxATXDupCVF,3.328548281352962,0.683060616208674
opensanctions_pairs/opensanctions_ru-inn-7734021670__NK-djZgZFAu22n2QMnSeWKhRY,10.146396986579274,6.723431364831898
opensanctions_pairs/opensanctions_ua-ws-entity-6917__NK-hrZpagzbx2u8LW6XwBS6dw,-3.7724785602928548,10.235747141726414
opensanctions_pairs/opensanctions_us-cia-319c7e7b850c6cdb582a3e4b1096859d98857806__us-cia-387fba7efa7f96668db0cdbf4d0f3bb1466b5f57,-3.7724785602928548,10.235747141726414
opensanctions_pairs/opensanctions_us-cia-fa9a8afd3b85fb526e2c7a86339b80cb5c3f1e8d__Q107980099,2.223076662796132,0.8383601029918861
opensanctions_pairs/opensanctions_us-cia-kuwait-noura-mohammed-khaled-al-mashaan-minister-of-public-works-and-municipality__NK-FzByqwnyPHoWgWYzx5ctMG,6.099340151676846,1.0598368472295139
opensanctions_pairs/opensanctions_us-medde-104b843ecd80634d669b2d4724e2e6d33d60727f__NK-3YGpawi5f2MDsvnHHUs42k,-3.7724785602928548,10.235747141726414
opensanctions_pairs/opensanctions_wd-10a0ae9bbb275540b710e83ac4aba83341990dfe__NK-AEB8Uv2Mfewp4vDMJh7cgQ,4.225060337077709,0.6729515235179299
opensanctions_pairs/opensanctions_wd-1a449719502ea78917bbc6b1c616dc2862d644d8__NK-faU8gjAZwRjooboPpQzqkr,6.099340151676846,1.0598368472295139
opensanctions_pairs/opensanctions_wd-3c4d72a402afcc3cc615cdf533ffad4649f45c40__NK-hjpFEGseeDyix7mKQojgV4,5.267740726966647,0.8071014562516053
opensanctions_pairs/opensanctions_wd-46aa1a3ee0d80462c59b56b921becdc871a953b4__NK-QYGvw3WAYEBL8FZCo8Ldyc,4.22506033707771,0.6729515235179299
opensanctions_pairs/opensanctions_wd-4a8fd179e683378b9b2aad912e7fe130fe22d601__NK-JULY4qR9ae4EQUffvziDnZ,4.699709409880347,0.7124818261248793
opensanctions_pairs/opensanctions_wd-5ec2e0ea3c19d2915a0514bde905415b0d52e72d__NK-NTRJuRvTSP66usF8E897W4,4.225060337077709,0.6729515235179299
opensanctions_pairs/opensanctions_wd-a63ff1fe360ee7b1bd0299848d09e66623bcc95e__NK-hsXGomTpWM43AicLWACxoq,5.267740726966647,0.8071014562516053
opensanctions_pairs/opensanctions_wd-acd0bf6bd10e4e26d4ea1621c577d381de9ea650__NK-43dGFe6n6a4saSjYPqAGNA,6.099340151676846,1.0598368472295139
opensanctions_pairs/opensanctions_wd-b20c279a7b7679f27a2c294491bd00497eb7e762__NK-4CLhErHFzT5GwAzCujM35T,5.267740726966647,0.8071014562516053
opensanctions_pairs/opensanctions_wd-c1d12590f7f17253433ca98425b5797fda94b7d6__NK-6orJi2JzLvRsiQnPfNcji7,4.699709409880347,0.7124818261248793
opensanctions_pairs/opensanctions_wd-cb4d680efbaa321e75a2a7acdbd851ddcb91bcc6__NK-X7kv7YU4fEscxTS5f5eh8s,4.699709409880344,0.712481826124879
opensanctions_pairs/opensanctions_wd-ce628eefd92dafa4b80de21f6cd515d39d76e128__NK-nHKY8X3WRmXtcC3fTzTSG3,4.225060337077654,0.6729515235179271
opensanctions_pairs/opensanctions_wd-d43160e2fc19dd1ecc44a106a90e49884c70d085__NK-DzvgTWtB7MZTfQ2CixVSxX,4.22506033707771,0.6729515235179299
opensanctions_pairs/opensanctions_wd-d672557688a29ebc7e46dcb4309103e67dcb81a7__NK-PiGhCPsRdSLNBUBN9KqGqk,4.699709409880309,0.7124818261248748
opensanctions_pairs/opensanctions_wd-f02760b26a64bc5bb328862acd6515ea845c45f3__NK-a6SwqT36FMDWktr8Xi3AMP,4.22506033707771,0.6729515235179299
opensanctions_pairs/opensanctions_wd-f182a92b48cafa4496e7ba38844e06593d4bb563__NK-M8Y3tpDuLX4T9ALeUUpn6N,6.099340151676767,1.0598368472294821
opensanctions_pairs/opensanctions_wd-f807487c21a3112e80cdaf0ea602648cdb4cd6ba__NK-WWX3KAWRAUqzC2puqiUbMg,5.267740726966647,0.8071014562516053
opensanctions_pairs/opensanctions_wd-ff21de197619f51d557ed6e101be7d829ce24d54__NK-3hmcPfrBgKttXkDoCAR6Jd,4.699709409880309,0.7124818261248748
papadakis_dn/papadakis_dn1_1549,-3.7724785602928548,10.235747141726414
papadakis_dn/papadakis_dn1_1704,-3.7724785602928548,10.235747141726414
papadakis_dn/papadakis_dn1_2108,-3.7724785602928548,10.235747141726414
papadakis_dn/papadakis_dn1_2349,-3.7724785602928548,10.235747141726414
papadakis_dn/papadakis_dn1_2875,-3.7724785602928548,10.235747141726414
papadakis_dn/papadakis_dn1_3365,-3.7724785602928548,10.235747141726414
papadakis_dn/papadakis_dn1_4264,-3.7724785602928548,10.235747141726414
papadakis_dn/papadakis_dn1_5006,-3.7724785602928548,10.235747141726414
papadakis_dn/papadakis_dn1_5961,-3.7724785602928548,10.235747141726414
papadakis_dn/papadakis_dn1_6552,-3.7724785602928548,10.235747141726414
papadakis_dn/papadakis_dn1_6619,-3.7724785602928548,10.235747141726414
papadakis_dn/papadakis_dn2_1060,-3.7724785602928548,10.235747141726414
papadakis_dn/papadakis_dn2_123,-3.7724785602928548,10.235747141726414
papadakis_dn/papadakis_dn2_138,10.146396986579274,6.723431364831898
papadakis_dn/papadakis_dn2_1524,-3.7724785602928548,10.235747141726414
papadakis_dn/papadakis_dn2_1528,-3.7724785602928548,10.235747141726414
papadakis_dn/papadakis_dn2_1622,-3.7724785602928548,10.235747141726414
papadakis_dn/papadakis_dn2_226,-3.7724785602928548,10.235747141726414
papadakis_dn/papadakis_dn2_2326,-3.7724785602928548,10.235747141726414
papadakis_dn/papadakis_dn2_2423,-3.7724785602928548,10.235747141726414
papadakis_dn/papadakis_dn2_244,-3.7724785602928548,10.235747141726414
papadakis_dn/papadakis_dn2_2509,-3.7724785602928548,10.235747141726414
papadakis_dn/papadakis_dn2_437,-3.7724785602928548,10.235747141726414
papadakis_dn/papadakis_dn2_468,-3.7724785602928548,10.235747141726414
papadakis_dn/papadakis_dn2_492,10.146396986579274,6.723431364831898
papadakis_dn/papadakis_dn2_59,-3.7724785602928548,10.235747141726414
papadakis_dn/papadakis_dn2_724,-3.7724785602928548,10.235747141726414
papadakis_dn/papadakis_dn2_977,-3.7724785602928548,10.235747141726414
papadakis_dn/papadakis_dn3_109,-3.7724785602928548,10.235747141726414
papadakis_dn/papadakis_dn3_112,-3.7724785602928548,10.235747141726414
papadakis_dn/papadakis_dn3_165,-3.7724785602928548,10.235747141726414
papadakis_dn/papadakis_dn3_172,-3.7724785602928548,10.235747141726414
papadakis_dn/papadakis_dn3_273,-3.7724785602928548,10.235747141726414
papadakis_dn/papadakis_dn3_376,-3.7724785602928548,10.235747141726414
papadakis_dn/papadakis_dn3_393,-3.7724785602928548,10.235747141726414
papadakis_dn/papadakis_dn3_404,-3.7724785602928548,10.235747141726414
papadakis_dn/papadakis_dn3_51,-3.7724785602928548,10.235747141726414
papadakis_dn/papadakis_dn3_82,1.3242596799958521,1.100151687404697
papadakis_dn/papadakis_dn4_11401,-3.7724785602928548,10.235747141726414
papadakis_dn/papadakis_dn4_11770,-3.7724785602928548,10.235747141726414
papadakis_dn/papadakis_dn4_12119,-3.7724785602928548,10.235747141726414
papadakis_dn/papadakis_dn4_142,-3.7724785602928548,10.235747141726414
papadakis_dn/papadakis_dn4_17291,-3.7724785602928548,10.235747141726414
papadakis_dn/papadakis_dn4_17568,-3.7724785602928548,10.235747141726414
papadakis_dn/papadakis_dn4_21066,1.3242596799958521,1.100151687404697
papadakis_dn/papadakis_dn4_25087,-3.7724785602928548,10.235747141726414
papadakis_dn/papadakis_dn4_3021,-3.7724785602928548,10.235747141726414
papadakis_dn/papadakis_dn4_31708,1.324259679995773,1.1001516874047268
papadakis_dn/papadakis_dn4_3693,-3.7724785602928548,10.235747141726414
papadakis_dn/papadakis_dn4_5801,-3.7724785602928548,10.235747141726414
papadakis_dn/papadakis_dn4_7139,-3.7724785602928548,10.235747141726414
papadakis_dn/papadakis_dn4_8863,1.3242596799958521,1.100151687404697
papadakis_dn/papadakis_dn5_10318,-3.7724785602928548,10.235747141726414
papadakis_dn/papadakis_dn5_11972,-3.7724785602928548,10.235747141726414
papadakis_dn/papadakis_dn5_19686,-3.7724785602928548,10.235747141726414
papadakis_dn/papadakis_dn5_32664,-3.7724785602928548,10.235747141726414
papadakis_dn/papadakis_dn5_37919,-3.7724785602928548,10.235747141726414
papadakis_dn/papadakis_dn5_4241,-3.7724785602928548,10.235747141726414
papadakis_dn/papadakis_dn5_48266,-3.7724785602928548,10.235747141726414
papadakis_dn/papadakis_dn5_53212,-3.7724785602928548,10.235747141726414
papadakis_dn/papadakis_dn5_57038,-3.7724785602928548,10.235747141726414
papadakis_dn/papadakis_dn5_61876,-3.7724785602928548,10.235747141726414
papadakis_dn/papadakis_dn5_63404,-3.7724785602928548,10.235747141726414
papadakis_dn/papadakis_dn5_64395,-3.7724785602928548,10.235747141726414
papadakis_dn/papadakis_dn6_1066,-3.7724785602928548,10.235747141726414
papadakis_dn/papadakis_dn6_1072,-3.7724785602928548,10.235747141726414
papadakis_dn/papadakis_dn6_1125,10.146396986579274,6.723431364831898
papadakis_dn/papadakis_dn6_1423,10.146396986579274,6.723431364831898
papadakis_dn/papadakis_dn6_1449,-3.7724785602928548,10.235747141726414
papadakis_dn/papadakis_dn6_280,-3.7724785602928548,10.235747141726414
papadakis_dn/papadakis_dn6_326,10.146396986579274,6.723431364831898
papadakis_dn/papadakis_dn6_422,-3.7724785602928548,10.235747141726414
papadakis_dn/papadakis_dn6_49,-3.7724785602928548,10.235747141726414
papadakis_dn/papadakis_dn6_646,-3.7724785602928548,10.235747141726414
papadakis_dn/papadakis_dn6_657,-3.7724785602928548,10.235747141726414
papadakis_dn/papadakis_dn6_928,2.8316136827843468,0.7331238723185538
papadakis_dn/papadakis_dn6_934,-3.7724785602928548,10.235747141726414
papadakis_dn/papadakis_dn7_1534,-3.7724785602928548,10.235747141726414
papadakis_dn/papadakis_dn7_2059,-3.7724785602928548,10.235747141726414
papadakis_dn/papadakis_dn7_229,-3.7724785602928548,10.235747141726414
papadakis_dn/papadakis_dn7_4132,-3.7724785602928548,10.235747141726414
papadakis_dn/papadakis_dn7_4414,-3.7724785602928548,10.235747141726414
papadakis_dn/papadakis_dn7_4448,-3.7724785602928548,10.235747141726414
papadakis_dn/papadakis_dn7_5709,-3.7724785602928548,10.235747141726414
papadakis_dn/papadakis_dn7_5798,-3.7724785602928548,10.235747141726414
papadakis_dn/papadakis_dn7_5882,-3.7724785602928548,10.235747141726414
papadakis_dn/papadakis_dn7_6986,-3.7724785602928548,10.235747141726414
papadakis_dn/papadakis_dn7_8072,-3.7724785602928548,10.235747141726414
papadakis_dn/papadakis_dn8_109,-3.7724785602928548,10.235747141726414
papadakis_dn/papadakis_dn8_1213,-3.7724785602928548,10.235747141726414
papadakis_dn/papadakis_dn8_1571,-3.7724785602928548,10.235747141726414
papadakis_dn/papadakis_dn8_20,-3.7724785602928548,10.235747141726414
papadakis_dn/papadakis_dn8_2220,-3.7724785602928548,10.235747141726414
papadakis_dn/papadakis_dn8_2275,-3.7724785602928548,10.235747141726414
papadakis_dn/papadakis_dn8_2404,-3.7724785602928548,10.235747141726414
papadakis_dn/papadakis_dn8_286,2.223076662796148,0.8383601029918827
papadakis_dn/papadakis_dn8_330,-3.7724785602928548,10.235747141726414
papadakis_dn/papadakis_dn8_421,-3.7724785602928548,10.235747141726414
papadakis_dn/papadakis_dn8_683,-3.7724785602928548,10.235747141726414
papadakis_dn/papadakis_dn8_777,-3.7724785602928548,10.235747141726414
realhitbench/rhb_1027,-3.7724785602928548,10.235747141726414
realhitbench/rhb_1070,-3.7724785602928548,10.235747141726414
realhitbench/rhb_1071,1.324259679995773,1.1001516874047268
realhitbench/rhb_1081,10.146396986579274,6.723431364831898
realhitbench/rhb_1095,10.146396986579274,6.723431364831898
realhitbench/rhb_1105,1.324259679995773,1.1001516874047268
realhitbench/rhb_1118,2.8316136827843494,0.7331238723185535
realhitbench/rhb_1181,-3.7724785602928548,10.235747141726414
realhitbench/rhb_1223,-3.7724785602928548,10.235747141726414
realhitbench/rhb_1250,-3.7724785602928548,10.235747141726414
realhitbench/rhb_1259,2.8316136827843406,0.7331238723185547
realhitbench/rhb_1264,1.324259679995773,1.1001516874047268
realhitbench/rhb_1289,-3.7724785602928548,10.235747141726414
realhitbench/rhb_1291,-3.7724785602928548,10.235747141726414
realhitbench/rhb_1293,-3.7724785602928548,10.235747141726414
realhitbench/rhb_1302,-3.7724785602928548,10.235747141726414
realhitbench/rhb_1326,-3.7724785602928548,10.235747141726414
realhitbench/rhb_1329,10.146396986579274,6.723431364831898
realhitbench/rhb_1340,-3.7724785602928548,10.235747141726414
realhitbench/rhb_1372,10.146396986579274,6.723431364831898
realhitbench/rhb_1385,10.146396986579274,6.723431364831898
realhitbench/rhb_1387,10.146396986579274,6.723431364831898
realhitbench/rhb_1412,10.146396986579274,6.723431364831898
realhitbench/rhb_1505,-3.7724785602928548,10.235747141726414
realhitbench/rhb_1510,-3.7724785602928548,10.235747141726414
realhitbench/rhb_1517,10.146396986579274,6.723431364831898
realhitbench/rhb_1535,-3.7724785602928548,10.235747141726414
realhitbench/rhb_155,-3.7724785602928548,10.235747141726414
realhitbench/rhb_1568,-3.7724785602928548,10.235747141726414
realhitbench/rhb_1634,-3.7724785602928548,10.235747141726414
realhitbench/rhb_1646,10.146396986579274,6.723431364831898
realhitbench/rhb_1667,10.146396986579274,6.723431364831898
realhitbench/rhb_1708,3.3285482813529272,0.6830606162086763
realhitbench/rhb_1733,1.3242596799958521,1.100151687404697
realhitbench/rhb_1751,-3.7724785602928548,10.235747141726414
realhitbench/rhb_178,10.146396986579274,6.723431364831898
realhitbench/rhb_1782,1.324259679995773,1.1001516874047268
realhitbench/rhb_180,2.8316136827843406,0.7331238723185547
realhitbench/rhb_183,2.8316136827843286,0.7331238723185564
realhitbench/rhb_1837,2.831613682784327,0.7331238723185565
realhitbench/rhb_1841,-3.7724785602928548,10.235747141726414
realhitbench/rhb_1948,10.146396986579274,6.723431364831898
realhitbench/rhb_2056,4.699709409880354,0.7124818261248802
realhitbench/rhb_2096,-3.7724785602928548,10.235747141726414
realhitbench/rhb_2118,1.3242596799958521,1.100151687404697
realhitbench/rhb_2364,-3.7724785602928548,10.235747141726414
realhitbench/rhb_240,-3.7724785602928548,10.235747141726414
realhitbench/rhb_2426,1.3242596799958521,1.100151687404697
realhitbench/rhb_2448,4.699709409880347,0.7124818261248793
realhitbench/rhb_2450,-3.7724785602928548,10.235747141726414
realhitbench/rhb_2476,10.146396986579274,6.723431364831898
realhitbench/rhb_2478,2.8316136827843494,0.7331238723185535
realhitbench/rhb_2494,-3.7724785602928548,10.235747141726414
realhitbench/rhb_2601,6.099340151676846,1.0598368472295139
realhitbench/rhb_2631,-3.7724785602928548,10.235747141726414
realhitbench/rhb_2633,-3.7724785602928548,10.235747141726414
realhitbench/rhb_2644,10.146396986579274,6.723431364831898
realhitbench/rhb_268,1.3242596799958521,1.100151687404697
realhitbench/rhb_272,-3.7724785602928548,10.235747141726414
realhitbench/rhb_274,-3.7724785602928548,10.235747141726414
realhitbench/rhb_281,-3.7724785602928548,10.235747141726414
realhitbench/rhb_292,3.7797985618087457,0.6647905377553953
realhitbench/rhb_351,10.146396986579274,6.723431364831898
realhitbench/rhb_379,1.3242596799958521,1.100151687404697
realhitbench/rhb_390,1.324259679995773,1.1001516874047268
realhitbench/rhb_429,3.3285482813529685,0.6830606162086734
realhitbench/rhb_430,2.8316136827843406,0.7331238723185547
realhitbench/rhb_508,10.146396986579274,6.723431364831898
realhitbench/rhb_518,10.146396986579274,6.723431364831898
realhitbench/rhb_519,-3.7724785602928548,10.235747141726414
realhitbench/rhb_530,2.223076662796132,0.8383601029918861
realhitbench/rhb_553,10.146396986579274,6.723431364831898
realhitbench/rhb_559,10.146396986579274,6.723431364831898
realhitbench/rhb_579,5.267740726966624,0.8071014562516003
realhitbench/rhb_624,5.267740726966647,0.8071014562516053
realhitbench/rhb_656,1.3242596799958521,1.100151687404697
realhitbench/rhb_682,2.2230766627961356,0.8383601029918853
realhitbench/rhb_695,3.7797985618087457,0.6647905377553953
realhitbench/rhb_703,10.146396986579274,6.723431364831898
realhitbench/rhb_714,1.3242596799958521,1.100151687404697
realhitbench/rhb_722,-3.7724785602928548,10.235747141726414
realhitbench/rhb_757,1.324259679995773,1.1001516874047268
realhitbench/rhb_764,1.3242596799958521,1.100151687404697
realhitbench/rhb_774,2.223076662796132,0.8383601029918861
realhitbench/rhb_817,1.324259679995773,1.1001516874047268
realhitbench/rhb_828,1.3242596799958521,1.100151687404697
realhitbench/rhb_834,10.146396986579274,6.723431364831898
realhitbench/rhb_837,3.7797985618087226,0.6647905377553955
realhitbench/rhb_851,-3.7724785602928548,10.235747141726414
realhitbench/rhb_859,10.146396986579274,6.723431364831898
realhitbench/rhb_868,1.324259679995773,1.1001516874047268
realhitbench/rhb_889,-3.7724785602928548,10.235747141726414
realhitbench/rhb_894,10.146396986579274,6.723431364831898
realhitbench/rhb_919,4.699709409880347,0.7124818261248793
realhitbench/rhb_939,10.146396986579274,6.723431364831898
realhitbench/rhb_961,-3.7724785602928548,10.235747141726414
realhitbench/rhb_963,2.2230766627961356,0.8383601029918853
realhitbench/rhb_975,3.7797985618087337,0.6647905377553954
realhitbench/rhb_976,5.267740726966624,0.8071014562516003
realhitbench/rhb_981,2.223076662796132,0.8383601029918861
smat/smat_cms_beneficiarysummary-bene_birth_dt,3.779798561808666,0.6647905377553962
smat/smat_cms_beneficiarysummary-bene_death_dt,-3.7724785602928548,10.235747141726414
smat/smat_cms_beneficiarysummary-bene_esrd_ind,10.146396986579274,6.723431364831898
smat/smat_cms_beneficiarysummary-bene_hmo_cvrage_tot_mons,5.267740726966644,0.8071014562516047
smat/smat_cms_beneficiarysummary-bene_race_cd,1.324259679995773,1.1001516874047268
smat/smat_cms_beneficiarysummary-desynpuf_id,-3.7724785602928548,10.235747141726414
smat/smat_cms_beneficiarysummary-sp_chrnkidn,1.3242596799958521,1.100151687404697
smat/smat_cms_beneficiarysummary-sp_cncr,2.223076662796132,0.8383601029918861
smat/smat_cms_beneficiarysummary-sp_depressn,5.267740726966624,0.8071014562516003
smat/smat_cms_beneficiarysummary-sp_ra_oa,-3.7724785602928548,10.235747141726414
smat/smat_cms_carrierclaims-clm_from_dt,-3.7724785602928548,10.235747141726414
smat/smat_cms_carrierclaims-clm_id,6.099340151676846,1.0598368472295139
smat/smat_cms_carrierclaims-desynpuf_id,-3.7724785602928548,10.235747141726414
smat/smat_cms_carrierclaims-icd9_dgns_cd,-3.7724785602928548,10.235747141726414
smat/smat_cms_carrierclaims-line_alowd_chrg_amt,10.146396986579274,6.723431364831898
smat/smat_cms_carrierclaims-line_icd9_dgns_cd,-3.7724785602928548,10.235747141726414
smat/smat_cms_carrierclaims-prf_physn_npi,-3.7724785602928548,10.235747141726414
smat/smat_cms_carrierclaims-tax_num,1.324259679995773,1.1001516874047268
smat/smat_cms_inpatientclaims-admtng_icd9_dgns_cd,-3.7724785602928548,10.235747141726414
smat/smat_cms_inpatientclaims-clm_drg_cd,-3.7724785602928548,10.235747141726414
smat/smat_cms_inpatientclaims-clm_thru_dt,-3.7724785602928548,10.235747141726414
smat/smat_cms_inpatientclaims-desynpuf_id,-3.7724785602928548,10.235747141726414
smat/smat_cms_inpatientclaims-icd9_prcdr_cd,-3.7724785602928548,10.235747141726414
smat/smat_cms_inpatientclaims-nch_bene_dschrg_dt,-3.7724785602928548,10.235747141726414
smat/smat_cms_inpatientclaims-op_physn_npi,-3.7724785602928548,10.235747141726414
smat/smat_cms_inpatientclaims-ot_physn_npi,1.324259679995773,1.1001516874047268
smat/smat_cms_inpatientclaims-prvdr_num,1.324259679995773,1.1001516874047268
smat/smat_cms_outpatientclaims-admtng_icd9_dgns_cd,10.146396986579274,6.723431364831898
smat/smat_cms_outpatientclaims-desynpuf_id,-3.7724785602928548,10.235747141726414
smat/smat_cms_outpatientclaims-hcpcs_cd,-3.7724785602928548,10.235747141726414
smat/smat_cms_outpatientclaims-op_physn_npi,-3.7724785602928548,10.235747141726414
smat/smat_cms_outpatientclaims-ot_physn_npi,-3.7724785602928548,10.235747141726414
smat/smat_cms_outpatientclaims-prvdr_num,2.2230766627961356,0.8383601029918853
smat/smat_cms_prescriptiondrugevents-days_suply_num,-3.7724785602928548,10.235747141726414
smat/smat_cms_prescriptiondrugevents-qty_dspnsd_num,-3.7724785602928548,10.235747141726414
smat/smat_cms_prescriptiondrugevents-srvc_dt,-3.7724785602928548,10.235747141726414
smat/smat_mimic_admissions-admission_location,3.3285482813529352,0.6830606162086756
smat/smat_mimic_admissions-admission_type,2.831613682784334,0.7331238723185556
smat/smat_mimic_admissions-admittime,-3.7724785602928548,10.235747141726414
smat/smat_mimic_admissions-marital_status,4.699709409880347,0.7124818261248793
smat/smat_mimic_admissions-religion,3.3285482813529272,0.6830606162086763
smat/smat_mimic_chartevents-charttime,-3.7724785602928548,10.235747141726414
smat/smat_mimic_chartevents-mimic_id,-3.7724785602928548,10.235747141726414
smat/smat_mimic_chartevents-value,-3.7724785602928548,10.235747141726414
smat/smat_mimic_cptevents-subsectionheader,3.3285482813529352,0.6830606162086756
smat/smat_mimic_d_icd_procedures-icd9_code,-3.7724785602928548,10.235747141726414
smat/smat_mimic_d_items-label,1.324259679995773,1.1001516874047268
smat/smat_mimic_datetimeevents-charttime,-3.7724785602928548,10.235747141726414
smat/smat_mimic_datetimeevents-mimic_id,-3.7724785602928548,10.235747141726414
smat/smat_mimic_datetimeevents-value,1.324259679995773,1.1001516874047268
smat/smat_mimic_diagnoses_icd-mimic_id,-3.7724785602928548,10.235747141726414
smat/smat_mimic_inputevents_cv-amount,-3.7724785602928548,10.235747141726414
smat/smat_mimic_inputevents_cv-charttime,1.324259679995773,1.1001516874047268
smat/smat_mimic_inputevents_cv-stopped,2.2230766627961356,0.8383601029918853
smat/smat_mimic_inputevents_mv-mimic_id,2.2230766627961356,0.8383601029918853
smat/smat_mimic_labevents-charttime,-3.7724785602928548,10.235747141726414
smat/smat_mimic_microbiologyevents-dilution_text,1.324259679995773,1.1001516874047268
smat/smat_mimic_microbiologyevents-spec_type_desc,-3.7724785602928548,10.235747141726414
smat/smat_mimic_noteevents-description,3.3285482813529272,0.6830606162086763
smat/smat_mimic_outputevents-charttime,-3.7724785602928548,10.235747141726414
smat/smat_mimic_patients-dob,-3.7724785602928548,10.235747141726414
smat/smat_mimic_patients-gender,1.324259679995773,1.1001516874047268
smat/smat_mimic_prescriptions-enddate,-3.7724785602928548,10.235747141726414
smat/smat_mimic_prescriptions-mimic_id,-3.7724785602928548,10.235747141726414
smat/smat_mimic_prescriptions-ndc,-3.7724785602928548,10.235747141726414
smat/smat_mimic_prescriptions-route,1.324259679995773,1.1001516874047268
smat/smat_mimic_prescriptions-startdate,-3.7724785602928548,10.235747141726414
smat/smat_mimic_procedures_icd-mimic_id,1.324259679995773,1.1001516874047268
smat/smat_mimic_services-mimic_id,2.223076662796132,0.8383601029918861
smat/smat_mimic_transfers-curr_careunit,2.223076662796124,0.838360102991888
smat/smat_mimic_transfers-curr_wardid,-3.7724785602928548,10.235747141726414
smat/smat_mimic_transfers-intime,-3.7724785602928548,10.235747141726414
smat/smat_mimic_transfers-outtime,-3.7724785602928548,10.235747141726414
smat/smat_synthea_allergies-code,-3.7724785602928548,10.235747141726414
smat/smat_synthea_allergies-encounter,1.324259679995773,1.1001516874047268
smat/smat_synthea_allergies-patient,-3.7724785602928548,10.235747141726414
smat/smat_synthea_allergies-start,-3.7724785602928548,10.235747141726414
smat/smat_synthea_conditions-encounter,-3.7724785602928548,10.235747141726414
smat/smat_synthea_conditions-patient,-3.7724785602928548,10.235747141726414
smat/smat_synthea_conditions-stop,1.324259679995773,1.1001516874047268
smat/smat_synthea_encounters-patient,-3.7724785602928548,10.235747141726414
smat/smat_synthea_encounters-start,-3.7724785602928548,10.235747141726414
smat/smat_synthea_encounters-stop,-3.7724785602928548,10.235747141726414
smat/smat_synthea_immunizations-code,-3.7724785602928548,10.235747141726414
smat/smat_synthea_immunizations-date,-3.7724785602928548,10.235747141726414
smat/smat_synthea_immunizations-encounter,-3.7724785602928548,10.235747141726414
smat/smat_synthea_medications-code,-3.7724785602928548,10.235747141726414
smat/smat_synthea_medications-encounter,-3.7724785602928548,10.235747141726414
smat/smat_synthea_medications-patient,-3.7724785602928548,10.235747141726414
smat/smat_synthea_medications-start,-3.7724785602928548,10.235747141726414
smat/smat_synthea_medications-stop,1.324259679995773,1.1001516874047268
smat/smat_synthea_observations-code,-3.7724785602928548,10.235747141726414
smat/smat_synthea_observations-patient,-3.7724785602928548,10.235747141726414
smat/smat_synthea_observations-value,1.324259679995773,1.1001516874047268
smat/smat_synthea_patients-deathdate,-3.7724785602928548,10.235747141726414
smat/smat_synthea_patients-ethnicity,-3.7724785602928548,10.235747141726414
smat/smat_synthea_patients-gender,2.2230766627961356,0.8383601029918853
smat/smat_synthea_patients-id,4.699709409880363,0.7124818261248812
smat/smat_synthea_patients-race,1.324259679995773,1.1001516874047268
smat/smat_synthea_procedures-code,-3.7724785602928548,10.235747141726414
suc/suc_cell_lookup_sqa_100,1.324259679995773,1.1001516874047268
suc/suc_cell_lookup_sqa_628,-3.7724785602928548,10.235747141726414
suc/suc_cell_lookup_sqa_653,-3.7724785602928548,10.235747141726414
suc/suc_cell_lookup_sqa_725,-3.7724785602928548,10.235747141726414
suc/suc_cell_lookup_tabfact_205,-3.7724785602928548,10.235747141726414
suc/suc_cell_lookup_tabfact_47,-3.7724785602928548,10.235747141726414
suc/suc_cell_lookup_tabfact_999,1.324259679995773,1.1001516874047268
suc/suc_cell_lookup_totto_17,5.267740726966647,0.8071014562516053
suc/suc_cell_lookup_totto_206,-3.7724785602928548,10.235747141726414
suc/suc_cell_lookup_totto_372,4.699709409880358,0.7124818261248805
suc/suc_cell_lookup_totto_509,-3.7724785602928548,10.235747141726414
suc/suc_cell_lookup_totto_647,3.7797985618087457,0.6647905377553953
suc/suc_cell_lookup_totto_698,5.267740726966647,0.8071014562516053
suc/suc_cell_lookup_totto_897,-3.7724785602928548,10.235747141726414
suc/suc_column_retrieval_sqa_192,-3.7724785602928548,10.235747141726414
suc/suc_column_retrieval_sqa_217,1.3242596799958521,1.100151687404697
suc/suc_column_retrieval_sqa_418,-3.7724785602928548,10.235747141726414
suc/suc_column_retrieval_sqa_440,-3.7724785602928548,10.235747141726414
suc/suc_column_retrieval_sqa_467,-3.7724785602928548,10.235747141726414
suc/suc_column_retrieval_sqa_680,2.2230766627961356,0.8383601029918853
suc/suc_column_retrieval_tabfact_103,2.2230766627961263,0.8383601029918876
suc/suc_column_retrieval_tabfact_148,-3.7724785602928548,10.235747141726414
suc/suc_column_retrieval_tabfact_166,-3.7724785602928548,10.235747141726414
suc/suc_column_retrieval_tabfact_256,-3.7724785602928548,10.235747141726414
suc/suc_column_retrieval_tabfact_374,-3.7724785602928548,10.235747141726414
suc/suc_column_retrieval_tabfact_716,-3.7724785602928548,10.235747141726414
suc/suc_column_retrieval_tabfact_922,-3.7724785602928548,10.235747141726414
suc/suc_column_retrieval_tabfact_933,-3.7724785602928548,10.235747141726414
suc/suc_column_retrieval_totto_285,-3.7724785602928548,10.235747141726414
suc/suc_column_retrieval_totto_686,5.267740726966652,0.8071014562516065
suc/suc_column_retrieval_totto_811,1.324259679995773,1.1001516874047268
suc/suc_column_retrieval_totto_85,1.3242596799958521,1.100151687404697
suc/suc_merged_cell_detection_totto_118,-3.7724785602928548,10.235747141726414
suc/suc_merged_cell_detection_totto_152,-3.7724785602928548,10.235747141726414
suc/suc_merged_cell_detection_totto_289,-3.7724785602928548,10.235747141726414
suc/suc_merged_cell_detection_totto_295,-3.7724785602928548,10.235747141726414
suc/suc_merged_cell_detection_totto_312,-3.7724785602928548,10.235747141726414
suc/suc_merged_cell_detection_totto_363,-3.7724785602928548,10.235747141726414
suc/suc_merged_cell_detection_totto_375,1.3242596799958521,1.100151687404697
suc/suc_merged_cell_detection_totto_508,-3.7724785602928548,10.235747141726414
suc/suc_merged_cell_detection_totto_55,-3.7724785602928548,10.235747141726414
suc/suc_merged_cell_detection_totto_675,-3.7724785602928548,10.235747141726414
suc/suc_merged_cell_detection_totto_702,-3.7724785602928548,10.235747141726414
suc/suc_merged_cell_detection_totto_713,-3.7724785602928548,10.235747141726414
suc/suc_merged_cell_detection_totto_760,-3.7724785602928548,10.235747141726414
suc/suc_merged_cell_detection_totto_762,1.324259679995773,1.1001516874047268
suc/suc_merged_cell_detection_totto_909,-3.7724785602928548,10.235747141726414
suc/suc_merged_cell_detection_totto_962,-3.7724785602928548,10.235747141726414
suc/suc_merged_cell_detection_totto_998,-3.7724785602928548,10.235747141726414
suc/suc_reverse_lookup_sqa_109,-3.7724785602928548,10.235747141726414
suc/suc_reverse_lookup_sqa_131,2.2230766627961356,0.8383601029918853
suc/suc_reverse_lookup_sqa_168,-3.7724785602928548,10.235747141726414
suc/suc_reverse_lookup_sqa_368,1.324259679995773,1.1001516874047268
suc/suc_reverse_lookup_sqa_590,-3.7724785602928548,10.235747141726414
suc/suc_reverse_lookup_sqa_610,1.3242596799958521,1.100151687404697
suc/suc_reverse_lookup_tabfact_2,-3.7724785602928548,10.235747141726414
suc/suc_reverse_lookup_tabfact_213,2.831613682784329,0.7331238723185562
suc/suc_reverse_lookup_tabfact_25,-3.7724785602928548,10.235747141726414
suc/suc_reverse_lookup_tabfact_541,-3.7724785602928548,10.235747141726414
suc/suc_reverse_lookup_tabfact_598,2.2230766627961356,0.8383601029918853
suc/suc_reverse_lookup_tabfact_714,2.2230766627961356,0.8383601029918853
suc/suc_reverse_lookup_tabfact_919,-3.7724785602928548,10.235747141726414
suc/suc_reverse_lookup_totto_167,1.324259679995773,1.1001516874047268
suc/suc_reverse_lookup_totto_339,-3.7724785602928548,10.235747141726414
suc/suc_reverse_lookup_totto_596,1.324259679995773,1.1001516874047268
suc/suc_reverse_lookup_totto_726,1.3242596799958521,1.100151687404697
suc/suc_reverse_lookup_totto_737,2.2230766627961356,0.8383601029918853
suc/suc_reverse_lookup_totto_967,2.2230766627961356,0.8383601029918853
suc/suc_row_retrieval_sqa_207,-3.7724785602928548,10.235747141726414
suc/suc_row_retrieval_sqa_303,10.146396986579274,6.723431364831898
suc/suc_row_retrieval_sqa_415,-3.7724785602928548,10.235747141726414
suc/suc_row_retrieval_sqa_480,-3.7724785602928548,10.235747141726414
suc/suc_row_retrieval_sqa_695,-3.7724785602928548,10.235747141726414
suc/suc_row_retrieval_sqa_800,-3.7724785602928548,10.235747141726414
suc/suc_row_retrieval_sqa_866,-3.7724785602928548,10.235747141726414
suc/suc_row_retrieval_tabfact_276,-3.7724785602928548,10.235747141726414
suc/suc_row_retrieval_tabfact_493,-3.7724785602928548,10.235747141726414
suc/suc_row_retrieval_tabfact_557,2.2230766627961356,0.8383601029918853
suc/suc_row_retrieval_tabfact_768,1.324259679995773,1.1001516874047268
suc/suc_row_retrieval_tabfact_844,-3.7724785602928548,10.235747141726414
suc/suc_row_retrieval_tabfact_939,1.3242596799958521,1.100151687404697
suc/suc_row_retrieval_totto_158,6.099340151676846,1.0598368472295139
suc/suc_row_retrieval_totto_463,-3.7724785602928548,10.235747141726414
suc/suc_row_retrieval_totto_492,-3.7724785602928548,10.235747141726414
suc/suc_row_retrieval_totto_7,3.328548281352898,0.6830606162086784
suc/suc_size_detection_sqa_558,-3.7724785602928548,10.235747141726414
suc/suc_size_detection_sqa_707,1.324259679995773,1.1001516874047268
suc/suc_size_detection_sqa_794,-3.7724785602928548,10.235747141726414
suc/suc_size_detection_tabfact_105,-3.7724785602928548,10.235747141726414
suc/suc_size_detection_tabfact_131,-3.7724785602928548,10.235747141726414
suc/suc_size_detection_tabfact_181,1.324259679995773,1.1001516874047268
suc/suc_size_detection_tabfact_21,1.324259679995773,1.1001516874047268
suc/suc_size_detection_tabfact_446,2.2230766627961356,0.8383601029918853
suc/suc_size_detection_tabfact_606,2.2230766627961356,0.8383601029918853
suc/suc_size_detection_tabfact_726,1.324259679995773,1.1001516874047268
suc/suc_size_detection_tabfact_737,-3.7724785602928548,10.235747141726414
suc/suc_size_detection_tabfact_810,-3.7724785602928548,10.235747141726414
suc/suc_size_detection_tabfact_893,3.3285482813529352,0.6830606162086756
suc/suc_size_detection_tabfact_989,2.2230766627961356,0.8383601029918853
suc/suc_size_detection_totto_754,5.267740726966647,0.8071014562516053
tab_fact/tabfact_1-10812293-4.html.csv_110,1.3242596799958521,1.100151687404697
tab_fact/tabfact_1-1360997-3.html.csv_45,6.099340151676846,1.0598368472295139
tab_fact/tabfact_1-14655917-1.html.csv_93,-3.7724785602928548,10.235747141726414
tab_fact/tabfact_1-14655917-1.html.csv_94,1.3242596799958521,1.100151687404697
tab_fact/tabfact_1-1566850-9.html.csv_53,5.267740726966647,0.8071014562516053
tab_fact/tabfact_1-1566850-9.html.csv_54,-3.7724785602928548,10.235747141726414
tab_fact/tabfact_1-16494599-4.html.csv_87,-3.7724785602928548,10.235747141726414
tab_fact/tabfact_1-16494599-4.html.csv_88,-3.7724785602928548,10.235747141726414
tab_fact/tabfact_1-16729071-1.html.csv_19,-3.7724785602928548,10.235747141726414
tab_fact/tabfact_1-16729071-1.html.csv_20,2.223076662796124,0.838360102991888
tab_fact/tabfact_1-18498743-1.html.csv_7,-3.7724785602928548,10.235747141726414
tab_fact/tabfact_1-18498743-1.html.csv_8,1.3242596799958521,1.100151687404697
tab_fact/tabfact_1-18914438-1.html.csv_101,-3.7724785602928548,10.235747141726414
tab_fact/tabfact_1-18914438-1.html.csv_102,1.3242596799958521,1.100151687404697
tab_fact/tabfact_1-21321804-5.html.csv_39,10.146396986579274,6.723431364831898
tab_fact/tabfact_1-21321804-5.html.csv_40,1.3242596799958521,1.100151687404697
tab_fact/tabfact_1-25277363-2.html.csv_113,-3.7724785602928548,10.235747141726414
tab_fact/tabfact_1-25277363-2.html.csv_114,2.2230766627961263,0.8383601029918876
tab_fact/tabfact_1-25438110-5.html.csv_13,-3.7724785602928548,10.235747141726414
tab_fact/tabfact_1-25438110-5.html.csv_14,-3.7724785602928548,10.235747141726414
tab_fact/tabfact_1-25774493-3.html.csv_63,-3.7724785602928548,10.235747141726414
tab_fact/tabfact_1-25774493-3.html.csv_64,-3.7724785602928548,10.235747141726414
tab_fact/tabfact_1-262534-2.html.csv_5,-3.7724785602928548,10.235747141726414
tab_fact/tabfact_1-262534-2.html.csv_6,-3.7724785602928548,10.235747141726414
tab_fact/tabfact_1-28138035-20.html.csv_75,-3.7724785602928548,10.235747141726414
tab_fact/tabfact_1-28138035-20.html.csv_76,-3.7724785602928548,10.235747141726414
tab_fact/tabfact_2-10277-6.html.csv_111,-3.7724785602928548,10.235747141726414
tab_fact/tabfact_2-10277-6.html.csv_112,-3.7724785602928548,10.235747141726414
tab_fact/tabfact_2-10747009-18.html.csv_51,10.146396986579274,6.723431364831898
tab_fact/tabfact_2-10747009-18.html.csv_52,-3.7724785602928548,10.235747141726414
tab_fact/tabfact_2-10934831-1.html.csv_28,-3.7724785602928548,10.235747141726414
tab_fact/tabfact_2-11097420-1.html.csv_66,1.3242596799958521,1.100151687404697
tab_fact/tabfact_2-1139087-2.html.csv_17,-3.7724785602928548,10.235747141726414
tab_fact/tabfact_2-1139087-2.html.csv_18,-3.7724785602928548,10.235747141726414
tab_fact/tabfact_2-11545282-1.html.csv_25,1.3242596799958521,1.100151687404697
tab_fact/tabfact_2-11545282-1.html.csv_26,-3.7724785602928548,10.235747141726414
tab_fact/tabfact_2-11786754-12.html.csv_37,10.146396986579274,6.723431364831898
tab_fact/tabfact_2-11786754-12.html.csv_38,2.8316136827843494,0.7331238723185535
tab_fact/tabfact_2-11873099-3.html.csv_67,-3.7724785602928548,10.235747141726414
tab_fact/tabfact_2-11873099-3.html.csv_68,-3.7724785602928548,10.235747141726414
tab_fact/tabfact_2-1221065-7.html.csv_104,-3.7724785602928548,10.235747141726414
tab_fact/tabfact_2-12239261-1.html.csv_35,-3.7724785602928548,10.235747141726414
tab_fact/tabfact_2-12239261-1.html.csv_36,2.223076662796132,0.8383601029918861
tab_fact/tabfact_2-12261926-2.html.csv_72,-3.7724785602928548,10.235747141726414
tab_fact/tabfact_2-1248034-5.html.csv_43,10.146396986579274,6.723431364831898
tab_fact/tabfact_2-1262592-1.html.csv_21,-3.7724785602928548,10.235747141726414
tab_fact/tabfact_2-1262592-1.html.csv_22,3.779798561808744,0.6647905377553953
tab_fact/tabfact_2-12988799-9.html.csv_30,2.2230766627961263,0.8383601029918876
tab_fact/tabfact_2-13259019-2.html.csv_115,3.779798561808703,0.6647905377553959
tab_fact/tabfact_2-13259019-2.html.csv_116,2.831613682784349,0.7331238723185536
tab_fact/tabfact_2-13594823-1.html.csv_105,-3.7724785602928548,10.235747141726414
tab_fact/tabfact_2-13594823-1.html.csv_106,2.8316136827843286,0.7331238723185564
tab_fact/tabfact_2-13848348-5.html.csv_55,10.146396986579274,6.723431364831898
tab_fact/tabfact_2-13848348-5.html.csv_56,-3.7724785602928548,10.235747141726414
tab_fact/tabfact_2-14195712-1.html.csv_1,-3.7724785602928548,10.235747141726414
tab_fact/tabfact_2-14195712-1.html.csv_2,1.3242596799958521,1.100151687404697
tab_fact/tabfact_2-14208862-7.html.csv_79,-3.7724785602928548,10.235747141726414
tab_fact/tabfact_2-14208862-7.html.csv_80,1.3242596799958521,1.100151687404697
tab_fact/tabfact_2-14293527-13.html.csv_96,-3.7724785602928548,10.235747141726414
tab_fact/tabfact_2-14344570-5.html.csv_117,-3.7724785602928548,10.235747141726414
tab_fact/tabfact_2-14344570-5.html.csv_118,-3.7724785602928548,10.235747141726414
tab_fact/tabfact_2-14407512-7.html.csv_24,-3.7724785602928548,10.235747141726414
tab_fact/tabfact_2-14783550-1.html.csv_91,-3.7724785602928548,10.235747141726414
tab_fact/tabfact_2-14783550-1.html.csv_92,-3.7724785602928548,10.235747141726414
tab_fact/tabfact_2-14924851-1.html.csv_85,-3.7724785602928548,10.235747141726414
tab_fact/tabfact_2-14924851-1.html.csv_86,-3.7724785602928548,10.235747141726414
tab_fact/tabfact_2-15547582-1.html.csv_89,3.328548281352902,0.6830606162086781
tab_fact/tabfact_2-15547582-1.html.csv_90,2.2230766627961263,0.8383601029918876
tab_fact/tabfact_2-1564278-3.html.csv_82,-3.7724785602928548,10.235747141726414
tab_fact/tabfact_2-1591561-1.html.csv_41,-3.7724785602928548,10.235747141726414
tab_fact/tabfact_2-1591561-1.html.csv_42,1.324259679995773,1.1001516874047268
tab_fact/tabfact_2-15987146-1.html.csv_49,10.146396986579274,6.723431364831898
tab_fact/tabfact_2-15987146-1.html.csv_50,2.831613682784349,0.7331238723185536
tab_fact/tabfact_2-16002638-1.html.csv_15,2.2230766627961356,0.8383601029918853
tab_fact/tabfact_2-16002638-1.html.csv_16,-3.7724785602928548,10.235747141726414
tab_fact/tabfact_2-16055831-2.html.csv_59,10.146396986579274,6.723431364831898
tab_fact/tabfact_2-16055831-2.html.csv_60,1.3242596799958521,1.100151687404697
tab_fact/tabfact_2-1664787-1.html.csv_33,10.146396986579274,6.723431364831898
tab_fact/tabfact_2-1664787-1.html.csv_34,1.3242596799958521,1.100151687404697
tab_fact/tabfact_2-16882800-1.html.csv_98,3.3285482813529352,0.6830606162086756
tab_fact/tabfact_2-1689029-2.html.csv_4,-3.7724785602928548,10.235747141726414
tab_fact/tabfact_2-16909120-1.html.csv_69,6.099340151676846,1.0598368472295139
tab_fact/tabfact_2-170969-2.html.csv_73,-3.7724785602928548,10.235747141726414
tab_fact/tabfact_2-17110962-1.html.csv_10,1.3242596799958521,1.100151687404697
tab_fact/tabfact_2-1762882-13.html.csv_61,2.223076662796132,0.8383601029918861
tab_fact/tabfact_2-1762882-13.html.csv_62,1.3242596799958521,1.100151687404697
tab_fact/tabfact_2-17786294-1.html.csv_83,-3.7724785602928548,10.235747141726414
tab_fact/tabfact_2-17786294-1.html.csv_84,1.3242596799958521,1.100151687404697
tab_fact/tabfact_2-17823320-3.html.csv_31,-3.7724785602928548,10.235747141726414
tab_fact/tabfact_2-17823320-3.html.csv_32,2.223076662796124,0.838360102991888
tab_fact/tabfact_2-17889598-1.html.csv_57,10.146396986579274,6.723431364831898
tab_fact/tabfact_2-17889598-1.html.csv_58,-3.7724785602928548,10.235747141726414
tab_fact/tabfact_2-18045845-2.html.csv_11,-3.7724785602928548,10.235747141726414
tab_fact/tabfact_2-18045845-2.html.csv_12,2.223076662796124,0.838360102991888
tab_fact/tabfact_2-18087075-2.html.csv_47,10.146396986579274,6.723431364831898
tab_fact/tabfact_2-18087075-2.html.csv_48,-3.7724785602928548,10.235747141726414
tab_fact/tabfact_2-18772558-15.html.csv_119,10.146396986579274,6.723431364831898
tab_fact/tabfact_2-18772558-15.html.csv_120,2.223076662796124,0.838360102991888
tab_fact/tabfact_2-18908447-1.html.csv_77,-3.7724785602928548,10.235747141726414
tab_fact/tabfact_2-18975610-3.html.csv_100,1.3242596799958521,1.100151687404697
tabis/tabis_hitab-b-tis_1139,-3.7724785602928548,10.235747141726414
tabis/tabis_hitab-b-tis_1191,1.3242596799958521,1.100151687404697
tabis/tabis_hitab-b-tis_1313,-3.7724785602928548,10.235747141726414
tabis/tabis_hitab-b-tis_1332,3.3285482813529352,0.6830606162086756
tabis/tabis_hitab-b-tis_1468,-3.7724785602928548,10.235747141726414
tabis/tabis_hitab-b-tis_21,-3.7724785602928548,10.235747141726414
tabis/tabis_hitab-b-tis_383,2.223076662796132,0.8383601029918861
tabis/tabis_hitab-b-tis_397,-3.7724785602928548,10.235747141726414
tabis/tabis_hitab-b-tis_452,-3.7724785602928548,10.235747141726414
tabis/tabis_hitab-b-tis_484,-3.7724785602928548,10.235747141726414
tabis/tabis_hitab-b-tis_522,6.099340151676846,1.0598368472295139
tabis/tabis_hitab-b-tis_542,-3.7724785602928548,10.235747141726414
tabis/tabis_hitab-b-tis_736,1.3242596799958521,1.100151687404697
tabis/tabis_hitab-b-tis_744,3.3285482813529272,0.6830606162086763
tabis/tabis_hitab-b-tis_886,-3.7724785602928548,10.235747141726414
tabis/tabis_hitab-b-tis_899,-3.7724785602928548,10.235747141726414
tabis/tabis_hitab-su-tis_1115,-3.7724785602928548,10.235747141726414
tabis/tabis_hitab-su-tis_1220,2.8316136827843494,0.7331238723185535
tabis/tabis_hitab-su-tis_1257,5.2677407269665535,0.8071014562515851
tabis/tabis_hitab-su-tis_1344,-3.7724785602928548,10.235747141726414
tabis/tabis_hitab-su-tis_1354,4.699709409880358,0.7124818261248805
tabis/tabis_hitab-su-tis_1449,-3.7724785602928548,10.235747141726414
tabis/tabis_hitab-su-tis_212,1.3242596799958521,1.100151687404697
tabis/tabis_hitab-su-tis_296,-3.7724785602928548,10.235747141726414
tabis/tabis_hitab-su-tis_411,-3.7724785602928548,10.235747141726414
tabis/tabis_hitab-su-tis_465,1.3242596799958521,1.100151687404697
tabis/tabis_hitab-su-tis_499,-3.7724785602928548,10.235747141726414
tabis/tabis_hitab-su-tis_538,1.324259679995773,1.1001516874047268
tabis/tabis_hitab-su-tis_550,3.7797985618087746,0.664790537755395
tabis/tabis_hitab-su-tis_589,1.324259679995773,1.1001516874047268
tabis/tabis_hitab-su-tis_590,-3.7724785602928548,10.235747141726414
tabis/tabis_hitab-su-tis_603,1.324259679995773,1.1001516874047268
tabis/tabis_hitab-su-tis_638,-3.7724785602928548,10.235747141726414
tabis/tabis_hitab-su-tis_657,-3.7724785602928548,10.235747141726414
tabis/tabis_totto-b-tis_1047,-3.7724785602928548,10.235747141726414
tabis/tabis_totto-b-tis_1290,-3.7724785602928548,10.235747141726414
tabis/tabis_totto-b-tis_1321,-3.7724785602928548,10.235747141726414
tabis/tabis_totto-b-tis_1957,-3.7724785602928548,10.235747141726414
tabis/tabis_totto-b-tis_2665,-3.7724785602928548,10.235747141726414
tabis/tabis_totto-b-tis_3608,-3.7724785602928548,10.235747141726414
tabis/tabis_totto-b-tis_3809,-3.7724785602928548,10.235747141726414
tabis/tabis_totto-b-tis_4464,-3.7724785602928548,10.235747141726414
tabis/tabis_totto-b-tis_4733,-3.7724785602928548,10.235747141726414
tabis/tabis_totto-b-tis_5244,-3.7724785602928548,10.235747141726414
tabis/tabis_totto-b-tis_5468,1.3242596799958521,1.100151687404697
tabis/tabis_totto-b-tis_5855,-3.7724785602928548,10.235747141726414
tabis/tabis_totto-b-tis_6084,-3.7724785602928548,10.235747141726414
tabis/tabis_totto-b-tis_6422,-3.7724785602928548,10.235747141726414
tabis/tabis_totto-b-tis_6645,-3.7724785602928548,10.235747141726414
tabis/tabis_totto-b-tis_7589,-3.7724785602928548,10.235747141726414
tabis/tabis_totto-b-tis_874,2.223076662796132,0.8383601029918861
tabis/tabis_totto-su-tis_1161,-3.7724785602928548,10.235747141726414
tabis/tabis_totto-su-tis_2130,2.223076662796132,0.8383601029918861
tabis/tabis_totto-su-tis_2513,1.324259679995773,1.1001516874047268
tabis/tabis_totto-su-tis_294,1.3242596799958521,1.100151687404697
tabis/tabis_totto-su-tis_2981,-3.7724785602928548,10.235747141726414
tabis/tabis_totto-su-tis_3166,1.3242596799958521,1.100151687404697
tabis/tabis_totto-su-tis_3798,-3.7724785602928548,10.235747141726414
tabis/tabis_totto-su-tis_455,-3.7724785602928548,10.235747141726414
tabis/tabis_totto-su-tis_5318,2.2230766627961356,0.8383601029918853
tabis/tabis_totto-su-tis_5608,-3.7724785602928548,10.235747141726414
tabis/tabis_totto-su-tis_6218,-3.7724785602928548,10.235747141726414
tabis/tabis_totto-su-tis_6381,-3.7724785602928548,10.235747141726414
tabis/tabis_totto-su-tis_6707,-3.7724785602928548,10.235747141726414
tabis/tabis_totto-su-tis_6808,-3.7724785602928548,10.235747141726414
tabis/tabis_totto-su-tis_7165,-3.7724785602928548,10.235747141726414
tabis/tabis_tsu_pcl_341,2.8316136827843494,0.7331238723185535
tabis/tabis_tsu_pcl_352,2.223076662796132,0.8383601029918861
tabis/tabis_tsu_pcl_363,2.2230766627961356,0.8383601029918853
tabis/tabis_tsu_pcl_39,-3.7724785602928548,10.235747141726414
tabis/tabis_tsu_pcl_46,1.3242596799958521,1.100151687404697
tabis/tabis_tsu_pcl_67,1.3242596799958521,1.100151687404697
tabis/tabis_tsu_pll_141,-3.7724785602928548,10.235747141726414
tabis/tabis_tsu_pll_184,-3.7724785602928548,10.235747141726414
tabis/tabis_tsu_pll_205,-3.7724785602928548,10.235747141726414
tabis/tabis_tsu_pll_433,-3.7724785602928548,10.235747141726414
tabis/tabis_tsu_prl_0,1.3242596799958521,1.100151687404697
tabis/tabis_tsu_prl_123,-3.7724785602928548,10.235747141726414
tabis/tabis_tsu_prl_152,1.3242596799958521,1.100151687404697
tabis/tabis_tsu_prl_156,1.3242596799958521,1.100151687404697
tabis/tabis_tsu_prl_403,3.3285482813529415,0.6830606162086753
tabis/tabis_tsu_prl_53,2.2230766627961263,0.8383601029918876
tabis/tabis_tsu_rcl_175,1.324259679995773,1.1001516874047268
tabis/tabis_tsu_rcl_275,-3.7724785602928548,10.235747141726414
tabis/tabis_tsu_rcl_302,1.3242596799958521,1.100151687404697
tabis/tabis_tsu_rcl_47,-3.7724785602928548,10.235747141726414
tabis/tabis_tsu_rcl_78,-3.7724785602928548,10.235747141726414
tabis/tabis_tsu_rcl_81,-3.7724785602928548,10.235747141726414
tabis/tabis_tsu_rll_144,1.3242596799958521,1.100151687404697
tabis/tabis_tsu_rll_262,-3.7724785602928548,10.235747141726414
tabis/tabis_tsu_rll_319,-3.7724785602928548,10.235747141726414
tabis/tabis_tsu_rll_404,-3.7724785602928548,10.235747141726414
tabis/tabis_tsu_rll_448,-3.7724785602928548,10.235747141726414
tabis/tabis_tsu_rll_70,2.2230766627961356,0.8383601029918853
tabis/tabis_tsu_rrl_108,-3.7724785602928548,10.235747141726414
tabis/tabis_tsu_rrl_156,-3.7724785602928548,10.235747141726414
tabis/tabis_tsu_rrl_158,1.324259679995773,1.1001516874047268
tabis/tabis_tsu_rrl_295,2.2230766627961356,0.8383601029918853
tabis/tabis_tsu_rrl_335,-3.7724785602928548,10.235747141726414
tabis/tabis_tsu_rrl_393,-3.7724785602928548,10.235747141726414
tablebench/tablebench_01029e3c959b99916ea9d73a107a87bf,-3.7724785602928548,10.235747141726414
tablebench/tablebench_047443783007a597076b5c7abb63cd53,1.324259679995773,1.1001516874047268
tablebench/tablebench_04cf2b8af2cc55d95cbf6e7103be20ae,-3.7724785602928548,10.235747141726414
tablebench/tablebench_0595618d0746974966d38bb82fc99faf,-3.7724785602928548,10.235747141726414
tablebench/tablebench_07561345f16f0a0105f6c35245a33753,4.225060337077637,0.6729515235179263
tablebench/tablebench_0a593de4b82e18d255d786e3fee0d85f,3.328548281352902,0.6830606162086781
tablebench/tablebench_0bf3ab8f74244dfca72c5290d44e6f3e,-3.7724785602928548,10.235747141726414
tablebench/tablebench_0c5e7d0d8e33e31f3e80aab314ef8c61,10.146396986579274,6.723431364831898
tablebench/tablebench_0de7c3849d42dbb530462d3c2d393334,-3.7724785602928548,10.235747141726414
tablebench/tablebench_13daefeaa77341d83862c3671bc59d42,-3.7724785602928548,10.235747141726414
tablebench/tablebench_17df1b57444c60eb8a376c944f8078d4,-3.7724785602928548,10.235747141726414
tablebench/tablebench_195f4751f33beb034c12cad860c293c0,-3.7724785602928548,10.235747141726414
tablebench/tablebench_199a04fdbb34f602ab199c202f64f5be,-3.7724785602928548,10.235747141726414
tablebench/tablebench_19f5fcd6b29df032293fab57a9cd5e91,-3.7724785602928548,10.235747141726414
tablebench/tablebench_1aba704991b72a8107475d7fea800b42,10.146396986579274,6.723431364831898
tablebench/tablebench_1b9e6880bae6250d652f23b7ae3c9102,-3.7724785602928548,10.235747141726414
tablebench/tablebench_1fec869ba7e574c14ff02cefcb4b3f83,2.2230766627961382,0.8383601029918849
tablebench/tablebench_2438086f1b3d0cb3f63d46f4c9eb8dbf,1.324259679995773,1.1001516874047268
tablebench/tablebench_251b26a4fad061d606ee5854eae48f42,2.2230766627961382,0.8383601029918849
tablebench/tablebench_285c59f7f980d49b638f546b5d11d7ef,-3.7724785602928548,10.235747141726414
tablebench/tablebench_29c36dbc873ed833d3fdc8c19375453b,-3.7724785602928548,10.235747141726414
tablebench/tablebench_2a01a6240ddabb477a15919fcca82afb,3.3285482813529352,0.6830606162086756
tablebench/tablebench_2c2b2f4c7e4731dc5f241888ad978878,-3.7724785602928548,10.235747141726414
tablebench/tablebench_2d94c83349915e453b125fdda0e30f95,4.699709409880347,0.7124818261248793
tablebench/tablebench_2d9cd413bf7d15b7e92be8a8a9a12efb,-3.7724785602928548,10.235747141726414
tablebench/tablebench_2f5bd1470c21eed07d5d123b6aaa1c04,2.2230766627961356,0.8383601029918853
tablebench/tablebench_30e6ed40f3b84d113ef8324a9b5b9b8a,4.225060337077709,0.6729515235179299
tablebench/tablebench_38f99d0e172d93c9772406669a71d12e,-3.7724785602928548,10.235747141726414
tablebench/tablebench_394939e9fa1967642597a49620069b78,-3.7724785602928548,10.235747141726414
tablebench/tablebench_3b8eafab24cc0cc641819cebe50d9764,-3.7724785602928548,10.235747141726414
tablebench/tablebench_3e1a5d8854ccc78754eb3badc950a684,1.324259679995773,1.1001516874047268
tablebench/tablebench_3e8c9ae6880c285746e8344707583b81,-3.7724785602928548,10.235747141726414
tablebench/tablebench_432da69c8bf6e4c02ea05c70a4369a81,-3.7724785602928548,10.235747141726414
tablebench/tablebench_43c234d2ebb2952c9539118b2183165c,1.324259679995773,1.1001516874047268
tablebench/tablebench_447813cef258e268820b0788458283ad,-3.7724785602928548,10.235747141726414
tablebench/tablebench_4e80fbf0d66501d5c2478b9cf0ab9df3,3.3285482813529272,0.6830606162086763
tablebench/tablebench_50ba63ef02d5f99c08b8a106602b0d30,-3.7724785602928548,10.235747141726414
tablebench/tablebench_552dcdcf1bd1de6d19d74f2ecab53af8,1.324259679995773,1.1001516874047268
tablebench/tablebench_566c9200cea18c995a6c5cfb3ef59f71,-3.7724785602928548,10.235747141726414
tablebench/tablebench_56af57cfe3097874ce49535911e9f039,-3.7724785602928548,10.235747141726414
tablebench/tablebench_5876f5eaa7677055acaf8f89e1215cd8,1.3242596799958521,1.100151687404697
tablebench/tablebench_5a6a21f05be43637076dc55fd0420587,1.324259679995773,1.1001516874047268
tablebench/tablebench_5e11f9ff05e83e303176745b3b36274b,1.3242596799958521,1.100151687404697
tablebench/tablebench_5e944dc7f377ad045ac3d686bda63f5a,-3.7724785602928548,10.235747141726414
tablebench/tablebench_6197fb264f5bffbbaadd753cde55c2e5,1.324259679995773,1.1001516874047268
tablebench/tablebench_641049a7c6d1991bcab451db8e49ac54,-3.7724785602928548,10.235747141726414
tablebench/tablebench_666b1d906e698c14c9fabe3d2d383be9,-3.7724785602928548,10.235747141726414
tablebench/tablebench_681a7859d2c55254bfe97804f56ba3ba,-3.7724785602928548,10.235747141726414
tablebench/tablebench_69837e67a1ab18c4f912f97bf9c714bd,2.2230766627961356,0.8383601029918853
tablebench/tablebench_6f016ae8920e8b6c0534d39de0ddbdc9,-3.7724785602928548,10.235747141726414
tablebench/tablebench_73195d923251e56c5bfb25f8d9f98cfd,2.8316136827843494,0.7331238723185535
tablebench/tablebench_7341c70da411447ef71639df09d1b994,1.3242596799958521,1.100151687404697
tablebench/tablebench_7648f00905c0673b773a2bf6ad1d8223,1.324259679995773,1.1001516874047268
tablebench/tablebench_767d183aa02457793092c2e983eeb612,2.2230766627961356,0.8383601029918853
tablebench/tablebench_778d5867ab2d923842d759b0fafccd12,10.146396986579274,6.723431364831898
tablebench/tablebench_7836545f3321d5afd884f55b7532878a,10.146396986579274,6.723431364831898
tablebench/tablebench_78ccc4fb07ce60975392c8b42aa454ea,-3.7724785602928548,10.235747141726414
tablebench/tablebench_8065c33205330460aa2d2afbc1da62b2,-3.7724785602928548,10.235747141726414
tablebench/tablebench_8457a2596ff2fb1b1085ec7b439e3368,1.324259679995773,1.1001516874047268
tablebench/tablebench_86f27f6eb9945a8e587457aca56b0309,1.3242596799958521,1.100151687404697
tablebench/tablebench_87d27673443cdd977986ee4fe7ece98b,2.223076662796148,0.8383601029918827
tablebench/tablebench_8963b2bbf83a74ac3f2e64e267e36a64,2.2230766627961356,0.8383601029918853
tablebench/tablebench_8b247fcb51d1c607ea0ba29eecad1bd2,-3.7724785602928548,10.235747141726414
tablebench/tablebench_8b7282ee8b62b7081c34cb52912ccc40,-3.7724785602928548,10.235747141726414
tablebench/tablebench_8c08ad04ed79ae9165b5ae54d1c489bd,10.146396986579274,6.723431364831898
tablebench/tablebench_8cf0ed38375271dc4e7e1b2c750a206f,-3.7724785602928548,10.235747141726414
tablebench/tablebench_8d8faa04091d6652a0503ea81462de9f,-3.7724785602928548,10.235747141726414
tablebench/tablebench_9906ab8178857b83190810e410ce4ea2,10.146396986579274,6.723431364831898
tablebench/tablebench_9ab870fb9dbf99e35b45ed0809178a22,-3.7724785602928548,10.235747141726414
tablebench/tablebench_9c67f976517e940f4c621cc43685f9f1,-3.7724785602928548,10.235747141726414
tablebench/tablebench_9eb17e466a9ae8c241c276e69e368046,-3.7724785602928548,10.235747141726414
tablebench/tablebench_a6b444f9bff38624cc77a5eb368f41c2,-3.7724785602928548,10.235747141726414
tablebench/tablebench_aa9a653502bd85c8923c87279499a902,-3.7724785602928548,10.235747141726414
tablebench/tablebench_b706776a23c7b8fc4d8036047a48890e,-3.7724785602928548,10.235747141726414
tablebench/tablebench_b72cc43e9103fe48e3fff8a01511e6f1,-3.7724785602928548,10.235747141726414
tablebench/tablebench_bdfc75083d56bd5610e9b315a8439e1b,1.3242596799958521,1.100151687404697
tablebench/tablebench_bdfcc7e1bb6dc5eef09456c8ba56f46d,2.2230766627961356,0.8383601029918853
tablebench/tablebench_be18c465eb0851ea697b232017a9c7dc,2.223076662796132,0.8383601029918861
tablebench/tablebench_bed1537e5c13daddd4f6e6802f8c835a,1.324259679995773,1.1001516874047268
tablebench/tablebench_c195eb7689321829b33cdc40c5931ad3,-3.7724785602928548,10.235747141726414
tablebench/tablebench_c2f777e603e02e71156416f9065b55f5,-3.7724785602928548,10.235747141726414
tablebench/tablebench_ce2930301220686e3acbc890a52ba84d,6.099340151676846,1.0598368472295139
tablebench/tablebench_cf0df05f56fcaf06eb9a85d57a062ff9,-3.7724785602928548,10.235747141726414
tablebench/tablebench_cf9dd52a762be9733bb8d507360547ed,2.2230766627961356,0.8383601029918853
tablebench/tablebench_cfc333f2e1854df6737ffb8535ee51e5,10.146396986579274,6.723431364831898
tablebench/tablebench_d36f751dac69318f27f101ed13b4710a,-3.7724785602928548,10.235747141726414
tablebench/tablebench_d494234ecc77e5ad04517a99c500b01b,10.146396986579274,6.723431364831898
tablebench/tablebench_da3b06794c40fc042b0b94985865f012,1.324259679995773,1.1001516874047268
tablebench/tablebench_daa1e132c435be7e111cbe2363bb2c23,-3.7724785602928548,10.235747141726414
tablebench/tablebench_decc298deb2a1a9e15c9b0ee355acc96,1.324259679995773,1.1001516874047268
tablebench/tablebench_e1c02ab4252451db510a47d2d9f7f227,-3.7724785602928548,10.235747141726414
tablebench/tablebench_e9e9a6d74cf7166df1967b0f0a2980ae,-3.7724785602928548,10.235747141726414
tablebench/tablebench_ef1ef44158bf1967bb2671216a01b4a9,1.3242596799958521,1.100151687404697
tablebench/tablebench_ef758cb602e41211846652763d99176e,-3.7724785602928548,10.235747141726414
tablebench/tablebench_f100d3bd641b61a7b65d98cf81586752,10.146396986579274,6.723431364831898
tablebench/tablebench_f19e3c32d88171eb59e66dc31967bf2d,3.7797985618086245,0.6647905377553966
tablebench/tablebench_f2b0448d8f1a65a43b44bd17198bf0ea,1.3242596799958521,1.100151687404697
tablebench/tablebench_f7ca4efbf662c36e751424be8b2f4d1f,2.2230766627961356,0.8383601029918853
tablebench/tablebench_fc54ee44f3ad6ef357adb7681ae26e35,6.099340151676846,1.0598368472295139
tablebench/tablebench_ffc1869f9aac5f709590340ef8a8e4cb,10.146396986579274,6.723431364831898
tableeval/tableeval_1,-3.7724785602928548,10.235747141726414
tableeval/tableeval_1001,-3.7724785602928548,10.235747141726414
tableeval/tableeval_1009,-3.7724785602928548,10.235747141726414
tableeval/tableeval_1011,-3.7724785602928548,10.235747141726414
tableeval/tableeval_1014,10.146396986579274,6.723431364831898
tableeval/tableeval_1026,1.324259679995773,1.1001516874047268
tableeval/tableeval_1029,1.324259679995773,1.1001516874047268
tableeval/tableeval_103,10.146396986579274,6.723431364831898
tableeval/tableeval_1044,1.324259679995773,1.1001516874047268
tableeval/tableeval_1060,-3.7724785602928548,10.235747141726414
tableeval/tableeval_1079,1.324259679995773,1.1001516874047268
tableeval/tableeval_1082,-3.7724785602928548,10.235747141726414
tableeval/tableeval_1112,1.3242596799958521,1.100151687404697
tableeval/tableeval_1122,-3.7724785602928548,10.235747141726414
tableeval/tableeval_1129,-3.7724785602928548,10.235747141726414
tableeval/tableeval_1167,-3.7724785602928548,10.235747141726414
tableeval/tableeval_1184,3.7797985618086996,0.6647905377553959
tableeval/tableeval_1198,4.699709409880347,0.7124818261248793
tableeval/tableeval_1204,2.2230766627961356,0.8383601029918853
tableeval/tableeval_1206,5.267740726966604,0.807101456251596
tableeval/tableeval_1209,1.324259679995773,1.1001516874047268
tableeval/tableeval_1249,5.2677407269665535,0.8071014562515851
tableeval/tableeval_1256,10.146396986579274,6.723431364831898
tableeval/tableeval_1292,2.2230766627961382,0.8383601029918849
tableeval/tableeval_1301,2.2230766627961356,0.8383601029918853
tableeval/tableeval_1307,1.3242596799958521,1.100151687404697
tableeval/tableeval_1316,2.2230766627961356,0.8383601029918853
tableeval/tableeval_1317,1.324259679995773,1.1001516874047268
tableeval/tableeval_149,-3.7724785602928548,10.235747141726414
tableeval/tableeval_1588,-3.7724785602928548,10.235747141726414
tableeval/tableeval_1589,2.2230766627961356,0.8383601029918853
tableeval/tableeval_1598,10.146396986579274,6.723431364831898
tableeval/tableeval_1602,10.146396986579274,6.723431364831898
tableeval/tableeval_1604,10.146396986579274,6.723431364831898
tableeval/tableeval_1612,-3.7724785602928548,10.235747141726414
tableeval/tableeval_1617,-3.7724785602928548,10.235747141726414
tableeval/tableeval_1620,4.699709409880358,0.7124818261248805
tableeval/tableeval_1622,-3.7724785602928548,10.235747141726414
tableeval/tableeval_1624,10.146396986579274,6.723431364831898
tableeval/tableeval_1628,2.8316136827843255,0.7331238723185567
tableeval/tableeval_1629,10.146396986579274,6.723431364831898
tableeval/tableeval_173,-3.7724785602928548,10.235747141726414
tableeval/tableeval_186,-3.7724785602928548,10.235747141726414
tableeval/tableeval_21,-3.7724785602928548,10.235747141726414
tableeval/tableeval_2178,2.2230766627961356,0.8383601029918853
tableeval/tableeval_2190,3.3285482813529272,0.6830606162086763
tableeval/tableeval_221,-3.7724785602928548,10.235747141726414
tableeval/tableeval_2229,3.3285482813529272,0.6830606162086763
tableeval/tableeval_2242,2.2230766627961356,0.8383601029918853
tableeval/tableeval_225,-3.7724785602928548,10.235747141726414
tableeval/tableeval_2261,2.2230766627961356,0.8383601029918853
tableeval/tableeval_2263,-3.7724785602928548,10.235747141726414
tableeval/tableeval_2303,2.831613682784334,0.7331238723185556
tableeval/tableeval_2305,-3.7724785602928548,10.235747141726414
tableeval/tableeval_244,10.146396986579274,6.723431364831898
tableeval/tableeval_286,4.699709409880347,0.7124818261248793
tableeval/tableeval_289,10.146396986579274,6.723431364831898
tableeval/tableeval_319,-3.7724785602928548,10.235747141726414
tableeval/tableeval_389,-3.7724785602928548,10.235747141726414
tableeval/tableeval_394,-3.7724785602928548,10.235747141726414
tableeval/tableeval_415,1.3242596799958521,1.100151687404697
tableeval/tableeval_441,-3.7724785602928548,10.235747141726414
tableeval/tableeval_443,-3.7724785602928548,10.235747141726414
tableeval/tableeval_468,10.146396986579274,6.723431364831898
tableeval/tableeval_536,10.146396986579274,6.723431364831898
tableeval/tableeval_547,-3.7724785602928548,10.235747141726414
tableeval/tableeval_569,10.146396986579274,6.723431364831898
tableeval/tableeval_604,1.324259679995773,1.1001516874047268
tableeval/tableeval_661,-3.7724785602928548,10.235747141726414
tableeval/tableeval_676,1.324259679995773,1.1001516874047268
tableeval/tableeval_677,2.2230766627961356,0.8383601029918853
tableeval/tableeval_715,-3.7724785602928548,10.235747141726414
tableeval/tableeval_726,-3.7724785602928548,10.235747141726414
tableeval/tableeval_740,-3.7724785602928548,10.235747141726414
tableeval/tableeval_741,-3.7724785602928548,10.235747141726414
tableeval/tableeval_761,10.146396986579274,6.723431364831898
tableeval/tableeval_763,10.146396986579274,6.723431364831898
tableeval/tableeval_803,2.2230766627961356,0.8383601029918853
tableeval/tableeval_83,10.146396986579274,6.723431364831898
tableeval/tableeval_840,2.831613682784343,0.7331238723185544
tableeval/tableeval_868,4.225060337077709,0.6729515235179299
tableeval/tableeval_878,-3.7724785602928548,10.235747141726414
tableeval/tableeval_880,-3.7724785602928548,10.235747141726414
tableeval/tableeval_881,10.146396986579274,6.723431364831898
tableeval/tableeval_899,-3.7724785602928548,10.235747141726414
tableeval/tableeval_901,1.3242596799958521,1.100151687404697
tableeval/tableeval_915,-3.7724785602928548,10.235747141726414
tableeval/tableeval_917,-3.7724785602928548,10.235747141726414
tableeval/tableeval_919,-3.7724785602928548,10.235747141726414
tableeval/tableeval_924,-3.7724785602928548,10.235747141726414
tableeval/tableeval_930,-3.7724785602928548,10.235747141726414
tableeval/tableeval_936,3.3285482813529272,0.6830606162086763
tableeval/tableeval_939,3.7797985618087337,0.6647905377553954
tableeval/tableeval_940,-3.7724785602928548,10.235747141726414
tableeval/tableeval_941,-3.7724785602928548,10.235747141726414
tableeval/tableeval_948,1.3242596799958521,1.100151687404697
tableeval/tableeval_949,-3.7724785602928548,10.235747141726414
tableeval/tableeval_957,-3.7724785602928548,10.235747141726414
tableeval/tableeval_996,1.3242596799958521,1.100151687404697
tableeval/tableeval_999,-3.7724785602928548,10.235747141726414
tat_qa/01ba4058-8e2c-461e-8400-78be688442bf,-3.7724785602928548,10.235747141726414
tat_qa/0387cbd4-ca2d-46d5-a765-36a393525af8,-3.7724785602928548,10.235747141726414
tat_qa/05d737b5-d0be-42e8-9a20-0a0a413cb214,-3.7724785602928548,10.235747141726414
tat_qa/08ec1b4c-f5dc-4654-b931-4ddd23f81113,-3.7724785602928548,10.235747141726414
tat_qa/0a5e11e2-b5e8-4414-8b78-4c8106e84c89,1.3242596799958521,1.100151687404697
tat_qa/0acd91f8-5235-4173-800b-e1208ee9c717,1.324259679995773,1.1001516874047268
tat_qa/0d930702-ca07-422f-ab6a-c794a621f31a,-3.7724785602928548,10.235747141726414
tat_qa/0f59d1f7-562f-4f9a-a0ff-1abba61accbe,-3.7724785602928548,10.235747141726414
tat_qa/1047c8b7-2102-4e24-a998-673c37cdc1d4,10.146396986579274,6.723431364831898
tat_qa/123b178f-598e-4abe-8feb-b6c27bed9d25,-3.7724785602928548,10.235747141726414
tat_qa/170c75fb-da08-4e9d-8c5a-7cbb94e4176e,-3.7724785602928548,10.235747141726414
tat_qa/174566c9-bab3-4db1-9695-ec42c36cfa74,10.146396986579274,6.723431364831898
tat_qa/1ae19326-ebf1-4430-b26d-bce0a211fce7,2.223076662796132,0.8383601029918861
tat_qa/1c88aed6-2b11-45e4-ba39-3c8c603e7af4,2.8316136827843406,0.7331238723185547
tat_qa/1d92a278-69c4-4b79-adcc-615db7d2e5cc,-3.7724785602928548,10.235747141726414
tat_qa/1f781a60-f0df-4a3a-861c-71b8eaaf379c,-3.7724785602928548,10.235747141726414
tat_qa/234fa3d2-2a72-4660-9bb6-fd82ff8da1a2,10.146396986579274,6.723431364831898
tat_qa/258ca40e-3191-4132-9405-edb2cad6e57c,-3.7724785602928548,10.235747141726414
tat_qa/2a54850a-9dca-498b-a5f8-9672d7059994,-3.7724785602928548,10.235747141726414
tat_qa/2b80ea82-fd80-444e-92c3-2d00c74e0cee,-3.7724785602928548,10.235747141726414
tat_qa/2f016f6c-b7ce-4f97-8943-3f7e99b373fe,2.2230766627961356,0.8383601029918853
tat_qa/3007a32b-3699-4740-8412-586462354361,-3.7724785602928548,10.235747141726414
tat_qa/32185930-8543-45f6-b6f8-28fa25c27a17,-3.7724785602928548,10.235747141726414
tat_qa/3264a669-9c5e-4821-b6f2-1f8002f47ffb,-3.7724785602928548,10.235747141726414
tat_qa/36b5f384-0585-453c-9cfd-b587830ba23d,2.223076662796132,0.8383601029918861
tat_qa/378b81b7-c7d6-46f9-aca6-58729440a889,1.324259679995773,1.1001516874047268
tat_qa/3b95b56f-3bf1-441f-ae58-a4f34d632d30,6.099340151676846,1.0598368472295139
tat_qa/3d384cee-82de-48f1-98ff-a972404bce4c,-3.7724785602928548,10.235747141726414
tat_qa/40f513e7-ac40-4fdb-a83c-a92e94b9a6b1,-3.7724785602928548,10.235747141726414
tat_qa/40f5eb1c-fd52-4484-9d60-da90da45a084,-3.7724785602928548,10.235747141726414
tat_qa/49015c16-be28-4fb6-be59-7fd595c94c8d,-3.7724785602928548,10.235747141726414
tat_qa/49dbbc90-5307-49ae-b802-e87d19214c40,1.324259679995773,1.1001516874047268
tat_qa/4d8f127b-56e1-4c09-bd1d-b7f3b3d45d45,-3.7724785602928548,10.235747141726414
tat_qa/516cf531-262c-4318-aa5c-0ef6e2d9ac25,10.146396986579274,6.723431364831898
tat_qa/520740d2-1345-496c-9013-1bbe687913aa,-3.7724785602928548,10.235747141726414
tat_qa/54df78bf-1e81-4ebe-ba8d-278fee472ffd,-3.7724785602928548,10.235747141726414
tat_qa/54f75d2c-ccef-4948-9312-ea7c84264dfa,-3.7724785602928548,10.235747141726414
tat_qa/565fb688-b453-46ce-ba8f-bfe2375a80d8,-3.7724785602928548,10.235747141726414
tat_qa/57f38b17-ccdb-4d57-b075-9d1ff7dfb5e7,1.3242596799958521,1.100151687404697
tat_qa/58753c83-a3d7-445d-83bf-57461882a6ca,1.3242596799958521,1.100151687404697
tat_qa/5ad4afa3-89b9-432d-b0a1-a99f36c3f739,10.146396986579274,6.723431364831898
tat_qa/617cd0f0-5fac-4c34-b9b6-425a0d353491,10.146396986579274,6.723431364831898
tat_qa/62813488-b5b2-4bec-8630-eb6438670b1d,3.3285482813529272,0.6830606162086763
tat_qa/6a70bb28-60b3-435f-8d11-f97dc8ddad6d,10.146396986579274,6.723431364831898
tat_qa/6b289db7-2ee8-48ec-a257-e7e8f9640f1c,-3.7724785602928548,10.235747141726414
tat_qa/6cdd6fc8-6173-4515-a307-ee067f99ff2b,10.146396986579274,6.723431364831898
tat_qa/6d1c6600-ea3b-4b55-96b6-46f93eab23f0,-3.7724785602928548,10.235747141726414
tat_qa/6fc46e0a-c688-4de3-81f6-f0f9063b1bd7,10.146396986579274,6.723431364831898
tat_qa/74f778d2-8a07-4b39-92d9-4a3c36af6f50,-3.7724785602928548,10.235747141726414
tat_qa/78523190-61da-490f-b019-b065c317bfd3,6.099340151676767,1.0598368472294821
tat_qa/7c2155ad-dc3a-4955-94b6-8b97369e272c,2.8316136827843406,0.7331238723185547
tat_qa/7cd3aedf-1291-4fea-bc9d-a25c65727b7b,6.099340151676846,1.0598368472295139
tat_qa/7e26c3ac-0127-45c6-aa12-5618b87dc26d,3.3285482813529623,0.683060616208674
tat_qa/7eba04ad-11a9-4486-b760-7c7c35eeca95,-3.7724785602928548,10.235747141726414
tat_qa/83cb2a97-d51f-43d8-b3ee-ee59994a1238,2.831613682784334,0.7331238723185556
tat_qa/8f61e8be-18ee-4226-bb65-e1d1b4dfa8ec,-3.7724785602928548,10.235747141726414
tat_qa/921426ff-bd1b-433c-886c-e38c4deaf900,-3.7724785602928548,10.235747141726414
tat_qa/9551fa01-dfe4-4bbb-bd0f-cb4ec1c83d3b,-3.7724785602928548,10.235747141726414
tat_qa/9696e1f9-a7de-485b-b34d-727577fc5e0f,-3.7724785602928548,10.235747141726414
tat_qa/9e3493de-9a29-4db8-ad06-52dc6ff1fdaf,10.146396986579274,6.723431364831898
tat_qa/9e3c7e60-2851-455f-835d-7ba3e276ffc2,-3.7724785602928548,10.235747141726414
tat_qa/a2209be1-7953-49e1-b639-aa1ddcc9c398,-3.7724785602928548,10.235747141726414
tat_qa/a4ecf36b-7dc8-4005-a781-2addaedfe05c,-3.7724785602928548,10.235747141726414
tat_qa/a5babbf2-2a11-4864-bb84-8f06acf54e9f,10.146396986579274,6.723431364831898
tat_qa/a75830fe-acba-4751-98cd-de697fe03b30,-3.7724785602928548,10.235747141726414
tat_qa/a75bb0b1-4fb1-405c-b2f1-1df4ee3cc9be,-3.7724785602928548,10.235747141726414
tat_qa/ab668510-4ca8-42c9-b342-cd56f4cb7f1e,-3.7724785602928548,10.235747141726414
tat_qa/acbacb07-2a66-418b-b6da-53424c35abd5,3.3285482813529272,0.6830606162086763
tat_qa/ad115c40-69c3-4fd1-be77-8a8b9aaf7d44,5.267740726966647,0.8071014562516053
tat_qa/b1018041-1c58-47f2-94db-fa8df0a631cb,-3.7724785602928548,10.235747141726414
tat_qa/b39edf5b-35db-4010-a4d0-90abe617dc89,-3.7724785602928548,10.235747141726414
tat_qa/b688d135-b29a-4e76-9593-138c3e2812e7,4.225060337077709,0.6729515235179299
tat_qa/b6f6a01d-a290-4195-a431-30c2298c0d31,10.146396986579274,6.723431364831898
tat_qa/bada4e72-a9a8-4c01-9b6b-0f1d760a1fca,1.3242596799958521,1.100151687404697
tat_qa/c07a4e8f-96eb-4b0d-b668-f7d6e64ed707,4.699709409880347,0.7124818261248793
tat_qa/c5a8edfd-93eb-4e95-a787-1bebe231c7c7,-3.7724785602928548,10.235747141726414
tat_qa/c6d15acd-4fd8-4419-a04e-c69487836f86,1.3242596799958521,1.100151687404697
tat_qa/c75a8554-b769-4784-98c4-9ee6285f06da,2.8316136827843406,0.7331238723185547
tat_qa/ca3c4add-5d49-4078-bc6f-7b38a842c06e,-3.7724785602928548,10.235747141726414
tat_qa/cf9ea7bd-d26e-4ba9-a2a9-b1e1c73ec11c,-3.7724785602928548,10.235747141726414
tat_qa/d47306cf-e276-4836-a827-ebebdc47e078,10.146396986579274,6.723431364831898
tat_qa/d6876338-cef4-498e-948f-3821a6c088f8,-3.7724785602928548,10.235747141726414
tat_qa/d713cc10-43c6-4fe9-9808-24ddc7160f0f,-3.7724785602928548,10.235747141726414
tat_qa/d841005e-c88b-4071-aa53-16bd8a892656,-3.7724785602928548,10.235747141726414
tat_qa/e14c60c4-3460-42eb-8d21-c29abdbce3a8,10.146396986579274,6.723431364831898
tat_qa/e44b3ca5-1c32-44c9-9155-61465b79e908,2.223076662796148,0.8383601029918827
tat_qa/eb726f13-31b9-4a5a-9747-f6dcd0cf6b81,1.3242596799958521,1.100151687404697
tat_qa/ec066127-4046-4b2f-9332-de14851c6868,10.146396986579274,6.723431364831898
tat_qa/edc88710-38a6-47d8-bf2b-f4ebc52f7ea0,-3.7724785602928548,10.235747141726414
tat_qa/ee21ba34-3a0d-4738-8aa4-5ede6f914f46,-3.7724785602928548,10.235747141726414
tat_qa/ef36e101-a8ac-4967-9321-c0811841c701,-3.7724785602928548,10.235747141726414
tat_qa/ef58e193-524b-46c6-9d96-4bc023bc87b3,-3.7724785602928548,10.235747141726414
tat_qa/ef7c9be8-022f-418a-8a6f-841187811abd,10.146396986579274,6.723431364831898
tat_qa/ef93f805-b103-4424-b30f-ba194d27102e,-3.7724785602928548,10.235747141726414
tat_qa/efbff294-365a-47c4-b530-7de812c65bf3,-3.7724785602928548,10.235747141726414
tat_qa/f1ac3fd9-77f7-4f7d-91fb-190c02e1f905,-3.7724785602928548,10.235747141726414
tat_qa/f3eb9649-910b-400e-98a9-70c0591d3072,-3.7724785602928548,10.235747141726414
tat_qa/f5eb2ada-9a3c-4bbd-b96d-a83844cef935,-3.7724785602928548,10.235747141726414
tat_qa/f96cce90-9703-4b6b-9ea4-1a650ac8765a,-3.7724785602928548,10.235747141726414
tat_qa/fbf1fd1f-12d5-4ffc-b121-51cb10e6a9c8,-3.7724785602928548,10.235747141726414
tpcdi_cells/tpcdi_101_symbols_traded,10.146396986579274,6.723431364831898
tpcdi_cells/tpcdi_101_total_trade_volume,10.146396986579274,6.723431364831898
tpcdi_cells/tpcdi_104_total_trade_volume,10.146396986579274,6.723431364831898
tpcdi_cells/tpcdi_108_num_accounts,-3.7724785602928548,10.235747141726414
tpcdi_cells/tpcdi_10_num_trades,10.146396986579274,6.723431364831898
tpcdi_cells/tpcdi_111_symbols_traded,2.831613682784343,0.7331238723185544
tpcdi_cells/tpcdi_115_num_accounts,-3.7724785602928548,10.235747141726414
tpcdi_cells/tpcdi_116_total_trade_volume,10.146396986579274,6.723431364831898
tpcdi_cells/tpcdi_117_num_trades,10.146396986579274,6.723431364831898
tpcdi_cells/tpcdi_118_symbols_traded,10.146396986579274,6.723431364831898
tpcdi_cells/tpcdi_120_symbols_traded,10.146396986579274,6.723431364831898
tpcdi_cells/tpcdi_12_total_balance,-3.7724785602928548,10.235747141726414
tpcdi_cells/tpcdi_13_num_trades,-3.7724785602928548,10.235747141726414
tpcdi_cells/tpcdi_14_symbols_traded,10.146396986579274,6.723431364831898
tpcdi_cells/tpcdi_14_total_balance,-3.7724785602928548,10.235747141726414
tpcdi_cells/tpcdi_15_num_accounts,-3.7724785602928548,10.235747141726414
tpcdi_cells/tpcdi_16_symbols_traded,10.146396986579274,6.723431364831898
tpcdi_cells/tpcdi_16_total_trade_value,10.146396986579274,6.723431364831898
tpcdi_cells/tpcdi_18_symbols_traded,10.146396986579274,6.723431364831898
tpcdi_cells/tpcdi_18_total_trade_value,10.146396986579274,6.723431364831898
tpcdi_cells/tpcdi_18_total_trade_volume,10.146396986579274,6.723431364831898
tpcdi_cells/tpcdi_19_num_trades,10.146396986579274,6.723431364831898
tpcdi_cells/tpcdi_1_symbols_traded,10.146396986579274,6.723431364831898
tpcdi_cells/tpcdi_23_num_trades,10.146396986579274,6.723431364831898
tpcdi_cells/tpcdi_23_total_balance,-3.7724785602928548,10.235747141726414
tpcdi_cells/tpcdi_23_total_trade_volume,10.146396986579274,6.723431364831898
tpcdi_cells/tpcdi_25_num_trades,10.146396986579274,6.723431364831898
tpcdi_cells/tpcdi_25_total_balance,-3.7724785602928548,10.235747141726414
tpcdi_cells/tpcdi_25_total_trade_value,10.146396986579274,6.723431364831898
tpcdi_cells/tpcdi_26_symbols_traded,10.146396986579274,6.723431364831898
tpcdi_cells/tpcdi_27_total_balance,-3.7724785602928548,10.235747141726414
tpcdi_cells/tpcdi_28_num_trades,-3.7724785602928548,10.235747141726414
tpcdi_cells/tpcdi_29_total_trade_value,10.146396986579274,6.723431364831898
tpcdi_cells/tpcdi_2_num_accounts,-3.7724785602928548,10.235747141726414
tpcdi_cells/tpcdi_30_num_accounts,-3.7724785602928548,10.235747141726414
tpcdi_cells/tpcdi_30_num_trades,10.146396986579274,6.723431364831898
tpcdi_cells/tpcdi_30_symbols_traded,10.146396986579274,6.723431364831898
tpcdi_cells/tpcdi_33_symbols_traded,10.146396986579274,6.723431364831898
tpcdi_cells/tpcdi_35_symbols_traded,10.146396986579274,6.723431364831898
tpcdi_cells/tpcdi_36_total_trade_volume,10.146396986579274,6.723431364831898
tpcdi_cells/tpcdi_37_num_trades,10.146396986579274,6.723431364831898
tpcdi_cells/tpcdi_37_total_trade_volume,10.146396986579274,6.723431364831898
tpcdi_cells/tpcdi_38_total_trade_value,10.146396986579274,6.723431364831898
tpcdi_cells/tpcdi_39_symbols_traded,10.146396986579274,6.723431364831898
tpcdi_cells/tpcdi_42_num_trades,10.146396986579274,6.723431364831898
tpcdi_cells/tpcdi_42_total_trade_value,10.146396986579274,6.723431364831898
tpcdi_cells/tpcdi_42_total_trade_volume,10.146396986579274,6.723431364831898
tpcdi_cells/tpcdi_43_symbols_traded,10.146396986579274,6.723431364831898
tpcdi_cells/tpcdi_44_symbols_traded,10.146396986579274,6.723431364831898
tpcdi_cells/tpcdi_45_total_trade_value,-3.7724785602928548,10.235747141726414
tpcdi_cells/tpcdi_46_num_accounts,-3.7724785602928548,10.235747141726414
tpcdi_cells/tpcdi_46_total_trade_value,10.146396986579274,6.723431364831898
tpcdi_cells/tpcdi_47_num_accounts,-3.7724785602928548,10.235747141726414
tpcdi_cells/tpcdi_47_total_balance,-3.7724785602928548,10.235747141726414
tpcdi_cells/tpcdi_48_symbols_traded,10.146396986579274,6.723431364831898
tpcdi_cells/tpcdi_49_symbols_traded,10.146396986579274,6.723431364831898
tpcdi_cells/tpcdi_50_symbols_traded,10.146396986579274,6.723431364831898
tpcdi_cells/tpcdi_50_total_balance,-3.7724785602928548,10.235747141726414
tpcdi_cells/tpcdi_50_total_trade_volume,10.146396986579274,6.723431364831898
tpcdi_cells/tpcdi_53_num_accounts,-3.7724785602928548,10.235747141726414
tpcdi_cells/tpcdi_53_total_trade_volume,10.146396986579274,6.723431364831898
tpcdi_cells/tpcdi_55_num_trades,10.146396986579274,6.723431364831898
tpcdi_cells/tpcdi_56_num_accounts,-3.7724785602928548,10.235747141726414
tpcdi_cells/tpcdi_57_total_balance,-3.7724785602928548,10.235747141726414
tpcdi_cells/tpcdi_58_total_trade_volume,10.146396986579274,6.723431364831898
tpcdi_cells/tpcdi_59_total_balance,-3.7724785602928548,10.235747141726414
tpcdi_cells/tpcdi_59_total_trade_value,10.146396986579274,6.723431364831898
tpcdi_cells/tpcdi_61_total_trade_value,10.146396986579274,6.723431364831898
tpcdi_cells/tpcdi_62_num_trades,10.146396986579274,6.723431364831898
tpcdi_cells/tpcdi_63_num_accounts,-3.7724785602928548,10.235747141726414
tpcdi_cells/tpcdi_64_num_accounts,-3.7724785602928548,10.235747141726414
tpcdi_cells/tpcdi_65_total_trade_value,10.146396986579274,6.723431364831898
tpcdi_cells/tpcdi_65_total_trade_volume,10.146396986579274,6.723431364831898
tpcdi_cells/tpcdi_66_num_accounts,-3.7724785602928548,10.235747141726414
tpcdi_cells/tpcdi_68_num_accounts,-3.7724785602928548,10.235747141726414
tpcdi_cells/tpcdi_6_num_trades,10.146396986579274,6.723431364831898
tpcdi_cells/tpcdi_72_num_accounts,-3.7724785602928548,10.235747141726414
tpcdi_cells/tpcdi_73_total_balance,1.3242596799958521,1.100151687404697
tpcdi_cells/tpcdi_74_num_accounts,-3.7724785602928548,10.235747141726414
tpcdi_cells/tpcdi_74_num_trades,10.146396986579274,6.723431364831898
tpcdi_cells/tpcdi_74_total_trade_volume,10.146396986579274,6.723431364831898
tpcdi_cells/tpcdi_75_total_balance,-3.7724785602928548,10.235747141726414
tpcdi_cells/tpcdi_76_symbols_traded,10.146396986579274,6.723431364831898
tpcdi_cells/tpcdi_77_total_trade_volume,10.146396986579274,6.723431364831898
tpcdi_cells/tpcdi_78_symbols_traded,10.146396986579274,6.723431364831898
tpcdi_cells/tpcdi_81_symbols_traded,10.146396986579274,6.723431364831898
tpcdi_cells/tpcdi_81_total_balance,-3.7724785602928548,10.235747141726414
tpcdi_cells/tpcdi_84_symbols_traded,10.146396986579274,6.723431364831898
tpcdi_cells/tpcdi_85_total_trade_value,10.146396986579274,6.723431364831898
tpcdi_cells/tpcdi_87_num_trades,10.146396986579274,6.723431364831898
tpcdi_cells/tpcdi_87_symbols_traded,10.146396986579274,6.723431364831898
tpcdi_cells/tpcdi_87_total_trade_volume,10.146396986579274,6.723431364831898
tpcdi_cells/tpcdi_88_num_trades,10.146396986579274,6.723431364831898
tpcdi_cells/tpcdi_8_symbols_traded,2.831613682784343,0.7331238723185544
tpcdi_cells/tpcdi_93_total_balance,-3.7724785602928548,10.235747141726414
tpcdi_cells/tpcdi_96_symbols_traded,10.146396986579274,6.723431364831898
tpcdi_cells/tpcdi_98_num_trades,10.146396986579274,6.723431364831898
tpcdi_cells/tpcdi_9_num_accounts,-3.7724785602928548,10.235747141726414
tpcdi_cells/tpcdi_9_total_balance,-3.7724785602928548,10.235747141726414
tpcdi_cells/tpcdi_9_total_trade_volume,10.146396986579274,6.723431364831898
valentine/valentine_ChEMBL_assays_both_0_30_ac4_av_assay_id,1.324259679995773,1.1001516874047268
valentine/valentine_ChEMBL_assays_both_0_30_ac4_av_bao_format,-3.7724785602928548,10.235747141726414
valentine/valentine_ChEMBL_assays_both_0_30_ec_av_assay_id,1.3242596799958521,1.100151687404697
valentine/valentine_ChEMBL_assays_both_0_50_ac5_ev_assay_id,2.2230766627961356,0.8383601029918853
valentine/valentine_ChEMBL_assays_both_50_50_ac1_ev_assay_cell_type,-3.7724785602928548,10.235747141726414
valentine/valentine_ChEMBL_assays_both_50_50_ac2_ev_assay_id,-3.7724785602928548,10.235747141726414
valentine/valentine_ChEMBL_assays_both_50_50_ac2_ev_description,-3.7724785602928548,10.235747141726414
valentine/valentine_ChEMBL_assays_both_50_50_ac3_ev_tissue_id,-3.7724785602928548,10.235747141726414
valentine/valentine_ChEMBL_assays_both_50_50_ac4_av_assay_id,-3.7724785602928548,10.235747141726414
valentine/valentine_ChEMBL_assays_horizontal_100_ac3_av_tid,-3.7724785602928548,10.235747141726414
valentine/valentine_ChEMBL_assays_horizontal_50_ac5_av_description,-3.7724785602928548,10.235747141726414
valentine/valentine_ChEMBL_assays_horizontal_50_ac5_av_src_assay_id,3.7797985618087457,0.6647905377553953
valentine/valentine_ChEMBL_assays_vertical_50_ac4_av_assay_organism,-3.7724785602928548,10.235747141726414
valentine/valentine_ChEMBL_assays_vertical_50_ac4_av_cell_id,2.223076662796132,0.8383601029918861
valentine/valentine_ChEMBL_assays_vertical_70_ac5_av_confidence_score,-3.7724785602928548,10.235747141726414
valentine/valentine_ChEMBL_assays_vertical_70_ac5_av_curated_by,-3.7724785602928548,10.235747141726414
valentine/valentine_Magellan_amazon_google_exp_id,-3.7724785602928548,10.235747141726414
valentine/valentine_Magellan_amazon_google_exp_manufacturer,-3.7724785602928548,10.235747141726414
valentine/valentine_Magellan_amazon_google_exp_title,-3.7724785602928548,10.235747141726414
valentine/valentine_Magellan_beeradvo_ratebeer_ABV,-3.7724785602928548,10.235747141726414
valentine/valentine_Magellan_beeradvo_ratebeer_Brew_Factory_Name,-3.7724785602928548,10.235747141726414
valentine/valentine_Magellan_beeradvo_ratebeer_Style,-3.7724785602928548,10.235747141726414
valentine/valentine_Magellan_beeradvo_ratebeer_id,-3.7724785602928548,10.235747141726414
valentine/valentine_Magellan_dblp_acm_authors,-3.7724785602928548,10.235747141726414
valentine/valentine_Magellan_dblp_acm_title,-3.7724785602928548,10.235747141726414
valentine/valentine_Magellan_dblp_acm_venue,-3.7724785602928548,10.235747141726414
valentine/valentine_Magellan_dblp_scholar_id,-3.7724785602928548,10.235747141726414
valentine/valentine_Magellan_dblp_scholar_venue,-3.7724785602928548,10.235747141726414
valentine/valentine_Magellan_dblp_scholar_year,-3.7724785602928548,10.235747141726414
valentine/valentine_Magellan_fodors_zagats_class,-3.7724785602928548,10.235747141726414
valentine/valentine_Magellan_fodors_zagats_type,-3.7724785602928548,10.235747141726414
valentine/valentine_Magellan_itunes_amazon_Genre,-3.7724785602928548,10.235747141726414
valentine/valentine_Magellan_itunes_amazon_Released,-3.7724785602928548,10.235747141726414
valentine/valentine_Magellan_itunes_amazon_Song_Name,-3.7724785602928548,10.235747141726414
valentine/valentine_Magellan_itunes_amazon_Time,-3.7724785602928548,10.235747141726414
valentine/valentine_Magellan_walmart_amazon_id,-3.7724785602928548,10.235747141726414
valentine/valentine_Magellan_walmart_amazon_price,-3.7724785602928548,10.235747141726414
valentine/valentine_Magellan_walmart_amazon_title,-3.7724785602928548,10.235747141726414
valentine/valentine_OpenData_miller2_both_0_30_ac1_ev_Climate_change_mitigation_(marker),-3.7724785602928548,10.235747141726414
valentine/valentine_OpenData_miller2_both_0_30_ac1_ev_Project_Browser_country_ID,-3.7724785602928548,10.235747141726414
valentine/valentine_OpenData_miller2_both_0_30_ac5_ev_Biodiversity_(marker),-3.7724785602928548,10.235747141726414
valentine/valentine_OpenData_miller2_both_0_30_ac5_ev_Gender_equality_(marker),-3.7724785602928548,10.235747141726414
valentine/valentine_OpenData_miller2_both_0_50_ec_ev_Biodiversity_(marker),-3.7724785602928548,10.235747141726414
valentine/valentine_OpenData_miller2_both_0_50_ec_ev_Organisation_class,-3.7724785602928548,10.235747141726414
valentine/valentine_OpenData_miller2_both_0_50_ec_ev_Project_Browser_country_ID,-3.7724785602928548,10.235747141726414
valentine/valentine_OpenData_miller2_both_50_1_ac1_ev_Fiscal_year,-3.7724785602928548,10.235747141726414
valentine/valentine_OpenData_miller2_both_50_30_ac1_av_Division_name,-3.7724785602928548,10.235747141726414
valentine/valentine_OpenData_miller2_both_50_30_ec_av_Branch_ID,-3.7724785602928548,10.235747141726414
valentine/valentine_OpenData_miller2_horizontal_0_ac1_ev_Indigenous_issues_(marker),-3.7724785602928548,10.235747141726414
valentine/valentine_OpenData_miller2_horizontal_0_ac3_ev_CIDA_business_delivery_model_(old),-3.7724785602928548,10.235747141726414
valentine/valentine_OpenData_miller2_horizontal_0_ac3_ev_Sector_ID,-3.7724785602928548,10.235747141726414
valentine/valentine_OpenData_miller2_horizontal_0_ac4_ev_Branch_name,-3.7724785602928548,10.235747141726414
valentine/valentine_OpenData_miller2_horizontal_0_ac4_ev_Continent_ID,-3.7724785602928548,10.235747141726414
valentine/valentine_OpenData_miller2_horizontal_0_ac4_ev_Organisation_name,-3.7724785602928548,10.235747141726414
valentine/valentine_OpenData_miller2_horizontal_100_ac3_av_CountryRegion_ID,2.2230766627961356,0.8383601029918853
valentine/valentine_OpenData_miller2_horizontal_100_ac3_av_Knowledge_for_development_(marker),-3.7724785602928548,10.235747141726414
valentine/valentine_OpenData_miller2_vertical_1_ac2_av_Fiscal_year,-3.7724785602928548,10.235747141726414
valentine/valentine_OpenData_miller2_vertical_50_ac4_ev_Disability_issues_(marker),-3.7724785602928548,10.235747141726414
valentine/valentine_OpenData_miller2_vertical_50_ac4_ev_Enviromental_sustainability_(marker),-3.7724785602928548,10.235747141726414
valentine/valentine_OpenData_miller2_vertical_50_ac4_ev_Maximum_CIDA_contribution_(project-level),-3.7724785602928548,10.235747141726414
valentine/valentine_TPC-DI_prospect_both_0_1_ec_ev_AgencyID,-3.7724785602928548,10.235747141726414
valentine/valentine_TPC-DI_prospect_both_0_30_ac1_ev_LastName,-3.7724785602928548,10.235747141726414
valentine/valentine_TPC-DI_prospect_both_0_30_ac2_av_AgencyID,-3.7724785602928548,10.235747141726414
valentine/valentine_TPC-DI_prospect_both_0_30_ac2_av_Employer,-3.7724785602928548,10.235747141726414
valentine/valentine_TPC-DI_prospect_both_0_30_ac2_av_LastName,-3.7724785602928548,10.235747141726414
valentine/valentine_TPC-DI_prospect_both_0_70_ec_ev_LastName,-3.7724785602928548,10.235747141726414
valentine/valentine_TPC-DI_prospect_both_50_30_ac5_ev_FirstName,-3.7724785602928548,10.235747141726414
valentine/valentine_TPC-DI_prospect_both_50_50_ac3_ev_NumberChildren,-3.7724785602928548,10.235747141726414
valentine/valentine_TPC-DI_prospect_both_50_50_ec_av_Income,-3.7724785602928548,10.235747141726414
valentine/valentine_TPC-DI_prospect_both_50_50_ec_av_NumberCreditCards,-3.7724785602928548,10.235747141726414
valentine/valentine_TPC-DI_prospect_both_50_70_ac3_ev_Phone,-3.7724785602928548,10.235747141726414
valentine/valentine_TPC-DI_prospect_horizontal_0_ac4_av_State,-3.7724785602928548,10.235747141726414
valentine/valentine_TPC-DI_prospect_horizontal_100_ac4_av_OwnOrRentFlag,-3.7724785602928548,10.235747141726414
valentine/valentine_TPC-DI_prospect_horizontal_50_ac1_ev_Phone,-3.7724785602928548,10.235747141726414
valentine/valentine_TPC-DI_prospect_horizontal_50_ac3_av_Country,-3.7724785602928548,10.235747141726414
valentine/valentine_TPC-DI_prospect_horizontal_50_ac3_av_NumberCreditCards,-3.7724785602928548,10.235747141726414
valentine/valentine_TPC-DI_prospect_vertical_30_ac2_av_NumberCars,3.7797985618086156,0.6647905377553969
valentine/valentine_TPC-DI_prospect_vertical_30_ac2_av_OwnOrRentFlag,-3.7724785602928548,10.235747141726414
valentine/valentine_TPC-DI_prospect_vertical_30_ac5_av_FirstName,-3.7724785602928548,10.235747141726414
valentine/valentine_TPC-DI_prospect_vertical_30_ac5_av_MaritalStatus,-3.7724785602928548,10.235747141726414
valentine/valentine_TPC-DI_prospect_vertical_70_ec_ev_Income,-3.7724785602928548,10.235747141726414
valentine/valentine_Wikidata_Musicians_joinable_familyNameLabel,-3.7724785602928548,10.235747141726414
valentine/valentine_Wikidata_Musicians_joinable_givenNameLabel,-3.7724785602928548,10.235747141726414
valentine/valentine_Wikidata_Musicians_joinable_musician,-3.7724785602928548,10.235747141726414
valentine/valentine_Wikidata_Musicians_joinable_numberOfChildren,1.3242596799958521,1.100151687404697
valentine/valentine_Wikidata_Musicians_joinable_websiteLabel,-3.7724785602928548,10.235747141726414
valentine/valentine_Wikidata_Musicians_semjoinable_cityLabel,-3.7724785602928548,10.235747141726414
valentine/valentine_Wikidata_Musicians_semjoinable_fatherLabel,-3.7724785602928548,10.235747141726414
valentine/valentine_Wikidata_Musicians_semjoinable_genreLabel,-3.7724785602928548,10.235747141726414
valentine/valentine_Wikidata_Musicians_semjoinable_partner,-3.7724785602928548,10.235747141726414
valentine/valentine_Wikidata_Musicians_unionable_genreLabel,-3.7724785602928548,10.235747141726414
valentine/valentine_Wikidata_Musicians_unionable_numberOfChildren,1.3242596799958521,1.100151687404697
valentine/valentine_Wikidata_Musicians_unionable_religionLabel,-3.7724785602928548,10.235747141726414
valentine/valentine_Wikidata_Musicians_unionable_twitterNameLabel,-3.7724785602928548,10.235747141726414
valentine/valentine_Wikidata_Musicians_unionable_websiteLabel,-3.7724785602928548,10.235747141726414
valentine/valentine_Wikidata_Musicians_viewunion_birthDate,-3.7724785602928548,10.235747141726414
valentine/valentine_Wikidata_Musicians_viewunion_familyNameLabel,-3.7724785602928548,10.235747141726414
valentine/valentine_Wikidata_Musicians_viewunion_musician,-3.7724785602928548,10.235747141726414
valentine/valentine_Wikidata_Musicians_viewunion_numberOfChildren,1.3242596799958521,1.100151687404697
valentine/valentine_Wikidata_Musicians_viewunion_websiteLabel,-3.7724785602928548,10.235747141726414
walmart_amazon/walmart_amazon_1019_18881,-3.7724785602928548,10.235747141726414
walmart_amazon/walmart_amazon_1060_4728,-3.7724785602928548,10.235747141726414
walmart_amazon/walmart_amazon_1067_16316,-3.7724785602928548,10.235747141726414
walmart_amazon/walmart_amazon_1092_13747,-3.7724785602928548,10.235747141726414
walmart_amazon/walmart_amazon_1107_12700,-3.7724785602928548,10.235747141726414
walmart_amazon/walmart_amazon_1129_10598,-3.7724785602928548,10.235747141726414
walmart_amazon/walmart_amazon_1132_17561,-3.7724785602928548,10.235747141726414
walmart_amazon/walmart_amazon_1138_9085,-3.7724785602928548,10.235747141726414
walmart_amazon/walmart_amazon_114_9223,-3.7724785602928548,10.235747141726414
walmart_amazon/walmart_amazon_1155_4919,-3.7724785602928548,10.235747141726414
walmart_amazon/walmart_amazon_1244_10288,4.225060337077709,0.6729515235179299
walmart_amazon/walmart_amazon_1296_12781,-3.7724785602928548,10.235747141726414
walmart_amazon/walmart_amazon_1305_2558,-3.7724785602928548,10.235747141726414
walmart_amazon/walmart_amazon_1325_10507,-3.7724785602928548,10.235747141726414
walmart_amazon/walmart_amazon_1334_10549,-3.7724785602928548,10.235747141726414
walmart_amazon/walmart_amazon_1345_20145,-3.7724785602928548,10.235747141726414
walmart_amazon/walmart_amazon_1355_559,-3.7724785602928548,10.235747141726414
walmart_amazon/walmart_amazon_1404_20002,-3.7724785602928548,10.235747141726414
walmart_amazon/walmart_amazon_145_15891,3.7797985618086245,0.6647905377553966
walmart_amazon/walmart_amazon_1475_12654,-3.7724785602928548,10.235747141726414
walmart_amazon/walmart_amazon_1498_5234,-3.7724785602928548,10.235747141726414
walmart_amazon/walmart_amazon_1565_19627,-3.7724785602928548,10.235747141726414
walmart_amazon/walmart_amazon_1589_2645,-3.7724785602928548,10.235747141726414
walmart_amazon/walmart_amazon_15_17810,-3.7724785602928548,10.235747141726414
walmart_amazon/walmart_amazon_1600_10082,-3.7724785602928548,10.235747141726414
walmart_amazon/walmart_amazon_1610_10450,1.3242596799958521,1.100151687404697
walmart_amazon/walmart_amazon_1653_1649,-3.7724785602928548,10.235747141726414
walmart_amazon/walmart_amazon_166_13427,-3.7724785602928548,10.235747141726414
walmart_amazon/walmart_amazon_1686_16123,-3.7724785602928548,10.235747141726414
walmart_amazon/walmart_amazon_1695_21487,-3.7724785602928548,10.235747141726414
walmart_amazon/walmart_amazon_1698_17173,-3.7724785602928548,10.235747141726414
walmart_amazon/walmart_amazon_1758_13845,-3.7724785602928548,10.235747141726414
walmart_amazon/walmart_amazon_1761_12647,-3.7724785602928548,10.235747141726414
walmart_amazon/walmart_amazon_1853_20767,-3.7724785602928548,10.235747141726414
walmart_amazon/walmart_amazon_186_1928,-3.7724785602928548,10.235747141726414
walmart_amazon/walmart_amazon_1888_14169,-3.7724785602928548,10.235747141726414
walmart_amazon/walmart_amazon_1888_6729,1.324259679995773,1.1001516874047268
walmart_amazon/walmart_amazon_1931_11214,-3.7724785602928548,10.235747141726414
walmart_amazon/walmart_amazon_194_5431,-3.7724785602928548,10.235747141726414
walmart_amazon/walmart_amazon_1992_20767,-3.7724785602928548,10.235747141726414
walmart_amazon/walmart_amazon_2018_11227,10.146396986579274,6.723431364831898
walmart_amazon/walmart_amazon_2020_2819,-3.7724785602928548,10.235747141726414
walmart_amazon/walmart_amazon_2100_20731,-3.7724785602928548,10.235747141726414
walmart_amazon/walmart_amazon_2121_6476,-3.7724785602928548,10.235747141726414
walmart_amazon/walmart_amazon_2136_8756,-3.7724785602928548,10.235747141726414
walmart_amazon/walmart_amazon_2188_10603,-3.7724785602928548,10.235747141726414
walmart_amazon/walmart_amazon_218_13087,-3.7724785602928548,10.235747141726414
walmart_amazon/walmart_amazon_2220_18443,-3.7724785602928548,10.235747141726414
walmart_amazon/walmart_amazon_2225_19491,-3.7724785602928548,10.235747141726414
walmart_amazon/walmart_amazon_2255_10077,-3.7724785602928548,10.235747141726414
walmart_amazon/walmart_amazon_2266_13318,-3.7724785602928548,10.235747141726414
walmart_amazon/walmart_amazon_2327_8544,-3.7724785602928548,10.235747141726414
walmart_amazon/walmart_amazon_2328_16935,-3.7724785602928548,10.235747141726414
walmart_amazon/walmart_amazon_2343_10785,3.7797985618087337,0.6647905377553954
walmart_amazon/walmart_amazon_2349_18166,-3.7724785602928548,10.235747141726414
walmart_amazon/walmart_amazon_2392_8217,-3.7724785602928548,10.235747141726414
walmart_amazon/walmart_amazon_2405_9002,-3.7724785602928548,10.235747141726414
walmart_amazon/walmart_amazon_2412_8570,-3.7724785602928548,10.235747141726414
walmart_amazon/walmart_amazon_2426_17120,-3.7724785602928548,10.235747141726414
walmart_amazon/walmart_amazon_2429_11988,-3.7724785602928548,10.235747141726414
walmart_amazon/walmart_amazon_2430_18465,-3.7724785602928548,10.235747141726414
walmart_amazon/walmart_amazon_2450_18458,-3.7724785602928548,10.235747141726414
walmart_amazon/walmart_amazon_2468_16832,-3.7724785602928548,10.235747141726414
walmart_amazon/walmart_amazon_2471_13427,-3.7724785602928548,10.235747141726414
walmart_amazon/walmart_amazon_2484_3585,-3.7724785602928548,10.235747141726414
walmart_amazon/walmart_amazon_2504_20429,-3.7724785602928548,10.235747141726414
walmart_amazon/walmart_amazon_2504_8791,-3.7724785602928548,10.235747141726414
walmart_amazon/walmart_amazon_2517_12764,-3.7724785602928548,10.235747141726414
walmart_amazon/walmart_amazon_303_19299,-3.7724785602928548,10.235747141726414
walmart_amazon/walmart_amazon_333_15661,-3.7724785602928548,10.235747141726414
walmart_amazon/walmart_amazon_391_7162,-3.7724785602928548,10.235747141726414
walmart_amazon/walmart_amazon_39_10872,-3.7724785602928548,10.235747141726414
walmart_amazon/walmart_amazon_428_6990,1.3242596799958521,1.100151687404697
walmart_amazon/walmart_amazon_447_13174,-3.7724785602928548,10.235747141726414
walmart_amazon/walmart_amazon_455_18772,-3.7724785602928548,10.235747141726414
walmart_amazon/walmart_amazon_462_14704,-3.7724785602928548,10.235747141726414
walmart_amazon/walmart_amazon_470_10874,-3.7724785602928548,10.235747141726414
walmart_amazon/walmart_amazon_531_732,-3.7724785602928548,10.235747141726414
walmart_amazon/walmart_amazon_538_17174,-3.7724785602928548,10.235747141726414
walmart_amazon/walmart_amazon_640_6286,-3.7724785602928548,10.235747141726414
walmart_amazon/walmart_amazon_65_7146,-3.7724785602928548,10.235747141726414
walmart_amazon/walmart_amazon_688_13786,-3.7724785602928548,10.235747141726414
walmart_amazon/walmart_amazon_735_12273,-3.7724785602928548,10.235747141726414
walmart_amazon/walmart_amazon_738_18197,-3.7724785602928548,10.235747141726414
walmart_amazon/walmart_amazon_753_17191,-3.7724785602928548,10.235747141726414
walmart_amazon/walmart_amazon_781_17483,-3.7724785602928548,10.235747141726414
walmart_amazon/walmart_amazon_793_8070,-3.7724785602928548,10.235747141726414
walmart_amazon/walmart_amazon_828_10887,-3.7724785602928548,10.235747141726414
walmart_amazon/walmart_amazon_829_13530,4.699709409880347,0.7124818261248793
walmart_amazon/walmart_amazon_886_4727,-3.7724785602928548,10.235747141726414
walmart_amazon/walmart_amazon_889_10727,-3.7724785602928548,10.235747141726414
walmart_amazon/walmart_amazon_889_8765,-3.7724785602928548,10.235747141726414
walmart_amazon/walmart_amazon_903_16989,-3.7724785602928548,10.235747141726414
walmart_amazon/walmart_amazon_908_9015,-3.7724785602928548,10.235747141726414
walmart_amazon/walmart_amazon_90_21917,2.8316136827843494,0.7331238723185535
walmart_amazon/walmart_amazon_912_3748,-3.7724785602928548,10.235747141726414
walmart_amazon/walmart_amazon_922_5512,-3.7724785602928548,10.235747141726414
walmart_amazon/walmart_amazon_934_19677,-3.7724785602928548,10.235747141726414
walmart_amazon/walmart_amazon_975_13422,-3.7724785602928548,10.235747141726414
walmart_amazon/walmart_amazon_992_19592,2.8316136827843494,0.7331238723185535
wdc_lspc/wdc_lspc_10099949#10099837,-3.7724785602928548,10.235747141726414
wdc_lspc/wdc_lspc_10308084#8728894,-3.7724785602928548,10.235747141726414
wdc_lspc/wdc_lspc_10452832#11488322,-3.7724785602928548,10.235747141726414
wdc_lspc/wdc_lspc_10810033#17163379,-3.7724785602928548,10.235747141726414
wdc_lspc/wdc_lspc_10876711#6203341,-3.7724785602928548,10.235747141726414
wdc_lspc/wdc_lspc_10998065#2546997,-3.7724785602928548,10.235747141726414
wdc_lspc/wdc_lspc_11166810#14878021,-3.7724785602928548,10.235747141726414
wdc_lspc/wdc_lspc_11240315#5225361,-3.7724785602928548,10.235747141726414
wdc_lspc/wdc_lspc_11857827#16825675,-3.7724785602928548,10.235747141726414
wdc_lspc/wdc_lspc_12082555#11811155,-3.7724785602928548,10.235747141726414
wdc_lspc/wdc_lspc_12289143#3579292,3.3285482813529614,0.683060616208674
wdc_lspc/wdc_lspc_12809946#17557382,-3.7724785602928548,10.235747141726414
wdc_lspc/wdc_lspc_12870503#5286105,-3.7724785602928548,10.235747141726414
wdc_lspc/wdc_lspc_13313280#17475,-3.7724785602928548,10.235747141726414
wdc_lspc/wdc_lspc_1338589#1716583,-3.7724785602928548,10.235747141726414
wdc_lspc/wdc_lspc_13543559#5173302,-3.7724785602928548,10.235747141726414
wdc_lspc/wdc_lspc_13858619#10748915,-3.7724785602928548,10.235747141726414
wdc_lspc/wdc_lspc_1396192#2132407,2.2230766627961356,0.8383601029918853
wdc_lspc/wdc_lspc_14171156#15786433,-3.7724785602928548,10.235747141726414
wdc_lspc/wdc_lspc_14196738#14638754,-3.7724785602928548,10.235747141726414
wdc_lspc/wdc_lspc_14235954#8503323,-3.7724785602928548,10.235747141726414
wdc_lspc/wdc_lspc_14405981#17063490,-3.7724785602928548,10.235747141726414
wdc_lspc/wdc_lspc_14438934#9696221,-3.7724785602928548,10.235747141726414
wdc_lspc/wdc_lspc_14484514#15599996,-3.7724785602928548,10.235747141726414
wdc_lspc/wdc_lspc_1477660#14235954,-3.7724785602928548,10.235747141726414
wdc_lspc/wdc_lspc_14985796#13097943,-3.7724785602928548,10.235747141726414
wdc_lspc/wdc_lspc_15251616#13664621,-3.7724785602928548,10.235747141726414
wdc_lspc/wdc_lspc_15398300#980489,-3.7724785602928548,10.235747141726414
wdc_lspc/wdc_lspc_15811361#1864428,-3.7724785602928548,10.235747141726414
wdc_lspc/wdc_lspc_16043538#4125705,-3.7724785602928548,10.235747141726414
wdc_lspc/wdc_lspc_16273650#14057066,-3.7724785602928548,10.235747141726414
wdc_lspc/wdc_lspc_16825675#17479295,-3.7724785602928548,10.235747141726414
wdc_lspc/wdc_lspc_17407583#11461872,-3.7724785602928548,10.235747141726414
wdc_lspc/wdc_lspc_17557291#17557448,-3.7724785602928548,10.235747141726414
wdc_lspc/wdc_lspc_17557300#13515686,-3.7724785602928548,10.235747141726414
wdc_lspc/wdc_lspc_1771021#11884529,-3.7724785602928548,10.235747141726414
wdc_lspc/wdc_lspc_1948618#11005701,-3.7724785602928548,10.235747141726414
wdc_lspc/wdc_lspc_1969353#2283832,-3.7724785602928548,10.235747141726414
wdc_lspc/wdc_lspc_1974780#5648108,-3.7724785602928548,10.235747141726414
wdc_lspc/wdc_lspc_2067726#3230904,-3.7724785602928548,10.235747141726414
wdc_lspc/wdc_lspc_2205297#10031415,-3.7724785602928548,10.235747141726414
wdc_lspc/wdc_lspc_2266461#5553061,-3.7724785602928548,10.235747141726414
wdc_lspc/wdc_lspc_2266461#9538589,-3.7724785602928548,10.235747141726414
wdc_lspc/wdc_lspc_2343094#4891751,-3.7724785602928548,10.235747141726414
wdc_lspc/wdc_lspc_2357586#10442864,-3.7724785602928548,10.235747141726414
wdc_lspc/wdc_lspc_2392768#14344634,-3.7724785602928548,10.235747141726414
wdc_lspc/wdc_lspc_2432392#6117739,-3.7724785602928548,10.235747141726414
wdc_lspc/wdc_lspc_2452815#3867272,-3.7724785602928548,10.235747141726414
wdc_lspc/wdc_lspc_2688314#17157966,-3.7724785602928548,10.235747141726414
wdc_lspc/wdc_lspc_2784941#4628756,-3.7724785602928548,10.235747141726414
wdc_lspc/wdc_lspc_282986#345253,-3.7724785602928548,10.235747141726414
wdc_lspc/wdc_lspc_2900433#12492358,2.8316136827843406,0.7331238723185547
wdc_lspc/wdc_lspc_3050093#4989923,-3.7724785602928548,10.235747141726414
wdc_lspc/wdc_lspc_3204525#15346584,-3.7724785602928548,10.235747141726414
wdc_lspc/wdc_lspc_3432970#10325483,-3.7724785602928548,10.235747141726414
wdc_lspc/wdc_lspc_3432970#3692182,-3.7724785602928548,10.235747141726414
wdc_lspc/wdc_lspc_3438458#1361918,-3.7724785602928548,10.235747141726414
wdc_lspc/wdc_lspc_3650255#6406732,2.2230766627961356,0.8383601029918853
wdc_lspc/wdc_lspc_375347#3062867,-3.7724785602928548,10.235747141726414
wdc_lspc/wdc_lspc_3871199#7363768,1.3242596799958521,1.100151687404697
wdc_lspc/wdc_lspc_4095837#9685442,-3.7724785602928548,10.235747141726414
wdc_lspc/wdc_lspc_4199240#1052221,-3.7724785602928548,10.235747141726414
wdc_lspc/wdc_lspc_4305496#12268162,-3.7724785602928548,10.235747141726414
wdc_lspc/wdc_lspc_4621087#1202068,-3.7724785602928548,10.235747141726414
wdc_lspc/wdc_lspc_4970967#6023723,-3.7724785602928548,10.235747141726414
wdc_lspc/wdc_lspc_5077253#8539152,-3.7724785602928548,10.235747141726414
wdc_lspc/wdc_lspc_5215788#7228725,-3.7724785602928548,10.235747141726414
wdc_lspc/wdc_lspc_5422231#3854346,2.2230766627961356,0.8383601029918853
wdc_lspc/wdc_lspc_548194#16416419,-3.7724785602928548,10.235747141726414
wdc_lspc/wdc_lspc_548194#7672899,-3.7724785602928548,10.235747141726414
wdc_lspc/wdc_lspc_5496548#8318368,-3.7724785602928548,10.235747141726414
wdc_lspc/wdc_lspc_566720#4398522,-3.7724785602928548,10.235747141726414
wdc_lspc/wdc_lspc_566720#7806203,-3.7724785602928548,10.235747141726414
wdc_lspc/wdc_lspc_5697543#13164234,-3.7724785602928548,10.235747141726414
wdc_lspc/wdc_lspc_5705979#6721454,-3.7724785602928548,10.235747141726414
wdc_lspc/wdc_lspc_5986086#12256122,-3.7724785602928548,10.235747141726414
wdc_lspc/wdc_lspc_5992404#11687918,-3.7724785602928548,10.235747141726414
wdc_lspc/wdc_lspc_6135884#8970228,-3.7724785602928548,10.235747141726414
wdc_lspc/wdc_lspc_6314215#16517291,-3.7724785602928548,10.235747141726414
wdc_lspc/wdc_lspc_6630990#16230917,-3.7724785602928548,10.235747141726414
wdc_lspc/wdc_lspc_6693399#15766263,-3.7724785602928548,10.235747141726414
wdc_lspc/wdc_lspc_7119283#9366455,-3.7724785602928548,10.235747141726414
wdc_lspc/wdc_lspc_7198374#15016832,-3.7724785602928548,10.235747141726414
wdc_lspc/wdc_lspc_7224369#8973528,-3.7724785602928548,10.235747141726414
wdc_lspc/wdc_lspc_724975#4066557,3.3285482813529352,0.6830606162086756
wdc_lspc/wdc_lspc_7523098#2807522,-3.7724785602928548,10.235747141726414
wdc_lspc/wdc_lspc_7603682#10594201,-3.7724785602928548,10.235747141726414
wdc_lspc/wdc_lspc_7830185#6105959,-3.7724785602928548,10.235747141726414
wdc_lspc/wdc_lspc_8014072#2082030,-3.7724785602928548,10.235747141726414
wdc_lspc/wdc_lspc_8293580#16829298,-3.7724785602928548,10.235747141726414
wdc_lspc/wdc_lspc_8314051#11034215,-3.7724785602928548,10.235747141726414
wdc_lspc/wdc_lspc_8542586#12398573,-3.7724785602928548,10.235747141726414
wdc_lspc/wdc_lspc_8560810#4594626,-3.7724785602928548,10.235747141726414
wdc_lspc/wdc_lspc_8571506#15845523,-3.7724785602928548,10.235747141726414
wdc_lspc/wdc_lspc_906640#15498742,-3.7724785602928548,10.235747141726414
wdc_lspc/wdc_lspc_9110777#11042346,-3.7724785602928548,10.235747141726414
wdc_lspc/wdc_lspc_9287702#11724746,-3.7724785602928548,10.235747141726414
wdc_lspc/wdc_lspc_9312027#17557492,-3.7724785602928548,10.235747141726414
wdc_lspc/wdc_lspc_9366693#15806476,-3.7724785602928548,10.235747141726414
wdc_lspc/wdc_lspc_9638#310043,-3.7724785602928548,10.235747141726414
wdc_products/wdc_10187547#4727490,-3.7724785602928548,10.235747141726414
wdc_products/wdc_10236558#14796970,-3.7724785602928548,10.235747141726414
wdc_products/wdc_10308084#12445025,-3.7724785602928548,10.235747141726414
wdc_products/wdc_10549634#9058708,-3.7724785602928548,10.235747141726414
wdc_products/wdc_10640586#11996502,-3.7724785602928548,10.235747141726414
wdc_products/wdc_10748704#14151496,-3.7724785602928548,10.235747141726414
wdc_products/wdc_11329139#6946686,-3.7724785602928548,10.235747141726414
wdc_products/wdc_11494620#1455309,-3.7724785602928548,10.235747141726414
wdc_products/wdc_11949216#14839612,-3.7724785602928548,10.235747141726414
wdc_products/wdc_11988485#8309629,-3.7724785602928548,10.235747141726414
wdc_products/wdc_12367618#14929581,-3.7724785602928548,10.235747141726414
wdc_products/wdc_129217#2527891,-3.7724785602928548,10.235747141726414
wdc_products/wdc_1338589#14053857,-3.7724785602928548,10.235747141726414
wdc_products/wdc_13611972#3346127,-3.7724785602928548,10.235747141726414
wdc_products/wdc_13954472#17557346,-3.7724785602928548,10.235747141726414
wdc_products/wdc_1396192#13415556,-3.7724785602928548,10.235747141726414
wdc_products/wdc_14146186#12394664,-3.7724785602928548,10.235747141726414
wdc_products/wdc_14146186#17459096,2.2230766627961356,0.8383601029918853
wdc_products/wdc_14272447#7217071,-3.7724785602928548,10.235747141726414
wdc_products/wdc_14321130#14274752,-3.7724785602928548,10.235747141726414
wdc_products/wdc_14409093#17129419,-3.7724785602928548,10.235747141726414
wdc_products/wdc_14441485#1394968,-3.7724785602928548,10.235747141726414
wdc_products/wdc_14484514#12156894,-3.7724785602928548,10.235747141726414
wdc_products/wdc_14505351#16921535,-3.7724785602928548,10.235747141726414
wdc_products/wdc_14656600#11988485,-3.7724785602928548,10.235747141726414
wdc_products/wdc_15016832#13515686,-3.7724785602928548,10.235747141726414
wdc_products/wdc_15355215#17557409,-3.7724785602928548,10.235747141726414
wdc_products/wdc_15398300#3233275,-3.7724785602928548,10.235747141726414
wdc_products/wdc_15704653#15101227,-3.7724785602928548,10.235747141726414
wdc_products/wdc_15856907#10640586,-3.7724785602928548,10.235747141726414
wdc_products/wdc_16095827#14255762,-3.7724785602928548,10.235747141726414
wdc_products/wdc_16112444#2389190,-3.7724785602928548,10.235747141726414
wdc_products/wdc_1611917#4528473,-3.7724785602928548,10.235747141726414
wdc_products/wdc_1613923#8852230,2.831613682784327,0.7331238723185565
wdc_products/wdc_16268303#8748420,-3.7724785602928548,10.235747141726414
wdc_products/wdc_1678701#6179192,-3.7724785602928548,10.235747141726414
wdc_products/wdc_17115507#7087177,-3.7724785602928548,10.235747141726414
wdc_products/wdc_17557315#14883637,-3.7724785602928548,10.235747141726414
wdc_products/wdc_17557330#17557343,1.3242596799958521,1.100151687404697
wdc_products/wdc_17557357#15275925,-3.7724785602928548,10.235747141726414
wdc_products/wdc_17557423#17557424,-3.7724785602928548,10.235747141726414
wdc_products/wdc_1882213#16049825,-3.7724785602928548,10.235747141726414
wdc_products/wdc_2035665#7272784,3.779798561808733,0.6647905377553954
wdc_products/wdc_2060325#9589640,-3.7724785602928548,10.235747141726414
wdc_products/wdc_2102936#12770934,-3.7724785602928548,10.235747141726414
wdc_products/wdc_2114134#498591,-3.7724785602928548,10.235747141726414
wdc_products/wdc_2361538#16784156,10.146396986579274,6.723431364831898
wdc_products/wdc_2677362#15923,-3.7724785602928548,10.235747141726414
wdc_products/wdc_270189#12775484,-3.7724785602928548,10.235747141726414
wdc_products/wdc_2785122#10121418,-3.7724785602928548,10.235747141726414
wdc_products/wdc_2797828#1796357,1.3242596799958521,1.100151687404697
wdc_products/wdc_2808846#4894738,-3.7724785602928548,10.235747141726414
wdc_products/wdc_2812#14463282,-3.7724785602928548,10.235747141726414
wdc_products/wdc_2847590#8642377,-3.7724785602928548,10.235747141726414
wdc_products/wdc_2980296#17033005,-3.7724785602928548,10.235747141726414
wdc_products/wdc_2995944#8622593,-3.7724785602928548,10.235747141726414
wdc_products/wdc_2999298#777684,-3.7724785602928548,10.235747141726414
wdc_products/wdc_3083228#3424944,-3.7724785602928548,10.235747141726414
wdc_products/wdc_3098583#5053266,-3.7724785602928548,10.235747141726414
wdc_products/wdc_341324#4602305,-3.7724785602928548,10.235747141726414
wdc_products/wdc_3421447#17284289,-3.7724785602928548,10.235747141726414
wdc_products/wdc_3705669#11628524,-3.7724785602928548,10.235747141726414
wdc_products/wdc_3869975#16919272,-3.7724785602928548,10.235747141726414
wdc_products/wdc_3933224#8026955,-3.7724785602928548,10.235747141726414
wdc_products/wdc_3954443#12356286,-3.7724785602928548,10.235747141726414
wdc_products/wdc_4014396#10252895,-3.7724785602928548,10.235747141726414
wdc_products/wdc_4105864#13407150,-3.7724785602928548,10.235747141726414
wdc_products/wdc_4108031#16489038,-3.7724785602928548,10.235747141726414
wdc_products/wdc_4129697#7893111,-3.7724785602928548,10.235747141726414
wdc_products/wdc_4147233#239479,-3.7724785602928548,10.235747141726414
wdc_products/wdc_4246952#11273198,-3.7724785602928548,10.235747141726414
wdc_products/wdc_4629011#7576687,-3.7724785602928548,10.235747141726414
wdc_products/wdc_4966388#9169175,-3.7724785602928548,10.235747141726414
wdc_products/wdc_5013957#12425074,-3.7724785602928548,10.235747141726414
wdc_products/wdc_5148949#8062622,-3.7724785602928548,10.235747141726414
wdc_products/wdc_544348#7595289,-3.7724785602928548,10.235747141726414
wdc_products/wdc_5463413#11815503,-3.7724785602928548,10.235747141726414
wdc_products/wdc_5562149#14548909,-3.7724785602928548,10.235747141726414
wdc_products/wdc_5586611#13505654,-3.7724785602928548,10.235747141726414
wdc_products/wdc_5660137#13698753,-3.7724785602928548,10.235747141726414
wdc_products/wdc_5712523#13714078,-3.7724785602928548,10.235747141726414
wdc_products/wdc_6042357#11734650,-3.7724785602928548,10.235747141726414
wdc_products/wdc_6056429#13690810,-3.7724785602928548,10.235747141726414
wdc_products/wdc_6092956#7094529,-3.7724785602928548,10.235747141726414
wdc_products/wdc_6275301#7670748,-3.7724785602928548,10.235747141726414
wdc_products/wdc_632208#2935653,-3.7724785602928548,10.235747141726414
wdc_products/wdc_672666#17557286,-3.7724785602928548,10.235747141726414
wdc_products/wdc_7268806#5896791,-3.7724785602928548,10.235747141726414
wdc_products/wdc_7272784#16669971,-3.7724785602928548,10.235747141726414
wdc_products/wdc_7366255#7799521,-3.7724785602928548,10.235747141726414
wdc_products/wdc_7902082#2192623,-3.7724785602928548,10.235747141726414
wdc_products/wdc_7902082#8270502,-3.7724785602928548,10.235747141726414
wdc_products/wdc_8062783#10794324,-3.7724785602928548,10.235747141726414
wdc_products/wdc_826138#10236558,-3.7724785602928548,10.235747141726414
wdc_products/wdc_8419825#16997580,-3.7724785602928548,10.235747141726414
wdc_products/wdc_8821782#5579804,-3.7724785602928548,10.235747141726414
wdc_products/wdc_8914602#5910958,-3.7724785602928548,10.235747141726414
wdc_products/wdc_9059274#7420939,-3.7724785602928548,10.235747141726414
wdc_products/wdc_912976#10402136,-3.7724785602928548,10.235747141726414
wdc_products/wdc_9885546#12598699,-3.7724785602928548,10.235747141726414
wikitablequestions/nu-0,6.099340151676846,1.0598368472295139
wikitablequestions/nu-1003,-3.7724785602928548,10.235747141726414
wikitablequestions/nu-1056,1.3242596799958521,1.100151687404697
wikitablequestions/nu-1083,1.324259679995773,1.1001516874047268
wikitablequestions/nu-1087,-3.7724785602928548,10.235747141726414
wikitablequestions/nu-1093,-3.7724785602928548,10.235747141726414
wikitablequestions/nu-1097,-3.7724785602928548,10.235747141726414
wikitablequestions/nu-1128,-3.7724785602928548,10.235747141726414
wikitablequestions/nu-1145,-3.7724785602928548,10.235747141726414
wikitablequestions/nu-1155,10.146396986579274,6.723431364831898
wikitablequestions/nu-1176,-3.7724785602928548,10.235747141726414
wikitablequestions/nu-1185,10.146396986579274,6.723431364831898
wikitablequestions/nu-1292,-3.7724785602928548,10.235747141726414
wikitablequestions/nu-1355,-3.7724785602928548,10.235747141726414
wikitablequestions/nu-1460,-3.7724785602928548,10.235747141726414
wikitablequestions/nu-149,-3.7724785602928548,10.235747141726414
wikitablequestions/nu-1497,-3.7724785602928548,10.235747141726414
wikitablequestions/nu-1520,-3.7724785602928548,10.235747141726414
wikitablequestions/nu-1548,-3.7724785602928548,10.235747141726414
wikitablequestions/nu-158,-3.7724785602928548,10.235747141726414
wikitablequestions/nu-1664,-3.7724785602928548,10.235747141726414
wikitablequestions/nu-1672,-3.7724785602928548,10.235747141726414
wikitablequestions/nu-1733,-3.7724785602928548,10.235747141726414
wikitablequestions/nu-1991,1.324259679995773,1.1001516874047268
wikitablequestions/nu-2036,-3.7724785602928548,10.235747141726414
wikitablequestions/nu-2067,-3.7724785602928548,10.235747141726414
wikitablequestions/nu-2076,-3.7724785602928548,10.235747141726414
wikitablequestions/nu-209,2.2230766627961356,0.8383601029918853
wikitablequestions/nu-2166,1.324259679995773,1.1001516874047268
wikitablequestions/nu-2169,1.324259679995773,1.1001516874047268
wikitablequestions/nu-2177,10.146396986579274,6.723431364831898
wikitablequestions/nu-2181,-3.7724785602928548,10.235747141726414
wikitablequestions/nu-2214,1.324259679995773,1.1001516874047268
wikitablequestions/nu-224,-3.7724785602928548,10.235747141726414
wikitablequestions/nu-2262,-3.7724785602928548,10.235747141726414
wikitablequestions/nu-2301,-3.7724785602928548,10.235747141726414
wikitablequestions/nu-234,1.3242596799958521,1.100151687404697
wikitablequestions/nu-2357,-3.7724785602928548,10.235747141726414
wikitablequestions/nu-2381,-3.7724785602928548,10.235747141726414
wikitablequestions/nu-2426,-3.7724785602928548,10.235747141726414
wikitablequestions/nu-2445,10.146396986579274,6.723431364831898
wikitablequestions/nu-2469,6.099340151676767,1.0598368472294821
wikitablequestions/nu-248,4.225060337077654,0.6729515235179271
wikitablequestions/nu-2577,10.146396986579274,6.723431364831898
wikitablequestions/nu-2655,6.099340151676767,1.0598368472294821
wikitablequestions/nu-2663,1.3242596799958521,1.100151687404697
wikitablequestions/nu-2721,-3.7724785602928548,10.235747141726414
wikitablequestions/nu-2775,1.324259679995773,1.1001516874047268
wikitablequestions/nu-2784,10.146396986579274,6.723431364831898
wikitablequestions/nu-288,1.324259679995773,1.1001516874047268
wikitablequestions/nu-2935,-3.7724785602928548,10.235747141726414
wikitablequestions/nu-2971,-3.7724785602928548,10.235747141726414
wikitablequestions/nu-2991,-3.7724785602928548,10.235747141726414
wikitablequestions/nu-3024,5.267740726966647,0.8071014562516053
wikitablequestions/nu-3044,-3.7724785602928548,10.235747141726414
wikitablequestions/nu-3083,-3.7724785602928548,10.235747141726414
wikitablequestions/nu-3099,1.324259679995773,1.1001516874047268
wikitablequestions/nu-3104,10.146396986579274,6.723431364831898
wikitablequestions/nu-3182,-3.7724785602928548,10.235747141726414
wikitablequestions/nu-3190,-3.7724785602928548,10.235747141726414
wikitablequestions/nu-3199,-3.7724785602928548,10.235747141726414
wikitablequestions/nu-3200,-3.7724785602928548,10.235747141726414
wikitablequestions/nu-3216,-3.7724785602928548,10.235747141726414
wikitablequestions/nu-3235,-3.7724785602928548,10.235747141726414
wikitablequestions/nu-3255,4.225060337077709,0.6729515235179299
wikitablequestions/nu-3307,-3.7724785602928548,10.235747141726414
wikitablequestions/nu-3309,-3.7724785602928548,10.235747141726414
wikitablequestions/nu-3327,1.324259679995773,1.1001516874047268
wikitablequestions/nu-3335,-3.7724785602928548,10.235747141726414
wikitablequestions/nu-3423,-3.7724785602928548,10.235747141726414
wikitablequestions/nu-3425,-3.7724785602928548,10.235747141726414
wikitablequestions/nu-3442,-3.7724785602928548,10.235747141726414
wikitablequestions/nu-3486,10.146396986579274,6.723431364831898
wikitablequestions/nu-3545,-3.7724785602928548,10.235747141726414
wikitablequestions/nu-3582,1.324259679995773,1.1001516874047268
wikitablequestions/nu-3603,-3.7724785602928548,10.235747141726414
wikitablequestions/nu-3713,-3.7724785602928548,10.235747141726414
wikitablequestions/nu-3746,-3.7724785602928548,10.235747141726414
wikitablequestions/nu-3782,3.7797985618087453,0.6647905377553953
wikitablequestions/nu-3799,10.146396986579274,6.723431364831898
wikitablequestions/nu-3829,6.099340151676767,1.0598368472294821
wikitablequestions/nu-3912,-3.7724785602928548,10.235747141726414
wikitablequestions/nu-3922,-3.7724785602928548,10.235747141726414
wikitablequestions/nu-3951,4.225060337077681,0.6729515235179284
wikitablequestions/nu-401,1.324259679995773,1.1001516874047268
wikitablequestions/nu-4019,-3.7724785602928548,10.235747141726414
wikitablequestions/nu-4115,-3.7724785602928548,10.235747141726414
wikitablequestions/nu-4159,-3.7724785602928548,10.235747141726414
wikitablequestions/nu-4253,-3.7724785602928548,10.235747141726414
wikitablequestions/nu-4286,1.324259679995773,1.1001516874047268
wikitablequestions/nu-4332,4.699709409880358,0.7124818261248805
wikitablequestions/nu-597,2.2230766627961356,0.8383601029918853
wikitablequestions/nu-633,-3.7724785602928548,10.235747141726414
wikitablequestions/nu-643,2.831613682784349,0.7331238723185536
wikitablequestions/nu-673,4.699709409880243,0.7124818261248669
wikitablequestions/nu-734,-3.7724785602928548,10.235747141726414
wikitablequestions/nu-749,5.267740726966576,0.8071014562515899
wikitablequestions/nu-837,-3.7724785602928548,10.235747141726414
wikitablequestions/nu-967,-3.7724785602928548,10.235747141726414
wikitablequestions/nu-976,-3.7724785602928548,10.235747141726414
