rank,label,design,n_views,w_mean_raw,w_baseline_norm_mean,w_z_mean,w_mean_win_rate,w_borda,w_kemeny_score,w_bradley_terry,w_irt_ability,stability,transitivity,reference,J,score_claude-opus-5,score_claude-sonnet-5,score_deepseek-chat,score_deepseek-r1,score_gemini-3.8-flash,score_gpt-5.4-mini,score_gpt-5.5,score_gpt-oss-120b,score_grok-4,score_llama-3.3-70b,rank_claude-opus-5,rank_claude-sonnet-5,rank_deepseek-chat,rank_deepseek-r1,rank_gemini-3.8-flash,rank_gpt-5.4-mini,rank_gpt-5.5,rank_gpt-oss-120b,rank_grok-4,rank_llama-3.3-70b,rank_lo_claude-opus-5,rank_lo_claude-sonnet-5,rank_lo_deepseek-chat,rank_lo_deepseek-r1,rank_lo_gemini-3.8-flash,rank_lo_gpt-5.4-mini,rank_lo_gpt-5.5,rank_lo_gpt-oss-120b,rank_lo_grok-4,rank_lo_llama-3.3-70b,rank_hi_claude-opus-5,rank_hi_claude-sonnet-5,rank_hi_deepseek-chat,rank_hi_deepseek-r1,rank_hi_gemini-3.8-flash,rank_hi_gpt-5.4-mini,rank_hi_gpt-5.5,rank_hi_gpt-oss-120b,rank_hi_grok-4,rank_hi_llama-3.3-70b
1,subset_10011001,subset,4,0.25,0.0,0.0,0.25,0.25,0.0,0.0,0.25,0.923111111111111,0.9438798074485389,0.9999999999999999,0.9475255074176903,1.0035182483747551,0.3201041230078952,-0.29629626784555624,0.07899442126694567,0.8564569291764736,-0.18901261682953435,1.0437073188947035,-1.0330489146507225,0.32883664314034244,-2.1132598845353043,2.0,5.0,8.0,6.0,3.0,7.0,1.0,9.0,4.0,10.0,1.0,4.0,7.0,5.0,1.0,5.0,1.0,9.0,4.0,10.0,3.0,6.0,8.0,8.0,3.0,8.0,3.0,9.0,5.0,10.0
2,subset_10011010,subset,4,0.25,0.0,0.0,0.25,0.25,0.0,0.25,0.0,0.9226666666666665,0.9438798074485389,0.9999999999999999,0.947303285195468,0.9597194258440479,0.32203219368575975,-0.24128195573766126,0.09715033601844861,0.8540332642423225,-0.20743021900134828,1.0443800078358867,-1.0310130910889188,0.3302288579449357,-2.1278188197434744,2.0,5.0,8.0,6.0,3.0,7.0,1.0,9.0,4.0,10.0,1.0,4.0,6.0,4.0,1.0,6.0,1.0,9.0,4.0,10.0,3.0,6.0,8.0,8.0,3.0,8.0,3.0,9.0,6.0,10.0
3,lhs_038,lhs,5,0.0,0.2,0.1,0.35,0.1,0.0,0.0,0.25,0.9204444444444445,0.9438798074485389,0.9999999999999999,0.946192174084357,0.9707295240157285,0.30713592097569287,-0.2785031741535876,0.0983580902888336,0.8566721553032308,-0.1569774854219051,1.056754896440113,-1.1109316893283383,0.3491359209381894,-2.0923741590579574,2.0,5.0,8.0,6.0,3.0,7.0,1.0,9.0,4.0,10.0,1.0,4.0,7.0,4.475,1.0,5.0,1.0,9.0,4.0,10.0,3.0,6.0,8.0,8.0,3.0,8.0,3.0,9.0,5.5249999999999915,10.0
4,subset_11111010,subset,6,0.16666666666666666,0.16666666666666666,0.16666666666666666,0.16666666666666666,0.16666666666666666,0.0,0.16666666666666666,0.0,0.9204444444444444,0.9438798074485389,0.9999999999999999,0.946192174084357,0.9189138279336592,0.3039347236175822,-0.2226318033586432,0.11742292313675907,0.8438337521336908,-0.11051805368857584,1.0191796726814757,-1.0617927059896517,0.3570115293770277,-2.1653538658433247,2.0,5.0,8.0,6.0,3.0,7.0,1.0,9.0,4.0,10.0,1.0,4.0,7.0,4.0,1.0,5.475,1.0,9.0,4.0,10.0,3.0,6.0,8.0,8.0,3.0,8.0,3.0,9.0,6.0,10.0
5,lattice_076,lattice,7,0.25,0.05,0.15,0.15,0.2,0.0,0.1,0.1,0.92,0.9438798074485389,0.9999999999999999,0.9459699518621347,0.9514505457378739,0.3119171168871257,-0.24532193074826522,0.1037263138355868,0.8452642052188084,-0.12664799314566322,1.0148523608740045,-1.036777738311886,0.3456267491596532,-2.16408962950724,2.0,5.0,8.0,6.0,3.0,7.0,1.0,9.0,4.0,10.0,1.0,4.0,7.0,4.475,1.0,5.475,1.0,9.0,4.0,10.0,3.0,6.0,8.0,8.0,3.0,8.0,3.0,9.0,6.0,10.0
6,subset_01011001,subset,4,0.0,0.25,0.0,0.25,0.25,0.0,0.0,0.25,0.9195555555555555,0.9438798074485389,0.9999999999999999,0.9457477296399125,0.965323979277044,0.2991897478783147,-0.2846674755058408,0.09465055230387474,0.8639784516491622,-0.16952297684542422,1.063261552254585,-1.095263862699721,0.3534127339194651,-2.0903627022314595,2.0,5.0,8.0,6.0,3.0,7.0,1.0,9.0,4.0,10.0,1.0,4.0,7.0,4.475,1.0,5.0,1.0,9.0,4.0,10.0,3.0,6.0,8.0,8.0,3.0,8.0,3.0,9.0,5.5249999999999915,10.0
7,lattice_027,lattice,7,0.05,0.2,0.15,0.1,0.35,0.0,0.05,0.1,0.9195555555555555,0.9438798074485389,0.9999999999999999,0.9457477296399125,0.9685251430866104,0.32041180611607856,-0.26943446345191013,0.10386251490213233,0.841731900223201,-0.14671081082108725,1.0598165329470066,-1.1303569018439072,0.33908602648968167,-2.0869317476478058,2.0,5.0,8.0,6.0,3.0,7.0,1.0,9.0,4.0,10.0,1.0,4.0,7.0,4.0,1.0,5.475,1.0,9.0,4.0,10.0,3.0,6.0,8.0,8.0,3.0,8.0,3.0,9.0,6.0,10.0
8,subset_01111001,subset,5,0.0,0.2,0.2,0.2,0.2,0.0,0.0,0.2,0.9191111111111111,0.9438798074485389,0.9999999999999999,0.9455255074176903,0.9684186094604916,0.3141285848653678,-0.2706745117669844,0.10511710205640622,0.8454861419175127,-0.13219777138847355,1.0518067797231958,-1.1343660556263728,0.3466911510937722,-2.0944100303349154,2.0,5.0,8.0,6.0,3.0,7.0,1.0,9.0,4.0,10.0,1.0,4.0,7.0,4.0,1.0,5.0,1.0,9.0,4.0,10.0,3.0,6.0,8.0,8.0,3.0,8.0,3.0,9.0,6.0,10.0
9,lattice_083,lattice,6,0.0,0.15,0.1,0.4,0.05,0.05,0.0,0.25,0.919111111111111,0.9438798074485389,0.9999999999999999,0.9455255074176903,1.0103541711430752,0.323827823867624,-0.3119912982126196,0.08165321735627003,0.8541906686344284,-0.1892246452084085,1.0679769780273776,-1.1209358344348603,0.33232570288287916,-2.0481767840557668,2.0,5.0,8.0,6.0,3.0,7.0,1.0,9.0,4.0,10.0,1.0,4.0,7.0,4.475,1.0,6.0,1.0,9.0,4.0,10.0,3.0,6.0,8.0,8.0,3.0,8.0,3.0,9.0,6.0,10.0
10,lhs_032,lhs,6,0.15,0.2,0.15,0.15,0.3,0.0,0.05,0.0,0.9186666666666666,0.9438798074485389,0.9999999999999999,0.945303285195468,0.9683699289196568,0.3268705365668536,-0.27075725721813537,0.10370300991143892,0.8309638548961704,-0.1300382205786346,1.0551119144388197,-1.1210039983215014,0.3329196758306945,-2.0961394444453627,2.0,5.0,8.0,6.0,3.0,7.0,1.0,9.0,4.0,10.0,1.0,4.0,7.0,4.0,1.475,5.0,1.0,9.0,4.0,10.0,3.0,6.0,8.0,8.0,3.0,8.0,3.0,9.0,6.0,10.0
11,lattice_071,lattice,7,0.1,0.1,0.15,0.3,0.1,0.0,0.1,0.15,0.9186666666666664,0.9438798074485389,0.9999999999999999,0.9453032851954679,0.9595437984507642,0.3136046577861731,-0.2520475493732295,0.10416402142880206,0.8505795671030371,-0.15297456848815666,1.038974755051848,-1.0841569191516232,0.3446627629815018,-2.1223505257891175,2.0,5.0,8.0,6.0,3.0,7.0,1.0,9.0,4.0,10.0,1.0,4.0,7.0,4.0,1.0,6.0,1.0,9.0,4.0,10.0,3.0,6.0,8.0,8.0,3.0,8.0,3.0,9.0,6.0,10.0
12,lhs_095,lhs,4,0.15,0.25,0.0,0.45,0.0,0.0,0.15,0.0,0.9186666666666664,0.9438798074485389,0.9999999999999999,0.9453032851954679,0.92323497024105,0.2977055388848457,-0.24326890738074128,0.108157867190194,0.8533291713009669,-0.14201273908744652,1.041101306874268,-1.05442972341962,0.3570440914397162,-2.140861576043234,2.0,5.0,8.0,6.0,3.0,7.0,1.0,9.0,4.0,10.0,1.0,4.0,7.0,4.0,1.0,5.0,1.0,9.0,4.0,10.0,3.0,6.5249999999999915,8.0,8.0,3.0,8.0,3.0,9.0,6.0,10.0
13,subset_11011001,subset,5,0.2,0.2,0.0,0.2,0.2,0.0,0.0,0.2,0.9182222222222223,0.9438798074485389,0.9999999999999999,0.9450810629732459,0.9415762255061007,0.288402425236091,-0.2682290823543761,0.09698611574960213,0.860236053909567,-0.12130819277670572,1.0212799181452965,-1.017624940570429,0.3633390994505585,-2.1646576222957057,2.0,5.0,8.0,6.0,3.0,7.0,1.0,9.0,4.0,10.0,1.0,4.0,7.0,5.0,1.0,5.0,1.0,9.0,4.0,10.0,3.0,7.0,8.0,8.0,3.0,8.0,3.0,9.0,5.0,10.0
14,subset_01111010,subset,5,0.0,0.2,0.2,0.2,0.2,0.0,0.2,0.0,0.9182222222222223,0.9438798074485389,0.9999999999999999,0.9450810629732459,0.9333795514359258,0.31567104140765945,-0.22666306208066841,0.11964183385760857,0.8435472099701918,-0.1469318531259247,1.0523449308761423,-1.13273739677693,0.34780492293744686,-2.1060571785014512,2.0,5.0,8.0,6.0,3.0,7.0,1.0,9.0,4.0,10.0,1.0,4.0,6.0,4.0,1.0,5.475,1.0,9.0,4.0,10.0,3.0,6.5249999999999915,8.0,8.0,3.0,8.0,3.0,9.0,6.0,10.0
15,subset_10010010,subset,3,0.3333333333333333,0.0,0.0,0.3333333333333333,0.0,0.0,0.3333333333333333,0.0,0.918222222222222,0.9438798074485389,0.9999999999999999,0.9450810629732458,0.8930674944984425,0.286960003174591,-0.18946560889187095,0.11257946527780181,0.8674419617076903,-0.15450254955819803,0.9889939544074315,-0.9372627665845485,0.3657061531740109,-2.2335181072053527,2.0,5.0,8.0,6.0,3.0,7.0,1.0,9.0,4.0,10.0,1.0,4.0,6.0,5.0,1.0,6.0,1.0,9.0,4.0,10.0,3.0,6.0,8.0,8.0,3.0,8.0,3.0,9.0,5.0,10.0
16,subset_10001010,subset,3,0.3333333333333333,0.0,0.0,0.0,0.3333333333333333,0.0,0.3333333333333333,0.0,0.918222222222222,0.9438798074485389,0.9999999999999999,0.9450810629732458,0.8930674964488635,0.2869600038931672,-0.18946560955912004,0.11257946536334681,0.8674419630764066,-0.15450255017412035,0.988993956443397,-0.9372627687916036,0.3657061535504079,-2.2335181102507464,2.0,5.0,8.0,6.0,3.0,7.0,1.0,9.0,4.0,10.0,1.0,4.0,6.0,5.0,1.0,6.0,1.0,9.0,4.0,10.0,3.0,6.0,8.0,8.0,3.0,8.0,3.0,9.0,5.0,10.0
17,lhs_046,lhs,6,0.25,0.0,0.2,0.2,0.15,0.0,0.05,0.15,0.918222222222222,0.9438798074485389,0.9999999999999999,0.9450810629732458,0.9745597597595921,0.3221459175770016,-0.25926190889085204,0.09899665124176969,0.8405571555077799,-0.12958479526867608,1.0184386915028718,-1.0539271918473747,0.33627110089725387,-2.1481953804793674,2.0,5.0,8.0,6.0,3.0,7.0,1.0,9.0,4.0,10.0,1.0,4.0,7.0,4.475,1.0,6.0,1.0,9.0,4.0,10.0,3.0,6.0,8.0,8.0,3.0,8.0,3.0,9.0,6.0,10.0
18,subset_11111001,subset,6,0.16666666666666666,0.16666666666666666,0.16666666666666666,0.16666666666666666,0.16666666666666666,0.0,0.0,0.16666666666666666,0.9177777777777777,0.9438798074485389,0.9999999999999999,0.9448588407510236,0.9481130429541307,0.30264934316567255,-0.2593080114305732,0.10531897996909044,0.8454495287564582,-0.0982396522406999,1.0187312133873534,-1.0631499216975207,0.3560833861739655,-2.1556479090378775,2.0,5.0,8.0,6.0,3.0,7.0,1.0,9.0,4.0,10.0,1.0,4.0,7.0,4.475,1.0,5.0,1.0,9.0,4.0,10.0,3.0,6.5249999999999915,8.0,8.0,3.0,8.0,3.0,9.0,6.0,10.0
19,subset_01011010,subset,4,0.0,0.25,0.0,0.25,0.25,0.0,0.25,0.0,0.9177777777777776,0.9438798074485389,0.9999999999999999,0.9448588407510236,0.9215251567463368,0.30111781855617925,-0.22965316339794584,0.11280646705537768,0.8615547867150111,-0.18794057901723815,1.0639342411957682,-1.0932280391379177,0.3548049487240584,-2.1049216374396296,2.0,5.0,8.0,6.0,3.0,7.0,1.0,9.0,4.0,10.0,1.0,4.0,6.0,4.0,1.0,5.475,1.0,9.0,4.0,10.0,3.0,6.5249999999999915,8.0,8.0,3.0,8.0,3.0,9.0,6.0,10.0
20,lattice_055,lattice,8,0.1,0.1,0.15,0.3,0.05,0.05,0.2,0.05,0.9177777777777776,0.9438798074485389,0.9999999999999999,0.9448588407510236,0.9583555625659219,0.31778513250351687,-0.25149141589492197,0.10062601168166337,0.8502058837156679,-0.16680263269750356,1.0365175198723016,-1.075529984146843,0.342287028526174,-2.111953106125978,2.0,5.0,8.0,6.0,3.0,7.0,1.0,9.0,4.0,10.0,1.0,4.0,6.0,4.0,1.0,6.0,1.0,9.0,4.0,10.0,3.0,6.0,8.0,8.0,3.0,8.0,3.0,9.0,6.0,10.0
21,lattice_079,lattice,6,0.0,0.1,0.1,0.2,0.2,0.0,0.2,0.2,0.9177777777777776,0.9438798074485389,0.9999999999999999,0.9448588407510236,0.9355464948465954,0.2982562505277303,-0.22744627657762514,0.10963289824515818,0.86944964722059,-0.18262810011381345,1.0386690431488241,-1.0681866664120538,0.35863116200924616,-2.131924452894652,2.0,5.0,8.0,6.0,3.0,7.0,1.0,9.0,4.0,10.0,1.0,4.0,6.475,5.0,1.0,6.0,1.0,9.0,4.0,10.0,3.0,6.0,8.0,8.0,3.0,8.0,3.0,9.0,5.0,10.0
22,subset_10110001,subset,4,0.25,0.0,0.25,0.25,0.0,0.0,0.0,0.25,0.9173333333333332,0.9438798074485389,0.9999999999999999,0.9446366185288013,0.9587987259531094,0.30676291490647384,-0.2507891829796879,0.10302450947348145,0.8458843619626473,-0.09318354738700232,0.9925696992638,-1.0276766053334598,0.35283860502366504,-2.188229480883029,2.0,5.0,8.0,6.0,3.0,7.0,1.0,9.0,4.0,10.0,1.0,4.0,7.0,5.0,1.0,6.0,1.0,9.0,4.0,10.0,3.0,6.0,8.0,7.5249999999999915,3.0,8.0,3.0,9.0,5.5249999999999915,10.0
23,subset_10101001,subset,4,0.25,0.0,0.25,0.0,0.25,0.0,0.0,0.25,0.9173333333333332,0.9438798074485389,0.9999999999999999,0.9446366185288013,0.9587987274159253,0.306762915445406,-0.2507891834801247,0.10302450953764021,0.8458843629891846,-0.09318354784894406,0.9925697007907741,-1.027676606988751,0.35283860530596284,-2.188229483167074,2.0,5.0,8.0,6.0,3.0,7.0,1.0,9.0,4.0,10.0,1.0,4.0,7.0,5.0,1.0,6.0,1.0,9.0,4.0,10.0,3.0,6.0,8.0,7.5249999999999915,3.0,8.0,3.0,9.0,5.5249999999999915,10.0
24,lattice_064,lattice,7,0.05,0.0,0.05,0.4,0.05,0.05,0.05,0.35,0.9173333333333332,0.9438798074485389,0.9999999999999999,0.9446366185288013,1.018033192918548,0.3206424273357838,-0.30537016304224884,0.07409723257450462,0.8690325678445835,-0.22688844020539187,1.0558041877093987,-1.0680437769161357,0.33127000436931225,-2.0685772325883556,2.0,5.0,8.0,6.0,3.0,7.0,1.0,9.0,4.0,10.0,1.0,4.0,7.0,4.475,1.0,6.0,1.0,9.0,4.0,10.0,3.0,6.0,8.0,8.0,3.0,8.0,3.0,9.0,5.5249999999999915,10.0
25,subset_00110010,subset,3,0.0,0.0,0.3333333333333333,0.3333333333333333,0.0,0.0,0.3333333333333333,0.0,0.9168888888888889,0.9438798074485389,0.9999999999999999,0.9444143963065792,0.9378048010890941,0.32983693589005236,-0.19354132457955153,0.12613110912247533,0.8428587750542663,-0.17265184724447774,1.0398720570372633,-1.1318312916777884,0.33795957257936715,-2.1164387872707016,2.0,5.0,8.0,6.0,3.0,7.0,1.0,9.0,4.0,10.0,1.0,4.0,6.0,4.0,1.0,6.0,1.0,9.0,4.0,10.0,3.0,6.0,8.0,8.0,3.0,8.0,3.0,9.0,6.0,10.0
26,subset_00101010,subset,3,0.0,0.0,0.3333333333333333,0.0,0.3333333333333333,0.0,0.3333333333333333,0.0,0.9168888888888889,0.9438798074485389,0.9999999999999999,0.9444143963065792,0.9378048030395152,0.3298369366086286,-0.19354132524680062,0.12613110920802031,0.8428587764229827,-0.17265184786040005,1.0398720590732289,-1.1318312938848436,0.3379595729557642,-2.1164387903160957,2.0,5.0,8.0,6.0,3.0,7.0,1.0,9.0,4.0,10.0,1.0,4.0,6.0,4.0,1.0,6.0,1.0,9.0,4.0,10.0,3.0,6.0,8.0,8.0,3.0,8.0,3.0,9.0,6.0,10.0
27,subset_10011011,subset,5,0.2,0.0,0.0,0.2,0.2,0.0,0.2,0.2,0.9168888888888889,0.9438798074485389,0.9999999999999999,0.9444143963065792,0.9374030105084842,0.29375892076492405,-0.23087507880720715,0.09930495267698451,0.8738159942275417,-0.1849791668015736,1.015583919015922,-0.9849301296644822,0.35712469987599027,-2.1762071217965855,2.0,5.0,8.0,6.0,3.0,7.0,1.0,9.0,4.0,10.0,1.0,4.0,6.475,5.0,1.0,6.0,1.0,9.0,4.0,10.0,3.0,6.0,8.0,8.0,3.0,8.0,3.0,9.0,5.0,10.0
28,lattice_025,lattice,4,0.0,0.2,0.0,0.0,0.45,0.0,0.3,0.05,0.9164444444444443,0.9438798074485389,0.9999999999999999,0.9441921740843569,0.9049049609240168,0.2901277961704355,-0.20994049175210833,0.11623919990491899,0.871906759937152,-0.19030640951898062,1.0470033127211391,-1.0594710490349575,0.365296903879839,-2.1357609832314544,2.0,5.0,8.0,6.0,3.0,7.0,1.0,9.0,4.0,10.0,1.0,4.0,6.0,5.0,1.0,6.0,1.0,9.0,4.0,10.0,3.0,6.0,8.0,8.0,3.0,8.0,3.0,9.0,5.0,10.0
29,subset_11011000,subset,4,0.25,0.25,0.0,0.25,0.25,0.0,0.0,0.0,0.9159999999999999,0.9438798074485389,0.9999999999999999,0.9439699518621347,0.9649359445910684,0.3153365742747184,-0.2879744601716224,0.09425178985922063,0.8370583388448543,-0.12784150147026346,1.051500006747605,-1.0718816047213522,0.33799685741314595,-2.1133819453673754,2.0,5.0,8.0,6.0,3.0,7.0,1.0,9.0,4.0,10.0,1.0,4.0,7.0,4.0,1.475,5.0,1.0,9.0,4.0,10.0,3.0,7.0,8.0,8.0,3.0,8.0,3.0,9.0,6.0,10.0
30,subset_11011011,subset,6,0.16666666666666666,0.16666666666666666,0.0,0.16666666666666666,0.16666666666666666,0.0,0.16666666666666666,0.16666666666666666,0.9159999999999999,0.9438798074485389,0.9999999999999999,0.9439699518621347,0.8968038644289839,0.2717317063289158,-0.2183892890709485,0.11091294284419173,0.8740720873299413,-0.12923105509554317,1.0015816517045462,-0.9800966154286109,0.3811620706785623,-2.2085473637200392,2.0,5.0,8.0,6.0,3.0,7.0,1.0,9.0,4.0,10.0,1.0,4.0,7.0,5.0,1.0,5.0,1.0,9.0,4.0,10.0,3.0,6.0,8.0,8.0,3.0,8.0,3.0,9.0,5.0,10.0
31,lhs_070,lhs,7,0.1,0.25,0.05,0.35,0.0,0.05,0.15,0.05,0.9155555555555556,0.9438798074485389,0.9999999999999999,0.9437477296399125,0.9306999664064829,0.2952171786470516,-0.25495568503943655,0.10224326169835558,0.8571944634159693,-0.1376442437993703,1.0304997819042534,-1.0502191082338992,0.3619950388533986,-2.135030653852806,2.0,5.0,8.0,6.0,3.0,7.0,1.0,9.0,4.0,10.0,1.0,4.0,6.0,4.0,1.0,5.475,1.0,9.0,4.0,10.0,3.0,6.5249999999999915,8.0,8.0,3.0,8.0,3.0,9.0,6.0,10.0
32,subset_00010001,subset,2,0.0,0.0,0.0,0.5,0.0,0.0,0.0,0.5,0.9155555555555555,0.9438798074485389,0.9999999999999999,0.9437477296399125,1.0039062815979152,0.3039572960725593,-0.2929892826793379,0.07939318364744104,0.8833770409542443,-0.2306940917427534,1.055468862874709,-1.0564311709738001,0.3442525193643638,-2.090240639115343,2.0,5.0,8.0,6.0,3.0,7.0,1.0,9.0,4.0,10.0,1.0,4.0,7.0,5.0,1.0,6.0,1.0,9.0,4.0,10.0,3.0,6.0,8.0,8.0,3.0,8.0,3.0,9.0,5.0,10.0
33,subset_00001001,subset,2,0.0,0.0,0.0,0.0,0.5,0.0,0.0,0.5,0.9155555555555555,0.9438798074485389,0.9999999999999999,0.9437477296399125,1.0039062845235467,0.30395729715042363,-0.2929892836802115,0.07939318377575853,0.8833770430073189,-0.23069409266663687,1.0554688659286573,-1.0564311742843826,0.34425251992895933,-2.0902406436834338,2.0,5.0,8.0,6.0,3.0,7.0,1.0,9.0,4.0,10.0,1.0,4.0,7.0,5.0,1.0,6.0,1.0,9.0,4.0,10.0,3.0,6.0,8.0,8.0,3.0,8.0,3.0,9.0,5.0,10.0
34,subset_00110001,subset,3,0.0,0.0,0.3333333333333333,0.3333333333333333,0.0,0.0,0.0,0.3333333333333333,0.9155555555555555,0.9438798074485389,0.9999999999999999,0.9437477296399125,0.9962032311300373,0.32726617498623295,-0.2668937407234115,0.10192322278713807,0.846090328299801,-0.14809504434872586,1.038975138449019,-1.1345457230935265,0.33610328617324275,-2.097026873659808,2.0,5.0,8.0,6.0,3.0,7.0,1.0,9.0,4.0,10.0,1.0,4.0,7.0,4.475,1.0,6.0,1.0,9.0,4.0,10.0,3.0,6.0,8.0,8.0,3.0,8.0,3.0,9.0,6.0,10.0
35,subset_00101001,subset,3,0.0,0.0,0.3333333333333333,0.0,0.3333333333333333,0.0,0.0,0.3333333333333333,0.9155555555555555,0.9438798074485389,0.9999999999999999,0.9437477296399125,0.9962032330804583,0.3272661757048092,-0.2668937413906606,0.10192322287268307,0.8460903296685174,-0.14809504496464818,1.0389751404849843,-1.1345457253005815,0.33610328654963983,-2.097026876705202,2.0,5.0,8.0,6.0,3.0,7.0,1.0,9.0,4.0,10.0,1.0,4.0,7.0,4.475,1.0,6.0,1.0,9.0,4.0,10.0,3.0,6.0,8.0,8.0,3.0,8.0,3.0,9.0,6.0,10.0
36,subset_11011010,subset,5,0.2,0.2,0.0,0.2,0.2,0.0,0.2,0.0,0.9155555555555555,0.9438798074485389,0.9999999999999999,0.9437477296399125,0.9065371674815348,0.2899448817783826,-0.22421763266806008,0.11151084755080448,0.8582971219622462,-0.13604227451415685,1.0218180692982433,-1.015996281720986,0.36445287129423315,-2.176304770462242,2.0,5.0,8.0,6.0,3.0,7.0,1.0,9.0,4.0,10.0,1.0,4.0,7.0,4.0,1.0,5.475,1.0,9.0,4.0,10.0,3.0,7.0,8.0,8.0,3.0,8.0,3.0,9.0,6.0,10.0
37,subset_10111011,subset,6,0.16666666666666666,0.0,0.16666666666666666,0.16666666666666666,0.16666666666666666,0.0,0.16666666666666666,0.16666666666666666,0.9155555555555555,0.9438798074485389,0.9999999999999999,0.9437477296399125,0.9446353637894503,0.3071130894397001,-0.22817967514126578,0.10725134407524244,0.8567661456881037,-0.1512987972614231,1.013984547446208,-1.0359042459425651,0.3509047198618253,-2.1652724919552773,2.0,5.0,8.0,6.0,3.0,7.0,1.0,9.0,4.0,10.0,1.0,4.0,7.0,5.0,1.0,6.0,1.0,9.0,4.0,10.0,3.0,6.0,8.0,8.0,3.0,8.0,3.0,9.0,5.5249999999999915,10.0
38,subset_01111011,subset,6,0.0,0.16666666666666666,0.16666666666666666,0.16666666666666666,0.16666666666666666,0.0,0.16666666666666666,0.16666666666666666,0.9155555555555555,0.9438798074485389,0.9999999999999999,0.9437477296399125,0.9191725177243096,0.29317017268664647,-0.22042714691478882,0.11768876476652848,0.8617804940032294,-0.13830570393868302,1.0270207030194622,-1.077380877975231,0.3672887803812404,-2.150007703752714,2.0,5.0,8.0,6.0,3.0,7.0,1.0,9.0,4.0,10.0,1.0,4.0,7.0,4.475,1.0,6.0,1.0,9.0,4.0,10.0,3.0,6.0,8.0,8.0,3.0,8.0,3.0,9.0,5.0,10.0
39,subset_01011011,subset,5,0.0,0.2,0.0,0.2,0.2,0.0,0.2,0.2,0.9155555555555552,0.9438798074485389,0.9999999999999999,0.9437477296399124,0.9068475952303154,0.27702742066125974,-0.22157204493543478,0.11182985750652776,0.8798332122056927,-0.1693874548142855,1.031227305703827,-1.0347020881036813,0.37678557249928835,-2.1578893759535096,2.0,5.0,8.0,6.0,3.0,7.0,1.0,9.0,4.0,10.0,1.0,4.0,6.475,5.0,1.0,5.475,1.0,9.0,4.0,10.0,3.0,6.0,8.0,8.0,3.0,8.0,3.0,9.0,5.0,10.0
40,lattice_006,lattice,8,0.35,0.1,0.05,0.3,0.05,0.05,0.05,0.05,0.9155555555555552,0.9438798074485389,0.9999999999999999,0.9437477296399124,0.9709808432955652,0.3134533061200019,-0.28526147925282375,0.08542771221056708,0.8428829709896009,-0.12529839686343483,1.013793548414454,-1.004351565968932,0.34052614791801966,-2.1521530868630205,2.0,5.0,8.0,6.0,3.0,7.0,1.0,9.0,4.0,10.0,1.0,4.0,7.0,4.0,1.0,5.475,1.0,9.0,4.0,10.0,3.0,6.0,8.0,8.0,3.0,8.0,3.0,9.0,6.0,10.0
41,subset_10010001,subset,3,0.3333333333333333,0.0,0.0,0.3333333333333333,0.0,0.0,0.0,0.3333333333333333,0.9151111111111111,0.9438798074485389,0.9999999999999999,0.9435255074176903,0.9514659245393856,0.2843892422707716,-0.26281802503573093,0.08837157894246457,0.870673514953225,-0.12994574666244615,0.9880970358191871,-0.9399771980002866,0.3638498667678865,-2.2141061935944593,2.0,5.0,8.0,6.0,3.0,7.0,1.0,9.0,4.0,10.0,1.0,4.0,7.0,5.0,1.0,5.0,1.0,9.0,4.0,10.0,3.0,6.0,8.0,8.0,3.0,8.0,3.0,9.0,5.0,10.0
42,subset_10001001,subset,3,0.3333333333333333,0.0,0.0,0.0,0.3333333333333333,0.0,0.0,0.3333333333333333,0.9151111111111111,0.9438798074485389,0.9999999999999999,0.9435255074176903,0.9514659264898067,0.28438924298934787,-0.26281802570298,0.08837157902800957,0.8706735163219413,-0.12994574727836847,0.9880970378551526,-0.9399772002073417,0.3638498671442835,-2.214106196639853,2.0,5.0,8.0,6.0,3.0,7.0,1.0,9.0,4.0,10.0,1.0,4.0,7.0,5.0,1.0,5.0,1.0,9.0,4.0,10.0,3.0,6.0,8.0,8.0,3.0,8.0,3.0,9.0,5.0,10.0
43,lattice_094,lattice,6,0.15,0.35,0.05,0.15,0.25,0.0,0.05,0.0,0.9151111111111111,0.9438798074485389,0.9999999999999999,0.9435255074176903,0.9163776750109079,0.2923590501468635,-0.25284449278167614,0.11180446644480045,0.8444246889310589,-0.09101143874083627,1.0337217843451436,-1.06970266899549,0.36495168394242217,-2.150080748303194,2.0,5.0,8.0,6.0,3.0,7.0,1.0,9.0,4.0,10.0,1.0,4.0,7.0,4.0,1.0,5.0,1.0,9.0,4.0,10.0,3.0,7.0,8.0,8.0,3.0,8.0,3.0,9.0,6.0,10.0
44,lhs_080,lhs,8,0.1,0.1,0.3,0.1,0.15,0.05,0.05,0.15,0.9151111111111111,0.9438798074485389,0.9999999999999999,0.9435255074176903,0.9733800373373432,0.3209527124739753,-0.26756992389996953,0.10129749225247311,0.8383595560529825,-0.1118065435648656,1.0209382661698885,-1.0991113830495656,0.3438073222321249,-2.1202475360043866,2.0,5.0,8.0,6.0,3.0,7.0,1.0,9.0,4.0,10.0,1.0,4.0,7.0,4.0,1.0,6.0,1.0,9.0,4.0,10.0,3.0,6.0,8.0,8.0,3.0,8.0,3.0,9.0,6.0,10.0
45,subset_10110010,subset,4,0.25,0.0,0.25,0.25,0.0,0.0,0.25,0.0,0.9151111111111109,0.9438798074485389,0.9999999999999999,0.9435255074176901,0.9149999034224022,0.3086909855843384,-0.1957748708717929,0.12118042422498439,0.8434606970284961,-0.11160114955881624,0.9932423882049833,-1.0256407817716564,0.3542308198282583,-2.2027884160911992,2.0,5.0,8.0,6.0,3.0,7.0,1.0,9.0,4.0,10.0,1.0,4.0,6.475,4.0,1.0,6.0,1.0,9.0,4.0,10.0,3.0,6.0,8.0,8.0,3.0,8.0,3.0,9.0,6.0,10.0
46,subset_10101010,subset,4,0.25,0.0,0.25,0.0,0.25,0.0,0.25,0.0,0.9151111111111109,0.9438798074485389,0.9999999999999999,0.9435255074176901,0.9149999048852181,0.3086909861232705,-0.1957748713722297,0.12118042428914315,0.8434606980550334,-0.11160115002075797,0.9932423897319574,-1.0256407834269476,0.3542308201105561,-2.2027884183752446,2.0,5.0,8.0,6.0,3.0,7.0,1.0,9.0,4.0,10.0,1.0,4.0,6.475,4.0,1.0,6.0,1.0,9.0,4.0,10.0,3.0,6.0,8.0,8.0,3.0,8.0,3.0,9.0,6.0,10.0
47,subset_11111011,subset,7,0.14285714285714285,0.14285714285714285,0.14285714285714285,0.14285714285714285,0.14285714285714285,0.0,0.14285714285714285,0.14285714285714285,0.9151111111111109,0.9438798074485389,0.9999999999999999,0.9435255074176901,0.9088029023954549,0.2863248815410107,-0.21786262731960712,0.11606585116166893,0.8594213467100804,-0.10832618287627567,1.0022110856892739,-1.024479217129235,0.3723967491231963,-2.1945547892955677,2.0,5.0,8.0,6.0,3.0,7.0,1.0,9.0,4.0,10.0,1.0,4.0,7.0,5.0,1.0,5.0,1.0,9.0,4.0,10.0,3.0,6.0,8.0,8.0,3.0,8.0,3.0,9.0,5.0,10.0
48,lattice_069,lattice,7,0.35,0.0,0.1,0.05,0.3,0.05,0.1,0.05,0.9151111111111109,0.9438798074485389,0.9999999999999999,0.9435255074176901,0.9842869908171169,0.3254068454743777,-0.2788600946875635,0.08490894187588663,0.8410861746030804,-0.14783646348135754,1.016090418881583,-1.0129201540519228,0.3298953430616543,-2.1420580024928566,2.0,5.0,8.0,6.0,3.0,7.0,1.0,9.0,4.0,10.0,1.0,4.0,7.0,4.0,1.0,5.475,1.0,9.0,4.0,10.0,3.0,6.0,8.0,8.0,3.0,8.0,3.0,9.0,6.0,10.0
49,lhs_047,lhs,7,0.1,0.0,0.15,0.05,0.3,0.05,0.25,0.1,0.9151111111111109,0.9438798074485389,0.9999999999999999,0.9435255074176901,0.9650287210360711,0.3200777666712927,-0.24381727704335338,0.0981542472592127,0.8574805878880227,-0.19495459973751644,1.0335349840463517,-1.059589745061522,0.33890138606026904,-2.1148160711188284,2.0,5.0,8.0,6.0,3.0,7.0,1.0,9.0,4.0,10.0,1.0,4.0,6.0,4.475,1.0,6.0,1.0,9.0,4.0,10.0,3.0,6.0,8.0,8.0,3.0,8.0,3.0,9.0,6.0,10.0
50,subset_00111011,subset,5,0.0,0.0,0.2,0.2,0.2,0.0,0.2,0.2,0.9146666666666667,0.9438798074485389,0.9999999999999999,0.9433032851954681,0.9642453944628752,0.31948508039420087,-0.2333205082198155,0.1074359389837886,0.8590660822354874,-0.19586874541334143,1.046110780593821,-1.1016712447204262,0.34047675151920404,-2.1059595298357947,2.0,5.0,8.0,6.0,3.0,7.0,1.0,9.0,4.0,10.0,1.0,4.0,6.475,4.475,1.0,6.0,1.0,9.0,4.0,10.0,3.0,6.0,8.0,8.0,3.0,8.0,3.0,9.0,6.0,10.0
51,lattice_061,lattice,6,0.1,0.25,0.0,0.25,0.15,0.05,0.0,0.2,0.9146666666666667,0.9438798074485389,0.9999999999999999,0.9433032851954681,0.9659231649943627,0.29672857807618996,-0.29706568947752193,0.08654369523181017,0.8607631762298402,-0.14575949656956505,1.0403236930765138,-1.0525150648965502,0.35635931770689727,-2.111301374371977,2.0,5.0,8.0,6.0,3.0,7.0,1.0,9.0,4.0,10.0,1.0,4.0,7.0,4.0,1.0,5.0,1.0,9.0,4.0,10.0,3.0,6.0,8.0,8.0,3.0,8.0,3.0,9.0,6.0,10.0
52,lhs_017,lhs,7,0.0,0.35,0.05,0.25,0.2,0.05,0.05,0.05,0.9146666666666667,0.9438798074485389,0.9999999999999999,0.9433032851954681,0.9640955754362711,0.31073849415341487,-0.29305823566584716,0.09553730113111561,0.8472585645571001,-0.1495851740546098,1.0690662607210413,-1.127085995603866,0.3471774798218797,-2.064144270496499,2.0,5.0,8.0,6.0,3.0,7.0,1.0,9.0,4.0,10.0,1.0,4.0,6.475,4.0,1.0,5.0,1.0,9.0,4.0,10.0,3.0,7.0,8.0,8.0,3.0,8.0,3.0,9.0,6.0,10.0
53,lhs_028,lhs,8,0.1,0.15,0.2,0.2,0.05,0.05,0.2,0.05,0.9146666666666667,0.9438798074485389,0.9999999999999999,0.9433032851954681,0.92611830437425,0.3018342345452859,-0.23035146632765421,0.11133652662062597,0.8511686397333035,-0.12185068245550347,1.0123416039082314,-1.0566387719278683,0.3609650186374432,-2.154923407108114,2.0,5.0,8.0,6.0,3.0,7.0,1.0,9.0,4.0,10.0,1.0,4.0,6.475,4.0,1.0,6.0,1.0,9.0,4.0,10.0,3.0,6.0,8.0,8.0,3.0,8.0,3.0,9.0,6.0,10.0
54,subset_11111000,subset,5,0.2,0.2,0.2,0.2,0.2,0.0,0.0,0.0,0.9146666666666665,0.9438798074485389,0.9999999999999999,0.943303285195468,0.9681081817117111,0.32704604598249076,-0.2733200994996097,0.10479809210068293,0.8239500516740662,-0.09885259108834492,1.0423975433176118,-1.1156602492436778,0.334358449888717,-2.112825424843648,2.0,5.0,8.0,6.0,3.0,7.0,1.0,9.0,4.0,10.0,1.0,4.0,7.0,4.0,1.475,5.0,1.0,9.0,4.0,10.0,3.0,7.0,8.0,8.0,3.0,8.0,3.0,9.0,6.0,10.0
55,lhs_029,lhs,7,0.2,0.1,0.05,0.05,0.2,0.1,0.3,0.0,0.9146666666666665,0.9438798074485389,0.9999999999999999,0.943303285195468,0.9281692426309683,0.29677338113827023,-0.23933839695126513,0.09587553239881831,0.864164144466973,-0.1616339945964921,1.0032899252115204,-0.982949204237618,0.360280823298662,-2.1646314533598376,2.0,5.0,8.0,6.0,3.0,7.0,1.0,9.0,4.0,10.0,1.0,4.0,6.0,4.0,1.0,6.0,1.0,9.0,4.0,10.0,3.0,6.0,8.0,8.0,3.0,8.0,3.0,9.0,6.0,10.0
56,subset_01110001,subset,4,0.0,0.25,0.25,0.25,0.0,0.0,0.0,0.25,0.9142222222222222,0.9438798074485389,0.9999999999999999,0.9430810629732458,0.9206044568553986,0.28584853977689334,-0.23916039063997246,0.11868064051041054,0.8534058844353358,-0.07369390740289218,1.0121239326236815,-1.0898915533824585,0.37741469580278775,-2.165332298579184,2.0,5.0,8.0,6.0,3.0,7.0,1.0,9.0,4.0,10.0,1.0,4.0,7.0,5.0,1.0,5.0,1.0,9.0,4.0,10.0,3.0,7.0,8.0,7.5249999999999915,3.0,8.0,3.0,9.0,6.0,10.0
57,subset_01101001,subset,4,0.0,0.25,0.25,0.0,0.25,0.0,0.0,0.25,0.9142222222222222,0.9438798074485389,0.9999999999999999,0.9430810629732458,0.9206044583182142,0.2858485403158255,-0.23916039114040927,0.11868064057456928,0.8534058854618731,-0.07369390786483392,1.0121239341506556,-1.08989155503775,0.3774146960850855,-2.1653323008632297,2.0,5.0,8.0,6.0,3.0,7.0,1.0,9.0,4.0,10.0,1.0,4.0,7.0,5.0,1.0,5.0,1.0,9.0,4.0,10.0,3.0,7.0,8.0,7.5249999999999915,3.0,8.0,3.0,9.0,6.0,10.0
58,lattice_036,lattice,6,0.2,0.05,0.25,0.0,0.2,0.05,0.25,0.0,0.9142222222222222,0.9438798074485389,0.9999999999999999,0.9430810629732458,0.9236923441931166,0.30791735754355243,-0.21489870426913718,0.11351127484878908,0.8455607851358624,-0.11416424536455728,0.9944269256479141,-1.030271167456689,0.35621341788921557,-2.1819879881680677,2.0,5.0,8.0,6.0,3.0,7.0,1.0,9.0,4.0,10.0,1.0,4.0,6.475,4.0,1.0,6.0,1.0,9.0,4.0,10.0,3.0,6.0,8.0,8.0,3.0,8.0,3.0,9.0,6.0,10.0
59,lhs_062,lhs,8,0.05,0.3,0.05,0.15,0.15,0.05,0.15,0.1,0.9142222222222222,0.9438798074485389,0.9999999999999999,0.9430810629732458,0.9074842202214618,0.27870515724539696,-0.24225575571236083,0.10822751151060536,0.8656557558478467,-0.12019440270568545,1.0189036995785494,-1.0370788101361672,0.3789558120021863,-2.1584031878518326,2.0,5.0,8.0,6.0,3.0,7.0,1.0,9.0,4.0,10.0,1.0,4.0,6.0,4.0,1.0,5.0,1.0,9.0,4.0,10.0,3.0,7.0,8.0,8.0,3.0,8.0,3.0,9.0,5.5249999999999915,10.0
60,lhs_065,lhs,8,0.1,0.05,0.1,0.1,0.15,0.05,0.1,0.35,0.9142222222222222,0.9438798074485389,0.9999999999999999,0.9430810629732458,0.9458047773823289,0.28364821560978376,-0.2531404058679437,0.0940652251332379,0.878040543367977,-0.15017988875944335,0.9983966412152294,-0.9929023716498301,0.3712343719003244,-2.1749671083316646,2.0,5.0,8.0,6.0,3.0,7.0,1.0,9.0,4.0,10.0,1.0,4.0,7.0,5.0,1.0,6.0,1.0,9.0,4.0,10.0,3.0,6.0,8.0,8.0,3.0,8.0,3.0,9.0,5.0,10.0
61,subset_01110010,subset,4,0.0,0.25,0.25,0.25,0.0,0.0,0.25,0.0,0.914222222222222,0.9438798074485389,0.9999999999999999,0.9430810629732458,0.8768056343246913,0.2877766104547579,-0.18414607853207748,0.13683655526191346,0.8509822195011847,-0.0921115095747061,1.012796621564865,-1.087855729820655,0.37880691060738103,-2.1798912337873544,2.0,5.0,8.0,6.0,3.0,7.0,1.0,9.0,4.0,10.0,1.0,4.0,6.475,4.0,1.0,5.475,1.0,9.0,4.0,10.0,3.0,6.5249999999999915,8.0,8.0,3.0,8.0,3.0,9.0,6.0,10.0
62,subset_01101010,subset,4,0.0,0.25,0.25,0.0,0.25,0.0,0.25,0.0,0.914222222222222,0.9438798074485389,0.9999999999999999,0.9430810629732458,0.876805635787507,0.28777661099369006,-0.1841460790325143,0.13683655532607222,0.850982220527722,-0.09211151003664783,1.012796623091839,-1.0878557314759463,0.37880691088967877,-2.1798912360714,2.0,5.0,8.0,6.0,3.0,7.0,1.0,9.0,4.0,10.0,1.0,4.0,6.475,4.0,1.0,5.475,1.0,9.0,4.0,10.0,3.0,6.5249999999999915,8.0,8.0,3.0,8.0,3.0,9.0,6.0,10.0
63,lattice_067,lattice,5,0.45,0.1,0.15,0.0,0.2,0.0,0.0,0.1,0.914222222222222,0.9438798074485389,0.9999999999999999,0.9430810629732458,0.9142125065151332,0.28612239988917415,-0.23718636831107756,0.10775548239682345,0.8416888248469506,-0.03304580878287126,0.9602117967209339,-0.9499029332659188,0.3707058693580747,-2.260561769367224,2.0,5.0,8.0,6.0,3.0,7.0,1.0,9.0,4.0,10.0,1.0,4.0,7.0,4.475,1.0,5.0,1.0,9.0,4.0,10.0,3.0,7.0,8.0,8.0,3.0,8.0,3.0,9.0,5.5249999999999915,10.0
64,lattice_074,lattice,8,0.25,0.05,0.25,0.05,0.15,0.05,0.05,0.15,0.914222222222222,0.9438798074485389,0.9999999999999999,0.9430810629732458,0.958653794987924,0.3096042661727551,-0.2595715507885221,0.09890679054582416,0.8421156943170143,-0.09109386845968565,0.9915364650881765,-1.0272233743793997,0.3520164706878176,-2.1749446881719052,2.0,5.0,8.0,6.0,3.0,7.0,1.0,9.0,4.0,10.0,1.0,4.0,7.0,4.475,1.0,6.0,1.0,9.0,4.0,10.0,3.0,6.0,8.0,8.0,3.0,8.0,3.0,9.0,6.0,10.0
65,lhs_006,lhs,6,0.05,0.25,0.0,0.2,0.15,0.0,0.2,0.15,0.914222222222222,0.9438798074485389,0.9999999999999999,0.9430810629732458,0.8834766340006511,0.26697412938702086,-0.21019490907432228,0.11765460228958889,0.8775264586946169,-0.13526502320098294,1.014926603953752,-1.0122088854903686,0.38757999481971017,-2.1904696053796657,2.0,5.0,8.0,6.0,3.0,7.0,1.0,9.0,4.0,10.0,1.0,4.0,6.475,5.0,1.0,5.0,1.0,9.0,4.0,10.0,3.0,6.0,8.0,8.0,3.0,8.0,3.0,9.0,5.0,10.0
66,lattice_054,lattice,6,0.15,0.0,0.15,0.1,0.05,0.15,0.0,0.4,0.9137777777777777,0.9888264649460884,0.9555555555555554,0.9429843940142998,1.010258735520438,0.30353926044355,-0.32164382619505427,0.06402387581754135,0.8696257694608068,-0.15401892214669233,0.9940435037478196,-0.9901573274729472,0.35265186467787196,-2.128322933853335,1.0,5.0,8.0,6.0,3.0,7.0,2.0,9.0,4.0,10.0,1.0,4.0,7.0,4.0,1.0,6.0,1.0,9.0,4.0,10.0,3.0,6.0,8.0,8.0,3.0,8.0,3.0,9.0,6.0,10.0
67,subset_01110000,subset,3,0.0,0.3333333333333333,0.3333333333333333,0.3333333333333333,0.0,0.0,0.0,0.0,0.9137777777777778,0.9438798074485389,0.9999999999999999,0.9428588407510237,0.9447601594184547,0.3209094433419973,-0.25579799715816637,0.12226638091017134,0.8202255411909751,-0.06653355720303132,1.0493653889195544,-1.1863226431876996,0.34831690520364744,-2.0971896214359025,2.0,5.0,8.0,6.0,3.0,7.0,1.0,9.0,4.0,10.0,1.0,4.0,7.0,4.0,1.475,5.0,1.0,9.0,4.0,10.0,3.0,7.0,8.0,8.0,3.0,8.0,3.0,9.0,6.0,10.0
68,subset_01101000,subset,3,0.0,0.3333333333333333,0.3333333333333333,0.0,0.3333333333333333,0.0,0.0,0.0,0.9137777777777778,0.9438798074485389,0.9999999999999999,0.9428588407510237,0.9447601613688758,0.32090944406057353,-0.25579799782541546,0.12226638099571634,0.8202255425596915,-0.06653355781895363,1.0493653909555198,-1.1863226453947546,0.34831690558004447,-2.0971896244812966,2.0,5.0,8.0,6.0,3.0,7.0,1.0,9.0,4.0,10.0,1.0,4.0,7.0,4.0,1.475,5.0,1.0,9.0,4.0,10.0,3.0,7.0,8.0,8.0,3.0,8.0,3.0,9.0,6.0,10.0
69,lhs_052,lhs,6,0.25,0.05,0.1,0.05,0.2,0.0,0.35,0.0,0.9137777777777777,0.9438798074485389,0.9999999999999999,0.9428588407510236,0.8698649476694269,0.27952598898019476,-0.1682865220352724,0.12563528163205695,0.8658260154863674,-0.1235756689915116,0.9792317836943798,-0.9590665101803573,0.37835523600187576,-2.2475105522571615,2.0,5.0,8.0,6.0,3.0,7.0,1.0,9.0,4.0,10.0,1.0,4.0,6.0,5.0,1.0,6.0,1.0,9.0,4.0,10.0,3.0,6.0,8.0,8.0,3.0,8.0,3.0,9.0,5.0,10.0
70,lhs_073,lhs,7,0.4,0.0,0.1,0.1,0.1,0.05,0.05,0.2,0.9137777777777777,0.9438798074485389,0.9999999999999999,0.9428588407510236,0.9462384674863049,0.2912631560896464,-0.2594018401637653,0.08975707708443435,0.8570578461720716,-0.09516090748032563,0.9670827810287772,-0.9319009997422574,0.36267038904438703,-2.227605969519275,2.0,5.0,8.0,6.0,3.0,7.0,1.0,9.0,4.0,10.0,1.0,4.0,7.0,4.475,1.0,5.475,1.0,9.0,4.0,10.0,3.0,6.0,8.0,8.0,3.0,8.0,3.0,9.0,5.5249999999999915,10.0
71,lhs_086,lhs,6,0.1,0.1,0.05,0.0,0.35,0.0,0.05,0.35,0.9137777777777777,0.9438798074485389,0.9999999999999999,0.9428588407510236,0.9394606930737477,0.28156808711723463,-0.25013073256323376,0.09947987393348852,0.8761642895555724,-0.14696693598588814,1.012774476290563,-1.0099631424819444,0.3709201999073861,-2.173306808846926,2.0,5.0,8.0,6.0,3.0,7.0,1.0,9.0,4.0,10.0,1.0,4.0,7.0,5.0,1.0,5.475,1.0,9.0,4.0,10.0,3.0,6.0,8.0,8.0,3.0,8.0,3.0,9.0,5.0,10.0
72,lhs_059,lhs,7,0.3,0.1,0.35,0.05,0.05,0.05,0.0,0.1,0.9137777777777775,0.9438798074485389,0.9999999999999999,0.9428588407510234,0.9417316828314748,0.30615802432925904,-0.2513686146621233,0.10785936410766206,0.8291076597911283,-0.028508202101423723,0.9701531079167629,-1.0285717017833074,0.36008768003352487,-2.2066490004629586,2.0,5.0,8.0,6.0,3.0,7.0,1.0,9.0,4.0,10.0,1.0,4.0,7.0,4.0,1.0,5.0,1.0,9.0,4.0,10.0,3.0,7.0,8.0,7.5249999999999915,3.0,8.0,3.0,9.0,6.0,10.0
73,subset_11110000,subset,4,0.25,0.25,0.25,0.25,0.0,0.0,0.0,0.0,0.9133333333333333,0.9438798074485389,0.9999999999999999,0.9426366185288014,0.9202164221694227,0.30199536617329703,-0.24246737530575407,0.11828187806575641,0.8264857716310279,-0.0320124320277314,1.0003623871167018,-1.0665092954040896,0.3619988192964686,-2.1883515417151003,2.0,5.0,8.0,6.0,3.0,7.0,1.0,9.0,4.0,10.0,1.0,4.0,7.0,4.0,1.0,5.0,1.0,9.0,4.0,10.0,3.0,7.0,8.0,8.0,3.0,8.0,3.0,9.0,6.0,10.0
74,subset_11101000,subset,4,0.25,0.25,0.25,0.0,0.25,0.0,0.0,0.0,0.9133333333333333,0.9438798074485389,0.9999999999999999,0.9426366185288014,0.9202164236322385,0.3019953667122292,-0.24246737580619088,0.11828187812991517,0.8264857726575652,-0.032012432489673136,1.0003623886436759,-1.066509297059381,0.36199881957876634,-2.188351543999145,2.0,5.0,8.0,6.0,3.0,7.0,1.0,9.0,4.0,10.0,1.0,4.0,7.0,4.0,1.0,5.0,1.0,9.0,4.0,10.0,3.0,7.0,8.0,8.0,3.0,8.0,3.0,9.0,6.0,10.0
75,lattice_009,lattice,8,0.2,0.15,0.1,0.05,0.15,0.05,0.25,0.05,0.9133333333333333,0.9438798074485389,0.9999999999999999,0.9426366185288014,0.8883604552328709,0.2770276223826955,-0.20775171824055105,0.11375524000955671,0.8650158504745328,-0.10653750039473117,0.9817057816044436,-0.9722777616489459,0.38161299071325855,-2.2209109601331303,2.0,5.0,8.0,6.0,3.0,7.0,1.0,9.0,4.0,10.0,1.0,4.0,6.475,4.0,1.0,5.475,1.0,9.0,4.0,10.0,3.0,6.0,8.0,8.0,3.0,8.0,3.0,9.0,5.5249999999999915,10.0
76,lhs_009,lhs,7,0.5,0.0,0.05,0.15,0.05,0.1,0.05,0.1,0.9128888888888889,0.9888264649460884,0.9555555555555554,0.9425399495698553,0.9713584509311214,0.30379937460690376,-0.2912756422680147,0.07399117880469391,0.8490000968740972,-0.10411515446700072,0.9698793756907516,-0.9158099525032457,0.3487710256315702,-2.2055987533008796,1.0,5.0,8.0,6.0,3.0,7.0,2.0,9.0,4.0,10.0,1.0,4.0,7.0,4.0,1.0,5.0,1.0,9.0,4.0,10.0,3.0,6.0,8.0,8.0,3.0,8.0,3.0,9.0,6.0,10.0
77,subset_01010000,subset,2,0.0,0.5,0.0,0.5,0.0,0.0,0.0,0.0,0.9128888888888887,0.9438798074485389,0.9999999999999999,0.9424143963065791,0.9267416740305414,0.2944221986062058,-0.27634566733147015,0.10990792083199094,0.8445798602910055,-0.10835186102421158,1.0710542385805124,-1.1340965511150596,0.3625729479099708,-2.0904847607794848,2.0,5.0,8.0,6.0,3.0,7.0,1.0,9.0,4.0,10.0,1.0,4.0,6.475,4.0,1.0,5.0,1.0,9.0,3.475,10.0,3.0,7.0,8.0,8.0,3.5249999999999915,8.0,3.0,9.0,6.0,10.0
78,subset_01001000,subset,2,0.0,0.5,0.0,0.0,0.5,0.0,0.0,0.0,0.9128888888888887,0.9438798074485389,0.9999999999999999,0.9424143963065791,0.9267416769561732,0.29442219968407013,-0.27634566833234375,0.10990792096030844,0.8445798623440801,-0.10835186194809505,1.0710542416344606,-1.1340965544256423,0.3625729484745664,-2.0904847653475755,2.0,5.0,8.0,6.0,3.0,7.0,1.0,9.0,4.0,10.0,1.0,4.0,6.475,4.0,1.0,5.0,1.0,9.0,3.475,10.0,3.0,7.0,8.0,8.0,3.5249999999999915,8.0,3.0,9.0,6.0,10.0
79,subset_00110011,subset,4,0.0,0.0,0.25,0.25,0.0,0.0,0.25,0.25,0.9128888888888887,0.9438798074485389,0.9999999999999999,0.9424143963065791,0.915387938108378,0.2925441591879347,-0.19246788620601132,0.1215791866696385,0.8703808098328043,-0.153282624933977,1.0050039337119632,-1.0490230397500253,0.3696466963345775,-2.1797691729552833,2.0,5.0,8.0,6.0,3.0,7.0,1.0,9.0,4.0,10.0,1.0,4.0,6.475,5.0,1.0,6.0,1.0,9.0,4.0,10.0,3.0,6.0,8.0,7.5249999999999915,3.0,8.0,3.0,9.0,5.0,10.0
80,subset_00101011,subset,4,0.0,0.0,0.25,0.0,0.25,0.0,0.25,0.25,0.9128888888888887,0.9438798074485389,0.9999999999999999,0.9424143963065791,0.9153879395711939,0.29254415972686687,-0.19246788670644813,0.12157918673379726,0.8703808108593416,-0.15328262539591875,1.0050039352389373,-1.0490230414053165,0.36964669661687527,-2.1797691752393287,2.0,5.0,8.0,6.0,3.0,7.0,1.0,9.0,4.0,10.0,1.0,4.0,6.475,5.0,1.0,6.0,1.0,9.0,4.0,10.0,3.0,6.0,8.0,7.5249999999999915,3.0,8.0,3.0,9.0,5.0,10.0
81,subset_10110011,subset,5,0.2,0.0,0.2,0.2,0.0,0.0,0.2,0.2,0.9128888888888887,0.9438798074485389,0.9999999999999999,0.9424143963065791,0.9016273925711678,0.283085954283787,-0.19446941091451247,0.11852902324221314,0.8653579404564807,-0.10831591124754796,0.9746738233111992,-0.9806322822106721,0.37632626938264835,-2.2361827988747653,2.0,5.0,8.0,6.0,3.0,7.0,1.0,9.0,4.0,10.0,1.0,4.0,7.0,5.0,1.0,6.0,1.0,9.0,4.0,10.0,3.0,6.0,8.0,7.0,3.0,8.0,3.0,9.0,5.0,10.0
82,subset_10101011,subset,5,0.2,0.0,0.2,0.0,0.2,0.0,0.2,0.2,0.9128888888888887,0.9438798074485389,0.9999999999999999,0.9424143963065791,0.9016273937414204,0.28308595471493275,-0.1944694113148619,0.11852902329354013,0.8653579412777106,-0.10831591161710134,0.9746738245327785,-0.9806322835349052,0.3763262696084866,-2.2361828007020015,2.0,5.0,8.0,6.0,3.0,7.0,1.0,9.0,4.0,10.0,1.0,4.0,7.0,5.0,1.0,6.0,1.0,9.0,4.0,10.0,3.0,6.0,8.0,7.0,3.0,8.0,3.0,9.0,5.0,10.0
83,subset_11110111,subset,7,0.14285714285714285,0.14285714285714285,0.14285714285714285,0.14285714285714285,0.0,0.14285714285714285,0.14285714285714285,0.14285714285714285,0.9128888888888887,0.9438798074485389,0.9999999999999999,0.9424143963065791,0.9554637399024284,0.29606558567300506,-0.27914717407632295,0.08520763502526926,0.8611235826709123,-0.12678624956376525,0.9944216263863608,-1.0021574869004963,0.3640178337598675,-2.148209092877259,2.0,5.0,8.0,6.0,3.0,7.0,1.0,9.0,4.0,10.0,1.0,4.0,6.0,4.0,1.0,6.0,1.0,9.0,4.0,10.0,3.0,6.0,8.0,8.0,3.0,8.0,3.0,9.0,6.0,10.0
84,subset_11101111,subset,7,0.14285714285714285,0.14285714285714285,0.14285714285714285,0.0,0.14285714285714285,0.14285714285714285,0.14285714285714285,0.14285714285714285,0.9128888888888887,0.9438798074485389,0.9999999999999999,0.9424143963065791,0.9554637407383232,0.2960655859809663,-0.27914717436228687,0.08520763506193141,0.861123583257505,-0.12678624982773196,0.9944216272589174,-1.0021574878463773,0.36401783392118053,-2.1482090941824277,2.0,5.0,8.0,6.0,3.0,7.0,1.0,9.0,4.0,10.0,1.0,4.0,6.0,4.0,1.0,6.0,1.0,9.0,4.0,10.0,3.0,6.0,8.0,8.0,3.0,8.0,3.0,9.0,6.0,10.0
85,subset_11110010,subset,5,0.2,0.2,0.2,0.2,0.0,0.0,0.2,0.0,0.9124444444444444,0.9438798074485389,0.9999999999999999,0.942192174084357,0.8707615495442184,0.2792719152972456,-0.1878119647753654,0.1307349181160331,0.849839068191185,-0.059379018960131216,0.9809079735935206,-1.011698434267176,0.3836544408008912,-2.236280447540422,2.0,5.0,8.0,6.0,3.0,7.0,1.0,9.0,4.0,10.0,1.0,4.0,7.0,4.0,1.0,5.0,1.0,9.0,4.0,10.0,3.0,7.0,8.0,8.0,3.0,8.0,3.0,9.0,6.0,10.0
86,subset_11101010,subset,5,0.2,0.2,0.2,0.0,0.2,0.0,0.2,0.0,0.9124444444444444,0.9438798074485389,0.9999999999999999,0.942192174084357,0.870761550714471,0.27927191572839133,-0.18781196517571483,0.1307349181673601,0.8498390690124149,-0.059379019329684604,0.9809079748150998,-1.0116984355914092,0.38365444102672946,-2.236280449367658,2.0,5.0,8.0,6.0,3.0,7.0,1.0,9.0,4.0,10.0,1.0,4.0,7.0,4.0,1.0,5.0,1.0,9.0,4.0,10.0,3.0,7.0,8.0,8.0,3.0,8.0,3.0,9.0,6.0,10.0
87,subset_11011111,subset,7,0.14285714285714285,0.14285714285714285,0.0,0.14285714285714285,0.14285714285714285,0.14285714285714285,0.14285714285714285,0.14285714285714285,0.9124444444444444,0.9438798074485389,0.9999999999999999,0.942192174084357,0.9810177527147973,0.30368913315953155,-0.3051512225711049,0.07147615605010597,0.8671650496502417,-0.1815457178166407,1.0236431233183054,-1.0052273779389322,0.35030242696939745,-2.105369323535702,2.0,5.0,8.0,6.0,3.0,7.0,1.0,9.0,4.0,10.0,1.0,4.0,6.0,4.0,1.0,6.0,1.0,9.0,4.0,10.0,3.0,6.0,8.0,8.0,3.0,8.0,3.0,9.0,6.0,10.0
88,lattice_026,lattice,4,0.0,0.3,0.0,0.0,0.55,0.05,0.1,0.0,0.9124444444444444,0.9438798074485389,0.9999999999999999,0.942192174084357,0.9875730711697438,0.32707500700172376,-0.3031953235121476,0.08845796923227585,0.8458110769897865,-0.19822064537769113,1.0933767166111121,-1.145570045427888,0.32877793306674596,-2.02408575975366,2.0,5.0,8.0,6.0,3.0,7.0,1.0,9.0,4.0,10.0,1.0,4.0,6.0,4.0,1.475,5.0,1.0,9.0,4.0,10.0,3.0,6.5249999999999915,8.0,8.0,3.0,8.0,3.0,9.0,6.0,10.0
89,lhs_066,lhs,7,0.1,0.05,0.25,0.0,0.25,0.05,0.1,0.2,0.9124444444444444,0.9438798074485389,0.9999999999999999,0.942192174084357,0.965703745121663,0.31263093138515646,-0.2569586689270436,0.099924207422212,0.8508260421019663,-0.13333818767794947,1.0142348607052556,-1.0664288538168833,0.3494988848418623,-2.1360929611562396,2.0,5.0,8.0,6.0,3.0,7.0,1.0,9.0,4.0,10.0,1.0,4.0,7.0,4.0,1.0,6.0,1.0,9.0,4.0,10.0,3.0,6.0,8.0,8.0,3.0,8.0,3.0,9.0,6.0,10.0
90,lhs_024,lhs,7,0.0,0.05,0.05,0.2,0.2,0.1,0.15,0.25,0.9124444444444443,0.9438798074485389,0.9999999999999999,0.9421921740843568,1.0092061043844165,0.32064002745835724,-0.30248827149634777,0.07369044908607873,0.8701631897729818,-0.23681857678747015,1.057257800423408,-1.0718598328453888,0.33380948829564727,-2.053600378291683,2.0,5.0,8.0,6.0,3.0,7.0,1.0,9.0,4.0,10.0,1.0,4.0,6.0,4.0,1.0,6.0,1.0,9.0,4.0,10.0,3.0,6.0,8.0,8.0,3.0,8.0,3.0,9.0,6.0,10.0
91,lattice_050,lattice,8,0.15,0.05,0.05,0.1,0.15,0.1,0.35,0.05,0.9119999999999997,0.9438798074485389,0.9999999999999999,0.9419699518621346,0.9272035455261961,0.29488313963341134,-0.22933849903122924,0.09653499410676297,0.8729431519020208,-0.18588803308535287,1.004218234225178,-0.9794519527757469,0.36181039864982417,-2.162914979151065,2.0,5.0,8.0,6.0,3.0,7.0,1.0,9.0,4.0,10.0,1.0,4.0,6.0,4.0,1.0,6.0,1.0,9.0,4.0,10.0,3.0,6.0,8.0,8.0,3.0,8.0,3.0,9.0,6.0,10.0
92,lhs_068,lhs,7,0.1,0.1,0.5,0.0,0.1,0.05,0.05,0.1,0.9119999999999997,0.9438798074485389,0.9999999999999999,0.9419699518621346,0.9531813135208849,0.3226088930152952,-0.24153842746693166,0.11766853928982828,0.8229445155764266,-0.04869520166203287,0.9955351012952149,-1.1203968252896368,0.3509633370845773,-2.1522712453636257,2.0,5.0,8.0,6.0,3.0,7.0,1.0,9.0,4.0,10.0,1.0,4.0,7.0,4.0,1.0,6.0,1.0,9.0,4.0,10.0,3.0,6.5249999999999915,8.0,7.0,3.0,8.0,3.0,9.0,6.0,10.0
93,lattice_042,lattice,4,0.4,0.05,0.0,0.0,0.25,0.0,0.0,0.3,0.9115555555555556,0.9438798074485389,0.9999999999999999,0.9417477296399125,0.9176845005905896,0.26719297560361316,-0.24474524131326486,0.09607175535045173,0.871210080034652,-0.0840099416624444,0.9606742795917725,-0.8988696543742948,0.38164693420903406,-2.2668556880301103,2.0,5.0,8.0,6.0,3.0,7.0,1.0,9.0,4.0,10.0,1.0,4.0,7.0,5.0,1.0,5.0,1.0,9.0,4.0,10.0,3.0,6.5249999999999915,8.0,7.5249999999999915,3.0,8.0,3.0,9.0,5.0,10.0
94,lattice_096,lattice,6,0.35,0.1,0.25,0.1,0.0,0.0,0.05,0.15,0.9115555555555556,0.9438798074485389,0.9999999999999999,0.9417477296399125,0.8877201463295974,0.27471280001004417,-0.20665787787666384,0.12115820558193649,0.8477431096856982,-0.015070291405508833,0.9445959042488115,-0.9566997473558841,0.38675144756193086,-2.2842536967799627,2.0,5.0,8.0,6.0,3.0,7.0,1.0,9.0,4.0,10.0,1.0,4.0,7.0,4.475,1.0,5.0,1.0,9.0,4.0,10.0,3.0,7.0,8.0,7.0,3.0,8.0,3.0,9.0,5.5249999999999915,10.0
95,lhs_035,lhs,7,0.0,0.15,0.4,0.05,0.05,0.05,0.25,0.05,0.9115555555555556,0.9438798074485389,0.9999999999999999,0.9417477296399125,0.8973150302186037,0.2974172987714038,-0.19199431370681208,0.13149826159897512,0.8460369115969478,-0.07909545122948618,0.9917775953299812,-1.0868699529779848,0.37456582710980135,-2.18065120671143,2.0,5.0,8.0,6.0,3.0,7.0,1.0,9.0,4.0,10.0,1.0,4.0,6.475,4.0,1.0,6.0,1.0,9.0,4.0,10.0,3.0,6.0,8.0,7.5249999999999915,3.0,8.0,3.0,9.0,6.0,10.0
96,lhs_040,lhs,8,0.15,0.1,0.25,0.15,0.05,0.1,0.05,0.15,0.9115555555555556,0.9438798074485389,0.9999999999999999,0.9417477296399125,0.9830007341836231,0.3179304189050677,-0.2884081578115806,0.08846437001520044,0.8426428164319799,-0.11554517216015664,1.0105802397139991,-1.062113498374463,0.34503668888769684,-2.1215884397913674,2.0,5.0,8.0,6.0,3.0,7.0,1.0,9.0,4.0,10.0,1.0,4.0,7.0,4.0,1.0,5.475,1.0,9.0,4.0,10.0,3.0,6.0,8.0,8.0,3.0,8.0,3.0,9.0,6.0,10.0
97,subset_01010001,subset,3,0.0,0.3333333333333333,0.0,0.3333333333333333,0.0,0.0,0.0,0.3333333333333333,0.9115555555555553,0.9438798074485389,0.9999999999999999,0.9417477296399124,0.9005402324091043,0.2565034087646644,-0.247312968582777,0.10924642032503666,0.8807022115834763,-0.10395956001696598,1.0141693469656956,-1.022930462065618,0.39661798780671664,-2.1835766171893325,2.0,5.0,8.0,6.0,3.0,7.0,1.0,9.0,4.0,10.0,1.0,4.0,7.0,5.0,1.0,5.0,1.0,9.0,4.0,10.0,3.0,7.0,8.0,8.0,3.0,8.0,3.0,9.0,5.0,10.0
98,subset_01001001,subset,3,0.0,0.3333333333333333,0.0,0.0,0.3333333333333333,0.0,0.0,0.3333333333333333,0.9115555555555553,0.9438798074485389,0.9999999999999999,0.9417477296399124,0.9005402343595253,0.2565034094832406,-0.24731296925002605,0.10924642041058166,0.8807022129521926,-0.10395956063288829,1.014169349001661,-1.0229304642726733,0.39661798818311367,-2.183576620234726,2.0,5.0,8.0,6.0,3.0,7.0,1.0,9.0,4.0,10.0,1.0,4.0,7.0,5.0,1.0,5.0,1.0,9.0,4.0,10.0,3.0,7.0,8.0,8.0,3.0,8.0,3.0,9.0,5.0,10.0
99,lattice_024,lattice,6,0.1,0.25,0.2,0.0,0.15,0.0,0.05,0.25,0.9111111111111111,0.9438798074485389,0.9999999999999999,0.9415255074176903,0.8739027038148166,0.25837368620959156,-0.20745922577987033,0.12590537156631193,0.8651385821444147,-0.039214911638390165,0.9712605870045026,-1.0044560819022,0.4028630603681867,-2.2463137717873627,2.0,5.0,8.0,6.0,3.0,7.0,1.0,9.0,4.0,10.0,1.0,4.0,7.0,5.0,1.0,5.0,1.0,9.0,4.0,10.0,3.0,7.0,8.0,7.0,3.0,8.0,3.0,9.0,5.0,10.0
100,lhs_041,lhs,8,0.1,0.1,0.05,0.1,0.05,0.1,0.35,0.15,0.911111111111111,0.9438798074485389,0.9999999999999999,0.9415255074176903,0.8884109046351907,0.26604197099372684,-0.20626439804432203,0.1053722674212227,0.8883614306287783,-0.15488627815569844,0.9771152204586352,-0.9407283643220173,0.39081672633989856,-2.214239479955415,2.0,5.0,8.0,6.0,3.0,7.0,1.0,9.0,4.0,10.0,1.0,4.0,6.0,4.475,1.0,6.0,1.0,9.0,4.0,10.0,3.0,6.0,8.0,8.0,3.0,8.0,3.0,9.0,5.0,10.0
101,subset_11010000,subset,3,0.3333333333333333,0.3333333333333333,0.0,0.3333333333333333,0.0,0.0,0.0,0.0,0.9106666666666666,0.9438798074485389,0.9999999999999999,0.941303285195468,0.9000228528278031,0.2780325106265359,-0.25172228147048575,0.10871473706549784,0.8448087278443991,-0.048384259516751606,0.9984872862897225,-0.9917541180944596,0.3760634857982912,-2.2142689413705536,2.0,5.0,8.0,6.0,3.0,7.0,1.0,9.0,4.0,10.0,1.0,4.0,7.0,4.0,1.0,5.0,1.0,9.0,4.0,10.0,3.0,7.0,8.0,8.0,3.0,8.0,3.0,9.0,6.0,10.0
102,subset_11001000,subset,3,0.3333333333333333,0.3333333333333333,0.0,0.0,0.3333333333333333,0.0,0.0,0.0,0.9106666666666666,0.9438798074485389,0.9999999999999999,0.941303285195468,0.9000228547782242,0.27803251134511214,-0.25172228213773484,0.10871473715104284,0.8448087292131155,-0.04838426013267392,0.998487288325688,-0.9917541203015147,0.3760634861746882,-2.2142689444159473,2.0,5.0,8.0,6.0,3.0,7.0,1.0,9.0,4.0,10.0,1.0,4.0,7.0,4.0,1.0,5.0,1.0,9.0,4.0,10.0,3.0,7.0,8.0,8.0,3.0,8.0,3.0,9.0,6.0,10.0
103,lattice_004,lattice,7,0.15,0.15,0.0,0.15,0.05,0.1,0.2,0.2,0.9106666666666666,0.9438798074485389,0.9999999999999999,0.941303285195468,0.9158400346514484,0.2698292256321513,-0.2473714375805148,0.0926444221457062,0.8826664021995414,-0.1424310125018418,0.9861453591838955,-0.9461144064099457,0.3839298725773154,-2.1951384598977564,2.0,5.0,8.0,6.0,3.0,7.0,1.0,9.0,4.0,10.0,1.0,4.0,6.475,4.0,1.0,6.0,1.0,9.0,4.0,10.0,3.0,6.0,8.0,8.0,3.0,8.0,3.0,9.0,5.0,10.0
104,lhs_000,lhs,8,0.05,0.35,0.05,0.15,0.15,0.05,0.15,0.05,0.9106666666666666,0.9438798074485389,0.9999999999999999,0.941303285195468,0.8997677594647243,0.27775164749876163,-0.24059139417757405,0.11127898522906035,0.8617760377815228,-0.10796017963383125,1.0204622371491299,-1.044845348150293,0.380787854856747,-2.1584276000182467,2.0,5.0,8.0,6.0,3.0,7.0,1.0,9.0,4.0,10.0,1.0,4.0,6.0,4.0,1.0,5.0,1.0,9.0,4.0,10.0,3.0,7.0,8.0,8.0,3.0,8.0,3.0,9.0,6.0,10.0
105,lhs_034,lhs,5,0.05,0.0,0.0,0.0,0.25,0.1,0.15,0.45,0.9106666666666666,0.9438798074485389,0.9999999999999999,0.941303285195468,0.9634812897156136,0.27817455730816654,-0.2724187622998857,0.07716529950286058,0.8986013480068787,-0.20567466517668714,1.0015467580221538,-0.9581581502962158,0.37227609705749604,-2.154993771840381,2.0,5.0,8.0,6.0,3.0,7.0,1.0,9.0,4.0,10.0,1.0,4.0,7.0,5.0,1.0,6.0,1.0,9.0,4.0,10.0,3.0,6.0,8.0,8.0,3.0,8.0,3.0,9.0,5.0,10.0
106,subset_11111111,subset,8,0.125,0.125,0.125,0.125,0.125,0.125,0.125,0.125,0.9106666666666665,0.9438798074485389,0.9999999999999999,0.941303285195468,0.9809901748997327,0.31246348311628763,-0.2938451518511617,0.08091454917715923,0.8552090313178258,-0.15671462178464446,1.0214361941032222,-1.040920809113188,0.3464902260720979,-2.1060230759373315,2.0,5.0,8.0,6.0,3.0,7.0,1.0,9.0,4.0,10.0,1.0,4.0,6.0,4.0,1.0,6.0,1.0,9.0,4.0,10.0,3.0,6.0,8.0,8.0,3.0,8.0,3.0,9.0,6.0,10.0
107,lattice_031,lattice,6,0.0,0.0,0.05,0.1,0.2,0.1,0.2,0.35,0.9106666666666665,0.9438798074485389,0.9999999999999999,0.941303285195468,0.9770090141486751,0.29732085794236995,-0.2724014282907661,0.07997620545066174,0.8874721494953102,-0.2256324935456314,1.024819940813335,-1.012519552717489,0.35634699804917414,-2.11239169134564,2.0,5.0,8.0,6.0,3.0,7.0,1.0,9.0,4.0,10.0,1.0,4.0,6.475,5.0,1.0,6.0,1.0,9.0,4.0,10.0,3.0,6.0,8.0,8.0,3.0,8.0,3.0,9.0,5.5249999999999915,10.0
108,lhs_058,lhs,6,0.0,0.25,0.25,0.25,0.0,0.1,0.1,0.05,0.9106666666666665,0.9438798074485389,0.9999999999999999,0.941303285195468,0.9669013011694604,0.31809655455420366,-0.2808021910454797,0.09863620800845803,0.8397140094020379,-0.12108682188569286,1.0379542471266345,-1.1246185908611495,0.348015231436045,-2.0828099479045172,2.0,5.0,8.0,6.0,3.0,7.0,1.0,9.0,4.0,10.0,1.0,4.0,6.0,4.0,1.0,5.0,1.0,9.0,4.0,10.0,3.0,6.5249999999999915,8.0,8.0,3.0,8.0,3.0,9.0,6.0,10.0
109,lhs_093,lhs,7,0.05,0.15,0.25,0.0,0.1,0.1,0.2,0.15,0.9106666666666665,0.9438798074485389,0.9999999999999999,0.941303285195468,0.9180064075890777,0.2870167277161805,-0.23166407292704216,0.10827494470798801,0.8619909193750307,-0.10393027388578775,0.986233149329747,-1.0268448683724998,0.37796152093116964,-2.1770444544638634,2.0,5.0,8.0,6.0,3.0,7.0,1.0,9.0,4.0,10.0,1.0,4.0,6.0,4.0,1.0,6.0,1.0,9.0,4.0,10.0,3.0,6.0,8.0,8.0,3.0,8.0,3.0,9.0,6.0,10.0
110,lattice_038,lattice,6,0.3,0.0,0.15,0.0,0.25,0.1,0.05,0.15,0.9106666666666663,0.9438798074485389,0.9999999999999999,0.9413032851954679,1.0005117511961281,0.3225328709932242,-0.3015497346677504,0.07536315342091589,0.8454361994996057,-0.1397844476665302,1.005354355817937,-1.0091167032475048,0.3345678474579585,-2.133315292803985,2.0,5.0,8.0,6.0,3.0,7.0,1.0,9.0,4.0,10.0,1.0,4.0,7.0,4.0,1.0,6.0,1.0,9.0,4.0,10.0,3.0,6.0,8.0,8.0,3.0,8.0,3.0,9.0,6.0,10.0
111,lhs_002,lhs,7,0.3,0.05,0.05,0.15,0.05,0.2,0.0,0.2,0.9102222222222222,0.9888264649460884,0.9555555555555554,0.941206616236522,1.0365285557556512,0.32101957611373694,-0.361616080670847,0.04642368112601793,0.8544187929784125,-0.1615684648749875,1.0062738508051587,-0.97823082851584,0.33270097644168756,-2.0959500591589917,1.0,5.0,8.0,6.0,3.0,7.0,2.0,9.0,4.0,10.0,1.0,4.0,6.0,4.0,1.0,6.0,1.0,9.0,4.0,10.0,3.0,6.0,8.0,8.0,3.0,8.0,3.0,9.0,6.0,10.0
112,subset_01110111,subset,6,0.0,0.16666666666666666,0.16666666666666666,0.16666666666666666,0.0,0.16666666666666666,0.16666666666666666,0.16666666666666666,0.9102222222222223,0.9438798074485389,0.9999999999999999,0.9410810629732459,0.9736101614824453,0.3045343275073065,-0.29192578479762393,0.08168751260739555,0.8637664359575333,-0.15984244840742082,1.017933000499397,-1.051338859375036,0.3575133791240235,-2.09593772459802,2.0,5.0,8.0,6.0,3.0,7.0,1.0,9.0,4.0,10.0,1.0,4.0,6.0,4.0,1.0,6.0,1.0,9.0,4.0,10.0,3.0,6.0,8.0,8.0,3.0,8.0,3.0,9.0,6.0,10.0
113,subset_01101111,subset,6,0.0,0.16666666666666666,0.16666666666666666,0.0,0.16666666666666666,0.16666666666666666,0.16666666666666666,0.16666666666666666,0.9102222222222223,0.9438798074485389,0.9999999999999999,0.9410810629732459,0.9736101624576559,0.3045343278665946,-0.2919257851312485,0.08168751265016805,0.8637664366418915,-0.15984244871538197,1.0179330015173795,-1.0513388604785634,0.357513379312222,-2.095937726120717,2.0,5.0,8.0,6.0,3.0,7.0,1.0,9.0,4.0,10.0,1.0,4.0,6.0,4.0,1.0,6.0,1.0,9.0,4.0,10.0,3.0,6.0,8.0,8.0,3.0,8.0,3.0,9.0,6.0,10.0
114,lattice_066,lattice,7,0.3,0.0,0.05,0.1,0.05,0.15,0.3,0.05,0.9102222222222223,0.9438798074485389,0.9999999999999999,0.9410810629732459,0.9442013495691985,0.2962192307216298,-0.2550653338924324,0.081665727877012,0.8687083049749911,-0.16233896037195295,0.977234990586894,-0.9246673300751371,0.3595633213205132,-2.1855213007107177,2.0,5.0,8.0,6.0,3.0,7.0,1.0,9.0,4.0,10.0,1.0,4.0,6.0,4.0,1.0,6.0,1.0,9.0,4.0,10.0,3.0,6.0,8.0,8.0,3.0,8.0,3.0,9.0,6.0,10.0
115,lattice_052,lattice,8,0.2,0.2,0.25,0.1,0.05,0.1,0.05,0.05,0.9102222222222222,0.9438798074485389,0.9999999999999999,0.9410810629732458,0.9519133124897846,0.30692361799197987,-0.27536666051576864,0.09734058852954831,0.8364563450598879,-0.06918851756738825,0.9958380758398994,-1.0473868341063344,0.35766315411913885,-2.1541930818407478,2.0,5.0,8.0,6.0,3.0,7.0,1.0,9.0,4.0,10.0,1.0,4.0,7.0,4.0,1.0,5.0,1.0,9.0,4.0,10.0,3.0,7.0,8.0,8.0,3.0,8.0,3.0,9.0,6.0,10.0
116,lhs_078,lhs,8,0.05,0.05,0.05,0.25,0.1,0.15,0.05,0.3,0.9102222222222222,0.9438798074485389,0.9999999999999999,0.9410810629732458,1.0429793192943815,0.3265074108049037,-0.3466049845374253,0.0555479550359751,0.8663444155667643,-0.22757626409194542,1.0519101046841242,-1.0601851047633197,0.32723680663892146,-2.0361596586323807,2.0,5.0,8.0,6.0,3.0,7.0,1.0,9.0,4.0,10.0,1.0,4.0,6.0,4.0,1.0,6.0,1.0,9.0,4.0,10.0,3.0,6.0,8.0,8.0,3.0,8.0,3.0,9.0,6.0,10.0
117,subset_11110001,subset,5,0.2,0.2,0.2,0.2,0.0,0.0,0.0,0.2,0.9097777777777778,0.9438798074485389,0.9999999999999999,0.9408588407510237,0.9058006075687842,0.277729458754954,-0.2318234144616814,0.11621018631483075,0.8517780001385059,-0.04464493722268008,0.9803698224405738,-1.013327093116619,0.38254066895721656,-2.2246332993738855,2.0,5.0,8.0,6.0,3.0,7.0,1.0,9.0,4.0,10.0,1.0,4.0,7.0,5.0,1.0,5.0,1.0,9.0,4.0,10.0,3.0,7.0,8.0,7.5249999999999915,3.0,8.0,3.0,9.0,5.5249999999999915,10.0
118,subset_11101001,subset,5,0.2,0.2,0.2,0.0,0.2,0.0,0.0,0.2,0.9097777777777778,0.9438798074485389,0.9999999999999999,0.9408588407510237,0.9058006087390369,0.2777294591860997,-0.2318234148620308,0.11621018636615775,0.8517780009597358,-0.044644937592233466,0.9803698236621531,-1.013327094440852,0.3825406691830548,-2.224633301201122,2.0,5.0,8.0,6.0,3.0,7.0,1.0,9.0,4.0,10.0,1.0,4.0,7.0,5.0,1.0,5.0,1.0,9.0,4.0,10.0,3.0,7.0,8.0,7.5249999999999915,3.0,8.0,3.0,9.0,5.5249999999999915,10.0
119,subset_01111111,subset,7,0.0,0.14285714285714285,0.14285714285714285,0.14285714285714285,0.14285714285714285,0.14285714285714285,0.14285714285714285,0.14285714285714285,0.9097777777777776,0.9438798074485389,0.9999999999999999,0.9408588407510236,1.000190884110791,0.3220649614661578,-0.30689795786582513,0.07728400341210889,0.8566293982273456,-0.1893239882536177,1.0454480244453763,-1.088613888693178,0.3384110352859787,-2.055192472135137,2.0,5.0,8.0,6.0,3.0,7.0,1.0,9.0,4.0,10.0,1.0,4.0,6.0,4.0,1.0,6.0,1.0,9.0,4.0,10.0,3.0,6.0,8.0,8.0,3.0,8.0,3.0,9.0,6.0,10.0
120,lhs_085,lhs,6,0.1,0.25,0.0,0.2,0.15,0.15,0.15,0.0,0.9097777777777776,0.9438798074485389,0.9999999999999999,0.9408588407510236,0.9878833515591146,0.31703306028997535,-0.3173304563020554,0.07298346924652697,0.8535435555311293,-0.18328401811270068,1.050781615453839,-1.0612516489621744,0.3392838511246577,-2.059642779828313,2.0,5.0,8.0,6.0,3.0,7.0,1.0,9.0,4.0,10.0,1.0,4.0,6.0,4.0,1.0,5.475,1.0,9.0,4.0,10.0,3.0,6.0,8.0,8.0,3.0,8.0,3.0,9.0,6.0,10.0
121,lattice_057,lattice,5,0.0,0.0,0.35,0.05,0.05,0.0,0.3,0.25,0.9093333333333332,0.9438798074485389,0.9999999999999999,0.9406366185288013,0.8731634722680994,0.2752641437072006,-0.15288801897895235,0.13767542850741737,0.8726240378977833,-0.10508260449446415,0.9691764946501583,-1.020883663603228,0.3915714790417883,-2.240620768995803,2.0,5.0,8.0,6.0,3.0,7.0,1.0,9.0,4.0,10.0,1.0,4.0,7.0,5.0,1.0,6.0,1.0,9.0,4.0,10.0,3.0,6.0,8.0,7.0,3.0,8.0,3.0,9.0,5.0,10.0
122,lhs_020,lhs,8,0.05,0.35,0.1,0.15,0.1,0.05,0.05,0.15,0.9093333333333332,0.9438798074485389,0.9999999999999999,0.9406366185288013,0.9083433839926781,0.2743121776073316,-0.2534957020475584,0.10882263696976631,0.8606309903124181,-0.0814273248765993,1.0099656376464758,-1.044585215711562,0.3850313613115742,-2.1675979452045238,2.0,5.0,8.0,6.0,3.0,7.0,1.0,9.0,4.0,10.0,1.0,4.0,7.0,4.0,1.0,5.0,1.0,9.0,4.0,10.0,3.0,7.0,8.0,8.0,3.0,8.0,3.0,9.0,5.5249999999999915,10.0
123,lhs_008,lhs,8,0.05,0.1,0.05,0.2,0.15,0.15,0.25,0.05,0.9093333333333331,0.9438798074485389,0.9999999999999999,0.9406366185288013,1.0002238008056417,0.3270963577083465,-0.30092917341640985,0.0731241605684642,0.860525765758427,-0.2300761228499307,1.054006793713046,-1.066322984259061,0.3301826213936163,-2.0478312194221404,2.0,5.0,8.0,6.0,3.0,7.0,1.0,9.0,4.0,10.0,1.0,4.0,6.0,4.0,1.0,6.0,1.0,9.0,4.0,10.0,3.0,6.0,8.0,8.0,3.0,8.0,3.0,9.0,6.0,10.0
124,lhs_076,lhs,7,0.1,0.1,0.05,0.1,0.0,0.2,0.05,0.4,0.9088888888888887,0.9888264649460884,0.9555555555555554,0.9405399495698553,0.9892089714626526,0.2828759258795696,-0.3255549265629792,0.05913139487040246,0.885504406606232,-0.15925911569718065,0.9863623024364357,-0.9531294304678293,0.3712352730529316,-2.136374801580235,1.0,5.0,8.0,6.0,3.0,7.0,2.0,9.0,4.0,10.0,1.0,4.0,6.475,4.0,1.0,6.0,1.0,9.0,4.0,10.0,3.0,6.0,8.0,8.0,3.0,8.0,3.0,9.0,5.5249999999999915,10.0
125,subset_01011111,subset,6,0.0,0.16666666666666666,0.0,0.16666666666666666,0.16666666666666666,0.16666666666666666,0.16666666666666666,0.16666666666666666,0.9088888888888889,0.9438798074485389,0.9999999999999999,0.9404143963065792,1.003423176430209,0.3134284662415874,-0.3222638413748695,0.06566745380303836,0.8708148141000842,-0.2237284947024422,1.052024746919999,-1.0549203989198777,0.3415120712018084,-2.045957993699537,2.0,5.0,8.0,6.0,3.0,7.0,1.0,9.0,4.0,10.0,1.0,4.0,6.0,4.0,1.0,6.0,1.0,9.0,4.0,10.0,3.0,6.0,8.0,8.0,3.0,8.0,3.0,9.0,6.0,10.0
126,lattice_073,lattice,6,0.05,0.2,0.35,0.0,0.0,0.15,0.15,0.1,0.9088888888888887,0.9438798074485389,0.9999999999999999,0.9404143963065791,0.933070089032996,0.29607951384648584,-0.25462350249181964,0.1036538715574799,0.8480057028801877,-0.06969383940959552,0.9799827207229692,-1.0506403308237875,0.37413773043385073,-2.159971955748766,2.0,5.0,8.0,6.0,3.0,7.0,1.0,9.0,4.0,10.0,1.0,4.0,6.0,4.0,1.0,6.0,1.0,9.0,4.0,10.0,3.0,6.5249999999999915,8.0,8.0,3.0,8.0,3.0,9.0,6.0,10.0
127,subset_10100001,subset,3,0.3333333333333333,0.0,0.3333333333333333,0.0,0.0,0.0,0.0,0.3333333333333333,0.9084444444444444,0.9438798074485389,0.9999999999999999,0.940192174084357,0.8918398965942793,0.26660096552078605,-0.20214191254848884,0.12041169663672395,0.8565767600368396,-0.0021736546883257437,0.9199135450139481,-0.9328141211176583,0.39585248298871367,-2.314065658436819,2.0,5.0,8.0,6.0,3.0,7.0,1.0,9.0,4.0,10.0,1.0,4.0,7.0,5.0,1.0,5.475,1.0,9.0,4.0,10.0,3.0,6.5249999999999915,8.0,7.0,3.0,8.0,3.0,9.0,5.0,10.0
128,subset_11010101,subset,5,0.2,0.2,0.0,0.2,0.0,0.2,0.0,0.2,0.9084444444444444,0.9438798074485389,0.9999999999999999,0.940192174084357,1.0069013980158634,0.30203941102088305,-0.3540274478137783,0.0537846131586426,0.8626191842547317,-0.14715228613919112,1.0103746751212181,-0.986374518250195,0.3516086179418981,-2.0997736473100734,2.0,5.0,8.0,6.0,3.0,7.0,1.0,9.0,4.0,10.0,1.0,4.0,6.0,4.0,1.0,5.475,1.0,9.0,4.0,10.0,3.0,6.0,8.0,8.0,3.0,8.0,3.0,9.0,6.0,10.0
129,subset_11001101,subset,5,0.2,0.2,0.0,0.0,0.2,0.2,0.0,0.2,0.9084444444444444,0.9438798074485389,0.9999999999999999,0.940192174084357,1.0069013991861162,0.3020394114520288,-0.35402744821412774,0.0537846132099696,0.8626191850759616,-0.1471522865087445,1.0103746763427974,-0.986374519574428,0.35160861816773636,-2.0997736491373096,2.0,5.0,8.0,6.0,3.0,7.0,1.0,9.0,4.0,10.0,1.0,4.0,6.0,4.0,1.0,5.475,1.0,9.0,4.0,10.0,3.0,6.0,8.0,8.0,3.0,8.0,3.0,9.0,6.0,10.0
130,subset_11010111,subset,6,0.16666666666666666,0.16666666666666666,0.0,0.16666666666666666,0.0,0.16666666666666666,0.16666666666666666,0.16666666666666666,0.9084444444444444,0.9438798074485389,0.9999999999999999,0.940192174084357,0.9512415081871195,0.2830958611495758,-0.2898879269537836,0.0749116906850588,0.8760580292842453,-0.15076779956428096,0.992493949184481,-0.954054596828416,0.37138666942134535,-2.1544773845653458,2.0,5.0,8.0,6.0,3.0,7.0,1.0,9.0,4.0,10.0,1.0,4.0,6.0,4.0,1.0,6.0,1.0,9.0,4.0,10.0,3.0,6.0,8.0,8.0,3.0,8.0,3.0,9.0,6.0,10.0
131,subset_11001111,subset,6,0.16666666666666666,0.16666666666666666,0.0,0.0,0.16666666666666666,0.16666666666666666,0.16666666666666666,0.16666666666666666,0.9084444444444444,0.9438798074485389,0.9999999999999999,0.940192174084357,0.9512415091623301,0.28309586150886396,-0.2898879272874082,0.0749116907278313,0.8760580299686035,-0.15076779987224212,0.9924939502024637,-0.9540545979319435,0.37138666960954386,-2.1544773860880424,2.0,5.0,8.0,6.0,3.0,7.0,1.0,9.0,4.0,10.0,1.0,4.0,6.0,4.0,1.0,6.0,1.0,9.0,4.0,10.0,3.0,6.0,8.0,8.0,3.0,8.0,3.0,9.0,6.0,10.0
132,lattice_043,lattice,7,0.05,0.15,0.2,0.0,0.2,0.15,0.05,0.2,0.9084444444444444,0.9438798074485389,0.9999999999999999,0.940192174084357,1.0007146857907354,0.31659566698971237,-0.3159720110487675,0.07606895546096532,0.8522414401323581,-0.14561037674465957,1.024344609573717,-1.0724947968565053,0.34530206976033423,-2.0811902430578897,2.0,5.0,8.0,6.0,3.0,7.0,1.0,9.0,4.0,10.0,1.0,4.0,6.0,4.0,1.0,6.0,1.0,9.0,4.0,10.0,3.0,6.0,8.0,8.0,3.0,8.0,3.0,9.0,6.0,10.0
133,lhs_091,lhs,6,0.0,0.0,0.15,0.2,0.05,0.15,0.3,0.15,0.9084444444444444,0.9438798074485389,0.9999999999999999,0.940192174084357,0.9890867557815118,0.3208231428173408,-0.2743908031849008,0.08034418385339993,0.8689554645795756,-0.22823275672602122,1.0329215176091568,-1.0529102713872172,0.33948093870000645,-2.0760781720428527,2.0,5.0,8.0,6.0,3.0,7.0,1.0,9.0,4.0,10.0,1.0,4.0,6.0,4.0,1.0,6.0,1.0,9.0,4.0,10.0,3.0,6.0,8.0,8.0,3.0,8.0,3.0,9.0,6.0,10.0
134,lhs_092,lhs,7,0.2,0.1,0.1,0.0,0.05,0.1,0.15,0.3,0.9084444444444444,0.9438798074485389,0.9999999999999999,0.940192174084357,0.8987739513504317,0.2559608567984011,-0.2321230535644696,0.09834707186266634,0.8843747915383355,-0.09076187909803707,0.9461379975682462,-0.9063463697470118,0.40038255115040483,-2.2547459178589677,2.0,5.0,8.0,6.0,3.0,7.0,1.0,9.0,4.0,10.0,1.0,4.0,7.0,5.0,1.0,6.0,1.0,9.0,4.0,10.0,3.0,6.0,8.0,7.0,3.0,8.0,3.0,9.0,5.0,10.0
135,subset_00100001,subset,2,0.0,0.0,0.5,0.0,0.0,0.0,0.0,0.5,0.9084444444444442,0.9438798074485389,0.9999999999999999,0.9401921740843568,0.9144672396802556,0.277274880947581,-0.20197511394847478,0.1274533601888301,0.8622319085796663,-0.039035953781572784,0.9531936266668506,-1.0456865556498576,0.3922564436956046,-2.240179836378883,2.0,5.0,8.0,6.0,3.0,7.0,1.0,9.0,4.0,10.0,1.0,4.0,7.0,5.0,1.0,5.475,1.0,9.0,4.0,10.0,3.0,6.0,8.0,7.0,3.0,8.0,3.0,9.0,5.0,10.0
136,lattice_012,lattice,6,0.05,0.35,0.2,0.25,0.05,0.1,0.0,0.0,0.9084444444444442,0.9438798074485389,0.9999999999999999,0.9401921740843568,0.9778542062154025,0.3213159136893521,-0.30924200672539415,0.09259101941452887,0.8296545301249544,-0.1000808536867332,1.0486774615161065,-1.1373640065819017,0.3432388635454008,-2.0666451275117157,2.0,5.0,8.0,6.0,3.0,7.0,1.0,9.0,4.0,10.0,1.0,4.0,6.475,4.0,1.0,5.0,1.0,9.0,3.475,10.0,3.0,7.0,8.0,8.0,3.5249999999999915,8.0,3.0,9.0,6.5249999999999915,10.0
137,subset_11011101,subset,6,0.16666666666666666,0.16666666666666666,0.0,0.16666666666666666,0.16666666666666666,0.16666666666666666,0.0,0.16666666666666666,0.9079999999999999,0.9438798074485389,0.9999999999999999,0.9399699518621347,1.03236370166003,0.32290763672061346,-0.3611447058906539,0.053297669005600325,0.854483848853313,-0.18366244300445905,1.0437352572878904,-1.0406894426421673,0.3303066769945335,-2.051598198984701,2.0,5.0,8.0,6.0,3.0,7.0,1.0,9.0,4.0,10.0,1.0,4.0,6.0,4.0,1.0,6.0,1.0,9.0,4.0,10.0,3.0,6.0,8.0,8.0,3.0,8.0,3.0,9.0,6.0,10.0
138,lattice_078,lattice,7,0.05,0.05,0.1,0.1,0.05,0.15,0.5,0.0,0.9079999999999998,0.9438798074485389,0.9999999999999999,0.9399699518621346,0.9084668545252739,0.2903222563074823,-0.20735529229185648,0.10159368992909366,0.8807382672067792,-0.2009063939906205,0.9963726311104797,-0.9786962943865014,0.3706798501346073,-2.161215568544738,2.0,5.0,8.0,6.0,3.0,7.0,1.0,9.0,4.0,10.0,1.0,4.0,6.0,4.0,1.0,6.0,1.0,9.0,4.0,10.0,3.0,6.0,8.0,8.0,3.0,8.0,3.0,9.0,6.0,10.0
139,subset_10000101,subset,3,0.3333333333333333,0.0,0.0,0.0,0.0,0.3333333333333333,0.0,0.3333333333333333,0.9075555555555553,0.9888264649460884,0.9555555555555554,0.9398732829031886,1.060341214006078,0.3071175526306679,-0.4058153014686503,0.01636907470974369,0.8746454002305492,-0.1730192362158441,0.969921632815022,-0.8878931630069519,0.34429906462984966,-2.1059662383304656,1.0,5.0,8.0,6.0,3.0,7.0,2.0,9.0,4.0,10.0,1.0,4.0,6.0,4.0,1.0,6.0,1.0,9.0,4.0,10.0,3.0,6.0,8.0,8.0,3.0,8.0,3.0,9.0,6.0,10.0
140,subset_10100101,subset,4,0.25,0.0,0.25,0.0,0.0,0.25,0.0,0.25,0.9075555555555553,0.9888264649460884,0.9555555555555554,0.9398732829031886,1.0404551930531287,0.32380914767639607,-0.35803714030437744,0.0490226312989408,0.8488632759206405,-0.1254886645520508,0.9789381470106762,-0.9886135790884587,0.3381755034201374,-2.107124514435034,1.0,5.0,8.0,6.0,3.0,7.0,2.0,9.0,4.0,10.0,1.0,4.0,6.475,4.0,1.0,6.0,1.0,9.0,4.0,10.0,3.0,6.0,8.0,8.0,3.0,8.0,3.0,9.0,6.0,10.0
141,subset_01010111,subset,5,0.0,0.2,0.0,0.2,0.0,0.2,0.2,0.2,0.9075555555555554,0.9438798074485389,0.9999999999999999,0.9397477296399125,0.9721727677400782,0.29066440644605174,-0.30737041039483703,0.06862835491556823,0.8822163425508573,-0.19523154817677088,1.0203220626797487,-1.0034516657834474,0.36505509099062805,-2.093005400967877,2.0,5.0,8.0,6.0,3.0,7.0,1.0,9.0,4.0,10.0,1.0,4.0,6.0,4.0,1.0,6.0,1.0,9.0,4.0,10.0,3.0,6.0,8.0,8.0,3.0,8.0,3.0,9.0,6.0,10.0
142,subset_01001111,subset,5,0.0,0.2,0.0,0.0,0.2,0.2,0.2,0.2,0.9075555555555554,0.9438798074485389,0.9999999999999999,0.9397477296399125,0.9721727689103309,0.2906644068771975,-0.3073704107951865,0.06862835496689523,0.8822163433720872,-0.19523154854632427,1.020322063901328,-1.0034516671076803,0.3650550912164663,-2.0930054027951135,2.0,5.0,8.0,6.0,3.0,7.0,1.0,9.0,4.0,10.0,1.0,4.0,6.0,4.0,1.0,6.0,1.0,9.0,4.0,10.0,3.0,6.0,8.0,8.0,3.0,8.0,3.0,9.0,6.0,10.0
143,subset_10100000,subset,2,0.5,0.0,0.5,0.0,0.0,0.0,0.0,0.0,0.9075555555555553,0.9438798074485389,0.9999999999999999,0.9397477296399124,0.9136911703083039,0.30956853374038834,-0.20858908328003795,0.12665583529952187,0.8083916829710502,0.04432699696874877,0.9296705356528909,-0.9989220396931195,0.36142469068296634,-2.286218322650715,2.0,5.0,8.0,6.0,3.0,7.0,1.0,9.0,4.0,10.0,1.0,4.0,7.0,4.0,1.0,5.0,1.0,9.0,4.0,10.0,3.0,7.0,8.0,7.0,3.0,8.0,3.0,9.0,6.0,10.0
144,subset_11011110,subset,6,0.16666666666666666,0.16666666666666666,0.0,0.16666666666666666,0.16666666666666666,0.16666666666666666,0.16666666666666666,0.0,0.907111111111111,0.9438798074485389,0.9999999999999999,0.9395255074176903,1.0031644866395586,0.32419301717252313,-0.3244684978187239,0.06540161217326895,0.8528680722305456,-0.195940844452335,1.0441837165820127,-1.0393322269342984,0.33123482019759565,-2.0613041557901477,2.0,5.0,8.0,6.0,3.0,7.0,1.0,9.0,4.0,10.0,1.0,4.0,6.0,4.0,1.0,6.0,1.0,9.0,4.0,10.0,3.0,6.0,8.0,8.0,3.0,8.0,3.0,9.0,6.0,10.0
145,lhs_007,lhs,8,0.05,0.3,0.1,0.05,0.05,0.2,0.05,0.2,0.907111111111111,0.9438798074485389,0.9999999999999999,0.9395255074176903,0.9650537247168639,0.28549342690813384,-0.3195088378770715,0.0733700363337552,0.8662980565482304,-0.11304461815509423,1.0002281684186265,-1.0133808616193773,0.37440145743843734,-2.1189105527125034,2.0,5.0,8.0,6.0,3.0,7.0,1.0,9.0,4.0,10.0,1.0,4.0,6.0,4.0,1.0,5.475,1.0,9.0,4.0,10.0,3.0,6.5249999999999915,8.0,8.0,3.0,8.0,3.0,9.0,6.0,10.0
146,subset_11000101,subset,4,0.25,0.25,0.0,0.0,0.0,0.25,0.0,0.25,0.9066666666666666,0.9888264649460884,0.9555555555555554,0.9394288384587443,0.9687079440124291,0.2707370730102196,-0.3433515611989016,0.05451502945236475,0.874822188383397,-0.09238705130323087,0.9603338033981836,-0.9049021333175276,0.38356152964524287,-2.172036822082177,1.0,5.0,8.0,6.0,3.0,7.0,2.0,9.0,4.0,10.0,1.0,4.0,6.475,4.0,1.0,5.0,1.0,9.0,4.0,10.0,3.0,6.5249999999999915,8.0,8.0,3.0,8.0,3.0,9.0,6.0,10.0
147,subset_10110111,subset,6,0.16666666666666666,0.0,0.16666666666666666,0.16666666666666666,0.0,0.16666666666666666,0.16666666666666666,0.16666666666666666,0.9066666666666666,0.9438798074485389,0.9999999999999999,0.939303285195468,0.999073007547586,0.3184772442603601,-0.2996783130241009,0.07125009191610951,0.8587520876424076,-0.1728355417301609,1.0048968449261426,-1.00986222734237,0.3411293186046084,-2.1112025128005834,2.0,5.0,8.0,6.0,3.0,7.0,1.0,9.0,4.0,10.0,1.0,4.0,6.0,4.0,1.0,6.0,1.0,9.0,4.0,10.0,3.0,6.0,8.0,8.0,3.0,8.0,3.0,9.0,6.0,10.0
148,subset_10101111,subset,6,0.16666666666666666,0.0,0.16666666666666666,0.0,0.16666666666666666,0.16666666666666666,0.16666666666666666,0.16666666666666666,0.9066666666666666,0.9438798074485389,0.9999999999999999,0.939303285195468,0.9990730085227966,0.3184772446196482,-0.29967831335772543,0.071250091958882,0.8587520883267659,-0.17283554203812207,1.0048968459441252,-1.0098622284458976,0.3411293187928069,-2.1112025143232804,2.0,5.0,8.0,6.0,3.0,7.0,1.0,9.0,4.0,10.0,1.0,4.0,6.0,4.0,1.0,6.0,1.0,9.0,4.0,10.0,3.0,6.0,8.0,8.0,3.0,8.0,3.0,9.0,6.0,10.0
149,lhs_014,lhs,7,0.1,0.3,0.0,0.1,0.1,0.1,0.25,0.05,0.9066666666666666,0.9438798074485389,0.9999999999999999,0.939303285195468,0.8840084951048532,0.26412494535632386,-0.23071409372150659,0.10550977875313435,0.8759265377799085,-0.11774815888806255,0.9933078190906639,-0.973683307666695,0.3927876194596395,-2.193519635268259,2.0,5.0,8.0,6.0,3.0,7.0,1.0,9.0,4.0,10.0,1.0,4.0,6.0,4.0,1.0,5.475,1.0,9.0,4.0,10.0,3.0,7.0,8.0,8.0,3.0,8.0,3.0,9.0,5.5249999999999915,10.0
150,subset_11010001,subset,4,0.25,0.25,0.0,0.25,0.0,0.0,0.0,0.25,0.9062222222222222,0.9438798074485389,0.9999999999999999,0.9390810629732458,0.8870514769124098,0.25369084024029737,-0.23610360387421203,0.1085169076269054,0.8718432744254039,-0.0600819341381824,0.9739653556513075,-0.9439651595625286,0.3982246312487705,-2.253141788530172,2.0,5.0,8.0,6.0,3.0,7.0,1.0,9.0,4.0,10.0,1.0,4.0,7.0,5.0,1.0,5.0,1.0,9.0,4.0,10.0,3.0,7.0,8.0,8.0,3.0,8.0,3.0,9.0,5.0,10.0
151,subset_11001001,subset,4,0.25,0.25,0.0,0.0,0.25,0.0,0.0,0.25,0.9062222222222222,0.9438798074485389,0.9999999999999999,0.9390810629732458,0.8870514783752257,0.25369084077922954,-0.23610360437464883,0.10851690769106416,0.8718432754519412,-0.060081934600124134,0.9739653571782816,-0.9439651612178199,0.3982246315310683,-2.253141790814218,2.0,5.0,8.0,6.0,3.0,7.0,1.0,9.0,4.0,10.0,1.0,4.0,7.0,5.0,1.0,5.0,1.0,9.0,4.0,10.0,3.0,7.0,8.0,8.0,3.0,8.0,3.0,9.0,5.0,10.0
152,subset_11010110,subset,5,0.2,0.2,0.0,0.2,0.0,0.2,0.2,0.0,0.906222222222222,0.9438798074485389,0.9999999999999999,0.9390810629732458,0.9718623399912976,0.3035818675631747,-0.31001599812746233,0.06830934495984495,0.8606802523074109,-0.16188636787664226,1.010912826274165,-0.9847458594007522,0.3527223897855728,-2.1114207954766093,2.0,5.0,8.0,6.0,3.0,7.0,1.0,9.0,4.0,10.0,1.0,4.0,6.0,4.0,1.0,6.0,1.0,9.0,4.0,10.0,3.0,6.0,8.0,8.0,3.0,8.0,3.0,9.0,6.0,10.0
153,subset_11001110,subset,5,0.2,0.2,0.0,0.0,0.2,0.2,0.2,0.0,0.906222222222222,0.9438798074485389,0.9999999999999999,0.9390810629732458,0.9718623411615502,0.3035818679943204,-0.31001599852781175,0.06830934501117195,0.8606802531286407,-0.16188636824619565,1.0109128274957442,-0.9847458607249853,0.35272239001141104,-2.111420797303846,2.0,5.0,8.0,6.0,3.0,7.0,1.0,9.0,4.0,10.0,1.0,4.0,6.0,4.0,1.0,6.0,1.0,9.0,4.0,10.0,3.0,6.0,8.0,8.0,3.0,8.0,3.0,9.0,6.0,10.0
154,subset_11100101,subset,5,0.2,0.2,0.2,0.0,0.0,0.2,0.0,0.2,0.9053333333333333,0.9888264649460884,0.9555555555555554,0.9387621717920775,0.9711257812487997,0.2913664449708917,-0.31762178032143307,0.07300868377519823,0.8541611313049005,-0.07048903095471885,0.9694645806380747,-0.982076672120618,0.37081018767439444,-2.1597493262154894,1.0,5.0,8.0,6.0,3.0,7.0,2.0,9.0,4.0,10.0,1.0,4.0,6.475,4.0,1.0,5.475,1.0,9.0,4.0,10.0,3.0,6.5249999999999915,8.0,8.0,3.0,8.0,3.0,9.0,6.0,10.0
155,lattice_072,lattice,6,0.05,0.15,0.0,0.05,0.1,0.3,0.0,0.35,0.9053333333333333,0.9888264649460884,0.9555555555555554,0.9387621717920775,1.0630901602524887,0.31245246495231577,-0.40698097283854134,0.026518622096458607,0.8768855486760351,-0.2108693548609657,1.0259273744782305,-1.002595413887913,0.34111530563905246,-2.025543734507161,1.0,5.0,8.0,6.0,3.0,7.0,2.0,9.0,4.0,10.0,1.0,4.0,6.0,4.0,1.0,6.0,1.0,9.0,4.0,10.0,3.0,6.0,8.0,8.0,3.0,8.0,3.0,9.0,6.0,10.0
156,subset_01100101,subset,4,0.0,0.25,0.25,0.0,0.0,0.25,0.0,0.25,0.9053333333333332,0.9888264649460884,0.9555555555555554,0.9387621717920775,1.0022609239554179,0.30289477254681557,-0.34640834796466197,0.06467876233586987,0.856384798393329,-0.10599902456794065,0.9984923803705577,-1.0508285271374576,0.36275159419926006,-2.0842273321311886,1.0,5.0,8.0,6.0,3.0,7.0,2.0,9.0,4.0,10.0,1.0,4.0,6.0,4.0,1.0,6.0,1.0,9.0,4.0,10.0,3.0,6.5249999999999915,8.0,8.0,3.0,8.0,3.0,9.0,6.0,10.0
157,subset_11110110,subset,6,0.16666666666666666,0.16666666666666666,0.16666666666666666,0.16666666666666666,0.0,0.16666666666666666,0.16666666666666666,0.0,0.9053333333333332,0.9438798074485389,0.9999999999999999,0.9386366185288013,0.9733514716917948,0.3152988784382423,-0.2941304412414783,0.08142167097762615,0.8458196940879947,-0.13205479815731364,1.0100919701614104,-1.0357506873894566,0.3472361281198107,-2.1112838866886308,2.0,5.0,8.0,6.0,3.0,7.0,1.0,9.0,4.0,10.0,1.0,4.0,6.0,4.0,1.0,6.0,1.0,9.0,4.0,10.0,3.0,6.0,8.0,8.0,3.0,8.0,3.0,9.0,6.0,10.0
158,subset_11110101,subset,6,0.16666666666666666,0.16666666666666666,0.16666666666666666,0.16666666666666666,0.0,0.16666666666666666,0.0,0.16666666666666666,0.9053333333333332,0.9438798074485389,0.9999999999999999,0.9386366185288013,1.0025506867122664,0.3140134979863326,-0.3308066493134083,0.06931772780995751,0.8474354707107621,-0.11977639670943771,1.009643510867288,-1.0371079030973256,0.3463079849167485,-2.101577929883184,2.0,5.0,8.0,6.0,3.0,7.0,1.0,9.0,4.0,10.0,1.0,4.0,6.475,4.0,1.0,5.475,1.0,9.0,4.0,10.0,3.0,6.0,8.0,8.0,3.0,8.0,3.0,9.0,6.0,10.0
159,subset_11101110,subset,6,0.16666666666666666,0.16666666666666666,0.16666666666666666,0.0,0.16666666666666666,0.16666666666666666,0.16666666666666666,0.0,0.9053333333333332,0.9438798074485389,0.9999999999999999,0.9386366185288013,0.9733514726670054,0.3152988787975304,-0.2941304415751029,0.08142167102039864,0.845819694772353,-0.1320547984652748,1.0100919711793932,-1.0357506884929844,0.3472361283080092,-2.111283888211328,2.0,5.0,8.0,6.0,3.0,7.0,1.0,9.0,4.0,10.0,1.0,4.0,6.0,4.0,1.0,6.0,1.0,9.0,4.0,10.0,3.0,6.0,8.0,8.0,3.0,8.0,3.0,9.0,6.0,10.0
160,subset_11101101,subset,6,0.16666666666666666,0.16666666666666666,0.16666666666666666,0.0,0.16666666666666666,0.16666666666666666,0.0,0.16666666666666666,0.9053333333333332,0.9438798074485389,0.9999999999999999,0.9386366185288013,1.002550687687477,0.3140134983456207,-0.3308066496470329,0.06931772785273001,0.8474354713951203,-0.11977639701739887,1.009643511885271,-1.0371079042008533,0.34630798510494704,-2.1015779314058807,2.0,5.0,8.0,6.0,3.0,7.0,1.0,9.0,4.0,10.0,1.0,4.0,6.475,4.0,1.0,5.475,1.0,9.0,4.0,10.0,3.0,6.0,8.0,8.0,3.0,8.0,3.0,9.0,6.0,10.0
161,lhs_056,lhs,6,0.3,0.15,0.15,0.1,0.0,0.15,0.15,0.0,0.9053333333333332,0.9438798074485389,0.9999999999999999,0.9386366185288013,0.9450203453844843,0.2991945226413207,-0.2752521738659438,0.08668561191055256,0.8473373357348696,-0.08980601554270544,0.976558872300823,-0.9726228035594566,0.36177935098764347,-2.1788950459915886,2.0,5.0,8.0,6.0,3.0,7.0,1.0,9.0,4.0,10.0,1.0,4.0,6.0,4.0,1.0,5.475,1.0,9.0,4.0,10.0,3.0,6.5249999999999915,8.0,8.0,3.0,8.0,3.0,9.0,6.0,10.0
162,subset_10100111,subset,5,0.2,0.0,0.2,0.0,0.0,0.2,0.2,0.2,0.9048888888888889,0.9888264649460884,0.9555555555555554,0.9385399495698553,0.9669525662511832,0.2967229404997248,-0.2802677767742641,0.07532752070258061,0.8677410716228752,-0.13416000497958672,0.9637685815087002,-0.9493818612146713,0.3645957880998263,-2.1712988257163692,1.0,5.0,8.0,6.0,3.0,7.0,2.0,9.0,4.0,10.0,1.0,4.0,6.0,4.0,1.0,6.0,1.0,9.0,4.0,10.0,3.0,6.0,8.0,8.0,3.0,8.0,3.0,9.0,6.0,10.0
163,subset_10010111,subset,5,0.2,0.0,0.0,0.2,0.0,0.2,0.2,0.2,0.9048888888888889,0.9438798074485389,0.9999999999999999,0.9384143963065792,1.002728183018247,0.3073959065497161,-0.3166734442666094,0.056103450086024985,0.8761991245727064,-0.210823260164059,1.0046786759918436,-0.9536797073442483,0.3453942183673299,-2.111323146810953,2.0,5.0,8.0,6.0,3.0,7.0,1.0,9.0,4.0,10.0,1.0,4.0,6.0,4.0,1.0,6.0,1.0,9.0,4.0,10.0,3.0,6.0,8.0,8.0,3.0,8.0,3.0,9.0,6.0,10.0
164,subset_10001111,subset,5,0.2,0.0,0.0,0.0,0.2,0.2,0.2,0.2,0.9048888888888889,0.9438798074485389,0.9999999999999999,0.9384143963065792,1.0027281841884996,0.3073959069808619,-0.31667344466695885,0.05610345013735198,0.8761991253939363,-0.2108232605336124,1.0046786772134229,-0.9536797086684814,0.34539421859316816,-2.1113231486381894,2.0,5.0,8.0,6.0,3.0,7.0,1.0,9.0,4.0,10.0,1.0,4.0,6.0,4.0,1.0,6.0,1.0,9.0,4.0,10.0,3.0,6.0,8.0,8.0,3.0,8.0,3.0,9.0,6.0,10.0
165,lattice_007,lattice,6,0.45,0.05,0.15,0.0,0.0,0.1,0.2,0.05,0.9048888888888889,0.9438798074485389,0.9999999999999999,0.9384143963065792,0.8883987084307226,0.27077856545672874,-0.21699012037028528,0.10333403629116496,0.858735150370756,-0.045832333340586846,0.9227249283527421,-0.8737159471787037,0.3882134671271082,-2.2956464551396483,2.0,5.0,8.0,6.0,3.0,7.0,1.0,9.0,4.0,10.0,1.0,4.0,7.0,4.0,1.0,6.0,1.0,9.0,4.0,10.0,3.0,6.5249999999999915,8.0,8.0,3.0,8.0,3.0,9.0,5.0,10.0
166,lattice_010,lattice,5,0.1,0.3,0.0,0.0,0.1,0.2,0.0,0.3,0.9048888888888889,0.9438798074485389,0.9999999999999999,0.9384143963065792,0.9604699044755683,0.2690153677864282,-0.3286275887592774,0.06575311273181512,0.8795417682972567,-0.11225260358226802,0.987182509248231,-0.960093920730498,0.3855301640136352,-2.1465187134808903,2.0,5.0,8.0,6.0,3.0,7.0,1.0,9.0,4.0,10.0,1.0,4.0,6.475,4.0,1.0,5.0,1.0,9.0,4.0,10.0,3.0,6.5249999999999915,8.0,8.0,3.0,8.0,3.0,9.0,6.0,10.0
167,lattice_051,lattice,4,0.7,0.1,0.0,0.0,0.15,0.05,0.0,0.0,0.9048888888888889,0.9438798074485389,0.9999999999999999,0.9384143963065792,0.9102567978023902,0.276695757171976,-0.25812468148278445,0.09069736204111885,0.8425789963055594,-0.01466705801460242,0.9298857215786978,-0.8451815882025546,0.3740928596459716,-2.3062341668457753,2.0,5.0,8.0,6.0,3.0,7.0,1.0,9.0,4.0,10.0,1.0,4.0,7.0,4.0,1.0,5.0,1.0,9.0,4.0,10.0,3.0,7.0,8.0,8.0,3.0,8.0,3.0,9.0,5.5249999999999915,10.0
168,subset_01000101,subset,3,0.0,0.3333333333333333,0.0,0.0,0.0,0.3333333333333333,0.0,0.3333333333333333,0.9044444444444443,0.9888264649460884,0.9555555555555554,0.9383177273476331,1.0094155218757965,0.2792317191245607,-0.3903102450156964,0.03724391609231578,0.8846740968608005,-0.14703304957036392,0.9959939439615305,-0.9708464270722835,0.3770671856686798,-2.075436661925339,1.0,5.0,8.0,6.0,3.0,7.0,2.0,9.0,4.0,10.0,1.0,4.0,6.0,4.0,1.0,6.0,1.0,9.0,4.0,10.0,3.0,6.0,8.0,8.0,3.0,8.0,3.0,9.0,6.0,10.0
169,subset_01010101,subset,4,0.0,0.25,0.0,0.25,0.0,0.25,0.0,0.25,0.9044444444444444,0.9438798074485389,0.9999999999999999,0.938192174084357,1.0469804449142475,0.3162359801093048,-0.39191543233009357,0.04064867406517533,0.8669573645806181,-0.20182809354853096,1.049629998474487,-1.0562008347994287,0.33874963203363967,-2.0092577334994184,2.0,5.0,8.0,6.0,3.0,7.0,1.0,9.0,4.0,10.0,1.0,4.0,6.0,4.0,1.0,6.0,1.0,9.0,4.0,10.0,3.0,6.0,8.0,8.0,3.0,8.0,3.0,9.0,6.0,10.0
170,subset_01001101,subset,4,0.0,0.25,0.0,0.0,0.25,0.25,0.0,0.25,0.9044444444444444,0.9438798074485389,0.9999999999999999,0.938192174084357,1.0469804463770633,0.31623598064823694,-0.3919154328305304,0.04064867412933408,0.8669573656071554,-0.2018280940104727,1.0496300000014611,-1.0562008364547202,0.33874963231593747,-2.0092577357834642,2.0,5.0,8.0,6.0,3.0,7.0,1.0,9.0,4.0,10.0,1.0,4.0,6.0,4.0,1.0,6.0,1.0,9.0,4.0,10.0,3.0,6.0,8.0,8.0,3.0,8.0,3.0,9.0,6.0,10.0
171,subset_11100110,subset,5,0.2,0.2,0.2,0.0,0.0,0.2,0.2,0.0,0.9044444444444443,0.9438798074485389,0.9999999999999999,0.9381921740843568,0.9360867232242338,0.29290890151318333,-0.2736103306351171,0.08753341557640057,0.8522221993575796,-0.08522311269216999,0.9700027317910215,-0.9804480132711753,0.3719239595180691,-2.1713964743820258,2.0,5.0,8.0,6.0,3.0,7.0,1.0,9.0,4.0,10.0,1.0,4.0,6.0,4.0,1.0,6.0,1.0,9.0,4.0,10.0,3.0,6.5249999999999915,8.0,8.0,3.0,8.0,3.0,9.0,6.0,10.0
172,subset_01110101,subset,5,0.0,0.2,0.2,0.2,0.0,0.2,0.0,0.2,0.9039999999999999,0.9438798074485389,0.9999999999999999,0.9379699518621347,1.0337437819702544,0.3277655706501599,-0.35647287722638665,0.06191559946544669,0.8478692722626774,-0.15804186475095894,1.0409015366991174,-1.103115633306139,0.3349606695851119,-2.0295260553492827,2.0,5.0,8.0,6.0,3.0,7.0,1.0,9.0,4.0,10.0,1.0,4.0,6.0,4.0,1.0,6.0,1.0,9.0,4.0,10.0,3.0,6.0,8.0,8.0,3.0,8.0,3.0,9.0,6.0,10.0
173,subset_01101101,subset,5,0.0,0.2,0.2,0.0,0.2,0.2,0.0,0.2,0.9039999999999999,0.9438798074485389,0.9999999999999999,0.9379699518621347,1.0337437831405072,0.3277655710813056,-0.3564728776267361,0.06191559951677369,0.8478692730839072,-0.15804186512051233,1.0409015379206967,-1.103115634630372,0.33496066981095013,-2.0295260571765192,2.0,5.0,8.0,6.0,3.0,7.0,1.0,9.0,4.0,10.0,1.0,4.0,6.0,4.0,1.0,6.0,1.0,9.0,4.0,10.0,3.0,6.0,8.0,8.0,3.0,8.0,3.0,9.0,6.0,10.0
174,lhs_030,lhs,7,0.15,0.25,0.05,0.05,0.0,0.2,0.15,0.15,0.9039999999999998,0.9438798074485389,0.9999999999999999,0.9379699518621346,0.9328855599997938,0.2716868434909923,-0.2888433428892224,0.0783214530038065,0.8744687511941556,-0.10803527890128363,0.9734477517093891,-0.9453549747891055,0.3862506670607716,-2.1748274298792976,2.0,5.0,8.0,6.0,3.0,7.0,1.0,9.0,4.0,10.0,1.0,4.0,6.0,4.0,1.0,5.475,1.0,9.0,4.0,10.0,3.0,6.5249999999999915,8.0,8.0,3.0,8.0,3.0,9.0,6.0,10.0
175,lhs_053,lhs,8,0.05,0.1,0.15,0.05,0.1,0.25,0.05,0.25,0.9035555555555554,0.9888264649460884,0.9555555555555554,0.9378732829031886,1.05003763699412,0.3270359111412416,-0.3696369721863417,0.04661071279289164,0.8594272366087221,-0.1899324602938745,1.0275609741118834,-1.0501775092146566,0.33280439371831927,-2.033729923672305,1.0,5.0,8.0,6.0,3.0,7.0,2.0,9.0,4.0,10.0,1.0,4.0,6.0,4.0,1.0,6.0,1.0,9.0,4.0,10.0,3.0,6.0,8.0,8.0,3.0,8.0,3.0,9.0,6.0,10.0
176,subset_01100111,subset,5,0.0,0.2,0.2,0.0,0.0,0.2,0.2,0.2,0.9035555555555554,0.9438798074485389,0.9999999999999999,0.9377477296399125,0.9363971509730143,0.27999144039606044,-0.2709647429024918,0.08785242553212387,0.873758289601026,-0.11856829299229861,0.9794119681966054,-0.9991538196538703,0.38425666072312437,-2.152981079873293,2.0,5.0,8.0,6.0,3.0,7.0,1.0,9.0,4.0,10.0,1.0,4.0,6.0,4.0,1.0,6.0,1.0,9.0,4.0,10.0,3.0,6.0,8.0,8.0,3.0,8.0,3.0,9.0,6.0,10.0
177,subset_11100111,subset,6,0.16666666666666666,0.16666666666666666,0.16666666666666666,0.0,0.0,0.16666666666666666,0.16666666666666666,0.16666666666666666,0.9035555555555554,0.9438798074485389,0.9999999999999999,0.9377477296399125,0.9214284942145664,0.2742017227745831,-0.25954987071016267,0.0909317495321885,0.8690096518260526,-0.08688175357722078,0.9584022037818615,-0.9504730583871018,0.3873879775317589,-2.2044571169865255,2.0,5.0,8.0,6.0,3.0,7.0,1.0,9.0,4.0,10.0,1.0,4.0,6.0,4.0,1.0,6.0,1.0,9.0,4.0,10.0,3.0,6.5249999999999915,8.0,8.0,3.0,8.0,3.0,9.0,6.0,10.0
178,subset_01110110,subset,5,0.0,0.2,0.2,0.2,0.0,0.2,0.2,0.0,0.903111111111111,0.9438798074485389,0.9999999999999999,0.9375255074176903,0.9987047239456885,0.3293080271924515,-0.31246142754007067,0.07644033126664904,0.8459303403153565,-0.17277594648841008,1.041439687852064,-1.1014869744566962,0.3360744414287865,-2.041173203515819,2.0,5.0,8.0,6.0,3.0,7.0,1.0,9.0,4.0,10.0,1.0,4.0,6.0,4.0,1.0,6.0,1.0,9.0,4.0,10.0,3.0,6.0,8.0,8.0,3.0,8.0,3.0,9.0,6.0,10.0
179,subset_01101110,subset,5,0.0,0.2,0.2,0.0,0.2,0.2,0.2,0.0,0.903111111111111,0.9438798074485389,0.9999999999999999,0.9375255074176903,0.9987047251159412,0.32930802762359723,-0.3124614279404201,0.07644033131797603,0.8459303411365864,-0.17277594685796346,1.0414396890736433,-1.1014869757809291,0.33607444165462474,-2.041173205343055,2.0,5.0,8.0,6.0,3.0,7.0,1.0,9.0,4.0,10.0,1.0,4.0,6.0,4.0,1.0,6.0,1.0,9.0,4.0,10.0,3.0,6.0,8.0,8.0,3.0,8.0,3.0,9.0,6.0,10.0
180,lattice_011,lattice,8,0.05,0.05,0.15,0.05,0.05,0.2,0.3,0.15,0.903111111111111,0.9438798074485389,0.9999999999999999,0.9375255074176903,0.9664701950212461,0.3018499515057751,-0.2740890877294188,0.07822157658075338,0.8742014813868234,-0.18701943526408885,0.998387575799987,-0.9970211751552562,0.35938829557976676,-2.120389377725588,2.0,5.0,8.0,6.0,3.0,7.0,1.0,9.0,4.0,10.0,1.0,4.0,6.0,4.0,1.0,6.0,1.0,9.0,4.0,10.0,3.0,6.0,8.0,8.0,3.0,8.0,3.0,9.0,6.0,10.0
181,lattice_018,lattice,7,0.05,0.3,0.15,0.0,0.05,0.25,0.05,0.15,0.903111111111111,0.9438798074485389,0.9999999999999999,0.9375255074176903,0.9880180071882704,0.2985635786487182,-0.3422311836283178,0.06452265478661727,0.8578223387809537,-0.11389174116601371,1.0027812642610805,-1.0300770835386892,0.36422367472727146,-2.0897315100598894,2.0,5.0,8.0,6.0,3.0,7.0,1.0,9.0,4.0,10.0,1.0,4.0,6.0,4.0,1.0,6.0,1.0,9.0,4.0,10.0,3.0,6.5249999999999915,8.0,8.0,3.0,8.0,3.0,9.0,6.0,10.0
182,lattice_035,lattice,7,0.05,0.15,0.1,0.05,0.15,0.2,0.3,0.0,0.903111111111111,0.9438798074485389,0.9999999999999999,0.9375255074176903,0.9755580715278321,0.31494032043967285,-0.29023595289250104,0.07666548282281925,0.8615995715808311,-0.19526871647530308,1.027239105086588,-1.0392120020787254,0.3462064341450987,-2.077492314156312,2.0,5.0,8.0,6.0,3.0,7.0,1.0,9.0,4.0,10.0,1.0,4.0,6.0,4.0,1.0,6.0,1.0,9.0,4.0,10.0,3.0,6.0,8.0,8.0,3.0,8.0,3.0,9.0,6.0,10.0
183,lhs_090,lhs,7,0.3,0.2,0.0,0.05,0.05,0.25,0.1,0.05,0.9026666666666665,0.9888264649460884,0.9555555555555554,0.9374288384587441,0.9899810555985886,0.3003494698132635,-0.3444199372425634,0.05294012202567446,0.8584344434776715,-0.13075584700922255,0.9877058924358049,-0.9428113920154775,0.35511208782054626,-2.1265358949042863,1.0,5.0,8.0,6.0,3.0,7.0,2.0,9.0,4.0,10.0,1.0,4.0,6.0,4.0,1.0,5.0,1.0,9.0,4.0,10.0,3.0,6.0,8.0,8.0,3.0,8.0,3.0,9.0,6.0,10.0
184,subset_11000110,subset,4,0.25,0.25,0.0,0.0,0.0,0.25,0.25,0.0,0.9026666666666664,0.9438798074485389,0.9999999999999999,0.9373032851954679,0.9249091214817219,0.27266514368808414,-0.2883372490910066,0.07267094420386769,0.872398523449246,-0.11080465347504478,0.961006492339367,-0.9028663097557241,0.38495374444983615,-2.1865957572903474,2.0,5.0,8.0,6.0,3.0,7.0,1.0,9.0,4.0,10.0,1.0,4.0,6.0,4.0,1.0,6.0,1.0,9.0,4.0,10.0,3.0,6.5249999999999915,8.0,8.0,3.0,8.0,3.0,9.0,6.0,10.0
185,lhs_081,lhs,7,0.15,0.25,0.3,0.05,0.05,0.15,0.05,0.0,0.9026666666666664,0.9438798074485389,0.9999999999999999,0.9373032851954679,0.9672387411416489,0.31581089470664814,-0.29576324779907187,0.09162443318979621,0.829484931787149,-0.06613771258148572,1.0023020183543294,-1.0765260456354462,0.3524005895637975,-2.1204346027273653,2.0,5.0,8.0,6.0,3.0,7.0,1.0,9.0,4.0,10.0,1.0,4.0,6.0,4.0,1.0,5.0,1.0,9.0,4.0,10.0,3.0,7.0,8.0,8.0,3.0,8.0,3.0,9.0,6.0,10.0
186,lhs_025,lhs,8,0.15,0.1,0.15,0.05,0.05,0.25,0.1,0.15,0.9022222222222221,0.9888264649460884,0.9555555555555554,0.937206616236522,1.0255457650778566,0.3215511090284918,-0.34958273237159326,0.05293541431886754,0.8551314456162784,-0.16339147711175678,1.0074839634780686,-1.0148341522791835,0.3389620408438352,-2.0738013766008647,1.0,5.0,8.0,6.0,3.0,7.0,2.0,9.0,4.0,10.0,1.0,4.0,6.0,4.0,1.0,6.0,1.0,9.0,4.0,10.0,3.0,6.0,8.0,8.0,3.0,8.0,3.0,9.0,6.0,10.0
187,subset_01010110,subset,4,0.0,0.25,0.0,0.25,0.0,0.25,0.25,0.0,0.9022222222222221,0.9438798074485389,0.9999999999999999,0.9370810629732458,1.0031816223835401,0.31816405078716936,-0.3369011202221986,0.05880458881667827,0.864533699646467,-0.22024569572034486,1.0503026874156702,-1.0541650112376253,0.34014184683823295,-2.023816668707589,2.0,5.0,8.0,6.0,3.0,7.0,1.0,9.0,4.0,10.0,1.0,4.0,6.0,4.0,1.0,6.0,1.0,9.0,4.0,10.0,3.0,6.0,8.0,8.0,3.0,8.0,3.0,9.0,6.0,10.0
188,subset_01001110,subset,4,0.0,0.25,0.0,0.0,0.25,0.25,0.25,0.0,0.9022222222222221,0.9438798074485389,0.9999999999999999,0.9370810629732458,1.003181623846356,0.3181640513261015,-0.3369011207226354,0.05880458888083702,0.8645337006730043,-0.22024569618228662,1.0503026889426443,-1.0541650128929165,0.34014184712053075,-2.0238166709916343,2.0,5.0,8.0,6.0,3.0,7.0,1.0,9.0,4.0,10.0,1.0,4.0,6.0,4.0,1.0,6.0,1.0,9.0,4.0,10.0,3.0,6.0,8.0,8.0,3.0,8.0,3.0,9.0,6.0,10.0
189,subset_11000111,subset,5,0.2,0.2,0.0,0.0,0.0,0.2,0.2,0.2,0.902222222222222,0.9438798074485389,0.9999999999999999,0.9370810629732458,0.9095547670186234,0.2542652807667836,-0.2685193134898834,0.07972143922531977,0.8885082015930804,-0.1076787143805308,0.9488851066187062,-0.8824127045979263,0.4009046090799106,-2.2232286718340837,2.0,5.0,8.0,6.0,3.0,7.0,1.0,9.0,4.0,10.0,1.0,4.0,6.0,4.0,1.0,6.0,1.0,9.0,4.0,10.0,3.0,6.5249999999999915,8.0,8.0,3.0,8.0,3.0,9.0,5.0,10.0
190,lattice_023,lattice,6,0.25,0.35,0.1,0.0,0.1,0.15,0.0,0.05,0.902222222222222,0.9438798074485389,0.9999999999999999,0.9370810629732458,0.933878414346878,0.28133337099775274,-0.2996691639722437,0.0861247163602949,0.8477281859604163,-0.043768757634099424,0.9794623126375411,-0.9850780748425209,0.37860053132777366,-2.1786115351817927,2.0,5.0,8.0,6.0,3.0,7.0,1.0,9.0,4.0,10.0,1.0,4.0,6.475,4.0,1.0,5.0,1.0,9.0,4.0,10.0,3.0,7.0,8.0,8.0,3.0,8.0,3.0,9.0,6.0,10.0
191,lattice_060,lattice,7,0.1,0.1,0.15,0.05,0.1,0.2,0.3,0.0,0.902222222222222,0.9438798074485389,0.9999999999999999,0.9370810629732458,0.9742530208630453,0.31645495384530464,-0.28346029438727044,0.07834027425674059,0.8579807536435281,-0.1800008305836187,1.0131007344884309,-1.025694550605473,0.3460916083659388,-2.097065669886626,2.0,5.0,8.0,6.0,3.0,7.0,1.0,9.0,4.0,10.0,1.0,4.0,6.0,4.0,1.0,6.0,1.0,9.0,4.0,10.0,3.0,6.0,8.0,8.0,3.0,8.0,3.0,9.0,6.0,10.0
192,subset_00010111,subset,4,0.0,0.0,0.0,0.25,0.0,0.25,0.25,0.25,0.9013333333333332,0.9438798074485389,0.9999999999999999,0.9366366185288013,1.0417639261672271,0.32293159952034606,-0.3452229278961324,0.04354722022440332,0.8839322899780864,-0.2814168110796158,1.0425099995627685,-1.0153323211669956,0.33098163256542945,-2.023694607875518,2.0,5.0,8.0,6.0,3.0,7.0,1.0,9.0,4.0,10.0,1.0,4.0,6.0,4.0,1.0,6.0,1.0,9.0,4.0,10.0,3.0,6.0,8.0,8.0,3.0,8.0,3.0,9.0,6.0,10.0
193,subset_00001111,subset,4,0.0,0.0,0.0,0.0,0.25,0.25,0.25,0.25,0.9013333333333332,0.9438798074485389,0.9999999999999999,0.9366366185288013,1.041763927630043,0.3229316000592783,-0.3452229283965692,0.04354722028856207,0.8839322910046237,-0.2814168115415575,1.0425100010897426,-1.0153323228222868,0.33098163284772725,-2.0236946101595636,2.0,5.0,8.0,6.0,3.0,7.0,1.0,9.0,4.0,10.0,1.0,4.0,6.0,4.0,1.0,6.0,1.0,9.0,4.0,10.0,3.0,6.0,8.0,8.0,3.0,8.0,3.0,9.0,6.0,10.0
194,lattice_022,lattice,7,0.1,0.1,0.1,0.05,0.0,0.25,0.3,0.1,0.9013333333333332,0.9438798074485389,0.9999999999999999,0.9366366185288013,0.9683744314033517,0.2978741482980185,-0.2932629602063305,0.06843992807476747,0.8746050239048043,-0.17852384087991402,0.9895880872200731,-0.9677898288253377,0.36244970514635894,-2.121754694135792,2.0,5.0,8.0,6.0,3.0,7.0,1.0,9.0,4.0,10.0,1.0,4.0,6.0,4.0,1.0,6.0,1.0,9.0,4.0,10.0,3.0,6.0,8.0,8.0,3.0,8.0,3.0,9.0,6.0,10.0
195,subset_10100110,subset,4,0.25,0.0,0.25,0.0,0.0,0.25,0.25,0.0,0.9008888888888889,0.9888264649460884,0.9555555555555554,0.9365399495698553,0.9966563705224215,0.3257372183542606,-0.30302282819648246,0.06717854605044374,0.8464396109864893,-0.1439062667238647,0.9796108359518595,-0.9865777555266553,0.3395677182247307,-2.121683449643204,1.0,5.0,8.0,6.0,3.0,7.0,2.0,9.0,4.0,10.0,1.0,4.0,6.0,4.0,1.0,6.0,1.0,9.0,4.0,10.0,3.0,6.0,8.0,8.0,3.0,8.0,3.0,9.0,6.5249999999999915,10.0
196,lattice_047,lattice,6,0.35,0.0,0.0,0.05,0.05,0.25,0.25,0.05,0.9004444444444443,0.9888264649460884,0.9555555555555554,0.9363177273476331,0.9944899981699185,0.30854971648580437,-0.31873019305012984,0.051548023513825425,0.8671150942216147,-0.18240700552469544,0.9795230464167977,-0.9058472942262178,0.3455360699837956,-2.1397774559907146,1.0,5.0,8.0,6.0,3.0,7.0,2.0,9.0,4.0,10.0,1.0,4.0,6.0,4.0,1.0,6.0,1.0,9.0,4.0,10.0,3.0,6.0,8.0,8.0,3.0,8.0,3.0,9.0,6.0,10.0
197,lattice_046,lattice,4,0.3,0.3,0.0,0.15,0.0,0.25,0.0,0.0,0.8999999999999999,0.9888264649460884,0.9555555555555554,0.9360955051254108,1.007644556048002,0.31000036864015823,-0.37347111007545525,0.04892767998278279,0.8446874857919593,-0.11247227327842813,1.006060821608962,-0.9847420858380991,0.3461737327277864,-2.092809175607669,1.0,5.0,8.0,6.0,3.0,7.0,2.0,9.0,4.0,10.0,1.0,4.0,6.0,4.0,1.0,5.0,1.0,9.0,4.0,10.0,3.0,7.0,8.0,8.0,3.0,8.0,3.0,9.0,6.5249999999999915,10.0
198,lattice_049,lattice,6,0.1,0.2,0.0,0.05,0.0,0.4,0.05,0.2,0.8999999999999999,0.9888264649460884,0.9555555555555554,0.9360955051254108,1.0791989143072962,0.32193242751293005,-0.437874328545033,0.011520774980803597,0.8683286402346019,-0.20690440382968486,1.0198155192236125,-0.9896531244338874,0.33427737539893787,-2.0006417948495763,1.0,5.0,8.0,6.0,3.0,7.0,2.0,9.0,4.0,10.0,1.0,4.0,6.0,4.0,1.0,5.475,1.0,9.0,4.0,10.0,3.0,6.0,8.0,8.0,3.0,8.0,3.0,9.0,7.0,10.0
199,lhs_051,lhs,5,0.25,0.15,0.4,0.0,0.0,0.15,0.0,0.05,0.8999999999999997,0.9438798074485389,0.9999999999999999,0.9359699518621346,0.9733884046107797,0.31845454749012536,-0.29321479331027706,0.09134283312017007,0.8227320291046807,-0.03191842045614253,0.9738907396751738,-1.0498983077323607,0.3518924951010184,-2.156669527603168,2.0,5.0,8.0,6.0,3.0,7.0,1.0,9.0,4.0,10.0,1.0,4.0,7.0,4.0,1.0,5.0,1.0,9.0,4.0,10.0,3.0,7.0,8.0,8.0,3.0,8.0,3.0,9.0,6.0,10.0
200,subset_01100000,subset,2,0.0,0.5,0.5,0.0,0.0,0.0,0.0,0.0,0.8995555555555554,0.9438798074485389,0.9999999999999999,0.9357477296399125,0.8373026321128819,0.2677397834812274,-0.18533149860060705,0.15796809737338002,0.8234347279164274,0.08330627693696904,0.9687790023726538,-1.123351935791117,0.41057687224121164,-2.240423958043025,2.0,5.0,8.0,6.0,3.0,7.0,1.0,9.0,4.0,10.0,1.0,4.0,7.0,4.0,1.0,5.0,1.0,9.0,3.0,10.0,3.0,7.0,8.0,7.0,3.5249999999999915,8.0,3.0,9.0,6.0,10.0
201,subset_00100111,subset,4,0.0,0.0,0.25,0.0,0.0,0.25,0.25,0.25,0.899111111111111,0.9888264649460884,0.9555555555555554,0.9356510606809664,0.9970444052083973,0.3095903919578569,-0.29971584353070085,0.06757730849509785,0.8733597237907974,-0.18558774209902548,0.9913723814588393,-1.0099600135050242,0.35498359473104985,-2.098664206507288,1.0,5.0,8.0,6.0,3.0,7.0,2.0,9.0,4.0,10.0,1.0,4.0,6.0,4.0,1.0,6.0,1.0,9.0,4.0,10.0,3.0,6.0,8.0,8.0,3.0,8.0,3.0,9.0,6.0,10.0
202,lattice_034,lattice,7,0.0,0.4,0.05,0.05,0.15,0.25,0.05,0.05,0.8991111111111111,0.9438798074485389,0.9999999999999999,0.9355255074176902,1.0061273948238176,0.3110928238158331,-0.36681806873132994,0.05824029586347507,0.8527189647732808,-0.14964313124837816,1.0442126262698632,-1.0780188235902264,0.34932459616074313,-2.0272366781370765,2.0,5.0,8.0,6.0,3.0,7.0,1.0,9.0,4.0,10.0,1.0,4.0,6.0,4.0,1.0,5.0,1.0,9.0,4.0,10.0,3.0,7.0,8.0,8.0,3.0,8.0,3.0,9.0,6.5249999999999915,10.0
203,subset_01000110,subset,3,0.0,0.3333333333333333,0.0,0.0,0.0,0.3333333333333333,0.3333333333333333,0.0,0.899111111111111,0.9438798074485389,0.9999999999999999,0.9355255074176902,0.9510170918348535,0.28180248002838004,-0.31695782887183643,0.06145180242765303,0.8814425436152658,-0.1715898524661158,0.996890862549775,-0.9681319956565455,0.37892347207480415,-2.0948485755362327,2.0,5.0,8.0,6.0,3.0,7.0,1.0,9.0,4.0,10.0,1.0,4.0,6.0,4.0,1.0,6.0,1.0,9.0,4.0,10.0,3.0,6.0,8.0,8.0,3.0,8.0,3.0,9.0,6.0,10.0
204,subset_11000100,subset,3,0.3333333333333333,0.3333333333333333,0.0,0.0,0.0,0.3333333333333333,0.0,0.0,0.8986666666666666,0.9888264649460884,0.9555555555555554,0.9354288384587442,1.0088981422944956,0.3007608209864322,-0.3947195579034051,0.03671223283277696,0.8487806131217233,-0.09145774907014956,0.9803118832855574,-0.9396700831011249,0.35651268366025435,-2.10612898610656,1.0,5.0,8.0,6.0,3.0,7.0,2.0,9.0,4.0,10.0,1.0,4.0,6.0,4.0,1.0,5.0,1.0,9.0,4.0,10.0,3.0,7.0,8.0,8.0,3.0,8.0,3.0,9.0,7.0,10.0
205,subset_10000111,subset,4,0.25,0.0,0.0,0.0,0.0,0.25,0.25,0.25,0.8986666666666666,0.9888264649460884,0.9555555555555554,0.9354288384587442,0.9634914252654088,0.2774326924212609,-0.2966590567649404,0.05741357561159273,0.8917971137808653,-0.1719757688343157,0.9532138044864654,-0.8640336196850942,0.37579353017703265,-2.1864736964582763,1.0,5.0,8.0,6.0,3.0,7.0,2.0,9.0,4.0,10.0,1.0,4.0,6.0,4.0,1.0,6.0,1.0,9.0,4.0,10.0,3.0,6.0,8.0,8.0,3.0,8.0,3.0,9.0,6.0,10.0
206,lhs_077,lhs,5,0.0,0.0,0.05,0.15,0.0,0.3,0.25,0.25,0.8986666666666665,0.9888264649460884,0.9555555555555554,0.9354288384587441,1.049151315395465,0.3236726045618327,-0.357571102487984,0.0375528622436341,0.8824135595322273,-0.2687120207165074,1.0295561654913579,-1.006445254385601,0.332849404677848,-2.022467534312273,1.0,5.0,8.0,6.0,3.0,7.0,2.0,9.0,4.0,10.0,1.0,4.0,6.0,4.0,1.0,6.0,1.0,9.0,4.0,10.0,3.0,6.0,8.0,8.0,3.0,8.0,3.0,9.0,6.0,10.0
207,subset_01000111,subset,4,0.0,0.25,0.0,0.0,0.0,0.25,0.25,0.25,0.8986666666666665,0.9438798074485389,0.9999999999999999,0.935303285195468,0.9252971561676977,0.25651831729168045,-0.285030264425225,0.0730697066485218,0.8993186362535539,-0.15248612885020557,0.9727680378463469,-0.926248567734093,0.40036962095615525,-2.1635765141544314,2.0,5.0,8.0,6.0,3.0,7.0,1.0,9.0,4.0,10.0,1.0,4.0,6.0,4.0,1.0,6.0,1.0,9.0,4.0,10.0,3.0,6.0,8.0,8.0,3.0,8.0,3.0,9.0,5.0,10.0
208,subset_10000110,subset,3,0.3333333333333333,0.0,0.0,0.0,0.0,0.3333333333333333,0.3333333333333333,0.0,0.8982222222222219,0.9888264649460884,0.9555555555555554,0.9352066162365219,1.001942783965135,0.30968831353448734,-0.33246288532479035,0.04057696104508094,0.8714138469850145,-0.197576039111596,0.9708185514032664,-0.8851787315912139,0.346155351035974,-2.125378151941359,1.0,5.0,8.0,6.0,3.0,7.0,2.0,9.0,4.0,10.0,1.0,4.0,5.475,4.0,1.0,6.0,1.0,9.0,4.0,10.0,3.0,6.0,8.0,8.0,3.0,8.0,3.0,9.0,6.0,10.0
209,subset_11100000,subset,3,0.3333333333333333,0.3333333333333333,0.3333333333333333,0.0,0.0,0.0,0.0,0.0,0.8973333333333333,0.9438798074485389,0.9999999999999999,0.9346366185288014,0.8403968248826968,0.2602442338765504,-0.1910461689832437,0.14075485475975721,0.8307119729280137,0.0793878324573688,0.9303037954844835,-0.9845910412118313,0.40806610201911836,-2.3142284062129135,2.0,5.0,8.0,6.0,3.0,7.0,1.0,9.0,4.0,10.0,1.0,4.0,7.0,4.0,1.0,5.0,1.0,9.0,3.475,10.0,3.0,7.0,8.0,7.0,3.5249999999999915,8.0,3.0,9.0,6.0,10.0
210,subset_01100110,subset,4,0.0,0.25,0.25,0.0,0.0,0.25,0.25,0.0,0.8973333333333332,0.9438798074485389,0.9999999999999999,0.9346366185288013,0.9584621014247106,0.3048228432246801,-0.291394035856767,0.08283467708737281,0.8539611334591779,-0.12441662673975457,0.999165069311741,-1.048792703575654,0.36414380900385335,-2.098786267339359,2.0,5.0,8.0,6.0,3.0,7.0,1.0,9.0,4.0,10.0,1.0,4.0,6.0,4.0,1.0,6.0,1.0,9.0,4.0,10.0,3.0,6.0,8.0,8.0,3.0,8.0,3.0,9.0,6.0,10.0
211,lhs_031,lhs,6,0.05,0.05,0.1,0.0,0.0,0.3,0.35,0.15,0.8964444444444445,0.9438798074485389,0.9999999999999999,0.934192174084357,0.9837400280111466,0.29939315345493056,-0.30471265385131985,0.05829901416063576,0.8839798143367582,-0.20923890289417285,0.9877900860885004,-0.9564799724455246,0.36104666023327514,-2.1038172270942295,2.0,5.0,8.0,6.0,3.0,7.0,1.0,9.0,4.0,10.0,1.0,4.0,6.0,4.0,1.0,6.0,1.0,9.0,4.0,10.0,3.0,6.0,8.0,8.0,3.0,8.0,3.0,9.0,6.0,10.0
212,lattice_045,lattice,5,0.15,0.35,0.0,0.15,0.0,0.3,0.05,0.0,0.8964444444444443,0.9438798074485389,0.9999999999999999,0.9341921740843568,1.0233093382598812,0.3154827704443358,-0.3906434579439531,0.042196194917054,0.8501138978915712,-0.14894339267307075,1.0275914437352067,-1.0239014973785918,0.34255556930276715,-2.0377608665552,2.0,5.0,8.0,6.0,3.0,7.0,1.0,9.0,4.0,10.0,1.0,4.0,6.0,4.0,1.0,5.0,1.0,9.0,3.475,10.0,3.0,6.5249999999999915,8.0,8.0,3.5249999999999915,8.0,3.0,9.0,7.0,10.0
213,lhs_023,lhs,6,0.0,0.4,0.15,0.1,0.05,0.25,0.0,0.05,0.8964444444444443,0.9438798074485389,0.9999999999999999,0.9341921740843568,1.0125762436044694,0.3176998731387894,-0.3699922683659564,0.06136812462942008,0.8420176835531631,-0.12117989641103044,1.0391299705431298,-1.1018603532763884,0.3466013831295691,-2.026360760545164,2.0,5.0,8.0,6.0,3.0,7.0,1.0,9.0,4.0,10.0,1.0,4.0,6.0,4.0,1.0,5.0,1.0,9.0,3.475,10.0,3.0,7.0,8.0,8.0,3.5249999999999915,8.0,3.0,9.0,6.5249999999999915,10.0
214,subset_11100100,subset,4,0.25,0.25,0.25,0.0,0.0,0.25,0.0,0.0,0.8959999999999999,0.9888264649460884,0.9555555555555554,0.9340955051254108,1.001872889269442,0.31904159894321926,-0.34971533263044363,0.06427999989121576,0.8294646855890211,-0.06431754919277988,0.9867308348635778,-1.0274462691590887,0.3473357176929409,-2.107246575267105,1.0,5.0,8.0,6.0,3.0,7.0,2.0,9.0,4.0,10.0,1.0,4.0,6.0,4.0,1.0,5.0,1.0,9.0,4.0,10.0,3.0,7.0,8.0,8.0,3.0,8.0,3.0,9.0,6.5249999999999915,10.0
215,lhs_036,lhs,7,0.05,0.15,0.1,0.0,0.05,0.35,0.25,0.05,0.8955555555555554,0.9888264649460884,0.9555555555555554,0.9338732829031886,1.033311715708859,0.3247824457504804,-0.36558758950871895,0.04063317294213077,0.8638716525318423,-0.21096826615519268,1.018925635335687,-1.0161813503819688,0.3371301301091444,-2.025917546332263,1.0,5.0,8.0,6.0,3.0,7.0,2.0,9.0,4.0,10.0,1.0,4.0,6.0,4.0,1.0,6.0,1.0,9.0,4.0,10.0,3.0,6.0,8.0,8.0,3.0,8.0,3.0,9.0,6.5249999999999915,10.0
216,subset_00000111,subset,3,0.0,0.0,0.0,0.0,0.0,0.3333333333333333,0.3333333333333333,0.3333333333333333,0.8946666666666665,0.9888264649460884,0.9555555555555554,0.9334288384587441,1.002460163546436,0.28815921167261577,-0.32805357243708155,0.04110864430461976,0.9073073307240916,-0.25315133961181036,0.9865006120792396,-0.9163550755623725,0.3667098530443995,-2.094685827760138,1.0,5.0,8.0,6.0,3.0,7.0,2.0,9.0,4.0,10.0,1.0,4.0,6.0,4.0,1.0,6.0,1.0,9.0,4.0,10.0,3.0,6.0,8.0,8.0,3.0,8.0,3.0,9.0,6.0,10.0
217,subset_00111000,subset,3,0.0,0.0,0.3333333333333333,0.3333333333333333,0.3333333333333333,0.0,0.0,0.0,0.9168888888888889,0.9438798074485389,0.9555555555555554,0.933303285195468,1.1000491880349152,0.4094604870321277,-0.336054882453292,0.08290306576355837,0.7997104141924016,-0.23844113412483392,1.1423546732440821,-1.3051009833052913,0.2557995877257434,-1.910680416109412,2.0,4.0,8.0,6.0,3.0,7.0,1.0,9.0,5.0,10.0,1.0,4.0,6.0,4.475,2.0,5.0,1.0,9.0,4.0,10.0,3.0,6.5249999999999915,8.0,8.0,3.5249999999999915,8.0,2.0,9.0,6.0,10.0
218,lattice_081,lattice,4,0.0,0.0,0.3,0.15,0.5,0.0,0.05,0.0,0.9164444444444446,0.9438798074485389,0.9555555555555554,0.9330810629732459,1.0816751340553266,0.39929578250288944,-0.320745460454667,0.08618326055357421,0.8075923447029856,-0.24134995069054205,1.1338006312169608,-1.2798268386840146,0.2649233240763623,-1.9315482272788755,2.0,4.0,8.0,6.0,3.0,7.0,1.0,9.0,5.0,10.0,1.0,4.0,6.0,4.475,2.0,6.0,1.0,9.0,4.0,10.0,3.0,6.5249999999999915,8.0,8.0,3.5249999999999915,8.0,2.0,9.0,6.0,10.0
219,subset_01000100,subset,2,0.0,0.5,0.0,0.0,0.0,0.5,0.0,0.0,0.8928888888888887,0.9888264649460884,0.9555555555555554,0.9325399495698553,1.09005460823058,0.32851466414605024,-0.49084158198084926,0.0019041644829096288,0.8505376882069917,-0.1729620953543085,1.0437911340742647,-1.0559704986250575,0.33324674470291554,-1.9282748278834947,1.0,5.0,8.0,6.0,3.0,7.0,2.0,9.0,4.0,10.0,1.0,4.0,5.0,4.0,1.0,5.0,1.0,9.0,3.0,10.0,3.0,6.0,8.0,8.0,4.0,8.0,3.0,9.0,7.0,10.0
220,lattice_029,lattice,4,0.0,0.0,0.3,0.25,0.4,0.05,0.0,0.0,0.9142222222222223,0.9438798074485389,0.9555555555555554,0.9319699518621347,1.122343084639514,0.4146485614048259,-0.36357208530040397,0.06889867837633329,0.8017158727493822,-0.2576793668784401,1.1464467122811746,-1.298004686185965,0.24966670585823458,-1.8844634769446558,2.0,4.0,8.0,6.0,3.0,7.0,1.0,9.0,5.0,10.0,1.0,4.0,6.0,4.0,2.0,5.0,1.0,9.0,4.0,10.0,2.5249999999999915,6.5249999999999915,8.0,8.0,3.5249999999999915,8.0,2.5249999999999915,9.0,6.0,10.0
221,subset_00001000,subset,1,0.0,0.0,0.0,0.0,1.0,0.0,0.0,0.0,0.9138606852542007,0.9438798074485389,0.9555555555555554,0.9317891833781239,1.1596752198808638,0.4272487652192657,-0.3967309962750322,0.050862948240388985,0.8138071718462199,-0.366213227330799,1.2105381681212521,-1.3122640646020298,0.2237969722577103,-1.8107209573578398,2.0,4.0,8.0,6.0,3.0,7.0,1.0,9.0,5.0,10.0,1.0,4.0,6.0,4.0,2.0,6.0,1.0,9.0,3.7375,10.0,2.2624999999999957,6.5249999999999915,8.0,8.0,4.0,8.0,2.2624999999999957,9.0,6.0,10.0
222,subset_00110000,subset,2,0.0,0.0,0.5,0.5,0.0,0.0,0.0,0.0,0.9133333333333333,0.9438798074485389,0.9555555555555554,0.9315255074176902,1.0702361721119409,0.40056634793855866,-0.3057168255424219,0.09892312452514306,0.7926620353654925,-0.17455508752185142,1.1082629258054972,-1.301519442656922,0.27180089545976,-1.9606601454851984,2.0,4.0,8.0,6.0,3.0,7.0,1.0,9.0,5.0,10.0,1.0,4.0,6.475,4.0,2.0,5.0,1.0,9.0,4.0,10.0,3.0,6.0,8.0,8.0,3.5249999999999915,8.0,2.5249999999999915,9.0,6.0,10.0
223,subset_00101000,subset,2,0.0,0.0,0.5,0.0,0.5,0.0,0.0,0.0,0.9133333333333333,0.9438798074485389,0.9555555555555554,0.9315255074176902,1.0702361750375726,0.400566349016423,-0.3057168265432955,0.09892312465346055,0.7926620374185671,-0.1745550884457349,1.1082629288594454,-1.3015194459675046,0.27180089602435553,-1.9606601500532892,2.0,4.0,8.0,6.0,3.0,7.0,1.0,9.0,5.0,10.0,1.0,4.0,6.475,4.0,2.0,5.0,1.0,9.0,4.0,10.0,3.0,6.0,8.0,8.0,3.5249999999999915,8.0,2.5249999999999915,9.0,6.0,10.0
224,subset_00010000,subset,1,0.0,0.0,0.0,1.0,0.0,0.0,0.0,0.0,0.912406792573015,0.9438798074485389,0.9555555555555554,0.9310622370375311,1.1596752140296005,0.427248763063537,-0.396730994273285,0.05086294798375399,0.8138071677400707,-0.36621322548303203,1.2105381620133557,-1.3122640579808647,0.22379697112851918,-1.8107209482216584,2.0,4.0,8.0,6.0,3.0,7.0,1.0,9.0,5.0,10.0,1.0,4.0,6.0,4.0,2.0,6.0,1.0,9.0,3.475,10.0,2.0,6.5249999999999915,8.0,8.0,4.0,8.0,2.5249999999999915,9.0,6.0,10.0
225,subset_00011000,subset,2,0.0,0.0,0.0,0.5,0.5,0.0,0.0,0.0,0.912406792573015,0.9438798074485389,0.9555555555555554,0.9310622370375311,1.159675216955232,0.42724876414140134,-0.3967309952741586,0.05086294811207148,0.8138071697931453,-0.3662132264069155,1.210538165067304,-1.3122640612914473,0.22379697169311474,-1.8107209527897492,2.0,4.0,8.0,6.0,3.0,7.0,1.0,9.0,5.0,10.0,1.0,4.0,6.0,4.0,2.0,6.0,1.0,9.0,3.475,10.0,2.0,6.5249999999999915,8.0,8.0,4.0,8.0,2.5249999999999915,9.0,6.0,10.0
226,lattice_000,lattice,6,0.1,0.0,0.35,0.1,0.25,0.15,0.0,0.05,0.9115555555555553,0.9888264649460884,0.911111111111111,0.9307621717920775,1.0991758728061702,0.3882701031382058,-0.3675701314450598,0.06050351044340516,0.8108958413217281,-0.19410726939902853,1.0795411588985686,-1.1952022438689285,0.2785721713487947,-1.9600790132438564,1.0,4.0,8.0,6.0,3.0,7.0,2.0,9.0,5.0,10.0,1.0,4.0,6.0,4.0,1.0,6.0,1.0,9.0,4.0,10.0,2.0,6.0,8.0,8.0,3.0,8.0,3.0,9.0,6.5249999999999915,10.0
227,subset_10111100,subset,5,0.2,0.0,0.2,0.2,0.2,0.2,0.0,0.0,0.911111111111111,0.9888264649460884,0.911111111111111,0.9305399495698553,1.1266067713913501,0.39381365798136103,-0.4072725961360873,0.037978600421755625,0.8140241058200869,-0.2278412306039119,1.08728587088825,-1.1556768309939989,0.2671175778933142,-1.9360359266621212,1.0,4.0,8.0,6.0,3.0,7.0,2.0,9.0,5.0,10.0,1.0,4.0,6.0,4.0,2.0,5.0,1.0,9.0,4.0,10.0,2.5249999999999915,6.0,8.0,8.0,3.5249999999999915,8.0,3.0,9.0,7.0,10.0
228,subset_10110100,subset,4,0.25,0.0,0.25,0.25,0.0,0.25,0.0,0.0,0.9106666666666666,0.9888264649460884,0.911111111111111,0.9303177273476332,1.1183396592689714,0.38545488117188487,-0.409907996101351,0.03475751346709727,0.8140783393135536,-0.1932482314221901,1.0564727965799996,-1.116530022591991,0.2779477293022151,-1.9673646689881914,1.0,4.0,8.0,6.0,3.0,7.0,2.0,9.0,5.0,10.0,1.0,4.0,6.0,4.0,1.475,5.0,1.0,9.0,4.0,10.0,3.0,6.0,8.0,8.0,3.5249999999999915,8.0,3.0,9.0,7.0,10.0
229,subset_10101100,subset,4,0.25,0.0,0.25,0.0,0.25,0.25,0.0,0.0,0.9106666666666666,0.9888264649460884,0.911111111111111,0.9303177273476332,1.1183396607317873,0.3854548817108171,-0.4099079966017878,0.03475751353125603,0.8140783403400909,-0.19324823188413184,1.0564727981069737,-1.1165300242472824,0.2779477295845129,-1.9673646712722368,1.0,4.0,8.0,6.0,3.0,7.0,2.0,9.0,5.0,10.0,1.0,4.0,6.0,4.0,1.475,5.0,1.0,9.0,4.0,10.0,3.0,6.0,8.0,8.0,3.5249999999999915,8.0,3.0,9.0,7.0,10.0
230,subset_10100100,subset,3,0.3333333333333333,0.0,0.3333333333333333,0.0,0.0,0.3333333333333333,0.0,0.0,0.9106666666666665,0.9888264649460884,0.911111111111111,0.9303177273476331,1.1045611410154286,0.3715235872080008,-0.41430033004403966,0.029389035294878373,0.814168729838048,-0.13559323340190946,1.0051176747688806,-1.051285344129033,0.29599798202678046,-2.0195792425770356,1.0,4.0,8.0,6.0,3.0,7.0,2.0,9.0,5.0,10.0,1.0,4.0,5.475,4.0,1.475,5.0,1.0,9.0,4.0,10.0,2.5249999999999915,6.0,8.0,8.0,4.0,8.0,3.0,9.0,7.0,10.0
231,subset_10011100,subset,4,0.25,0.0,0.0,0.25,0.25,0.25,0.0,0.0,0.9106666666666665,0.9888264649460884,0.911111111111111,0.9303177273476331,1.163059181690617,0.39879608927330623,-0.4554150809672194,0.010727425260561495,0.8246509065273799,-0.28907730086472216,1.1076104162109028,-1.1219023319092536,0.2539457674188925,-1.8923950726404668,1.0,4.0,8.0,6.0,3.0,7.0,2.0,9.0,5.0,10.0,1.0,4.0,6.0,4.0,1.475,5.0,1.0,9.0,4.0,10.0,3.0,6.0,8.0,8.0,3.5249999999999915,8.0,3.0,9.0,7.0,10.0
232,subset_10000000,subset,1,1.0,0.0,0.0,0.0,0.0,0.0,0.0,0.0,0.8884444444444444,0.9438798074485389,0.9999999999999999,0.930192174084357,0.8465852104223265,0.2452531346671963,-0.20247550974851705,0.10632836953251164,0.8452664629511861,0.07155094349816833,0.8533533817081431,-0.7070692520532597,0.40304456157493196,-2.4618373025526914,2.0,5.0,8.0,6.0,3.0,7.0,1.0,9.0,4.0,10.0,1.0,4.0,7.0,4.475,1.0,5.0,1.0,9.0,4.0,10.0,3.0,7.0,8.0,7.5249999999999915,3.0,8.0,3.0,9.0,5.0,10.0
233,lhs_067,lhs,6,0.05,0.0,0.2,0.2,0.35,0.05,0.15,0.0,0.9106666666666666,0.9438798074485389,0.9555555555555554,0.9301921740843568,1.051566419302189,0.37505466521164355,-0.3079310439773297,0.0815125336826695,0.8269346267833075,-0.24451760711023265,1.1029253438252067,-1.1919225083841136,0.28600029381135683,-1.9796227231446981,2.0,4.0,8.0,6.0,3.0,7.0,1.0,9.0,5.0,10.0,1.0,4.0,6.0,4.475,1.475,6.0,1.0,9.0,4.0,10.0,3.0,6.0,8.0,8.0,3.0,8.0,3.0,9.0,6.0,10.0
234,subset_00111100,subset,4,0.0,0.0,0.25,0.25,0.25,0.25,0.0,0.0,0.9102222222222223,0.9888264649460884,0.911111111111111,0.930095505125411,1.1966121616336058,0.4309537888099022,-0.45847186773297977,0.020891158144066613,0.8062135165373121,-0.3026892741294319,1.1457689931832769,-1.2678287257291836,0.23313583197290974,-1.8045855826894786,1.0,4.0,8.0,6.0,3.0,7.0,2.0,9.0,5.0,10.0,1.0,4.0,6.0,4.0,2.0,5.0,1.0,9.0,3.475,10.0,2.5249999999999915,6.0,8.0,8.0,4.0,8.0,3.0,9.0,7.0,10.0
235,subset_10010100,subset,3,0.3333333333333333,0.0,0.0,0.3333333333333333,0.0,0.3333333333333333,0.0,0.0,0.9097777777777778,0.9888264649460884,0.911111111111111,0.9298732829031887,1.1641871689605348,0.3893118639579864,-0.47497644253128174,-0.0026510823993810056,0.8282654847544334,-0.26336532537602986,1.0733011655741196,-1.0584484210116614,0.2639953658059533,-1.9196197777346757,1.0,4.0,8.0,6.0,3.0,7.0,2.0,9.0,5.0,10.0,1.0,4.0,5.475,4.0,1.475,5.0,1.0,9.0,4.0,10.0,2.5249999999999915,6.0,8.0,8.0,3.5249999999999915,8.0,3.0,9.0,7.0,10.0
236,subset_10001100,subset,3,0.3333333333333333,0.0,0.0,0.0,0.3333333333333333,0.3333333333333333,0.0,0.0,0.9097777777777778,0.9888264649460884,0.911111111111111,0.9298732829031887,1.164187170910956,0.3893118646765626,-0.47497644319853083,-0.002651082313836004,0.8282654861231498,-0.26336532599195217,1.0733011676100852,-1.0584484232187166,0.2639953661823503,-1.9196197807800695,1.0,4.0,8.0,6.0,3.0,7.0,2.0,9.0,5.0,10.0,1.0,4.0,5.475,4.0,1.475,5.0,1.0,9.0,4.0,10.0,2.5249999999999915,6.0,8.0,8.0,3.5249999999999915,8.0,3.0,9.0,7.0,10.0
237,lhs_050,lhs,6,0.0,0.05,0.25,0.3,0.3,0.0,0.05,0.05,0.9097777777777778,0.9438798074485389,0.9555555555555554,0.9297477296399125,1.0517487898337652,0.3763522204394107,-0.30743417307382764,0.09013476369930071,0.8197411136957244,-0.22117771429719682,1.1145728313590182,-1.2375012595048887,0.2860460839191296,-1.9724826560704363,2.0,4.0,8.0,6.0,3.0,7.0,1.0,9.0,5.0,10.0,1.0,4.0,6.475,4.0,2.0,5.475,1.0,9.0,4.0,10.0,3.0,6.5249999999999915,8.0,8.0,3.5249999999999915,8.0,3.0,9.0,6.0,10.0
238,subset_00110100,subset,3,0.0,0.0,0.3333333333333333,0.3333333333333333,0.0,0.3333333333333333,0.0,0.0,0.9088888888888889,0.9888264649460884,0.911111111111111,0.9294288384587442,1.2089244755511865,0.43218879667344773,-0.4790521582189623,0.010900561445292493,0.8036822981010094,-0.28151462306230957,1.1241792682039515,-1.2530169461049014,0.23624878521130951,-1.8025404578000246,1.0,4.0,8.0,6.0,3.0,7.0,2.0,9.0,5.0,10.0,1.0,4.0,5.475,4.0,1.475,5.0,1.0,9.0,3.475,10.0,2.5249999999999915,6.0,8.0,8.0,4.0,8.0,3.0,9.0,7.0,10.0
239,subset_00101100,subset,3,0.0,0.0,0.3333333333333333,0.0,0.3333333333333333,0.3333333333333333,0.0,0.0,0.9088888888888889,0.9888264649460884,0.911111111111111,0.9294288384587442,1.2089244775016075,0.432188797392024,-0.4790521588862114,0.010900561530837495,0.8036822994697258,-0.2815146236782319,1.124179270239917,-1.2530169483119564,0.23624878558770657,-1.8025404608454185,1.0,4.0,8.0,6.0,3.0,7.0,2.0,9.0,5.0,10.0,1.0,4.0,5.475,4.0,1.475,5.0,1.0,9.0,3.475,10.0,2.5249999999999915,6.0,8.0,8.0,4.0,8.0,3.0,9.0,7.0,10.0
240,lhs_018,lhs,8,0.05,0.1,0.15,0.4,0.15,0.05,0.05,0.05,0.908888888888889,0.9438798074485389,0.9555555555555554,0.929303285195468,1.047020036579342,0.36271551182948136,-0.32533529106425624,0.0784001210798811,0.8292161563619656,-0.21829602015033553,1.1004939358752357,-1.1837610853445415,0.2963526557632631,-1.9868060209300362,2.0,4.0,8.0,6.0,3.0,7.0,1.0,9.0,5.0,10.0,1.0,4.0,6.0,4.0,1.475,6.0,1.0,9.0,4.0,10.0,3.0,6.5249999999999915,8.0,8.0,3.0,8.0,3.0,9.0,6.0,10.0
241,lattice_090,lattice,5,0.1,0.05,0.45,0.05,0.0,0.35,0.0,0.0,0.9084444444444444,0.9888264649460884,0.911111111111111,0.929206616236522,1.1388967758831006,0.3956170960435804,-0.4335013015234153,0.02996551686634671,0.8051702269203458,-0.16938551200503524,1.049739405898104,-1.169569436166974,0.2782745175044837,-1.9252072894205372,1.0,4.0,8.0,6.0,3.0,7.0,2.0,9.0,5.0,10.0,1.0,4.0,5.475,4.0,1.475,5.0,1.0,9.0,4.0,10.0,3.0,6.0,8.0,8.0,4.0,8.0,3.0,9.0,7.0,10.0
242,subset_00011100,subset,3,0.0,0.0,0.0,0.3333333333333333,0.3333333333333333,0.3333333333333333,0.0,0.0,0.9079999999999999,0.9888264649460884,0.911111111111111,0.9289843940142998,1.2685505054467139,0.44997707414200955,-0.5397282713734535,-0.021139556163421884,0.8177790543861112,-0.4092867156523523,1.192362761045156,-1.260180025194585,0.20424616936687937,-1.7025809960030585,1.0,4.0,8.0,6.0,3.0,7.0,2.0,9.0,5.0,10.0,1.0,3.475,5.0,4.0,2.0,5.0,1.0,9.0,3.475,10.0,2.5249999999999915,6.0,8.0,8.0,4.0,8.0,3.0,9.0,7.0,10.0
243,lattice_028,lattice,7,0.15,0.0,0.05,0.3,0.05,0.35,0.05,0.05,0.9079999999999998,0.9888264649460884,0.911111111111111,0.9289843940142998,1.1781733125368552,0.396873224014643,-0.4768871903357677,-0.002276620478280623,0.8340112701867826,-0.3031896441494972,1.0967694264583165,-1.1141483970336126,0.2593257125482136,-1.8686510937476541,1.0,4.0,8.0,6.0,3.0,7.0,2.0,9.0,5.0,10.0,1.0,4.0,5.475,4.0,1.475,5.0,1.0,9.0,3.475,10.0,2.5249999999999915,6.0,8.0,8.0,4.0,8.0,3.0,9.0,7.0,10.0
244,lhs_057,lhs,6,0.15,0.0,0.4,0.05,0.1,0.25,0.0,0.05,0.9079999999999998,0.9888264649460884,0.911111111111111,0.9289843940142998,1.107240054396359,0.38332057299050054,-0.3916551229753489,0.04648204786667044,0.811545857812101,-0.16597529374270478,1.046001774445088,-1.1482428305489787,0.28646970249344966,-1.975186762737137,1.0,4.0,8.0,6.0,3.0,7.0,2.0,9.0,5.0,10.0,1.0,4.0,6.0,4.0,1.475,5.0,1.0,9.0,4.0,10.0,3.0,6.0,8.0,8.0,3.5249999999999915,8.0,3.0,9.0,7.0,10.0
245,lhs_074,lhs,6,0.05,0.0,0.55,0.15,0.05,0.1,0.0,0.1,0.9079999999999998,0.9888264649460884,0.911111111111111,0.9289843940142998,1.0471465683860453,0.3709585248238036,-0.30905347515427095,0.09060770913247275,0.80722602731993,-0.11931928548702535,1.0437096827458667,-1.2033934532597925,0.3037895364774222,-2.031671834984452,1.0,4.0,8.0,6.0,3.0,7.0,2.0,9.0,5.0,10.0,1.0,4.0,6.475,4.475,1.0,5.0,1.0,9.0,4.0,10.0,3.0,6.5249999999999915,8.0,8.0,3.0,8.0,3.0,9.0,6.5249999999999915,10.0
246,lattice_008,lattice,5,0.0,0.05,0.15,0.2,0.45,0.0,0.0,0.15,0.9079999999999999,0.9438798074485389,0.9555555555555554,0.9288588407510235,1.0628194703579597,0.368973942953095,-0.3262656983824467,0.07974456904558627,0.8314118610948099,-0.24227390835820736,1.1193864118146732,-1.2144740595745063,0.288212411084926,-1.96753500003589,2.0,4.0,8.0,6.0,3.0,7.0,1.0,9.0,5.0,10.0,1.0,4.0,7.0,4.475,1.475,6.0,1.0,9.0,4.0,10.0,3.0,6.0,8.0,8.0,3.0,8.0,3.0,9.0,6.0,10.0
247,lhs_060,lhs,6,0.15,0.0,0.05,0.5,0.05,0.0,0.2,0.05,0.9079999999999999,0.9438798074485389,0.9555555555555554,0.9288588407510235,0.9908442853488981,0.3371779004461773,-0.26260894933828133,0.09277862851608416,0.8492575536493536,-0.22835730129943407,1.069736423235806,-1.0908652735374127,0.31682604814666165,-2.0747893151678554,2.0,4.0,8.0,6.0,3.0,7.0,1.0,9.0,5.0,10.0,1.0,4.0,6.0,4.475,1.475,6.0,1.0,9.0,4.0,10.0,3.0,6.0,8.0,8.0,3.0,8.0,3.0,9.0,6.0,10.0
248,lattice_002,lattice,5,0.0,0.0,0.0,0.65,0.05,0.15,0.05,0.1,0.9079999999999998,0.9438798074485389,0.9555555555555554,0.9288588407510234,1.1531786503465282,0.4008746768715563,-0.4189543928684229,0.030652074741268045,0.8359807452975958,-0.34862407618672864,1.155972979013519,-1.2116692117504422,0.2514142176545342,-1.8488256631194098,2.0,4.0,8.0,6.0,3.0,7.0,1.0,9.0,5.0,10.0,1.0,4.0,6.0,4.0,2.0,6.0,1.0,9.0,4.0,10.0,2.5249999999999915,6.0,8.0,8.0,3.0,8.0,3.0,9.0,6.0,10.0
249,subset_10000100,subset,2,0.5,0.0,0.0,0.0,0.0,0.5,0.0,0.0,0.9075555555555554,0.9888264649460884,0.911111111111111,0.9287621717920775,1.166443146426002,0.3703434144052111,-0.5140991666602801,-0.0294080975909485,0.8354946432616146,-0.2119413753225288,1.0046826673545017,-0.9315406025270601,0.2840945631446703,-1.9740691924911844,1.0,4.0,8.0,6.0,3.0,7.0,2.0,9.0,5.0,10.0,1.0,4.0,5.0,4.0,1.475,5.0,1.0,9.0,3.475,10.0,3.0,6.0,8.0,8.0,4.0,8.0,3.0,9.0,7.0,10.0
250,lhs_083,lhs,4,0.1,0.0,0.0,0.05,0.45,0.4,0.0,0.0,0.9075555555555554,0.9888264649460884,0.911111111111111,0.9287621717920775,1.2590165636619726,0.43632317362585643,-0.5489021784410978,-0.02999351482514955,0.8217193614417384,-0.3741249968804847,1.1530092031263897,-1.1892437383756267,0.21826076811565226,-1.746064641449251,1.0,4.0,8.0,6.0,3.0,7.0,2.0,9.0,5.0,10.0,1.0,3.475,5.0,4.0,1.475,5.0,1.0,9.0,3.475,10.0,3.0,6.0,8.0,8.0,4.0,8.0,3.0,9.0,7.0,10.0
251,lattice_044,lattice,6,0.15,0.05,0.3,0.15,0.3,0.0,0.05,0.0,0.9075555555555556,0.9438798074485389,0.9555555555555554,0.9286366185288013,1.0114182783440766,0.3587137813665595,-0.27956860468142086,0.10040757101938455,0.8153885074185165,-0.14989918852792655,1.0662745206063153,-1.1712308657840602,0.3056880600956312,-2.0571920598570768,2.0,4.0,8.0,6.0,3.0,7.0,1.0,9.0,5.0,10.0,1.0,4.0,7.0,4.0,1.475,5.0,1.0,9.0,4.0,10.0,3.0,6.0,8.0,8.0,3.5249999999999915,8.0,3.0,9.0,6.0,10.0
252,subset_10111000,subset,4,0.25,0.0,0.25,0.25,0.25,0.0,0.0,0.0,0.9075555555555554,0.9438798074485389,0.9555555555555554,0.9286366185288013,1.036683193631768,0.36840864894089487,-0.3026600392770983,0.08875939170579668,0.8110994263820976,-0.16094311471908337,1.0701043503600975,-1.1555930504922833,0.29261083118804054,-2.048469637720232,2.0,4.0,8.0,6.0,3.0,7.0,1.0,9.0,5.0,10.0,1.0,4.0,7.0,4.0,1.475,5.0,1.0,9.0,4.0,10.0,3.0,6.0,8.0,8.0,3.5249999999999915,8.0,3.0,9.0,6.0,10.0
253,lhs_015,lhs,8,0.15,0.05,0.1,0.15,0.15,0.3,0.05,0.05,0.907111111111111,0.9888264649460884,0.911111111111111,0.9285399495698553,1.1296047615103058,0.37751307971800047,-0.4342976495037367,0.01923427012125361,0.8343782438234345,-0.25177667065926407,1.0753198215556607,-1.1030697907257545,0.28093632309310745,-1.9278423889330079,1.0,4.0,8.0,6.0,3.0,7.0,2.0,9.0,5.0,10.0,1.0,4.0,6.0,4.0,1.475,5.0,1.0,9.0,4.0,10.0,3.0,6.0,8.0,8.0,3.5249999999999915,8.0,3.0,9.0,7.0,10.0
254,lattice_021,lattice,5,0.1,0.15,0.1,0.6,0.0,0.0,0.0,0.05,0.9071111111111112,0.9438798074485389,0.9555555555555554,0.9284143963065792,1.025021450042455,0.3515356011626101,-0.31261284283269636,0.08658804086774735,0.8289128658729644,-0.19319485828100186,1.097012529797545,-1.1705621135628677,0.30500086289742856,-2.017701535964186,2.0,4.0,8.0,6.0,3.0,7.0,1.0,9.0,5.0,10.0,1.0,4.0,7.0,4.0,1.475,5.0,1.0,9.0,4.0,10.0,3.0,6.0,8.0,8.0,3.5249999999999915,8.0,3.0,9.0,6.0,10.0
255,lhs_033,lhs,8,0.1,0.05,0.05,0.35,0.3,0.05,0.05,0.05,0.9071111111111111,0.9438798074485389,0.9555555555555554,0.9284143963065791,1.0725466996601056,0.3722348702037524,-0.345863883578634,0.06565685960271272,0.8319408789582659,-0.26052557601655874,1.1170381373610156,-1.173467019792705,0.28183665291056903,-1.9613976193085245,2.0,4.0,8.0,6.0,3.0,7.0,1.0,9.0,5.0,10.0,1.0,4.0,6.0,4.475,1.475,6.0,1.0,9.0,4.0,10.0,3.0,6.5249999999999915,8.0,8.0,3.0,8.0,3.0,9.0,6.0,10.0
256,subset_00111101,subset,5,0.0,0.0,0.2,0.2,0.2,0.2,0.0,0.2,0.9066666666666666,0.9888264649460884,0.911111111111111,0.9283177273476332,1.1269171991401308,0.3808961968642381,-0.40462700840346205,0.03829761037747891,0.8355601960635334,-0.2611864109040405,1.096695107293834,-1.1743826373766941,0.27945027909836945,-1.9176205321533883,1.0,4.0,8.0,6.0,3.0,7.0,2.0,9.0,5.0,10.0,1.0,4.0,6.0,4.0,1.0,6.0,1.0,9.0,4.0,10.0,3.0,6.0,8.0,8.0,3.0,8.0,3.0,9.0,6.0,10.0
257,lattice_019,lattice,5,0.3,0.0,0.05,0.0,0.5,0.1,0.0,0.05,0.9066666666666666,0.9888264649460884,0.911111111111111,0.9283177273476332,1.0738900052781233,0.36447118051887245,-0.361877944814123,0.053560864527390124,0.8292789980236367,-0.21508829540842883,1.0721956565398398,-1.0884226587820645,0.28855195544233603,-2.0165597613255835,1.0,4.0,8.0,6.0,3.0,7.0,2.0,9.0,5.0,10.0,1.0,4.0,6.0,4.0,2.0,6.0,1.0,9.0,4.0,10.0,3.0,6.5249999999999915,8.0,8.0,3.0,8.0,3.0,9.0,6.0,10.0
258,lhs_054,lhs,6,0.2,0.05,0.2,0.0,0.1,0.35,0.1,0.0,0.9066666666666666,0.9888264649460884,0.911111111111111,0.9283177273476332,1.1036339815677092,0.3668716758549587,-0.4168287704745974,0.024450383809530022,0.8318332317085356,-0.20170137839295205,1.0344137623310459,-1.062441357072167,0.2968453100654299,-1.9770768393974938,1.0,4.0,8.0,6.0,3.0,7.0,2.0,9.0,5.0,10.0,1.0,4.0,5.475,4.0,1.475,5.0,1.0,9.0,4.0,10.0,3.0,6.0,8.0,8.0,4.0,8.0,3.0,9.0,7.0,10.0
259,lattice_089,lattice,4,0.0,0.1,0.25,0.2,0.0,0.45,0.0,0.0,0.9066666666666664,0.9888264649460884,0.911111111111111,0.9283177273476331,1.2153506258509936,0.41802546159544157,-0.5201931677039316,-0.010501349890077274,0.8147511851873562,-0.2769610945077649,1.106966965167235,-1.2009448017047304,0.24916054576408017,-1.7956543697586025,1.0,4.0,8.0,6.0,3.0,7.0,2.0,9.0,5.0,10.0,1.0,4.0,5.0,4.0,1.475,5.0,1.0,9.0,3.475,10.0,2.5249999999999915,6.0,8.0,8.0,4.0,8.0,3.0,9.0,7.0,10.0
260,lattice_062,lattice,4,0.0,0.05,0.0,0.1,0.65,0.2,0.0,0.0,0.9062222222222222,0.9888264649460884,0.911111111111111,0.928095505125411,1.2017070375130312,0.4276030942349653,-0.4704908287399909,0.013565942895757905,0.8192675708305557,-0.3662711839702373,1.185684531837705,-1.2631968906020408,0.22594408825781648,-1.7738133622575627,1.0,4.0,8.0,6.0,3.0,7.0,2.0,9.0,5.0,10.0,1.0,4.0,6.0,4.0,2.0,5.0,1.0,9.0,3.475,10.0,2.0,6.0,8.0,8.0,4.0,8.0,3.0,9.0,7.0,10.0
261,lattice_030,lattice,7,0.0,0.05,0.4,0.05,0.15,0.25,0.05,0.05,0.906222222222222,0.9888264649460884,0.911111111111111,0.9280955051254108,1.1065735434807973,0.3853937283484801,-0.38737787947899616,0.05055093844868154,0.8163764873254218,-0.19598538979672606,1.0702587073273524,-1.1952148476695301,0.2857841594455956,-1.936359447431076,1.0,4.0,8.0,6.0,3.0,7.0,2.0,9.0,5.0,10.0,1.0,4.0,6.0,4.0,1.0,5.475,1.0,9.0,3.475,10.0,3.0,6.0,8.0,8.0,4.0,8.0,3.0,9.0,7.0,10.0
262,lhs_072,lhs,7,0.05,0.0,0.1,0.1,0.25,0.35,0.05,0.1,0.906222222222222,0.9888264649460884,0.911111111111111,0.9280955051254108,1.1849615166329006,0.40007539907382716,-0.47683715115611297,-0.0001641213613217737,0.8357078155708604,-0.3142483342470247,1.106753452175767,-1.1480101287175055,0.25824690098611913,-1.8464853489575095,1.0,4.0,8.0,6.0,3.0,7.0,2.0,9.0,5.0,10.0,1.0,4.0,5.475,4.0,1.475,5.0,1.0,9.0,3.475,10.0,3.0,6.0,8.0,8.0,4.0,8.0,3.0,9.0,7.0,10.0
263,lhs_043,lhs,6,0.2,0.05,0.05,0.1,0.55,0.0,0.0,0.05,0.9062222222222222,0.9438798074485389,0.9555555555555554,0.9279699518621346,1.0492430650915003,0.36256959391259097,-0.32636577774262987,0.07551957093998608,0.8280187723797289,-0.2201565290870358,1.0994183634337213,-1.1467505995173033,0.29037003477371054,-2.01186649418427,2.0,4.0,8.0,6.0,3.0,7.0,1.0,9.0,5.0,10.0,1.0,4.0,7.0,4.0,1.475,5.0,1.0,9.0,4.0,10.0,3.0,6.0,8.0,8.0,3.5249999999999915,8.0,3.0,9.0,6.0,10.0
264,subset_00100000,subset,1,0.0,0.0,1.0,0.0,0.0,0.0,0.0,0.0,0.906222222222222,0.9438798074485389,0.9555555555555554,0.9279699518621346,0.9807971301942814,0.37388393281358034,-0.2147026568115588,0.14698330106653212,0.7715169029909145,0.01710305043932921,1.0059876895976387,-1.2907748273329795,0.3198048197910008,-2.1105993427487384,2.0,4.0,8.0,6.0,3.0,7.0,1.0,9.0,5.0,10.0,1.0,4.0,7.0,4.0,1.0,5.0,1.0,9.0,3.475,10.0,3.0,7.0,8.0,7.0,4.0,8.0,3.0,9.0,6.5249999999999915,10.0
265,subset_00100100,subset,2,0.0,0.0,0.5,0.0,0.0,0.5,0.0,0.0,0.9057777777777777,0.9888264649460884,0.911111111111111,0.9278732829031887,1.2335491063119794,0.4346588134784031,-0.520212740191801,-0.009080631823938257,0.7986198632814788,-0.23916532185194836,1.0809998212992495,-1.2233933901669198,0.2424746922527047,-1.798450212589208,1.0,4.0,8.0,6.0,3.0,7.0,2.0,9.0,5.0,10.0,1.0,3.475,5.0,4.0,1.475,5.0,1.0,9.0,3.475,10.0,2.5249999999999915,6.0,8.0,8.0,4.0,8.0,3.0,9.0,7.0,10.0
266,subset_00011101,subset,4,0.0,0.0,0.0,0.25,0.25,0.25,0.0,0.25,0.9057777777777777,0.9888264649460884,0.911111111111111,0.9278732829031887,1.1634472163765928,0.38264926287690254,-0.4521080963014378,0.011126187705215604,0.851571019331688,-0.3307587762398829,1.1193719617178828,-1.1452845898876227,0.2693616439252116,-1.8693758295045508,1.0,4.0,8.0,6.0,3.0,7.0,2.0,9.0,5.0,10.0,1.0,4.0,6.0,4.0,1.0,6.0,1.0,9.0,4.0,10.0,3.0,6.0,8.0,8.0,3.0,8.0,3.0,9.0,6.5249999999999915,10.0
267,lattice_005,lattice,5,0.0,0.0,0.05,0.25,0.1,0.4,0.0,0.2,0.9057777777777777,0.9888264649460884,0.911111111111111,0.9278732829031887,1.2190740848103176,0.4025379074020965,-0.5177296246822979,-0.01932194515023384,0.8442868665316864,-0.34452794583965674,1.1164724357429028,-1.1463556003157593,0.253318620403256,-1.8077547989023122,1.0,4.0,8.0,6.0,3.0,7.0,2.0,9.0,5.0,10.0,1.0,4.0,5.475,4.0,1.475,5.475,1.0,9.0,3.475,10.0,2.5249999999999915,6.0,8.0,8.0,4.0,8.0,3.0,9.0,7.0,10.0
268,subset_00111001,subset,4,0.0,0.0,0.25,0.25,0.25,0.0,0.0,0.25,0.9057777777777777,0.9438798074485389,0.9555555555555554,0.9277477296399124,1.037071228317744,0.3522618225444912,-0.29935305461131667,0.0891581541504508,0.8380195391864058,-0.20262459009424416,1.0818658958670773,-1.1789753084706525,0.3080267076943597,-2.025450394584316,2.0,4.0,8.0,6.0,3.0,7.0,1.0,9.0,5.0,10.0,1.0,4.0,7.0,4.475,1.0,6.0,1.0,9.0,4.0,10.0,3.0,6.0,8.0,8.0,3.0,8.0,3.0,9.0,6.0,10.0
269,lattice_017,lattice,5,0.0,0.1,0.15,0.2,0.0,0.45,0.1,0.0,0.9053333333333332,0.9888264649460884,0.911111111111111,0.9276510606809665,1.1845651187359054,0.39947487949338756,-0.4956419342881569,-0.007144972165016496,0.8319247203314462,-0.29555593622067083,1.0966772281575508,-1.1511128179433847,0.26420775646683825,-1.8273940425678996,1.0,4.0,8.0,6.0,3.0,7.0,2.0,9.0,5.0,10.0,1.0,4.0,5.0,4.0,1.475,5.0,1.0,9.0,3.475,10.0,2.5249999999999915,6.0,8.0,8.0,4.0,8.0,3.0,9.0,7.0,10.0
270,lattice_037,lattice,5,0.0,0.05,0.2,0.2,0.0,0.5,0.0,0.05,0.9053333333333332,0.9888264649460884,0.911111111111111,0.9276510606809665,1.2483422842195009,0.42505645940855924,-0.5524085375767427,-0.029159216897579297,0.8213411992827365,-0.31482215480874687,1.1129096407668155,-1.1864401199739985,0.23959549015568987,-1.7644150445762352,1.0,4.0,8.0,6.0,3.0,7.0,2.0,9.0,5.0,10.0,1.0,4.0,5.0,4.0,1.475,5.0,1.0,9.0,3.0,10.0,2.5249999999999915,6.0,8.0,8.0,4.0,8.0,3.0,9.0,7.0,10.0
271,lattice_097,lattice,6,0.05,0.1,0.15,0.0,0.25,0.35,0.1,0.0,0.9053333333333332,0.9888264649460884,0.911111111111111,0.9276510606809665,1.1362480331783498,0.3835566055045338,-0.4430299776324794,0.017229050246396403,0.8323061205353419,-0.2607456813675332,1.0842706115705136,-1.136478289800296,0.2790353769128677,-1.8923918491476943,1.0,4.0,8.0,6.0,3.0,7.0,2.0,9.0,5.0,10.0,1.0,4.0,5.475,4.0,1.475,5.0,1.0,9.0,3.475,10.0,3.0,6.0,8.0,8.0,4.0,8.0,3.0,9.0,7.0,10.0
272,lattice_068,lattice,5,0.05,0.15,0.3,0.05,0.45,0.0,0.0,0.0,0.9053333333333333,0.9438798074485389,0.9555555555555554,0.9275255074176902,1.020477229331992,0.3622915642016115,-0.29629412162677055,0.10018581695598215,0.8119248626889272,-0.15197172575111265,1.0894686069920803,-1.2221072994099016,0.30319449879215576,-2.017169432174964,2.0,4.0,8.0,6.0,3.0,7.0,1.0,9.0,5.0,10.0,1.0,4.0,7.0,4.0,2.0,5.0,1.0,9.0,4.0,10.0,3.0,6.5249999999999915,8.0,8.0,3.5249999999999915,8.0,3.0,9.0,6.0,10.0
273,lhs_094,lhs,7,0.05,0.1,0.15,0.45,0.05,0.15,0.05,0.0,0.9053333333333333,0.9438798074485389,0.9555555555555554,0.9275255074176902,1.095259516077392,0.3818631514209751,-0.37860864495335206,0.05394634621803263,0.8234507342131304,-0.24476998020560609,1.1105482442770613,-1.193719162885131,0.2784418601853485,-1.9264120643478517,2.0,4.0,8.0,6.0,3.0,7.0,1.0,9.0,5.0,10.0,1.0,4.0,6.0,4.0,2.0,6.0,1.0,9.0,4.0,10.0,3.0,6.5249999999999915,8.0,8.0,3.0,8.0,3.0,9.0,6.5249999999999915,10.0
274,lattice_032,lattice,7,0.05,0.2,0.1,0.1,0.1,0.4,0.05,0.0,0.9048888888888889,0.9888264649460884,0.911111111111111,0.9274288384587442,1.1392731796619286,0.3750123129197154,-0.47088095386285234,0.006947444971832217,0.8346987001240759,-0.24466863836739688,1.0792474312635496,-1.1200970971304216,0.2867335615614467,-1.8862659411418772,1.0,4.0,8.0,6.0,3.0,7.0,2.0,9.0,5.0,10.0,1.0,4.0,5.475,4.0,1.475,5.0,1.0,9.0,3.475,10.0,3.0,6.0,8.0,8.0,4.0,8.0,3.0,9.0,7.0,10.0
275,subset_00010100,subset,2,0.0,0.0,0.0,0.5,0.0,0.5,0.0,0.0,0.9048888888888886,0.9888264649460884,0.911111111111111,0.9274288384587441,1.322988148229639,0.46134122860338145,-0.6112269089226641,-0.057140808365327325,0.8197649956560569,-0.430823459813129,1.183275057507108,-1.2341380054908626,0.1944707679214639,-1.648511015325668,1.0,4.0,8.0,6.0,3.0,7.0,2.0,9.0,5.0,10.0,1.0,3.475,5.0,4.0,1.475,5.0,1.0,9.0,3.0,10.0,2.5249999999999915,6.0,8.0,8.0,4.0,8.0,3.0,9.0,7.0,10.0
276,subset_00001100,subset,2,0.0,0.0,0.0,0.0,0.5,0.5,0.0,0.0,0.9048888888888886,0.9888264649460884,0.911111111111111,0.9274288384587441,1.3229881511552706,0.4613412296812458,-0.6112269099235377,-0.05714080823700983,0.8197649977091315,-0.43082346073701244,1.1832750605610562,-1.234138008801445,0.1944707684860595,-1.6485110198937587,1.0,4.0,8.0,6.0,3.0,7.0,2.0,9.0,5.0,10.0,1.0,3.475,5.0,4.0,1.475,5.0,1.0,9.0,3.0,10.0,2.5249999999999915,6.0,8.0,8.0,4.0,8.0,3.0,9.0,7.0,10.0
277,lhs_022,lhs,8,0.1,0.05,0.15,0.1,0.15,0.3,0.1,0.05,0.9048888888888886,0.9888264649460884,0.911111111111111,0.9274288384587441,1.1119786997495935,0.37200108706179486,-0.4135319732759152,0.027751223214623925,0.837163020160008,-0.24463067237254094,1.0675791448245078,-1.1062646160766734,0.28909833378841404,-1.9411442470738127,1.0,4.0,8.0,6.0,3.0,7.0,2.0,9.0,5.0,10.0,1.0,4.0,6.0,4.0,1.0,5.475,1.0,9.0,4.0,10.0,3.0,6.0,8.0,8.0,3.5249999999999915,8.0,3.0,9.0,7.0,10.0
278,subset_10011000,subset,3,0.3333333333333333,0.0,0.0,0.3333333333333333,0.3333333333333333,0.0,0.0,0.0,0.904888888888889,0.9438798074485389,0.9555555555555554,0.927303285195468,1.0553118814442635,0.36658355431666634,-0.3319791667656114,0.06935142191888487,0.8242936008458256,-0.2202918364385542,1.0914765706142502,-1.1105324582120513,0.28354616832038715,-2.027759736044063,2.0,4.0,8.0,6.0,3.0,7.0,1.0,9.0,5.0,10.0,1.0,4.0,7.0,4.0,1.475,5.0,1.0,9.0,4.0,10.0,3.0,6.0,8.0,8.0,3.5249999999999915,8.0,3.0,9.0,6.0,10.0
279,subset_10111010,subset,5,0.2,0.0,0.2,0.2,0.2,0.0,0.2,0.0,0.9048888888888889,0.9438798074485389,0.9555555555555554,0.927303285195468,0.9639349667140946,0.3324025415113238,-0.23596609595244078,0.10711692902806533,0.837529991992041,-0.1625235651132128,1.0367015441882372,-1.082965438337731,0.3281440503141488,-2.1243749243445276,2.0,4.0,8.0,6.0,3.0,7.0,1.0,9.0,5.0,10.0,1.0,4.0,6.475,4.0,1.475,6.0,1.0,9.0,4.0,10.0,3.0,6.0,8.0,8.0,3.0,8.0,3.0,9.0,6.0,10.0
280,lattice_099,lattice,5,0.05,0.0,0.0,0.25,0.15,0.5,0.05,0.0,0.9044444444444443,0.9888264649460884,0.911111111111111,0.927206616236522,1.2829969911776549,0.44029791494339887,-0.5801371014157141,-0.0478833307327249,0.8278102153671223,-0.39906685870156894,1.1500434272824038,-1.1778878127745898,0.21575714539766633,-1.7119305905436493,1.0,4.0,8.0,6.0,3.0,7.0,2.0,9.0,5.0,10.0,1.0,3.475,5.0,4.0,1.475,5.0,1.0,9.0,3.0,10.0,2.5249999999999915,6.0,8.0,8.0,4.0,8.0,3.0,9.0,7.0,10.0
281,lhs_069,lhs,6,0.05,0.1,0.05,0.0,0.5,0.2,0.0,0.1,0.9044444444444443,0.9888264649460884,0.911111111111111,0.927206616236522,1.122661491776969,0.37789412113536247,-0.41888976232743313,0.03275577600640056,0.8357172656356594,-0.27232719825395635,1.1126355161144603,-1.1628793596920979,0.27767556736919663,-1.9052434177645607,1.0,4.0,8.0,6.0,3.0,7.0,2.0,9.0,5.0,10.0,1.0,4.0,6.0,4.0,1.0,6.0,1.0,9.0,4.0,10.0,3.0,6.0,8.0,8.0,3.0,8.0,3.0,9.0,6.5249999999999915,10.0
282,subset_00111010,subset,4,0.0,0.0,0.25,0.25,0.25,0.0,0.25,0.0,0.9044444444444444,0.9438798074485389,0.9555555555555554,0.9270810629732458,0.9932724057870366,0.3541898932223557,-0.2443387425034217,0.10731406890195373,0.8355958742522547,-0.2210421922660581,1.0825385848082607,-1.1769394849088488,0.309418922498953,-2.040009329792486,2.0,4.0,8.0,6.0,3.0,7.0,1.0,9.0,5.0,10.0,1.0,4.0,6.0,4.0,1.475,6.0,1.0,9.0,4.0,10.0,3.0,6.0,8.0,8.0,3.0,8.0,3.0,9.0,6.0,10.0
283,lattice_093,lattice,7,0.1,0.0,0.35,0.2,0.15,0.05,0.05,0.1,0.9044444444444444,0.9438798074485389,0.9555555555555554,0.9270810629732458,1.0265997343885576,0.3571789305520414,-0.2929197435746409,0.09144149177059592,0.8231335169839205,-0.1577649160345395,1.0541144571495358,-1.1592537115910388,0.3088069644853742,-2.0513367241298073,2.0,4.0,8.0,6.0,3.0,7.0,1.0,9.0,5.0,10.0,1.0,4.0,7.0,4.0,1.0,6.0,1.0,9.0,4.0,10.0,3.0,6.0,8.0,8.0,3.0,8.0,3.0,9.0,6.0,10.0
284,subset_10110000,subset,3,0.3333333333333333,0.0,0.3333333333333333,0.3333333333333333,0.0,0.0,0.0,0.0,0.9044444444444443,0.9438798074485389,0.9555555555555554,0.9270810629732457,0.9956858515487361,0.3487952768481045,-0.2713030536111203,0.10139153952759924,0.8101968445607238,-0.0925197438485115,1.0232930777730458,-1.103369379122368,0.3155487841648173,-2.1277191978410293,2.0,4.0,8.0,6.0,3.0,7.0,1.0,9.0,5.0,10.0,1.0,4.0,7.0,4.0,1.475,5.0,1.0,9.0,4.0,10.0,3.0,6.0,8.0,8.0,3.0,8.0,3.0,9.0,6.0,10.0
285,subset_10101000,subset,3,0.3333333333333333,0.0,0.3333333333333333,0.0,0.3333333333333333,0.0,0.0,0.0,0.9044444444444443,0.9438798074485389,0.9555555555555554,0.9270810629732457,0.9956858534991572,0.3487952775666808,-0.27130305427836937,0.10139153961314425,0.8101968459294402,-0.09251974446443381,1.0232930798090112,-1.103369381329423,0.3155487845412143,-2.127719200886423,2.0,4.0,8.0,6.0,3.0,7.0,1.0,9.0,5.0,10.0,1.0,4.0,7.0,4.0,1.475,5.0,1.0,9.0,4.0,10.0,3.0,6.0,8.0,8.0,3.0,8.0,3.0,9.0,6.0,10.0
286,lattice_080,lattice,7,0.1,0.05,0.0,0.1,0.5,0.05,0.05,0.15,0.9044444444444443,0.9438798074485389,0.9555555555555554,0.9270810629732457,1.050336818535787,0.35024481874920044,-0.3342169585332804,0.06655688913263821,0.8479693676597881,-0.25258756343417443,1.0962518023756516,-1.1233749052479194,0.3011273703504522,-2.002307639588144,2.0,4.0,8.0,6.0,3.0,7.0,1.0,9.0,5.0,10.0,1.0,4.0,6.0,4.475,2.0,6.0,1.0,9.0,4.0,10.0,3.0,6.0,8.0,8.0,3.0,8.0,3.0,9.0,6.0,10.0
287,subset_00110110,subset,4,0.0,0.0,0.25,0.25,0.0,0.25,0.25,0.0,0.9039999999999999,0.9888264649460884,0.911111111111111,0.9269843940142998,1.07492887142424,0.3712361254533457,-0.35158669932767445,0.05331219066325433,0.8385747871837106,-0.2533473089691648,1.0689070310281628,-1.1378764570085564,0.29475582061312755,-1.9589043610604457,1.0,4.0,8.0,6.0,3.0,7.0,2.0,9.0,5.0,10.0,1.0,4.0,6.0,4.0,1.0,6.0,1.0,9.0,4.0,10.0,3.0,6.0,8.0,8.0,3.0,8.0,3.0,9.0,7.0,10.0
288,subset_00101110,subset,4,0.0,0.0,0.25,0.0,0.25,0.25,0.25,0.0,0.9039999999999999,0.9888264649460884,0.911111111111111,0.9269843940142998,1.0749288728870559,0.37123612599227795,-0.35158669982811125,0.05331219072741308,0.8385747882102479,-0.25334730943110656,1.0689070325551369,-1.1378764586638477,0.2947558208954253,-1.9589043633444911,1.0,4.0,8.0,6.0,3.0,7.0,2.0,9.0,5.0,10.0,1.0,4.0,6.0,4.0,1.0,6.0,1.0,9.0,4.0,10.0,3.0,6.0,8.0,8.0,3.0,8.0,3.0,9.0,7.0,10.0
289,lhs_063,lhs,6,0.05,0.15,0.3,0.0,0.35,0.05,0.0,0.1,0.9039999999999999,0.9438798074485389,0.9555555555555554,0.9268588407510235,1.005654735680532,0.34104251714182754,-0.29699537057274433,0.09509148842814792,0.8264346197127456,-0.1313289222512899,1.0557284361029367,-1.163128116097372,0.3243529880057001,-2.0568523761504833,2.0,4.0,8.0,6.0,3.0,7.0,1.0,9.0,5.0,10.0,1.0,4.0,7.0,4.0,1.0,5.0,1.0,9.0,4.0,10.0,3.0,6.5249999999999915,8.0,8.0,3.0,8.0,3.0,9.0,6.0,10.0
290,lattice_003,lattice,5,0.05,0.0,0.05,0.0,0.35,0.3,0.25,0.0,0.903111111111111,0.9888264649460884,0.911111111111111,0.9265399495698553,1.111381283478886,0.3762185573920095,-0.3997291847593307,0.026061015579050703,0.8492015891228484,-0.3145833797843052,1.0892315781831843,-1.1041019599101607,0.28158401047746323,-1.9152635097796458,1.0,4.0,8.0,6.0,3.0,7.0,2.0,9.0,5.0,10.0,1.0,4.0,5.475,4.0,1.0,6.0,1.0,9.0,4.0,10.0,3.0,6.0,8.0,8.0,3.5249999999999915,8.0,3.0,9.0,7.0,10.0
291,lattice_040,lattice,6,0.0,0.1,0.25,0.05,0.15,0.3,0.15,0.0,0.9031111111111109,0.9888264649460884,0.911111111111111,0.9265399495698553,1.0933467732207416,0.37196712456627296,-0.39171329286645884,0.04135239660315025,0.8323806004322442,-0.2279728456669056,1.0690287210584095,-1.1464112582057044,0.29493040024908473,-1.936908619390834,1.0,4.0,8.0,6.0,3.0,7.0,2.0,9.0,5.0,10.0,1.0,4.0,5.475,4.0,1.0,5.475,1.0,9.0,3.475,10.0,3.0,6.0,8.0,8.0,4.0,8.0,3.0,9.0,7.0,10.0
292,subset_00011001,subset,3,0.0,0.0,0.0,0.3333333333333333,0.3333333333333333,0.0,0.0,0.3333333333333333,0.903111111111111,0.9438798074485389,0.9555555555555554,0.9264143963065791,1.0558292610255646,0.34505445245479477,-0.32756985387790266,0.0698831051784237,0.8601870845849028,-0.2758671369387686,1.1071586312902233,-1.14170880218321,0.3041006703288126,-1.9970674118628418,2.0,4.0,8.0,6.0,3.0,7.0,1.0,9.0,5.0,10.0,1.0,4.0,6.475,4.475,1.475,6.0,1.0,9.0,4.0,10.0,3.0,6.0,8.0,8.0,3.0,8.0,3.0,9.0,6.0,10.0
293,subset_00111110,subset,5,0.0,0.0,0.2,0.2,0.2,0.2,0.2,0.0,0.903111111111111,0.9438798074485389,0.9555555555555554,0.9264143963065791,1.091878141115565,0.3824386534065297,-0.36061555871714607,0.05282234217868126,0.8336212641162125,-0.27592049264149165,1.0972332584467805,-1.1727539785272512,0.2805640509420441,-1.9292676803199247,2.0,4.0,8.0,6.0,3.0,7.0,1.0,9.0,5.0,10.0,1.0,4.0,6.0,4.0,1.0,6.0,1.0,9.0,4.0,10.0,3.0,6.0,8.0,8.0,3.0,8.0,3.0,9.0,6.5249999999999915,10.0
294,lhs_005,lhs,7,0.1,0.1,0.0,0.1,0.45,0.1,0.1,0.05,0.903111111111111,0.9438798074485389,0.9555555555555554,0.9264143963065791,1.050191886400349,0.35308616958433603,-0.3429993259417652,0.06243917015365393,0.8442006991929253,-0.2504978841373044,1.0952185669784489,-1.1229216729696263,0.30030523578876644,-1.989022845049784,2.0,4.0,8.0,6.0,3.0,7.0,1.0,9.0,5.0,10.0,1.0,4.0,6.0,4.0,2.0,6.0,1.0,9.0,4.0,10.0,3.0,6.0,8.0,8.0,3.0,8.0,3.0,9.0,6.0,10.0
295,lhs_098,lhs,6,0.2,0.1,0.1,0.0,0.05,0.0,0.45,0.1,0.9253333333333331,0.8989331499509895,0.9555555555555554,0.9262888430433027,0.7823989909872382,0.2267977551056741,-0.10245835378633036,0.14744096796702352,0.8941888026769917,-0.07283712809013865,0.9213839853711865,-0.8683620145694351,0.4320095592044968,-2.360562564866707,3.0,5.0,8.0,6.0,2.0,7.0,1.0,9.0,4.0,10.0,1.0,5.0,7.0,5.0,1.0,6.0,1.0,9.0,4.0,10.0,3.0,6.5249999999999915,8.0,7.0,3.0,8.0,3.0,9.0,4.5249999999999915,10.0
296,lhs_087,lhs,7,0.15,0.05,0.3,0.05,0.0,0.3,0.05,0.1,0.9022222222222221,0.9888264649460884,0.911111111111111,0.926095505125411,1.0782522506223837,0.35451096664555204,-0.38751781055173473,0.041311364265682694,0.8328771775790982,-0.1615615018235989,1.0189027962424684,-1.0731886549022964,0.31218344747980964,-2.0157700355573653,1.0,4.0,8.0,6.0,3.0,7.0,2.0,9.0,5.0,10.0,1.0,4.0,6.0,4.0,1.0,5.475,1.0,9.0,4.0,10.0,3.0,6.0,8.0,8.0,3.0,8.0,3.0,9.0,7.0,10.0
297,lhs_082,lhs,7,0.15,0.1,0.05,0.05,0.0,0.05,0.5,0.1,0.9248888888888888,0.8989331499509895,0.9555555555555554,0.9260666208210806,0.7989920307374986,0.23003149192066208,-0.12134510266953191,0.13554551010437613,0.9017983880747721,-0.110483780736273,0.9313720451255854,-0.8658931574050839,0.4276381646563901,-2.327655589808396,3.0,5.0,8.0,6.0,2.0,7.0,1.0,9.0,4.0,10.0,1.0,5.0,6.475,5.0,1.0,6.0,1.0,9.0,4.0,10.0,3.0,6.0,8.0,7.0,3.0,8.0,3.0,9.0,4.5249999999999915,10.0
298,lhs_001,lhs,8,0.05,0.05,0.15,0.15,0.3,0.05,0.1,0.15,0.9022222222222221,0.9438798074485389,0.9555555555555554,0.9259699518621346,1.0148229472212902,0.3393963426368534,-0.2952484481589367,0.08468587748295935,0.8465251167002162,-0.2071099371856618,1.0680560771813472,-1.1244208062098167,0.3188901656861687,-2.0455973353544206,2.0,4.0,8.0,6.0,3.0,7.0,1.0,9.0,5.0,10.0,1.0,4.0,6.0,4.0,1.0,6.0,1.0,9.0,4.0,10.0,3.0,6.0,8.0,8.0,3.0,8.0,3.0,9.0,6.0,10.0
299,lhs_061,lhs,8,0.05,0.05,0.2,0.3,0.1,0.05,0.15,0.1,0.9022222222222221,0.9438798074485389,0.9555555555555554,0.9259699518621346,0.9971192773531302,0.3371137148287827,-0.275144168463922,0.09312307803607185,0.8439258696546984,-0.19162764345435312,1.057963090127219,-1.122939178640829,0.3239690008543732,-2.0635030402951724,2.0,4.0,8.0,6.0,3.0,7.0,1.0,9.0,5.0,10.0,1.0,4.0,6.0,4.0,1.0,6.0,1.0,9.0,4.0,10.0,3.0,6.0,8.0,8.0,3.0,8.0,3.0,9.0,6.0,10.0
300,lattice_001,lattice,6,0.05,0.15,0.2,0.1,0.35,0.0,0.0,0.15,0.902222222222222,0.9438798074485389,0.9555555555555554,0.9259699518621346,0.9916343574008918,0.33064060691374103,-0.28337444169458426,0.09913285232114696,0.8370248507174799,-0.1496476130364885,1.0634028638812685,-1.1475063557104541,0.3297303782837419,-2.0710374990767426,2.0,4.0,8.0,6.0,3.0,7.0,1.0,9.0,5.0,10.0,1.0,4.0,7.0,4.0,1.0,5.0,1.0,9.0,4.0,10.0,3.0,6.0,8.0,8.0,3.0,8.0,3.0,9.0,6.0,10.0
301,subset_00110101,subset,4,0.0,0.0,0.25,0.25,0.0,0.25,0.0,0.25,0.9017777777777778,0.9888264649460884,0.911111111111111,0.9258732829031887,1.1187276939549473,0.36930805477548123,-0.4066010114355694,0.03515627591175139,0.8409984521178616,-0.23492970679735087,1.0682343420869793,-1.13991228057036,0.29336360580853427,-1.9443454258522754,1.0,4.0,8.0,6.0,3.0,7.0,2.0,9.0,5.0,10.0,1.0,4.0,6.0,4.0,1.0,6.0,1.0,9.0,4.0,10.0,3.0,6.0,8.0,8.0,3.0,8.0,3.0,9.0,6.5249999999999915,10.0
302,subset_00101101,subset,4,0.0,0.0,0.25,0.0,0.25,0.25,0.0,0.25,0.9017777777777778,0.9888264649460884,0.911111111111111,0.9258732829031887,1.1187276954177632,0.3693080553144134,-0.40660101193600623,0.03515627597591014,0.8409984531443989,-0.23492970725929263,1.0682343436139534,-1.1399122822256513,0.293363606090832,-1.9443454281363208,1.0,4.0,8.0,6.0,3.0,7.0,2.0,9.0,5.0,10.0,1.0,4.0,6.0,4.0,1.0,6.0,1.0,9.0,4.0,10.0,3.0,6.0,8.0,8.0,3.0,8.0,3.0,9.0,6.5249999999999915,10.0
303,subset_10111101,subset,6,0.16666666666666666,0.0,0.16666666666666666,0.16666666666666666,0.16666666666666666,0.16666666666666666,0.0,0.16666666666666666,0.9017777777777778,0.9888264649460884,0.911111111111111,0.9258732829031887,1.0801952010204965,0.35828901983139777,-0.3709350919609712,0.049636070236651036,0.8371779072114753,-0.205730185170339,1.056138153029552,-1.0964970731561217,0.30004932617779656,-2.0083233272199386,1.0,4.0,8.0,6.0,3.0,7.0,2.0,9.0,5.0,10.0,1.0,4.0,6.0,4.0,1.0,6.0,1.0,9.0,4.0,10.0,3.0,6.0,8.0,8.0,3.0,8.0,3.0,9.0,6.0,10.0
304,subset_00010101,subset,3,0.0,0.0,0.0,0.3333333333333333,0.0,0.3333333333333333,0.0,0.3333333333333333,0.9017777777777777,0.9888264649460884,0.911111111111111,0.9258732829031887,1.164704548541836,0.3677827620961148,-0.47056712964357295,-0.002119399139842187,0.8641589684935106,-0.3189406258762442,1.0889832262500927,-1.0896247649828201,0.28454986781437874,-1.8889274535534544,1.0,4.0,8.0,6.0,3.0,7.0,2.0,9.0,5.0,10.0,1.0,4.0,6.0,4.0,1.0,6.0,1.0,9.0,4.0,10.0,3.0,6.0,8.0,8.0,3.0,8.0,3.0,9.0,6.5249999999999915,10.0
305,subset_00001101,subset,3,0.0,0.0,0.0,0.0,0.3333333333333333,0.3333333333333333,0.0,0.3333333333333333,0.9017777777777777,0.9888264649460884,0.911111111111111,0.9258732829031887,1.164704550492257,0.367782762814691,-0.47056713031082203,-0.0021193990542971853,0.8641589698622271,-0.31894062649216653,1.0889832282860583,-1.089624767189875,0.28454986819077577,-1.888927456598848,1.0,4.0,8.0,6.0,3.0,7.0,2.0,9.0,5.0,10.0,1.0,4.0,6.0,4.0,1.0,6.0,1.0,9.0,4.0,10.0,3.0,6.0,8.0,8.0,3.0,8.0,3.0,9.0,6.5249999999999915,10.0
306,subset_10110101,subset,5,0.2,0.0,0.2,0.2,0.0,0.2,0.0,0.2,0.9017777777777777,0.9888264649460884,0.911111111111111,0.9258732829031887,1.0642991972484233,0.34449707075382424,-0.365775911098159,0.04939069463590345,0.8418520542845266,-0.17363357673824706,1.0252581500112121,-1.05334367486694,0.3152997969618138,-2.047843801192359,1.0,4.0,8.0,6.0,3.0,7.0,2.0,9.0,5.0,10.0,1.0,4.0,6.475,4.0,1.0,6.0,1.0,9.0,4.0,10.0,3.0,6.0,8.0,8.0,3.0,8.0,3.0,9.0,6.0,10.0
307,subset_10101101,subset,5,0.2,0.0,0.2,0.0,0.2,0.2,0.0,0.2,0.9017777777777777,0.9888264649460884,0.911111111111111,0.9258732829031887,1.064299198418676,0.34449707118496997,-0.3657759114985084,0.049390694687230445,0.8418520551057564,-0.17363357710780045,1.0252581512327914,-1.053343676191173,0.31529979718765205,-2.047843803019595,1.0,4.0,8.0,6.0,3.0,7.0,2.0,9.0,5.0,10.0,1.0,4.0,6.475,4.0,1.0,6.0,1.0,9.0,4.0,10.0,3.0,6.0,8.0,8.0,3.0,8.0,3.0,9.0,6.0,10.0
308,lattice_098,lattice,5,0.1,0.0,0.1,0.0,0.1,0.4,0.3,0.0,0.9017777777777777,0.9888264649460884,0.911111111111111,0.9258732829031887,1.0951088067346386,0.35932549446520656,-0.40243714250847135,0.018523759493321766,0.8563238595371935,-0.27658301100353966,1.0403198009932864,-1.0311520925150275,0.30180553929370224,-1.9612350144903108,1.0,4.0,8.0,6.0,3.0,7.0,2.0,9.0,5.0,10.0,1.0,4.0,5.0,4.0,1.0,5.475,1.0,9.0,4.0,10.0,3.0,6.0,8.0,8.0,3.5249999999999915,8.0,3.0,9.0,7.0,10.0
309,lhs_026,lhs,6,0.0,0.0,0.3,0.05,0.3,0.1,0.05,0.2,0.9017777777777778,0.9438798074485389,0.9555555555555554,0.9257477296399125,1.0520301467524074,0.35679768838332154,-0.3221479583466146,0.07599460349790578,0.8366118587506226,-0.2000643436908966,1.0663202894386734,-1.1618684720589552,0.3072403025034509,-2.010914115229915,2.0,4.0,8.0,6.0,3.0,7.0,1.0,9.0,5.0,10.0,1.0,4.0,6.475,4.0,1.0,6.0,1.0,9.0,4.0,10.0,3.0,6.0,8.0,8.0,3.0,8.0,3.0,9.0,6.0,10.0
310,lhs_044,lhs,6,0.1,0.1,0.0,0.2,0.35,0.1,0.0,0.15,0.9017777777777778,0.9438798074485389,0.9555555555555554,0.9257477296399125,1.0677114148275055,0.3523149410976173,-0.3650050505847484,0.05517680422738925,0.8451701647559707,-0.24313084308380212,1.094949490791186,-1.123736001732231,0.29974834975401005,-1.9831992700528978,2.0,4.0,8.0,6.0,3.0,7.0,1.0,9.0,5.0,10.0,1.0,4.0,6.0,4.0,1.0,6.0,1.0,9.0,4.0,10.0,3.0,6.5249999999999915,8.0,8.0,3.0,8.0,3.0,9.0,6.0,10.0
311,subset_10010000,subset,2,0.5,0.0,0.0,0.5,0.0,0.0,0.0,0.0,0.9017777777777777,0.9438798074485389,0.9555555555555554,0.9257477296399124,1.0031302122259635,0.33625094886536666,-0.29960325201090104,0.07859565875813282,0.8295368153456284,-0.14733114099243186,1.0319457718607494,-1.009666655017062,0.31342076635172555,-2.136279125387175,2.0,4.0,8.0,6.0,3.0,7.0,1.0,9.0,5.0,10.0,1.0,4.0,7.0,4.0,1.475,5.0,1.0,9.0,4.0,10.0,3.0,6.0,8.0,8.0,3.0,8.0,3.0,9.0,6.0,10.0
312,subset_10001000,subset,2,0.5,0.0,0.0,0.0,0.5,0.0,0.0,0.0,0.9017777777777777,0.9438798074485389,0.9555555555555554,0.9257477296399124,1.003130215151595,0.336250949943231,-0.29960325301177465,0.07859565888645031,0.829536817398703,-0.14733114191631533,1.0319457749146976,-1.0096666583276448,0.31342076691632115,-2.1362791299552657,2.0,4.0,8.0,6.0,3.0,7.0,1.0,9.0,5.0,10.0,1.0,4.0,7.0,4.0,1.475,5.0,1.0,9.0,4.0,10.0,3.0,6.0,8.0,8.0,3.0,8.0,3.0,9.0,6.0,10.0
313,lattice_077,lattice,6,0.0,0.25,0.1,0.05,0.0,0.5,0.05,0.05,0.9013333333333332,0.9888264649460884,0.911111111111111,0.9256510606809665,1.1487200188540994,0.36531878408709756,-0.5010802069652156,-0.008669056549893032,0.8443515571126132,-0.24014084367778968,1.0621987265096218,-1.0913315868793978,0.29782909378652545,-1.8771964862776602,1.0,4.0,8.0,6.0,3.0,7.0,2.0,9.0,5.0,10.0,1.0,4.0,5.0,4.0,1.475,5.0,1.0,9.0,3.475,10.0,3.0,6.0,8.0,8.0,4.0,8.0,3.0,9.0,7.0,10.0
314,subset_00000100,subset,1,0.0,0.0,0.0,0.0,0.0,1.0,0.0,0.0,0.9013333333333331,0.9888264649460884,0.911111111111111,0.9256510606809664,1.4863010824296776,0.4954336941432259,-0.8257228235720432,-0.16514456471440864,0.8257228235720432,-0.4954336941432259,1.1560119530008603,-1.1560119530008603,0.16514456471440864,-1.4863010824296776,1.0,4.0,8.0,6.0,3.0,7.0,2.0,9.0,5.0,10.0,1.0,3.0,5.0,4.0,1.475,5.0,1.0,9.0,3.0,10.0,2.5249999999999915,6.0,8.0,8.0,4.0,8.0,3.0,9.0,7.5249999999999915,10.0
315,subset_10011101,subset,5,0.2,0.0,0.0,0.2,0.2,0.2,0.0,0.2,0.9008888888888887,0.9888264649460884,0.911111111111111,0.9254288384587442,1.1000748151857398,0.35517003723496127,-0.40218157899085366,0.030166624070674813,0.8503101080555877,-0.2502968322922727,1.066168245715935,-1.05764152232075,0.2960982274551557,-1.987868124114179,1.0,4.0,8.0,6.0,3.0,7.0,2.0,9.0,5.0,10.0,1.0,4.0,6.0,4.0,1.0,6.0,1.0,9.0,4.0,10.0,3.0,6.0,8.0,8.0,3.0,8.0,3.0,9.0,6.0,10.0
316,subset_10111001,subset,5,0.2,0.0,0.2,0.2,0.2,0.0,0.0,0.2,0.9008888888888887,0.9438798074485389,0.9555555555555554,0.9253032851954679,0.9989740247386605,0.3308600849690322,-0.27997754563875676,0.09259219722686297,0.8394689239393619,-0.14778948337576167,1.0361633930352905,-1.084594097187174,0.3270302784704741,-2.1127277761779912,2.0,4.0,8.0,6.0,3.0,7.0,1.0,9.0,5.0,10.0,1.0,4.0,7.0,4.475,1.0,5.475,1.0,9.0,4.0,10.0,3.0,6.0,8.0,8.0,3.0,8.0,3.0,9.0,6.0,10.0
317,subset_10010101,subset,4,0.25,0.0,0.0,0.25,0.0,0.25,0.0,0.25,0.9004444444444445,0.9888264649460884,0.911111111111111,0.9252066162365221,1.0851747140119585,0.3371503552388852,-0.403544224669809,0.024992543028246272,0.8594358421079296,-0.22131773353264111,1.0300757651146055,-0.99398588675043,0.314173541254517,-2.0321549158032637,1.0,4.0,8.0,6.0,3.0,7.0,2.0,9.0,5.0,10.0,1.0,4.0,6.0,4.0,1.0,6.0,1.0,9.0,4.0,10.0,3.0,6.0,8.0,8.0,3.0,8.0,3.0,9.0,6.0,10.0
318,subset_10001101,subset,4,0.25,0.0,0.0,0.0,0.25,0.25,0.0,0.25,0.9004444444444445,0.9888264649460884,0.911111111111111,0.9252066162365221,1.0851747154747744,0.33715035577781743,-0.4035442251702458,0.02499254309240502,0.8594358431344669,-0.22131773399458282,1.0300757666415796,-0.9939858884057213,0.3141735415368148,-2.032154918087309,1.0,4.0,8.0,6.0,3.0,7.0,2.0,9.0,5.0,10.0,1.0,4.0,6.0,4.0,1.0,6.0,1.0,9.0,4.0,10.0,3.0,6.0,8.0,8.0,3.0,8.0,3.0,9.0,6.0,10.0
319,lattice_056,lattice,7,0.25,0.1,0.05,0.15,0.0,0.35,0.05,0.05,0.9004444444444444,0.9888264649460884,0.911111111111111,0.925206616236522,1.100277603883753,0.35210834817575626,-0.4333845763948406,0.01507891623341078,0.8433117380127736,-0.20784095426722468,1.033154163435832,-1.017995414736633,0.30500566689268566,-1.9897154912355135,1.0,4.0,8.0,6.0,3.0,7.0,2.0,9.0,5.0,10.0,1.0,4.0,6.0,4.0,1.0,5.0,1.0,9.0,4.0,10.0,3.0,6.0,8.0,8.0,3.0,8.0,3.0,9.0,7.0,10.0
320,lhs_011,lhs,6,0.15,0.0,0.0,0.25,0.3,0.1,0.05,0.15,0.9004444444444444,0.9438798074485389,0.9555555555555554,0.9250810629732458,1.0743069646050802,0.3578369398979552,-0.35799230806581195,0.05262528723901728,0.8470608451356193,-0.2629465144944528,1.0896146440314713,-1.1031193090648865,0.29327953164808385,-1.9906660809320773,2.0,4.0,8.0,6.0,3.0,7.0,1.0,9.0,5.0,10.0,1.0,4.0,6.0,4.475,1.0,6.0,1.0,9.0,4.0,10.0,3.0,6.0,8.0,8.0,3.0,8.0,3.0,9.0,6.0,10.0
321,subset_01111000,subset,4,0.0,0.25,0.25,0.25,0.25,0.0,0.0,0.0,0.9004444444444443,0.9438798074485389,0.9555555555555554,0.9250810629732457,0.998488924534057,0.34749427381131437,-0.29103124693738286,0.10441552274272577,0.8186209488547862,-0.14145347473497322,1.089658583719979,-1.2178079985412822,0.3171869219671632,-2.025572455416387,2.0,4.0,8.0,6.0,3.0,7.0,1.0,9.0,5.0,10.0,1.0,4.0,7.0,4.0,1.475,5.0,1.0,9.0,4.0,10.0,3.0,7.0,8.0,8.0,3.5249999999999915,8.0,3.0,9.0,6.0,10.0
322,subset_10110110,subset,5,0.2,0.0,0.2,0.2,0.0,0.2,0.2,0.0,0.8999999999999999,0.9888264649460884,0.911111111111111,0.9249843940142998,1.0292601392238574,0.34603952729611587,-0.321764461411843,0.0639154264371058,0.8399131223372057,-0.1883676584756982,1.0257963011641589,-1.051715016017497,0.31641356880548843,-2.059490949358895,1.0,4.0,8.0,6.0,3.0,7.0,2.0,9.0,5.0,10.0,1.0,4.0,6.0,4.0,1.0,6.0,1.0,9.0,4.0,10.0,3.0,6.0,8.0,8.0,3.0,8.0,3.0,9.0,6.0,10.0
323,subset_10101110,subset,5,0.2,0.0,0.2,0.0,0.2,0.2,0.2,0.0,0.8999999999999999,0.9888264649460884,0.911111111111111,0.9249843940142998,1.0292601403941102,0.3460395277272616,-0.3217644618121924,0.06391542648843279,0.8399131231584356,-0.18836765884525158,1.0257963023857382,-1.0517150173417302,0.31641356903132667,-2.0594909511861315,1.0,4.0,8.0,6.0,3.0,7.0,2.0,9.0,5.0,10.0,1.0,4.0,6.0,4.0,1.0,6.0,1.0,9.0,4.0,10.0,3.0,6.0,8.0,8.0,3.0,8.0,3.0,9.0,6.0,10.0
324,lhs_075,lhs,6,0.1,0.0,0.0,0.15,0.25,0.25,0.2,0.05,0.8999999999999999,0.9888264649460884,0.911111111111111,0.9249843940142998,1.0970991579912999,0.3659921565795601,-0.388671098162645,0.031197461661293724,0.8527780169054787,-0.301716441079214,1.084191634840308,-1.083136450445419,0.28840017481352753,-1.9461346131041903,1.0,4.0,8.0,6.0,3.0,7.0,2.0,9.0,5.0,10.0,1.0,4.0,6.0,4.0,1.0,6.0,1.0,9.0,4.0,10.0,3.0,6.0,8.0,8.0,3.0,8.0,3.0,9.0,6.0,10.0
325,subset_00100101,subset,3,0.0,0.0,0.3333333333333333,0.0,0.0,0.3333333333333333,0.0,0.3333333333333333,0.8995555555555554,0.9888264649460884,0.911111111111111,0.9247621717920775,1.1050785205967295,0.34999448534612926,-0.40989101715633086,0.02992071855441719,0.8500622135771252,-0.19116853390212382,1.0207997354448537,-1.0824616881001918,0.3165524840352059,-1.9888869183958144,1.0,4.0,8.0,6.0,3.0,7.0,2.0,9.0,5.0,10.0,1.0,4.0,6.0,4.0,1.0,6.0,1.0,9.0,4.0,10.0,3.0,6.0,8.0,8.0,3.0,8.0,3.0,9.0,6.5249999999999915,10.0
326,lattice_048,lattice,7,0.25,0.05,0.0,0.35,0.1,0.1,0.1,0.05,0.8995555555555554,0.9438798074485389,0.9555555555555554,0.9246366185288013,1.0265217378112217,0.339069481016113,-0.32589953525661997,0.06485448601132163,0.845842322782347,-0.21061939458928794,1.0555892401381877,-1.049959200449658,0.3133147762823663,-2.058713913745993,2.0,4.0,8.0,6.0,3.0,7.0,1.0,9.0,5.0,10.0,1.0,4.0,6.0,4.0,1.0,6.0,1.0,9.0,4.0,10.0,3.0,6.0,8.0,8.0,3.0,8.0,3.0,9.0,6.0,10.0
327,lattice_082,lattice,6,0.0,0.1,0.1,0.45,0.0,0.15,0.05,0.15,0.8995555555555554,0.9438798074485389,0.9555555555555554,0.9246366185288013,1.0731272404274526,0.35664373414821027,-0.36630032247440525,0.05492612817273021,0.8448632444489771,-0.24516826223631227,1.092114216866119,-1.1483034982807279,0.3008157526441976,-1.9627182337162423,2.0,4.0,8.0,6.0,3.0,7.0,1.0,9.0,5.0,10.0,1.0,4.0,6.0,4.0,1.0,6.0,1.0,9.0,4.0,10.0,3.0,6.0,8.0,8.0,3.0,8.0,3.0,9.0,6.0,10.0
328,lhs_039,lhs,8,0.3,0.05,0.05,0.2,0.05,0.2,0.1,0.05,0.8991111111111109,0.9888264649460884,0.911111111111111,0.9245399495698553,1.0345859199865368,0.33411995108398057,-0.34998452698708366,0.05083302346025039,0.8464923396833346,-0.1824874191177409,1.0220498562954967,-1.0029997877918249,0.32121230753994034,-2.0738216641528915,1.0,4.0,8.0,6.0,3.0,7.0,2.0,9.0,5.0,10.0,1.0,4.0,6.0,4.0,1.0,6.0,1.0,9.0,4.0,10.0,3.0,6.0,8.0,8.0,3.0,8.0,3.0,9.0,6.0,10.0
329,subset_01111100,subset,5,0.0,0.2,0.2,0.2,0.2,0.2,0.0,0.0,0.899111111111111,0.9438798074485389,0.9555555555555554,0.9244143963065791,1.0960513561131813,0.37708215787769667,-0.3979695622643149,0.05050350525129887,0.8200413237982377,-0.21224951861662378,1.1029292575761553,-1.2054487894331978,0.28677845051661227,-1.917718180819045,2.0,4.0,8.0,6.0,3.0,7.0,1.0,9.0,5.0,10.0,1.0,4.0,6.0,4.0,1.475,5.0,1.0,9.0,3.475,10.0,3.0,6.5249999999999915,8.0,8.0,4.0,8.0,3.0,9.0,6.5249999999999915,10.0
330,subset_00010010,subset,2,0.0,0.0,0.0,0.5,0.0,0.0,0.5,0.0,0.9213333333333332,0.8989331499509895,0.9555555555555554,0.9242888430433028,0.9163086365365005,0.3078134374282884,-0.1829606584635479,0.11570501315044691,0.8785297110859422,-0.2675292960863812,1.0568142407570758,-1.052359523850193,0.34703694897355036,-2.1193585095316836,2.0,5.0,7.0,6.0,3.0,8.0,1.0,9.0,4.0,10.0,1.0,4.0,6.0,4.0,1.0,6.0,1.0,9.0,4.0,10.0,3.0,6.0,8.0,8.0,3.0,8.0,3.0,9.0,5.5249999999999915,10.0
331,subset_00001010,subset,2,0.0,0.0,0.0,0.0,0.5,0.0,0.5,0.0,0.9213333333333332,0.8989331499509895,0.9555555555555554,0.9242888430433028,0.9163086394621323,0.3078134385061527,-0.1829606594644215,0.11570501327876441,0.8785297131390168,-0.26752929701026473,1.056814243811024,-1.0523595271607755,0.3470369495381459,-2.1193585140997744,2.0,5.0,7.0,6.0,3.0,8.0,1.0,9.0,4.0,10.0,1.0,4.0,6.0,4.0,1.0,6.0,1.0,9.0,4.0,10.0,3.0,6.0,8.0,8.0,3.0,8.0,3.0,9.0,5.5249999999999915,10.0
332,lattice_053,lattice,4,0.0,0.3,0.05,0.0,0.25,0.0,0.4,0.0,0.9213333333333332,0.8989331499509895,0.9555555555555554,0.9242888430433028,0.816277925306735,0.2493363229073737,-0.14438211308775692,0.14296960154434815,0.8819343057364083,-0.1133834499562428,0.9936411488548139,-0.9963654666797415,0.41045493218883694,-2.240483206814774,3.0,5.0,8.0,6.0,2.0,7.0,1.0,9.0,4.0,10.0,1.0,4.0,6.0,5.0,1.0,5.0,1.0,9.0,4.0,10.0,3.0,7.0,8.0,8.0,3.0,8.0,2.5249999999999915,9.0,5.0,10.0
333,lhs_045,lhs,7,0.05,0.05,0.5,0.05,0.0,0.2,0.1,0.05,0.8982222222222223,0.9888264649460884,0.911111111111111,0.9240955051254109,1.0323632828698983,0.35560468446279886,-0.3166356461604115,0.08022082694747941,0.819596896538128,-0.1194361371055901,1.0192983384793324,-1.1446283351511197,0.31960394176999435,-2.0459878526505104,1.0,4.0,8.0,6.0,3.0,7.0,2.0,9.0,5.0,10.0,1.0,4.0,6.0,4.0,1.0,6.0,1.0,9.0,4.0,10.0,3.0,6.0,8.0,8.0,3.0,8.0,3.0,9.0,6.5249999999999915,10.0
334,lattice_086,lattice,7,0.2,0.05,0.15,0.2,0.05,0.2,0.15,0.0,0.898222222222222,0.9888264649460884,0.911111111111111,0.9240955051254108,1.0392473474575907,0.34736864503419185,-0.34020437927180885,0.05852969956395304,0.8386326507004772,-0.1916157288579876,1.037447824872683,-1.0609631806074364,0.3131667763224659,-2.0416096552141303,1.0,4.0,8.0,6.0,3.0,7.0,2.0,9.0,5.0,10.0,1.0,4.0,6.0,4.0,1.0,6.0,1.0,9.0,4.0,10.0,3.0,6.0,8.0,8.0,3.0,8.0,3.0,9.0,6.5249999999999915,10.0
335,subset_01011100,subset,4,0.0,0.25,0.0,0.25,0.25,0.25,0.0,0.0,0.8982222222222223,0.9438798074485389,0.9555555555555554,0.9239699518621347,1.124864912592906,0.37788171414372573,-0.4437862886275039,0.026383556297490562,0.8321724290000685,-0.26958766088061203,1.1271646495707843,-1.1841172799582522,0.2785218581980151,-1.8694978903366217,2.0,4.0,8.0,6.0,3.0,7.0,1.0,9.0,5.0,10.0,1.0,4.0,6.0,4.0,2.0,5.0,1.0,9.0,3.475,10.0,3.0,6.5249999999999915,8.0,8.0,4.0,8.0,3.0,9.0,6.5249999999999915,10.0
336,subset_10010011,subset,4,0.25,0.0,0.0,0.25,0.0,0.0,0.25,0.25,0.9204444444444444,0.8989331499509895,0.9555555555555554,0.9238443985988584,0.8818349581653895,0.26038645965133866,-0.1894110994402509,0.11141545378613339,0.8888181998228721,-0.13967065166926723,0.9668453567395893,-0.9030966459300953,0.3904566317805603,-2.2675786629062715,3.0,5.0,8.0,6.0,2.0,7.0,1.0,9.0,4.0,10.0,1.0,4.0,7.0,5.0,1.0,6.0,1.0,9.0,4.0,10.0,3.0,6.0,8.0,8.0,3.0,8.0,3.0,9.0,5.0,10.0
337,subset_10001011,subset,4,0.25,0.0,0.0,0.0,0.25,0.0,0.25,0.25,0.9204444444444444,0.8989331499509895,0.9555555555555554,0.9238443985988584,0.8818349596282051,0.26038646019027084,-0.1894110999406877,0.11141545385029214,0.8888182008494094,-0.13967065213120897,0.9668453582665634,-0.9030966475853865,0.3904566320628581,-2.267578665190317,3.0,5.0,8.0,6.0,2.0,7.0,1.0,9.0,4.0,10.0,1.0,4.0,7.0,5.0,1.0,6.0,1.0,9.0,4.0,10.0,3.0,6.0,8.0,8.0,3.0,8.0,3.0,9.0,5.0,10.0
338,subset_10111110,subset,6,0.16666666666666666,0.0,0.16666666666666666,0.16666666666666666,0.16666666666666666,0.16666666666666666,0.16666666666666666,0.0,0.8977777777777777,0.9438798074485389,0.9555555555555554,0.9237477296399124,1.050995986000025,0.35957440028330745,-0.3342588838890412,0.06174001340431966,0.835562130588708,-0.21800858661821496,1.0565866123236742,-1.0951398574482527,0.30097746938085873,-2.0180292840253857,2.0,4.0,8.0,6.0,3.0,7.0,1.0,9.0,5.0,10.0,1.0,4.0,6.0,4.0,1.0,6.0,1.0,9.0,4.0,10.0,3.0,6.0,8.0,8.0,3.0,8.0,3.0,9.0,6.0,10.0
339,subset_01100010,subset,3,0.0,0.3333333333333333,0.3333333333333333,0.0,0.0,0.0,0.3333333333333333,0.0,0.9199999999999998,0.8989331499509895,0.9555555555555554,0.9236221763766361,0.7825157744230548,0.2412858929184982,-0.11328443995167496,0.1654944243546333,0.8633739034215562,-0.0007442709385974518,0.9468827747487011,-1.013052953767252,0.4304768904336682,-2.3029479956425862,3.0,5.0,8.0,6.0,2.0,7.0,1.0,9.0,4.0,10.0,1.0,4.0,7.0,4.0,1.0,5.0,1.0,9.0,4.0,10.0,3.0,7.0,8.0,7.0,3.0,8.0,3.0,9.0,5.0,10.0
340,lhs_049,lhs,7,0.05,0.05,0.3,0.0,0.2,0.15,0.1,0.15,0.8973333333333333,0.9438798074485389,0.9555555555555554,0.9235255074176902,1.0206538209008738,0.3382101109917559,-0.31084338026937886,0.07750317914989631,0.8413731421604251,-0.16253454247855034,1.0319208848069505,-1.105572210452517,0.3274261022312107,-2.058137107040666,2.0,4.0,8.0,6.0,3.0,7.0,1.0,9.0,5.0,10.0,1.0,4.0,6.0,4.0,1.0,6.0,1.0,9.0,4.0,10.0,3.0,6.0,8.0,8.0,3.0,8.0,3.0,9.0,6.0,10.0
341,subset_00011110,subset,4,0.0,0.0,0.0,0.25,0.25,0.25,0.25,0.0,0.8973333333333332,0.9438798074485389,0.9555555555555554,0.9235255074176901,1.1196483938458854,0.3845773335547671,-0.3970937841935428,0.029282102456718542,0.849147354397537,-0.34917637841169685,1.120044650659066,-1.143248766325819,0.2707538587298049,-1.8839347647127211,2.0,4.0,8.0,6.0,3.0,7.0,1.0,9.0,5.0,10.0,1.0,4.0,6.0,4.0,1.0,6.0,1.0,9.0,4.0,10.0,3.0,6.0,8.0,8.0,3.0,8.0,3.0,9.0,6.5249999999999915,10.0
342,subset_01111110,subset,6,0.0,0.16666666666666666,0.16666666666666666,0.16666666666666666,0.16666666666666666,0.16666666666666666,0.16666666666666666,0.0,0.8973333333333332,0.9438798074485389,0.9555555555555554,0.9235255074176901,1.0255331399348844,0.34563148353025386,-0.3265063556625642,0.0721774340956057,0.8405764789038337,-0.20501549329547486,1.0696227678969286,-1.1366164894809183,0.3173615299002738,-2.0027644958228223,2.0,4.0,8.0,6.0,3.0,7.0,1.0,9.0,5.0,10.0,1.0,4.0,6.0,4.0,1.0,6.0,1.0,9.0,4.0,10.0,3.0,6.0,8.0,8.0,3.0,8.0,3.0,9.0,6.0,10.0
343,subset_00010110,subset,3,0.0,0.0,0.0,0.3333333333333333,0.0,0.3333333333333333,0.3333333333333333,0.0,0.8968888888888888,0.9888264649460884,0.911111111111111,0.9234288384587442,1.1063061185008929,0.37035352299993424,-0.397214713499713,0.02208848719549506,0.8609274152479759,-0.3434974287719961,1.0898801448383373,-1.086910333567082,0.2864061542205031,-1.908339367164348,1.0,4.0,8.0,6.0,3.0,7.0,2.0,9.0,5.0,10.0,1.0,4.0,5.475,4.0,1.0,6.0,1.0,9.0,4.0,10.0,3.0,6.0,8.0,8.0,3.5249999999999915,8.0,3.0,9.0,6.5249999999999915,10.0
344,subset_00001110,subset,3,0.0,0.0,0.0,0.0,0.3333333333333333,0.3333333333333333,0.3333333333333333,0.0,0.8968888888888888,0.9888264649460884,0.911111111111111,0.9234288384587442,1.106306120451314,0.37035352371851044,-0.3972147141669621,0.022088487281040063,0.8609274166166924,-0.34349742938791844,1.0898801468743027,-1.0869103357741372,0.2864061545969001,-1.9083393702097418,1.0,4.0,8.0,6.0,3.0,7.0,2.0,9.0,5.0,10.0,1.0,4.0,5.475,4.0,1.0,6.0,1.0,9.0,4.0,10.0,3.0,6.0,8.0,8.0,3.5249999999999915,8.0,3.0,9.0,6.5249999999999915,10.0
345,subset_01110100,subset,4,0.0,0.25,0.25,0.25,0.0,0.25,0.0,0.0,0.8968888888888888,0.9888264649460884,0.911111111111111,0.9234288384587442,1.0801453901712605,0.3645405060423044,-0.3982792037616356,0.050413644504026356,0.8215998617862421,-0.17375859143807998,1.076027029939881,-1.1787449706409898,0.3025238200813378,-1.9444674866843465,1.0,4.0,8.0,6.0,3.0,7.0,2.0,9.0,5.0,10.0,1.0,4.0,6.0,4.0,1.0,5.0,1.0,9.0,3.475,10.0,3.0,6.5249999999999915,8.0,8.0,4.0,8.0,3.0,9.0,7.0,10.0
346,subset_01101100,subset,4,0.0,0.25,0.25,0.0,0.25,0.25,0.0,0.0,0.8968888888888888,0.9888264649460884,0.911111111111111,0.9234288384587442,1.0801453916340762,0.3645405065812366,-0.3982792042620724,0.050413644568185104,0.8215998628127794,-0.17375859190002169,1.0760270314668552,-1.178744972296281,0.30252382036363556,-1.944467488968392,1.0,4.0,8.0,6.0,3.0,7.0,2.0,9.0,5.0,10.0,1.0,4.0,6.0,4.0,1.0,5.0,1.0,9.0,3.475,10.0,3.0,6.5249999999999915,8.0,8.0,4.0,8.0,3.0,9.0,7.0,10.0
347,lattice_075,lattice,7,0.15,0.05,0.05,0.15,0.0,0.05,0.2,0.35,0.9195555555555555,0.8989331499509895,0.9555555555555554,0.9233999541544139,0.8904208650174217,0.2533296102520555,-0.20977498105258208,0.10500089155138022,0.8946725294192426,-0.1277207079500062,0.9600201406533142,-0.9117361850665351,0.4000443543891485,-2.2542565172134403,3.0,5.0,8.0,6.0,2.0,7.0,1.0,9.0,4.0,10.0,1.0,4.0,7.0,5.0,1.0,6.0,1.0,9.0,4.0,10.0,3.0,6.0,8.0,7.0,3.0,8.0,3.0,9.0,5.0,10.0
348,lattice_088,lattice,4,0.05,0.05,0.0,0.0,0.1,0.0,0.0,0.8,0.9195555555555555,0.8989331499509895,0.9555555555555554,0.9233999541544139,0.8714970685437607,0.20759997822799542,-0.20899294900272444,0.10518909343357835,0.9297691993090128,-0.10170826678842086,0.9306196526437658,-0.8548549484487171,0.43936582561925547,-2.318484653537506,3.0,5.0,8.0,6.0,2.0,7.0,1.0,9.0,4.0,10.0,1.0,5.0,7.0,5.0,1.0,6.0,1.0,9.0,4.0,10.0,3.0,6.0,8.0,7.0,3.0,8.0,3.0,9.0,4.0,10.0
349,subset_01100011,subset,4,0.0,0.25,0.25,0.0,0.0,0.0,0.25,0.25,0.9195555555555553,0.8989331499509895,0.9555555555555554,0.9233999541544139,0.7989211681088486,0.22613087695926903,-0.1322752227351039,0.151101673093757,0.8857671561082716,-0.02435194270456678,0.9352619719955415,-0.9599392863171228,0.4390346847253033,-2.3196510792341964,3.0,5.0,8.0,6.0,2.0,7.0,1.0,9.0,4.0,10.0,1.0,4.475,7.0,5.0,1.0,5.475,1.0,9.0,4.0,10.0,3.0,6.5249999999999915,8.0,7.0,3.0,8.0,3.0,9.0,5.0,10.0
350,lhs_037,lhs,6,0.05,0.0,0.0,0.1,0.1,0.05,0.2,0.5,0.9195555555555553,0.8989331499509895,0.9555555555555554,0.9233999541544139,0.9072364444254417,0.25049263116820014,-0.21921796579431727,0.09730290518231147,0.9114348062553623,-0.17579333515281945,0.9733937455171014,-0.9143970124382674,0.39957826981691047,-2.230030488979924,3.0,5.0,8.0,6.0,2.0,7.0,1.0,9.0,4.0,10.0,1.0,4.475,7.0,5.0,1.0,6.0,1.0,9.0,4.0,10.0,3.0,6.0,8.0,7.0,3.0,8.0,3.0,9.0,5.0,10.0
351,subset_10011110,subset,5,0.2,0.0,0.0,0.2,0.2,0.2,0.2,0.0,0.896888888888889,0.9438798074485389,0.9555555555555554,0.923303285195468,1.065035757161174,0.3567124937772529,-0.3581701293045377,0.04469135587187716,0.8483711761082668,-0.26503091402972384,1.0667063968688815,-1.0560128634713073,0.29721199929883035,-1.9995152722807152,2.0,4.0,8.0,6.0,3.0,7.0,1.0,9.0,5.0,10.0,1.0,4.0,6.0,4.0,1.0,6.0,1.0,9.0,4.0,10.0,3.0,6.0,8.0,8.0,3.0,8.0,3.0,9.0,6.0,10.0
352,subset_10111111,subset,7,0.14285714285714285,0.0,0.14285714285714285,0.14285714285714285,0.14285714285714285,0.14285714285714285,0.14285714285714285,0.14285714285714285,0.896888888888889,0.9438798074485389,0.9555555555555554,0.923303285195468,1.0220161807380543,0.3340160329687752,-0.31354298205994824,0.068337642819578,0.8523313853858093,-0.20046092538739493,1.0342741768111583,-1.0530624898080359,0.3243675548407658,-2.068276576308763,2.0,4.0,8.0,6.0,3.0,7.0,1.0,9.0,5.0,10.0,1.0,4.0,6.0,4.0,1.0,6.0,1.0,9.0,4.0,10.0,3.0,6.0,8.0,8.0,3.0,8.0,3.0,9.0,6.0,10.0
353,subset_00111111,subset,6,0.0,0.0,0.16666666666666666,0.16666666666666666,0.16666666666666666,0.16666666666666666,0.16666666666666666,0.16666666666666666,0.8968888888888888,0.9438798074485389,0.9555555555555554,0.923303285195468,1.0512546757906756,0.3488098493523717,-0.33205422744518676,0.06200585503408907,0.8535088724582466,-0.24579623686832214,1.0644276426616608,-1.1107280294338318,0.31125472038507146,-2.002683121934775,2.0,4.0,8.0,6.0,3.0,7.0,1.0,9.0,5.0,10.0,1.0,4.0,6.0,4.0,1.0,6.0,1.0,9.0,4.0,10.0,3.0,6.0,8.0,8.0,3.0,8.0,3.0,9.0,6.0,10.0
354,subset_10010110,subset,4,0.25,0.0,0.0,0.25,0.0,0.25,0.25,0.0,0.8964444444444443,0.9888264649460884,0.911111111111111,0.923206616236522,1.0413758914812512,0.33907842591674975,-0.348529912561914,0.04314845777974921,0.8570121771737784,-0.23973533570445504,1.0307484540557887,-0.9919500631886264,0.3155657560591103,-2.046713851011434,1.0,4.0,8.0,6.0,3.0,7.0,2.0,9.0,5.0,10.0,1.0,4.0,6.0,4.0,1.0,6.0,1.0,9.0,4.0,10.0,3.0,6.0,8.0,8.0,3.0,8.0,3.0,9.0,6.0,10.0
355,subset_10001110,subset,4,0.25,0.0,0.0,0.0,0.25,0.25,0.25,0.0,0.8964444444444443,0.9888264649460884,0.911111111111111,0.923206616236522,1.041375892944067,0.339078426455682,-0.3485299130623508,0.04314845784390796,0.8570121782003157,-0.23973533616639675,1.0307484555827628,-0.9919500648439179,0.3155657563414081,-2.046713853295479,1.0,4.0,8.0,6.0,3.0,7.0,2.0,9.0,5.0,10.0,1.0,4.0,6.0,4.0,1.0,6.0,1.0,9.0,4.0,10.0,3.0,6.0,8.0,8.0,3.0,8.0,3.0,9.0,6.0,10.0
356,subset_00100011,subset,3,0.0,0.0,0.3333333333333333,0.0,0.0,0.0,0.3333333333333333,0.3333333333333333,0.919111111111111,0.8989331499509895,0.9555555555555554,0.9231777319321917,0.8339588461346373,0.24764262456273392,-0.1243801835169201,0.14515126623160002,0.8892386905303821,-0.082305758084292,0.9364925242781657,-0.9612760336730789,0.4182632714032635,-2.3027852478664914,3.0,5.0,8.0,6.0,2.0,7.0,1.0,9.0,4.0,10.0,1.0,4.0,7.0,5.0,1.0,6.0,1.0,9.0,4.0,10.0,3.0,6.0,8.0,7.0,3.0,8.0,3.0,9.0,5.0,10.0
357,lhs_064,lhs,7,0.2,0.15,0.1,0.15,0.15,0.15,0.1,0.0,0.8964444444444443,0.9438798074485389,0.9555555555555554,0.9230810629732457,1.0096099085639771,0.33200585988033676,-0.32515617307274275,0.06984884562336387,0.8398336657325511,-0.16261663945377366,1.0378772669939427,-1.0602072000908533,0.3267302018947537,-2.067925736071556,2.0,4.0,8.0,6.0,3.0,7.0,1.0,9.0,5.0,10.0,1.0,4.0,6.0,4.0,1.0,5.475,1.0,9.0,4.0,10.0,3.0,6.0,8.0,8.0,3.0,8.0,3.0,9.0,6.0,10.0
358,lhs_084,lhs,7,0.0,0.1,0.2,0.1,0.2,0.15,0.1,0.15,0.8964444444444443,0.9438798074485389,0.9555555555555554,0.9230810629732457,1.0309027754648636,0.3393637189908355,-0.32672045554760837,0.07102237004900432,0.8471064731298785,-0.19696824207396443,1.0562867787204986,-1.1201641231271053,0.3227405355207871,-2.023569831127189,2.0,4.0,8.0,6.0,3.0,7.0,1.0,9.0,5.0,10.0,1.0,4.0,6.0,4.0,1.0,6.0,1.0,9.0,4.0,10.0,3.0,6.0,8.0,8.0,3.0,8.0,3.0,9.0,6.0,10.0
359,lhs_096,lhs,6,0.2,0.15,0.0,0.3,0.05,0.25,0.0,0.05,0.8959999999999999,0.9888264649460884,0.911111111111111,0.9229843940142998,1.093256725457842,0.3557187542256804,-0.4186380855511691,0.028520669552636407,0.8392667360322922,-0.22005518623255477,1.0681175470608664,-1.0731285301209528,0.29866173552875364,-1.9717203659533953,1.0,4.0,8.0,6.0,3.0,7.0,2.0,9.0,5.0,10.0,1.0,4.0,6.0,4.0,1.0,5.0,1.0,9.0,4.0,10.0,3.0,6.0,8.0,8.0,3.5249999999999915,8.0,3.0,9.0,6.5249999999999915,10.0
360,subset_11010011,subset,5,0.2,0.2,0.0,0.2,0.0,0.0,0.2,0.2,0.9186666666666666,0.8989331499509895,0.9555555555555554,0.9229555097099695,0.8442295933386079,0.2406282945508458,-0.18272094763013177,0.1229229417649523,0.8861250704266859,-0.08183462064849202,0.9597903484212053,-0.9136631255939272,0.4126350903627327,-2.28811264499248,3.0,5.0,8.0,6.0,2.0,7.0,1.0,9.0,4.0,10.0,1.0,4.475,7.0,5.0,1.0,5.0,1.0,9.0,4.0,10.0,3.0,7.0,8.0,8.0,3.0,8.0,3.0,9.0,5.0,10.0
361,subset_11001011,subset,5,0.2,0.2,0.0,0.0,0.2,0.0,0.2,0.2,0.9186666666666666,0.8989331499509895,0.9555555555555554,0.9229555097099695,0.8442295945088606,0.24062829498199156,-0.1827209480304812,0.1229229418162793,0.8861250712479157,-0.08183462101804541,0.9597903496427845,-0.9136631269181602,0.41263509058857095,-2.288112646819716,3.0,5.0,8.0,6.0,2.0,7.0,1.0,9.0,4.0,10.0,1.0,4.475,7.0,5.0,1.0,5.0,1.0,9.0,4.0,10.0,3.0,7.0,8.0,8.0,3.0,8.0,3.0,9.0,5.0,10.0
362,lattice_039,lattice,7,0.15,0.3,0.1,0.1,0.05,0.0,0.2,0.1,0.9186666666666666,0.8989331499509895,0.9555555555555554,0.9229555097099695,0.8265633639145282,0.2424845735601829,-0.17090216514071135,0.13586465344553394,0.872563643263874,-0.0409227554539959,0.9603116156414496,-0.9573070191848291,0.4169375814722412,-2.285593491518273,3.0,5.0,8.0,6.0,2.0,7.0,1.0,9.0,4.0,10.0,1.0,4.0,7.0,5.0,1.0,5.0,1.0,9.0,4.0,10.0,3.0,7.0,8.0,7.5249999999999915,3.0,8.0,3.0,9.0,5.0,10.0
363,subset_11000010,subset,3,0.3333333333333333,0.3333333333333333,0.0,0.0,0.0,0.0,0.3333333333333333,0.0,0.9186666666666664,0.8989331499509895,0.9555555555555554,0.9229555097099694,0.7377784678324032,0.19840896020303683,-0.10920872426399436,0.1519427805099598,0.8879570900749801,0.017405026747682257,0.8960046721188692,-0.8184844286740119,0.45822347102831196,-2.420027315577237,3.0,5.0,8.0,6.0,2.0,7.0,1.0,9.0,4.0,10.0,1.0,5.0,6.475,5.0,1.0,5.0,1.0,9.0,4.0,10.0,3.0,7.0,8.0,7.0,3.0,8.0,3.0,9.0,4.5249999999999915,10.0
364,lhs_013,lhs,7,0.05,0.05,0.0,0.05,0.05,0.05,0.3,0.45,0.9186666666666664,0.8989331499509895,0.9555555555555554,0.9229555097099694,0.8508466678775212,0.22565205618672862,-0.1747995369974957,0.11332279192127329,0.9204995966529053,-0.14382232610924675,0.9442074985310308,-0.8701826432952009,0.42605830818401785,-2.291782412951534,3.0,5.0,8.0,6.0,2.0,7.0,1.0,9.0,4.0,10.0,1.0,5.0,7.0,5.0,1.0,6.0,1.0,9.0,4.0,10.0,3.0,6.0,8.0,7.0,3.0,8.0,3.0,9.0,4.5249999999999915,10.0
365,subset_01011110,subset,5,0.0,0.2,0.0,0.2,0.2,0.2,0.2,0.0,0.8959999999999999,0.9438798074485389,0.9555555555555554,0.9228588407510235,1.034480341883005,0.3399809936735886,-0.34886709543276534,0.05721626070142041,0.8543883940864176,-0.24943920204243572,1.0823497835567866,-1.1057848219105062,0.31687287192212843,-1.9811975264376394,2.0,4.0,8.0,6.0,3.0,7.0,1.0,9.0,5.0,10.0,1.0,4.0,6.0,4.0,1.0,6.0,1.0,9.0,4.0,10.0,3.0,6.0,8.0,8.0,3.0,8.0,3.0,9.0,6.0,10.0
366,subset_11111110,subset,7,0.14285714285714285,0.14285714285714285,0.14285714285714285,0.14285714285714285,0.14285714285714285,0.14285714285714285,0.14285714285714285,0.0,0.8959999999999999,0.9438798074485389,0.9555555555555554,0.9228588407510235,0.9999691500045189,0.3312917194069599,-0.3087876633891289,0.07705613915802083,0.841246476624884,-0.1655060023249544,1.0387271412985306,-1.0752525984198242,0.32960196299665345,-2.0683463253556607,2.0,4.0,8.0,6.0,3.0,7.0,1.0,9.0,5.0,10.0,1.0,4.0,6.0,4.0,1.0,6.0,1.0,9.0,4.0,10.0,3.0,6.0,8.0,8.0,3.0,8.0,3.0,9.0,6.0,10.0
367,subset_01010010,subset,3,0.0,0.3333333333333333,0.0,0.3333333333333333,0.0,0.0,0.3333333333333333,0.0,0.9182222222222223,0.8989331499509895,0.9555555555555554,0.9227332874877473,0.8421418023681612,0.25907416966848373,-0.17396055243891703,0.13345430666037392,0.8774706583379416,-0.12851636291271787,1.01506626555394,-1.0202160306498802,0.39847427421284104,-2.202988530800226,3.0,5.0,8.0,6.0,2.0,7.0,1.0,9.0,4.0,10.0,1.0,4.0,6.0,5.0,1.0,5.0,1.0,9.0,4.0,10.0,3.0,7.0,8.0,8.0,3.0,8.0,2.5249999999999915,9.0,5.0,10.0
368,subset_01001010,subset,3,0.0,0.3333333333333333,0.0,0.0,0.3333333333333333,0.0,0.3333333333333333,0.0,0.9182222222222223,0.8989331499509895,0.9555555555555554,0.9227332874877473,0.8421418043185822,0.25907417038706,-0.1739605531061661,0.1334543067459189,0.8774706597066579,-0.12851636352864018,1.0150662675899056,-1.0202160328569352,0.39847427458923806,-2.20298853384562,3.0,5.0,8.0,6.0,2.0,7.0,1.0,9.0,4.0,10.0,1.0,4.0,6.0,5.0,1.0,5.0,1.0,9.0,4.0,10.0,3.0,7.0,8.0,8.0,3.0,8.0,2.5249999999999915,9.0,5.0,10.0
369,subset_00100010,subset,2,0.0,0.0,0.5,0.0,0.0,0.0,0.5,0.0,0.918222222222222,0.8989331499509895,0.9555555555555554,0.9227332874877472,0.826869594618841,0.28113102230331005,-0.09194648973268481,0.16376518969183598,0.8573845787113641,-0.07587115812520061,0.9545390045492173,-1.0416149085262505,0.39504087330479115,-2.2692977067952236,3.0,5.0,8.0,6.0,2.0,7.0,1.0,9.0,4.0,10.0,1.0,4.0,6.475,4.0,1.0,6.0,1.0,9.0,4.0,10.0,3.0,6.0,8.0,7.0,3.0,8.0,3.0,9.0,6.0,10.0
370,lhs_079,lhs,7,0.15,0.1,0.05,0.05,0.0,0.1,0.35,0.2,0.918222222222222,0.8989331499509895,0.9555555555555554,0.9227332874877472,0.8571795109190953,0.24461304276702556,-0.18617745255860152,0.11099856205219753,0.896891382505444,-0.1194461562402222,0.9437490512241151,-0.8848853349938722,0.4118246606293441,-2.274747266304526,3.0,5.0,8.0,6.0,2.0,7.0,1.0,9.0,4.0,10.0,1.0,4.0,7.0,5.0,1.0,6.0,1.0,9.0,4.0,10.0,3.0,6.0,8.0,8.0,3.0,8.0,3.0,9.0,5.0,10.0
371,subset_11111101,subset,7,0.14285714285714285,0.14285714285714285,0.14285714285714285,0.14285714285714285,0.14285714285714285,0.14285714285714285,0.0,0.14285714285714285,0.8955555555555554,0.9438798074485389,0.9555555555555554,0.9226366185288013,1.0249970485934945,0.33018996473389445,-0.34022441316506885,0.06668133072859057,0.8426314280158275,-0.15498165822677504,1.0383427476178544,-1.0764159261694262,0.328806411679743,-2.0600269338081345,2.0,4.0,8.0,6.0,3.0,7.0,1.0,9.0,5.0,10.0,1.0,4.0,6.475,4.0,1.0,6.0,1.0,9.0,4.0,10.0,3.0,6.5249999999999915,8.0,8.0,3.0,8.0,3.0,9.0,6.0,10.0
372,subset_01000010,subset,2,0.0,0.5,0.0,0.0,0.0,0.0,0.5,0.0,0.9177777777777776,0.8989331499509895,0.9555555555555554,0.922511065265525,0.6833750965374416,0.17498687297095714,-0.06257533152173304,0.17474998599868385,0.9093024036368771,-0.009667931627560786,0.9173303173242324,-0.874192016984388,0.485812925755002,-2.39912232208951,3.0,5.0,8.0,6.0,2.0,7.0,1.0,9.0,4.0,10.0,1.475,5.0,6.475,5.0,1.0,6.0,1.0,9.0,3.0,10.0,4.0,7.0,8.0,7.0,3.0,8.0,2.5249999999999915,9.0,4.0,10.0
373,subset_01010011,subset,4,0.0,0.25,0.0,0.25,0.0,0.0,0.25,0.25,0.9177777777777776,0.8989331499509895,0.9555555555555554,0.922511065265525,0.8436406890676784,0.23947208452175822,-0.17778230710053544,0.12707158482306247,0.8963397222955607,-0.1201810116851571,0.9863995900994708,-0.9653115939790939,0.4150327225596829,-2.2446814806024262,3.0,5.0,8.0,6.0,2.0,7.0,1.0,9.0,4.0,10.0,1.0,4.475,6.475,5.0,1.0,5.475,1.0,9.0,4.0,10.0,3.0,6.0,8.0,7.5249999999999915,3.0,8.0,3.0,9.0,5.0,10.0
374,subset_01001011,subset,4,0.0,0.25,0.0,0.0,0.25,0.0,0.25,0.25,0.9177777777777776,0.8989331499509895,0.9555555555555554,0.922511065265525,0.8436406905304943,0.2394720850606904,-0.17778230760097224,0.1270715848872212,0.896339723322098,-0.12018101214709884,0.9863995916264449,-0.9653115956343854,0.4150327228419807,-2.244681482886472,3.0,5.0,8.0,6.0,2.0,7.0,1.0,9.0,4.0,10.0,1.0,4.475,6.475,5.0,1.0,5.475,1.0,9.0,4.0,10.0,3.0,6.0,8.0,7.5249999999999915,3.0,8.0,3.0,9.0,5.0,10.0
375,subset_01111101,subset,6,0.0,0.16666666666666666,0.16666666666666666,0.16666666666666666,0.16666666666666666,0.16666666666666666,0.0,0.16666666666666666,0.8951111111111111,0.9438798074485389,0.9555555555555554,0.9224143963065791,1.0547323549553558,0.3443461030783442,-0.3631825637344942,0.060073490927937075,0.842192255526601,-0.1927370918475989,1.0691743086028063,-1.1379737051887873,0.3164333866972116,-1.9930585390173754,2.0,4.0,8.0,6.0,3.0,7.0,1.0,9.0,5.0,10.0,1.0,4.0,6.0,4.0,1.0,6.0,1.0,9.0,4.0,10.0,3.0,6.5249999999999915,8.0,8.0,3.0,8.0,3.0,9.0,6.0,10.0
376,subset_01010100,subset,3,0.0,0.3333333333333333,0.0,0.3333333333333333,0.0,0.3333333333333333,0.0,0.0,0.894222222222222,0.9888264649460884,0.911111111111111,0.9220955051254108,1.1132614768302536,0.3614260304518791,-0.4594713860783278,0.018223758983191084,0.8382941813846847,-0.2373791387305497,1.0993734767206282,-1.141401685076993,0.29676348684478343,-1.889090201329549,1.0,4.0,8.0,6.0,3.0,7.0,2.0,9.0,5.0,10.0,1.0,4.0,5.475,4.0,1.475,5.0,1.0,9.0,3.475,10.0,3.0,6.0,8.0,8.0,4.0,8.0,3.0,9.0,7.0,10.0
377,subset_01001100,subset,3,0.0,0.3333333333333333,0.0,0.0,0.3333333333333333,0.3333333333333333,0.0,0.0,0.894222222222222,0.9888264649460884,0.911111111111111,0.9220955051254108,1.1132614787806745,0.36142603117045535,-0.45947138674557686,0.018223759068736085,0.8382941827534011,-0.237379139346472,1.0993734787565936,-1.1414016872840482,0.29676348722118046,-1.889090204374943,1.0,4.0,8.0,6.0,3.0,7.0,2.0,9.0,5.0,10.0,1.0,4.0,5.475,4.0,1.475,5.0,1.0,9.0,3.475,10.0,3.0,6.0,8.0,8.0,4.0,8.0,3.0,9.0,7.0,10.0
378,subset_00100110,subset,3,0.0,0.0,0.3333333333333333,0.0,0.0,0.3333333333333333,0.3333333333333333,0.0,0.894222222222222,0.9888264649460884,0.911111111111111,0.9220955051254108,1.0466800905557865,0.35256524624994867,-0.3365386010124709,0.05412860488975444,0.8468306603315905,-0.2157253367978757,1.0216966540330983,-1.0797472566844537,0.3184087704413303,-2.0082988320067083,1.0,4.0,8.0,6.0,3.0,7.0,2.0,9.0,5.0,10.0,1.0,4.0,5.0,4.0,1.0,6.0,1.0,9.0,3.475,10.0,3.0,6.0,8.0,8.0,3.5249999999999915,8.0,3.0,9.0,6.5249999999999915,10.0
379,subset_01011000,subset,3,0.0,0.3333333333333333,0.0,0.3333333333333333,0.3333333333333333,0.0,0.0,0.0,0.894222222222222,0.9438798074485389,0.9555555555555554,0.9219699518621346,1.0043861893139823,0.33869772081055904,-0.3164741103126575,0.09022626330145696,0.8343222974760769,-0.19430564979307405,1.1175488817607588,-1.193485722277383,0.3163142893592173,-1.9972301596389364,2.0,4.0,8.0,6.0,3.0,7.0,1.0,9.0,5.0,10.0,1.0,4.0,6.475,4.0,1.475,5.0,1.0,9.0,3.475,10.0,3.0,7.0,8.0,8.0,4.0,8.0,3.0,9.0,6.0,10.0
380,subset_10100011,subset,4,0.25,0.0,0.25,0.0,0.0,0.0,0.25,0.25,0.9164444444444443,0.8989331499509895,0.9555555555555554,0.9218443985988584,0.8371154372065597,0.24704525208884953,-0.14390401507481934,0.1354455420568279,0.8782456336355831,-0.04384158268867692,0.91570773863566,-0.8977243382681239,0.4144585939461807,-2.3425482615380417,3.0,5.0,8.0,6.0,2.0,7.0,1.0,9.0,4.0,10.0,1.0,4.0,7.0,5.0,1.0,6.0,1.0,9.0,4.0,10.0,3.0,6.5249999999999915,8.0,7.0,3.0,8.0,3.0,9.0,5.0,10.0
381,lhs_097,lhs,8,0.1,0.05,0.15,0.1,0.05,0.05,0.35,0.15,0.9164444444444443,0.8989331499509895,0.9555555555555554,0.9218443985988584,0.8774851568315608,0.27057889786047984,-0.17865050552739298,0.11988018107958495,0.8804593521071705,-0.13587976357633466,0.9733348760109726,-0.9642087971928094,0.38947253384870706,-2.2324719314419395,3.0,5.0,8.0,6.0,2.0,7.0,1.0,9.0,4.0,10.0,1.0,4.0,6.0,5.0,1.0,6.0,1.0,9.0,4.0,10.0,3.0,6.0,8.0,7.5249999999999915,3.0,8.0,3.0,9.0,5.0,10.0
382,lattice_015,lattice,6,0.05,0.2,0.15,0.0,0.05,0.35,0.0,0.2,0.8933333333333333,0.9888264649460884,0.911111111111111,0.9216510606809665,1.0760270665342313,0.33156177051258046,-0.4202102943681356,0.027481725996853026,0.8533440988407943,-0.1747025404894344,1.025090890258163,-1.0504925391262105,0.3303247957686514,-1.9984249739274922,1.0,4.0,8.0,6.0,3.0,7.0,2.0,9.0,5.0,10.0,1.0,4.0,6.0,4.0,1.0,5.475,1.0,9.0,4.0,10.0,3.0,6.0,8.0,8.0,3.0,8.0,3.0,9.0,7.0,10.0
383,lhs_019,lhs,7,0.05,0.0,0.05,0.3,0.05,0.15,0.05,0.35,0.8933333333333333,0.9888264649460884,0.911111111111111,0.9216510606809665,1.0506957797585557,0.32746092044375263,-0.3482693459721246,0.052496481304688355,0.8702241334277807,-0.23981048707141125,1.0503515668081491,-1.0524185664181354,0.3254047637279012,-2.0361352460091577,1.0,4.0,8.0,6.0,3.0,7.0,2.0,9.0,5.0,10.0,1.0,4.0,6.475,4.0,1.0,6.0,1.0,9.0,4.0,10.0,3.0,6.0,8.0,8.0,3.0,8.0,3.0,9.0,6.0,10.0
384,subset_11011100,subset,5,0.2,0.2,0.0,0.2,0.2,0.2,0.0,0.0,0.8933333333333333,0.9438798074485389,0.9555555555555554,0.9215255074176902,1.0692089721587903,0.35135599824841984,-0.39552413285170657,0.04237251894449478,0.834791235790292,-0.20135994000485594,1.072402395998256,-1.088707674377254,0.30342639887339856,-1.9879657727798357,2.0,4.0,8.0,6.0,3.0,7.0,1.0,9.0,5.0,10.0,1.0,4.0,6.0,4.0,1.0,5.0,1.0,9.0,4.0,10.0,3.0,6.5249999999999915,8.0,8.0,3.5249999999999915,8.0,3.0,9.0,6.5249999999999915,10.0
385,subset_01100100,subset,3,0.0,0.3333333333333333,0.3333333333333333,0.0,0.0,0.3333333333333333,0.0,0.0,0.8924444444444444,0.9888264649460884,0.911111111111111,0.921206616236522,1.0536354488851472,0.3436377537018936,-0.39879527359108574,0.05026387667745046,0.8241974264682993,-0.10960704675642927,1.0311899859153892,-1.1342386081943647,0.3287661030656106,-1.989049666171909,1.0,4.0,8.0,6.0,3.0,7.0,2.0,9.0,5.0,10.0,1.0,4.0,6.0,4.0,1.0,5.0,1.0,9.0,3.475,10.0,3.0,7.0,8.0,8.0,4.0,8.0,3.0,9.0,7.0,10.0
386,subset_00000110,subset,2,0.0,0.0,0.0,0.0,0.0,0.5,0.5,0.0,0.8924444444444443,0.9888264649460884,0.911111111111111,0.921206616236522,1.079621570736539,0.34190590296813284,-0.397456573112927,0.007701256801365602,0.8844875390019284,-0.33213953041647815,1.029551136250828,-0.9742334713601909,0.31771074576649505,-1.957148576635693,1.0,4.0,8.0,6.0,3.0,7.0,2.0,9.0,5.0,10.0,1.0,4.0,5.0,4.0,1.0,6.0,1.0,9.0,3.0,10.0,3.0,6.0,8.0,8.0,4.0,8.0,3.0,9.0,7.0,10.0
387,subset_11100011,subset,5,0.2,0.2,0.2,0.0,0.0,0.0,0.2,0.2,0.9151111111111111,0.8989331499509895,0.9555555555555554,0.9211777319321918,0.8084539765715442,0.22995532850085448,-0.14631528013778655,0.14214701238150793,0.8776670174768546,-0.005171365464019758,0.9188802539380618,-0.9093652794643502,0.43183666009522903,-2.348088323897896,3.0,5.0,8.0,6.0,2.0,7.0,1.0,9.0,4.0,10.0,1.0,4.475,7.0,5.0,1.0,5.0,1.0,9.0,4.0,10.0,3.0,7.0,8.0,7.0,3.0,8.0,3.0,9.0,5.0,10.0
388,lhs_055,lhs,7,0.05,0.3,0.05,0.05,0.25,0.0,0.2,0.1,0.9151111111111111,0.8989331499509895,0.9555555555555554,0.9211777319321918,0.8668162696372743,0.26335237834346054,-0.19942913086662392,0.1255120936878463,0.8715322278014501,-0.10386498651778737,1.006257618514336,-1.018900962634217,0.3942124302203141,-2.2054879381860526,3.0,5.0,8.0,6.0,2.0,7.0,1.0,9.0,4.0,10.0,1.0,4.0,7.0,5.0,1.0,5.0,1.0,9.0,4.0,10.0,3.0,7.0,8.0,8.0,3.0,8.0,3.0,9.0,5.0,10.0
389,subset_11111100,subset,6,0.16666666666666666,0.16666666666666666,0.16666666666666666,0.16666666666666666,0.16666666666666666,0.16666666666666666,0.0,0.0,0.8924444444444446,0.9438798074485389,0.9555555555555554,0.9210810629732459,1.0544736651647053,0.35511065400927994,-0.36538722017834857,0.05980764929816766,0.8242455136570624,-0.16494944159749175,1.0613332782648197,-1.122385533203208,0.3061561356929989,-2.008404701107986,2.0,4.0,8.0,6.0,3.0,7.0,1.0,9.0,5.0,10.0,1.0,4.0,6.0,4.0,1.0,5.0,1.0,9.0,4.0,10.0,3.0,6.5249999999999915,8.0,8.0,3.5249999999999915,8.0,3.0,9.0,6.5249999999999915,10.0
390,subset_00011111,subset,5,0.0,0.0,0.0,0.2,0.2,0.2,0.2,0.2,0.8924444444444444,0.9438798074485389,0.9555555555555554,0.9210810629732458,1.0653461849099546,0.34379503266012995,-0.35552454157191243,0.04501036582760046,0.8699072663517132,-0.2983760943298524,1.0761156332744655,-1.0747186698540026,0.3095447005038856,-1.9810998777719826,2.0,4.0,8.0,6.0,3.0,7.0,1.0,9.0,5.0,10.0,1.0,4.0,6.0,4.0,1.0,6.0,1.0,9.0,4.0,10.0,3.0,6.0,8.0,8.0,3.0,8.0,3.0,9.0,6.0,10.0
391,lhs_021,lhs,7,0.25,0.15,0.15,0.1,0.15,0.15,0.0,0.05,0.8924444444444444,0.9438798074485389,0.9555555555555554,0.9210810629732458,1.018107926447299,0.33179575537597383,-0.3387218779759707,0.06731274488797077,0.8333045959078922,-0.12774748971389788,1.0250283586952875,-1.0552706163875067,0.32789053310477667,-2.0816999303418253,2.0,4.0,8.0,6.0,3.0,7.0,1.0,9.0,5.0,10.0,1.0,4.0,6.0,4.0,1.0,5.0,1.0,9.0,4.0,10.0,3.0,6.5249999999999915,8.0,8.0,3.0,8.0,3.0,9.0,6.5249999999999915,10.0
392,subset_10011111,subset,6,0.16666666666666666,0.0,0.0,0.16666666666666666,0.16666666666666666,0.16666666666666666,0.16666666666666666,0.16666666666666666,0.8924444444444442,0.9438798074485389,0.9555555555555554,0.9210810629732457,1.0288860224953498,0.327371382994641,-0.33001636960134645,0.05523003311175232,0.8658004657849585,-0.23672158802518228,1.0389885913467447,-1.0134437668872118,0.32512801068239333,-2.0612227819021003,2.0,4.0,8.0,6.0,3.0,7.0,1.0,9.0,5.0,10.0,1.0,4.0,6.0,4.0,1.0,6.0,1.0,9.0,4.0,10.0,3.0,6.0,8.0,8.0,3.0,8.0,3.0,9.0,6.0,10.0
393,subset_01110011,subset,5,0.0,0.2,0.2,0.2,0.0,0.0,0.2,0.2,0.9146666666666667,0.8989331499509895,0.9555555555555554,0.9209555097099695,0.8710719772929989,0.26635445418012266,-0.1851663770427401,0.1310539280717564,0.8713751584346315,-0.09272419926025985,0.9903172099991044,-1.0304042406498712,0.3959871420059464,-2.217865053031689,3.0,5.0,8.0,6.0,2.0,7.0,1.0,9.0,4.0,10.0,1.0,4.0,7.0,5.0,1.0,5.475,1.0,9.0,4.0,10.0,3.0,6.0,8.0,7.5249999999999915,3.0,8.0,3.0,9.0,5.0,10.0
394,subset_01101011,subset,5,0.0,0.2,0.2,0.0,0.2,0.0,0.2,0.2,0.9146666666666667,0.8989331499509895,0.9555555555555554,0.9209555097099695,0.8710719784632516,0.2663544546112684,-0.18516637744308956,0.1310539281230834,0.8713751592558614,-0.09272419962981324,0.9903172112206837,-1.0304042419741042,0.39598714223178466,-2.2178650548589256,3.0,5.0,8.0,6.0,2.0,7.0,1.0,9.0,4.0,10.0,1.0,4.0,7.0,5.0,1.0,5.475,1.0,9.0,4.0,10.0,3.0,6.0,8.0,7.5249999999999915,3.0,8.0,3.0,9.0,5.0,10.0
395,lattice_020,lattice,6,0.0,0.4,0.1,0.1,0.0,0.05,0.1,0.25,0.9146666666666665,0.8989331499509895,0.9555555555555554,0.9209555097099694,0.8452140853523626,0.2335274764041222,-0.20904456747967742,0.12414411680089533,0.8825215233737628,-0.040557177007279774,0.9674902317543052,-0.9798711738447652,0.42636168678615166,-2.249786202139876,3.0,5.0,8.0,6.0,2.0,7.0,1.0,9.0,4.0,10.0,1.0,4.0,7.0,5.0,1.0,5.0,1.0,9.0,4.0,10.0,3.0,7.0,8.0,7.0,3.0,8.0,3.0,9.0,5.0,10.0
396,lattice_033,lattice,6,0.05,0.3,0.0,0.2,0.0,0.05,0.2,0.2,0.9146666666666665,0.8989331499509895,0.9555555555555554,0.9209555097099694,0.8609376792998911,0.2447715724728151,-0.2092317963854219,0.1156117474673779,0.8881564974468041,-0.10238799653691769,0.9827449703297936,-0.9609962398609067,0.41057052683135553,-2.230176961064791,3.0,5.0,8.0,6.0,2.0,7.0,1.0,9.0,4.0,10.0,1.0,4.0,6.475,5.0,1.0,5.0,1.0,9.0,4.0,10.0,3.0,6.5249999999999915,8.0,8.0,3.0,8.0,3.0,9.0,5.0,10.0
397,lhs_071,lhs,7,0.05,0.3,0.1,0.05,0.0,0.1,0.3,0.1,0.9146666666666665,0.8989331499509895,0.9555555555555554,0.9209555097099694,0.8418616353240802,0.24361556427294973,-0.1904728292610292,0.12168577304134877,0.8835537877898266,-0.0778844332464168,0.9598326882140705,-0.9502203821223966,0.41779557729873557,-2.249767381311168,3.0,5.0,8.0,6.0,2.0,7.0,1.0,9.0,4.0,10.0,1.0,4.0,6.0,4.0,1.0,5.475,1.0,9.0,4.0,10.0,3.0,6.5249999999999915,8.0,8.0,3.0,8.0,3.0,9.0,5.0,10.0
398,subset_01011101,subset,5,0.0,0.2,0.0,0.2,0.2,0.2,0.0,0.2,0.8919999999999999,0.9438798074485389,0.9555555555555554,0.9208588407510235,1.069519399907571,0.33843853713129696,-0.3928785451190813,0.042691528900218066,0.8563273260337385,-0.23470512030498458,1.08181163240384,-1.1074134807599492,0.3157591000784538,-1.969550378271103,2.0,4.0,8.0,6.0,3.0,7.0,1.0,9.0,5.0,10.0,1.0,4.0,6.0,4.0,1.0,6.0,1.0,9.0,4.0,10.0,3.0,6.0,8.0,8.0,3.0,8.0,3.0,9.0,6.0,10.0
399,lhs_016,lhs,7,0.05,0.25,0.1,0.2,0.15,0.2,0.05,0.0,0.8919999999999999,0.9438798074485389,0.9555555555555554,0.9208588407510235,1.0506546522745703,0.34809267036583086,-0.3730440554090066,0.05605344480912019,0.8353928384180823,-0.19303840828186442,1.076204281028159,-1.1335307677709001,0.3123416405788735,-1.9791262960128648,2.0,4.0,8.0,6.0,3.0,7.0,1.0,9.0,5.0,10.0,1.0,4.0,6.0,4.0,1.0,5.0,1.0,9.0,4.0,10.0,3.0,6.5249999999999915,8.0,8.0,3.5249999999999915,8.0,3.0,9.0,6.5249999999999915,10.0
400,lhs_004,lhs,8,0.25,0.05,0.05,0.1,0.05,0.05,0.35,0.1,0.9142222222222222,0.8989331499509895,0.9555555555555554,0.9207332874877473,0.8639863579171702,0.2609451833251222,-0.17808918775424512,0.11573493543725208,0.8824502855423361,-0.12209867919541859,0.9557191361206271,-0.9011617880691637,0.3947133327258364,-2.272199576049518,3.0,5.0,8.0,6.0,2.0,7.0,1.0,9.0,4.0,10.0,1.0,4.0,6.475,5.0,1.0,6.0,1.0,9.0,4.0,10.0,3.0,6.0,8.0,8.0,3.0,8.0,3.0,9.0,5.0,10.0
401,lhs_042,lhs,6,0.4,0.1,0.0,0.05,0.05,0.0,0.1,0.3,0.914222222222222,0.8989331499509895,0.9555555555555554,0.9207332874877472,0.8457178299218111,0.2300232535996846,-0.18995264105678653,0.11494466561728701,0.8872318571376898,-0.03848701896767881,0.9159811017756528,-0.8290719955373468,0.4201725272303472,-2.356559579720662,3.0,5.0,8.0,6.0,2.0,7.0,1.0,9.0,4.0,10.0,1.0,5.0,7.0,5.0,1.0,5.0,1.0,9.0,4.0,10.0,3.0,7.0,8.0,7.0,3.0,8.0,3.0,9.0,4.5249999999999915,10.0
402,subset_11110011,subset,6,0.16666666666666666,0.16666666666666666,0.16666666666666666,0.16666666666666666,0.0,0.0,0.16666666666666666,0.16666666666666666,0.9142222222222219,0.8989331499509895,0.9555555555555554,0.9207332874877472,0.8669908494812202,0.26283756759463495,-0.18805123249370292,0.12693300164854893,0.8670237091873905,-0.0653450088005218,0.9674899052839441,-0.9765150758837692,0.39716337860077733,-2.2585270946185223,3.0,5.0,8.0,6.0,2.0,7.0,1.0,9.0,4.0,10.0,1.0,4.0,7.0,5.0,1.0,5.0,1.0,9.0,4.0,10.0,3.0,6.5249999999999915,8.0,7.0,3.0,8.0,3.0,9.0,5.0,10.0
403,subset_11101011,subset,6,0.16666666666666666,0.16666666666666666,0.16666666666666666,0.0,0.16666666666666666,0.0,0.16666666666666666,0.16666666666666666,0.9142222222222219,0.8989331499509895,0.9555555555555554,0.9207332874877472,0.8669908504564308,0.26283756795392305,-0.18805123282732747,0.12693300169132143,0.8670237098717487,-0.06534500910848295,0.9674899063019268,-0.9765150769872968,0.39716337878897584,-2.2585270961412194,3.0,5.0,8.0,6.0,2.0,7.0,1.0,9.0,4.0,10.0,1.0,4.0,7.0,5.0,1.0,5.0,1.0,9.0,4.0,10.0,3.0,6.5249999999999915,8.0,7.0,3.0,8.0,3.0,9.0,5.0,10.0
404,subset_00110111,subset,5,0.0,0.0,0.2,0.2,0.0,0.2,0.2,0.2,0.8915555555555555,0.9438798074485389,0.9555555555555554,0.9206366185288013,1.029570566972638,0.33312206617899287,-0.31911887367921776,0.06423443639282908,0.8614492125806521,-0.22171283877582681,1.0352055375697427,-1.0704208224001923,0.3287462700105437,-2.0410755548501625,2.0,4.0,8.0,6.0,3.0,7.0,1.0,9.0,5.0,10.0,1.0,4.0,6.0,4.0,1.0,6.0,1.0,9.0,4.0,10.0,3.0,6.0,8.0,8.0,3.0,8.0,3.0,9.0,6.0,10.0
405,subset_00101111,subset,5,0.0,0.0,0.2,0.0,0.2,0.2,0.2,0.2,0.8915555555555555,0.9438798074485389,0.9555555555555554,0.9206366185288013,1.0295705681428906,0.33312206661013866,-0.3191188740795672,0.06423443644415608,0.861449213401882,-0.2217128391453802,1.035205538791322,-1.0704208237244255,0.3287462702363819,-2.0410755566773986,2.0,4.0,8.0,6.0,3.0,7.0,1.0,9.0,5.0,10.0,1.0,4.0,6.0,4.0,1.0,6.0,1.0,9.0,4.0,10.0,3.0,6.0,8.0,8.0,3.0,8.0,3.0,9.0,6.0,10.0
406,lhs_012,lhs,7,0.1,0.25,0.15,0.1,0.15,0.2,0.05,0.0,0.8915555555555555,0.9438798074485389,0.9555555555555554,0.9206366185288013,1.0260562479024407,0.336324647433516,-0.35422986430968184,0.06363273354069697,0.8348512899411803,-0.15198438603668632,1.0481175183921125,-1.1021965659421256,0.3261044125343182,-2.0266760334557703,2.0,4.0,8.0,6.0,3.0,7.0,1.0,9.0,5.0,10.0,1.0,4.0,6.0,4.0,1.0,5.0,1.0,9.0,4.0,10.0,3.0,6.5249999999999915,8.0,8.0,3.0,8.0,3.0,9.0,6.5249999999999915,10.0
407,lhs_048,lhs,7,0.05,0.25,0.15,0.05,0.15,0.25,0.1,0.0,0.8915555555555553,0.9438798074485389,0.9555555555555554,0.9206366185288012,1.0337053837534982,0.33689014284379265,-0.36401519641988445,0.056543293345020264,0.8403463623068101,-0.17046522497909095,1.0478780548311204,-1.0986532475764386,0.32653341047579515,-2.0087629785806222,2.0,4.0,8.0,6.0,3.0,7.0,1.0,9.0,5.0,10.0,1.0,4.0,6.0,4.0,1.0,5.475,1.0,9.0,4.0,10.0,3.0,6.0,8.0,8.0,3.0,8.0,3.0,9.0,6.5249999999999915,10.0
408,subset_11110100,subset,5,0.2,0.2,0.2,0.2,0.0,0.2,0.0,0.0,0.891111111111111,0.9888264649460884,0.911111111111111,0.9205399495698553,1.0334333542214738,0.3406830317672828,-0.3591184649590119,0.0615965895097234,0.8263331820192309,-0.1246966844508303,1.0314923002935334,-1.084409826923444,0.32262796838005664,-2.0479414498580155,1.0,4.0,8.0,6.0,3.0,7.0,2.0,9.0,5.0,10.0,1.0,4.0,6.0,4.0,1.0,5.0,1.0,9.0,4.0,10.0,3.0,6.5249999999999915,8.0,8.0,3.0,8.0,3.0,9.0,6.5249999999999915,10.0
409,subset_11101100,subset,5,0.2,0.2,0.2,0.0,0.2,0.2,0.0,0.0,0.891111111111111,0.9888264649460884,0.911111111111111,0.9205399495698553,1.0334333553917265,0.34068303219842855,-0.3591184653593613,0.0615965895610504,0.8263331828404608,-0.1246966848203837,1.0314923015151127,-1.0844098282476768,0.3226279686058949,-2.047941451685252,1.0,4.0,8.0,6.0,3.0,7.0,2.0,9.0,5.0,10.0,1.0,4.0,6.0,4.0,1.0,5.0,1.0,9.0,4.0,10.0,3.0,6.5249999999999915,8.0,8.0,3.0,8.0,3.0,9.0,6.5249999999999915,10.0
410,lattice_084,lattice,5,0.1,0.25,0.05,0.0,0.3,0.0,0.3,0.0,0.9133333333333333,0.8989331499509895,0.9555555555555554,0.9202888430433028,0.8569355947370966,0.2683064817483089,-0.17974916459149637,0.1296432333938934,0.8690584575385595,-0.11512995547572331,1.0026158477242277,-1.0056436439307541,0.38985409804278637,-2.2158909491868983,3.0,5.0,8.0,6.0,2.0,7.0,1.0,9.0,4.0,10.0,1.0,4.0,6.475,4.475,1.0,5.0,1.0,9.0,4.0,10.0,3.0,7.0,8.0,8.0,3.0,8.0,3.0,9.0,5.0,10.0
411,subset_11010010,subset,4,0.25,0.25,0.0,0.25,0.0,0.0,0.25,0.0,0.9133333333333331,0.8989331499509895,0.9555555555555554,0.9202888430433027,0.8432526543817026,0.2556189109181619,-0.18108929176631705,0.12667282237840832,0.8694196094912527,-0.07849953630999632,0.9746380445924908,-0.941929336000725,0.3996168460533638,-2.2677007237383426,3.0,5.0,8.0,6.0,2.0,7.0,1.0,9.0,4.0,10.0,1.0,4.0,7.0,5.0,1.0,5.0,1.0,9.0,4.0,10.0,3.0,7.0,8.0,8.0,3.0,8.0,3.0,9.0,5.0,10.0
412,subset_11001010,subset,4,0.25,0.25,0.0,0.0,0.25,0.0,0.25,0.0,0.9133333333333331,0.8989331499509895,0.9555555555555554,0.9202888430433027,0.8432526558445184,0.25561891145709403,-0.18108929226675385,0.1266728224425671,0.86941961051779,-0.07849953677193805,0.9746380461194649,-0.9419293376560165,0.3996168463356616,-2.267700726022388,3.0,5.0,8.0,6.0,2.0,7.0,1.0,9.0,4.0,10.0,1.0,4.0,7.0,5.0,1.0,5.0,1.0,9.0,4.0,10.0,3.0,7.0,8.0,8.0,3.0,8.0,3.0,9.0,5.0,10.0
413,lattice_013,lattice,4,0.0,0.45,0.05,0.25,0.0,0.0,0.0,0.25,0.9133333333333331,0.8989331499509895,0.9555555555555554,0.9202888430433027,0.8632066576228388,0.2433908800439522,-0.22741192735559174,0.12307455903314969,0.8741730144055411,-0.04721261680383626,0.9972404577336875,-1.0229223967657137,0.41372351678287206,-2.2172621446968988,3.0,5.0,8.0,6.0,2.0,7.0,1.0,9.0,4.0,10.0,1.0,4.0,7.0,4.475,1.0,5.0,1.0,9.0,4.0,10.0,3.0,7.0,8.0,8.0,3.0,8.0,3.0,9.0,5.0,10.0
414,lattice_087,lattice,5,0.2,0.25,0.0,0.1,0.1,0.0,0.0,0.35,0.9133333333333331,0.8989331499509895,0.9555555555555554,0.9202888430433027,0.8715521911915628,0.23813232847749174,-0.22506803598183572,0.11144968370786844,0.8841842847182977,-0.05486631602396339,0.9608107354496285,-0.9230583231196124,0.4133533614865379,-2.2764899099059757,3.0,5.0,8.0,6.0,2.0,7.0,1.0,9.0,4.0,10.0,1.0,4.475,7.0,5.0,1.0,5.0,1.0,9.0,4.0,10.0,3.0,7.0,8.0,7.0,3.0,8.0,3.0,9.0,5.0,10.0
415,subset_11010100,subset,4,0.25,0.25,0.0,0.25,0.0,0.25,0.0,0.0,0.8902222222222221,0.9888264649460884,0.911111111111111,0.9200955051254109,1.0465924102282718,0.3323828065057084,-0.3952224169958751,0.04024991162052122,0.8400372517763102,-0.16014661817337017,1.037868452967507,-1.0328185768210598,0.3233337555273206,-2.032276976635335,1.0,4.0,8.0,6.0,3.0,7.0,2.0,9.0,5.0,10.0,1.0,4.0,6.0,4.0,1.0,5.0,1.0,9.0,4.0,10.0,3.0,6.5249999999999915,8.0,8.0,3.0,8.0,3.0,9.0,6.5249999999999915,10.0
416,subset_11001100,subset,4,0.25,0.25,0.0,0.0,0.25,0.25,0.0,0.0,0.8902222222222221,0.9888264649460884,0.911111111111111,0.9200955051254109,1.0465924116910876,0.3323828070446406,-0.39522241749631193,0.04024991168467998,0.8400372528028475,-0.16014661863531193,1.0378684544944812,-1.032818578476351,0.3233337558096183,-2.03227697891938,1.0,4.0,8.0,6.0,3.0,7.0,2.0,9.0,5.0,10.0,1.0,4.0,6.0,4.0,1.0,5.0,1.0,9.0,4.0,10.0,3.0,6.5249999999999915,8.0,8.0,3.0,8.0,3.0,9.0,6.5249999999999915,10.0
417,lhs_010,lhs,8,0.05,0.3,0.05,0.15,0.05,0.05,0.15,0.2,0.9128888888888887,0.8989331499509895,0.9555555555555554,0.9200666208210806,0.8763304331499984,0.2540468636316286,-0.22150741319339665,0.11393355861767927,0.8795697300800666,-0.09309057577285304,0.9878898391400305,-0.9859122320726378,0.40304692153643606,-2.2143071251169513,3.0,5.0,8.0,6.0,2.0,7.0,1.0,9.0,4.0,10.0,1.0,4.0,6.475,4.475,1.0,5.0,1.0,9.0,4.0,10.0,3.0,7.0,8.0,8.0,3.0,8.0,3.0,9.0,5.0,10.0
418,subset_00011011,subset,4,0.0,0.0,0.0,0.25,0.25,0.0,0.25,0.25,0.9124444444444444,0.8989331499509895,0.9555555555555554,0.9198443985988584,0.9601074605300237,0.30588536728935606,-0.23797497107187968,0.09754909846310272,0.8809533770466307,-0.24911169437650904,1.0561415533428664,-1.054395349067288,0.3456447344512549,-2.104799576607559,2.0,5.0,7.0,6.0,3.0,8.0,1.0,9.0,4.0,10.0,1.0,4.0,6.0,5.0,1.0,6.0,1.0,9.0,4.0,10.0,3.0,6.0,8.0,8.0,3.0,8.0,3.0,9.0,5.0,10.0
419,subset_01100001,subset,3,0.0,0.3333333333333333,0.3333333333333333,0.0,0.0,0.0,0.0,0.3333333333333333,0.9124444444444443,0.8989331499509895,0.9555555555555554,0.9198443985988584,0.8409142044639979,0.23871513201467884,-0.18663685609553493,0.14128653801929603,0.8666054566670909,0.023812531957154433,0.9459858561604566,-1.0157673851829898,0.4286206040275438,-2.2835360820316923,3.0,5.0,8.0,6.0,2.0,7.0,1.0,9.0,4.0,10.0,1.0,4.475,7.0,4.475,1.0,5.0,1.0,9.0,4.0,10.0,3.0,7.0,8.0,7.0,3.0,8.0,3.0,9.0,5.0,10.0
420,lattice_091,lattice,6,0.15,0.25,0.0,0.05,0.1,0.05,0.0,0.4,0.9124444444444443,0.8989331499509895,0.9555555555555554,0.9198443985988584,0.8879610915487619,0.23831220975219544,-0.2458562305136173,0.10072906056189113,0.8901640900707578,-0.06966363453200525,0.9604367341003996,-0.919922169466286,0.41350391646709617,-2.255665067989194,3.0,5.0,8.0,6.0,2.0,7.0,1.0,9.0,4.0,10.0,1.0,4.0,7.0,5.0,1.0,5.0,1.0,9.0,4.0,10.0,3.0,7.0,8.0,7.0,3.0,8.0,3.0,9.0,5.0,10.0
421,subset_00000101,subset,2,0.0,0.0,0.0,0.0,0.0,0.5,0.0,0.5,0.8893333333333334,0.9888264649460884,0.911111111111111,0.9196510606809666,1.1672192157979537,0.33804976161240374,-0.507485197328717,-0.028610572701640274,0.8893348688702306,-0.29530432607285034,1.0282057583684614,-0.9783051184837979,0.3149263161573085,-1.9280307062193525,1.0,4.0,8.0,6.0,3.0,7.0,2.0,9.0,5.0,10.0,1.0,4.0,5.475,4.0,1.0,6.0,1.0,9.0,4.0,10.0,3.0,6.0,8.0,8.0,3.0,8.0,3.0,9.0,7.0,10.0
422,lhs_099,lhs,6,0.1,0.5,0.1,0.05,0.05,0.0,0.0,0.2,0.9106666666666666,0.8989331499509895,0.9555555555555554,0.9189555097099695,0.8152372926061713,0.22156956605297137,-0.19722060059532923,0.1364785925734511,0.8713247128281782,0.02796383686986768,0.9528529939583553,-0.9690949929857431,0.4382807111716577,-2.2973921124795793,3.0,5.0,8.0,6.0,2.0,7.0,1.0,9.0,4.0,10.0,1.0,4.475,7.0,5.0,1.0,5.0,1.0,9.0,4.0,10.0,3.0,7.0,8.0,7.0,3.0,8.0,3.0,9.0,5.0,10.0
423,subset_11100010,subset,4,0.25,0.25,0.25,0.0,0.0,0.0,0.25,0.0,0.9102222222222219,0.8989331499509895,0.9555555555555554,0.9187332874877472,0.7985331334228728,0.24227770335567272,-0.1355822074008855,0.15070291064910288,0.8588470433039637,0.017329532670594,0.9235004264885617,-0.9365570283387539,0.4236188082189842,-2.342670322370113,3.0,5.0,8.0,6.0,2.0,7.0,1.0,9.0,4.0,10.0,1.0,4.0,7.0,4.475,1.0,5.0,1.0,9.0,4.0,10.0,3.0,7.0,8.0,7.0,3.0,8.0,3.0,9.0,5.0,10.0
424,lattice_041,lattice,6,0.1,0.0,0.0,0.2,0.15,0.05,0.35,0.15,0.9102222222222219,0.8989331499509895,0.9555555555555554,0.9187332874877472,0.9276102239918909,0.29186627905927937,-0.2179932890410081,0.09955763085800803,0.8837256229750654,-0.2191633415953476,1.017965839827404,-0.9852489331386892,0.36119375898410877,-2.1595137919207126,2.0,5.0,7.0,6.0,3.0,8.0,1.0,9.0,4.0,10.0,1.0,4.0,6.0,5.0,1.0,6.0,1.0,9.0,4.0,10.0,3.0,6.0,8.0,8.0,3.0,8.0,3.0,9.0,5.0,10.0
425,lattice_014,lattice,5,0.2,0.3,0.1,0.0,0.15,0.0,0.0,0.25,0.9097777777777775,0.8989331499509895,0.9555555555555554,0.918511065265525,0.8615248155870252,0.2441714825127449,-0.2155750119603584,0.12126016918106428,0.8691185530609483,-0.01785237882628929,0.9574211559978966,-0.9542592271007145,0.41274063444022185,-2.2785501928925385,3.0,5.0,8.0,6.0,2.0,7.0,1.0,9.0,4.0,10.0,1.0,4.0,7.0,5.0,1.0,5.0,1.0,9.0,4.0,10.0,3.0,7.0,8.0,7.0,3.0,8.0,3.0,9.0,5.0,10.0
426,lattice_095,lattice,6,0.2,0.35,0.1,0.05,0.05,0.0,0.0,0.25,0.9093333333333331,0.8989331499509895,0.9555555555555554,0.9182888430433027,0.838231461001993,0.23088882585143894,-0.20353647906600217,0.12716466644022448,0.8721958219054268,0.007933757804369446,0.9434727630438224,-0.9364424757520176,0.4266182320054479,-2.306526573234703,3.0,5.0,8.0,6.0,2.0,7.0,1.0,9.0,4.0,10.0,1.0,4.475,7.0,5.0,1.0,5.0,1.0,9.0,4.0,10.0,3.0,7.0,8.0,7.0,3.0,8.0,3.0,9.0,5.0,10.0
427,subset_10100010,subset,3,0.3333333333333333,0.0,0.3333333333333333,0.0,0.0,0.0,0.3333333333333333,0.0,0.908888888888889,0.8989331499509895,0.9555555555555554,0.9180666208210807,0.8334414665533362,0.26917172642460546,-0.1287894964046289,0.1446195829720612,0.8533452067913049,-0.02673045758407763,0.9208104636021925,-0.9300996897019203,0.39770876939483807,-2.3334775720477126,3.0,5.0,8.0,6.0,2.0,7.0,1.0,9.0,4.0,10.0,1.0,4.0,7.0,4.0,1.0,6.0,1.0,9.0,4.0,10.0,3.0,6.5249999999999915,8.0,7.0,3.0,8.0,3.0,9.0,5.5249999999999915,10.0
428,lattice_065,lattice,5,0.1,0.0,0.0,0.3,0.0,0.05,0.45,0.1,0.9088888888888887,0.8989331499509895,0.9555555555555554,0.9180666208210806,0.89451380085875,0.2803083603079681,-0.18561339273819333,0.10967302028648267,0.8897131437069,-0.21297846881288024,1.0027279845738284,-0.9588513140200865,0.3737961995601519,-2.1932893337229222,2.0,5.0,7.0,6.0,3.0,8.0,1.0,9.0,4.0,10.0,1.0,4.0,6.0,5.0,1.0,6.0,1.0,9.0,4.0,10.0,3.0,6.0,8.0,8.0,3.0,8.0,3.0,9.0,5.0,10.0
429,subset_11100001,subset,4,0.25,0.25,0.25,0.0,0.0,0.0,0.0,0.25,0.9084444444444442,0.8989331499509895,0.9555555555555554,0.9178443985988582,0.84233195595358,0.24034963267780818,-0.19059651950878048,0.13254699589759994,0.8612707082381148,0.035747134842407914,0.9228277375473783,-0.9385928519005573,0.4222265934143909,-2.3281113871619423,3.0,5.0,8.0,6.0,2.0,7.0,1.0,9.0,4.0,10.0,1.0,4.0,7.0,5.0,1.0,5.0,1.0,9.0,4.0,10.0,3.0,7.0,8.0,7.0,3.0,8.0,3.0,9.0,5.0,10.0
430,lhs_089,lhs,8,0.15,0.35,0.05,0.05,0.1,0.05,0.15,0.1,0.9084444444444442,0.8989331499509895,0.9555555555555554,0.9178443985988582,0.8528818655682653,0.2472229378522434,-0.2107916744656152,0.11967855093747308,0.8718789544187443,-0.050631849269295044,0.9692368288993491,-0.958742578525768,0.41075816866851317,-2.25149120408391,3.0,5.0,8.0,6.0,2.0,7.0,1.0,9.0,4.0,10.0,1.0,4.0,7.0,4.475,1.0,5.0,1.0,9.0,4.0,10.0,3.0,7.0,8.0,8.0,3.0,8.0,3.0,9.0,5.0,10.0
431,lattice_016,lattice,5,0.05,0.65,0.0,0.0,0.0,0.05,0.2,0.05,0.9071111111111111,0.8989331499509895,0.9555555555555554,0.9171777319321918,0.7446148810300554,0.18878041744997656,-0.15608458100433564,0.14838415776203767,0.8888264202682064,0.037459218462173066,0.9316270136683973,-0.9130288511569626,0.47157704610761836,-2.3421557225871643,3.0,5.0,8.0,6.0,2.0,7.0,1.0,9.0,4.0,10.0,1.0,5.0,6.475,5.0,1.0,5.0,1.0,9.0,3.0,10.0,4.0,7.0,8.0,7.5249999999999915,3.0,8.0,3.0,9.0,4.5249999999999915,10.0
432,lhs_003,lhs,7,0.2,0.3,0.05,0.15,0.0,0.05,0.1,0.15,0.9071111111111108,0.8989331499509895,0.9555555555555554,0.9171777319321915,0.8692804833088227,0.2510201985270137,-0.22412029515496254,0.11291614175412315,0.8708593825004218,-0.05084625664697757,0.9651914438283464,-0.9467067529662124,0.40556450743885086,-2.253158852589426,3.0,5.0,8.0,6.0,2.0,7.0,1.0,9.0,4.0,10.0,1.0,4.0,7.0,4.475,1.0,5.0,1.0,9.0,4.0,10.0,3.0,7.0,8.0,8.0,3.0,8.0,3.0,9.0,5.0,10.0
433,lattice_059,lattice,6,0.6,0.05,0.05,0.0,0.1,0.0,0.15,0.05,0.906222222222222,0.8989331499509895,0.9555555555555554,0.9167332874877472,0.850997087767592,0.25394074389340215,-0.18453248228901534,0.11715835899401127,0.8600192516201693,-0.015445681844065303,0.910427272186199,-0.8267013139275355,0.399041063797649,-2.3649043001984094,3.0,5.0,8.0,6.0,2.0,7.0,1.0,9.0,4.0,10.0,1.0,4.0,7.0,4.475,1.0,5.0,1.0,9.0,4.0,10.0,3.0,7.0,8.0,7.5249999999999915,3.0,8.0,3.0,9.0,5.0,10.0
434,subset_01000001,subset,2,0.0,0.5,0.0,0.0,0.0,0.0,0.0,0.5,0.9057777777777777,0.8989331499509895,0.9555555555555554,0.9165110652655251,0.7709727415988561,0.17113073161522807,-0.17260395573752302,0.13843815649567798,0.9141497335051791,0.027167272716067045,0.9159849394418657,-0.8782636641079951,0.48302849614581544,-2.3700044516731698,3.0,5.0,8.0,6.0,2.0,7.0,1.0,9.0,4.0,10.0,1.0,5.0,7.0,5.0,1.0,5.0,1.0,9.0,4.0,10.0,3.0,7.0,8.0,7.0,3.0,8.0,3.0,9.0,4.0,10.0
435,lattice_070,lattice,6,0.35,0.15,0.05,0.0,0.05,0.05,0.0,0.35,0.905333333333333,0.8989331499509895,0.9555555555555554,0.9162888430433027,0.8785627875859582,0.23813930204320705,-0.23235495318324773,0.10196614437693372,0.8812299098386114,-0.028069173113050714,0.9221759687136096,-0.85902553649118,0.41435307675316846,-2.316977526524011,3.0,5.0,8.0,6.0,2.0,7.0,1.0,9.0,4.0,10.0,1.0,4.0,7.0,5.0,1.0,5.0,1.0,9.0,4.0,10.0,3.0,7.0,8.0,7.0,3.0,8.0,3.0,9.0,5.0,10.0
436,subset_11000001,subset,3,0.3333333333333333,0.3333333333333333,0.0,0.0,0.0,0.0,0.0,0.3333333333333333,0.9044444444444443,0.8989331499509895,0.9555555555555554,0.9158443985988584,0.7961768978733463,0.19583819929921747,-0.18256114040785434,0.12773489417462253,0.8911886433205148,0.041961829643434145,0.8951077535306248,-0.82119886008975,0.45636718462218756,-2.4006154019663435,3.0,5.0,8.0,6.0,2.0,7.0,1.0,9.0,4.0,10.0,1.0,5.0,7.0,5.0,1.0,5.0,1.0,9.0,4.0,10.0,3.0,7.0,8.0,7.0,3.0,8.0,3.0,9.0,4.0,10.0
437,lhs_027,lhs,6,0.35,0.2,0.05,0.0,0.0,0.1,0.1,0.2,0.902222222222222,0.8989331499509895,0.9555555555555554,0.9147332874877472,0.8696580909443786,0.24136626701391548,-0.2301344581701535,0.10147960834825001,0.8769765083849183,-0.029663014250543445,0.9212772711046439,-0.858165139500526,0.41380938515240134,-2.3066045190272857,3.0,5.0,8.0,6.0,2.0,7.0,1.0,9.0,4.0,10.0,1.0,4.0,7.0,4.475,1.0,5.0,1.0,9.0,4.0,10.0,3.0,7.0,8.0,7.5249999999999915,3.0,8.0,3.0,9.0,5.0,10.0
438,lattice_058,lattice,5,0.05,0.7,0.0,0.0,0.1,0.1,0.0,0.05,0.8964444444444442,0.8989331499509895,0.9555555555555554,0.9118443985988582,0.8349994520325196,0.22668113802790021,-0.2510037742991616,0.11755145337093954,0.8666104553871647,0.017310759531608384,0.9764418799877898,-0.9913613095357671,0.4332260324399646,-2.2304560869429557,3.0,5.0,8.0,6.0,2.0,7.0,1.0,9.0,4.0,10.0,1.0,4.0,6.475,4.0,1.0,5.0,1.0,9.0,3.0,10.0,3.0,7.0,8.0,8.0,4.0,8.0,3.0,9.0,6.0,10.0
439,subset_11000000,subset,2,0.5,0.5,0.0,0.0,0.0,0.0,0.0,0.0,0.8866666666666664,0.8989331499509895,0.9555555555555554,0.9069555097099694,0.7701966722269045,0.2034243844080354,-0.17921792506908618,0.13764063160636977,0.8603095078965632,0.1105302234663886,0.892461848427906,-0.8314991481512571,0.4521967431331772,-2.4160429379450017,3.0,5.0,8.0,6.0,2.0,7.0,1.0,9.0,4.0,10.0,1.0,4.475,7.0,4.475,1.0,5.0,1.0,9.0,3.0,10.0,3.0,7.0,8.0,7.5249999999999915,3.0,8.0,3.0,9.0,5.0,10.0
440,lattice_085,lattice,6,0.1,0.05,0.0,0.1,0.0,0.05,0.6,0.1,0.9302222222222221,0.8539864924534399,0.911111111111111,0.9063855120022487,0.7982104736109141,0.23119510617166036,-0.10944375930109068,0.13503013712131426,0.912207175965755,-0.15758715354800296,0.9426624158536602,-0.8630632030943046,0.4246457905918064,-2.3138569833717124,3.0,5.0,7.0,6.0,2.0,8.0,1.0,9.0,4.0,10.0,1.0,5.0,6.0,5.0,1.0,6.0,1.0,9.0,4.0,10.0,3.0,6.0,8.0,7.0,3.0,8.0,3.0,9.0,4.5249999999999915,10.0
441,lattice_092,lattice,5,0.05,0.1,0.0,0.2,0.0,0.0,0.55,0.1,0.9297777777777776,0.8539864924534399,0.911111111111111,0.9061632897800266,0.7985769841206781,0.23554651715528468,-0.10704544294918339,0.1424775324469389,0.906643443334107,-0.15709659505783632,0.9646719651018892,-0.9093092513661718,0.4201696312838334,-2.2946347840695402,3.0,5.0,7.0,6.0,2.0,8.0,1.0,9.0,4.0,10.0,1.0,5.0,6.0,5.0,1.0,6.0,1.0,9.0,4.0,10.0,3.0,6.0,8.0,7.0,3.0,8.0,3.0,9.0,4.5249999999999915,10.0
442,subset_00011010,subset,3,0.0,0.0,0.0,0.3333333333333333,0.3333333333333333,0.0,0.3333333333333333,0.0,0.9044444444444443,0.8989331499509895,0.911111111111111,0.9047332874877473,0.9974308309846215,0.3476252133586142,-0.2542174377340427,0.09409099151376094,0.8569555313393681,-0.3004239398345205,1.1080555498784679,-1.138994370767472,0.305956956734937,-2.0164793254737354,2.0,4.0,7.0,6.0,3.0,8.0,1.0,9.0,5.0,10.0,1.0,4.0,6.0,4.475,1.475,6.0,1.0,9.0,4.0,10.0,3.0,6.0,8.0,8.0,3.0,8.0,3.0,9.0,6.0,10.0
443,subset_00000001,subset,1,0.0,0.0,0.0,0.0,0.0,0.0,0.0,1.0,0.9258669276484806,0.8539864924534399,0.911111111111111,0.9042078647153781,0.8481373491662298,0.18066582908158163,-0.18924757108539073,0.10792341931112809,0.952946914168418,-0.09517495800247477,0.9003995637360624,-0.8005982839667355,0.4647080676002084,-2.3697603300090275,3.0,5.0,8.0,6.0,1.0,7.0,2.0,9.0,4.0,10.0,1.0,5.0,7.0,5.0,1.0,6.0,1.0,9.0,4.0,10.0,3.0,6.0,8.0,7.0,3.0,8.0,3.0,9.0,4.0,10.0
444,subset_10000011,subset,3,0.3333333333333333,0.0,0.0,0.0,0.0,0.0,0.3333333333333333,0.3333333333333333,0.9244444444444443,0.8539864924534399,0.911111111111111,0.9034966231133599,0.7892215395439857,0.20476569184727256,-0.12030446782923951,0.13159962238692652,0.913821877183806,-0.06415646039801229,0.8856144216483338,-0.7667075085798388,0.44600985199790727,-2.4198645678011426,3.0,5.0,8.0,6.0,1.0,7.0,2.0,9.0,4.0,10.0,1.0,5.0,7.0,5.0,1.0,6.0,1.0,9.0,4.0,10.0,3.0,6.0,8.0,7.0,3.0,8.0,3.0,9.0,4.0,10.0
445,subset_10000010,subset,2,0.5,0.0,0.0,0.0,0.0,0.0,0.5,0.0,0.9208888888888888,0.8539864924534399,0.911111111111111,0.9017188453355821,0.7597636347328636,0.21681562323011805,-0.08583291620116393,0.14343772392482573,0.8942593586915,-0.04864721159578105,0.8782218506044694,-0.7497621208863905,0.4366607441967567,-2.4449166866972,3.0,5.0,8.0,6.0,1.0,7.0,2.0,9.0,4.0,10.0,1.0,5.0,7.0,5.0,1.0,6.0,1.0,9.0,4.0,10.0,3.0,6.5249999999999915,8.0,7.0,3.0,8.0,3.0,9.0,4.5249999999999915,10.0
446,subset_01000011,subset,3,0.0,0.3333333333333333,0.0,0.0,0.0,0.0,0.3333333333333333,0.3333333333333333,0.9195555555555555,0.8539864924534399,0.911111111111111,0.9010521786689155,0.7382958474137042,0.1768798583411653,-0.1047994113762856,0.1524744637694986,0.9238505738140573,-0.03817027375253211,0.9116867327948424,-0.8496607726451706,0.4787779730367374,-2.389334991396016,3.0,5.0,8.0,6.0,1.0,7.0,2.0,9.0,4.0,10.0,1.0,5.0,7.0,5.0,1.0,6.0,1.0,9.0,4.0,10.0,3.0,7.0,8.0,7.0,3.0,8.0,3.0,9.0,4.0,10.0
447,lhs_088,lhs,6,0.0,0.1,0.0,0.15,0.05,0.05,0.4,0.25,0.9186666666666666,0.8539864924534399,0.911111111111111,0.900607734224471,0.8568420715320331,0.24689870283015392,-0.17121639600518407,0.11801033689652286,0.9071204605309479,-0.17439526572920602,0.9794012806072099,-0.9329778808816921,0.40743930261451083,-2.2371226123952965,3.0,5.0,7.0,6.0,2.0,8.0,1.0,9.0,4.0,10.0,1.0,4.475,6.0,5.0,1.0,6.0,1.0,9.0,4.0,10.0,3.0,6.0,8.0,7.5249999999999915,3.0,8.0,3.0,9.0,5.0,10.0
448,subset_00010011,subset,3,0.0,0.0,0.0,0.3333333333333333,0.0,0.0,0.3333333333333333,0.3333333333333333,0.9173333333333332,0.8539864924534399,0.911111111111111,0.8999410675578043,0.8935848740797436,0.26543090131271946,-0.18505629600416218,0.11311114853734064,0.9033354454467675,-0.21007785005841242,1.0046760150834046,-0.9684391105557072,0.38626065518243635,-2.2028257830241316,3.0,5.0,7.0,6.0,2.0,8.0,1.0,9.0,4.0,10.0,1.0,4.0,6.0,5.0,1.0,6.0,1.0,9.0,4.0,10.0,3.0,6.0,8.0,7.5249999999999915,3.0,8.0,3.0,9.0,5.0,10.0
449,subset_00001011,subset,3,0.0,0.0,0.0,0.0,0.3333333333333333,0.0,0.3333333333333333,0.3333333333333333,0.9173333333333332,0.8539864924534399,0.911111111111111,0.8999410675578043,0.8935848760301648,0.26543090203129566,-0.18505629667141124,0.11311114862288564,0.903335446815484,-0.21007785067433474,1.00467601711937,-0.9684391127627623,0.3862606555588334,-2.2028257860695253,3.0,5.0,7.0,6.0,2.0,8.0,1.0,9.0,4.0,10.0,1.0,4.0,6.0,5.0,1.0,6.0,1.0,9.0,4.0,10.0,3.0,6.0,8.0,7.5249999999999915,3.0,8.0,3.0,9.0,5.0,10.0
450,lattice_063,lattice,7,0.05,0.1,0.0,0.15,0.05,0.05,0.45,0.15,0.9168888888888889,0.8539864924534399,0.911111111111111,0.8997188453355821,0.8480047000886964,0.25051368224500753,-0.1608749305167614,0.12156176735789263,0.901251704983256,-0.16974249108853667,0.9771835092940505,-0.9278942645736576,0.4046345702741656,-2.2446382480641134,3.0,5.0,7.0,6.0,2.0,8.0,1.0,9.0,4.0,10.0,1.0,4.475,6.0,5.0,1.0,6.0,1.0,9.0,4.0,10.0,3.0,6.0,8.0,8.0,3.0,8.0,3.0,9.0,5.0,10.0
451,subset_11000011,subset,4,0.25,0.25,0.0,0.0,0.0,0.0,0.25,0.25,0.9168888888888886,0.8539864924534399,0.911111111111111,0.8997188453355821,0.7653681881658598,0.19397317742267306,-0.12921843596934346,0.14093794021025186,0.9042045460983397,-0.010739969439857,0.8971033950231676,-0.8140128924971928,0.4598446201712861,-2.4074605691851847,3.0,5.0,8.0,6.0,1.0,7.0,2.0,9.0,4.0,10.0,1.0,5.0,7.0,5.0,1.0,6.0,1.0,9.0,4.0,10.0,3.0,7.0,8.0,7.0,3.0,8.0,3.0,9.0,4.0,10.0
452,subset_10000001,subset,2,0.5,0.0,0.0,0.0,0.0,0.0,0.0,0.5,0.9142222222222222,0.8539864924534399,0.911111111111111,0.8983855120022488,0.8473612797942782,0.21295948187438896,-0.1958615404169539,0.10712589442181986,0.899106688559802,-0.011812007252153221,0.8768764727221028,-0.7538337680099976,0.43387631458757014,-2.4157988162808595,3.0,5.0,8.0,6.0,1.0,7.0,2.0,9.0,4.0,10.0,1.0,5.0,7.0,5.0,1.0,5.475,1.0,9.0,4.0,10.0,3.0,7.0,8.0,7.0,3.0,8.0,3.0,9.0,4.5249999999999915,10.0
453,subset_00000010,subset,1,0.0,0.0,0.0,0.0,0.0,0.0,1.0,0.0,0.9444444444444442,0.8090398349558905,0.8666666666666666,0.8911488476278614,0.6729420590434007,0.18837811179303976,0.030809677346189203,0.18054707831713984,0.9432522544318138,-0.16884536668973044,0.9030903195007959,-0.7924549897195214,0.4702769268185815,-2.4279960708417088,3.0,5.0,7.0,6.0,1.0,8.0,2.0,9.0,4.0,10.0,3.0,5.0,6.0,5.0,1.0,7.0,1.0,9.0,4.0,10.0,3.0,7.0,8.0,7.0,2.0,8.0,2.0,9.0,4.0,10.0
454,subset_01000000,subset,1,0.0,1.0,0.0,0.0,0.0,0.0,0.0,0.0,0.8888888888888887,0.8539864924534399,0.911111111111111,0.8857188453355821,0.6938081340314824,0.1615956341488745,-0.15596034038965528,0.1689528936802279,0.8753525528419402,0.14950950343460886,0.9315703151476689,-0.9559290442492546,0.5013489246914224,-2.3702485733373115,3.0,6.0,8.0,5.0,2.0,7.0,1.0,9.0,4.0,10.0,1.0,5.0,7.0,4.0,1.0,5.0,1.0,9.0,2.0,10.0,4.0,7.0,8.0,7.5249999999999915,4.0,8.0,3.0,9.0,5.0,10.0
455,subset_00000011,subset,2,0.0,0.0,0.0,0.0,0.0,0.0,0.5,0.5,0.9271111111111108,0.8090398349558905,0.8666666666666666,0.8824821809611947,0.7605397041048152,0.1845219704373107,-0.07921894686960076,0.14423524881413397,0.9480995843001159,-0.1320101623461026,0.9017449416184291,-0.7965266368431285,0.46749249720939495,-2.398878200425368,3.0,5.0,7.0,6.0,1.0,8.0,2.0,9.0,4.0,10.0,1.0,5.0,6.475,5.0,1.0,6.0,1.0,9.0,4.0,10.0,3.0,7.0,8.0,7.0,3.0,8.0,3.0,9.0,4.0,10.0
