rank,rho,auc,js,bad,tau_native,J,w_tok_f1,w_num_decay_2p5,w_bigram_rec,lambda
1,0.9053455187940218,0.9971886712653315,0.040727961060593,0.024266403133707745,0.7033389901839221,0.9100779187393258,0.1,0.9,0.0,0.25
2,0.9039959443741956,0.9970512951990987,0.04001943484162365,0.02467197749632086,0.7033389901839221,0.9097757625834099,0.08,0.92,0.0,0.25
3,0.9033503551794626,0.9969841342321065,0.039858551654965615,0.025077551858933796,0.7033389901839221,0.9095373178825292,0.06,0.94,0.0,0.25
4,0.9028728596895095,0.9969785649321241,0.039451297449857245,0.02548312622154674,0.7033389901839221,0.9094296276924415,0.04,0.96,0.0,0.25
5,0.913529679741935,0.9981087136339308,0.054081625313226724,0.019217409261481404,0.6987939847072412,0.9091461682929387,0.32,0.66,0.02,0.75
6,0.9128100501943724,0.9980798191474629,0.05369251057007796,0.019629399357671717,0.6987939847072412,0.9089558220185171,0.3,0.68,0.02,0.75
7,0.9006749296097275,0.9972355611780866,0.04000741995325142,0.0242343244658208,0.7033389901839221,0.9088980954209919,0.1,0.9,0.0,0.75
8,0.9015540172992973,0.9969678754692547,0.03998690543671416,0.025888700584159822,0.7033389901839221,0.9087967128861251,0.02,0.98,0.0,0.25
9,0.9107074234821685,0.9978096781558431,0.051716710381871714,0.020865369646242853,0.6987939847072412,0.9086074142250613,0.24,0.74,0.02,0.75
10,0.9120885940376546,0.9980427204233866,0.053880237037021335,0.020041389453862017,0.6987939847072412,0.9085972559350717,0.28,0.7,0.02,0.75
11,0.9088176390392799,0.9980489784002485,0.050603203332740196,0.02011442350391714,0.6987939847072412,0.908547853376876,0.3,0.7,0.0,0.75
12,0.8991541066937186,0.9971288162617571,0.03956517966715333,0.024646314562011298,0.7033389901839221,0.9084710423630287,0.08,0.92,0.0,0.75
13,0.9092028025511782,0.9974743524004507,0.05056268328445013,0.021689349838623424,0.6987939847072412,0.9082739148780795,0.2,0.78,0.02,0.75
14,0.9096155019383729,0.9980855681022834,0.052923699594065246,0.01970243340772685,0.6987939847072412,0.9082055450314241,0.32,0.68,0.0,0.75
15,0.9103057565618095,0.9981149416683197,0.05403354883809072,0.019290443311536523,0.6987939847072412,0.9081791906725007,0.34,0.66,0.0,0.75
16,0.8980702196922244,0.9970595593216532,0.03934167906712262,0.025058304658201625,0.7033389901839221,0.9081175783437868,0.06,0.94,0.0,0.75
17,0.9068743040352126,0.9972430767388155,0.0495745219396495,0.023860828771094845,0.7033389901839221,0.9080732521034008,0.12,0.88,0.0,0.25
18,0.909892174152468,0.9976496955224774,0.052421795004662715,0.02127735974243312,0.6987939847072412,0.9080529995941666,0.22,0.76,0.02,0.75
19,0.9114012792872074,0.997968762515018,0.05493574633611569,0.02045337955005253,0.6987939847072412,0.907993014198161,0.26,0.72,0.02,0.75
20,0.908170552700113,0.9979871471934546,0.05206208023678069,0.020526413600107665,0.6987939847072412,0.9078411118799234,0.28,0.72,0.0,0.75
21,0.8962377509133418,0.9970417734926772,0.0387125033732194,0.025470294754391963,0.7033389901839221,0.9076643135472259,0.04,0.96,0.0,0.75
22,0.9074166408141107,0.9978309971966359,0.052108744858620146,0.020938403696297975,0.6987939847072412,0.9074956532316593,0.26,0.74,0.0,0.75
23,0.9058600903782056,0.9974829159477354,0.05053083075975381,0.02176238388867855,0.6987939847072412,0.9072669696441532,0.22,0.78,0.0,0.75
24,0.9066686792927259,0.9976837101718323,0.05213805721455374,0.02135039379248825,0.6987939847072412,0.9071583159441768,0.24,0.76,0.0,0.75
25,0.8945217041557365,0.9969849127364052,0.039032940571033285,0.025882284850582436,0.7033389901839221,0.906966113756025,0.02,0.98,0.0,0.75
26,0.9020782336576912,0.9972821516661114,0.048737603023050496,0.023822334369630507,0.7033389901839221,0.9068894748636523,0.12,0.88,0.0,0.75
27,0.9040289073210177,0.9972244225781218,0.06068523526468797,0.024250363799764283,0.7033389901839221,0.9039330537563499,0.1,0.9,0.0,0.5
28,0.9086986034756209,0.9971537882842588,0.04111275884156354,0.02418824228673773,0.6557199425648824,0.9038403575531124,0.08,0.9,0.02,0.25
29,0.915163485699153,0.9974615070795234,0.07313262541465496,0.020904508516038436,0.6987939847072412,0.9037048525719704,0.24,0.74,0.02,0.5
30,0.9069950346455445,0.9970121304443837,0.040073458142412324,0.024593816649350828,0.6557199425648824,0.9035268021485172,0.06,0.92,0.02,0.25
31,0.9025485980317296,0.9971137252553531,0.060222368397830975,0.024659146029166076,0.7033389901839221,0.9035241550719493,0.08,0.92,0.0,0.5
32,0.9160600929006438,0.9963931296995647,0.07410866632924643,0.02094364738583402,0.6987939847072412,0.9035241244740275,0.24,0.74,0.02,0.25
33,0.9144956397409106,0.9974163837726767,0.07319041383547728,0.021313290745440014,0.6987939847072412,0.9033992996289621,0.22,0.76,0.02,0.5
34,0.9063352996451355,0.9969675760445245,0.03966540652958697,0.024999391011963776,0.6557199425648824,0.903358822423543,0.04,0.94,0.02,0.25
35,0.9018563992455615,0.9970345573566785,0.060028850710998866,0.025067928258567716,0.7033389901839221,0.9032787012068406,0.06,0.94,0.0,0.5
36,0.9012759565554557,0.9969905419213336,0.059423674907805216,0.025476710487969352,0.7033389901839221,0.9031908264646535,0.04,0.96,0.0,0.5
37,0.9171006966821593,0.9975465137604378,0.0782152205847882,0.01967816182783339,0.6987939847072412,0.903077509237291,0.3,0.68,0.02,0.5
38,0.9053957570723796,0.9969890148552094,0.040040737646057485,0.02451565580238081,0.6557199425648824,0.9030686248471509,0.04,0.92,0.04,0.25
39,0.9165034200106484,0.9975197451895546,0.07736111826075186,0.020086944057234987,0.6987939847072412,0.9030589963417847,0.28,0.7,0.02,0.5
40,0.9133176688476571,0.9975260031664165,0.07443815533853092,0.020162541505747568,0.6987939847072412,0.9029324790222322,0.3,0.7,0.0,0.5
41,0.9157108245830046,0.997491150127817,0.07701693680846487,0.020495726286636807,0.6987939847072412,0.9028344817832266,0.26,0.72,0.02,0.5
42,0.904043032150944,0.9972008279093791,0.04007746693351513,0.024161290415765674,0.6557199425648824,0.9027548545739945,0.08,0.9,0.02,0.75
43,0.9044627442581349,0.9969517664187679,0.039604671396814124,0.025404965374576715,0.6557199425648824,0.9027310939460286,0.02,0.96,0.02,0.25
44,0.9124975147147631,0.997497497932098,0.0742878663631361,0.02057132373514939,0.6987939847072412,0.9026437647832363,0.28,0.72,0.0,0.5
45,0.9036836889126298,0.9969203268220931,0.03955888866589283,0.024921230164993743,0.6557199425648824,0.902602618548564,0.02,0.94,0.04,0.25
46,0.9118363991953701,0.9974665972999375,0.07388971336909643,0.020980105964551007,0.6987939847072412,0.9024739212567171,0.26,0.74,0.0,0.5
47,0.9164937785594469,0.9964169639080915,0.07855842642368331,0.02053807302322109,0.6987939847072412,0.9024549908111921,0.26,0.72,0.02,0.25
48,0.9111103659636948,0.9974249473199616,0.07293446032423075,0.021388888193952585,0.6987939847072412,0.9024437351104623,0.24,0.76,0.0,0.5
49,0.9028717842267849,0.9971779368887524,0.0401974482666176,0.024088256365710548,0.6557199425648824,0.9023800340588106,0.06,0.9,0.04,0.75
50,0.8994305124863373,0.9969810800998582,0.06004604522028488,0.025885492717371127,0.7033389901839221,0.9023744394121341,0.02,0.98,0.0,0.5
51,0.9137818391905899,0.9975524124276234,0.07725763864496661,0.019753759276345966,0.6987939847072412,0.9023439170433605,0.32,0.68,0.0,0.5
52,0.9127960794635369,0.9963970222210577,0.07488462090452022,0.021021808232804036,0.6987939847072412,0.9023059789881849,0.26,0.74,0.0,0.25
53,0.9135367778964444,0.9964603206090299,0.07628477250509166,0.020210659507577985,0.6987939847072412,0.9022959146671707,0.3,0.7,0.0,0.25
54,0.9023042142029282,0.9970836630124373,0.03965466034957295,0.024573280511956168,0.6557199425648824,0.9022552326281921,0.06,0.92,0.02,0.75
55,0.9132093910621029,0.9964206168898004,0.07647165767649564,0.020616233870191118,0.6987939847072412,0.9020567045244612,0.28,0.72,0.0,0.25
56,0.9054647550310347,0.9972728694994741,0.0694575243734106,0.02384158157036268,0.7033389901839221,0.9019216839545586,0.12,0.88,0.0,0.5
57,0.9009846389368982,0.9970412944131088,0.03918998933820809,0.0249852706081465,0.6557199425648824,0.901904682451994,0.04,0.94,0.02,0.75
58,0.9009497784981015,0.9971279179875664,0.040055705115604745,0.024015222315655414,0.6557199425648824,0.9018514347432479,0.04,0.9,0.06,0.75
59,0.9129305503391755,0.9980626022254743,0.05418344311587012,0.01955636530761659,0.6511749370882015,0.9017194860009696,0.28,0.68,0.04,0.75
60,0.9122820085300606,0.9980239464928007,0.05324921013529726,0.01996835540380688,0.6511749370882015,0.9017062897367176,0.26,0.7,0.04,0.75
61,0.9122389222753304,0.9979905905778523,0.053361278602341744,0.019895321353751758,0.6511749370882015,0.9016706311587384,0.24,0.7,0.06,0.75
62,0.9130097913903955,0.9980538590233514,0.054528724773350704,0.019483331257561468,0.6511749370882015,0.9016569264190368,0.26,0.68,0.06,0.75
63,0.9000981970072761,0.997051594623829,0.039510038234951625,0.024500246461901038,0.6557199425648824,0.9016449531427296,0.04,0.92,0.04,0.75
64,0.8999738041701889,0.9970733777729537,0.040003695272947004,0.023942188265600288,0.6557199425648824,0.9015800750911093,0.02,0.9,0.08,0.75
65,0.9121297688382659,0.9979834942117457,0.05371026472407944,0.019822287303696624,0.6511749370882015,0.90155073137328,0.22,0.7,0.08,0.75
66,0.9163401975646213,0.9974957313261895,0.05819467460702869,0.019860151711697267,0.6511749370882015,0.9014391954968641,0.22,0.7,0.08,0.5
67,0.8994113415696546,0.997012579581479,0.03910696503502182,0.025397260704336833,0.6557199425648824,0.9013699437479343,0.02,0.96,0.02,0.75
68,0.8988352507642571,0.9969984467342119,0.03907476631191664,0.024912236558091366,0.6557199425648824,0.9013012919961034,0.02,0.94,0.04,0.75
69,0.9156883812297085,0.9974662379902612,0.057714481037985835,0.020268933941099077,0.6511749370882015,0.9012960247262657,0.2,0.72,0.08,0.5
70,0.9114833041625647,0.9978799231975567,0.05398614843042471,0.02030731144994228,0.6511749370882015,0.9011646482781909,0.22,0.72,0.06,0.75
71,0.915024673433585,0.9974327922478937,0.05730522496933036,0.020677716170500703,0.6511749370882015,0.9011282254203337,0.18,0.74,0.08,0.5
72,0.9112740635983411,0.9978696229868366,0.054114101933216405,0.02023427739988715,0.6511749370882015,0.9010780183105384,0.2,0.72,0.08,0.75
73,0.9115238286731733,0.997915734395293,0.054743304602023174,0.02038034549999741,0.6511749370882015,0.9009491014102341,0.24,0.72,0.04,0.75
74,0.9088081689907314,0.9974256958817871,0.05081706859515048,0.02210133993481395,0.6511749370882016,0.9008495710848073,0.18,0.8,0.02,0.75
75,0.9093822206438337,0.997477286762807,0.05214996377192273,0.0216163157885683,0.6511749370882015,0.9007419377898294,0.18,0.78,0.04,0.75
76,0.905444665635742,0.9972678990489522,0.04892443224846384,0.023749300319575384,0.6557199425648824,0.9007151087122494,0.1,0.88,0.02,0.75
77,0.9051463574358437,0.9972491550608393,0.04877253006142516,0.02367626626952025,0.6557199425648824,0.9006812411704621,0.08,0.88,0.04,0.75
78,0.9108899955730528,0.9978611492669708,0.05515150647681177,0.020161243349832023,0.6511749370882015,0.9006768019768949,0.18,0.72,0.1,0.75
79,0.9106234535182426,0.9977590154914869,0.05447448652442363,0.020719301546132593,0.6511749370882015,0.9006652543204479,0.2,0.74,0.06,0.75
80,0.915254894754196,0.997459650646196,0.059700911069963364,0.020193336492586512,0.6511749370882015,0.9006069476204632,0.18,0.72,0.1,0.5
81,0.9104235126942978,0.9977231144663316,0.054501489554012066,0.020646267496077463,0.6511749370882015,0.9006067023021268,0.18,0.74,0.08,0.75
82,0.9108214853600556,0.9977872213010753,0.055111197466981406,0.020792335596187726,0.6511749370882015,0.9005305719905573,0.22,0.74,0.04,0.75
83,0.9098671386945026,0.997695956643299,0.05444581586842715,0.02057323344602233,0.6511749370882015,0.9004663872687646,0.16,0.74,0.1,0.75
84,0.9036682128923782,0.9972285696106356,0.049103458717819674,0.023603232219465125,0.6557199425648824,0.9001538309736092,0.06,0.88,0.06,0.75
85,0.9053811604170774,0.997433031787678,0.04970067245862686,0.022174373984869086,0.6511749370882016,0.9001300859225497,0.2,0.8,0.0,0.75
86,0.9098933356569351,0.9976203818413872,0.055247582668944153,0.02120432569237799,0.6511749370882015,0.9001053506905254,0.2,0.76,0.04,0.75
87,0.8623074791628681,0.9974939048353351,0.030883747810277196,0.024218285131877328,0.7033389901839221,0.900062355013383,0.1,0.9,0.0,1.0
88,0.909520776272519,0.9975778635296936,0.055425661439953706,0.02105825759226773,0.6511749370882015,0.899965036076504,0.16,0.76,0.08,0.75
89,0.9090774423687351,0.9976838898266706,0.05571897543963084,0.020500199395967204,0.6511749370882015,0.899874918958624,0.14,0.74,0.12,0.75
90,0.9099214455892116,0.997607506577987,0.056183170921055514,0.021131291642322858,0.6511749370882015,0.8998565054843823,0.18,0.76,0.06,0.75
91,0.8610932597420232,0.9973925196216769,0.030431410109472458,0.02463348309485652,0.7033389901839221,0.8997303588840367,0.08,0.92,0.0,1.0
92,0.8605569408845195,0.9973254784245768,0.02926616293762966,0.025463879020814574,0.7033389901839221,0.8997295471252744,0.04,0.96,0.0,1.0
93,0.9048861297739196,0.9973958432361825,0.05028198050815113,0.02258636408105937,0.6511749370882016,0.8997258703795845,0.18,0.82,0.0,0.75
94,0.9084199958248673,0.9976434375456155,0.05580867802492838,0.02042716534591208,0.6511749370882015,0.8996603412683237,0.12,0.74,0.14,0.75
95,0.8606933329525894,0.9973294308310159,0.030153232279119972,0.025048681057835545,0.7033389901839221,0.8995981430912785,0.06,0.94,0.0,1.0
96,0.9042522580163368,0.9973545226234097,0.049795916154384175,0.022998354177249686,0.6511749370882016,0.8995873612677022,0.16,0.84,0.0,0.75
97,0.9092060182878164,0.9974527039924544,0.05601009519627968,0.02154328173851317,0.6511749370882015,0.8995861979848624,0.16,0.78,0.06,0.75
98,0.8601643900146968,0.9973182323461051,0.02951018863505741,0.02587907698379374,0.7033389901839221,0.8994572444272553,0.02,0.98,0.0,1.0
99,0.9087185869778187,0.9973946155947885,0.055720854272662684,0.021955271834703693,0.6511749370882015,0.8994323146022,0.14,0.8,0.06,0.75
100,0.9088228641287657,0.9975567840286849,0.05690763582505614,0.020985223542212602,0.6511749370882015,0.8993394998990154,0.14,0.76,0.1,0.75
101,0.9015230745154481,0.9971844194341621,0.05000345033894571,0.023530198169410002,0.6557199425648824,0.8992585910543421,0.04,0.88,0.08,0.75
102,0.9072899425975222,0.997519056512675,0.055724089624239546,0.020839155442102346,0.6511749370882015,0.8992446771791791,0.1,0.76,0.14,0.75
103,0.9069591502083784,0.9973993465055263,0.05501085260561619,0.02132417958834779,0.6511749370882015,0.8992362748340639,0.1,0.78,0.12,0.75
104,0.9078928894441016,0.9975392826532026,0.05636973284584974,0.02091218949215748,0.6511749370882015,0.899227695089421,0.12,0.76,0.12,0.75
105,0.9087484248566524,0.9974454279715097,0.05698730619035032,0.021470247688458042,0.6511749370882015,0.899180471871373,0.14,0.78,0.08,0.75
106,0.9032828357711882,0.9973234722788842,0.04991374145900781,0.023410344273440204,0.6511749370882016,0.8991754818267063,0.14,0.86,0.0,0.75
107,0.9077132223660355,0.9973830428289648,0.05578934646413593,0.02188223778464857,0.6511749370882015,0.8991238134448069,0.12,0.8,0.08,0.75
108,0.9075831719102171,0.9971299989894415,0.05636650702208879,0.024110081439767707,0.6557199425648824,0.8991164904876601,0.06,0.9,0.04,0.25
109,0.9064732515941614,0.9974845627837517,0.05538466060989682,0.020766121392047223,0.6511749370882015,0.8991070411399886,0.08,0.76,0.16,0.75
110,0.9060758625098312,0.9973759913765677,0.05464232963132773,0.02125114553829266,0.6511749370882015,0.8990887253186589,0.08,0.78,0.14,0.75
111,0.9068697213565722,0.9973704220765853,0.055234316931355214,0.02180920373459344,0.6511749370882015,0.89904362451002,0.1,0.8,0.1,0.75
112,0.9076644222924803,0.9974215937629829,0.05638245337275585,0.021397213638402912,0.6511749370882015,0.8990408264129355,0.12,0.78,0.1,0.75
113,0.9059612990828322,0.9973367667369067,0.054603804627727084,0.02173616968453831,0.6511749370882015,0.8989625837316899,0.08,0.8,0.12,0.75
114,0.9053667230273416,0.9973569180212517,0.05439803667531351,0.02117811148823753,0.6511749370882015,0.8989582173278587,0.06,0.78,0.16,0.75
115,0.9044549946663764,0.997341048510549,0.053683635542684995,0.021105077438182407,0.6511749370882015,0.8989030577972246,0.04,0.78,0.18,0.75
116,0.9063010891380202,0.9970778242301978,0.05626027573718875,0.024031920592797677,0.6557199425648824,0.898770323481091,0.04,0.9,0.06,0.25
117,0.905063155429361,0.9973165555676157,0.05449474203342072,0.02166313563448318,0.6511749370882015,0.8987361845830564,0.06,0.8,0.14,0.75
118,0.87014330818699,0.9976217591951463,0.043303130097507816,0.021656626702405226,0.6987939847072412,0.8986793864916454,0.2,0.78,0.02,1.0
119,0.8698049228578828,0.9975957391860887,0.042973242575759955,0.022071824665384456,0.6987939847072412,0.8985861137172939,0.18,0.8,0.02,1.0
120,0.9027388105358435,0.9972851459134139,0.0531202763169702,0.02151706753437293,0.6511749370882015,0.8984599702614919,0.02,0.8,0.18,0.75
121,0.9049832854800196,0.9970162774768975,0.05612876101430028,0.023953759745827655,0.6557199425648824,0.8984193296677927,0.02,0.9,0.08,0.25
122,0.8707535574315611,0.9976802368449617,0.04546686437039519,0.02082623077644727,0.6987939847072412,0.8984129903566214,0.24,0.74,0.02,1.0
123,0.9032347303461987,0.9972977666657934,0.053820535471052144,0.021590101584428055,0.6511749370882015,0.8983939804256581,0.04,0.8,0.16,0.75
124,0.8704471432423543,0.9976500548321537,0.04595924614669571,0.021241428739426232,0.6987939847072412,0.8980914278559636,0.22,0.76,0.02,1.0
125,0.8716555303051435,0.9977566799785911,0.048455675280885555,0.019580636887510054,0.6987939847072412,0.898081778930784,0.3,0.68,0.02,1.0
126,0.8719459651780851,0.9977837779166776,0.04915382314860363,0.01916543892453104,0.6987939847072412,0.8980545707826626,0.32,0.66,0.02,1.0
127,0.8635890759057326,0.9975349559658506,0.039695345246098517,0.02380308716889834,0.7033389901839221,0.8979935417138217,0.12,0.88,0.0,1.0
128,0.8664353089845921,0.9976029553220874,0.04160085337190876,0.022142295316982134,0.6987939847072412,0.8979582056651002,0.2,0.8,0.0,1.0
129,0.8886022515230755,0.9940720490757133,0.038578996768055616,0.024843069318023728,0.6557199425648824,0.8979493148754581,0.0,0.94,0.06,0.25
130,0.8713702849612479,0.9977322768630769,0.04839190161558164,0.019995834850489044,0.6987939847072412,0.897927906457827,0.28,0.7,0.02,1.0
131,0.8680562012471725,0.9977382653576815,0.04510842932841137,0.020066305502086726,0.6987939847072412,0.8978678953245949,0.3,0.7,0.0,1.0
132,0.9074156686516003,0.9971899587916715,0.06077878157046091,0.0241747663512517,0.6557199425648824,0.8977891831761173,0.08,0.9,0.02,0.5
133,0.8884031521082043,0.9940657611563783,0.03859470806777061,0.02532680452760669,0.6557199425648824,0.8977873614983432,0.0,0.96,0.04,0.25
134,0.8667712876042272,0.9976287657338339,0.04300977618374306,0.021727097354002908,0.6987939847072412,0.8977393812146228,0.22,0.78,0.0,1.0
135,0.8710692508878306,0.9977058676018699,0.04897810105060896,0.02041103281346825,0.6987939847072412,0.8975814538504479,0.26,0.72,0.02,1.0
136,0.8779029279187253,0.962624442789291,0.03762456727781293,0.024282442467651225,0.7033389901839221,0.8975527495026107,0.1,0.9,0.0,0.0
137,0.9064176943840495,0.9971666785188956,0.06080002855897425,0.02409916890273913,0.6557199425648824,0.8974952877596458,0.06,0.9,0.04,0.5
138,0.91016134252267,0.9972395135845258,0.06497849492454597,0.02378266792412482,0.6557199425648824,0.8974869571159729,0.1,0.88,0.02,0.25
139,0.9099472992967377,0.9972203803442636,0.06492738760218209,0.0237045070771548,0.6557199425648824,0.8974502527876534,0.08,0.88,0.04,0.25
140,0.8678106316978262,0.9977118560964746,0.04611446755223555,0.02048150346506594,0.6987939847072412,0.8974169422067231,0.28,0.72,0.0,1.0
141,0.905786153155085,0.9970673144221665,0.06025119397304896,0.0245835485806535,0.6557199425648824,0.8973524050279407,0.06,0.92,0.02,0.5
142,0.8683637431202526,0.9977621893936275,0.04762932603320357,0.019651107539107735,0.6987939847072412,0.8973194090495873,0.32,0.68,0.0,1.0
143,0.867102548238086,0.9976582291272892,0.04514626249485766,0.02131189939102391,0.6987939847072412,0.8973097588652001,0.24,0.76,0.0,1.0
144,0.8674372763107803,0.9976848479858073,0.045919660902775834,0.020896701428044943,0.6987939847072412,0.8972740540988349,0.26,0.74,0.0,1.0
145,0.8880764623228885,0.9940622279445616,0.040000268390622054,0.025810539737189803,0.6557199425648824,0.8971865185575696,0.0,0.98,0.02,0.25
146,0.9052199254424647,0.9971162404230871,0.06066907374239604,0.024023571454226546,0.6557199425648824,0.8971812964253931,0.04,0.9,0.06,0.5
147,0.8855900835257634,0.994185351393635,0.03851482933717039,0.024354178361790782,0.6557199425648824,0.8971789528220644,0.0,0.92,0.08,0.75
148,0.9050358712488532,0.997012459811587,0.05978652296168419,0.024992330810055134,0.6557199425648824,0.8971714115313522,0.04,0.94,0.02,0.5
149,0.8764184314753171,0.962522099416496,0.03713923340769499,0.02468480896347564,0.7033389901839221,0.8971516135180229,0.08,0.92,0.0,0.0
150,0.8686927500748515,0.9977900059510665,0.049062936814500704,0.01923590957612871,0.6987939847072412,0.8970916705792301,0.34,0.66,0.0,1.0
151,0.8758971511470947,0.9624582620640095,0.03665135264878288,0.025087175459299886,0.7033389901839221,0.8970459531478039,0.06,0.94,0.0,0.0
152,0.9118172162864077,0.9979398380860771,0.06902786670921784,0.0197492532536415,0.6511749370882015,0.8970452983144291,0.2,0.7,0.1,0.75
153,0.9148621080749342,0.9973716497179793,0.070550420355457,0.02175479611105981,0.6511749370882016,0.8970331129053055,0.2,0.78,0.02,0.25
154,0.8755854634618316,0.9624528424763922,0.03615096901440274,0.025489541955124134,0.7033389901839221,0.89701554080249,0.04,0.96,0.0,0.0
155,0.9085555829460805,0.9971978486333133,0.06530987123999236,0.023626346230184777,0.6557199425648824,0.8969346288457098,0.06,0.88,0.06,0.25
156,0.9041761194189022,0.9970342279894753,0.060102780280983974,0.024507951132140923,0.6557199425648824,0.8969223745713932,0.04,0.92,0.04,0.5
157,0.8844754938689098,0.9941668768877794,0.038116238269629905,0.024839202508036243,0.6557199425648824,0.8968598089911775,0.0,0.94,0.06,0.75
158,0.903919573137049,0.9970579274568735,0.06059872628863265,0.023947974005713975,0.6557199425648824,0.8968178612630757,0.02,0.9,0.08,0.5
159,0.9143438171447779,0.9973406892008728,0.07051949341602509,0.02216037047367295,0.6511749370882016,0.8968007903045996,0.18,0.8,0.02,0.25
160,0.8842812040652955,0.9941463962362311,0.03821185172645607,0.0253242266542817,0.6557199425648824,0.8966738569111109,0.0,0.96,0.04,0.75
161,0.9159682353482701,0.997486209619768,0.07465333270967843,0.019784554263184678,0.6511749370882015,0.8965923331808221,0.2,0.7,0.1,0.5
162,0.8746089610920126,0.9624456862253395,0.03638127262892413,0.02589190845094852,0.7033389901839221,0.8965745917782076,0.02,0.98,0.0,0.0
163,0.903075820603025,0.9969653902439938,0.05969030197378796,0.025401113039456774,0.6557199425648824,0.8965223429649979,0.02,0.96,0.02,0.5
164,0.9138523624920848,0.9973814109641851,0.07136560524885842,0.021722072974841616,0.6511749370882016,0.8965029854040016,0.2,0.78,0.02,0.5
165,0.9075880468197531,0.9971499855901849,0.06597278644677329,0.02354818538321476,0.6557199425648824,0.8964615438244659,0.04,0.88,0.08,0.25
166,0.9024688210649909,0.9969697019601091,0.059682088269827356,0.024916733361542556,0.6557199425648824,0.896440135770582,0.02,0.94,0.04,0.5
167,0.8863568479183642,0.9942503864450425,0.04236621465098773,0.02386915421554517,0.6557199425648824,0.8964044673282455,0.0,0.9,0.1,0.75
168,0.9155951113909406,0.9974044666684133,0.07381016131533494,0.021349221748446896,0.6511749370882016,0.8963984888917154,0.22,0.76,0.02,0.25
169,0.9103041981040061,0.9978126724031454,0.0700278161407605,0.02008820929977689,0.6511749370882015,0.8962160023808365,0.16,0.72,0.12,0.75
170,0.9131862012045376,0.9973516182035265,0.07150327141085436,0.022130855204243453,0.6511749370882016,0.8961771895999163,0.18,0.8,0.02,0.5
171,0.9108556795064656,0.9973481448766557,0.06918252898455422,0.022238531320642976,0.6511749370882016,0.896125601586105,0.2,0.8,0.0,0.25
172,0.9139759066591294,0.9973741050007673,0.07306050484429309,0.021646475526329048,0.6511749370882015,0.8960650276010771,0.18,0.78,0.04,0.5
173,0.9164440556127355,0.997512678765921,0.07708743579005274,0.02001134660872241,0.6511749370882015,0.8959913574743634,0.26,0.7,0.04,0.5
174,0.9094535017819229,0.9973011052515355,0.06808790179748256,0.023049680045868805,0.6511749370882016,0.8958515052228111,0.16,0.84,0.0,0.25
175,0.9164686266643447,0.9975026779799311,0.07766986127607566,0.01993574916020984,0.6511749370882015,0.8958442956895756,0.24,0.7,0.06,0.5
176,0.9082191842802675,0.9972810138521366,0.06658516724663335,0.02345525440848193,0.6511749370882016,0.8958306789267386,0.14,0.86,0.0,0.25
177,0.908799363298759,0.9972594552715596,0.06960710415107504,0.02376598412185011,0.6557199425648824,0.8957491570468445,0.1,0.88,0.02,0.5
178,0.9116975660087977,0.9973786263141938,0.07167632962936041,0.021832956958029833,0.6511749370882016,0.8957442958603125,0.22,0.78,0.0,0.25
179,0.9085381682389599,0.9972409807657039,0.06939788155270664,0.023690386673337525,0.6557199425648824,0.8957435157237504,0.08,0.88,0.04,0.5
180,0.9172287425226135,0.9975405552083061,0.07911882319944218,0.019602564379320807,0.6511749370882015,0.8957265669512348,0.28,0.68,0.04,0.5
181,0.91566417758644,0.9973949749044648,0.07634510626725466,0.021271060901476874,0.6511749370882015,0.8957019866529546,0.2,0.76,0.04,0.25
182,0.9102273252582727,0.997319519872445,0.069738611479002,0.022644105683255873,0.6511749370882016,0.8956912351970799,0.18,0.82,0.0,0.25
183,0.9160561732416502,0.9963732478974769,0.07681743803403532,0.020787325691893968,0.6511749370882015,0.8956267872008683,0.2,0.74,0.06,0.25
184,0.9095902393569846,0.9977740765554179,0.07141488663100468,0.02001517524972176,0.6511749370882015,0.8956104082460544,0.14,0.72,0.14,0.75
185,0.9158770067347702,0.9974749213074381,0.07757225189259845,0.02034453138961167,0.6511749370882015,0.8956090538786465,0.22,0.72,0.06,0.5
186,0.9159337386575908,0.997483664509561,0.07765601105258545,0.020420128838124243,0.6511749370882015,0.89558809766116,0.24,0.72,0.04,0.5
187,0.8795154935908203,0.9626698655208681,0.046466796149159446,0.02388007597182702,0.7033389901839221,0.8955724779645211,0.12,0.88,0.0,0.0
188,0.9152192428366596,0.9974414755650706,0.07672236508916427,0.020753313619013277,0.6511749370882015,0.895570176897304,0.2,0.74,0.06,0.5
189,0.9098149541630015,0.9973587445121062,0.0702196589539431,0.022206452652756028,0.6511749370882016,0.8955221372092417,0.2,0.8,0.0,0.5
190,0.9152593833897628,0.9974526740499815,0.0769665787704587,0.020828911067525865,0.6511749370882015,0.895498314172885,0.22,0.74,0.04,0.5
191,0.8819342094041989,0.9941025903981975,0.0394953332151502,0.025809250800527306,0.6557199425648824,0.8954958483320653,0.0,0.98,0.02,0.75
192,0.9104678564118805,0.9973886570426568,0.07137338117824014,0.021797670423354197,0.6511749370882016,0.895471357343057,0.22,0.78,0.0,0.5
193,0.9166154695444912,0.9964106161038105,0.07838449264963868,0.02045991217625107,0.6511749370882015,0.8954135076412528,0.24,0.72,0.04,0.25
194,0.9122126045199719,0.9974128206183869,0.0737642751333712,0.02142738259541692,0.6511749370882016,0.8953825977069598,0.24,0.76,0.0,0.25
195,0.9146207342294502,0.9974066824114171,0.07646842963311208,0.021237693296927426,0.6511749370882015,0.8953617996911408,0.2,0.76,0.04,0.5
196,0.9162226154478024,0.9963929799871996,0.0785047240385193,0.02030359048231102,0.6511749370882015,0.895289578887843,0.2,0.72,0.08,0.25
197,0.9161613427492935,0.9963845661522799,0.07809259104112895,0.020865486538863998,0.6511749370882015,0.8952764722380462,0.22,0.74,0.04,0.25
198,0.9070539255119784,0.997220215660662,0.06971089876259752,0.023614789224824954,0.6557199425648824,0.8952199299543179,0.06,0.88,0.06,0.5
199,0.9176209482894114,0.9975787318614112,0.07936306275973272,0.019269379598431766,0.6466299316115206,0.8951643686734316,0.32,0.66,0.02,0.5
200,0.9153974558976942,0.9973872796888977,0.07799039088257466,0.021192900054506848,0.6511749370882015,0.8951617192423154,0.18,0.76,0.06,0.25
201,0.9076129696888328,0.9976187350053709,0.07090555776471143,0.020354131295856948,0.6511749370882015,0.8950730961497912,0.1,0.74,0.16,0.75
202,0.9164960971380346,0.9964018729016876,0.0794913858509965,0.020381751329281047,0.6511749370882015,0.8950726347419127,0.22,0.72,0.06,0.25
203,0.9090758999480678,0.9973319160562769,0.07091892743262736,0.022615234882157623,0.6511749370882016,0.8950128739972175,0.18,0.82,0.0,0.5
204,0.913726424986778,0.9973614692771513,0.07651720293121468,0.021570878077816477,0.6511749370882015,0.8950060149929615,0.16,0.78,0.06,0.5
205,0.9146142606178657,0.9973988374834849,0.07778538362868978,0.021162095848414855,0.6511749370882015,0.8949938077584785,0.18,0.76,0.06,0.5
206,0.9155218864819032,0.9963637860760015,0.07867822649949069,0.020709164844923945,0.6511749370882015,0.8949438040108658,0.18,0.74,0.08,0.25
207,0.9144237637588413,0.9974226417495387,0.07830703687266083,0.020602118721988128,0.6511749370882015,0.8949017074563363,0.16,0.74,0.1,0.5
208,0.9141609450550953,0.9973871898614787,0.07767994290796626,0.02108649839990228,0.6511749370882015,0.894901609197028,0.16,0.76,0.08,0.5
209,0.914853527976436,0.996353096613132,0.07865878433526743,0.020631003997953923,0.6511749370882015,0.8947629350319711,0.16,0.74,0.1,0.25
210,0.8893701259569359,0.9944773204480891,0.05073342578726492,0.021444033484317795,0.6511749370882015,0.8947314973625418,0.0,0.8,0.2,0.75
211,0.9079581461199576,0.9973155375235329,0.07047861612508637,0.023024017111559245,0.6511749370882016,0.8947203816109599,0.16,0.84,0.0,0.5
212,0.9149050703559413,0.9973744044254975,0.07913036230308781,0.02111473920753683,0.6511749370882015,0.8946987782366475,0.16,0.76,0.08,0.25
213,0.9171635744459259,0.9964670876079332,0.079625934780513,0.01972692429799506,0.6466299316115206,0.894693052110298,0.3,0.68,0.02,0.25
214,0.8667688349541962,0.991031705336123,0.040544242049978876,0.02629427494677274,0.6863469745894236,0.894680002097315,0.0,1.0,0.0,0.25
215,0.9058864289360414,0.997175466634728,0.07045147266705937,0.02353919177631238,0.6557199425648824,0.8946644036574732,0.04,0.88,0.08,0.5
216,0.9154612625999927,0.9963867519528107,0.08009019324416763,0.020225429635341,0.6511749370882015,0.8946184012856415,0.18,0.72,0.1,0.25
217,0.9168637816450598,0.996442804262311,0.07928326801614007,0.020132498660607966,0.6466299316115206,0.8946172296239999,0.28,0.7,0.02,0.25
218,0.9057591778824072,0.9974663877026263,0.07055476424693308,0.020693087341992097,0.6511749370882015,0.8945275329169198,0.06,0.76,0.18,0.75
219,0.9172494203193357,0.9964734952971603,0.08065437984631783,0.019321349935382127,0.6466299316115206,0.8945041353789749,0.32,0.66,0.02,0.25
220,0.8653734666135952,0.991043143360818,0.04001155727279592,0.02629427494677274,0.6863469745894236,0.8944168076361187,0.0,1.0,0.0,0.5
221,0.9140021001510593,0.9963432455395073,0.07906225237724088,0.0205528431509839,0.6511749370882015,0.8944052449240459,0.14,0.74,0.12,0.25
222,0.9144696676058184,0.9975855288027876,0.07868094599320849,0.01934497704694433,0.6466299316115206,0.8944017018151321,0.34,0.66,0.0,0.5
223,0.9141367997359486,0.9973641042147774,0.0794151272671509,0.021036578360566802,0.6511749370882015,0.8944002183881412,0.14,0.76,0.1,0.25
224,0.9130442682358992,0.9973545226234097,0.07799938310384721,0.02149528062930389,0.6511749370882015,0.894387778662387,0.14,0.78,0.08,0.5
225,0.9068623367155458,0.9975751687071215,0.07254546973978629,0.020281097245801818,0.6511749370882015,0.8943827995482918,0.08,0.74,0.18,0.75
226,0.9147487902041808,0.9963725891630705,0.08039371885891919,0.02014726878837098,0.6511749370882015,0.894330588337994,0.16,0.72,0.12,0.25
227,0.9131596765011841,0.9973487287548797,0.07879999082683328,0.020958417513596783,0.6511749370882015,0.8942978981265044,0.12,0.76,0.12,0.25
228,0.9068526973677076,0.9972989493934777,0.07065121580793038,0.023432799340961066,0.6511749370882016,0.8942547005785966,0.14,0.86,0.0,0.5
229,0.9119619523198923,0.9973430845987147,0.07749634707746506,0.021419683180791318,0.6511749370882015,0.8942216331897131,0.12,0.78,0.1,0.5
230,0.9111465435426122,0.9973260772740372,0.07674750794407312,0.021344085732278747,0.6511749370882015,0.8942056482483636,0.1,0.78,0.12,0.5
231,0.9123965867153734,0.9973267060659707,0.07837838604444541,0.02088025666662675,0.6511749370882015,0.8942029493825719,0.1,0.76,0.14,0.25
232,0.918244872746423,0.99826803753289,0.07149176181753511,0.016333478588148702,0.6187353393435727,0.8941291105900518,0.46,0.52,0.02,0.75
233,0.9131442539189945,0.9973789556813971,0.07936889710499709,0.021010900951389702,0.6511749370882015,0.8941231570500191,0.14,0.76,0.1,0.5
234,0.9132465455745001,0.9963248009761246,0.07942412639731283,0.020474682304013878,0.6511749370882015,0.8940870292651278,0.12,0.74,0.14,0.25
235,0.9109515644994751,0.9972590660194102,0.077046804014308,0.021207670182269656,0.6511749370882015,0.8940780273659731,0.06,0.78,0.16,0.25
236,0.898651627217433,0.9970054233304264,0.03950776672644315,0.024427212411845915,0.6081008949458427,0.8940764615977337,0.02,0.92,0.06,0.75
237,0.9182595755356392,0.9982624382904345,0.07202442058634728,0.01626044453809357,0.6187353393435727,0.8939935955176093,0.44,0.52,0.04,0.75
238,0.865739635765988,0.9974599201284532,0.030957061341548367,0.02414781448027965,0.6557199425648824,0.8939369874621513,0.08,0.9,0.02,1.0
239,0.9104496670772848,0.9973040096714187,0.07701127096059389,0.021268488283766172,0.6511749370882015,0.8939322887388942,0.08,0.78,0.14,0.5
240,0.9078294585049311,0.9972304410151995,0.0741641745610039,0.02152607561614285,0.6511749370882015,0.8939051717736042,0.02,0.8,0.18,0.5
241,0.9138217232112302,0.9964728964476999,0.07891188749360213,0.019805085144965085,0.6466299316115206,0.8938817663924176,0.32,0.68,0.0,0.25
242,0.9100491703106941,0.9972387350802271,0.07692296075087258,0.02112950933529964,0.6511749370882015,0.8938556252502565,0.04,0.78,0.18,0.25
243,0.9124107821660095,0.9963024938337219,0.07942990359902138,0.020396521457043845,0.6511749370882015,0.8938469193925632,0.1,0.74,0.16,0.25
244,0.9132671154430498,0.9974136290651585,0.08088064472391797,0.02052652127347555,0.6511749370882015,0.8938258942918041,0.14,0.74,0.12,0.5
245,0.9033501926320289,0.9973202983767436,0.07018910640459539,0.021032043388127277,0.6511749370882015,0.8938206392848576,0.02,0.78,0.2,0.75
246,0.9144627402939159,0.9974481227940819,0.08244514832354073,0.020117739044073938,0.6511749370882015,0.893820091935357,0.16,0.72,0.12,0.5
247,0.9115190870176507,0.9973012250214276,0.07897915988812157,0.020802095819656738,0.6511749370882015,0.8937781627969743,0.08,0.76,0.16,0.25
248,0.8897692763645172,0.9941013926992766,0.054609642882760163,0.02435933410844076,0.6557199425648824,0.8937751041829558,0.0,0.92,0.08,0.25
249,0.9047717085583643,0.9974504283645047,0.07232304018148643,0.02062005329193696,0.6511749370882015,0.8937332884446592,0.04,0.76,0.2,0.75
250,0.8887801790114598,0.9941631939635974,0.053929424188279285,0.02435675623511577,0.6557199425648824,0.8936844303688011,0.0,0.92,0.08,0.5
251,0.8649092753401751,0.997437508187395,0.031075370676306655,0.024077343828681968,0.6557199425648824,0.8936644748154589,0.06,0.9,0.04,1.0
252,0.9121003399889164,0.9973652869424618,0.08005455285525935,0.020935303502877128,0.6511749370882015,0.8936252136197258,0.12,0.76,0.12,0.5
253,0.9109592925301292,0.997278977763971,0.07914272336905129,0.02072393497268672,0.6511749370882015,0.8935753250869318,0.06,0.76,0.18,0.25
254,0.8643939063699223,0.9973478753943985,0.030511956178503125,0.02456301244325884,0.6557199425648824,0.8935618525429074,0.06,0.92,0.02,1.0
255,0.8620879388922277,0.9910391310694329,0.03958566037998816,0.02629427494677274,0.6863469745894236,0.8935534353430374,0.0,1.0,0.0,0.75
256,0.9083032648930757,0.9973819499286994,0.050568849805831304,0.022513330031004242,0.6035558894691618,0.8935379036037349,0.16,0.82,0.02,0.75
257,0.9088838471476114,0.9974067722388361,0.05157675154076642,0.022028305884758823,0.6035558894691618,0.8935219874889262,0.16,0.8,0.04,0.75
258,0.8640835178524601,0.9973129325283798,0.030047285167138248,0.024978210406237863,0.6557199425648824,0.8935145306779184,0.04,0.94,0.02,1.0
259,0.909809321953384,0.9972835290198706,0.0781154501305955,0.021192890835253594,0.6511749370882015,0.8934336338311315,0.06,0.78,0.16,0.5
260,0.8639687037517767,0.9973885073302917,0.030933627525293803,0.024006873177084286,0.6557199425648824,0.8934299457689028,0.04,0.9,0.06,1.0
261,0.9037158990298378,0.9974348283360593,0.07236720275374829,0.020547019241881837,0.6511749370882015,0.8934160697670464,0.02,0.76,0.22,0.75
262,0.8911866206473658,0.9941897529371695,0.05770978937414195,0.02387559889885764,0.6557199425648824,0.8934157953515818,0.0,0.9,0.1,0.25
263,0.9113818634753531,0.9973453602266645,0.08021084532417047,0.020859706054364557,0.6511749370882015,0.8933767046740244,0.1,0.76,0.14,0.5
264,0.9135957937456339,0.9964838254503535,0.0808977787332096,0.01939951078235214,0.6466299316115206,0.893323734687034,0.34,0.66,0.0,0.25
265,0.8874749386552269,0.9941357067733617,0.053549137787513364,0.024841135913029982,0.6557199425648824,0.8933015867087136,0.0,0.94,0.06,0.5
266,0.9077501561857036,0.9973455099390296,0.05061554062989092,0.02292532012719456,0.6035558894691618,0.8932706348497694,0.14,0.84,0.02,0.75
267,0.8631221549400807,0.9973168549923459,0.03036733406388181,0.024492541791661156,0.6557199425648824,0.89323149730548,0.04,0.92,0.04,1.0
268,0.8631824812918136,0.9973348653898697,0.030854801835676373,0.023936402525486608,0.6557199425648824,0.8932228711564711,0.02,0.9,0.08,1.0
269,0.9075232286690411,0.9973336826621853,0.05076300463087253,0.022852286077139437,0.6035558894691618,0.8931728401966699,0.12,0.84,0.04,0.75
270,0.9115828583727551,0.996275994745096,0.08096879903561557,0.02031836061007383,0.6511749370882015,0.8931661681977228,0.08,0.74,0.18,0.25
271,0.9084543740236818,0.9973672481744449,0.05228020887962722,0.02244029598094911,0.6035558894691618,0.8931018440400003,0.14,0.82,0.04,0.75
272,0.8628792755233985,0.9973002069773448,0.029935989931017495,0.025393408369216892,0.6557199425648824,0.8931004225709941,0.02,0.96,0.02,1.0
273,0.8872110047447077,0.9941011831019654,0.053645260259847234,0.025325515590944196,0.6557199425648824,0.8930926169664348,0.0,0.96,0.04,0.5
274,0.9124156508201616,0.9973959929485476,0.08260853859540837,0.02045092382496298,0.6511749370882015,0.8930843641932321,0.12,0.74,0.14,0.5
275,0.9092926834258923,0.9972197814948031,0.0789619810806378,0.02105134848832961,0.6511749370882015,0.8930531314127916,0.02,0.78,0.2,0.25
276,0.8895937047039598,0.9942312532047803,0.057455403245698124,0.023872376557201407,0.6557199425648824,0.8930181903982282,0.0,0.9,0.1,0.5
277,0.906592525933776,0.9972989493934777,0.05009441900872781,0.023264276173329955,0.6035558894691618,0.8929989343988417,0.1,0.86,0.04,0.75
278,0.862117185259808,0.9972724503048518,0.029932062140846802,0.024907739754640182,0.6557199425648824,0.8929658990346384,0.02,0.94,0.04,1.0
279,0.9066680877791874,0.997311764771932,0.050313261713200975,0.023337310223385078,0.6035558894691618,0.8929457737923265,0.12,0.86,0.02,0.75
280,0.9104026394157002,0.9972998177251955,0.05509140326140408,0.02231284508810733,0.6035558894691618,0.8928905600300738,0.1,0.82,0.08,0.5
281,0.9078597294921682,0.997356139516953,0.052456249241127566,0.022367261930893993,0.6035558894691618,0.8928855966806268,0.12,0.82,0.06,0.75
282,0.9101517296709326,0.9972585869398418,0.08094616263818556,0.020645774125716686,0.6511749370882015,0.8928252671969226,0.04,0.76,0.2,0.25
283,0.909062966588528,0.9972614314747791,0.07949979954457473,0.021117293386741023,0.6511749370882015,0.8928220932727323,0.04,0.78,0.18,0.5
284,0.913436799928807,0.997436804539279,0.08511332260776482,0.020042141595561357,0.6511749370882015,0.8927558592156909,0.14,0.72,0.14,0.5
285,0.9145689590814372,0.9982484252130595,0.07218164440525199,0.016818502734394256,0.6187353393435727,0.8927273317757136,0.46,0.54,0.0,0.75
286,0.9076485880413708,0.9972408909382848,0.052238710536842176,0.023130409546910764,0.6035558894691618,0.8927151058373589,0.06,0.86,0.08,0.5
287,0.9068661847250589,0.9973239962721621,0.05179789769057589,0.022779252027084307,0.6035558894691618,0.8926902738479658,0.1,0.84,0.06,0.75
288,0.9097187244046765,0.9972829151991736,0.055164736545585354,0.022237247639594747,0.6035558894691618,0.892676810124482,0.08,0.82,0.1,0.5
289,0.915096358308883,0.9982716905145989,0.07342223851367442,0.016406512638203825,0.6187353393435727,0.892613479564821,0.48,0.52,0.0,0.75
290,0.9105898536361803,0.997321975155233,0.08217714851032626,0.02078410860585198,0.6511749370882015,0.8925833582801501,0.08,0.76,0.16,0.5
291,0.9094391119383748,0.9972421485221518,0.08117643502735619,0.020567613278746667,0.6511749370882015,0.8925582057171136,0.02,0.76,0.22,0.25
292,0.886862578269507,0.9940966617885387,0.05493269167192235,0.025809895268858553,0.6557199425648824,0.8925190607085406,0.0,0.98,0.02,0.5
293,0.9092413748831879,0.9972750553000048,0.05520833991370512,0.022721627317508947,0.6035558894691618,0.8924229690749867,0.08,0.84,0.08,0.5
294,0.9056112660086832,0.9972848464886837,0.05128365592160079,0.023191242123274825,0.6035558894691618,0.8923739065562771,0.08,0.86,0.06,0.75
295,0.9090214724158666,0.997260024178547,0.05554330333034126,0.022161650191082172,0.6035558894691618,0.8923700890798449,0.06,0.82,0.12,0.5
296,0.9082874358251026,0.9972488855785822,0.055164081230196144,0.02264602986899637,0.6035558894691618,0.8921607517456932,0.06,0.84,0.1,0.5
297,0.9114992270062168,0.9973751529873232,0.08494099797653618,0.020375326376450398,0.6511749370882015,0.892148425028122,0.1,0.74,0.16,0.5
298,0.9218096198204021,0.9980667941716976,0.08225857058767577,0.01640790399261993,0.6187353393435727,0.8920468188033963,0.46,0.52,0.02,0.5
299,0.8667872072621645,0.9975036960240139,0.03978901987883469,0.02366214586570298,0.6557199425648824,0.8918065944616378,0.08,0.88,0.04,1.0
300,0.8669408307838066,0.9975217513352471,0.03994709192505319,0.023732616517300662,0.6557199425648824,0.8917956857330593,0.1,0.88,0.02,1.0
301,0.9219300089390867,0.9980602367701055,0.08331541389377037,0.016332306544107347,0.6187353393435727,0.8917921308991255,0.44,0.52,0.04,0.5
302,0.9068047383139141,0.9973468573503157,0.05527418022162314,0.02229422788083886,0.6035558894691618,0.8917692308019404,0.1,0.82,0.08,0.75
303,0.9042554837491875,0.9972630483683224,0.052341358905051254,0.02311820807321969,0.6035558894691618,0.8916733204005935,0.06,0.86,0.08,0.75
304,0.9186367920582129,0.9980715849673815,0.08050541124696614,0.0164835014411325,0.6187353393435727,0.8915864244617355,0.48,0.52,0.0,0.5
305,0.9059166122455024,0.9973194749587355,0.05503144614205695,0.02222119383078373,0.6035558894691618,0.8915833306832599,0.08,0.82,0.1,0.75
306,0.8810615064852383,0.9625743340606859,0.03747592430867013,0.02420171822222376,0.6557199425648824,0.8914089837643924,0.08,0.9,0.02,0.0
307,0.9058390915323268,0.9973099382810775,0.055397917666889694,0.022706217977029177,0.6035558894691618,0.8913558978081088,0.08,0.84,0.08,0.75
308,0.9100084770715452,0.9973015843311038,0.08591617430256226,0.020708511157339408,0.6511749370882015,0.8913421513831997,0.06,0.76,0.18,0.5
309,0.8654310458655684,0.9974837693082166,0.040236211205201315,0.023591675214105302,0.6557199425648824,0.8912818190238333,0.06,0.88,0.06,1.0
310,0.9048639965645575,0.9972940088854289,0.05511109918417434,0.022148159780728597,0.6035558894691618,0.8912553498682205,0.06,0.82,0.12,0.75
311,0.8800902241603785,0.9625362472349998,0.037294425239598465,0.024120993976796283,0.6557199425648824,0.891180400453542,0.06,0.9,0.04,0.0
312,0.9107746856042903,0.9973533249244888,0.08761027541071938,0.020299728927937823,0.6511749370882015,0.8911727172244108,0.08,0.74,0.18,0.5
313,0.8698494723997562,0.9975887925323472,0.04403543325864628,0.02200135401378677,0.6511749370882015,0.8911631901231226,0.16,0.8,0.04,1.0
314,0.8702751933453569,0.9976146927715127,0.045005135328669406,0.021586156050807555,0.6511749370882015,0.891098034161761,0.18,0.78,0.04,1.0
315,0.9046126013219375,0.9972836188472897,0.05524193155408,0.022633183926974047,0.6035558894691618,0.8910436177182145,0.06,0.84,0.1,0.75
316,0.871543795427009,0.997716077985171,0.04801994974126074,0.01985489354729368,0.6511749370882015,0.890970183508559,0.24,0.7,0.06,1.0
317,0.8792704074473935,0.9624583069777191,0.03682501903405772,0.024604084718048168,0.6557199425648824,0.8909615882537832,0.06,0.92,0.02,0.0
318,0.8792589984588688,0.9624456712541031,0.03721186134154011,0.02404026973136881,0.6557199425648824,0.890957414100297,0.04,0.9,0.06,0.0
319,0.8715372452078544,0.9977254799217005,0.0480980324524026,0.019925364198891356,0.6511749370882015,0.8909330046949439,0.26,0.7,0.04,1.0
320,0.9036483010517725,0.996936705354837,0.05561838041727865,0.024437494955410786,0.6081008949458427,0.8909145590474948,0.02,0.92,0.06,0.25
321,0.8787848280222447,0.9624155491262412,0.03637801165757579,0.025006451213872415,0.6557199425648824,0.8908580065144104,0.04,0.94,0.02,0.0
322,0.8714776215266253,0.997709790065836,0.048529502228238146,0.019784422895695996,0.6511749370882015,0.8908164565116562,0.22,0.7,0.08,1.0
323,0.8718060692763628,0.9977509310237705,0.04915780677544176,0.019510166235912372,0.6511749370882015,0.8907947229413407,0.28,0.68,0.04,1.0
324,0.8784380763960397,0.9623544215675633,0.03700352048114353,0.023959545485941345,0.6557199425648824,0.8907737093427748,0.02,0.9,0.08,0.0
325,0.9082225596383917,0.9972531972946975,0.08579702509604067,0.021041695938228445,0.6511749370882015,0.8907668603354899,0.02,0.78,0.2,0.5
326,0.9023979480245643,0.9972588713933356,0.0543526206339925,0.022002091680618344,0.6035558894691618,0.8907583289510242,0.02,0.82,0.16,0.75
327,0.8718558758107247,0.9977422776490668,0.04951160093086596,0.019439695584314694,0.6511749370882015,0.8907203776110579,0.26,0.68,0.06,1.0
328,0.9028923397503402,0.9972690967478731,0.054962965215660464,0.022075125730673474,0.6035558894691618,0.8907174652416854,0.04,0.82,0.14,0.75
329,0.8645176977013858,0.9974403078086227,0.04141797689064716,0.023521204562507624,0.6557199425648824,0.8906744039811819,0.04,0.88,0.08,1.0
330,0.8712136478468328,0.99770101692124,0.04881216072006019,0.019713952244098314,0.6511749370882015,0.8906684845654652,0.2,0.7,0.1,1.0
331,0.9093451355554015,0.997280265290311,0.08767319383604476,0.020632913708826823,0.6511749370882015,0.8906481018884003,0.04,0.76,0.2,0.5
332,0.9025365757912154,0.9972451427694542,0.05451019682781526,0.02256014987691892,0.6035558894691618,0.8906407794694993,0.04,0.84,0.12,0.75
333,0.9180275250454889,0.9980341568761018,0.08302258308047274,0.01689228367053423,0.6187353393435727,0.890589971434093,0.46,0.54,0.0,0.5
334,0.9019410046060674,0.9972229254544706,0.054137422848045236,0.02248711582686379,0.6035558894691618,0.8905809421611156,0.02,0.84,0.14,0.75
335,0.8776804707568961,0.9623933318112576,0.03657971478740013,0.024523360472620697,0.6557199425648824,0.8905617856647827,0.04,0.92,0.04,0.0
336,0.871228755732227,0.9976909861927771,0.04888156160384794,0.020270091510272897,0.6511749370882015,0.8905402596064044,0.22,0.72,0.06,1.0
337,0.8712366415553955,0.9976988610631824,0.048917008790509316,0.02034056216187058,0.6511749370882015,0.8905194845575143,0.24,0.72,0.04,1.0
338,0.8660106323311975,0.9975799295603323,0.04193506850523575,0.022557493279961118,0.6511749370882016,0.8905050179662785,0.18,0.82,0.0,1.0
339,0.8654945165803765,0.9975675633189734,0.041211405764682116,0.02297269124294013,0.6511749370882016,0.8904740936416471,0.16,0.84,0.0,1.0
340,0.8711108714295298,0.9976828118976416,0.049051633526216346,0.020199620858675205,0.6511749370882015,0.8904686899178453,0.2,0.72,0.08,1.0
341,0.9085235247595026,0.9972748157602207,0.08758666759076245,0.020557316260314252,0.6511749370882015,0.8904408869068146,0.02,0.76,0.22,0.5
342,0.8708661037504888,0.9976612533170646,0.04879518904272824,0.020685289473251902,0.6511749370882015,0.8903688863410494,0.2,0.74,0.06,1.0
343,0.8770257602110361,0.9623743482833605,0.03614515310119322,0.025408817709696663,0.6557199425648824,0.8903108215223552,0.02,0.96,0.02,0.0
344,0.8708729632729003,0.997671882894988,0.04902441578963068,0.02075576012484959,0.6511749370882015,0.8902923036459429,0.22,0.74,0.04,1.0
345,0.8706722962229979,0.9976529891945101,0.048984957528566166,0.02061481882165422,0.6511749370882015,0.8902688429840515,0.18,0.74,0.08,1.0
346,0.9013842301749309,0.9972012770464744,0.05445903603439329,0.02297213997310944,0.6035558894691618,0.8902208597915203,0.02,0.86,0.12,0.75
347,0.8646400081697471,0.9975550174227765,0.04101841480377037,0.02338788920591934,0.6511749370882016,0.8901885050618817,0.14,0.86,0.0,1.0
348,0.8706999506494967,0.9976771228277671,0.04972967788720866,0.020129150207077538,0.6511749370882015,0.8901630122062525,0.18,0.72,0.1,1.0
349,0.8762367619696264,0.9623061243585761,0.036154403731024826,0.024925726968444938,0.6557199425648824,0.8901578374419084,0.02,0.94,0.04,0.0
350,0.912809797336507,0.9972823013784766,0.06669544420129743,0.02289335835192876,0.6035558894691618,0.8901457588378925,0.12,0.84,0.04,0.25
351,0.8705684728772163,0.9976406528956243,0.04899697202799235,0.021170958087828543,0.6511749370882015,0.890121151030501,0.2,0.76,0.04,1.0
352,0.9019925149580352,0.9972217277555496,0.055557307319215536,0.023045174023164566,0.6035558894691618,0.8900749119155692,0.04,0.86,0.1,0.75
353,0.8701139983049073,0.9976434375456155,0.04914672689591209,0.020544348170056535,0.6511749370882015,0.8900673382188021,0.16,0.74,0.1,1.0
354,0.9130169364152213,0.9972947873897274,0.06727708437597511,0.022971519198898782,0.6035558894691618,0.8900263154146826,0.14,0.84,0.02,0.25
355,0.8700443913466103,0.9976664932498437,0.04957793601372718,0.02005867955547985,0.6511749370882015,0.890022627558691,0.16,0.72,0.12,1.0
356,0.8696967740615802,0.9975778635296936,0.04825267515140008,0.021930883362189086,0.6511749370882015,0.8899129966086102,0.14,0.8,0.06,1.0
357,0.8700749544922879,0.9976022367027348,0.04894692402008743,0.021515685399209873,0.6511749370882015,0.8899128284263751,0.16,0.78,0.06,1.0
358,0.900653203174934,0.9971384577380707,0.054478208049708515,0.023457164119354865,0.6035558894691618,0.8898895920917278,0.02,0.88,0.1,0.75
359,0.911565420723542,0.9972561316570538,0.0660317560501053,0.023298932714541885,0.6035558894691618,0.8898789054441513,0.1,0.86,0.04,0.25
360,0.8701008569536369,0.9976219089075115,0.049613163634489345,0.021030016784633183,0.6511749370882015,0.8898284476008633,0.16,0.76,0.08,1.0
361,0.9116784042133758,0.9972690668054002,0.06632415921080995,0.02337709356151191,0.6035558894691618,0.8898147388759815,0.12,0.86,0.02,0.25
362,0.8705288830809732,0.9976331972198413,0.050085923093245735,0.02110048743623087,0.6511749370882015,0.8898080450102579,0.18,0.76,0.06,1.0
363,0.9137228475028757,0.9973172741869683,0.06934185368564608,0.022565944836285854,0.6035558894691618,0.8897268101443592,0.16,0.82,0.02,0.25
364,0.9150238480917551,0.9973638347325201,0.07164179916790102,0.0216766352640898,0.6035558894691618,0.889638332328982,0.18,0.78,0.04,0.25
365,0.9134052363494353,0.9972936495757526,0.06944366359192547,0.022409623142345816,0.6035558894691618,0.8896298713160522,0.12,0.82,0.06,0.25
366,0.9139348991274011,0.9973057463348541,0.07002569269091113,0.022487783989315824,0.6035558894691618,0.8896070143949611,0.14,0.82,0.04,0.25
367,0.9122153379841562,0.9972715071169516,0.06811650492084201,0.022815197504958733,0.6035558894691618,0.8895714026117747,0.1,0.84,0.06,0.25
368,0.8693286152647052,0.9976350237106958,0.05010150421647074,0.020473877518458854,0.6511749370882015,0.8895690648607183,0.14,0.74,0.12,1.0
369,0.8687147261917588,0.997567608232683,0.048471472836759934,0.021860412710591415,0.6511749370882015,0.8895678064163066,0.12,0.8,0.08,1.0
370,0.9144271393391753,0.997333293410036,0.07097545371396509,0.02208220962670293,0.6035558894691618,0.8895658902886954,0.16,0.8,0.04,0.25
371,0.9112290389178505,0.9979038322622661,0.06965653867896035,0.01967621920358637,0.6035558894691618,0.8895537975108269,0.18,0.7,0.12,0.75
372,0.869356892659002,0.9976565523487999,0.05067180653035297,0.019988208903882164,0.6511749370882015,0.8895133566336293,0.14,0.72,0.14,1.0
373,0.8679289787569828,0.997548070769035,0.04776902547454556,0.022275610673570395,0.6511749370882015,0.8894487954389211,0.1,0.82,0.08,1.0
374,0.8695849099792868,0.9975954697038315,0.05031356134788821,0.021445214747612185,0.6511749370882015,0.8893845659738564,0.14,0.78,0.08,1.0
375,0.8679397846652505,0.9975558258695482,0.048382707686622714,0.02178994205899373,0.6511749370882015,0.8893732629425846,0.1,0.8,0.1,1.0
376,0.915126393322838,0.9953536168636008,0.0831340327216125,0.01648232939709115,0.6187353393435727,0.8893673842011949,0.46,0.52,0.02,0.25
377,0.8686718863024053,0.9976186152354788,0.05020253044664444,0.02040340686686118,0.6511749370882015,0.8893545290228112,0.12,0.74,0.14,1.0
378,0.8672124244801872,0.9975356446427301,0.04774443196889141,0.021719471407396048,0.6511749370882015,0.8893502892759007,0.08,0.8,0.12,1.0
379,0.8655956505034635,0.9974863892746062,0.046192062026678624,0.02150805945260301,0.6511749370882015,0.8893480704520745,0.02,0.8,0.18,1.0
380,0.8898361333731166,0.994509987686158,0.07028751400582081,0.02095900933807215,0.6511749370882015,0.8893310872819523,0.0,0.78,0.22,0.75
381,0.9108514338543819,0.9972428072565583,0.06733951723000503,0.023220771867571873,0.6035558894691618,0.8893010027789413,0.08,0.86,0.06,0.25
382,0.9025208405085688,0.9969864996874754,0.06010050877247549,0.024432353683628356,0.6081008949458427,0.8892915494186518,0.02,0.92,0.06,0.5
383,0.8503040334170092,0.9944590255970717,0.029345309319140884,0.024351600488465793,0.6557199425648824,0.8892804687060873,0.0,0.92,0.08,1.0
384,0.8678954229947022,0.9975678028587576,0.04903858745934198,0.02130427344441683,0.6511749370882015,0.8892696378136127,0.1,0.78,0.12,1.0
385,0.8680002769103969,0.9975994520527437,0.04986280360354329,0.02033293621526349,0.6511749370882015,0.8892622903044778,0.1,0.74,0.16,1.0
386,0.8659236626018914,0.9974978123280647,0.04689383982575404,0.021578530104200685,0.6511749370882015,0.8892316031391958,0.04,0.8,0.16,1.0
387,0.8672010004477727,0.9975314377252703,0.04782904613794182,0.022205140021972717,0.6511749370882015,0.8892246828172264,0.08,0.82,0.1,1.0
388,0.866568931414503,0.9975159125530075,0.0475758970913944,0.02164900075579837,0.6511749370882015,0.889217004559453,0.06,0.8,0.14,1.0
389,0.9152032047200924,0.9953502932490952,0.08385215779247004,0.01640416855012113,0.6187353393435727,0.8891983541518966,0.44,0.52,0.04,0.25
390,0.869367014393123,0.9976138244397951,0.05108350675176086,0.020959546133035502,0.6511749370882015,0.8891969249481326,0.14,0.76,0.1,1.0
391,0.8671863583473396,0.9975462442781805,0.04863682402969612,0.021233802792819154,0.6511749370882015,0.889183703184149,0.08,0.78,0.14,1.0
392,0.882722696393662,0.9626484416814196,0.047246076778662056,0.023799351726399545,0.6557199425648824,0.889179860075757,0.1,0.88,0.02,0.0
393,0.8685457243006509,0.9975843011613936,0.050011778775329925,0.02137474409601451,0.6511749370882015,0.8891723051633907,0.12,0.78,0.1,1.0
394,0.8661659713250293,0.9975130380755972,0.04783254425696615,0.021092861489623794,0.6511749370882015,0.8891328604956285,0.04,0.78,0.18,1.0
395,0.8825812135024285,0.9626276616051411,0.04748954590014106,0.023718627480972077,0.6557199425648824,0.8890801927071972,0.08,0.88,0.04,0.0
396,0.8679465535970253,0.9975821752458089,0.05017026057157952,0.020818604829840142,0.6511749370882015,0.8890577347378962,0.1,0.76,0.14,1.0
397,0.8684823568318035,0.9976007844927932,0.05072488912583029,0.020889075481437827,0.6511749370882015,0.889047140992107,0.12,0.76,0.12,1.0
398,0.8666752864743624,0.9975280392545821,0.04863696820762897,0.021163332141221472,0.6511749370882015,0.8890417033980779,0.06,0.78,0.16,1.0
399,0.8672280633880327,0.9975603471829747,0.04968451478653045,0.020748134178242467,0.6511749370882015,0.8889931642031373,0.08,0.76,0.16,1.0
400,0.8493011916906967,0.9944492643508659,0.028973534098560072,0.0248372691030425,0.6557199425648824,0.8889882899317587,0.0,0.94,0.06,1.0
401,0.8668080480415173,0.9975437291104465,0.04931869399188335,0.02067766352664479,0.6511749370882015,0.8889843145878813,0.06,0.76,0.18,1.0
402,0.865886202268909,0.9975056722272334,0.048270563831998604,0.02102239083802611,0.6511749370882015,0.888935533298115,0.02,0.78,0.2,1.0
403,0.8663996834236881,0.9975090856691581,0.048224641918251515,0.022134669370375035,0.6511749370882015,0.888880884217814,0.06,0.82,0.12,1.0
404,0.8492327619512435,0.9944451322895886,0.029069147555386254,0.025322937717619207,0.6557199425648824,0.8888424192658149,0.0,0.96,0.04,1.0
405,0.9152910885507792,0.9974769424243671,0.07612448670948992,0.019708956814672107,0.6035558894691618,0.8888355760931289,0.18,0.7,0.12,0.5
406,0.9130863031327499,0.9973443721250548,0.07214934750754515,0.02205525775573088,0.6035558894691618,0.8888319774573092,0.16,0.8,0.04,0.5
407,0.8653013142072036,0.9974751758184588,0.0473846718271766,0.021993728067179672,0.6511749370882015,0.8888168393728805,0.02,0.82,0.16,1.0
408,0.8673594124698484,0.9975797199630211,0.05081662946365886,0.020262465563665816,0.6511749370882015,0.8888059493215221,0.08,0.74,0.18,1.0
409,0.9122610806411754,0.9973299099105843,0.07111576493050259,0.02253963743364505,0.6035558894691618,0.8887835943337332,0.16,0.82,0.02,0.5
410,0.9143036614517719,0.997320717571366,0.07378179384648388,0.0220040487797329,0.6035558894691618,0.8887328541176214,0.14,0.8,0.06,0.25
411,0.8656740239493299,0.9974848322660089,0.04803626957036233,0.022064198718777357,0.6511749370882015,0.8887279952657817,0.04,0.82,0.14,1.0
412,0.9097679485433504,0.9972185239109361,0.0682626334664831,0.023142611020601833,0.6035558894691618,0.8887215918098762,0.06,0.86,0.08,0.25
413,0.8663563236691739,0.9975284883916775,0.05038660881056475,0.020607192875047097,0.6511749370882015,0.8885524702160817,0.04,0.76,0.2,1.0
414,0.9119884039660079,0.9953637074770098,0.08280745288112162,0.016560490244061175,0.6187353393435727,0.8885060998400294,0.48,0.52,0.0,0.25
415,0.9217377266030141,0.9967212992039045,0.05922845702947189,0.0062210055670483735,0.5386766939799044,0.888497095597881,0.48,0.1,0.42,0.75
416,0.8660917679206196,0.9975235778261016,0.0503890572924334,0.020536722223449426,0.6511749370882015,0.8884857545544688,0.02,0.76,0.22,1.0
417,0.8935965185941811,0.9944206393466553,0.07677338341374379,0.02145047816763027,0.6511749370882015,0.8884760805053018,0.0,0.8,0.2,0.5
418,0.8813188129357199,0.962583376687539,0.04840333319076252,0.023637903235544606,0.6557199425648824,0.8884473113701085,0.06,0.88,0.06,0.0
419,0.9113501188713267,0.9973097586262394,0.0712600983690841,0.022948419663046667,0.6035558894691618,0.8883838808370315,0.14,0.84,0.02,0.5
420,0.9123040329524947,0.9972822714360036,0.0726884217867009,0.02233146229537578,0.6035558894691618,0.8883771964341045,0.1,0.82,0.08,0.25
421,0.9219570387831111,0.9967260001721692,0.059878801435009524,0.006294039617103502,0.5386766939799044,0.8883613378573911,0.5,0.1,0.4,0.75
422,0.883925010976716,0.9627815210027734,0.05016028338293172,0.022270609988529918,0.6511749370882016,0.888343651591727,0.2,0.8,0.0,0.0
423,0.9133465731174125,0.9973077973942562,0.07424826496181416,0.021925887932762886,0.6035558894691618,0.8883248266471802,0.12,0.8,0.08,0.25
424,0.909025449281585,0.9977283843415837,0.07136992878083485,0.019942141199666637,0.6035558894691618,0.8883188391520123,0.12,0.72,0.16,0.75
425,0.8490048291632414,0.9944445933250742,0.03034348045197473,0.025808606332196057,0.6557199425648824,0.8883091301117516,0.0,0.98,0.02,1.0
426,0.9110410447845121,0.9972987397961666,0.07132748899435212,0.022872822214534096,0.6035558894691618,0.8882851804520033,0.12,0.84,0.04,0.5
427,0.8947206954584926,0.9944034224246666,0.07906392225088467,0.020973187641359595,0.6511749370882015,0.8882452993272897,0.0,0.78,0.22,0.25
428,0.9121904533761536,0.9973191605627688,0.07296705198041617,0.022464039985132463,0.6035558894691618,0.8882417447125225,0.14,0.82,0.04,0.5
429,0.9148295195146462,0.9973504205046055,0.07642336716401282,0.021598474417119772,0.6035558894691618,0.8882139849039236,0.16,0.78,0.06,0.25
430,0.8510141007427073,0.9945181619812934,0.03427557609042102,0.02386593187388893,0.6557199425648824,0.8881769188001082,0.0,0.9,0.1,1.0
431,0.922245962843423,0.9967266888490488,0.06081184782262642,0.006367073667158631,0.5386766939799044,0.8881642912877387,0.52,0.1,0.38,0.75
432,0.9224684881501622,0.9967309855939277,0.06111254933643374,0.0064401077172137585,0.5386766939799044,0.8881303224649297,0.54,0.1,0.36,0.75
433,0.911389192586707,0.997255113612971,0.07230406203379756,0.02273703665798871,0.6035558894691618,0.8881284585602769,0.08,0.84,0.08,0.25
434,0.9116032297551636,0.9973088004671026,0.07298987168274447,0.022388442536619903,0.6035558894691618,0.8880725587273014,0.12,0.82,0.06,0.5
435,0.9099377035393255,0.9972755044371002,0.07074117730187417,0.023281604443935927,0.6035558894691618,0.8880381101229378,0.1,0.86,0.04,0.5
436,0.8939940995505987,0.9944407008035812,0.07916006786546025,0.020966098489715874,0.6511749370882015,0.8880065883818171,0.0,0.78,0.22,0.5
437,0.9100372772511609,0.9972876610811479,0.07101957273368237,0.023357201892448498,0.6035558894691618,0.8879743583016177,0.12,0.86,0.02,0.5
438,0.8831568511754452,0.9627543032947948,0.050654473245218296,0.02267297648435413,0.6511749370882016,0.8878860546432683,0.18,0.82,0.0,0.0
439,0.914323482592341,0.9973417072449556,0.07717666947810908,0.021520313570149743,0.6035558894691618,0.8878591419051112,0.14,0.78,0.08,0.25
440,0.9115870985661395,0.9953390049367652,0.08436539242637904,0.01696606460667421,0.6187353393435727,0.88785136163532,0.46,0.54,0.0,0.25
441,0.9217356245216518,0.9967316592995707,0.061193191887066664,0.006632995663238778,0.5386766939799044,0.8878487183214414,0.46,0.12,0.42,0.75
442,0.9214055847040382,0.9967256408624929,0.06112650508337289,0.006559961613183651,0.5386766939799044,0.887782652164803,0.44,0.12,0.44,0.75
443,0.9211291629959667,0.9967213890313236,0.06094424072269241,0.006486927563128523,0.5386766939799044,0.8877662850655741,0.42,0.12,0.46,0.75
444,0.9218573150848118,0.9967347433742921,0.061702833603533694,0.006513141767268888,0.5386766939799044,0.8877626073653961,0.56,0.1,0.34,0.75
445,0.9102407685857331,0.9972890833486164,0.07241120707541636,0.022797224766021525,0.6035558894691618,0.887746073674685,0.1,0.84,0.06,0.5
446,0.9169841280660097,0.9975312730416687,0.07950765062563073,0.01952696693080824,0.5990108839924809,0.8877301099346978,0.26,0.68,0.06,0.5
447,0.9169895132660608,0.9964330130736323,0.07868690052978235,0.020054337813637933,0.5990108839924809,0.8876983307415596,0.26,0.7,0.04,0.25
448,0.911484820746654,0.9972603685169867,0.0742526542480233,0.022253301448405767,0.6035558894691618,0.8876924374209442,0.08,0.82,0.1,0.25
449,0.8822775539423617,0.9627361581561426,0.050144927110567214,0.02307534298017836,0.6511749370882016,0.8876860943396936,0.16,0.84,0.0,0.0
450,0.9213699885429986,0.9967430374393197,0.061540447031225604,0.0065861758173240146,0.5386766939799044,0.8876499015631105,0.58,0.1,0.32,0.75
451,0.9103516188770968,0.9972244824630678,0.07303518012168095,0.02265887581101869,0.6035558894691618,0.8876172678563635,0.06,0.84,0.1,0.25
452,0.9082148226526853,0.9976963159529754,0.073052977557207,0.019869107149611504,0.6035558894691618,0.8875998224904129,0.1,0.72,0.18,0.75
453,0.9085429887934356,0.9971709752637745,0.07101286445137465,0.02306445017363182,0.6035558894691618,0.8875690548365812,0.04,0.86,0.1,0.25
454,0.9169525954431218,0.9964151673597101,0.0792142471318865,0.019976176966667918,0.5990108839924809,0.8875480506414466,0.24,0.7,0.06,0.25
455,0.91270732558671,0.9973334730648741,0.07626448326816551,0.021979660307218297,0.6035558894691618,0.8875443916332864,0.14,0.8,0.06,0.5
456,0.9211305711900122,0.9967748363456709,0.06146910010212835,0.006971951709373985,0.5386766939799044,0.8875262773869155,0.42,0.14,0.44,0.75
457,0.9124059867800282,0.9972921524521015,0.0761437559536735,0.021847727085792856,0.6035558894691618,0.8875090130832346,0.1,0.8,0.1,0.25
458,0.9135860861561472,0.9981027850242721,0.05493894351483741,0.019144375211426267,0.5559368418501222,0.887500866563611,0.3,0.66,0.04,0.75
459,0.8808797370842347,0.9627156475621212,0.0491934928684713,0.02347770947600279,0.6511749370882016,0.8874577252865483,0.14,0.86,0.0,0.0
460,0.9132318504600675,0.9973278738224187,0.07749955842852953,0.021442152723179723,0.6035558894691618,0.8874520433639366,0.12,0.78,0.1,0.25
461,0.9089861954010078,0.9972623896339159,0.0718489219663947,0.02320600699542335,0.6035558894691618,0.8874461824038522,0.08,0.86,0.06,0.5
462,0.9206714830744473,0.9967504332301566,0.06133715145249018,0.006898917659318856,0.5386766939799044,0.8874375696274269,0.4,0.14,0.46,0.75
463,0.9220414023445885,0.9967368393474038,0.06299569144527639,0.006706029713293908,0.5386766939799044,0.8874065304307196,0.48,0.12,0.4,0.75
464,0.9124065954467541,0.9973073632283974,0.07686612387073014,0.021363991876209697,0.6035558894691618,0.8873997930192864,0.1,0.78,0.12,0.25
465,0.9220405351480564,0.996806575367076,0.0628144115322438,0.007118019809484241,0.5386766939799044,0.8873866389817818,0.46,0.14,0.4,0.75
466,0.9162455752019777,0.9963798651840152,0.0791419629163301,0.01981985527272787,0.5990108839924809,0.8873827703974005,0.2,0.7,0.1,0.25
467,0.9129262180307015,0.9980338275088986,0.05447519566085855,0.01941029720750634,0.5559368418501222,0.8873731874452869,0.24,0.68,0.08,0.75
468,0.9215692157245707,0.9967841484547812,0.062485505700195926,0.00704498575942911,0.5386766939799044,0.8873513880904658,0.44,0.14,0.42,0.75
469,0.9224479956729359,0.9967538766145543,0.06357564631768332,0.006779063763349034,0.5386766939799044,0.8873491176056133,0.5,0.12,0.38,0.75
470,0.9115552448255372,0.9972671804295996,0.07589677601318419,0.02176956623882284,0.6035558894691618,0.8873369402099747,0.08,0.8,0.12,0.25
471,0.9229786224674686,0.9967654044666684,0.0641317665636246,0.006925131863459292,0.5386766939799044,0.8873203588175766,0.54,0.12,0.34,0.75
472,0.9167043494910414,0.996408609958118,0.07980909746732773,0.019898016119697888,0.5990108839924809,0.887316587889175,0.22,0.7,0.08,0.25
473,0.8804187389473507,0.9624970375665752,0.05141540647137573,0.023557178990117136,0.6557199425648824,0.8873113825175916,0.04,0.88,0.08,0.0
474,0.9117338271162153,0.9973229782280792,0.07630400136928507,0.021904062858705727,0.6035558894691618,0.8872544848426192,0.12,0.8,0.08,0.5
475,0.9141425996508294,0.998137967430075,0.054296261447057494,0.018805419165290885,0.5513918363734412,0.8872445772070221,0.34,0.64,0.02,0.75
476,0.9228054722001847,0.996829361589047,0.06401876724339524,0.007264087909594495,0.5386766939799044,0.887242820808305,0.5,0.14,0.36,0.75
477,0.9224043071357595,0.9968170851751074,0.06366952534049287,0.00719105385953937,0.5386766939799044,0.8872360065491751,0.48,0.14,0.38,0.75
478,0.9172474971722097,0.9964240902166712,0.08095618273656625,0.019570602604055017,0.5990108839924809,0.8872163580895557,0.26,0.68,0.06,0.25
479,0.9067238481201191,0.997095759771539,0.07005342806879884,0.023470024536244725,0.6035558894691618,0.8872077502604663,0.02,0.88,0.1,0.25
480,0.913687786219735,0.9980840110936863,0.0561270383400351,0.01907134116137114,0.5559368418501222,0.8872003556006268,0.28,0.66,0.06,0.75
481,0.9147930145122212,0.9981652749654726,0.05542970386646295,0.0183934290691006,0.5513918363734412,0.8871991534634653,0.36,0.62,0.02,0.75
482,0.9057478735541443,0.997513936349788,0.07164781843099882,0.020135029145691558,0.6035558894691618,0.8871846396417645,0.04,0.74,0.22,0.75
483,0.9226810807506632,0.9967609130957149,0.06434177015792311,0.0068520978134041614,0.5386766939799044,0.8871844351780903,0.52,0.12,0.36,0.75
484,0.910896872848144,0.9972429869113965,0.07578386838238658,0.021691405391852814,0.6035558894691618,0.8871840100142262,0.06,0.8,0.14,0.25
485,0.907628966257537,0.9971359725128097,0.07148611403396861,0.022986289326661795,0.6035558894691618,0.8871686788673786,0.02,0.86,0.12,0.25
486,0.9115875549686449,0.9972822714360036,0.07687327984412187,0.021285831029239685,0.6035558894691618,0.8871638844989236,0.08,0.78,0.14,0.25
487,0.9125340071176212,0.9981941993944135,0.05347281546011337,0.018054473022965402,0.5513918363734412,0.8871582197585361,0.4,0.6,0.0,0.75
488,0.9098830913229425,0.9972187484794838,0.07501460384878804,0.021613244544882792,0.6035558894691618,0.8871138347868238,0.04,0.8,0.16,0.25
489,0.9222960069850474,0.9969307767451783,0.06383225494014451,0.0076030439557297404,0.5386766939799044,0.8870912183829494,0.46,0.16,0.38,0.75
490,0.9063721190760747,0.9975542089760049,0.0726033942555301,0.020208063195746688,0.6035558894691618,0.8870876264816162,0.06,0.74,0.2,0.75
491,0.9201804857307755,0.9967372285995532,0.062128517137587276,0.0068258836092637285,0.5386766939799044,0.8870745566698621,0.38,0.14,0.48,0.75
492,0.9090975757227147,0.9971966060206827,0.07439781217399767,0.02153508369791277,0.6035558894691618,0.8870684593654257,0.02,0.8,0.18,0.25
493,0.9172266085365278,0.9964323842816988,0.08143625983608922,0.019648763451025033,0.5990108839924809,0.8870571824690661,0.28,0.68,0.04,0.25
494,0.9108663935125421,0.9973110461525794,0.07621045611389343,0.021828465410193156,0.6035558894691618,0.8870345758951053,0.1,0.8,0.1,0.5
495,0.9102398846791795,0.9972905355585581,0.0756207903223337,0.021752867961680574,0.6035558894691618,0.8870288077283488,0.08,0.8,0.12,0.5
496,0.8310015004742496,0.9912025421159597,0.029962550834820332,0.02629427494677274,0.6863469745894236,0.887028657958372,0.0,1.0,0.0,1.0
497,0.8738795669770864,0.9979322626404021,0.04992207266587064,0.01625905318367747,0.6187353393435727,0.8870077344207966,0.46,0.52,0.02,1.0
498,0.8739563667878727,0.9979273221323532,0.05021592342035274,0.016188582532079793,0.6187353393435727,0.8869593400128941,0.44,0.52,0.04,1.0
499,0.9197960698793298,0.9967191433458468,0.06224856490463647,0.006752849559208607,0.5386766939799044,0.8869364874727451,0.36,0.14,0.5,0.75
500,0.9182082113509701,0.9957438571145187,0.06062332620307765,0.006028117621023396,0.5386766939799044,0.886927728130175,0.56,0.08,0.36,0.75
501,0.9180106124297173,0.9957478694059039,0.06051260209680869,0.006101151671078527,0.5386766939799044,0.8868863917113001,0.58,0.08,0.34,0.75
502,0.9095698211122283,0.997270204619375,0.07548079199496453,0.021677270513168,0.6035558894691618,0.8868802534856141,0.06,0.8,0.14,0.5
503,0.9198198630165635,0.9968157677062943,0.06220546381120718,0.0072378737054541,0.5386766939799044,0.8868735505854827,0.36,0.16,0.48,0.75
504,0.9211854207943968,0.9970254847873523,0.06332107898293377,0.007868965951809904,0.5386766939799044,0.8868665585365623,0.4,0.18,0.42,0.75
505,0.9182380868474819,0.9982580367469001,0.07200936896919315,0.016187410488038446,0.571116291724533,0.8868625813254721,0.42,0.52,0.06,0.75
506,0.9106493489665705,0.9972326268157303,0.07635437154128455,0.022175140601435734,0.6035558894691618,0.8868468393778569,0.06,0.82,0.12,0.25
507,0.9217433006619349,0.9970390786701051,0.06395169572008552,0.007942000001865032,0.5386766939799044,0.8868393972413474,0.42,0.18,0.4,0.75
508,0.9202746898424808,0.9969950632347602,0.06257564489336133,0.007722897851699643,0.5386766939799044,0.8868330764509877,0.36,0.18,0.46,0.75
509,0.9087674812937564,0.9972479723331549,0.0748652686954516,0.021601673064655425,0.6035558894691618,0.8868289386691939,0.04,0.8,0.16,0.5
510,0.9207763056483458,0.9970097051040688,0.06307257769672868,0.007795931901754775,0.5386766939799044,0.8868277661649179,0.38,0.18,0.44,0.75
511,0.9204013431377583,0.9968481954045789,0.0629480187810714,0.007310907755509226,0.5386766939799044,0.8868239958920507,0.38,0.16,0.46,0.75
512,0.9217383624330714,0.9969046669087016,0.06426569305136832,0.0075300099056746115,0.5386766939799044,0.8868095515491772,0.44,0.16,0.4,0.75
513,0.91719876267203,0.9955133898996553,0.05981578961683244,0.006174185721133657,0.5386766939799044,0.8867941156299038,0.6,0.08,0.32,0.75
514,0.9208397086859802,0.9968765509265324,0.06348514928662699,0.0073839418055643554,0.5386766939799044,0.8867901689714641,0.4,0.16,0.44,0.75
515,0.9213085379378737,0.9968981993345285,0.06418568631150126,0.007456975855619482,0.5386766939799044,0.8867173259398716,0.42,0.16,0.42,0.75
516,0.9197831684818457,0.9969741633885897,0.06286603127384606,0.007649863801644516,0.5386766939799044,0.8866133040776693,0.34,0.18,0.48,0.75
517,0.9095677895506096,0.997201935780881,0.0762353859717532,0.02209697975446572,0.6035558894691618,0.8865677320454552,0.04,0.82,0.14,0.25
518,0.9087558951887893,0.9971820689500298,0.07554338623268451,0.022018818907495685,0.6035558894691618,0.8865364848000458,0.02,0.82,0.16,0.25
519,0.9091607025424799,0.9971891802873729,0.07572185267474167,0.02258071496404867,0.6035558894691618,0.8864951199652595,0.04,0.84,0.12,0.25
520,0.9171897723905154,0.9955129407625599,0.06102061184624609,0.006247219771188788,0.5386766939799044,0.8864291061537686,0.62,0.08,0.3,0.75
521,0.9179984971736044,0.9982537250307846,0.07331874671696674,0.016114376437983323,0.571116291724533,0.8864268579192299,0.4,0.52,0.08,0.75
522,0.9188364541585333,0.9967643564801126,0.06284353325924358,0.0070918056053438415,0.5386766939799044,0.8864159219384834,0.32,0.16,0.52,0.75
523,0.918913101236839,0.998289506286048,0.0722715210359207,0.01584845444190323,0.5665712862478521,0.886380205363551,0.46,0.5,0.04,0.75
524,0.9194283590749955,0.9969830563030777,0.06336023376245856,0.0075768297515893855,0.5386766939799044,0.8863802053068952,0.32,0.18,0.5,0.75
525,0.9193490330183641,0.9967945684353935,0.06353494882784086,0.0071648396553989704,0.5386766939799044,0.886360120217312,0.34,0.16,0.5,0.75
526,0.9082890130956531,0.9971593276417683,0.07539844989298129,0.022502554117078643,0.6035558894691618,0.886338081721656,0.02,0.84,0.14,0.25
527,0.9196174692239746,0.998347624626187,0.07341605074559084,0.015509498395767998,0.5665712862478521,0.8863377832526813,0.5,0.48,0.02,0.75
528,0.9191087629264049,0.9969557188252071,0.06330822919739999,0.007503795701534261,0.5386766939799044,0.8863098379962712,0.3,0.18,0.52,0.75
529,0.9202703348126704,0.9983796331298492,0.07449679786558155,0.015097508299577615,0.5665712862478521,0.8863090045219845,0.52,0.46,0.02,0.75
530,0.8887929837825361,0.9944458509089412,0.05421601455854496,0.021929057630563215,0.6035558894691618,0.8863089095972884,0.0,0.82,0.18,0.75
531,0.9116334865722964,0.9981701256461024,0.05523386200798727,0.01846646311915572,0.5513918363734412,0.8862939238891755,0.38,0.62,0.0,0.75
532,0.9196593404255179,0.9983428937154492,0.07368285591007216,0.015436464345712868,0.5665712862478521,0.8862872580890085,0.48,0.48,0.04,0.75
533,0.9183403479150467,0.9967344589207984,0.06291165402526351,0.007018771555288714,0.5386766939799044,0.8862575567432877,0.3,0.16,0.54,0.75
534,0.9204047794080553,0.9983777766965218,0.07489562000630191,0.015024474249522484,0.5665712862478521,0.886248590500689,0.5,0.46,0.04,0.75
535,0.9081746832488568,0.9972332556076637,0.0759807049134418,0.022086052742569594,0.6035558894691618,0.886230168951293,0.04,0.82,0.14,0.5
536,0.910929528949808,0.9981451835660737,0.054436201896839245,0.018878453215346022,0.5513918363734412,0.8862267533285204,0.36,0.64,0.0,0.75
537,0.9073286489879419,0.9972217427267862,0.07539091745439735,0.022010455294057017,0.6035558894691618,0.8861599279190577,0.02,0.82,0.16,0.5
538,0.8706947472376317,0.9979354365425427,0.04952827963229149,0.016329523835275153,0.6187353393435727,0.886152295105298,0.48,0.52,0.0,1.0
539,0.9186719769809217,0.9969428435618068,0.0636633954143951,0.007430761651479132,0.5386766939799044,0.8860889984251371,0.28,0.18,0.54,0.75
540,0.913963519540793,0.9963501023658297,0.08106963994503323,0.02006910794140095,0.5990108839924809,0.8860876287246335,0.14,0.72,0.14,0.25
541,0.9074150311155412,0.9972206797689939,0.07554724041717281,0.022570432420483795,0.6035558894691618,0.8860285824157488,0.04,0.84,0.12,0.5
542,0.8882915745044543,0.9944134232106565,0.0544630926544102,0.022414081776808665,0.6035558894691618,0.8859853261611486,0.0,0.84,0.16,0.75
543,0.9066391767166136,0.9971970851002512,0.07515271194650185,0.022494834971971217,0.6035558894691618,0.8859212432390868,0.02,0.84,0.14,0.5
544,0.9104478837612714,0.9962029351109182,0.08043176497512844,0.020162038916133784,0.6035558894691618,0.8858580793402538,0.04,0.74,0.22,0.25
545,0.8875920939461441,0.9943800972381811,0.053924982467617094,0.022899105923054313,0.6035558894691618,0.8858287440481227,0.0,0.86,0.14,0.75
546,0.911141207465144,0.996255843460751,0.08124912176418594,0.020240199763103803,0.6035558894691618,0.8858225412172546,0.06,0.74,0.2,0.25
547,0.9181761951360025,0.9969171529199525,0.06411246849759769,0.007357727601424005,0.5386766939799044,0.8858214419833677,0.26,0.18,0.56,0.75
548,0.9188406321004116,0.9982962134000053,0.07412858481509327,0.015921488491958354,0.5665712862478521,0.8858090285387401,0.48,0.5,0.02,0.75
549,0.8619755283730128,0.9972723005924867,0.030365062555373332,0.024422071140063478,0.6081008949458427,0.8857527185816565,0.02,0.92,0.06,1.0
550,0.8870000567433705,0.9943187750534286,0.05326395311157803,0.02338413006929974,0.6035558894691618,0.8857356624850967,0.0,0.88,0.12,0.75
551,0.8703863398065089,0.9979153451431437,0.05087913931349061,0.016744721798254272,0.6187353393435727,0.8855839438608549,0.46,0.54,0.0,1.0
552,0.9063789539255777,0.9971986720513214,0.07594777562487395,0.023054812098398193,0.6035558894691618,0.8855020121339555,0.04,0.86,0.1,0.5
553,0.9165729355053484,0.9983571762750815,0.07334053619418326,0.015582532445823126,0.5665712862478521,0.8854330379681827,0.52,0.48,0.0,0.75
554,0.8535048105454062,0.994684402591521,0.045795762693460945,0.02143758880100532,0.6511749370882015,0.8854289624090623,0.0,0.8,0.2,1.0
555,0.9171377308386127,0.9983820884126372,0.07436180073597144,0.015170542349632749,0.5665712862478521,0.8853939367500588,0.54,0.46,0.0,0.75
556,0.9052342079237221,0.9971746881304294,0.07520875548341728,0.02297921464988562,0.6035558894691618,0.8853833463736069,0.02,0.86,0.12,0.5
557,0.9119791717196454,0.9946205951815076,0.059781828080144865,0.005642341728973445,0.5386766939799044,0.8852104871630104,0.72,0.04,0.24,0.75
558,0.9046117082001938,0.9971249237402641,0.0749298178789527,0.023463594327799802,0.6035558894691618,0.8851727402421764,0.02,0.88,0.1,0.5
559,0.9116355097807914,0.9945806519224939,0.05991630298421607,0.005230351632783064,0.5386766939799044,0.8851449938562946,0.74,0.02,0.24,0.75
560,0.9126723673489324,0.99741542561354,0.0861713730232855,0.019966544147048786,0.6035558894691618,0.8850902961322178,0.12,0.72,0.16,0.5
561,0.9125021212169864,0.9947485992536839,0.0608381184089275,0.0057621956249433014,0.5386766939799044,0.8850578208800304,0.62,0.06,0.32,0.75
562,0.9127330070903561,0.9947459044311118,0.06101778437362808,0.005908263725053558,0.5386766939799044,0.8850456281593754,0.66,0.06,0.28,0.75
563,0.9158296812767739,0.9983049566021281,0.0737008413027272,0.015994522542013487,0.5665712862478521,0.8850158686507688,0.5,0.5,0.0,0.75
564,0.9231166727201423,0.9971457637014886,0.08105332753963301,0.015514742085304043,0.5665712862478521,0.8850025641535876,0.48,0.48,0.04,0.5
565,0.9119339332748814,0.994623619371283,0.060577081962618795,0.005569307678918317,0.5386766939799044,0.8849825143015599,0.7,0.04,0.26,0.75
566,0.9118754304773798,0.9946217329954824,0.0606265142705759,0.005496273628863189,0.5386766939799044,0.8849650241668406,0.68,0.04,0.28,0.75
567,0.9230079311193297,0.9971619925218673,0.08111659121453856,0.015590339533816612,0.5665712862478521,0.8849390024686871,0.5,0.48,0.02,0.5
568,0.9126552029136606,0.9947427005864982,0.06144343538717171,0.0058352296749984295,0.5386766939799044,0.884913596218408,0.64,0.06,0.3,0.75
569,0.8538076424272163,0.9947008410092111,0.048335629813472024,0.02095192018642843,0.6511749370882015,0.8848865607194628,0.0,0.78,0.22,1.0
570,0.9224425475490651,0.997592295801691,0.08074475944521028,0.01599912176321828,0.5665712862478521,0.8848594644136318,0.48,0.5,0.02,0.5
571,0.8531298127557722,0.9946684133109264,0.047272795200181586,0.02192325741558199,0.6511749370882015,0.8847907494626321,0.0,0.82,0.18,1.0
572,0.8877542004791454,0.9627913870476348,0.06702856277509084,0.021787519247278,0.6511749370882016,0.8847233498919558,0.2,0.78,0.02,0.0
573,0.8871133514584839,0.962761444574611,0.06651561544287561,0.022189885743102454,0.6511749370882016,0.8845941358301237,0.18,0.8,0.02,0.0
574,0.9220185383521702,0.9980431695604819,0.08373935025498566,0.016256709095594773,0.571116291724533,0.884566069811258,0.42,0.52,0.06,0.5
575,0.9225394604149724,0.997573342216267,0.0819483827261258,0.0159235243147057,0.5665712862478521,0.884553522457598,0.46,0.5,0.04,0.5
576,0.8598517452884816,0.95565573641641,0.03548348349819895,0.02436191198176575,0.6557199425648824,0.8845511239021218,0.0,0.92,0.08,0.0
577,0.9220536861303195,0.9980373906631883,0.08427128300918935,0.016181111647082205,0.571116291724533,0.8844373834504959,0.4,0.52,0.08,0.5
578,0.9257463366252975,0.9972290337189674,0.07344643535309628,0.009329646952912472,0.5341316885032235,0.8843699183193587,0.8,0.18,0.02,0.75
579,0.8693935841488346,0.9975778635296936,0.042255984588840716,0.022487022628363437,0.6035558894691618,0.884298233785966,0.16,0.82,0.02,1.0
580,0.9116747062512559,0.9973944359399504,0.08796890356162762,0.019890946698536204,0.6035558894691618,0.8842843111628765,0.1,0.72,0.18,0.5
581,0.8690082408388422,0.9975618742490989,0.04198521885969586,0.022902220591342448,0.6035558894691618,0.8841753192832191,0.14,0.84,0.02,1.0
582,0.8883563351568358,0.9628251920996785,0.06997469654007965,0.02138515275145379,0.6511749370882016,0.8841394598377253,0.22,0.76,0.02,0.0
583,0.919985099743926,0.9971832816201872,0.08081342688210598,0.01566593698232919,0.5665712862478521,0.8841077016669063,0.52,0.48,0.0,0.5
584,0.9257611386822322,0.9972700249645369,0.07432726937356361,0.009741637049102777,0.5341316885032235,0.8840439546294014,0.78,0.2,0.02,0.75
585,0.8687701831436578,0.9975505859367689,0.042261085642545396,0.022831749939744773,0.6035558894691618,0.8840367045302213,0.12,0.84,0.04,1.0
586,0.9098038493978107,0.9973191605627688,0.0867531819706581,0.02014853403091267,0.6035558894691618,0.8840110284358691,0.04,0.74,0.22,0.5
587,0.867980499793034,0.9975320515459674,0.04125924007635319,0.023246947902723986,0.6035558894691618,0.8840030512998345,0.1,0.86,0.04,1.0
588,0.9250624971127229,0.9971358228004447,0.07428526786978595,0.008917656856722047,0.5341316885032235,0.883991146944653,0.82,0.16,0.02,0.75
589,0.8578343927538448,0.9556430408078479,0.03508506999682281,0.02484500272301747,0.6557199425648824,0.8839623534887278,0.0,0.94,0.06,0.0
590,0.9257537150879135,0.9972657132484215,0.07469219214897732,0.009668602999047649,0.5341316885032235,0.8839503931480202,0.76,0.2,0.04,0.75
591,0.8680393533160053,0.9975440884201229,0.04152244950851858,0.023317418554321664,0.6035558894691618,0.8839324725690296,0.12,0.86,0.02,1.0
592,0.8722124675253836,0.9978111153945483,0.049191746820116365,0.018750240961551826,0.6035558894691618,0.8839250049568519,0.34,0.64,0.02,1.0
593,0.9255426493421428,0.9971560938546817,0.07765162428097891,0.008745374552471442,0.5386766939799044,0.8838831154139082,0.64,0.18,0.18,0.75
594,0.8888488294081851,0.9628592067490335,0.07188694725208469,0.020982786255629608,0.6511749370882016,0.8838210246858691,0.24,0.74,0.02,0.0
595,0.91634551761317,0.9982114163164021,0.06940498507171983,0.017569448876719813,0.5513918363734412,0.883804207856895,0.4,0.58,0.02,0.75
596,0.857752487215001,0.9556409747772093,0.03524923543422735,0.025328093464269185,0.6557199425648824,0.8837934856417428,0.0,0.96,0.04,0.0
597,0.9169272372242029,0.9982284535835526,0.07041896865309227,0.01708442473047435,0.5513918363734412,0.8837857103426487,0.4,0.56,0.04,0.75
598,0.9258363113333222,0.9972085830098922,0.07828985576193019,0.008818408602526574,0.5386766939799044,0.8837803258960311,0.66,0.18,0.16,0.75
599,0.9102942536824064,0.9973362577148653,0.0880195731000614,0.020224131479425245,0.6035558894691618,0.8837801915639165,0.06,0.74,0.2,0.5
600,0.8695279292876125,0.9975672040092971,0.04427147451745976,0.022416551976765748,0.6035558894691618,0.8837694850648631,0.14,0.82,0.04,1.0
601,0.9192640761521605,0.9976123422873804,0.08126034418537399,0.016074719211730853,0.5665712862478521,0.883745044168153,0.5,0.5,0.0,0.5
602,0.884469459671347,0.9628112239360129,0.06699006976102456,0.021868243492705476,0.6511749370882016,0.883735865069888,0.22,0.78,0.0,0.0
603,0.925762508498831,0.9972285546393991,0.07585306207125035,0.00925661290285734,0.5341316885032235,0.883694899143184,0.78,0.18,0.04,0.75
604,0.9251289853836838,0.9971216600107045,0.07548059635943438,0.008844622806666922,0.5341316885032235,0.8836786769206415,0.8,0.16,0.04,0.75
605,0.9177844381653751,0.9964398998424278,0.049338580918416586,0.002820227980963833,0.4910576463608645,0.8836598125808139,0.08,0.02,0.9,0.75
606,0.9168423161705499,0.998228872778175,0.07077300664432457,0.01715745878052948,0.5513918363734412,0.8836435363248878,0.42,0.56,0.02,0.75
607,0.925393052548732,0.9971497460504006,0.07854012117365167,0.008672340502416317,0.5386766939799044,0.883595525003073,0.62,0.18,0.2,0.75
608,0.9175152770831116,0.998245371080811,0.07199784831483688,0.016672434634283993,0.5513918363734412,0.8835914895725163,0.42,0.54,0.04,0.75
609,0.9251821291666981,0.9971443264627834,0.07839972450048839,0.008599306452361184,0.5386766939799044,0.8835865517771572,0.6,0.18,0.22,0.75
610,0.9175994158698695,0.9964330729585783,0.04937810572426165,0.0028932620310189614,0.4910576463608645,0.883577270601297,0.1,0.02,0.88,0.75
611,0.9249692238104804,0.9970459953813735,0.07852452662819448,0.008114282306115642,0.5386766939799044,0.8835689250551828,0.6,0.16,0.24,0.75
612,0.9173665320200363,0.9964486430445506,0.04940573452434975,0.002747193930908705,0.4910576463608645,0.8835309825926903,0.06,0.02,0.92,0.75
613,0.9175572350808644,0.9982451315410268,0.0723764020220738,0.01674546868433913,0.5513918363734412,0.8834802067196353,0.44,0.54,0.02,0.75
614,0.9226394938017268,0.9972804449451491,0.07308424007423914,0.0098146710991579,0.5341316885032235,0.8834530797934937,0.8,0.2,0.0,0.75
615,0.9163672160038168,0.9982071046002867,0.07069331336932722,0.01749641482666469,0.5513918363734412,0.8834529444574837,0.38,0.58,0.04,0.75
616,0.8689460203054018,0.997556963683523,0.04481584363832358,0.022346081325168084,0.6035558894691618,0.8834503987254367,0.12,0.82,0.06,1.0
617,0.9258969276401307,0.997219691667384,0.07693025897295899,0.009183578852802214,0.5341316885032235,0.8834376889241515,0.76,0.18,0.06,0.75
618,0.9251465141928017,0.9970704883243069,0.07914793677145651,0.008187316356170767,0.5386766939799044,0.8834313011568833,0.62,0.16,0.22,0.75
619,0.92525183759471,0.9970746503280572,0.07929536188200778,0.008260350406225896,0.5386766939799044,0.8834063777728284,0.64,0.16,0.2,0.75
620,0.9156235936884718,0.9981850369976683,0.06980014007144948,0.01790840492285515,0.5513918363734412,0.8834018649407499,0.36,0.6,0.04,0.75
621,0.9248671900288903,0.9969662585757114,0.0790979508357884,0.007921394360090648,0.5386766939799044,0.8833994767369371,0.68,0.14,0.18,0.75
622,0.8888606451513085,0.9628436067205881,0.07345001842282403,0.02090206201020214,0.6511749370882015,0.8833873672483084,0.22,0.74,0.04,0.0
623,0.9254517400071676,0.9970840223221137,0.0795535792406593,0.008333384456281024,0.5386766939799044,0.8833786417051035,0.66,0.16,0.18,0.75
624,0.9156456427471242,0.9981893786562567,0.06988018777869448,0.017981438972910272,0.5513918363734412,0.8833714272110674,0.38,0.6,0.02,0.75
625,0.868122118802117,0.9975412887988951,0.043938680197316726,0.022761279288147092,0.6035558894691618,0.8833709333184392,0.1,0.84,0.06,1.0
626,0.9225529172324805,0.9972272671130591,0.07355177397453488,0.009402681002967593,0.5341316885032235,0.8833666263992634,0.82,0.18,0.0,0.75
627,0.8671381176800403,0.9975194757072974,0.04267519038681592,0.023176477251126308,0.6035558894691618,0.8833539875222454,0.08,0.86,0.06,1.0
628,0.922585588694682,0.9965881749688411,0.07411744777305496,0.008505666760531673,0.5341316885032235,0.8832967479080013,0.84,0.14,0.02,0.75
629,0.8706530177225601,0.9976930671946522,0.04911988807277396,0.019643481592500636,0.6035558894691618,0.8832815487115175,0.18,0.7,0.12,1.0
630,0.9248058406005859,0.9969527844628507,0.07949071028758341,0.007848360310035517,0.5386766939799044,0.8832803311788543,0.66,0.14,0.2,0.75
631,0.9259380166399828,0.9972187335082473,0.07770823906713353,0.009110544802747082,0.5341316885032235,0.8832400011054925,0.74,0.18,0.08,0.75
632,0.8574326605389265,0.9556408250648442,0.036501464999694665,0.025811184205521046,0.6557199425648824,0.8832395799569843,0.0,0.98,0.02,0.0
633,0.9218806418211212,0.9971392961273154,0.07367122249616045,0.008990690906777178,0.5341316885032235,0.8831996805892741,0.84,0.16,0.0,0.75
634,0.9234181295693794,0.997036473674952,0.07587836141030435,0.008359598660421415,0.5341316885032235,0.8831348763219705,0.8,0.14,0.06,0.75
635,0.9161323150025437,0.9964504096504591,0.04959896144141126,0.0026741598808535764,0.4910576463608645,0.8831198357853375,0.04,0.02,0.94,0.75
636,0.9249521914662487,0.9971408231934396,0.07987671700904851,0.008526272402306058,0.5386766939799044,0.8831054818331259,0.58,0.18,0.24,0.75
637,0.925233970998632,0.9971214504133933,0.07764582388366394,0.008771588756611793,0.5341316885032235,0.8830999953732198,0.78,0.16,0.06,0.75
638,0.9253738032719775,0.997117438122008,0.07790019080975251,0.008698554706556665,0.5341316885032235,0.8830825552409599,0.76,0.16,0.08,0.75
639,0.9162041455409163,0.996456607742375,0.049371739086700527,0.003305252127209332,0.4910576463608645,0.8830816587242296,0.08,0.04,0.88,0.75
640,0.9157905695668583,0.9964719083460901,0.049059118611949976,0.003232218077154201,0.4910576463608645,0.8830646910343012,0.06,0.04,0.9,0.75
641,0.9246291518620273,0.996951946073606,0.08021029981164783,0.007702292209925265,0.5386766939799044,0.8830487827713533,0.62,0.14,0.24,0.75
642,0.924652451728736,0.9969486224591004,0.08022481587974312,0.007775326259980391,0.5386766939799044,0.8830364789272883,0.64,0.14,0.22,0.75
643,0.9231645442930947,0.9970585712200435,0.07592935806454919,0.00843263271047654,0.5341316885032235,0.8830327940368017,0.82,0.14,0.04,0.75
644,0.8931351970707356,0.9944006976596215,0.07018308333579809,0.021934857845544442,0.6035558894691618,0.8829965183648588,0.0,0.82,0.18,0.5
645,0.8761803244227947,0.9622862874701978,0.036497402954325284,0.024442636227193226,0.6081008949458427,0.8829927229942995,0.02,0.92,0.06,0.0
646,0.9237896159402554,0.9968463988561975,0.0797326585882665,0.0073633361637900656,0.5386766939799044,0.8829866992462968,0.66,0.12,0.22,0.75
647,0.9239468637295939,0.9968254391250809,0.08000435702014118,0.007290302113734937,0.5386766939799044,0.8829669408373853,0.64,0.12,0.24,0.75
648,0.9127309828476321,0.9980158021401383,0.0697337999954519,0.019337263157451212,0.5559368418501222,0.8829238173341822,0.22,0.68,0.1,0.75
649,0.9244442452639159,0.9969286508295936,0.08051286525392043,0.0076292581598701335,0.5386766939799044,0.882917121382707,0.6,0.14,0.26,0.75
650,0.9246617212549466,0.9971259717268198,0.08037279265239168,0.008453238352250932,0.5386766939799044,0.8828875826856419,0.56,0.18,0.26,0.75
651,0.8689660221052476,0.9978182716456009,0.04950157638782692,0.018820711613149518,0.6035558894691618,0.8828486527219781,0.36,0.64,0.0,1.0
652,0.914955376433177,0.9981603045149506,0.07077903516725935,0.01832039501904547,0.5513918363734412,0.8828328424524606,0.34,0.62,0.04,0.75
653,0.885072009582375,0.9628420047982813,0.07104373119925318,0.02146587699688126,0.6511749370882016,0.8828320810208263,0.24,0.76,0.0,0.0
654,0.9238773466579022,0.9968167857503771,0.0804874493132973,0.007217268063679809,0.5386766939799044,0.8828200035485578,0.62,0.12,0.26,0.75
655,0.9169347367544629,0.9964581647509722,0.0510301960932931,0.0033782861772644612,0.4910576463608645,0.8828079332897845,0.1,0.04,0.86,0.75
656,0.9122329384714993,0.9979962646764903,0.06976101480385968,0.019264229107396086,0.5559368418501222,0.8827782276779804,0.2,0.68,0.12,0.75
657,0.9210013283981999,0.9962640177558865,0.07775838036137593,0.006659209867379139,0.5386766939799044,0.8827733373593698,0.6,0.1,0.3,0.75
658,0.9241122651564911,0.9970327608082971,0.0779903854826626,0.008286564610366283,0.5341316885032235,0.8827477655470309,0.78,0.14,0.08,0.75
659,0.9137523558639866,0.9982344420781574,0.07061998889214612,0.017230492830584608,0.5513918363734412,0.8827469284083522,0.44,0.56,0.0,0.75
660,0.9136155168620584,0.9980757170286587,0.07157126586660477,0.01899830711131601,0.5559368418501222,0.8827357754009922,0.26,0.66,0.08,0.75
661,0.9146877153096667,0.9964722077708204,0.049497319218799775,0.002601125830798448,0.4910576463608645,0.8827336601516409,0.02,0.02,0.96,0.75
662,0.9248324854370381,0.9970506664071652,0.0813421484637547,0.00804124825606051,0.5386766939799044,0.8827302171971771,0.58,0.16,0.26,0.75
663,0.9180047297636033,0.9964493317214302,0.05226377242536781,0.0035973883274298462,0.4910576463608645,0.8827278509166938,0.16,0.04,0.8,0.75
664,0.89213155217735,0.9942540394267514,0.06901285001428249,0.02339186368927471,0.6035558894691618,0.8827196829550932,0.0,0.88,0.12,0.25
665,0.8902738768320396,0.9629398418288863,0.07578962292022043,0.019775686768156737,0.6466299316115206,0.8826942290844723,0.3,0.68,0.02,0.0
666,0.9147236704925775,0.9964769686240311,0.04929358861900036,0.0031591840270990723,0.4910576463608645,0.8826923334204373,0.04,0.04,0.92,0.75
667,0.9131248944683844,0.9982148896432729,0.06989840930907823,0.017642482926774936,0.5513918363734412,0.8826815629624206,0.42,0.58,0.0,0.75
668,0.9236710146323402,0.9967971434880736,0.08079519283219164,0.007144234013624677,0.5386766939799044,0.8826809684018397,0.6,0.12,0.28,0.75
669,0.9174832107754758,0.9964544518843172,0.05202749432575001,0.0034513202273195893,0.4910576463608645,0.8826695523132284,0.12,0.04,0.84,0.75
670,0.9230612718891973,0.9968651428443104,0.08006612118379343,0.0074363702138451945,0.5386766939799044,0.8826601838526076,0.68,0.12,0.2,0.75
671,0.8609389087158787,0.9557260114005967,0.043561589872698314,0.023878821240513878,0.6557199425648824,0.8826535835249665,0.0,0.9,0.1,0.0
672,0.8856017525884887,0.9628717975589399,0.0725151559173446,0.021063510501057068,0.6511749370882016,0.8826513827071578,0.26,0.74,0.0,0.0
673,0.9180626310222434,0.9964446906381115,0.0525642801772592,0.0036704223774849743,0.4910576463608645,0.8826432101130965,0.18,0.04,0.78,0.75
674,0.8923708983580838,0.9943859360204208,0.07043870298933261,0.022419237523458646,0.6035558894691618,0.8825943823282987,0.0,0.84,0.16,0.5
675,0.9179258682632613,0.9964544518843172,0.052867175042016906,0.0035243542773747186,0.4910576463608645,0.8825454621084954,0.14,0.04,0.82,0.75
676,0.8898679007402173,0.9629164567574547,0.0756380935677172,0.020178053263980936,0.6466299316115206,0.8825321773261271,0.28,0.7,0.02,0.0
677,0.920125732419231,0.9957991908046665,0.07732726967100767,0.006878312017544521,0.5386766939799044,0.8825215063439767,0.66,0.1,0.24,0.75
678,0.9143961482771237,0.9959094090478667,0.04927296861120572,0.0031531457337585817,0.4910576463608645,0.8825161001546424,0.02,0.04,0.94,0.25
679,0.8659439407820454,0.997498755515965,0.04446568299215411,0.02310600659952862,0.6035558894691618,0.8824900935939726,0.06,0.86,0.08,1.0
680,0.9152705338631228,0.9959493223644074,0.05056680692124049,0.00296629608107409,0.4910576463608645,0.8824484499357402,0.12,0.02,0.86,0.75
681,0.9200426280694695,0.9958051194143253,0.07749694794555323,0.0069513460675996504,0.5386766939799044,0.8824338987194393,0.68,0.1,0.22,0.75
682,0.9179443990942279,0.9964499605133637,0.05315993158043219,0.0037434564275401045,0.4910576463608645,0.8824220555408773,0.2,0.04,0.76,0.75
683,0.9161545706054789,0.9955768080575195,0.08374620786288225,0.0163260077031511,0.571116291724533,0.8824210868529141,0.42,0.52,0.06,0.25
684,0.8688230042163408,0.9976369400289693,0.05019342606322542,0.019917738252284493,0.6035558894691618,0.8823595166658367,0.12,0.72,0.16,1.0
685,0.9196367264516521,0.9958132038820416,0.07737715181290124,0.007024380117654778,0.5386766939799044,0.8823332999515395,0.7,0.1,0.2,0.75
686,0.9243329909958462,0.9971144438747057,0.08204958911340572,0.008380204302195804,0.5386766939799044,0.8823180200523288,0.54,0.18,0.28,0.75
687,0.9173246020610735,0.9964707705321152,0.052802848623262115,0.0040824124736753495,0.4910576463608645,0.8822744790868159,0.16,0.06,0.78,0.75
688,0.9245621649325063,0.9970383600507525,0.08269695306252951,0.007968214206005386,0.5386766939799044,0.8822709679271615,0.56,0.16,0.28,0.75
689,0.920100226346915,0.9957979332207996,0.07822228413322391,0.006805277967489394,0.5386766939799044,0.8822700261094802,0.64,0.1,0.26,0.75
690,0.9177604085107671,0.9964727167928618,0.05323460750262216,0.004155446523730478,0.4910576463608645,0.8822663268720022,0.18,0.06,0.76,0.75
691,0.890260365861179,0.9943038038169167,0.06867936730988876,0.023387996879287224,0.6035558894691618,0.8822627878495344,0.0,0.88,0.12,0.5
692,0.9208181125736316,0.995953843677834,0.07598588941186721,0.007874574514175963,0.5341316885032235,0.8822584555300053,0.8,0.12,0.08,0.75
693,0.9242346998435685,0.9969082899479376,0.08269090484391903,0.0075562241098150055,0.5386766939799044,0.8822373610512952,0.58,0.14,0.28,0.75
694,0.9194152220533356,0.9966439577960843,0.05482151367288105,0.004666684874116378,0.4910576463608645,0.8822283250827414,0.32,0.06,0.62,0.75
695,0.9234883416348894,0.9967886697682078,0.08222969719402515,0.007071199963569548,0.5386766939799044,0.8822255917888455,0.58,0.12,0.3,0.75
696,0.9147648170790913,0.9964807713181051,0.05060019538452302,0.0037172422233997084,0.4910576463608645,0.8822166291410402,0.06,0.06,0.88,0.75
697,0.9175758028755869,0.99645289487572,0.05348855461915332,0.0038164904775952304,0.4910576463608645,0.8822024894539705,0.22,0.04,0.74,0.75
698,0.8893807777821617,0.962887652098406,0.07599460984824075,0.020580419759805367,0.6466299316115206,0.8821983775867067,0.26,0.72,0.02,0.0
699,0.9190533843980416,0.9965349073093319,0.05465191837688895,0.004447582723950992,0.4910576463608645,0.8821961715016706,0.26,0.06,0.68,0.75
700,0.8865777853549817,0.9629276702136021,0.07333435545845829,0.020258777509408413,0.6466299316115206,0.8821953981890399,0.3,0.7,0.0,0.0
701,0.8908774358679921,0.9943517417162276,0.06994109994405404,0.022903617201373044,0.6035558894691618,0.8821879163892103,0.0,0.86,0.14,0.5
702,0.9180898806553556,0.9964765793718817,0.053846309266060294,0.004228480573785607,0.4910576463608645,0.8821746412720978,0.2,0.06,0.74,0.75
703,0.9115635958567697,0.9979846619681936,0.07121778991380287,0.019191195057340953,0.5559368418501222,0.882169954851967,0.18,0.68,0.14,0.75
704,0.9206043295864443,0.9959872894202014,0.07604743812619667,0.007947608564231093,0.5341316885032235,0.8821669714802058,0.82,0.12,0.06,0.75
705,0.890735139345135,0.9629689159701923,0.07840190107515532,0.01937332027233249,0.6466299316115206,0.8821636981108522,0.32,0.66,0.02,0.0
706,0.9203130480810915,0.9966735110169587,0.055560738419452145,0.005297777120472113,0.4910576463608645,0.882162592249732,0.36,0.08,0.56,0.75
707,0.9131632755650972,0.9964859813084113,0.04918461748533058,0.003644208173344578,0.4910576463608645,0.8821600044384303,0.04,0.06,0.9,0.75
708,0.9160803044441757,0.9955667773290565,0.084723858482922,0.01624784685618109,0.571116291724533,0.8821308442243969,0.4,0.52,0.08,0.25
709,0.9156237935940316,0.9964771782213423,0.05182283107918092,0.0037902762734548356,0.4910576463608645,0.8821063982302975,0.08,0.06,0.86,0.75
710,0.9201435472488012,0.9959849838497786,0.07573430169592778,0.00802064261428622,0.5341316885032235,0.8821041362083527,0.84,0.12,0.04,0.75
711,0.919983866307648,0.9957966756369325,0.07876858079257218,0.006732243917434271,0.5386766939799044,0.882091908373872,0.62,0.1,0.28,0.75
712,0.918403380693754,0.9964942154884927,0.05443667399794953,0.004301514623840735,0.4910576463608645,0.8820863866368954,0.22,0.06,0.72,0.75
713,0.9239784673222725,0.9970992031559367,0.08259079657379073,0.008307170252140674,0.5386766939799044,0.8820678241886143,0.52,0.18,0.3,0.75
714,0.9187319927452702,0.9965159537239079,0.054823199437014206,0.004374548673895864,0.4910576463608645,0.8820620965108285,0.24,0.06,0.7,0.75
715,0.8861670045100717,0.9629016202620715,0.07312384836385644,0.020661144005232845,0.6466299316115206,0.8820485226519632,0.28,0.72,0.0,0.0
716,0.9198513833556149,0.9966611447755999,0.05557640428486266,0.005151709020361856,0.4910576463608645,0.8820469313026394,0.32,0.08,0.6,0.75
717,0.9197408958270132,0.9959908226320182,0.07547093488207425,0.00809367666434135,0.5341316885032235,0.8820456013883975,0.86,0.12,0.02,0.75
718,0.9201475077852267,0.9966718941234154,0.05586686469756674,0.005224743070416985,0.4910576463608645,0.8820389650642878,0.34,0.08,0.58,0.75
719,0.867195056802477,0.9975277398298519,0.04765498276747356,0.02269080863654941,0.6035558894691618,0.8820325782458287,0.08,0.84,0.08,1.0
720,0.9106700704770551,0.9978830372147511,0.0704810350396881,0.019603185153531242,0.5559368418501222,0.8820168380264454,0.16,0.7,0.14,0.75
721,0.9225759186331792,0.9970678234442079,0.08146287457798992,0.008088068101975286,0.5386766939799044,0.8820116225491303,0.46,0.18,0.36,0.75
722,0.9232617011115474,0.996782471676292,0.08282029662064846,0.006998165913514422,0.5386766939799044,0.8820008657552783,0.56,0.12,0.32,0.75
723,0.9205543218035924,0.9966922849475446,0.05632984761499189,0.00544384522058237,0.4910576463608645,0.8819866588315868,0.4,0.08,0.52,0.75
724,0.919158138950389,0.9965358055835226,0.05544379205531418,0.004520616774006123,0.4910576463608645,0.8819846393527174,0.28,0.06,0.66,0.75
725,0.9182496423789234,0.9961040051800478,0.07386483324882212,0.008578700810586797,0.5341316885032235,0.8819816208792172,0.86,0.14,0.0,0.75
726,0.9234775559423937,0.9968598729690582,0.082873644071098,0.007410156009704752,0.5386766939799044,0.8819794415587674,0.54,0.14,0.32,0.75
727,0.9231224144444561,0.9968555013679967,0.08262069359410978,0.007337121959649621,0.5386766939799044,0.8819598362589862,0.52,0.14,0.34,0.75
728,0.9173647507398217,0.9956185179224415,0.07355230702716938,0.007535618468040674,0.5341316885032235,0.8819421227733801,0.84,0.1,0.06,0.75
729,0.9192540109707822,0.9966376099918033,0.05569400117399528,0.00459365082406125,0.4910576463608645,0.8819418697191252,0.3,0.06,0.64,0.75
730,0.9156209366176241,0.9953853858274789,0.08257808655460111,0.0160767550344782,0.5665712862478521,0.8819374315980067,0.48,0.5,0.02,0.25
731,0.9168243257504525,0.9955949531961719,0.07293001973261745,0.007681686568150927,0.5341316885032235,0.8819268011063786,0.88,0.1,0.02,0.75
732,0.9238589029845484,0.9968840964297344,0.0834508004156218,0.00748319005975988,0.5386766939799044,0.881916340261292,0.56,0.14,0.3,0.75
733,0.9195748873200892,0.9966538388121821,0.055793532448272454,0.005078674970306729,0.4910576463608645,0.8819148434625624,0.3,0.08,0.62,0.75
734,0.9241251554372637,0.9970094056793386,0.08356236616864922,0.007895180155950256,0.5386766939799044,0.8819004232935839,0.54,0.16,0.3,0.75
735,0.9171002707336016,0.9956135474719195,0.07338241534838215,0.007608652518095801,0.5341316885032235,0.8818964467704197,0.86,0.1,0.04,0.75
736,0.9234499478362835,0.9970789021592266,0.0827111643817792,0.008234136202085547,0.5386766939799044,0.8818860991953885,0.5,0.18,0.32,0.75
737,0.9169543277425296,0.9964678661122319,0.05382461602575394,0.004009378423620222,0.4910576463608645,0.8818827481853777,0.14,0.06,0.8,0.75
738,0.9120030370235509,0.9964809509729432,0.04934975752269967,0.0030861499770439412,0.4910576463608645,0.8818751406223134,0.02,0.04,0.94,0.75
739,0.9156772176044249,0.995375355099016,0.08291470352592037,0.015998594187508174,0.5665712862478521,0.8818713163271312,0.46,0.5,0.04,0.25
740,0.9232160788841149,0.9969792835514767,0.08281399517019014,0.007749112055839998,0.5386766939799044,0.8818683298541263,0.5,0.16,0.34,0.75
741,0.9160985704871641,0.9964799029863874,0.05314638017696692,0.003863310323509966,0.4910576463608645,0.8818527376590332,0.1,0.06,0.84,0.75
742,0.9221719199720262,0.9970513550840447,0.08164120646191216,0.008015034051920158,0.5386766939799044,0.8818511038018576,0.44,0.18,0.38,0.75
743,0.8680923844023042,0.9976177768462342,0.05127543312474807,0.019847267600686804,0.6035558894691618,0.8818393491301617,0.1,0.72,0.18,1.0
744,0.9175731720140089,0.9956094752955883,0.07417330626419778,0.007462584417985542,0.5341316885032235,0.8818387170676879,0.82,0.1,0.08,0.75
745,0.9163408744333846,0.9964654407719169,0.053432299320794005,0.003936344373565094,0.4910576463608645,0.8818261538745388,0.12,0.06,0.82,0.75
746,0.9206805765015116,0.9966975099090871,0.0570739317812014,0.005516879270637498,0.4910576463608645,0.8817960148678639,0.42,0.08,0.5,0.75
747,0.8666331134390031,0.9975500469722546,0.04968349033916096,0.020121524260470453,0.6035558894691618,0.8817958946205469,0.04,0.74,0.22,1.0
748,0.8941947290165074,0.9943605148608237,0.0754813318172996,0.02194065806052567,0.6035558894691618,0.8817784391238425,0.0,0.82,0.18,0.25
749,0.9227372835709101,0.9969570662364932,0.08268639225068063,0.007676078005784869,0.5386766939799044,0.8817727838927644,0.48,0.16,0.36,0.75
750,0.9184992079951796,0.9966541382369123,0.05544749308193543,0.004739718924171507,0.4910576463608645,0.8817598216435795,0.34,0.06,0.6,0.75
751,0.9204700913132389,0.9966832123782183,0.057175783640110736,0.005370811170527242,0.4910576463608645,0.8817305500674231,0.38,0.08,0.54,0.75
752,0.9229934346655074,0.9970747700979493,0.08284106960483922,0.008161102152030416,0.5386766939799044,0.8817256495207564,0.48,0.18,0.34,0.75
753,0.9193733450051482,0.9966510541621909,0.056321357481810594,0.005005640920251602,0.4910576463608645,0.8817162717689239,0.28,0.08,0.64,0.75
754,0.9131795491726511,0.995443593995037,0.050618362377030136,0.003039330131129218,0.4910576463608645,0.8817158127031024,0.14,0.02,0.84,0.75
755,0.8662307944965788,0.9975021989003626,0.047819913452894346,0.022620337984951732,0.6035558894691618,0.881705973608566,0.06,0.84,0.1,1.0
756,0.9237015062742707,0.9970030878175306,0.08387374237799493,0.007822146105895128,0.5386766939799044,0.881697143492811,0.52,0.16,0.32,0.75
757,0.8945611034570466,0.9943815344768863,0.07652182021105558,0.02145692285094274,0.6035558894691618,0.8816880299511753,0.0,0.8,0.2,0.25
758,0.9214715141256252,0.9967163586958556,0.057850618735300986,0.0061479715169932446,0.4910576463608645,0.8816858005404415,0.46,0.1,0.44,0.75
759,0.9176702917898282,0.9961834425609797,0.05456176178113511,0.004812752974226634,0.4910576463608645,0.881681503651618,0.36,0.06,0.58,0.75
760,0.8863970191641078,0.9627393170870465,0.050918163663665826,0.022592252238926663,0.6035558894691618,0.8816530598431296,0.16,0.82,0.02,0.0
761,0.8902597942365142,0.9946231702341876,0.07299007534595159,0.02047398519182671,0.6035558894691618,0.8816495162409481,0.0,0.76,0.24,0.75
762,0.9169462682846002,0.9964855621137889,0.05420916490368884,0.004640470669975959,0.4910576463608645,0.8816458089471262,0.18,0.08,0.74,0.75
763,0.9117692528365534,0.9944445933250742,0.06907928920339199,0.006342970331766657,0.5341316885032235,0.8816165544664837,0.96,0.02,0.02,0.25
764,0.8669892595365389,0.9975650780937124,0.05067506825554899,0.020191994912068134,0.6035558894691618,0.8816047900791812,0.06,0.74,0.2,1.0
765,0.9164864827796829,0.996474393571351,0.0539718165994496,0.004567436619920829,0.4910576463608645,0.8815892890685941,0.16,0.08,0.76,0.75
766,0.9180995239150794,0.9965328712211663,0.05554626985694081,0.004786538770086215,0.4910576463608645,0.8815838614453135,0.22,0.08,0.7,0.75
767,0.916773479472749,0.9954765307153631,0.07721590304827095,0.006466321921354173,0.5386766939799044,0.8815819630807432,0.68,0.08,0.24,0.75
768,0.9112748704026599,0.996488256936361,0.04936245886387261,0.0035711741232894475,0.4910576463608645,0.881557116868925,0.02,0.06,0.92,0.75
769,0.9204153560889999,0.9966954139359755,0.057508199740695536,0.005782801266717605,0.4910576463608645,0.8815376467026118,0.36,0.1,0.54,0.75
770,0.915827749195493,0.9959845047702103,0.05370736905717682,0.0038895245276503597,0.4910576463608645,0.8815300715231826,0.24,0.04,0.72,0.75
771,0.8653699230398361,0.9974757896391557,0.04760873449382064,0.02254986733335405,0.6035558894691618,0.8815187782800809,0.04,0.84,0.12,1.0
772,0.86492149488087,0.9974555784698648,0.04719062180708194,0.02247939668175637,0.6035558894691618,0.881515954107255,0.02,0.84,0.14,1.0
773,0.9111185431390342,0.9979499736131956,0.07309145918438656,0.019118161007285833,0.5559368418501222,0.8815052159204202,0.16,0.68,0.16,0.75
774,0.9185804450999978,0.9965435906265088,0.05628390122158025,0.004859572820141344,0.4910576463608645,0.8815023034792255,0.24,0.08,0.68,0.75
775,0.9110455280893713,0.994585831970327,0.06907192265451985,0.005960692133334335,0.5341316885032235,0.8814992040155087,0.94,0.02,0.04,0.75
776,0.8848851655099644,0.9626953016517017,0.07579422992624613,0.02090080727888896,0.6511749370882015,0.8814963320796784,0.1,0.76,0.14,0.0
777,0.9176247694054762,0.99651349844112,0.055427909897450695,0.004713504720031087,0.4910576463608645,0.8814872874507559,0.2,0.08,0.72,0.75
778,0.9164844789472371,0.9954608408594987,0.0772093599060483,0.006539355971409298,0.5386766939799044,0.8814801905864663,0.7,0.08,0.22,0.75
779,0.9214480424837191,0.9980271503374143,0.08324493378484235,0.016741088773509077,0.5513918363734412,0.8814796323669378,0.42,0.54,0.04,0.5
780,0.9117836295734966,0.9944446831524932,0.06931382340423074,0.006748544694379655,0.5341316885032235,0.8814720938234631,0.94,0.04,0.02,0.25
781,0.9200798518723771,0.9966855029774047,0.0574798089273392,0.005709767216662475,0.4910576463608645,0.8814583074609775,0.34,0.1,0.56,0.75
782,0.9109754185753526,0.9945839455945266,0.0691126591952938,0.006033726183389467,0.5341316885032235,0.8814515273138505,0.96,0.02,0.02,0.75
783,0.8937054564729516,0.9943388963953005,0.07576121453767819,0.022424393270108624,0.6035558894691618,0.8814509104664865,0.0,0.84,0.16,0.25
784,0.9197221691649122,0.9966782718701694,0.057230363114139045,0.005636733166607348,0.4910576463608645,0.8814364996401987,0.32,0.1,0.58,0.75
785,0.9205044326600783,0.9967041721093349,0.05810711020139663,0.0055899133206926245,0.4910576463608645,0.8814314519588263,0.44,0.08,0.48,0.75
786,0.9193419375492307,0.9966687501637479,0.05690654021699449,0.005563699116552222,0.4910576463608645,0.8814290442471094,0.3,0.1,0.6,0.75
787,0.9131054405315417,0.9954550320197321,0.0820201304521906,0.015749341518835253,0.5665712862478521,0.881419704504545,0.52,0.48,0.0,0.25
788,0.9189759002580477,0.9966412330310391,0.057019226358757634,0.004932606870196472,0.4910576463608645,0.8814088095915396,0.26,0.08,0.66,0.75
789,0.9207955825021993,0.9967041122243889,0.05827135107440144,0.005928869366827859,0.4910576463608645,0.8814036068208946,0.4,0.1,0.5,0.75
790,0.9155723705936915,0.9964855621137889,0.053864099814554534,0.004348334469755444,0.4910576463608645,0.8813916316184732,0.1,0.08,0.82,0.75
791,0.9111926631301238,0.9945855325455968,0.06967995767045296,0.0058876580832792095,0.5341316885032235,0.8813824646036013,0.92,0.02,0.06,0.75
792,0.9207221907064828,0.9979596600032188,0.08246127208161581,0.017225468451423316,0.5513918363734412,0.8813809943186506,0.42,0.56,0.02,0.5
793,0.9160357454213627,0.9964874484895894,0.05437303888886745,0.004421368519810574,0.4910576463608645,0.8813694714374084,0.12,0.08,0.8,0.75
794,0.9162626168351843,0.996489514520228,0.054565991210040236,0.004494402569865702,0.4910576463608645,0.8813675616847629,0.14,0.08,0.78,0.75
795,0.9205828776404645,0.9966985728668795,0.05823172862249269,0.005855835316772731,0.4910576463608645,0.881365003891734,0.38,0.1,0.52,0.75
796,0.9110990835903585,0.9946213736858062,0.04951179689328299,0.002747571371145606,0.4910576463608645,0.881345979041191,0.04,0.02,0.94,0.25
797,0.9169446609755851,0.9954847050104986,0.07831208030053985,0.006393287871299042,0.5386766939799044,0.8813328605887187,0.66,0.08,0.26,0.75
798,0.9108929028840339,0.9946640417098649,0.0494253255291536,0.002669410524175583,0.4910576463608645,0.881331107563938,0.02,0.02,0.96,0.25
799,0.9170914229964836,0.9955012631980806,0.07855191716773763,0.006320253821243915,0.5386766939799044,0.8813247774413508,0.64,0.08,0.28,0.75
800,0.9213048886682367,0.996718095359291,0.058981162479103774,0.006074937466938116,0.4910576463608645,0.8813244742422129,0.44,0.1,0.46,0.75
801,0.9200594366639382,0.997863993801908,0.08165275101982503,0.017634250680824953,0.5513918363734412,0.8813193515950702,0.4,0.58,0.02,0.5
802,0.9112826308470826,0.994619846619682,0.06965206659720717,0.0064457162795798625,0.5341316885032235,0.8813110380531529,0.94,0.04,0.02,0.75
803,0.9148829678045084,0.9964885863035643,0.05347973144344233,0.004275300419700317,0.4910576463608645,0.8813107764887713,0.08,0.08,0.84,0.75
804,0.9133135922159472,0.9955734245580679,0.0713713086779725,0.007754720618206058,0.5341316885032235,0.8813054938820433,0.9,0.1,0.0,0.75
805,0.911848910683852,0.9944439345906677,0.07001921596171137,0.00667038384740964,0.5341316885032235,0.8813036647727784,0.92,0.04,0.04,0.25
806,0.9212510845124336,0.9980282582089162,0.08363199016851075,0.01681668622202166,0.5513918363734412,0.8812939108015224,0.44,0.54,0.02,0.5
807,0.9164693076895818,0.995994325901362,0.07462661730013599,0.008166710714396478,0.5341316885032235,0.8812936621852381,0.88,0.12,0.0,0.75
808,0.9143506807576669,0.9959035103806811,0.05312547952201271,0.0036368809433415957,0.4910576463608645,0.8812932283796124,0.02,0.06,0.92,0.25
809,0.9208131484579586,0.9979564861010783,0.08291351286759191,0.017149871002910738,0.5513918363734412,0.8812924359406317,0.4,0.56,0.04,0.5
810,0.8929203842789655,0.9943020372110084,0.07520458308191522,0.022908128479691776,0.6035558894691618,0.8812737227768966,0.0,0.86,0.14,0.25
811,0.8841206560473639,0.9626500735461994,0.07582664567117593,0.0208200830334615,0.6511749370882015,0.8812669866672669,0.08,0.76,0.16,0.0
812,0.8870377663963149,0.9629481508651503,0.07734048620269149,0.019856411013584197,0.6466299316115206,0.8812610129067654,0.32,0.68,0.0,0.0
813,0.911800153793103,0.9944429464890578,0.070426677404844,0.006264809484796638,0.5341316885032235,0.8812524358421627,0.94,0.02,0.04,0.25
814,0.9210967000689265,0.9967110289356573,0.05906237580495525,0.006001903416882987,0.4910576463608645,0.8812521312963938,0.42,0.1,0.48,0.75
815,0.9109313185860398,0.9964999345008403,0.04973608284054331,0.004056198269534932,0.4910576463608645,0.8812509930377017,0.02,0.08,0.9,0.75
816,0.8643861107494256,0.997438241777984,0.04722873948102664,0.022965065296333263,0.6035558894691618,0.8812446062052901,0.02,0.86,0.12,1.0
817,0.8875682161166651,0.9629769255817261,0.07827364853637406,0.019454044517759953,0.6466299316115206,0.881235683595292,0.34,0.66,0.0,0.0
818,0.8649543292239504,0.9974580038101797,0.047814726064088174,0.023035535947930945,0.6035558894691618,0.8812348619346754,0.04,0.86,0.1,1.0
819,0.9113659955245543,0.9946164631202302,0.07006842518967425,0.006372682229524736,0.5341316885032235,0.8812300110461708,0.92,0.04,0.04,0.75
820,0.919523688907716,0.9967112984179146,0.057754676501065284,0.0056629473707477535,0.4910576463608645,0.8812253818397355,0.46,0.08,0.46,0.75
821,0.9100222437828288,0.9978568974358014,0.07267549123434694,0.019530151103476112,0.5559368418501222,0.8811999896474496,0.14,0.7,0.16,0.75
822,0.9201412474598303,0.9978559991616107,0.08232239787948026,0.017558653232312385,0.5513918363734412,0.8811645958867815,0.38,0.58,0.04,0.5
823,0.9109275033587817,0.9946992540581407,0.04969248163604799,0.003231306580728607,0.4910576463608645,0.8811573053891811,0.04,0.04,0.92,0.25
824,0.9117898733010895,0.9947025477301734,0.07048494295685928,0.006857706375770228,0.5341316885032235,0.8811529006179419,0.92,0.06,0.02,0.75
825,0.9165890689970893,0.9957058601162516,0.05502754341377673,0.004885787024281763,0.4910576463608645,0.8811364964667664,0.38,0.06,0.56,0.75
826,0.9188545003943405,0.9976762544960495,0.0804068250450458,0.018451815139628354,0.5513918363734412,0.8811256951715773,0.36,0.62,0.02,0.5
827,0.9128290544410188,0.9948320189835279,0.07144702557512574,0.007269696471960596,0.5341316885032235,0.8811240792642261,0.9,0.08,0.02,0.75
828,0.9182278091027467,0.9976302927999581,0.07946782558529167,0.018860597369029942,0.5513918363734412,0.881119975056602,0.34,0.64,0.02,0.5
829,0.8638148450691181,0.9973949449619918,0.0467097125711999,0.023450733910909936,0.6035558894691618,0.8811193577656627,0.02,0.88,0.1,1.0
830,0.9193961106387426,0.9977573686554707,0.08132366660651422,0.018043032910226717,0.5513918363734412,0.8811175572598892,0.38,0.6,0.02,0.5
831,0.8842051870585313,0.9626740125533818,0.04996156206174834,0.023316260985147857,0.6035558894691618,0.8811169296596013,0.1,0.86,0.04,0.0
832,0.8842232109494798,0.9626929960812789,0.04994915505398385,0.023396985230575332,0.6035558894691618,0.8811126194126997,0.12,0.86,0.02,0.0
833,0.9120592192910432,0.9944886985878382,0.07066122218697517,0.0071541190569926385,0.5341316885032235,0.8810914810731132,0.92,0.06,0.02,0.25
834,0.9164723265148422,0.9965150255072442,0.05541125222206031,0.005052460766166322,0.4910576463608645,0.8810787988233929,0.16,0.1,0.74,0.75
835,0.885525752575106,0.9627206329838798,0.051734431696403724,0.022994618734750887,0.6035558894691618,0.8810728787832158,0.14,0.84,0.02,0.0
836,0.9135527425569359,0.9964874185471163,0.05299524158182231,0.004202266369645188,0.4910576463608645,0.8810659347851874,0.06,0.08,0.86,0.75
837,0.9121402854336998,0.9964918799755969,0.05158128575884991,0.004129232319590061,0.4910576463608645,0.8810654550832674,0.04,0.08,0.88,0.75
838,0.9166242906909726,0.9957037342006669,0.055288748573988626,0.004958821074336891,0.4910576463608645,0.8810567693997241,0.4,0.06,0.54,0.75
839,0.9195340188917255,0.997750212404418,0.08174951120400009,0.01796743546171415,0.5513918363734412,0.8810501030100322,0.36,0.6,0.04,0.5
840,0.9119238758044095,0.9944423476395974,0.07133635682607233,0.0061866486378266165,0.5341316885032235,0.8810426167895685,0.92,0.02,0.06,0.25
841,0.911489659214564,0.9946133491030358,0.07090853382202456,0.006299648179469609,0.5341316885032235,0.8810388457490657,0.9,0.04,0.06,0.75
842,0.9190795361028009,0.9962353927516758,0.057641893007086366,0.005735981420802883,0.4910576463608645,0.8810386857758057,0.48,0.08,0.44,0.75
843,0.9124737935501844,0.9953843378409232,0.08238633558193467,0.016154915881448222,0.5665712862478521,0.8810328269458678,0.5,0.5,0.0,0.25
844,0.9143509760082481,0.99553066670659,0.05369385932264133,0.004035592627760617,0.4910576463608645,0.8809936483228477,0.28,0.04,0.68,0.75
845,0.9168000016313639,0.9965322873429424,0.056018097988766086,0.005125494816221453,0.4910576463608645,0.8809899851480509,0.18,0.1,0.72,0.75
846,0.9188726084898906,0.9966592284573264,0.058015156220025586,0.005490665066497095,0.4910576463608645,0.8809815451213905,0.28,0.1,0.62,0.75
847,0.9147509507520322,0.995514348058792,0.05424967554984528,0.003962558577705487,0.4910576463608645,0.8809654250958977,0.26,0.04,0.7,0.75
848,0.9095499826246481,0.9978356831936642,0.07307313035858634,0.019457117053420986,0.5559368418501222,0.8809550015751652,0.12,0.7,0.18,0.75
849,0.9111832704892276,0.9951929156108826,0.05101217043387478,0.003112364181184345,0.4910576463608645,0.8809510915443067,0.16,0.02,0.82,0.75
850,0.8852755602524738,0.9627017692258748,0.0519749097038299,0.022913894489323426,0.6035558894691618,0.8809417490860595,0.12,0.84,0.04,0.0
851,0.9119328803181183,0.9944425572369086,0.07149301870675841,0.006592223000439618,0.5341316885032235,0.8809190316470827,0.9,0.04,0.06,0.25
852,0.9181822629537039,0.9966480898573615,0.05770124867868742,0.005344596966386837,0.4910576463608645,0.8808925588611991,0.24,0.1,0.66,0.75
853,0.9185003049501699,0.9966537789272361,0.058007605742823425,0.005417631016441964,0.4910576463608645,0.880885822047175,0.26,0.1,0.64,0.75
854,0.9126281076209226,0.9945267554710513,0.07173583872651051,0.007559693419605613,0.5341316885032235,0.8808766724415474,0.9,0.08,0.02,0.25
855,0.9113422647682075,0.9947129976532587,0.051116822266353265,0.003309467427698635,0.4910576463608645,0.880857185349107,0.06,0.04,0.9,0.25
856,0.9118378892205189,0.9946989546334105,0.07161486941441514,0.006784672325715099,0.5341316885032235,0.8808553453798903,0.9,0.06,0.04,0.75
857,0.9156240026966079,0.9964928980196797,0.05541427853152758,0.004906392666056069,0.4910576463608645,0.8808493229664779,0.12,0.1,0.78,0.75
858,0.9113679447464417,0.9945844246740949,0.0717707506453092,0.0058146240332240876,0.5341316885032235,0.8808462143865121,0.9,0.02,0.08,0.75
859,0.9104856511674082,0.9979096261307963,0.07479831541019145,0.0190451269572307,0.5559368418501222,0.8808314084140877,0.14,0.68,0.18,0.75
860,0.9086002773769286,0.9944452221170077,0.06847733941220048,0.006421131178736681,0.5341316885032235,0.8808240099737155,0.98,0.02,0.0,0.25
861,0.9161595146318623,0.9957039737404512,0.05561067898053233,0.005031855124392019,0.4910576463608645,0.8808098762227413,0.42,0.06,0.52,0.75
862,0.9159680731667695,0.996493167501937,0.055907446222193354,0.004979426716111197,0.4910576463608645,0.880795679603524,0.14,0.1,0.76,0.75
863,0.917610766228683,0.9965479322850973,0.05751005167475509,0.005271562916331708,0.4910576463608645,0.8807758608117454,0.22,0.1,0.68,0.75
864,0.9099762845360868,0.9978814502636809,0.07455017903740536,0.018972092907175574,0.5559368418501222,0.8807605758775315,0.12,0.68,0.2,0.75
865,0.9087358419614212,0.9978024620198443,0.07296139820998102,0.019384083003365863,0.5559368418501222,0.8807526220934752,0.1,0.7,0.2,0.75
866,0.912111744128911,0.9944765718862635,0.07195561613572463,0.007075958210022613,0.5341316885032235,0.8807475685424678,0.9,0.06,0.04,0.25
867,0.9149804994787584,0.9964962665478948,0.05532148396179826,0.004833358616000942,0.4910576463608645,0.8806981589434804,0.1,0.1,0.8,0.75
868,0.9088528977362068,0.9944689365556425,0.049546047130799714,0.0028257322181156294,0.4910576463608645,0.880623743016464,0.06,0.02,0.92,0.25
869,0.9130630833398764,0.9948254915244087,0.07354960873711748,0.007123628371850335,0.5341316885032235,0.880615845174865,0.86,0.08,0.06,0.75
870,0.9129822654570869,0.9953053795395597,0.05353078168215129,0.004108626677815745,0.4910576463608645,0.8805816895330767,0.3,0.04,0.66,0.75
871,0.9086165018680814,0.9944453418868998,0.06905749838590546,0.00682670554134968,0.5341316885032235,0.8805803819191642,0.96,0.04,0.0,0.25
872,0.9115723099206955,0.994556757829021,0.07268733835053938,0.006188348257578063,0.5341316885032235,0.8805641577597814,0.96,0.02,0.02,0.5
873,0.9129311851652847,0.994828425886765,0.07356112245527505,0.007196662421905464,0.5341316885032235,0.8805587869100124,0.88,0.08,0.04,0.75
874,0.9172369528608569,0.9965398478173808,0.05793768241379885,0.005198528866276581,0.4910576463608645,0.8805537227919411,0.2,0.1,0.7,0.75
875,0.8950134220794902,0.9944289633541559,0.08162342058553167,0.020489452431776644,0.6035558894691618,0.8805523232411612,0.0,0.76,0.24,0.25
876,0.9162567239095335,0.9977531467667743,0.07998027479825023,0.018118630358739295,0.5513918363734412,0.8805476094080701,0.4,0.6,0.0,0.5
877,0.9077941312388772,0.9945848738111902,0.06899169920360929,0.006106760233444599,0.5341316885032235,0.8805175752114262,0.98,0.02,0.0,0.75
878,0.9138899838897939,0.996497149850849,0.054961064015135896,0.0047603245659458135,0.4910576463608645,0.8804897387861826,0.08,0.1,0.82,0.75
879,0.8943456066384277,0.9944640559325396,0.08119639031600918,0.020481718811801677,0.6035558894691618,0.880482004110025,0.0,0.76,0.24,0.5
880,0.9096051572031889,0.994840941840489,0.07031378063591202,0.007342730522015721,0.5341316885032235,0.8804706270821934,0.92,0.08,0.0,0.75
881,0.9192925604182813,0.9966896200674454,0.059814974571166205,0.0061217573128528775,0.4910576463608645,0.8804665531902162,0.32,0.12,0.56,0.75
882,0.9080763282540902,0.9977799153376575,0.07331591271123056,0.01931104895331073,0.5559368418501222,0.8804637015263838,0.08,0.7,0.22,0.75
883,0.9175119485055178,0.9979781045666014,0.08228704549850573,0.017301065899935887,0.5513918363734412,0.8804558400186548,0.44,0.56,0.0,0.5
884,0.9088450381054195,0.9944812728545283,0.06950940821323616,0.007232279903962658,0.5341316885032235,0.8804428239496236,0.94,0.06,0.0,0.25
885,0.9116969810685001,0.9945545720284903,0.07336605949169861,0.006037153360552916,0.5341316885032235,0.8804356326885489,0.92,0.02,0.06,0.5
886,0.9131584397758514,0.9948193533174389,0.07433839248061093,0.007050594321795206,0.5341316885032235,0.8804305433056088,0.84,0.08,0.08,0.75
887,0.911602658049876,0.9945555900725731,0.0732376811460873,0.006112750809065491,0.5341316885032235,0.8804294111603856,0.94,0.02,0.04,0.5
888,0.9189165484787643,0.9976728111116517,0.08297024318928967,0.018376217691115772,0.5513918363734412,0.8804192664500622,0.34,0.62,0.04,0.5
889,0.9116651538426129,0.9945666987300649,0.07312094978077305,0.006521533038467187,0.5341316885032235,0.8804017513033213,0.92,0.04,0.04,0.5
890,0.9201039780862885,0.9967053398657829,0.060812313239365944,0.006267825412963135,0.4910576463608645,0.8803953517302072,0.36,0.12,0.52,0.75
891,0.916856881078785,0.9978704014911352,0.08148049078379659,0.017709848129337524,0.5513918363734412,0.880394130380858,0.42,0.58,0.0,0.5
892,0.912087385883165,0.9944410601132574,0.07386078532683124,0.006108487790856595,0.5341316885032235,0.8803787127578135,0.9,0.02,0.08,0.25
893,0.9181211437553831,0.9957546663472803,0.05866351686290367,0.00580901547085801,0.4910576463608645,0.8803696739668215,0.5,0.08,0.42,0.75
894,0.9207367989624042,0.9967145322050012,0.06146406357961055,0.006413893513073394,0.4910576463608645,0.880369307827149,0.4,0.12,0.48,0.75
895,0.9127867933059443,0.9953896077161754,0.05406700657739685,0.0041816607278708715,0.4910576463608645,0.8803663535047809,0.32,0.04,0.64,0.75
896,0.9119947027190759,0.994707098986073,0.07352903922585997,0.0067116382756599695,0.5341316885032235,0.8803659052334896,0.88,0.06,0.06,0.75
897,0.9114704357844695,0.9945831072052819,0.07362862436584655,0.00574158998316896,0.5341316885032235,0.8803553018469662,0.88,0.02,0.1,0.75
898,0.9125378837132476,0.9947118598392838,0.07693058506268219,0.006127365875218946,0.5386766939799044,0.8803467002992851,0.72,0.06,0.22,0.75
899,0.9126391996586384,0.9947414130601582,0.07713813211095105,0.0060543318251638145,0.5386766939799044,0.8803362494565867,0.7,0.06,0.24,0.75
900,0.9116163257203317,0.9945676868316746,0.07329507575921151,0.006597130486979761,0.5341316885032235,0.8803218894550592,0.94,0.04,0.02,0.5
901,0.9117925397142628,0.9946250266675151,0.07384855305767216,0.006153580079359349,0.5341316885032235,0.8803123649193918,0.86,0.04,0.1,0.75
902,0.9196884624106813,0.9966963870663488,0.06071991521682093,0.0061947913629080064,0.4910576463608645,0.8803106213514036,0.34,0.12,0.54,0.75
903,0.9157751999786169,0.9957117887259104,0.056901785781708396,0.005104889174447147,0.4910576463608645,0.8803086125887125,0.44,0.06,0.5,0.75
904,0.9085667684603331,0.994703266349526,0.07001871625943284,0.006930740425825353,0.5341316885032235,0.8803059947374682,0.94,0.06,0.0,0.75
905,0.91853294583095,0.995649478439548,0.0788934980555329,0.009791790873680543,0.5341316885032235,0.8803048489353444,0.76,0.2,0.04,0.5
906,0.9183709336784249,0.9956600181900523,0.07869196531557389,0.009867388322193115,0.5341316885032235,0.8803008568193633,0.78,0.2,0.02,0.5
907,0.913137269941992,0.9945622672440574,0.07402532655657126,0.007965267782218559,0.5341316885032235,0.8802930264835757,0.88,0.1,0.02,0.25
908,0.9080739052049899,0.994614936054106,0.0697956689384597,0.006518750329634992,0.5341316885032235,0.8802916420885606,0.96,0.04,0.0,0.75
909,0.9127332249204523,0.996499665018583,0.05450521564593727,0.004687290515890686,0.4910576463608645,0.8802892252168792,0.06,0.1,0.84,0.75
910,0.907617890125111,0.9976595166536292,0.07309046572858514,0.019796073099556374,0.5559368418501222,0.8802761557046057,0.08,0.72,0.2,0.75
911,0.9155989526574234,0.9976824226454923,0.07993183045392288,0.018527412588140918,0.5513918363734412,0.8802718910514284,0.38,0.62,0.0,0.5
912,0.9171647319306809,0.9964522361413135,0.06014379414003598,0.0032708427524264162,0.4910576463608645,0.8802679026948304,0.06,0.04,0.9,0.5
913,0.9112018717177238,0.9946775457651986,0.05295893925765582,0.0033876282746686556,0.4910576463608645,0.8802625948717409,0.08,0.04,0.88,0.25
914,0.9120567982487219,0.9946168523723795,0.07370327127660989,0.007005912716381432,0.5341316885032235,0.8802618692690688,0.92,0.06,0.02,0.5
915,0.9203823058048979,0.9967102204888857,0.06154296184057571,0.006340859463018264,0.4910576463608645,0.8802541547065248,0.38,0.12,0.5,0.75
916,0.9099449232961488,0.9951114121993121,0.052108320578894904,0.0031853982312394745,0.4910576463608645,0.8802364729889786,0.18,0.02,0.8,0.75
917,0.9122800483920568,0.9944865726722535,0.07405494636452734,0.006997797363052588,0.5341316885032235,0.8802094534466477,0.88,0.06,0.06,0.25
918,0.9120962649365147,0.9947006314118999,0.07424755795214516,0.0066386042256048414,0.5341316885032235,0.8802026898919668,0.86,0.06,0.08,0.75
919,0.9184874121446249,0.9957460429150494,0.05953763933675663,0.0059550835709682665,0.4910576463608645,0.880196828917106,0.54,0.08,0.38,0.75
920,0.9128071395940589,0.9945280729398643,0.07443258512700265,0.007403371725665569,0.5341316885032235,0.8801837274608932,0.86,0.08,0.06,0.25
921,0.8745662416166458,0.9900637400394492,0.038769379975412195,0.005393435494624132,0.5437731010824952,0.8801802331085871,0.96,0.0,0.04,1.0
922,0.9094067027689888,0.9945334925274816,0.07078519610825684,0.007637854266575636,0.5341316885032235,0.8801699268532404,0.92,0.08,0.0,0.25
923,0.9168388314547248,0.9964312464677239,0.060575569407800664,0.0026352681774870156,0.4910576463608645,0.8801695150084765,0.02,0.02,0.96,0.5
924,0.9126918593989305,0.9945286119043787,0.07432348997162315,0.0074815325726355925,0.5341316885032235,0.8801650702855681,0.88,0.08,0.04,0.25
925,0.9189222467828108,0.9966798288787667,0.060530279749513305,0.00604872326279775,0.4910576463608645,0.8801622037845794,0.3,0.12,0.58,0.75
926,0.9116073704822453,0.9946152654213093,0.07413712461280379,0.006226614129414476,0.5341316885032235,0.8801574790025387,0.88,0.04,0.08,0.75
927,0.9131640532050652,0.9945587639747135,0.07458366254719831,0.007887106935248538,0.5341316885032235,0.8801550664285246,0.86,0.1,0.04,0.25
928,0.9183144288852808,0.9957485580827834,0.0596089877533787,0.005882049520913139,0.4910576463608645,0.8801393312231067,0.52,0.08,0.4,0.75
929,0.9171545922357084,0.9955360862942072,0.07820649689226333,0.009458606092791508,0.5341316885032235,0.8801391976254156,0.8,0.18,0.02,0.5
930,0.9184440625399493,0.9955587228038132,0.08234180102337665,0.008853826504690899,0.5386766939799044,0.8801389443797459,0.64,0.18,0.18,0.5
931,0.9117551828577398,0.9945656806859821,0.07418629355893913,0.006445935589954615,0.5341316885032235,0.880136333553829,0.9,0.04,0.06,0.5
932,0.9125368628382082,0.9953672406888265,0.05458634798314558,0.004254694777926002,0.4910576463608645,0.8801235622462262,0.34,0.04,0.62,0.75
933,0.9168644224637494,0.9964454990848831,0.06038468544581695,0.003195245303913839,0.4910576463608645,0.8801224122475402,0.04,0.04,0.92,0.5
934,0.8745242818081904,0.9900642490614906,0.038894077018871855,0.005463906146221815,0.5437731010824952,0.8801176474277946,0.98,0.0,0.02,1.0
935,0.9149901020098807,0.9976387066348777,0.0795887219312733,0.01893619481754253,0.5513918363734412,0.8800999222025159,0.36,0.64,0.0,0.5
936,0.8747367251042083,0.9900630214200966,0.039353233978348195,0.005322964843026452,0.5437731010824952,0.8800768998373447,0.94,0.0,0.06,1.0
937,0.9143379320800379,0.9981321585903083,0.05465753621029349,0.018732385115235763,0.5037727887544016,0.8800698134151108,0.32,0.64,0.04,0.75
938,0.9072620954602729,0.9976397845639066,0.07352255910125707,0.019723039049501245,0.5559368418501222,0.880056388508516,0.06,0.72,0.22,0.75
939,0.9076251009550785,0.997721692198863,0.07434237674315194,0.019238014903255597,0.5559368418501222,0.8800380317621712,0.06,0.7,0.24,0.75
940,0.9126746463306035,0.9947432395510126,0.07827859037325277,0.005981297775108689,0.5386766939799044,0.8800326975459427,0.68,0.06,0.26,0.75
941,0.8834093407926457,0.9626433814034786,0.05293920489116059,0.023235536739720397,0.6035558894691618,0.8800305598477293,0.08,0.86,0.06,0.0
942,0.9116506506627914,0.9964997847884751,0.05435849570064966,0.004614256465835556,0.4910576463608645,0.880021412142569,0.04,0.1,0.86,0.75
943,0.8745928251542815,0.9980078374423139,0.04838054727729336,0.015428657257719379,0.5665712862478521,0.8800193095217765,0.5,0.48,0.02,1.0
944,0.8746813872731053,0.9980037053810367,0.04852577092190494,0.015358186606121697,0.5665712862478521,0.8800174497921713,0.48,0.48,0.04,1.0
945,0.9148220934002902,0.9954819503029804,0.05675073955844566,0.005177923224502277,0.4910576463608645,0.8800171807692133,0.46,0.06,0.48,0.75
946,0.8749236694898455,0.9980362528492135,0.049039045880696845,0.015013459294740307,0.5665712862478521,0.8800158621921639,0.52,0.46,0.02,1.0
947,0.912773670036171,0.995456229718653,0.0556370240078571,0.0037150417903116175,0.4910576463608645,0.8800127223395255,0.04,0.06,0.9,0.25
948,0.9184148338621407,0.9955465661597656,0.08284152975943788,0.008778229056178328,0.5386766939799044,0.8799992805356378,0.62,0.18,0.2,0.5
949,0.9185795492441066,0.9966740200390001,0.060791157442041735,0.005975689212742621,0.4910576463608645,0.8799978566163564,0.28,0.12,0.6,0.75
950,0.912541113150108,0.9946609875776165,0.0748629439024264,0.007414694945783107,0.5341316885032235,0.8799974167851259,0.9,0.08,0.02,0.5
951,0.9122071075409749,0.9946942836076189,0.07512723671081732,0.006565570175549716,0.5341316885032235,0.8799957756761313,0.84,0.06,0.1,0.75
952,0.9150922164344967,0.9965058032255529,0.057544780858547306,0.005391416812301587,0.4910576463608645,0.8799799850111176,0.12,0.12,0.76,0.75
953,0.9132664882414155,0.9945637943101816,0.07536117171034004,0.0078089460882785145,0.5341316885032235,0.8799778419363617,0.84,0.1,0.06,0.25
954,0.91202353297186,0.9953249020319711,0.0544957654689277,0.004327728827981128,0.4910576463608645,0.8799747422665931,0.36,0.04,0.6,0.75
955,0.9168908153494215,0.9965626040968789,0.05932812988288697,0.005610518962466974,0.4910576463608645,0.8799696986275432,0.18,0.12,0.7,0.75
956,0.9138593868512742,0.9959393814633635,0.05689730576132983,0.004120616152924583,0.4910576463608645,0.8799661548260689,0.02,0.08,0.9,0.25
957,0.9163995918332762,0.9965407460915716,0.058937812283089114,0.005537484912411843,0.4910576463608645,0.8799462815350345,0.16,0.12,0.72,0.75
958,0.8740595167221002,0.997923279898495,0.04993089567451424,0.016118111880482115,0.571116291724533,0.8799431572686347,0.42,0.52,0.06,1.0
959,0.9184386410760431,0.995547015296861,0.08297773596086297,0.008929423953203477,0.5386766939799044,0.8799369502887008,0.66,0.18,0.16,0.5
960,0.9158456265970977,0.9965325418539631,0.058455357449893434,0.0054644508623567165,0.4910576463608645,0.8799326751776115,0.14,0.12,0.74,0.75
961,0.8750544663628524,0.9980348156105083,0.04952371301464063,0.01494298864314262,0.5665712862478521,0.8799291344244552,0.5,0.46,0.04,1.0
962,0.9133612463115186,0.9945654710886709,0.0756893223191076,0.007730785241308489,0.5341316885032235,0.8799274687923734,0.82,0.1,0.08,0.25
963,0.9136913167394152,0.9946182297261387,0.07539512953853493,0.00877641650744452,0.5341316885032235,0.8799101635562548,0.84,0.14,0.02,0.25
964,0.9162960211443154,0.9964505593628242,0.06027144550767528,0.0036796249818280987,0.4910576463608645,0.8798884490972558,0.04,0.06,0.9,0.5
965,0.9120970297271154,0.9946157744433507,0.07511392856367001,0.006930315267868857,0.5341316885032235,0.879881866858448,0.9,0.06,0.04,0.5
966,0.9129375502115353,0.9945298994307187,0.07568034247127996,0.0073252108786955455,0.5341316885032235,0.879878730122594,0.84,0.08,0.08,0.25
967,0.9140765506272339,0.9946285898218049,0.07538111295717918,0.009587565232670542,0.5341316885032235,0.8798691023223876,0.8,0.18,0.02,0.25
968,0.8750797091780324,0.9980380793400679,0.049999928037988736,0.01459826133176123,0.5665712862478521,0.8798687356802032,0.54,0.44,0.02,1.0
969,0.9142428371908959,0.9964978684702016,0.057099014651656566,0.005318382762246458,0.4910576463608645,0.8798672087739613,0.1,0.12,0.78,0.75
970,0.9069805849971987,0.9977041908233806,0.07430881366583189,0.019164980853200474,0.5559368418501222,0.8798663428355374,0.04,0.7,0.26,0.75
971,0.9139273769115068,0.99463388963953,0.07555111655550037,0.009181990870057508,0.5341316885032235,0.8798572073832046,0.82,0.16,0.02,0.25
972,0.9194763592802095,0.9967057590604051,0.06174106205711593,0.006679815509153481,0.4910576463608645,0.8798567506856187,0.34,0.14,0.52,0.75
973,0.9172217771355949,0.9966580008159324,0.06008838915636601,0.005683553012522106,0.4910576463608645,0.8798493254045145,0.2,0.12,0.68,0.75
974,0.9099178862580909,0.9945658902832932,0.07220460317313428,0.008043428629188583,0.5341316885032235,0.8798374723841198,0.9,0.1,0.0,0.25
975,0.9121381863064063,0.9944395031046601,0.07590150180723979,0.006030326943886572,0.5341316885032235,0.8798205251936613,0.88,0.02,0.1,0.25
976,0.9118439226875291,0.994552925192474,0.07571621516175824,0.005961555912040336,0.5341316885032235,0.8798164760524552,0.9,0.02,0.08,0.5
977,0.8748537275256277,0.9900620033760138,0.040440211639131377,0.005252494191428774,0.5437731010824952,0.8798123065313239,0.92,0.0,0.08,1.0
978,0.9123992154882943,0.994488608760419,0.07566152855335596,0.0069196365160825645,0.5341316885032235,0.8797975795268171,0.86,0.06,0.08,0.25
979,0.9120336785239702,0.9944331253579062,0.07554998200553806,0.00651406215346959,0.5341316885032235,0.8797928963299385,0.88,0.04,0.08,0.25
980,0.9190101091806631,0.9966922250625985,0.061530483023606045,0.006606781459098352,0.4910576463608645,0.8797902126315669,0.32,0.14,0.54,0.75
981,0.874089864378412,0.9979190879522717,0.0505728188756998,0.016047641228884444,0.571116291724533,0.8797805070201179,0.4,0.52,0.08,1.0
982,0.9083894025862339,0.9945575063908466,0.07207583840717266,0.006263945706090639,0.5341316885032235,0.8797707199411741,0.98,0.02,0.0,0.5
983,0.9173817914832119,0.9955379427275347,0.07979093281430055,0.009383008644278929,0.5341316885032235,0.8797655837849023,0.78,0.18,0.04,0.5
984,0.9167991758035644,0.9964507989026083,0.08204849624617198,0.018915775572768995,0.5513918363734412,0.8797588011885732,0.34,0.64,0.02,0.25
985,0.9068814542360341,0.9939288641697139,0.05021195427496053,0.0029038930650856516,0.4910576463608645,0.8797435267522141,0.08,0.02,0.9,0.25
986,0.9171765675446036,0.9964947544530072,0.08345796560193525,0.017620891637960077,0.5513918363734412,0.8797309019404376,0.38,0.58,0.04,0.25
987,0.9176887515260216,0.9966563839223891,0.060898399552442126,0.0058296211126323645,0.4910576463608645,0.8797262419712915,0.24,0.12,0.64,0.75
988,0.9065322823007751,0.9976070724121282,0.07396157906519926,0.01965000499944612,0.5559368418501222,0.8797204701629449,0.04,0.72,0.24,0.75
989,0.918495538049372,0.9966816853120941,0.061338417263490694,0.006533747409043227,0.4910576463608645,0.8797042856035435,0.3,0.14,0.56,0.75
990,0.9154678424072765,0.9964479244251981,0.060438972366830566,0.003119647855401263,0.4910576463608645,0.8797032576270019,0.02,0.04,0.94,0.5
991,0.9105728778202156,0.9965054139734036,0.054419762785306657,0.00454122241578043,0.4910576463608645,0.8796958535337056,0.02,0.1,0.88,0.75
992,0.916908245903984,0.9964720580584552,0.08301769971545038,0.01802646600057315,0.5513918363734412,0.8796929199987671,0.36,0.6,0.04,0.25
993,0.9133688992350562,0.9965002039830975,0.05687529842337784,0.005245348712191331,0.4910576463608645,0.8796845353827756,0.08,0.12,0.8,0.75
994,0.9134865348215079,0.9946002642423244,0.07634624488497528,0.008370842144831591,0.5341316885032235,0.8796527151521086,0.86,0.12,0.02,0.25
995,0.9154980330538771,0.9963684421305566,0.08048027843775608,0.019741694425757846,0.5513918363734412,0.8796434130883086,0.18,0.7,0.12,0.25
996,0.9168907214532128,0.9964470261510073,0.0617230137815249,0.003755222430340675,0.4910576463608645,0.879632375648411,0.06,0.06,0.88,0.5
997,0.91314021097853,0.9946823365608825,0.07970886618359471,0.006658720460657337,0.5386766939799044,0.8796150565909547,0.7,0.08,0.22,0.5
998,0.9174456382178954,0.9966603662713013,0.06108534752175439,0.005756587062577234,0.4910576463608645,0.8796145703595553,0.22,0.12,0.66,0.75
999,0.917629996034344,0.9954808424314785,0.08367241543539058,0.008293849378264025,0.5386766939799044,0.87961110363479,0.62,0.16,0.22,0.5
1000,0.9121616395179262,0.9944345027116652,0.07638816170164658,0.006435901306499571,0.5341316885032235,0.8796052758623933,0.86,0.04,0.1,0.25
1001,0.9183505618860383,0.9955354575022738,0.08418897929359258,0.008702631607665746,0.5386766939799044,0.8796046603817311,0.6,0.18,0.22,0.5
1002,0.8740063157182424,0.9977576381377279,0.0388897519736011,0.005808633457603191,0.5341316885032235,0.8796023565573515,0.94,0.02,0.04,1.0
1003,0.8741940434284858,0.9979584623042979,0.04913575727040124,0.015843855220698432,0.5665712862478521,0.8795913215983623,0.48,0.5,0.02,1.0
1004,0.9167402855656477,0.9964908319890411,0.08317533009776791,0.018104626847543163,0.5513918363734412,0.8795842333032875,0.38,0.6,0.02,0.25
1005,0.8743044558876913,0.997952294154855,0.04932627223809584,0.015773384569100754,0.5665712862478521,0.8795826432442053,0.46,0.5,0.04,1.0
1006,0.9175601513813926,0.9954742251449403,0.08367172505710983,0.0083694468267766,0.5386766939799044,0.8795742373572857,0.64,0.16,0.2,0.5
1007,0.9130624266505176,0.9947153032236815,0.07663025392940334,0.007823477175184744,0.5341316885032235,0.8795702638539515,0.88,0.1,0.02,0.5
1008,0.9147187582770878,0.995472668136343,0.058150398787880156,0.005250957274557403,0.4910576463608645,0.8795663248113978,0.48,0.06,0.46,0.75
1009,0.9145652813642183,0.9959387526714301,0.05897900264930216,0.004198776999894606,0.4910576463608645,0.8795615459363858,0.04,0.08,0.88,0.25
1010,0.9142236346175595,0.9946300869454561,0.07633540793969174,0.009993139595283456,0.5341316885032235,0.8795569858877472,0.78,0.2,0.02,0.25
1011,0.9175277286058423,0.9954585053466029,0.08364144598166612,0.008445044275289176,0.5386766939799044,0.8795557697595646,0.66,0.16,0.18,0.5
1012,0.8749533810101315,0.9900611051018231,0.0415292420663307,0.005182023539831092,0.5437731010824952,0.8795419342065265,0.9,0.0,0.1,1.0
1013,0.9056697946846689,0.9976738890406806,0.0741082428676902,0.01909194680314534,0.5559368418501222,0.8795410397835497,0.02,0.7,0.28,0.75
1014,0.9180688754945852,0.9966652169519311,0.06191788191170484,0.005902655162687491,0.4910576463608645,0.8795328368774845,0.26,0.12,0.62,0.75
1015,0.9178978253363238,0.9955274029770304,0.08128153501065677,0.009231813747253778,0.5341316885032235,0.879518955078341,0.74,0.18,0.08,0.5
1016,0.9132464244122671,0.9947072486984381,0.07720180195158757,0.007596684829647016,0.5341316885032235,0.8795046995733505,0.82,0.1,0.08,0.5
1017,0.8739450897775577,0.9977583866995535,0.039136322747969014,0.005879104109200868,0.5341316885032235,0.8794988616424187,0.96,0.02,0.02,1.0
1018,0.8741394479782975,0.9977575183678358,0.03946511648004986,0.005738162806005518,0.5341316885032235,0.8794903572961723,0.92,0.02,0.06,1.0
1019,0.9122471679082329,0.9964974492755793,0.05644173220143955,0.005172314662136203,0.4910576463608645,0.8794873103562693,0.06,0.12,0.82,0.75
1020,0.9180788042662418,0.996672612742768,0.061730279784518026,0.006460713358988099,0.4910576463608645,0.8794794437700574,0.28,0.14,0.58,0.75
1021,0.9152467172608072,0.9956713963298014,0.07827113517061522,0.00994298577070569,0.5341316885032235,0.8794716050379754,0.8,0.2,0.0,0.5
1022,0.9139288487092471,0.9946310451045928,0.07694540517128198,0.009103830023087489,0.5341316885032235,0.8794705477573689,0.8,0.16,0.04,0.25
1023,0.913511790280694,0.994597180167603,0.07706194686024175,0.008292681297861568,0.5341316885032235,0.8794689534099559,0.84,0.12,0.04,0.25
1024,0.9176708860207529,0.9955313553834695,0.0811970211323248,0.009307411195766354,0.5341316885032235,0.8794607322055641,0.76,0.18,0.06,0.5
1025,0.9175758786353793,0.9966734810744856,0.06137755604536374,0.006314645258877845,0.4910576463608645,0.8794596845084346,0.24,0.14,0.62,0.75
1026,0.9216869264005229,0.9983807110588782,0.07593261311302364,0.013715469910896248,0.5189522386288125,0.8794534055151513,0.54,0.4,0.06,0.75
1027,0.9052678771703822,0.9975927000250768,0.0736419562319167,0.01957697094939099,0.5559368418501222,0.8794458232310866,0.02,0.72,0.26,0.75
1028,0.9166009379931909,0.996479304136927,0.08323115600654041,0.018510201210156105,0.5513918363734412,0.8794434770288629,0.36,0.62,0.02,0.25
1029,0.9216368753179479,0.9983887655841215,0.07587788058537245,0.01378850396095138,0.5189522386288125,0.8794407840283979,0.56,0.4,0.04,0.75
1030,0.9148025063828814,0.995951418337519,0.06068650428719792,0.002710865625999591,0.4910576463608645,0.8794395147376166,0.04,0.02,0.94,0.5
1031,0.9108277440416266,0.995259178303684,0.055043178783748696,0.004400762878036258,0.4910576463608645,0.8794335901233474,0.38,0.04,0.58,0.75
1032,0.9122754340879117,0.9946261345390169,0.07693411742562627,0.00685471781935628,0.5341316885032235,0.8794268661818142,0.88,0.06,0.06,0.5
1033,0.9124597052910575,0.9944873511765521,0.07707097270388738,0.006841475669112545,0.5341316885032235,0.8794244903821837,0.84,0.06,0.1,0.25
1034,0.9084289127294155,0.994565590858563,0.07304174309206696,0.006672727935492341,0.5341316885032235,0.8794233280286319,0.96,0.04,0.0,0.5
1035,0.9128235962272427,0.9946664670501798,0.07734336507940404,0.0071879026002453755,0.5341316885032235,0.87941264383199,0.84,0.08,0.08,0.5
1036,0.9176665588636022,0.9954803034669641,0.0844547889728243,0.008218251929751447,0.5386766939799044,0.8794113658440771,0.6,0.16,0.24,0.5
1037,0.9162024236078526,0.9965591008275351,0.060263692581392705,0.006022509058657335,0.4910576463608645,0.8794103112623178,0.16,0.14,0.7,0.75
1038,0.9123935685939903,0.994627511892776,0.07717267103377165,0.006779120370843703,0.5341316885032235,0.8794088006049127,0.86,0.06,0.08,0.5
1039,0.9137106836297997,0.9945759210117562,0.07759208956115887,0.008136359603921518,0.5341316885032235,0.8794037300309833,0.8,0.12,0.08,0.25
1040,0.9148783584228563,0.9959548617219167,0.060456414614786555,0.0033464402009389937,0.4910576463608645,0.8794020617881504,0.08,0.04,0.88,0.5
1041,0.9130645861239272,0.9947059911145711,0.07726553828582766,0.007747879726672169,0.5341316885032235,0.8794013300511969,0.86,0.1,0.04,0.5
1042,0.913688175771351,0.9946120615766958,0.07725287057778521,0.008698255660474495,0.5341316885032235,0.8793878974558967,0.82,0.14,0.04,0.25
1043,0.9134662891293088,0.9945413374554137,0.0803454345992049,0.007261820159488357,0.5386766939799044,0.8793874354113244,0.7,0.1,0.2,0.25
1044,0.9093438565079273,0.9946620655066454,0.0736088888527648,0.007490292394295678,0.5341316885032235,0.8793851257923532,0.92,0.08,0.0,0.5
1045,0.908849650302573,0.9946125406562641,0.073357384015837,0.007081510164894004,0.5341316885032235,0.8793837606052691,0.94,0.06,0.0,0.5
1046,0.9126973179981747,0.9946648202141636,0.07729900352557338,0.007263500048757953,0.5341316885032235,0.8793721938869082,0.86,0.08,0.06,0.5
1047,0.9137433131603492,0.9945923893719192,0.07743989713682108,0.008620094813504474,0.5341316885032235,0.8793631555534266,0.8,0.14,0.06,0.25
1048,0.9136207871234171,0.9945880177708577,0.07759316653674951,0.008214520450891542,0.5341316885032235,0.8793626326740709,0.82,0.12,0.06,0.25
1049,0.9144781303472287,0.9948974432870847,0.0780723024805714,0.009049823863389778,0.5341316885032235,0.8793609393761361,0.82,0.16,0.02,0.5
1050,0.9145875474713335,0.9954553015019894,0.05867251061969389,0.005323991324612533,0.4910576463608645,0.8793591001343982,0.5,0.06,0.44,0.75
1051,0.9144450109310489,0.9954295509751889,0.05848375929646293,0.005397025374667662,0.4910576463608645,0.8793523319028791,0.52,0.06,0.42,0.75
1052,0.9067115582324033,0.9939214683788771,0.05138487971714266,0.0029820539120556755,0.4910576463608645,0.8793373816693517,0.1,0.02,0.88,0.25
1053,0.9138532217761364,0.9965302063410673,0.05823877868828383,0.00580340690849195,0.4910576463608645,0.879329303616229,0.1,0.14,0.76,0.75
1054,0.9172626115430145,0.9964435228816636,0.06317677329130048,0.0038308198788532502,0.4910576463608645,0.8793088313681678,0.08,0.06,0.86,0.5
1055,0.9142858145300158,0.9946231402917145,0.077315355744696,0.009914978748313435,0.5341316885032235,0.8793074768650949,0.76,0.2,0.04,0.25
1056,0.9124883807699546,0.9946261944239629,0.0776952500572002,0.006703522922331132,0.5341316885032235,0.8793013816939679,0.84,0.06,0.1,0.5
1057,0.9144598620137441,0.9964527152208819,0.060453555690689255,0.0036040275333155208,0.4910576463608645,0.8793004983349095,0.02,0.06,0.92,0.5
1058,0.9145435308512937,0.9974680345386426,0.08368650592215586,0.019633359366159533,0.5559368418501222,0.8793002974238271,0.16,0.7,0.14,0.5
1059,0.917735128673456,0.9966639593680641,0.062055317350030934,0.006387679308932973,0.4910576463608645,0.8792958638792534,0.26,0.14,0.6,0.75
1060,0.8739762119567621,0.9977583567570805,0.039588765033629764,0.006294302072179961,0.5341316885032235,0.8792946069638511,0.94,0.04,0.02,1.0
1061,0.9126041163267103,0.9946596102238574,0.07742162046087625,0.00733909749727053,0.5341316885032235,0.8792929526283223,0.88,0.08,0.04,0.5
1062,0.8740463282364146,0.9977579675049312,0.03972110517054862,0.006223831420582283,0.5341316885032235,0.8792914922983952,0.92,0.04,0.04,1.0
1063,0.9140076149623326,0.9948265993959106,0.07807845022174627,0.008641041633988095,0.5341316885032235,0.8792891407597304,0.84,0.14,0.02,0.5
1064,0.9225023587128992,0.9983953229857137,0.07793681663656667,0.012891489718515576,0.5189522386288125,0.8792867321394962,0.58,0.36,0.06,0.75
1065,0.9125430748546484,0.9965010423723422,0.05710240152762853,0.0057303728584368226,0.4910576463608645,0.8792743808933363,0.08,0.14,0.78,0.75
1066,0.913152167688608,0.9947055120350028,0.0778822295298743,0.007672282278159595,0.5341316885032235,0.8792647126684592,0.84,0.1,0.06,0.5
1067,0.9140666274510897,0.9945999049326482,0.07750633729527744,0.009509404385700517,0.5341316885032235,0.8792642446828948,0.78,0.18,0.04,0.25
1068,0.9119257689747245,0.9945511885290386,0.07776909753458897,0.005885958463527763,0.5341316885032235,0.8792635522850388,0.88,0.02,0.1,0.5
1069,0.9134171254861718,0.9945323547135066,0.08077428230753148,0.0071836593125183335,0.5386766939799044,0.8792632317840713,0.68,0.1,0.22,0.25
1070,0.9130467291561899,0.9945037596517691,0.08067340124638639,0.006778084949905382,0.5386766939799044,0.8792580466196654,0.7,0.08,0.22,0.25
1071,0.9133748636896686,0.9945358579828505,0.08080874802533153,0.007105498465548308,0.5386766939799044,0.8792567662008859,0.66,0.1,0.24,0.25
1072,0.9182118113664437,0.995537044453344,0.08530639576291968,0.008627034159153175,0.5386766939799044,0.8792559745184345,0.58,0.18,0.24,0.5
1073,0.9106118969690938,0.9946390098024172,0.05576651076590146,0.0034657891216386795,0.4910576463608645,0.8792540959849634,0.1,0.04,0.86,0.25
1074,0.9154305388581295,0.9955487519602962,0.08309751737986025,0.01721531727534713,0.5513918363734412,0.8792503112056083,0.4,0.56,0.04,0.25
1075,0.9118568172536363,0.994566818499957,0.0774172024313515,0.006370338141442033,0.5341316885032235,0.879249870792838,0.88,0.04,0.08,0.5
1076,0.9113467643255132,0.9964950239352643,0.05638248112250655,0.005099280612081074,0.4910576463608645,0.879248528537966,0.04,0.12,0.84,0.75
1077,0.9047947621129386,0.9974797420455949,0.07344257679696549,0.020061995095636435,0.5559368418501222,0.8792474689320942,0.02,0.74,0.24,0.75
1078,0.9170557208934164,0.9964602008391378,0.08445419890488313,0.01843204036318608,0.5513918363734412,0.8792397829888094,0.34,0.62,0.04,0.25
1079,0.912977542022144,0.994499927015222,0.08074109555799382,0.0066999241029353515,0.5386766939799044,0.8792328153038331,0.68,0.08,0.24,0.25
1080,0.9120206389848659,0.994568195853716,0.07770033759075193,0.0062947406929294595,0.5341316885032235,0.8792326478668996,0.86,0.04,0.1,0.5
1081,0.9124645004514437,0.9944850156636562,0.08044828482662186,0.0063725105872924044,0.5386766939799044,0.8792266361510307,0.72,0.06,0.22,0.25
1082,0.9166197748181143,0.9966523117460578,0.06135976537299824,0.00609554310871246,0.4910576463608645,0.8792186316969832,0.18,0.14,0.68,0.75
1083,0.9157218829170596,0.995566028767231,0.08382131152629195,0.01680974291273416,0.5513918363734412,0.8792125779717138,0.42,0.54,0.04,0.25
1084,0.9173080101284522,0.9966642887352674,0.06203728152629909,0.006241611208822716,0.4910576463608645,0.879202195379546,0.22,0.14,0.64,0.75
1085,0.914809288700413,0.9965370332249166,0.0596370816986099,0.005876440958547079,0.4910576463608645,0.8791990759523467,0.12,0.14,0.74,0.75
1086,0.9150991364664388,0.9955355473296928,0.08261168609569701,0.017699052484930103,0.5513918363734412,0.8791923440284682,0.4,0.58,0.02,0.25
1087,0.9106813979806194,0.9946304163126592,0.07471156726394644,0.008854577354414537,0.5341316885032235,0.8791906181279378,0.86,0.14,0.0,0.25
1088,0.9142973279444997,0.995397991608622,0.05883677275790554,0.005470059424722788,0.4910576463608645,0.8791868281378802,0.54,0.06,0.4,0.75
1089,0.9152312499890829,0.9955529439065196,0.08309985550607547,0.01729347812231715,0.5513918363734412,0.8791748465268145,0.42,0.56,0.02,0.25
1090,0.9155601950158582,0.9965485910195038,0.06047130900388738,0.0059494750086022076,0.4910576463608645,0.8791707675868978,0.14,0.14,0.72,0.75
1091,0.9136758572552682,0.9955127611077218,0.07789352513020084,0.009534203541304078,0.5341316885032235,0.8791672634254213,0.82,0.18,0.0,0.5
1092,0.9117685179981356,0.996499665018583,0.05671873752224114,0.005657338808381695,0.4910576463608645,0.8791671160749175,0.06,0.14,0.8,0.75
1093,0.9070439715491575,0.9944548037083752,0.05242593712750044,0.0032584322812946025,0.4910576463608645,0.879161444617314,0.2,0.02,0.78,0.75
1094,0.9195797988551879,0.9983382825746036,0.07362613430584483,0.015363430295657737,0.5189522386288125,0.8791508200093637,0.46,0.48,0.06,0.75
1095,0.9139214249987224,0.9945661298230775,0.08058834830093617,0.008884117609940338,0.5386766939799044,0.8791331454586373,0.62,0.18,0.2,0.25
1096,0.9140463518242586,0.9945739747510096,0.08068347696912152,0.008962278456910359,0.5386766939799044,0.8791287197445266,0.64,0.18,0.18,0.25
1097,0.9220991906477776,0.9983991256797877,0.07778564909092077,0.01330347981470586,0.5189522386288125,0.8791275718385221,0.56,0.38,0.06,0.75
1098,0.909521796484965,0.9946846720737783,0.05440186435670494,0.004473796928091387,0.4910576463608645,0.8791260673405612,0.4,0.04,0.56,0.75
1099,0.8741560320120445,0.9977576680802009,0.040503985237276614,0.006153360768984603,0.5341316885032235,0.8791125612097183,0.9,0.04,0.06,1.0
1100,0.9207267960504334,0.9983827770895167,0.07546287406694772,0.014685518203387236,0.5189522386288125,0.8791072046946791,0.54,0.44,0.02,0.75
1101,0.9132707390761164,0.9963090212928412,0.07984905762120621,0.019990947094430934,0.5513918363734412,0.8790985930639368,0.12,0.72,0.16,0.25
1102,0.9165342888598581,0.9953975724139996,0.08462873890067185,0.00780946970034977,0.5386766939799044,0.8790908402912359,0.62,0.14,0.24,0.5
1103,0.9169341114191106,0.9966596775944218,0.06208934699774441,0.006168577158767588,0.4910576463608645,0.8790889179861368,0.2,0.14,0.66,0.75
1104,0.9075342175210172,0.9944254900272851,0.05284952747746178,0.0037696706316804984,0.4910576463608645,0.8790796513471797,0.34,0.02,0.64,0.75
1105,0.9141258028681054,0.994579484166046,0.08088810761612142,0.009040439303880385,0.5386766939799044,0.8790787053766138,0.66,0.18,0.16,0.25
1106,0.8742334201262353,0.9977914132472986,0.040357046473265254,0.006709500035159025,0.5341316885032235,0.8790720091310361,0.92,0.06,0.02,1.0
1107,0.9135266737012054,0.9947135366177731,0.08167729945878804,0.007143100138571568,0.5386766939799044,0.8790708296958196,0.7,0.1,0.2,0.5
1108,0.871762193043506,0.9980379895126488,0.04900038941046832,0.015083929946337992,0.5665712862478521,0.8790647395270371,0.54,0.46,0.0,1.0
1109,0.9098899692701794,0.9947167704048596,0.07506081669133699,0.007899074623697324,0.5341316885032235,0.8790564710913933,0.9,0.1,0.0,0.5
1110,0.9107844905709127,0.9946457468588474,0.07504763953147306,0.009260151717027534,0.5341316885032235,0.8790457606556832,0.84,0.16,0.0,0.25
1111,0.913567388578954,0.9947452756391783,0.08193688759309178,0.0069919052415464145,0.5386766939799044,0.8790431426889532,0.66,0.1,0.24,0.5
1112,0.9171391308304024,0.9966756668750164,0.06208797903980569,0.006726635355068198,0.4910576463608645,0.8790416052715802,0.22,0.16,0.62,0.75
1113,0.9180189896891086,0.9955263250480015,0.08597487794167145,0.0085514367106406,0.5386766939799044,0.8790187564092936,0.56,0.18,0.26,0.5
1114,0.9072755836788498,0.9944277955977079,0.0528461453519267,0.003696636581625369,0.4910576463608645,0.8790179897152514,0.32,0.02,0.66,0.75
1115,0.9126150695070818,0.9946298773481449,0.08149219273138354,0.0062499382312556735,0.5386766939799044,0.8790168424401339,0.72,0.06,0.22,0.5
1116,0.9109863651382327,0.9946523641453857,0.07508153257680956,0.009665726079640561,0.5341316885032235,0.8790164212806518,0.82,0.18,0.0,0.25
1117,0.8938775680323079,0.963130186129898,0.08011323536016421,0.016556754801562375,0.6187353393435727,0.8790159547976646,0.46,0.52,0.02,0.0
1118,0.9070025904175409,0.9944526777927906,0.05283541659186872,0.003331466331349727,0.4910576463608645,0.8790159537819624,0.22,0.02,0.76,0.75
1119,0.9116458965635099,0.9965072404642581,0.05681569895012698,0.006142362954627176,0.4910576463608645,0.8790064839778983,0.06,0.16,0.78,0.75
1120,0.9138707520883083,0.9945358280403774,0.08146855058973798,0.008151129731684342,0.5386766939799044,0.8790060231983525,0.68,0.14,0.18,0.25
1121,0.9194171752490744,0.9983241197848634,0.07408007983286974,0.015217362195547484,0.5189522386288125,0.8789981411369563,0.42,0.48,0.1,0.75
1122,0.9195092181058934,0.998332533619783,0.07413582761430013,0.015290396245602609,0.5189522386288125,0.8789963238496667,0.44,0.48,0.08,0.75
1123,0.9156179523203939,0.9955713585274292,0.08441257914089596,0.01688790375970419,0.5513918363734412,0.8789959623162644,0.44,0.54,0.02,0.25
1124,0.9131284122470531,0.9946786835791736,0.08189841602626152,0.006583123012144763,0.5386766939799044,0.878994317973999,0.68,0.08,0.24,0.5
1125,0.9124207649025314,0.9944711822411193,0.08125561926148563,0.006294349740322381,0.5386766939799044,0.8789941251652671,0.7,0.06,0.24,0.25
1126,0.9077507639349978,0.9945192997952683,0.05337188774480573,0.003842704681735628,0.4910576463608645,0.8789933586131095,0.36,0.02,0.62,0.75
1127,0.9103430166812494,0.9945983179815779,0.0753103738588699,0.008449002991801615,0.5341316885032235,0.8789926247999975,0.88,0.12,0.0,0.25
1128,0.91810462526157,0.996737138772134,0.06314510001752033,0.006945737505233588,0.4910576463608645,0.8789916333170312,0.28,0.16,0.56,0.75
1129,0.9135660324823426,0.9947377900209223,0.08206672496724646,0.0070675026900589915,0.5386766939799044,0.878989030380366,0.68,0.1,0.22,0.5
1130,0.9111247942361083,0.9946326919406091,0.07503018290644674,0.010071300442253477,0.5341316885032235,0.8789887006897321,0.8,0.2,0.0,0.25
1131,0.9211938572572521,0.9983908016722871,0.07666325886620029,0.014273528107196854,0.5189522386288125,0.8789845669239704,0.56,0.42,0.02,0.75
1132,0.8742957654906004,0.9977566500361181,0.04149888318157645,0.005667692154407835,0.5341316885032235,0.8789643954035017,0.9,0.02,0.08,1.0
1133,0.871475391057399,0.9980170896664783,0.048759268416140936,0.015499127909317062,0.5665712862478521,0.8789620971742378,0.52,0.48,0.0,1.0
1134,0.9139914173143892,0.9964673570901905,0.06081911760253712,0.004088407211229758,0.4910576463608645,0.8789598063984445,0.02,0.08,0.9,0.5
1135,0.9083597433650443,0.9945384629780035,0.05400493141222747,0.004061806831901016,0.4910576463608645,0.8789524486975694,0.42,0.02,0.56,0.75
1136,0.9133979391749406,0.9965087076454362,0.08134772349661118,0.018993936419739035,0.5513918363734412,0.8789336846161324,0.36,0.64,0.0,0.25
1137,0.9081866656999672,0.9945338817796309,0.0539486275429174,0.0039887727818458864,0.4910576463608645,0.8789306908909088,0.4,0.02,0.58,0.75
1138,0.9119130117438148,0.9944093809767983,0.08120372455322955,0.005888775377709403,0.5386766939799044,0.8789286175481764,0.72,0.04,0.24,0.25
1139,0.9070745706243107,0.9944262385891107,0.05300267385995277,0.0036236025315702397,0.4910576463608645,0.8789268944771538,0.3,0.02,0.68,0.75
1140,0.917467194835693,0.9966861167981016,0.06278150596209142,0.006799669405123327,0.4910576463608645,0.8789268755813181,0.24,0.16,0.6,0.75
1141,0.9132623067163922,0.9945338817796309,0.08189926316324285,0.00702733761857829,0.5386766939799044,0.8789236786915181,0.64,0.1,0.26,0.25
1142,0.9154135325416644,0.9952911568648733,0.0838869108517568,0.007960664597374918,0.5386766939799044,0.8789224584134762,0.66,0.14,0.2,0.5
1143,0.9212679083098412,0.998386939093267,0.07706473188492789,0.0141274600070866,0.5189522386288125,0.8789195758462823,0.52,0.42,0.06,0.75
1144,0.9159760737918703,0.9953535270361817,0.08465104346764078,0.007885067148862343,0.5386766939799044,0.8788952137368332,0.64,0.14,0.22,0.5
1145,0.9212329386430541,0.9983888554115405,0.07706736353634992,0.014200494057141723,0.5189522386288125,0.878894006249885,0.54,0.42,0.04,0.75
1146,0.9139521277089575,0.9945367562570412,0.08166953982277109,0.00855670409429733,0.5386766939799044,0.8788914670105705,0.66,0.16,0.18,0.25
1147,0.9137002554400497,0.9945494518656032,0.08153300288859697,0.008400382400357282,0.5386766939799044,0.8788884702415367,0.62,0.16,0.22,0.25
1148,0.9110397059302804,0.9965000842132054,0.05697992538497139,0.005584304758326565,0.4910576463608645,0.878887779256905,0.04,0.14,0.82,0.75
1149,0.9171928967225061,0.9964577156138769,0.0645231897086848,0.003906417327365829,0.4910576463608645,0.8788864326844784,0.1,0.06,0.84,0.5
1150,0.9103906230658095,0.9965012220271803,0.056718976176992474,0.005026246562025947,0.4910576463608645,0.8788801307345753,0.02,0.12,0.86,0.75
1151,0.9178104514447519,0.9967072861265294,0.06333151501421702,0.0068727034551784565,0.4910576463608645,0.8788597220868999,0.26,0.16,0.58,0.75
1152,0.8746430147672942,0.9978245296224628,0.04125423734886834,0.007124697998138082,0.5341316885032235,0.8788579408216398,0.9,0.08,0.02,1.0
1153,0.9135341557111876,0.9947641992821292,0.07933754037894833,0.008232259404586472,0.5341316885032235,0.8788562027880344,0.86,0.12,0.02,0.5
1154,0.9125775059469723,0.9946345184314636,0.08206987261349405,0.006174340782743099,0.5386766939799044,0.8788547058440728,0.7,0.06,0.24,0.5
1155,0.9137126206715361,0.9953565811684302,0.05933311412554783,0.00554309347477792,0.4910576463608645,0.8788473837340142,0.56,0.06,0.38,0.75
1156,0.914494085874076,0.9948885503725966,0.07993062082408159,0.008974226414877207,0.5341316885032235,0.8788433142550046,0.8,0.16,0.04,0.5
1157,0.874296703006876,0.9977909341677302,0.04127396513909694,0.006639029383561343,0.5341316885032235,0.8788404494611938,0.9,0.06,0.04,1.0
1158,0.913546504417554,0.9947551865977491,0.07946145003784309,0.008156661956073894,0.5341316885032235,0.8788379222169088,0.84,0.12,0.04,0.5
1159,0.9189014139162234,0.9982835776763892,0.07373391392074577,0.015775420391848097,0.5189522386288125,0.878825602150519,0.44,0.5,0.06,0.75
1160,0.9096450669967736,0.9946876663210806,0.05552713903778757,0.004546830978146515,0.4910576463608645,0.8788242051807809,0.42,0.04,0.54,0.75
1161,0.9177269447498902,0.9954989875701309,0.08664065279158038,0.008142654481238876,0.5386766939799044,0.8788166967368655,0.58,0.16,0.26,0.5
1162,0.9110033814788886,0.9947291067037455,0.05751247254906,0.0037932026372816427,0.4910576463608645,0.8788157950887434,0.06,0.06,0.88,0.25
1163,0.9155918390907994,0.9964593325074201,0.06293522797096948,0.0041640046597423335,0.4910576463608645,0.8788130293673473,0.04,0.08,0.88,0.5
1164,0.9146155384735485,0.9950900033311001,0.08329930751038371,0.008036262045887498,0.5386766939799044,0.8788073141585946,0.68,0.14,0.18,0.5
1165,0.9140125564162102,0.994842289251775,0.07982059277459888,0.008565444185475519,0.5341316885032235,0.8788054200796714,0.82,0.14,0.04,0.5
1166,0.9066891165574547,0.9944155790687143,0.05317923626754203,0.003404500381404857,0.4910576463608645,0.8788025346171031,0.24,0.02,0.74,0.75
1167,0.9141419417565215,0.9945854726606507,0.07924242942627208,0.009431243538730497,0.5341316885032235,0.8787993760015361,0.76,0.18,0.06,0.25
1168,0.9138132838124438,0.9945323247710337,0.08191501848575372,0.008478543247327306,0.5386766939799044,0.8787939511181634,0.64,0.16,0.2,0.25
1169,0.9208412936273375,0.9983820285276912,0.07672092204326049,0.014612484153332113,0.5189522386288125,0.8787930525781622,0.52,0.44,0.04,0.75
1170,0.9097379024797413,0.9946930559662249,0.055691619493238115,0.004619865028201644,0.4910576463608645,0.8787907984349516,0.44,0.04,0.52,0.75
1171,0.9137349536293712,0.9945084306775608,0.08213507135824011,0.008072968884714317,0.5386766939799044,0.8787844889841694,0.66,0.14,0.2,0.25
1172,0.9067189477903854,0.9944200105547217,0.05322545135658952,0.0034775344314599828,0.4910576463608645,0.8787842070439159,0.26,0.02,0.72,0.75
1173,0.8938944476850841,0.9631243772901313,0.08099534762203857,0.0164760305561349,0.6187353393435727,0.8787817684194753,0.44,0.52,0.04,0.0
1174,0.9128478909938121,0.994484776123872,0.08221702376546307,0.0066217632559653255,0.5386766939799044,0.8787814166699002,0.66,0.08,0.26,0.25
1175,0.9085389868068502,0.9945369658543524,0.054799715240254315,0.004134840881956143,0.4910576463608645,0.878762064214098,0.44,0.02,0.54,0.75
1176,0.9135066035131473,0.9947466529929373,0.0829871122209247,0.0069163077930338435,0.5386766939799044,0.8787372024894988,0.64,0.1,0.26,0.5
1177,0.912080352809644,0.9945707709063961,0.08223761329479642,0.0057655585533414235,0.5386766939799044,0.8787293544901804,0.72,0.04,0.24,0.5
1178,0.9130735636129862,0.9945205573791354,0.08243386649150909,0.0069491767716082665,0.5386766939799044,0.8787264353557095,0.62,0.1,0.28,0.25
1179,0.91881570259925,0.9982771999296352,0.07405981796435428,0.015702386341792968,0.5189522386288125,0.8787195028739209,0.42,0.5,0.08,0.75
1180,0.9147351704350916,0.9959502805235442,0.06176347795766265,0.004682512209477607,0.4910576463608645,0.8787140650497783,0.04,0.1,0.86,0.25
1181,0.9136318358596407,0.9947738407584429,0.0800617829593478,0.008081064507561317,0.5341316885032235,0.878708219797594,0.82,0.12,0.06,0.5
1182,0.9137008282205369,0.9947785417267075,0.08020648153486222,0.008005467059048739,0.5341316885032235,0.8787029909573414,0.8,0.12,0.08,0.5
1183,0.9079702919539426,0.9945271447232006,0.05456440841120198,0.0039157387317907575,0.4910576463608645,0.8787016982176582,0.38,0.02,0.6,0.75
1184,0.9139889216966768,0.9945725375123045,0.07975263241665934,0.008947508329147442,0.5341316885032235,0.8787010632884318,0.76,0.16,0.08,0.25
1185,0.9139522467125778,0.9946191579428024,0.0796876948160701,0.009025669176117466,0.5341316885032235,0.8787001587192502,0.78,0.16,0.06,0.25
1186,0.9166128173751805,0.9964552303886158,0.06437420360779879,0.004239602108254908,0.4910576463608645,0.8786883874420958,0.06,0.08,0.86,0.5
1187,0.9097057108288757,0.994690540798491,0.05597829713356999,0.004692899078256772,0.4910576463608645,0.8786834391725127,0.46,0.04,0.5,0.75
1188,0.9125434507357921,0.9965391291980283,0.05885089099621718,0.006215397004682304,0.4910576463608645,0.8786786944352073,0.08,0.16,0.76,0.75
1189,0.9066097308593968,0.9939166476407203,0.05350864118871717,0.0030602147590256985,0.4910576463608645,0.8786776901487179,0.12,0.02,0.86,0.25
1190,0.9167285131358419,0.9966664445933251,0.06296985372039653,0.006653601305013071,0.4910576463608645,0.8786771881852946,0.2,0.16,0.64,0.75
1191,0.9138021114884942,0.994540319411331,0.08209073975282773,0.008805956762970312,0.5386766939799044,0.8786756134737772,0.6,0.18,0.22,0.25
1192,0.9068914411399316,0.994410249308516,0.05372966649533026,0.003550568481515111,0.4910576463608645,0.8786743983157974,0.28,0.02,0.7,0.75
1193,0.9167329286950802,0.9954013451656006,0.08634617222877632,0.00773387225183719,0.5386766939799044,0.8786705711351424,0.6,0.14,0.26,0.5
1194,0.9141386508485466,0.9948475591270272,0.08047766047343655,0.008489846736962946,0.5341316885032235,0.8786695687182344,0.8,0.14,0.06,0.5
1195,0.910918516924047,0.996504575584159,0.05728055268220232,0.0060693289045720454,0.4910576463608645,0.8786683487292548,0.04,0.16,0.8,0.75
1196,0.9131824495318385,0.9964850231492745,0.08232381101940206,0.01858836205712612,0.5513918363734412,0.8786649605955793,0.38,0.62,0.0,0.25
1197,0.9192347495600268,0.9965608674334435,0.08969340658584399,0.00756866987997711,0.5386766939799044,0.8786622785276479,0.3,0.18,0.52,0.5
1198,0.9156282433592902,0.9953413105071881,0.08208550632767796,0.008823031517852053,0.5341316885032235,0.8786599459742183,0.76,0.16,0.08,0.5
1199,0.9170285217971609,0.9964575958439847,0.06485869346941885,0.004315199556767483,0.4910576463608645,0.8786585398731486,0.08,0.08,0.84,0.5
1200,0.9173954743478241,0.9964546614816284,0.06524306184053102,0.0043907970052800595,0.4910576463608645,0.878642160725716,0.1,0.08,0.82,0.5
1201,0.9130456445948705,0.9946801507603517,0.08309059208307067,0.006507525563632182,0.5386766939799044,0.8786408379482182,0.66,0.08,0.26,0.5
1202,0.9123435781913358,0.9944643254147968,0.0825063979683498,0.006216188893352358,0.5386766939799044,0.8786246743498255,0.68,0.06,0.26,0.25
1203,0.9121417889162063,0.9952139052844722,0.06033951801701904,0.0027864630745121676,0.4910576463608645,0.8786156721242033,0.06,0.02,0.92,0.5
1204,0.8686829897711524,0.9900652371631004,0.037988401585050464,0.005534376797819496,0.5437731010824952,0.8786126365930109,1.0,0.0,0.0,1.0
1205,0.9125561562679023,0.9944881895657968,0.0826507020606398,0.006465441562025282,0.5386766939799044,0.8786005395020454,0.62,0.08,0.3,0.25
1206,0.8710692302068088,0.9979665467720142,0.04928087684642452,0.015914325872296117,0.5665712862478521,0.8785991235131642,0.5,0.5,0.0,1.0
1207,0.9100003319464379,0.9965041563895366,0.056966462790213855,0.005511270708271438,0.4910576463608645,0.8785950691819518,0.02,0.14,0.84,0.75
1208,0.8707644457320711,0.9977589556065409,0.03892928415813778,0.005949574760798548,0.5341316885032235,0.8785903983438657,0.98,0.02,0.0,1.0
1209,0.9087301375063153,0.9945425650968077,0.05556370836576078,0.004207874932011272,0.4910576463608645,0.8785852006816064,0.46,0.02,0.52,0.75
1210,0.9135445227870438,0.9945457689414213,0.08303729886860017,0.00758923367513136,0.5386766939799044,0.8785693796819768,0.66,0.12,0.22,0.25
1211,0.9138110008221473,0.9945885267928991,0.08031524937882153,0.008541933966534451,0.5341316885032235,0.8785688633504384,0.78,0.14,0.08,0.25
1212,0.9127540106911919,0.9944856444555897,0.08295794594646465,0.006543602408995304,0.5386766939799044,0.8785552300470227,0.64,0.08,0.28,0.25
1213,0.9136357172094567,0.9945574165634276,0.0827073859460399,0.008322221553387263,0.5386766939799044,0.878547080323811,0.6,0.16,0.24,0.25
1214,0.9158467192412596,0.996657491793891,0.06260121435613938,0.0065075332049028154,0.4910576463608645,0.8785468875535648,0.16,0.16,0.68,0.75
1215,0.914202409243872,0.9945703517117738,0.08024940115216536,0.009353082691760472,0.5341316885032235,0.8785403296517514,0.74,0.18,0.08,0.25
1216,0.9133710198913457,0.994747431497236,0.08360626910771554,0.006840710344521265,0.5386766939799044,0.8785331127542846,0.62,0.1,0.28,0.5
1217,0.9122473426741929,0.994451839403546,0.08277202100827344,0.0061380280463823374,0.5386766939799044,0.8785329203539003,0.66,0.06,0.28,0.25
1218,0.9190596041825779,0.9965521242313206,0.09004168241473286,0.007493072431464536,0.5386766939799044,0.8785230517615573,0.28,0.18,0.54,0.5
1219,0.8753531377193973,0.9978351592003862,0.046077619197832785,0.006349520830563585,0.5386766939799044,0.8785176245842135,0.68,0.08,0.24,1.0
1220,0.9185181332558854,0.9982711515500844,0.07453993124826261,0.015629352291737845,0.5189522386288125,0.878505400213238,0.4,0.5,0.1,0.75
1221,0.9177760362938742,0.9955161146647005,0.08755056930899026,0.008475839262128023,0.5386766939799044,0.8785048098986102,0.54,0.18,0.28,0.5
1222,0.913493225168397,0.9945144191721654,0.08325706345672912,0.007511072828161338,0.5386766939799044,0.8785015094440971,0.64,0.12,0.24,0.25
1223,0.9113580022457084,0.994904090516096,0.07777793340725993,0.009125421311902358,0.5341316885032235,0.8784957155007808,0.84,0.16,0.0,0.5
1224,0.9174097646786202,0.996468015824597,0.0657520009148439,0.0044663944537926365,0.4910576463608645,0.8784864827109724,0.12,0.08,0.8,0.5
1225,0.9135248769282418,0.9945149281942068,0.08306334810496449,0.007916647190774275,0.5386766939799044,0.8784858608883012,0.62,0.14,0.24,0.25
1226,0.875379271017393,0.9978383929874728,0.046202136708066124,0.006419991482161263,0.5386766939799044,0.878475927352452,0.7,0.08,0.22,1.0
1227,0.9129379284474004,0.9952580704321822,0.05971406705242276,0.005616127524833046,0.4910576463608645,0.8784756728666423,0.58,0.06,0.36,0.75
1228,0.8756850202512634,0.9978658801777086,0.04632024469867939,0.006764718793542628,0.5386766939799044,0.8784687509764029,0.66,0.1,0.24,1.0
1229,0.9187233627620269,0.9965714071839479,0.08980582566392618,0.007644267328489684,0.5386766939799044,0.8784628866718309,0.32,0.18,0.5,0.5
1230,0.9136327570357065,0.9945494818080762,0.08344771129100961,0.007667394522101383,0.5386766939799044,0.878462354723874,0.68,0.12,0.2,0.25
1231,0.9108402775197536,0.9948250423873134,0.07760432600403168,0.008716639082500668,0.5341316885032235,0.8784603898174971,0.86,0.14,0.0,0.5
1232,0.9124534954040927,0.9962813245052942,0.08125572699608265,0.019912786247460897,0.5513918363734412,0.8784590186273308,0.1,0.72,0.18,0.25
1233,0.8742706357448256,0.9977599437081507,0.04295467866594556,0.006082890117386918,0.5341316885032235,0.8784542571528087,0.88,0.04,0.08,1.0
1234,0.9105402746105524,0.9945656806859821,0.05756964898604182,0.004719113282397169,0.4910576463608645,0.8784506693641371,0.6,0.02,0.38,0.75
1235,0.8743903776299007,0.9977555122221432,0.04343426829452146,0.005597221502810156,0.5341316885032235,0.8784482684025837,0.88,0.02,0.1,1.0
1236,0.8749179158373862,0.9978052167273626,0.0460947631341022,0.006004793519182213,0.5386766939799044,0.8784465654165653,0.72,0.06,0.22,1.0
1237,0.9154126063087583,0.9953379270077364,0.08637198185366295,0.006795907882847529,0.5386766939799044,0.8784451074857978,0.48,0.12,0.4,0.5
1238,0.9120227043858993,0.9945709206187612,0.08323395460103299,0.00568996110482885,0.5386766939799044,0.8784397185773063,0.7,0.04,0.26,0.5
1239,0.9163641277425237,0.9966615639702222,0.06346662572120763,0.006580567254957944,0.4910576463608645,0.8784384091834401,0.18,0.16,0.66,0.75
1240,0.8744289226537588,0.997761560601694,0.043239037278109696,0.006012419465789243,0.5341316885032235,0.8784340313379191,0.86,0.04,0.1,1.0
1241,0.9134468167231686,0.9965458363119856,0.06060230189297292,0.0062884310547374304,0.4910576463608645,0.878430753125441,0.1,0.16,0.74,0.75
1242,0.9128019233077691,0.9946058035998339,0.08363706963437421,0.006356330666607035,0.5386766939799044,0.8784291283767707,0.62,0.08,0.3,0.5
1243,0.916407624891097,0.9953944583968052,0.08716267495766244,0.007280287560761742,0.5386766939799044,0.8784270710292759,0.48,0.14,0.38,0.5
1244,0.9177236245372304,0.995502910034097,0.0880455529078717,0.008067057032726302,0.5386766939799044,0.8784260400462214,0.56,0.16,0.28,0.5
1245,0.9147762856855829,0.9951471036271563,0.0818572954542143,0.008898628966364631,0.5341316885032235,0.8784259558894834,0.78,0.16,0.06,0.5
1246,0.9140203795619323,0.994790428888498,0.0842461766937723,0.007476284919460712,0.5386766939799044,0.8784226170489557,0.66,0.12,0.22,0.5
1247,0.9113256787224396,0.9947336579596451,0.05916659719891772,0.003871363484251665,0.4910576463608645,0.8784202552949273,0.08,0.06,0.86,0.25
1248,0.8748461697827314,0.9978265657106284,0.04309181971930736,0.0069837566949427195,0.5341316885032235,0.8784171668055234,0.86,0.08,0.06,1.0
1249,0.9123733467449572,0.994483518540005,0.0831490522806107,0.00638728071505526,0.5386766939799044,0.8784168346824917,0.6,0.08,0.32,0.25
1250,0.9135919589900547,0.9945100475711041,0.08334537223521236,0.007994808037744296,0.5386766939799044,0.8784082462811617,0.64,0.14,0.22,0.25
1251,0.9181785703199228,0.9982652528828987,0.07464272530367136,0.01548328419162759,0.5189522386288125,0.8784022000575992,0.36,0.5,0.14,0.75
1252,0.8756773550265091,0.9978601312228881,0.04644525683466227,0.00690566009673799,0.5386766939799044,0.8784013299273876,0.7,0.1,0.2,1.0
1253,0.9179708083756469,0.9965617357651612,0.08918594251404895,0.0077198647770022645,0.5386766939799044,0.878399410622648,0.34,0.18,0.48,0.5
1254,0.9182989619114953,0.9982675883957945,0.07473328158934904,0.01555631824168271,0.5189522386288125,0.8783979320311406,0.38,0.5,0.12,0.75
1255,0.875049074631523,0.9978519569277525,0.043011897497855715,0.007539895961117113,0.5341316885032235,0.8783936797680036,0.88,0.1,0.02,1.0
1256,0.9129747153606468,0.9946903012587067,0.08393142189847028,0.006431928115119609,0.5386766939799044,0.8783935890414252,0.64,0.08,0.28,0.5
1257,0.9179872434961107,0.9982601027775386,0.07452362833745103,0.01541025014157246,0.5189522386288125,0.8783930004251728,0.34,0.5,0.16,0.75
1258,0.911090422783628,0.994639503853222,0.0580447985355412,0.005204137428642674,0.4910576463608645,0.878392683282148,0.6,0.04,0.36,0.75
1259,0.9116229485394681,0.9955321338877682,0.08143326640356041,0.0181827876945132,0.5513918363734412,0.8783922486413579,0.4,0.6,0.0,0.25
1260,0.8744809095962042,0.9977404212157392,0.046432853077285695,0.0051039269416263905,0.5386766939799044,0.8783883653960973,0.74,0.02,0.24,1.0
1261,0.8756976527875959,0.9978631853551364,0.04656751189313994,0.006835189445140308,0.5386766939799044,0.8783866961525526,0.68,0.1,0.22,1.0
1262,0.8749257459174176,0.9978052466698356,0.04636805990446513,0.0059343228675845325,0.5386766939799044,0.8783841562832064,0.7,0.06,0.24,1.0
1263,0.9098776089637385,0.9965063421900673,0.05724082940516472,0.005996294854516921,0.4910576463608645,0.8783824098570175,0.02,0.16,0.82,0.75
1264,0.8744639311820064,0.9978018332279108,0.04311787424108994,0.00656855873196366,0.5341316885032235,0.8783743071996204,0.88,0.06,0.06,1.0
1265,0.9188412990030015,0.9965376620168501,0.09038293565979241,0.007417474982951961,0.5386766939799044,0.8783720454923494,0.26,0.18,0.56,0.5
1266,0.8751148773010567,0.997851268250873,0.04321630165317754,0.007469425309519433,0.5341316885032235,0.8783684328254074,0.86,0.1,0.04,1.0
1267,0.9125787084654184,0.994632572170717,0.08381128252093142,0.006098743334230528,0.5386766939799044,0.8783674294626743,0.68,0.06,0.26,0.5
1268,0.9127888618037021,0.9944938486931982,0.08343939897073084,0.006871015924638241,0.5386766939799044,0.8783625153351824,0.6,0.1,0.3,0.25
1269,0.875221972381964,0.9978565381261252,0.04345740934358371,0.007398954657921753,0.5341316885032235,0.878345876987433,0.84,0.1,0.06,1.0
1270,0.9135195703375782,0.995929889699415,0.06182013617163587,0.004604351362507587,0.4910576463608645,0.8783456104614341,0.02,0.1,0.88,0.25
1271,0.9124966766509536,0.9946323625734058,0.0838780164228329,0.006023145885717945,0.5386766939799044,0.8783386526345742,0.66,0.06,0.28,0.5
1272,0.9139871216996625,0.9947890515347388,0.08455811251363697,0.0074006874709481385,0.5386766939799044,0.8783375469248347,0.64,0.12,0.24,0.5
1273,0.917827007000871,0.9960889141736439,0.08896441504417175,0.007795462225514838,0.5386766939799044,0.8783341467982277,0.36,0.18,0.46,0.5
1274,0.9151571975379442,0.9966538986971282,0.06267871362149574,0.006434499154847686,0.4910576463608645,0.8783317373269064,0.14,0.16,0.7,0.75
1275,0.9140334142538791,0.9947931237110701,0.08452485176627444,0.00755188236797329,0.5386766939799044,0.8783314035611993,0.68,0.12,0.2,0.5
1276,0.9136417266834483,0.9959591434955591,0.0619154325900909,0.004760673056447631,0.4910576463608645,0.8783278843617647,0.06,0.1,0.84,0.25
1277,0.9122480909055459,0.994746203855842,0.05921669177313858,0.005689161574888173,0.4910576463608645,0.8783208469774008,0.6,0.06,0.34,0.75
1278,0.9225929089670947,0.998084969252823,0.07922512053104579,0.015772329417680548,0.5189522386288125,0.8783194502880435,0.42,0.5,0.08,0.5
1279,0.8707850673440312,0.9977588957215949,0.039604567095493724,0.006364772723777645,0.5341316885032235,0.8783186907831319,0.96,0.04,0.0,1.0
1280,0.9132926663121591,0.9945009450593049,0.08373547542697767,0.007432911981191312,0.5386766939799044,0.8783169123242948,0.62,0.12,0.26,0.25
1281,0.911139741346026,0.9951445585169493,0.060269497093385214,0.002862060523024742,0.4910576463608645,0.8783097401161751,0.08,0.02,0.9,0.5
1282,0.9176275714808184,0.9955197975888823,0.0881424140637754,0.008400241813615447,0.5386766939799044,0.8783051720844823,0.52,0.18,0.3,0.5
1283,0.913249961504189,0.994746173913369,0.08432310219059318,0.0067651128960086885,0.5386766939799044,0.8783048917834976,0.6,0.1,0.3,0.5
1284,0.8753245611305749,0.9978586340992368,0.04375716107256516,0.007328484006324069,0.5341316885032235,0.8783045720717229,0.82,0.1,0.08,1.0
1285,0.8745738291371797,0.9977555122221432,0.046608548883267445,0.005519124904605467,0.5386766939799044,0.8782847702231558,0.72,0.04,0.24,1.0
1286,0.8756555948540944,0.9978685750002807,0.0469890429217632,0.006694248141944952,0.5386766939799044,0.8782814473349977,0.64,0.1,0.26,1.0
1287,0.9064102192260083,0.993926378944453,0.05462847149270183,0.003138375605995721,0.4910576463608645,0.878280549459628,0.14,0.02,0.84,0.25
1288,0.9153254846083597,0.9953516706028542,0.08691559546013011,0.00672031043433495,0.5386766939799044,0.8782792982738066,0.46,0.12,0.42,0.5
1289,0.916928176428539,0.9964673271477175,0.06592174593805969,0.004541991902305212,0.4910576463608645,0.8782778053840719,0.14,0.08,0.78,0.5
1290,0.9143324117469314,0.9965593703097924,0.062084617346803005,0.006361465104792559,0.4910576463608645,0.8782561490913752,0.12,0.16,0.72,0.75
1291,0.8747389849330748,0.9978266255955746,0.04350129647125359,0.007054227346540402,0.5341316885032235,0.8782527761871705,0.88,0.08,0.04,1.0
1292,0.9108933307157282,0.9946499986900168,0.0583953699119668,0.005131103378587547,0.4910576463608645,0.8782485831800589,0.58,0.04,0.38,0.75
1293,0.9165321182491449,0.9953900269107976,0.08785945593990964,0.007355885009274313,0.5386766939799044,0.8782475863305518,0.5,0.14,0.36,0.5
1294,0.8907349405808433,0.9631381957414318,0.07946965707707469,0.016637479046989843,0.6187353393435727,0.8782439205943572,0.48,0.52,0.0,0.0
1295,0.912661368926703,0.9946035579143571,0.084188519738547,0.0062807332180944584,0.5386766939799044,0.8782426298332143,0.6,0.08,0.32,0.5
1296,0.9173396907433513,0.9965329460773489,0.08953884427695133,0.007084290202062813,0.5386766939799044,0.8782310458701235,0.3,0.16,0.54,0.5
1297,0.8746976781254924,0.9978031506967239,0.04397061687558891,0.0064276174287683,0.5341316885032235,0.878226767649638,0.84,0.06,0.1,1.0
1298,0.9090491609530578,0.9945563086919257,0.0576306652525197,0.0035439499686087026,0.4910576463608645,0.8782193565575257,0.12,0.04,0.84,0.25
1299,0.8745911888120584,0.9978039292010226,0.043839058097607235,0.006498088080365979,0.5341316885032235,0.878218803340249,0.86,0.06,0.08,1.0
1300,0.874964231326215,0.9978288113961052,0.043958454799343426,0.006913286043345038,0.5341316885032235,0.8782169582252639,0.84,0.08,0.08,1.0
1301,0.875311535509267,0.9978380037353235,0.04715290271770649,0.006279050178965902,0.5386766939799044,0.8782094034914001,0.66,0.08,0.26,1.0
1302,0.8710088693229224,0.9977838677440967,0.03996094805940656,0.0067799706867567,0.5341316885032235,0.878203707777718,0.94,0.06,0.0,1.0
1303,0.9139092936725625,0.9947883029729133,0.08503639010140097,0.00732509002243556,0.5386766939799044,0.8781912039813261,0.62,0.12,0.26,0.5
1304,0.9104673299109516,0.994776565523488,0.0784101110848791,0.008307856853099047,0.5341316885032235,0.8781904900231309,0.88,0.12,0.0,0.5
1305,0.9168533798907782,0.9954193705343609,0.08821131679675706,0.007658274803324615,0.5386766939799044,0.878186362825115,0.58,0.14,0.28,0.5
1306,0.910836945690518,0.9945679862564049,0.05875205109379016,0.004792147332452297,0.4910576463608645,0.8781842405822422,0.62,0.02,0.36,0.75
1307,0.9146257907003216,0.9949488245707934,0.08498017508241837,0.008649635069030269,0.5386766939799044,0.8781815425458388,0.56,0.18,0.26,0.25
1308,0.9115844808274484,0.9947611451498808,0.06026097559064022,0.00394952433122169,0.4910576463608645,0.8781706159798525,0.1,0.06,0.84,0.25
1309,0.910201390634061,0.9945629259784639,0.058255850960094877,0.0046460792323420414,0.4910576463608645,0.8781652017380701,0.58,0.02,0.4,0.75
1310,0.9142094428703568,0.9948353425980335,0.08234703265710334,0.008414249288450368,0.5341316885032235,0.8781647065393405,0.78,0.14,0.08,0.5
1311,0.9121209690782006,0.9955617769360616,0.08334479093384466,0.017371638969287177,0.5513918363734412,0.8781567816131912,0.44,0.56,0.0,0.25
1312,0.916792267754773,0.9954070641779481,0.08820804355899897,0.007764667238675994,0.5386766939799044,0.8781458492005575,0.48,0.16,0.36,0.5
1313,0.9116976264890964,0.9955456678855749,0.08266105117018051,0.01777721333190011,0.5513918363734412,0.8781435331996237,0.42,0.58,0.0,0.25
1314,0.917561316768271,0.9964647520950374,0.0667725475145787,0.004950774131706883,0.4910576463608645,0.8781401153391641,0.12,0.1,0.78,0.5
1315,0.9097515309616843,0.9946646106168524,0.057883471542175206,0.0047659331283119,0.4910576463608645,0.8781289717408337,0.48,0.04,0.48,0.75
1316,0.9169692191672464,0.9955141684039539,0.08817865193756894,0.008249046916590294,0.5386766939799044,0.8781266049519135,0.48,0.18,0.34,0.5
1317,0.9157105759012877,0.9953797267000775,0.08766511123396278,0.007053495215224015,0.5386766939799044,0.8781161325820952,0.42,0.14,0.44,0.5
1318,0.9123409525322651,0.994545499459164,0.08450267409048928,0.005947548437205371,0.5386766939799044,0.8781137873176577,0.64,0.06,0.3,0.5
1319,0.8752699562221281,0.9978419261992896,0.04749324048158369,0.006208579527368219,0.5386766939799044,0.8781134114843383,0.64,0.08,0.28,1.0
1320,0.8751339253026362,0.9978425849336962,0.04740549882509325,0.006138108875770538,0.5386766939799044,0.8781121120395109,0.62,0.08,0.3,1.0
1321,0.8755188344158746,0.997870132008878,0.047484794454023975,0.0066237774903472706,0.5386766939799044,0.8781117032297198,0.62,0.1,0.28,1.0
1322,0.9152363436210089,0.9953571500754176,0.08746976471419975,0.006644712985822374,0.5386766939799044,0.8781085979412563,0.44,0.12,0.44,0.5
1323,0.8714240738203508,0.9978223737644052,0.040473987907617234,0.007195168649735762,0.5341316885032235,0.8781029734284386,0.92,0.08,0.0,1.0
1324,0.8744515316483062,0.9977370976012336,0.04745152432328924,0.005033456290028708,0.5386766939799044,0.8780992212088906,0.72,0.02,0.26,1.0
1325,0.9154442471074109,0.9953089726363225,0.08754016055166801,0.006871505331360104,0.5386766939799044,0.8780980719570823,0.5,0.12,0.38,0.5
1326,0.9175819759143048,0.9955065929582789,0.08911752543257435,0.007991459584213724,0.5386766939799044,0.8780899114986019,0.54,0.16,0.3,0.5
1327,0.9115558570089901,0.9949981997088094,0.06041945307469261,0.004276937846864628,0.4910576463608645,0.8780863773789588,0.06,0.08,0.86,0.25
1328,0.9139576130136525,0.9947965670954678,0.08448315028855333,0.00872779591600029,0.5386766939799044,0.878086029490207,0.58,0.18,0.24,0.25
1329,0.9168622015467228,0.9964678661122319,0.06634002604111236,0.004799579234681733,0.4910576463608645,0.8780858861716534,0.08,0.1,0.82,0.5
1330,0.9176424056791841,0.996483256543366,0.06695367412626875,0.005101969028732031,0.4910576463608645,0.8780847166073907,0.16,0.1,0.74,0.5
1331,0.9171126852305591,0.9960619060629765,0.08953501925854614,0.007159887650575387,0.5386766939799044,0.8780782723914442,0.32,0.16,0.52,0.5
1332,0.9162523238423884,0.9953949674188466,0.08827901223756024,0.007204690112249165,0.5386766939799044,0.8780735697061384,0.46,0.14,0.4,0.5
1333,0.917284112635212,0.995515545757713,0.08864052998369418,0.00832464436510287,0.5386766939799044,0.8780728902723366,0.5,0.18,0.32,0.5
1334,0.8749177251202892,0.9978043184531719,0.047490546100919545,0.005863852215986853,0.5386766939799044,0.8780718238880697,0.68,0.06,0.26,1.0
1335,0.9170923182296434,0.9954150887607185,0.08874234291728372,0.00784026468718857,0.5386766939799044,0.8780677823338221,0.5,0.16,0.34,0.5
1336,0.9111316556948938,0.9945713996983296,0.0594150952669371,0.004865181382507426,0.4910576463608645,0.8780672446817347,0.64,0.02,0.34,0.75
1337,0.9098688145013519,0.9946669760722212,0.05817906267264468,0.004838967178367028,0.4910576463608645,0.8780646152394166,0.5,0.04,0.46,0.75
1338,0.9171838746815585,0.9964680307958335,0.06670296024280635,0.0048751766831943094,0.4910576463608645,0.8780625726503514,0.1,0.1,0.8,0.5
1339,0.9114935322640154,0.9945726572821966,0.05971176853913459,0.005011249482617679,0.4910576463608645,0.8780611808583165,0.68,0.02,0.3,0.75
1340,0.9150099015798155,0.9959611795837248,0.06480910885251188,0.003982014775878403,0.4910576463608645,0.8780594354212672,0.12,0.06,0.82,0.5
1341,0.8756096789065173,0.9978976790840598,0.04420136318347692,0.008370291887075247,0.5341316885032235,0.8780594329395658,0.84,0.14,0.02,1.0
1342,0.9162575294858958,0.9964698722579245,0.0658773612261808,0.004723981786169158,0.4910576463608645,0.8780534018117809,0.06,0.1,0.84,0.5
1343,0.8745321604167857,0.9977562607839688,0.04742601909956056,0.005448654253007786,0.5386766939799044,0.8780506039762068,0.7,0.04,0.26,1.0
1344,0.9244992973876143,0.997291763199952,0.0831021923094725,0.013804015719184748,0.5189522386288125,0.8780473622003867,0.54,0.4,0.06,0.5
1345,0.8754203477423145,0.9978692936196333,0.04767084716438255,0.006553306838749589,0.5386766939799044,0.878042442135069,0.6,0.1,0.3,1.0
1346,0.8744707785387106,0.9977545540630064,0.04744232843070249,0.005378183601410106,0.5386766939799044,0.8780413216567278,0.68,0.04,0.28,1.0
1347,0.9170199878800546,0.9956174998783587,0.08885625227181015,0.007871059674027417,0.5386766939799044,0.8780374186070464,0.38,0.18,0.44,0.5
1348,0.9113341558283141,0.9945736453838063,0.059688441647555,0.004938215432562552,0.4910576463608645,0.8780348536710187,0.66,0.02,0.32,0.75
1349,0.9123377866474119,0.9952404343155712,0.06215086199603637,0.0034220376494515704,0.4910576463608645,0.8780286924880674,0.1,0.04,0.86,0.5
1350,0.9116112617672079,0.9945746634278891,0.05990698566660514,0.005084283532672808,0.4910576463608645,0.8780258660647774,0.7,0.02,0.28,0.75
1351,0.8745615554875378,0.9978059652891882,0.04744511301609936,0.005652440261193807,0.5386766939799044,0.8780206116318379,0.62,0.06,0.32,1.0
1352,0.9244236264107293,0.9973140403998817,0.08311680737171692,0.013879613167697312,0.5189522386288125,0.8780086659820435,0.56,0.4,0.04,0.5
1353,0.9167212383763876,0.995456229718653,0.08882019818492114,0.007507079906299467,0.5386766939799044,0.8780068021960079,0.54,0.14,0.32,0.5
1354,0.9113698866470153,0.9947389877198433,0.06058074649268272,0.004027685178191713,0.4910576463608645,0.8779950155629035,0.12,0.06,0.82,0.25
1355,0.9103122143577084,0.9946685031383454,0.0587893793944924,0.00498503527847729,0.4910576463608645,0.8779925504546238,0.54,0.04,0.42,0.75
1356,0.8742890551265675,0.9978039292010226,0.047315931380165925,0.005581969609596128,0.5386766939799044,0.8779899241817484,0.6,0.06,0.34,1.0
1357,0.91136735882802,0.9946393391696203,0.05968158472700195,0.005277171478697803,0.4910576463608645,0.8779888559186312,0.62,0.04,0.34,0.75
1358,0.8748737116775838,0.9978042885106988,0.04778683432934691,0.0057933815643891684,0.5386766939799044,0.8779872187826414,0.66,0.06,0.28,1.0
1359,0.9120644258020075,0.9946797914506754,0.08443239933360101,0.006387125653445818,0.5386766939799044,0.8779833346627115,0.5,0.1,0.4,0.5
1360,0.9124207750581182,0.9946043663611287,0.08489297680443787,0.0062051357695818805,0.5386766939799044,0.877982429086261,0.58,0.08,0.34,0.5
1361,0.9168139392614496,0.9954444024418087,0.08899151086476971,0.007582677354812043,0.5386766939799044,0.8779682884895655,0.56,0.14,0.3,0.5
1362,0.9116326413603008,0.9945772684230423,0.0600863140400932,0.005157317582727933,0.4910576463608645,0.8779663206509429,0.72,0.02,0.26,0.75
1363,0.9136301554219293,0.9974546801956741,0.08741334712380658,0.01955776191764695,0.5559368418501222,0.8779640620693145,0.14,0.7,0.16,0.5
1364,0.9160262389921414,0.995399368962381,0.08848376347872627,0.007129092663736588,0.5386766939799044,0.8779624452522479,0.44,0.14,0.42,0.5
1365,0.916592836093325,0.9953743071124602,0.08885531625601822,0.007431482457786889,0.5386766939799044,0.8779609796764593,0.52,0.14,0.34,0.5
1366,0.8749895834014344,0.9978406985578956,0.047827494750192684,0.006067638224172857,0.5386766939799044,0.8779608583574164,0.6,0.08,0.32,1.0
1367,0.9161984115694205,0.9956018998499133,0.08867024400329743,0.007311082547600541,0.5386766939799044,0.8779542717761843,0.36,0.16,0.48,0.5
1368,0.9175721353883526,0.9964764895444627,0.06738239379565657,0.005026371580219459,0.4910576463608645,0.8779540376118168,0.14,0.1,0.76,0.5
1369,0.9115868568250747,0.9946298174631988,0.059978534676942696,0.005350205528752933,0.4910576463608645,0.8779529886077388,0.64,0.04,0.32,0.75
1370,0.9155103837376455,0.9953823316952305,0.0880898545278198,0.006977897766711441,0.5386766939799044,0.8779490301632384,0.4,0.14,0.46,0.5
1371,0.9089215282141044,0.9945444215301352,0.05795412814041808,0.004280908982066402,0.4910576463608645,0.8779385601980231,0.48,0.02,0.5,0.75
1372,0.8757218523271865,0.9979026495345816,0.04446897642185047,0.008785489850054314,0.5341316885032235,0.8779335740823734,0.82,0.16,0.02,1.0
1373,0.9126296235920401,0.9946819622799696,0.08509799857683639,0.00653832055047097,0.5386766939799044,0.8779309292992232,0.54,0.1,0.36,0.5
1374,0.8743384650890504,0.9977526078022599,0.04773649428479518,0.005307712949812424,0.5386766939799044,0.8779305514892577,0.66,0.04,0.3,1.0
1375,0.8757572289452061,0.9979186088727033,0.044297709624558625,0.009200687813033433,0.5341316885032235,0.8779129585277261,0.8,0.18,0.02,1.0
1376,0.9123814001036473,0.9946809592071233,0.0849561217620601,0.006462723101958396,0.5386766939799044,0.8779123682769,0.52,0.1,0.38,0.5
1377,0.91335757169402,0.9945113650399171,0.0849383263721707,0.007838486343804251,0.5386766939799044,0.8779097626447105,0.6,0.14,0.26,0.25
1378,0.9095461281008396,0.9945613090849206,0.058560345751657236,0.004500011132231784,0.4910576463608645,0.8779097354389416,0.54,0.02,0.44,0.75
1379,0.9235219140048612,0.9972454721366575,0.08159740184000051,0.015181557304414927,0.5189522386288125,0.8779058859585973,0.52,0.46,0.02,0.5
1380,0.8759329418326932,0.9979063923437097,0.04730127461871551,0.008636922600251985,0.5386766939799044,0.8778916981142701,0.64,0.18,0.18,1.0
1381,0.8747408266473738,0.9978016835155458,0.04805526218233621,0.0057229109127914886,0.5386766939799044,0.8778836047481562,0.64,0.06,0.3,1.0
1382,0.9130013993761664,0.9946710183060794,0.0855390792667326,0.0066895154474961175,0.5386766939799044,0.8778833124741836,0.58,0.1,0.32,0.5
1383,0.9105732395589614,0.9946472140400257,0.05939049355901735,0.0050580693285324175,0.4910576463608645,0.8778796129554072,0.56,0.04,0.4,0.75
1384,0.9165934518501911,0.9954138910617976,0.08900167606934334,0.00768906979016342,0.5386766939799044,0.8778733540140704,0.46,0.16,0.38,0.5
1385,0.9153958840917545,0.9952964866250715,0.08822937522336649,0.006947102779872678,0.5386766939799044,0.8778677053432017,0.52,0.12,0.36,0.5
1386,0.8718222237902934,0.9978524659497939,0.04144255181203186,0.007610366612714796,0.5341316885032235,0.8778644241862972,0.9,0.1,0.0,1.0
1387,0.9128250608234058,0.9946826060431396,0.08549093246469999,0.006613917998983546,0.5386766939799044,0.8778611607891224,0.56,0.1,0.34,0.5
1388,0.9161853294280915,0.995611631153646,0.08895094110346309,0.007386679996113116,0.5386766939799044,0.8778556952767629,0.38,0.16,0.46,0.5
1389,0.9100671465145228,0.9946694313550092,0.05906751198838299,0.004912001228422158,0.4910576463608645,0.8778535240413956,0.52,0.04,0.44,0.75
1390,0.9151640475449964,0.9952646877187205,0.08797184873530497,0.007022700228385255,0.5386766939799044,0.8778525714909639,0.54,0.12,0.34,0.5
1391,0.9173648750339464,0.9955002152115249,0.08979147508608218,0.007915862135701147,0.5386766939799044,0.8778444832975989,0.52,0.16,0.32,0.5
1392,0.9092979219754997,0.9945560691521415,0.058576927411959225,0.0044269770821766564,0.4910576463608645,0.8778443099656162,0.52,0.02,0.46,0.75
1393,0.9166367869842516,0.9954067647532179,0.08883654601068579,0.008173449468077718,0.5386766939799044,0.8778360561357641,0.46,0.18,0.36,0.5
1394,0.9114364505893503,0.9947805179299272,0.0609881796813216,0.0044332595408046755,0.4910576463608645,0.8778225390364455,0.1,0.08,0.82,0.25
1395,0.9152646958376182,0.9953805950317952,0.08837514096041692,0.006902300318198863,0.5386766939799044,0.8778078665191092,0.38,0.14,0.48,0.5
1396,0.9098411923134826,0.994559272996755,0.0592021134933807,0.004573045182286913,0.4910576463608645,0.8777981674518212,0.56,0.02,0.42,0.75
1397,0.9170756966468084,0.9956227996960839,0.08972358344121817,0.007946657122539995,0.5386766939799044,0.8777895478446462,0.4,0.18,0.42,0.5
1398,0.915174193171313,0.9959701323831589,0.06550040615685832,0.004617589350817786,0.4910576463608645,0.8777834846650914,0.16,0.08,0.76,0.5
1399,0.9172382810896949,0.9956360043266873,0.089830273031205,0.008097852019565142,0.5386766939799044,0.87777928078422,0.44,0.18,0.38,0.5
1400,0.8758689387969811,0.9979002840792128,0.0476753793207705,0.008566451948654305,0.5386766939799044,0.8777777312945159,0.62,0.18,0.2,1.0
1401,0.8756316488106678,0.997877707454553,0.04562521277427177,0.007743681969303183,0.5341316885032235,0.8777775140012171,0.8,0.12,0.08,1.0
1402,0.9151346501772469,0.9964585240606485,0.0657204433764767,0.004648384337656583,0.4910576463608645,0.8777752322000163,0.04,0.1,0.86,0.5
1403,0.91113464107086,0.9947643190520213,0.060901988355241965,0.004355098693834651,0.4910576463608645,0.8777700680783469,0.08,0.08,0.84,0.25
1404,0.8759871151283676,0.9978889059394638,0.04836285517718413,0.0078065266742938025,0.5386766939799044,0.8777650989260857,0.68,0.14,0.18,1.0
1405,0.8759194771976606,0.9978824683077637,0.04869716784199066,0.007250387408119416,0.5386766939799044,0.877758607510629,0.66,0.12,0.22,1.0
1406,0.9125256538894922,0.9944663914454355,0.08530580801271803,0.006792855077668218,0.5386766939799044,0.87775653472932,0.58,0.1,0.32,0.25
1407,0.875398597199563,0.997870221836297,0.04536279561886061,0.00788462327249855,0.5341316885032235,0.8777540050002594,0.84,0.12,0.04,1.0
1408,0.8760183071577237,0.997908158949618,0.04783639733089308,0.008707393251849667,0.5386766939799044,0.8777490747957207,0.66,0.18,0.16,1.0
1409,0.8753585516919973,0.9978733059110184,0.045339714561014106,0.00795509392409623,0.5341316885032235,0.877735019614417,0.86,0.12,0.02,1.0
1410,0.9244508001951092,0.9972465500656863,0.08443010020001016,0.013395233489783054,0.5189522386288125,0.8777246342926882,0.56,0.38,0.06,0.5
1411,0.9148413200873142,0.9950111647996287,0.08687821495345949,0.008571474222060246,0.5386766939799044,0.8777235260237839,0.54,0.18,0.28,0.25
1412,0.9091059062230785,0.9945505896795781,0.05884602683270347,0.00435394303212153,0.4910576463608645,0.8777228444490537,0.5,0.02,0.48,0.75
1413,0.8758642048416181,0.9978791746357311,0.04883142811751243,0.007179916756521737,0.5386766939799044,0.8777168865565941,0.64,0.12,0.24,1.0
1414,0.9169611100513911,0.9956294169826221,0.08982588461174336,0.008022254571052568,0.5386766939799044,0.8777115270910204,0.42,0.18,0.4,0.5
1415,0.8755256235417168,0.9978755815389683,0.04570788946850278,0.007814152620900865,0.5341316885032235,0.8777074379515215,0.82,0.12,0.06,1.0
1416,0.9240449663597329,0.9973158369482632,0.0831820416111051,0.01477277507501324,0.5189522386288125,0.8776978824448064,0.54,0.44,0.02,0.5
1417,0.874254085524586,0.9978413572923022,0.0481389875682818,0.00585622626937981,0.5386766939799044,0.8776927123666957,0.54,0.08,0.38,1.0
1418,0.9117467172619784,0.9946193076551675,0.06099264528782268,0.005423239578808061,0.4910576463608645,0.8776921529877485,0.66,0.04,0.3,0.75
1419,0.8758291486634396,0.9978956429958942,0.04826832757024421,0.00808078333407751,0.5386766939799044,0.877691143115067,0.62,0.16,0.22,1.0
1420,0.9122431008255074,0.9944681580513438,0.08530886398817177,0.006714694230698202,0.5386766939799044,0.8776867842022785,0.56,0.1,0.34,0.25
1421,0.9245141454824072,0.9972401124339862,0.08491901505302739,0.012986451260381464,0.5189522386288125,0.8776833576732301,0.58,0.36,0.06,0.5
1422,0.9123056993815288,0.9952201932038072,0.06328256769116375,0.003497635097964146,0.4910576463608645,0.8776743694130142,0.12,0.04,0.84,0.5
1423,0.9131604619294816,0.9944873811190251,0.08589556325489404,0.0073547511342212865,0.5386766939799044,0.8776675789883996,0.6,0.12,0.28,0.25
1424,0.8759145853798593,0.9978968706372882,0.048415752680795454,0.008151253985675191,0.5386766939799044,0.8776603262507036,0.64,0.16,0.2,1.0
1425,0.8759316334819144,0.9978846241658215,0.04902735467590416,0.007320858059717101,0.5386766939799044,0.8776532118627235,0.68,0.12,0.2,1.0
1426,0.9137548761189783,0.9947872849288305,0.08679458696296158,0.00724949257392298,0.5386766939799044,0.877652537119725,0.6,0.12,0.28,0.5
1427,0.8759205880077906,0.9978867500814061,0.04874717830941177,0.007736056022696118,0.5386766939799044,0.8776480193261309,0.66,0.14,0.2,1.0
1428,0.9119385888879407,0.9944370927355818,0.08516552148151499,0.006636533383728181,0.5386766939799044,0.8776477628977386,0.54,0.1,0.36,0.25
1429,0.9167581759392311,0.9964861459920128,0.06750883139714522,0.00517756647724461,0.4910576463608645,0.8776445770846779,0.18,0.1,0.72,0.5
1430,0.9134782010014392,0.9945453198043259,0.08578070168807043,0.008244060706417236,0.5386766939799044,0.8776268716409118,0.58,0.16,0.26,0.25
1431,0.8756539815973302,0.9978970203496532,0.0458231236755499,0.008299821235477562,0.5341316885032235,0.8776187779030835,0.82,0.14,0.04,1.0
1432,0.9237422230379474,0.997243555818384,0.08291281437972899,0.015105959855902346,0.5189522386288125,0.8776072628809267,0.5,0.46,0.04,0.5
1433,0.9111563060680066,0.9947341669816865,0.0616458946113647,0.004105846025161736,0.4910576463608645,0.8776072493273563,0.14,0.06,0.8,0.25
1434,0.8758074369490292,0.9979240284603206,0.04516161843633601,0.009615885776012438,0.5341316885032235,0.8775965228827135,0.78,0.2,0.02,1.0
1435,0.8747788761318656,0.9978416267745593,0.04894135081044115,0.005997167572575169,0.5386766939799044,0.877590488616488,0.58,0.08,0.34,1.0
1436,0.8757342490149453,0.997894205757189,0.04605816179306667,0.008229350583879882,0.5341316885032235,0.8775887124045056,0.8,0.14,0.06,1.0
1437,0.9242641584591282,0.9973255083670498,0.08409213340819031,0.014363992845611554,0.5189522386288125,0.8775842502488417,0.56,0.42,0.02,0.5
1438,0.8757534971786816,0.9978764498706859,0.049245509434446416,0.007109446104924055,0.5386766939799044,0.8775778810607829,0.62,0.12,0.26,1.0
1439,0.8759975656218969,0.9978993558625491,0.0487451582332562,0.008221724637272871,0.5386766939799044,0.8775764526253891,0.66,0.16,0.18,1.0
1440,0.8758344052519098,0.9979198963990433,0.045313326608755464,0.009545415124414756,0.5341316885032235,0.8775743139691032,0.76,0.2,0.04,1.0
1441,0.913353371013729,0.9959429446176533,0.06404888261495115,0.005088086572090609,0.4910576463608645,0.8775578815718644,0.02,0.12,0.86,0.25
1442,0.8757339707122335,0.9979021405125403,0.04583597520182758,0.008715019198456637,0.5341316885032235,0.877556794902746,0.8,0.16,0.04,1.0
1443,0.875809403409656,0.9978899838684927,0.04905303743268479,0.007595114719500761,0.5386766939799044,0.877555084987321,0.62,0.14,0.24,1.0
1444,0.9162644628718054,0.9955917493515584,0.09018792574898696,0.007235485099087966,0.5386766939799044,0.8775497736962183,0.34,0.16,0.5,0.5
1445,0.9152407487789052,0.9950369153264291,0.08797635136349598,0.008493313375090222,0.5386766939799044,0.8775459941890794,0.52,0.18,0.3,0.25
1446,0.8738788330687778,0.9978534241089307,0.0480791937761172,0.0061304829291635035,0.5386766939799044,0.8775443481619771,0.48,0.1,0.42,1.0
1447,0.8758427724311774,0.9978838456615228,0.049086068109247066,0.007665585371098439,0.5386766939799044,0.8775405501937579,0.64,0.14,0.22,1.0
1448,0.9163173460541396,0.9953988898828127,0.0899465287000752,0.007613472341650841,0.5386766939799044,0.8775307647471642,0.44,0.16,0.4,0.5
1449,0.9116473921178585,0.9944257295670693,0.08539103843345648,0.006558372536758156,0.5386766939799044,0.8775092611231906,0.52,0.1,0.38,0.25
1450,0.9245559194882228,0.9972996979553034,0.08475374490466948,0.014212797948586403,0.5189522386288125,0.87750724525022,0.52,0.42,0.06,0.5
1451,0.875775953381101,0.9978931278281602,0.04895100063630739,0.00801031268247983,0.5386766939799044,0.8774919235761334,0.6,0.16,0.24,1.0
1452,0.9159934188490917,0.9953971532193773,0.08979780531639364,0.0075378748931382656,0.5386766939799044,0.8774913580734572,0.42,0.16,0.42,0.5
1453,0.8902571324255552,0.9631186133640742,0.08131376754520316,0.01703984554281419,0.6187353393435727,0.8774850696865583,0.46,0.54,0.0,0.0
1454,0.8744844384928416,0.9978385726423109,0.049052074916710105,0.00592669692097749,0.5386766939799044,0.8774838451114589,0.56,0.08,0.36,1.0
1455,0.8752300354774463,0.9978668383368453,0.0495018568394594,0.006482836187151911,0.5386766939799044,0.8774707565778992,0.58,0.1,0.32,1.0
1456,0.8741634984980787,0.9978575262277349,0.04859049980720996,0.006200953580761187,0.5386766939799044,0.8774687372431816,0.5,0.1,0.4,1.0
1457,0.87577018023501,0.9978952836862178,0.04877510469467588,0.008495981297056622,0.5386766939799044,0.8774441341286401,0.6,0.18,0.22,1.0
1458,0.8747353403580126,0.9978616133753027,0.04920587627709008,0.0063418948839565475,0.5386766939799044,0.8774351544963828,0.54,0.1,0.36,1.0
1459,0.8757766180901146,0.997918249563027,0.046085360941487935,0.009130217161435751,0.5341316885032235,0.8774170083671122,0.78,0.18,0.04,1.0
1460,0.9243641925563424,0.9973125432762305,0.08489670997356556,0.014288395397098974,0.5189522386288125,0.877395283479909,0.54,0.42,0.04,0.5
1461,0.9126079092027518,0.995250285389196,0.06414971219971057,0.004133209672903553,0.4910576463608645,0.8773922262557585,0.16,0.06,0.78,0.5
1462,0.9062972848813675,0.9939237739492999,0.05754441687167299,0.0032165364529657433,0.4910576463608645,0.87738928225002,0.16,0.02,0.82,0.25
1463,0.9153326841965306,0.9950616478091466,0.08870214370358566,0.008415152528120199,0.5386766939799044,0.8773834974542161,0.5,0.18,0.32,0.25
1464,0.9169370707191034,0.9964687344439496,0.0684734844190884,0.0053595563611085785,0.4910576463608645,0.8773808957834701,0.1,0.12,0.78,0.5
1465,0.8744531444435616,0.9978580951347225,0.04915627251736364,0.006271424232358867,0.5386766939799044,0.8773783747359133,0.52,0.1,0.38,1.0
1466,0.9133692760381382,0.995481531108358,0.06520357805173044,0.004057612224390979,0.4910576463608645,0.8773663612462571,0.14,0.06,0.8,0.5
1467,0.8749859427373378,0.9978647723062067,0.049671548515953776,0.006412365535554232,0.5386766939799044,0.8773623503135587,0.56,0.1,0.34,1.0
1468,0.9166008683351713,0.996470530992331,0.068249958258653,0.005283958912596003,0.4910576463608645,0.877359920056884,0.08,0.12,0.8,0.5
1469,0.9138614530863681,0.9950594320661429,0.08812232865613875,0.0071738951254104065,0.5386766939799044,0.8773573464989757,0.58,0.12,0.3,0.5
1470,0.8526943655852299,0.9946522743179667,0.047516291613446913,0.022408926030158687,0.6035558894691618,0.8773474453831758,0.0,0.84,0.16,1.0
1471,0.8515982950257126,0.9945816699665767,0.04568199156441864,0.023380263259312254,0.6035558894691618,0.8773430332336285,0.0,0.88,0.12,1.0
1472,0.912071625653797,0.995203664958698,0.06414726822128755,0.0035732325464767224,0.4910576463608645,0.877337048734893,0.14,0.04,0.82,0.5
1473,0.9156419257554024,0.995388020765105,0.0900150955548502,0.007462277444625694,0.5386766939799044,0.8773369630570212,0.4,0.16,0.44,0.5
1474,0.9150547770514219,0.9950879073579885,0.08876109290779353,0.008258830834180149,0.5386766939799044,0.8773183194368829,0.46,0.18,0.36,0.25
1475,0.9172822559581537,0.9964722975982394,0.06901664970921831,0.005435153809621156,0.4910576463608645,0.8773131419645355,0.12,0.12,0.76,0.5
1476,0.9145942831944691,0.9951988741630143,0.08920799454406601,0.007098297676897833,0.5386766939799044,0.8772999743771241,0.56,0.12,0.32,0.5
1477,0.9152864641870408,0.9950749422671692,0.08900510792713154,0.008336991681150171,0.5386766939799044,0.8772998407928913,0.48,0.18,0.34,0.25
1478,0.9113908504413591,0.9951544694755201,0.06359871915264845,0.0036488299949892973,0.4910576463608645,0.8772685951631845,0.16,0.04,0.8,0.5
1479,0.9240334309661533,0.9973037401891616,0.08474879438006819,0.01469717762650067,0.5189522386288125,0.8772556575125534,0.52,0.44,0.04,0.5
1480,0.9157763312656934,0.9964561586052796,0.0678067030626487,0.005208361464083428,0.4910576463608645,0.8772534189823104,0.06,0.12,0.82,0.5
1481,0.9145557623594411,0.9950312262565546,0.08867615830736744,0.007946187446300058,0.5386766939799044,0.8772471484870165,0.38,0.18,0.44,0.25
1482,0.9133645855257361,0.9964624764670876,0.06578171046113371,0.004572786889144007,0.4910576463608645,0.8772422472113907,0.02,0.1,0.88,0.5
1483,0.9176153543018277,0.9964775674734916,0.06961644572729578,0.005510751258133732,0.4910576463608645,0.8772256779110579,0.14,0.12,0.74,0.5
1484,0.912552342487197,0.9952331582946264,0.0646698362766151,0.004208807121416131,0.4910576463608645,0.8772077916019247,0.18,0.06,0.76,0.5
1485,0.8520308258231365,0.9946233199465527,0.046959957137945,0.02289459464473558,0.6035558894691618,0.8772074307736968,0.0,0.86,0.14,1.0
1486,0.9231706753060098,0.9971406135961285,0.08344831789378213,0.015439144636791457,0.5189522386288125,0.8771992066190086,0.46,0.48,0.06,0.5
1487,0.913863051144905,0.9954943165443392,0.0659451743369298,0.004693186799330364,0.4910576463608645,0.8771753172220967,0.18,0.08,0.74,0.5
1488,0.8540603181064718,0.9947200640768923,0.05094183678575589,0.02046625157185174,0.6035558894691618,0.8771675310885623,0.0,0.76,0.24,1.0
1489,0.914299744551239,0.9950287410312936,0.08874811366612162,0.007868026599330032,0.5386766939799044,0.8771648406023126,0.36,0.18,0.46,0.25
1490,0.9077391602390227,0.9944878601985935,0.060309021899230306,0.002937657971537319,0.4910576463608645,0.8771645370983414,0.1,0.02,0.88,0.5
1491,0.8758574434036858,0.9979123209533683,0.04712662248330216,0.009059746509838072,0.5341316885032235,0.8771540162275255,0.76,0.18,0.06,1.0
1492,0.9126178546381859,0.9949564299589414,0.0875099134074545,0.007135038721074046,0.5386766939799044,0.8771532936177563,0.42,0.14,0.44,0.25
1493,0.9139250292367475,0.9950161651926237,0.08873038693566374,0.007384291389746983,0.5386766939799044,0.8771524015273059,0.36,0.16,0.48,0.25
1494,0.9131789910876984,0.9945048974657439,0.08747073576325842,0.007760325496834226,0.5386766939799044,0.8771401516020776,0.58,0.14,0.28,0.25
1495,0.875703178584582,0.9978862111168917,0.05046849679667032,0.007524644067903078,0.5386766939799044,0.877128330516378,0.6,0.14,0.26,1.0
1496,0.9131621689024177,0.9949838572642311,0.08824333846016105,0.007056877874104022,0.5386766939799044,0.8771247124249327,0.4,0.14,0.46,0.25
1497,0.8724173972700647,0.9978955831109481,0.04408207480058535,0.008440762538672923,0.5341316885032235,0.8771217592740304,0.86,0.14,0.0,1.0
1498,0.9133229765129159,0.9945448706672306,0.08743673103500484,0.008165899859447217,0.5386766939799044,0.8771180400279068,0.56,0.16,0.28,0.25
1499,0.8758364858079425,0.9978935470227824,0.047860063541630866,0.008158879932282202,0.5341316885032235,0.8771134598191989,0.78,0.14,0.08,1.0
1500,0.9129010595477152,0.994467140007261,0.0876074458229729,0.007276590287251263,0.5386766939799044,0.8771084093781887,0.58,0.12,0.3,0.25
1501,0.8756097839005841,0.9978761504459557,0.05081750258304946,0.007038975453326371,0.5386766939799044,0.8770952349500034,0.6,0.12,0.28,1.0
1502,0.8870801590423365,0.9627491981031443,0.06779004695758353,0.022109161497674983,0.6035558894691618,0.8770879056355447,0.16,0.8,0.04,0.0
1503,0.9140399909812255,0.9950187701877767,0.08903481179062321,0.007462452236717004,0.5386766939799044,0.8770838101848135,0.38,0.16,0.46,0.25
1504,0.8974228604072413,0.9930822407449688,0.04938835062832954,0.0025912496772055593,0.4910576463608645,0.877079125546771,0.0,0.02,0.98,0.25
1505,0.8725854936771018,0.9979061228614524,0.04412580923995294,0.008855960501652,0.5341316885032235,0.877078110474363,0.84,0.16,0.0,1.0
1506,0.8974348989876715,0.993096403534709,0.04908574260898675,0.0030749848867885573,0.4910576463608645,0.8770754287152124,0.0,0.04,0.96,0.25
1507,0.8758660027949831,0.9979012122958766,0.04776842945595498,0.008574077895261278,0.5341316885032235,0.8770668651218756,0.76,0.16,0.08,1.0
1508,0.9132768323353663,0.9949992177528922,0.08862836783023323,0.006978717027133997,0.5386766939799044,0.8770659517049504,0.38,0.14,0.48,0.25
1509,0.914193483465303,0.9950098173883426,0.0890406857031761,0.007775095624597096,0.5386766939799044,0.8770642914796435,0.46,0.16,0.38,0.25
1510,0.9125489691338977,0.995228876520984,0.0651280572560141,0.004284404569928708,0.4910576463608645,0.877058803213264,0.2,0.06,0.74,0.5
1511,0.9149723971768406,0.9950705706661077,0.0896202626114969,0.008180669987210126,0.5386766939799044,0.8770587331659573,0.44,0.18,0.38,0.25
1512,0.9148892027260664,0.9950728762365305,0.0896006462552133,0.008102509140240107,0.5386766939799044,0.8770554129196686,0.42,0.18,0.4,0.25
1513,0.9161852963563522,0.9964597517020425,0.06853852932196873,0.005768338590510248,0.4910576463608645,0.8770534916257142,0.08,0.14,0.78,0.5
1514,0.9139138341320464,0.9950079310125421,0.08888094741684366,0.007711704905389985,0.5386766939799044,0.8770388825938442,0.32,0.18,0.5,0.25
1515,0.920353070432134,0.9972591259043563,0.08127074135369748,0.015257154752927504,0.5189522386288125,0.8770364157549602,0.54,0.46,0.0,0.5
1516,0.8975146030073943,0.9931138599964817,0.049002757009042774,0.0035587200963715696,0.4910576463608645,0.8770291559311794,0.0,0.06,0.94,0.25
1517,0.913707421748869,0.9949890073695912,0.08876550262566581,0.0076335440584199615,0.5386766939799044,0.8770230628273881,0.3,0.18,0.52,0.25
1518,0.8757731708623825,0.9979020506851212,0.04778207937145018,0.008644548546858958,0.5341316885032235,0.8770211086370838,0.78,0.16,0.06,1.0
1519,0.8759533809618899,0.9979116023340158,0.047740521705674034,0.008989275858240388,0.5341316885032235,0.8770196499596592,0.74,0.18,0.08,1.0
1520,0.9073610489044419,0.9940533949150195,0.059722080680373754,0.003622110815578727,0.4910576463608645,0.8770183987737703,0.14,0.04,0.82,0.25
1521,0.8726603084246339,0.9979168422667949,0.04419008911523419,0.00927115846463111,0.5341316885032235,0.8770005759653687,0.82,0.18,0.0,1.0
1522,0.9140465547323443,0.9950181114533702,0.08913815297627045,0.00778986575236001,0.5386766939799044,0.8769903798336491,0.34,0.18,0.48,0.25
1523,0.8756587300447416,0.9978945351243923,0.05030077258630924,0.008425510645458944,0.5386766939799044,0.8769844662173447,0.58,0.18,0.24,1.0
1524,0.9061216545274897,0.9939243727987603,0.058711656372632745,0.003294697299935763,0.4910576463608645,0.8769842566739687,0.18,0.02,0.8,0.25
1525,0.8877499457463097,0.9627801286777778,0.06915128738383161,0.021706795001850545,0.6035558894691618,0.8769811835696155,0.18,0.78,0.04,0.0
1526,0.8721937828860503,0.997874054472844,0.04462028872071637,0.008025564575693912,0.5341316885032235,0.8769791895450041,0.88,0.12,0.0,1.0
1527,0.9147413795498797,0.9950331425748281,0.08977705905046413,0.00802434829327008,0.5386766939799044,0.8769698361139797,0.4,0.18,0.42,0.25
1528,0.9168829841184404,0.9964666384708379,0.06951006909878209,0.0058439360390228215,0.4910576463608645,0.8769683843563505,0.1,0.14,0.76,0.5
1529,0.9135680053550672,0.9949788568712361,0.08909607613802116,0.007227969695806935,0.5386766939799044,0.8769654468536321,0.32,0.16,0.52,0.25
1530,0.9153895864535484,0.9964571467068893,0.06807306578222559,0.0056927411419976735,0.4910576463608645,0.8769638117834031,0.06,0.14,0.8,0.5
1531,0.9146122166318469,0.9964524457386247,0.06773673886366123,0.0051327640155708525,0.4910576463608645,0.8769389345524443,0.04,0.12,0.84,0.5
1532,0.8727165774498097,0.9979315739635226,0.044202654844446757,0.009686356427610114,0.5341316885032235,0.8769330011317908,0.8,0.2,0.0,1.0
1533,0.9131673964055683,0.9949289876824151,0.08878865332382624,0.007477222364479917,0.5386766939799044,0.8768766367306237,0.26,0.18,0.56,0.25
1534,0.9142448778576915,0.9950132607727403,0.08992328054257359,0.0076187739306570485,0.5386766939799044,0.8768568276042252,0.42,0.16,0.42,0.25
1535,0.907221923877171,0.9940321657016458,0.060075389821203536,0.0037002716625487496,0.4910576463608645,0.8768559012451138,0.16,0.04,0.8,0.25
1536,0.9110912094095934,0.9944283944471684,0.08690644472740586,0.006807625205431124,0.5386766939799044,0.8768557016799488,0.46,0.12,0.42,0.25
1537,0.9134081627338191,0.9949875401884131,0.0890931885201487,0.00755538321144994,0.5386766939799044,0.8768541470521025,0.28,0.18,0.54,0.25
1538,0.9110095442937551,0.9973742547131323,0.08838033224818546,0.019815349250023626,0.5559368418501222,0.8768352845132947,0.08,0.72,0.2,0.5
1539,0.9211084829472752,0.9970949213822943,0.06276552577345022,0.00828095604800022,0.4713331910097728,0.8768302679789637,0.38,0.2,0.42,0.75
1540,0.9134935990270242,0.9949158878504673,0.08897008952655786,0.007931417318537144,0.5386766939799044,0.8768293421294732,0.5,0.16,0.34,0.25
1541,0.9140655879311433,0.9950070926232975,0.089887578284404,0.007540613083687027,0.5386766939799044,0.8768280490674002,0.4,0.16,0.44,0.25
1542,0.9103047902858091,0.9950783557090939,0.06390899398142343,0.0037244274435018748,0.4910576463608645,0.8768267141704957,0.18,0.04,0.78,0.5
1543,0.9142908359547153,0.9950250581071117,0.09004336975927028,0.007696934777627074,0.5386766939799044,0.8768221020406154,0.44,0.16,0.4,0.25
1544,0.9207862923908877,0.9970833635877071,0.06251251795051262,0.008207921997945093,0.4713331910097728,0.876819486579162,0.36,0.2,0.44,0.75
1545,0.9138086774121652,0.9950003256243941,0.08946101578381019,0.007853256471567118,0.5386766939799044,0.8768105121051425,0.48,0.16,0.36,0.25
1546,0.8755032949630464,0.9978899838684927,0.05080205122650034,0.008355039993861264,0.5386766939799044,0.8768066086931093,0.56,0.18,0.26,1.0
1547,0.9200904124979329,0.9970776595465961,0.061941707638875305,0.008061853897834833,0.4713331910097728,0.8768037816663085,0.32,0.2,0.48,0.75
1548,0.9225187483442391,0.9975664255049985,0.0840936954781453,0.01584792686619312,0.5189522386288125,0.8767995272628354,0.44,0.5,0.06,0.5
1549,0.9129405277567272,0.9945060951646649,0.08850795277415993,0.007682164649864203,0.5386766939799044,0.8767851468594277,0.56,0.14,0.3,0.25
1550,0.8756690293430005,0.9978983378184663,0.051342869867666126,0.00793984203088215,0.5386766939799044,0.8767845744178614,0.58,0.16,0.26,1.0
1551,0.9105721105902432,0.997357367158347,0.08815597160200477,0.019739751801511052,0.5559368418501222,0.876781377557049,0.06,0.72,0.22,0.5
1552,0.9123038246110521,0.9952104619000745,0.0657822363868985,0.0043600020184412815,0.4910576463608645,0.8767786219759756,0.22,0.06,0.72,0.5
1553,0.922481722496525,0.9975457651986122,0.08429677122113952,0.015621134520655392,0.5189522386288125,0.8767720836582023,0.38,0.5,0.12,0.5
1554,0.9122823500217002,0.9944760628642221,0.08824527940244065,0.0071202685933112195,0.5386766939799044,0.8767713594193144,0.54,0.12,0.34,0.25
1555,0.8738864917558049,0.9978608498422405,0.05049592891943438,0.006545680892142605,0.5386766939799044,0.8767673976742048,0.46,0.12,0.42,1.0
1556,0.9204704283852755,0.9970848607113583,0.06242021284875677,0.008134887947889965,0.4713331910097728,0.8767661923785472,0.34,0.2,0.46,0.75
1557,0.9113796276679362,0.9944257295670693,0.08751257906042564,0.006885786052401152,0.5386766939799044,0.8767513018567707,0.48,0.12,0.4,0.25
1558,0.8734364480387898,0.9978966909824499,0.04950890102808209,0.017018978458037962,0.5513918363734412,0.8767351686247977,0.4,0.56,0.04,1.0
1559,0.9071607342517886,0.9940353096613131,0.06042986380115745,0.0037784325095187735,0.4910576463608645,0.8767201042114544,0.18,0.04,0.78,0.25
1560,0.9117270268976594,0.9944452820019537,0.08799489658146337,0.006963946899371172,0.5386766939799044,0.8767036549023794,0.5,0.12,0.38,0.25
1561,0.9225884729425483,0.9975505859367689,0.08460961629929686,0.015696731969167977,0.5189522386288125,0.8766994444044653,0.4,0.5,0.1,0.5
1562,0.8723457949090776,0.9978053065547816,0.04966914720569222,0.01867977030995415,0.5559368418501222,0.8766976201997008,0.32,0.64,0.04,1.0
1563,0.9126117713420904,0.9944676490293024,0.0888377660918454,0.007198429440281242,0.5386766939799044,0.8766823360490801,0.56,0.12,0.32,0.25
1564,0.9118908548843153,0.994744976214448,0.08816907555978147,0.007291360415014087,0.5386766939799044,0.8766820172974723,0.46,0.14,0.4,0.25
1565,0.9060086023993862,0.9939197317154417,0.05958957907808065,0.0033728581469057873,0.4910576463608645,0.8766806977569591,0.2,0.02,0.78,0.25
1566,0.8730679670396609,0.9978810310690586,0.04897427423837213,0.017504647072614676,0.5513918363734412,0.8766794022987832,0.4,0.58,0.02,1.0
1567,0.9118836070648225,0.9947346760037279,0.0882302429940381,0.007213199568044067,0.5386766939799044,0.8766762808985973,0.44,0.14,0.42,0.25
1568,0.8733285517636625,0.9978973497168565,0.04955347163292102,0.01708944910963564,0.5513918363734412,0.8766759440639869,0.42,0.56,0.02,1.0
1569,0.9073660938318291,0.9944503722223678,0.06155147042069498,0.003013255420049893,0.4910576463608645,0.8766733796259516,0.12,0.02,0.86,0.5
1570,0.9131206118090066,0.9952740597127768,0.0666957845057681,0.004844381696355514,0.4910576463608645,0.8766727276035431,0.22,0.08,0.7,0.5
1571,0.914880624785223,0.996447834597779,0.06825695338305673,0.006177120819911907,0.4910576463608645,0.8766597917849961,0.06,0.16,0.78,0.5
1572,0.8741526947916152,0.9978623170234188,0.05112502170930682,0.006616151543740289,0.5386766939799044,0.8766518667221633,0.48,0.12,0.4,1.0
1573,0.8736027355342085,0.9978580651922494,0.050671289565465544,0.006475210240544925,0.5386766939799044,0.8766453488536674,0.44,0.12,0.44,1.0
1574,0.9223264358350136,0.9975406150932521,0.08464175805589741,0.015545537072142832,0.5189522386288125,0.8766403024745119,0.36,0.5,0.14,0.5
1575,0.8737388194004406,0.9979127102055176,0.05046923876754421,0.01660378049505891,0.5513918363734412,0.8766342276104888,0.42,0.54,0.04,1.0
1576,0.9137994278255526,0.9949830188749864,0.09047076080267319,0.00730613054277696,0.5386766939799044,0.8766232155762503,0.34,0.16,0.5,0.25
1577,0.9128858332074768,0.9952695383993503,0.0667003822688209,0.0047687842478429405,0.4910576463608645,0.8766154086817814,0.2,0.08,0.72,0.5
1578,0.9121315270758862,0.9945035201119848,0.08844736789671998,0.007447682108954134,0.5386766939799044,0.8766064380059025,0.5,0.14,0.36,0.25
1579,0.9130411331645287,0.9945406487785342,0.088988480589493,0.008087739012477191,0.5386766939799044,0.8766007456320879,0.54,0.16,0.3,0.25
1580,0.873342560879052,0.9978544720954865,0.050613535242166545,0.006404739588947246,0.5386766939799044,0.8765975159980882,0.42,0.12,0.46,1.0
1581,0.9118287537666262,0.9944867822695646,0.08824693878972784,0.007369521261984113,0.5386766939799044,0.8765865591218969,0.48,0.14,0.38,0.25
1582,0.8724083620869791,0.9977986293832973,0.05017074357883454,0.018609299658356473,0.5559368418501222,0.876584752787656,0.3,0.64,0.06,1.0
1583,0.8754093710485406,0.9978707308583384,0.05242819352104344,0.006968504801728691,0.5386766939799044,0.8765836451208375,0.58,0.12,0.3,1.0
1584,0.9120383161884703,0.994465702768556,0.08873507278368442,0.007042107746341193,0.5386766939799044,0.8765709029279534,0.52,0.12,0.36,0.25
1585,0.9142732062880362,0.9964571467068893,0.06833425364495585,0.005617143693485097,0.4910576463608645,0.8765686543365917,0.04,0.14,0.82,0.5
1586,0.8744271884562418,0.9978660598325467,0.051659126521490586,0.006686622195337969,0.5386766939799044,0.8765665720398306,0.5,0.12,0.38,1.0
1587,0.9123700884789242,0.9945183715786046,0.08880015603231942,0.007525842955924156,0.5386766939799044,0.87656280883867,0.52,0.14,0.34,0.25
1588,0.8749165360285601,0.9978651915008291,0.05209926731336367,0.00682756349853333,0.5386766939799044,0.8765580600135837,0.54,0.12,0.34,1.0
1589,0.9174884247812909,0.9982384543695425,0.07167157335290565,0.016599400584228863,0.5037727887544016,0.8765482890963439,0.4,0.54,0.06,0.75
1590,0.9126567513070559,0.9945102272259422,0.08909257008964042,0.0076040038028941815,0.5386766939799044,0.8765475810027396,0.54,0.14,0.32,0.25
1591,0.9119829732779439,0.9951877655055226,0.06619511194518665,0.004435599466953858,0.4910576463608645,0.8765447119230683,0.24,0.06,0.7,0.5
1592,0.9101059258967334,0.9973439529304324,0.08862340750503891,0.019664154352998474,0.5559368418501222,0.8765197560126632,0.04,0.72,0.24,0.5
1593,0.8736206054573415,0.9978634248949206,0.050848828207637024,0.006890408203523953,0.5386766939799044,0.8765172473696868,0.42,0.14,0.44,1.0
1594,0.9070245246743485,0.9944049195483178,0.0616673216990068,0.0030888528685624693,0.4910576463608645,0.8765155438749572,0.14,0.02,0.84,0.5
1595,0.9130985416253606,0.9948086339120964,0.08956758207617024,0.00800957816550717,0.5386766939799044,0.8765067047411655,0.52,0.16,0.32,0.25
1596,0.9115870574488695,0.9951481216712391,0.06588525269727295,0.004511196915466435,0.4910576463608645,0.8764942775895688,0.26,0.06,0.68,0.5
1597,0.8717857615316624,0.9977347321458647,0.049346267964029716,0.019369224932717012,0.5559368418501222,0.8764742963567367,0.24,0.68,0.08,1.0
1598,0.8755538180752716,0.997882797674967,0.052676908062927984,0.007454173416305397,0.5386766939799044,0.876459891681201,0.58,0.14,0.28,1.0
1599,0.8729560816986423,0.9978559692191378,0.049369904502944095,0.017849374383996152,0.5513918363734412,0.8764589771925685,0.36,0.6,0.04,1.0
1600,0.8863004052253788,0.9627258729166589,0.06891215154663118,0.022511527993499175,0.6035558894691618,0.8764462364681241,0.14,0.82,0.04,0.0
1601,0.8720652299081645,0.997777969076911,0.04995473696208579,0.019094968272933357,0.5559368418501222,0.8764439067000949,0.3,0.66,0.04,1.0
1602,0.8746626639730481,0.9978698625266207,0.05230927090766218,0.006757092846935646,0.5386766939799044,0.8764360989523058,0.52,0.12,0.36,1.0
1603,0.873225458730621,0.9978769588927273,0.05010448067441156,0.017434176421016998,0.5513918363734412,0.87641402446585,0.38,0.58,0.04,1.0
1604,0.8743408595326594,0.997874054472844,0.05181753986426469,0.007101820158316996,0.5386766939799044,0.8764131245373985,0.48,0.14,0.38,1.0
1605,0.8716098828927531,0.997746319882925,0.049785217372008146,0.018813085666542623,0.5559368418501222,0.8764078447520394,0.22,0.66,0.12,1.0
1606,0.874594470333815,0.9978776475696068,0.0520741026065528,0.007172290809914674,0.5386766939799044,0.8764016242527449,0.5,0.14,0.36,1.0
1607,0.8727996286055425,0.9978604306476183,0.04937585074391842,0.01791984503559382,0.5513918363734412,0.8763969006261179,0.38,0.6,0.02,1.0
1608,0.875306535256515,0.9978855224400122,0.05207474552157003,0.008284569342263582,0.5386766939799044,0.8763937837475845,0.54,0.18,0.28,1.0
1609,0.8716162436620608,0.9977288634211521,0.04949853462043359,0.019298754281119334,0.5559368418501222,0.8763927199474515,0.22,0.68,0.1,1.0
1610,0.8735856184122166,0.9979121712410032,0.051098783801698563,0.016674251146656594,0.5513918363734412,0.8763924440392667,0.44,0.54,0.02,1.0
1611,0.8755036550259799,0.9978946548942843,0.05260776975782351,0.00786937137928447,0.5386766939799044,0.8763835308546972,0.56,0.16,0.28,1.0
1612,0.8751780654765148,0.9978680060932933,0.052961154558542556,0.006898034150131011,0.5386766939799044,0.8763741588156352,0.56,0.12,0.32,1.0
1613,0.9195813412360353,0.9970565650743509,0.06294877537569465,0.007988819847779712,0.4713331910097728,0.8763719246009636,0.3,0.2,0.5,0.75
1614,0.8722496282808997,0.9977834784919474,0.050854842674115566,0.018468358355161106,0.5559368418501222,0.8763656589983211,0.26,0.64,0.1,1.0
1615,0.9129242277948065,0.9964582845208643,0.06802856920250959,0.005057166567058278,0.4910576463608645,0.8763643287718432,0.02,0.12,0.86,0.5
1616,0.8733538094418644,0.9978574064578428,0.05118576147112684,0.006819937551926277,0.5386766939799044,0.876353181540132,0.4,0.14,0.46,1.0
1617,0.8741239564356402,0.9978719884422054,0.05186839165225128,0.007031349506719314,0.5386766939799044,0.8763471651095467,0.46,0.14,0.4,1.0
1618,0.8711436974721422,0.9977215125440247,0.04924487395692744,0.019228283629521652,0.5559368418501222,0.876337138585488,0.2,0.68,0.12,1.0
1619,0.9093030344552553,0.9973381141481927,0.08850637244114162,0.0195885569044859,0.5559368418501222,0.8763269014338454,0.02,0.72,0.26,0.5
1620,0.9140535292034627,0.9964382829488845,0.068603455886136,0.00610152337139933,0.4910576463608645,0.8763253703642667,0.04,0.16,0.8,0.5
1621,0.8738801868623681,0.9978694433319985,0.05175163470234634,0.006960878855121632,0.5386766939799044,0.876321435535877,0.44,0.14,0.42,1.0
1622,0.8945698013251561,0.9936921988629346,0.04946034431797573,0.00252809178074332,0.4910576463608645,0.8763065601313272,0.0,0.02,0.98,0.75
1623,0.8945770507274637,0.993695163167764,0.04916555470586281,0.0030131159269888106,0.4910576463608645,0.876297233070795,0.0,0.04,0.96,0.75
1624,0.874847845130922,0.9978783961314325,0.05273130653004933,0.0072427614615123564,0.5386766939799044,0.876274025877575,0.52,0.14,0.34,1.0
1625,0.9170584688387816,0.9982244412921675,0.0718869067884655,0.01701139068041922,0.5037727887544016,0.8762726702368226,0.38,0.56,0.06,0.75
1626,0.8946797487125104,0.9937024391887087,0.04908350836820357,0.00349814007323432,0.4910576463608645,0.8762558026090944,0.0,0.06,0.94,0.75
1627,0.9068660561231487,0.9943952780720041,0.0623471071189791,0.0031644503170750442,0.4910576463608645,0.8762552929875952,0.16,0.02,0.82,0.5
1628,0.875102924807784,0.9978793542905693,0.053021152466111374,0.007313232113110037,0.5386766939799044,0.8762529675152689,0.54,0.14,0.32,1.0
1629,0.9089797047989299,0.9973121839665543,0.0881330402821367,0.0200729365824001,0.5559368418501222,0.8762368579649992,0.02,0.74,0.24,0.5
1630,0.8719655117553226,0.9977532964791395,0.05071861766316698,0.01888355631814031,0.5559368418501222,0.8762321633756791,0.24,0.66,0.1,1.0
1631,0.8723371607741361,0.9977915030747176,0.05136532683683521,0.018538829006758788,0.5559368418501222,0.8762317337093865,0.28,0.64,0.08,1.0
1632,0.8753665579513752,0.9978810610115316,0.0533620641834021,0.007383702764707718,0.5386766939799044,0.8762198530073879,0.56,0.14,0.3,1.0
1633,0.9155009416474023,0.998179737179943,0.06988236461550071,0.017835370872800023,0.5037727887544016,0.8762122990345369,0.34,0.6,0.06,0.75
1634,0.875079452407457,0.9978817197459381,0.05252712363562857,0.008214098690665902,0.5386766939799044,0.8762086538867238,0.52,0.18,0.3,1.0
1635,0.916245557104997,0.9982022838621298,0.07114441518279628,0.017423380776609567,0.5037727887544016,0.8761573128744237,0.36,0.58,0.06,0.75
1636,0.8747780093387318,0.9978835462367925,0.05279126544280325,0.0076579594244914236,0.5386766939799044,0.8761535075779087,0.5,0.16,0.34,1.0
1637,0.8720915484407218,0.9977707229984393,0.05105873593782673,0.019024497621335672,0.5559368418501222,0.8761462627089213,0.28,0.66,0.06,1.0
1638,0.9060615844620313,0.993931409279921,0.06144919448117155,0.003451018993875809,0.4910576463608645,0.8761461402570305,0.22,0.02,0.76,0.25
1639,0.9154734143085133,0.9981712934025504,0.07017641034759906,0.01776233682274489,0.5037727887544016,0.8761325374123737,0.32,0.6,0.08,0.75
1640,0.874234154428163,0.9978688145400649,0.05240580517331512,0.007517018121296063,0.5386766939799044,0.8761275499347181,0.46,0.16,0.38,1.0
1641,0.8883420969953079,0.9628111490798303,0.07305848368716264,0.021304428506026304,0.6035558894691618,0.8761165767576686,0.2,0.76,0.04,0.0
1642,0.9191736591316367,0.9970489297437298,0.0634605337158139,0.007915785797724584,0.4713331910097728,0.8761154192361773,0.28,0.2,0.52,0.75
1643,0.9168301717729291,0.9982171353287497,0.07224376153114484,0.016938356630364096,0.5037727887544016,0.8761147255190491,0.36,0.56,0.08,0.75
1644,0.8731247875754795,0.9978514479057111,0.05182282299477,0.006749466900328601,0.5386766939799044,0.8761138582275362,0.38,0.14,0.48,1.0
1645,0.921063662819954,0.9971734305465624,0.06502021570225489,0.008619912094135478,0.4713331910097728,0.8761102411103747,0.34,0.22,0.44,0.75
1646,0.8946897451767949,0.9937086672230976,0.04927063409703713,0.003983164219479803,0.4910576463608645,0.8761087378520869,0.0,0.08,0.92,0.75
1647,0.8745147235540639,0.9978757611938064,0.05273866543075688,0.007587488772893743,0.5386766939799044,0.8761026253716859,0.48,0.16,0.36,1.0
1648,0.8748063711177022,0.9978754318266031,0.05266918742376477,0.00814362803906822,0.5386766939799044,0.8760988894976898,0.5,0.18,0.32,1.0
1649,0.8720547675488526,0.9977624588758847,0.051275158404803026,0.01895402696973799,0.5559368418501222,0.8760856366293281,0.26,0.66,0.08,1.0
1650,0.8752877638941294,0.9978907324303182,0.05351260810615965,0.007798900727686789,0.5386766939799044,0.8760711881162766,0.54,0.16,0.3,1.0
1651,0.9125109937041113,0.9964497209735795,0.06829023668527097,0.005541546244972521,0.4910576463608645,0.8760666968010108,0.02,0.14,0.84,0.5
1652,0.8742656063565438,0.9978675868986709,0.0523647671069691,0.008002686735872856,0.5386766939799044,0.8760515087270688,0.46,0.18,0.36,1.0
1653,0.917914407907749,0.9982487246377897,0.07424984616054418,0.016041342387928197,0.5037727887544016,0.8760453039350506,0.38,0.52,0.1,0.75
1654,0.8729861472693478,0.9978393810890827,0.05162716662081649,0.007164664863307658,0.5386766939799044,0.8760438710166908,0.36,0.16,0.48,1.0
1655,0.8725476840196353,0.997837404885863,0.05005111330683253,0.01833504299857285,0.5513918363734412,0.876039984203324,0.36,0.62,0.02,1.0
1656,0.8732286302040284,0.9978465972250813,0.05187897152776834,0.007235135514905337,0.5386766939799044,0.8760309486490692,0.38,0.16,0.46,1.0
1657,0.9205841962531636,0.9971638190127218,0.06486063918209177,0.008546878044080348,0.4713331910097728,0.8760256102711288,0.32,0.22,0.46,0.75
1658,0.9160572125425378,0.9981943491067786,0.07149483246099685,0.01735034672655444,0.5037727887544016,0.876013117048494,0.34,0.58,0.08,0.75
1659,0.9177990059253942,0.9982459100453254,0.07432098167577686,0.015968308337873074,0.5037727887544016,0.8760043425904742,0.36,0.52,0.12,0.75
1660,0.8727211648733183,0.9978399799385431,0.05189439274457882,0.006608525597133242,0.5386766939799044,0.8759985888178263,0.34,0.14,0.52,1.0
1661,0.8745279998907453,0.9978717189599482,0.052811513032829605,0.008073157387470536,0.5386766939799044,0.875987848839846,0.48,0.18,0.34,1.0
1662,0.9255220776421339,0.9971018081510897,0.07804988214017626,0.00847945255639128,0.48651264088418383,0.875982464555533,0.7,0.16,0.14,0.75
1663,0.8726498482455137,0.9978325542052332,0.05040955520937722,0.018264572346975167,0.5513918363734412,0.8759805755282628,0.34,0.62,0.04,1.0
1664,0.9258360184770028,0.9972081039303239,0.0781630807499057,0.008891442652581702,0.48651264088418383,0.8759775309390622,0.68,0.18,0.14,0.75
1665,0.8729302044804875,0.9978475553842181,0.05223143147929544,0.0066789962487309165,0.5386766939799044,0.8759510940642762,0.36,0.14,0.5,1.0
1666,0.9175688053501585,0.9982406102276002,0.07432738855709022,0.015895274287817947,0.5037727887544016,0.875947245620076,0.34,0.52,0.14,0.75
1667,0.87315316858584,0.9978422555664929,0.05182091722801595,0.0076503334778844495,0.5386766939799044,0.8759413702522995,0.36,0.18,0.46,1.0
1668,0.9204944093316644,0.9971951388395046,0.06480297130940053,0.008958868140270743,0.4713331910097728,0.8759376135802485,0.3,0.24,0.46,0.75
1669,0.9081269840801462,0.9945057957399347,0.06437862810327943,0.003800024892014451,0.4910576463608645,0.8759368610599938,0.2,0.04,0.76,0.5
1670,0.9258138499142854,0.9972148709292272,0.07819495260623871,0.009037510752691958,0.48651264088418383,0.8759334855262453,0.72,0.18,0.1,0.75
1671,0.8733717634185326,0.9978479745788404,0.05203968840651198,0.007720804129482133,0.5386766939799044,0.8759305884047788,0.38,0.18,0.44,1.0
1672,0.9255193947045163,0.9971030956774297,0.07818820630556998,0.008552486606446408,0.48651264088418383,0.8759273340756978,0.72,0.16,0.12,0.75
1673,0.8705687173499498,0.9977119758663667,0.0501270716878247,0.01915781297792397,0.5559368418501222,0.8759227597192114,0.18,0.68,0.14,1.0
1674,0.8750468367670631,0.9978850733029168,0.05383176541998048,0.007728430076089108,0.5386766939799044,0.8759200659045835,0.52,0.16,0.32,1.0
1675,0.9200568822173362,0.9971872939115723,0.06450746829330756,0.008885834090215613,0.4713331910097728,0.8759050496639481,0.28,0.24,0.48,0.75
1676,0.9187190581909573,0.9970340782771101,0.06378535821028085,0.007842751747669454,0.4713331910097728,0.8758976935065261,0.26,0.2,0.54,0.75
1677,0.9178975136805197,0.9956716059271126,0.08279587187837158,0.013892561527473235,0.5189522386288125,0.8758944797290491,0.54,0.4,0.06,0.25
1678,0.8740336614755303,0.9978627362180411,0.05273276956380775,0.007932216084275176,0.5386766939799044,0.8758891087270867,0.44,0.18,0.38,1.0
1679,0.8739932190818122,0.9978627062755681,0.05302891385745542,0.007446547469698381,0.5386766939799044,0.875888656059749,0.44,0.16,0.4,1.0
1680,0.8734674207425369,0.997852555777213,0.05260085129405431,0.007305606166503019,0.5386766939799044,0.875881094991334,0.4,0.16,0.44,1.0
1681,0.8891286108617155,0.9628514217060472,0.07303052672515722,0.02033824702352295,0.5990108839924809,0.8758781239606106,0.2,0.72,0.08,0.0
1682,0.9153521155130394,0.9981639874391326,0.07099068395606198,0.017689302772689756,0.5037727887544016,0.8758747089898588,0.3,0.6,0.1,0.75
1683,0.9195862751729361,0.9970962687935804,0.06443367249963378,0.008400809943970092,0.4713331910097728,0.8758685115772927,0.28,0.22,0.5,0.75
1684,0.8700555411133959,0.997685716317525,0.049480340265755554,0.01957301094090295,0.5559368418501222,0.8758684355664045,0.16,0.7,0.14,1.0
1685,0.920234318872071,0.997153878111678,0.06508896438758108,0.008473843994025222,0.4713331910097728,0.8758678820033217,0.3,0.22,0.48,0.75
1686,0.8735962087156642,0.9978506394589395,0.05247293895344737,0.007791274781079814,0.5386766939799044,0.8758592179125083,0.4,0.18,0.42,1.0
1687,0.9248239510660833,0.9970317128217412,0.0779026679413491,0.008213530560311155,0.48651264088418383,0.8758581737214507,0.76,0.14,0.1,0.75
1688,0.8710834468271472,0.997741349432403,0.05118998607342918,0.018742615014944942,0.5559368418501222,0.8758579319272717,0.2,0.66,0.14,1.0
1689,0.8738053967405263,0.9978566279535442,0.05265032205144758,0.007861745432677496,0.5386766939799044,0.8758575965206735,0.42,0.18,0.4,1.0
1690,0.9174935964195706,0.9982364482238499,0.07412662125127518,0.016526366534173734,0.5037727887544016,0.8758557693903603,0.38,0.54,0.08,0.75
1691,0.8737392233399249,0.9978595323734275,0.05294890711758837,0.007376076818100699,0.5386766939799044,0.8758491604475501,0.42,0.16,0.42,1.0
1692,0.8893423660042171,0.9628620213414977,0.07332268516378605,0.020418971268950436,0.5990108839924809,0.8758433964934805,0.22,0.72,0.06,0.0
1693,0.9066750116005305,0.9943730607570206,0.06352032871466586,0.00324004776558762,0.4910576463608645,0.8758410073482674,0.18,0.02,0.8,0.5
1694,0.925843568896368,0.9972075649658094,0.07860297548561981,0.008964476702636826,0.48651264088418383,0.8758381816194379,0.7,0.18,0.12,0.75
1695,0.8874012891276022,0.9627619835391255,0.07280827254346584,0.02162607075642307,0.6035558894691618,0.8758348267914091,0.16,0.78,0.06,0.0
1696,0.919653416362341,0.9971829522529839,0.06440780249743333,0.008812800040160483,0.4713331910097728,0.8758267229385632,0.26,0.24,0.5,0.75
1697,0.8881145258780311,0.962798094161592,0.07388191162099428,0.021223704260598844,0.6035558894691618,0.8758249009545017,0.18,0.76,0.06,0.0
1698,0.9150197263615986,0.9981535375160473,0.07046509821915256,0.01824736096899034,0.5037727887544016,0.8758134651039438,0.32,0.62,0.06,0.75
1699,0.912247090149309,0.9964373547322207,0.06856373260909837,0.006025925922886756,0.4910576463608645,0.8758098806201815,0.02,0.16,0.82,0.5
1700,0.8728951789979886,0.9978354885675895,0.0521113036085007,0.00757986282628677,0.5386766939799044,0.8757932646582147,0.34,0.18,0.48,1.0
1701,0.8856352867306375,0.9627053024376916,0.07053245638640292,0.02243080374807173,0.6035558894691618,0.8757922390455288,0.12,0.82,0.06,0.0
1702,0.8887717334988979,0.9628316297313786,0.07261302448763993,0.020821337764774652,0.5990108839924809,0.8757919394888399,0.2,0.74,0.06,0.0
1703,0.9080697461880666,0.9945046279834867,0.06481937675547329,0.0038756223405270237,0.4910576463608645,0.8757772218602404,0.22,0.04,0.74,0.5
1704,0.9178803736009261,0.9956783130410698,0.0831384681421381,0.013970722374443257,0.5189522386288125,0.875775859216718,0.56,0.4,0.04,0.25
1705,0.8695798721138395,0.9978650118459909,0.0481379907045042,0.017990315687191512,0.5513918363734412,0.8757747376360789,0.4,0.6,0.0,1.0
1706,0.9158336831767885,0.9981887498643232,0.07214007822213139,0.01727731267649931,0.5037727887544016,0.8757736465904633,0.32,0.58,0.1,0.75
1707,0.925514318322081,0.9970967179306757,0.07881653614333127,0.008406418506336154,0.48651264088418383,0.8757727704507801,0.68,0.16,0.16,0.75
1708,0.9173878931612711,0.9982316873706392,0.07435830118210342,0.01645333248411861,0.5037727887544016,0.875771102397444,0.36,0.54,0.1,0.75
1709,0.9183550876658624,0.9970224905400499,0.0639278589127071,0.007769717697614326,0.4713331910097728,0.875760253987107,0.24,0.2,0.56,0.75
1710,0.8846262526361203,0.9626789680326673,0.06931856928919704,0.022833170243895955,0.6035558894691618,0.8757553591363229,0.1,0.84,0.06,0.0
1711,0.924916081852585,0.9969792236665307,0.07851031566836511,0.007994428410145776,0.48651264088418383,0.8757464299416782,0.7,0.14,0.16,0.75
1712,0.9065536864257085,0.9943591375070645,0.06366258066801962,0.0033156452141001936,0.4910576463608645,0.8757463565810928,0.2,0.02,0.78,0.5
1713,0.9178884234069076,0.9970184483061917,0.06355784887090855,0.007696683647559197,0.4713331910097728,0.8757410175148291,0.22,0.2,0.58,0.75
1714,0.9170751436652035,0.9982359392018085,0.0746112602299471,0.015822240237762814,0.5037727887544016,0.8757311452197958,0.32,0.52,0.16,0.75
1715,0.8698417668699482,0.9978851032453898,0.04889107058763022,0.017575117724212348,0.5513918363734412,0.8757220664428613,0.42,0.58,0.0,1.0
1716,0.9249324602518002,0.9969959315664779,0.07857174026477674,0.008067462460200904,0.48651264088418383,0.8757215194442973,0.72,0.14,0.14,0.75
1717,0.8896994911134141,0.9628793580333783,0.07447072209768704,0.019935880527698523,0.5990108839924809,0.8757184992400127,0.22,0.7,0.08,0.0
1718,0.9184394678311326,0.9955488417877153,0.08451819671617368,0.01308141280224735,0.5189522386288125,0.875703923197909,0.58,0.36,0.06,0.25
1719,0.9249314952871747,0.9970140767051303,0.07859729558700297,0.008140496510256029,0.48651264088418383,0.8757019712083676,0.74,0.14,0.12,0.75
1720,0.8701690186467103,0.9979026794770547,0.0495983643271284,0.017159919761233322,0.5513918363734412,0.8757018361691503,0.44,0.56,0.0,1.0
1721,0.8899221878251939,0.9629034916666355,0.07466756933154689,0.02009732901855346,0.5990108839924809,0.8756998404947439,0.26,0.7,0.04,0.0
1722,0.9173492833765204,0.9970111722852469,0.06320861285420443,0.00762364959750407,0.4713331910097728,0.8756935591264621,0.2,0.2,0.6,0.75
1723,0.9149367370059854,0.9981447943139243,0.07091709152030093,0.018174326918935207,0.5037727887544016,0.8756714459281361,0.3,0.62,0.08,0.75
1724,0.9178337759272802,0.9968881985485386,0.06398048372939333,0.007284693551368872,0.4713331910097728,0.8756655371836425,0.24,0.18,0.58,0.75
1725,0.908070576183235,0.9944585465175032,0.06505591720621798,0.004102414686064753,0.4910576463608645,0.875656949022734,0.28,0.04,0.68,0.5
1726,0.887551465949347,0.9627792004611141,0.07392725048874603,0.021142980015171373,0.6035558894691618,0.8756562117379771,0.16,0.76,0.08,0.0
1727,0.9081475401494244,0.994464564954581,0.06510549020716395,0.004178012134577327,0.4910576463608645,0.8756515177439247,0.3,0.04,0.66,0.5
1728,0.8726929738118868,0.9978395008589747,0.05249323787180214,0.007438921523091407,0.5386766939799044,0.8756511902732088,0.3,0.18,0.52,1.0
1729,0.872558365091231,0.9978243200251516,0.05266483640991485,0.007023723560112296,0.5386766939799044,0.8756420572525427,0.32,0.16,0.52,1.0
1730,0.9167885792063819,0.9970045849411817,0.0628821726372739,0.007550615547448943,0.4713331910097728,0.8756331573202442,0.18,0.2,0.62,0.75
1731,0.9080011040742895,0.9944838479072082,0.06519981791323695,0.003951219789039602,0.4910576463608645,0.8756286206106318,0.24,0.04,0.72,0.5
1732,0.9171072602388911,0.9982252497389391,0.0746237559807745,0.01638029843406348,0.5037727887544016,0.8756239596216615,0.34,0.54,0.12,0.75
1733,0.9065933372736186,0.9943526399904185,0.0640746442579508,0.0033912426626127676,0.4910576463608645,0.8756232612987215,0.22,0.02,0.76,0.5
1734,0.8728054460570193,0.99784737572938,0.052665484881422316,0.007509392174689087,0.5386766939799044,0.8756223190656724,0.32,0.18,0.5,1.0
1735,0.9071640696861113,0.9943450346022704,0.06443092789276793,0.0038448273536882257,0.4910576463608645,0.8755998215494118,0.34,0.02,0.64,0.5
1736,0.8705456943340375,0.9977311989340479,0.05157593528185188,0.018672144363347257,0.5559368418501222,0.8755978163330997,0.18,0.66,0.16,1.0
1737,0.9190798735161358,0.997179179501383,0.06467735034454232,0.00873976599010535,0.4713331910097728,0.8755909259135112,0.24,0.24,0.52,0.75
1738,0.9157879002167328,0.9981824020600422,0.07279374749393694,0.017204278626444188,0.5037727887544016,0.8755849572584524,0.3,0.58,0.12,0.75
1739,0.8723097903809389,0.997819095063609,0.05269989466003448,0.006953252908514613,0.5386766939799044,0.8755706795528252,0.3,0.16,0.54,1.0
1740,0.9191507882367062,0.9970924361570332,0.06506224287734395,0.008327775893914964,0.4713331910097728,0.8755705303375982,0.26,0.22,0.52,0.75
1741,0.8727689689008705,0.9978321948955569,0.05310060018154279,0.0070941942117099775,0.5386766939799044,0.8755665906492105,0.34,0.16,0.5,1.0
1742,0.9254054115986902,0.997111000490308,0.07927457870158951,0.008625520656501538,0.48651264088418383,0.8755662572422116,0.74,0.16,0.1,0.75
1743,0.9194556381704924,0.9982283338136605,0.06533494378549416,0.009297824186405948,0.4713331910097728,0.8755596754581633,0.26,0.26,0.48,0.75
1744,0.9073374068610008,0.9943613233075953,0.06471044071481863,0.0039204248022008,0.4910576463608645,0.8755584961655275,0.36,0.02,0.62,0.5
1745,0.8883886778059578,0.9628169279771239,0.0730746721438632,0.02074061351934719,0.5990108839924809,0.875557759010051,0.18,0.74,0.08,0.0
1746,0.9144138780065673,0.998125361648932,0.07044576443441031,0.01865935106518063,0.5037727887544016,0.875550664749203,0.3,0.64,0.06,0.75
1747,0.9069835667743025,0.9943444058103369,0.06452850490684828,0.0037692299051756487,0.4910576463608645,0.8755325410719179,0.32,0.02,0.66,0.5
1748,0.8893291155724602,0.962863638235041,0.07478229741693104,0.019855156282271046,0.5990108839924809,0.8755312718234741,0.2,0.7,0.1,0.0
1749,0.9080226882034311,0.9944807638324868,0.06553712922153718,0.004026817237552176,0.4910576463608645,0.8755221862781195,0.26,0.04,0.7,0.5
1750,0.8723221504862896,0.997827284329981,0.052942836916576405,0.006882782256916934,0.5386766939799044,0.8755196117869587,0.28,0.16,0.56,1.0
1751,0.9193497585957545,0.9977443436797053,0.0760965864367189,0.017816240564688994,0.5037727887544016,0.875512415754738,0.32,0.6,0.08,0.5
1752,0.8724828791708711,0.9978347699482369,0.052817932267739356,0.007368450871493728,0.5386766939799044,0.8755078593756485,0.28,0.18,0.54,1.0
1753,0.9164568765489547,0.9982314628020915,0.07480740771395704,0.01574920618770768,0.5037727887544016,0.875503004234482,0.3,0.52,0.18,0.75
1754,0.9065685320108299,0.994347100632909,0.06445233975348841,0.003466840111125345,0.4910576463608645,0.8754908894428803,0.24,0.02,0.74,0.5
1755,0.9182109367973504,0.9956614254862844,0.08479653149497969,0.013486987164860246,0.5189522386288125,0.8754908261290192,0.56,0.38,0.06,0.25
1756,0.9185099784882548,0.9971736401438736,0.06448388993917235,0.008666731940050222,0.4713331910097728,0.8754895541850187,0.22,0.24,0.54,0.75
1757,0.8898745759472805,0.9628902870360321,0.07543727156281127,0.020016604773125998,0.5990108839924809,0.8754776319674635,0.24,0.7,0.06,0.0
1758,0.9066749127992159,0.9943509632119291,0.06458635271111551,0.0035424375596379187,0.4910576463608645,0.8754695956106698,0.26,0.02,0.72,0.5
1759,0.8700713251498128,0.997721258033004,0.051598195824204246,0.018601673711749582,0.5559368418501222,0.8754616855381834,0.16,0.66,0.18,1.0
1760,0.9188639699063218,0.9982221806354541,0.06514552135086264,0.009224790136350818,0.4713331910097728,0.8754505145736072,0.24,0.26,0.5,0.75
1761,0.9159731938052152,0.9969971142941624,0.0627145577898792,0.007477581497393814,0.4713331910097728,0.8754503913346755,0.16,0.2,0.64,0.75
1762,0.9165571747697732,0.9982083022992077,0.07432749136884967,0.01686532258030897,0.5037727887544016,0.8754448709330003,0.34,0.56,0.1,0.75
1763,0.9183392521364706,0.9982162669970319,0.06473386177141999,0.00915175608629569,0.4713331910097728,0.875425598853659,0.22,0.26,0.52,0.75
1764,0.9068591953139623,0.9943430284565778,0.06482538046563457,0.0036936324566630685,0.4910576463608645,0.8754244823411702,0.3,0.02,0.68,0.5
1765,0.9186964300054222,0.9970825850834085,0.06514740866726253,0.008254741843859834,0.4713331910097728,0.8754227783646267,0.24,0.22,0.54,0.75
1766,0.8723341490182294,0.9978283622590098,0.053019873033721035,0.007297980219896046,0.5386766939799044,0.8754181055184644,0.26,0.18,0.56,1.0
1767,0.8894588610028589,0.9628749265473708,0.07489459625173002,0.020499695514377907,0.5990108839924809,0.8754105782586095,0.24,0.72,0.04,0.0
1768,0.8865848265784366,0.9627340472117943,0.07314571384744625,0.022028437252247506,0.6035558894691618,0.8754078592992262,0.14,0.8,0.06,0.0
1769,0.9200330553939757,0.9978392014342444,0.07756347020173607,0.017407458335287236,0.5037727887544016,0.8753901367165955,0.34,0.58,0.08,0.5
1770,0.8903865077258765,0.9629311585117094,0.0765258443806748,0.019694962522729252,0.5990108839924809,0.8753875749512777,0.28,0.68,0.04,0.0
1771,0.9178418602656816,0.9971675618218497,0.06420594553146158,0.00859369788999509,0.4713331910097728,0.8753830115836836,0.2,0.24,0.56,0.75
1772,0.8700649994043012,0.9977036368876296,0.05156258098880268,0.019087342326326293,0.5559368418501222,0.8753702871890916,0.16,0.68,0.16,1.0
1773,0.9166304742411311,0.998218901934658,0.075154912012039,0.016307264384008348,0.5037727887544016,0.8753413192272537,0.32,0.54,0.14,0.75
1774,0.9068070251374386,0.9943468610931249,0.06515643028726109,0.003618035008150495,0.4910576463608645,0.8753290048862081,0.28,0.02,0.7,0.5
1775,0.8946749719855392,0.9937086073381516,0.05163212524358499,0.004468188365725301,0.4910576463608645,0.8753259097694736,0.0,0.1,0.9,0.75
1776,0.8877170840253106,0.9627975551970777,0.07328908343455648,0.020659889273919717,0.5990108839924809,0.8753076537867766,0.16,0.74,0.1,0.0
1777,0.9162818964473797,0.9982015951852503,0.07462736481098041,0.01679228853025384,0.5037727887544016,0.8752893629936284,0.32,0.56,0.12,0.75
1778,0.9180536233247397,0.997057972370583,0.06500461001071435,0.008181707793804706,0.4713331910097728,0.8752820542462386,0.22,0.22,0.56,0.75
1779,0.9178132256083689,0.9982127936701612,0.0644006473971103,0.009636780232541215,0.4713331910097728,0.8752664104120226,0.22,0.28,0.5,0.75
1780,0.9166568035371362,0.9954855433997433,0.08264686269994964,0.015265606309252236,0.5189522386288125,0.8752627433111241,0.52,0.46,0.02,0.25
1781,0.9161563722361692,0.9954411087697761,0.08182801812684651,0.01567118067186523,0.5189522386288125,0.8752611024547912,0.5,0.48,0.02,0.25
1782,0.9174976389781501,0.9956619644507989,0.08422931892669407,0.014454457584026255,0.5189522386288125,0.8752470864959822,0.56,0.42,0.02,0.25
1783,0.9170866441994796,0.9955798621897679,0.08348976575317836,0.014860031946639245,0.5189522386288125,0.8752437477898847,0.54,0.44,0.02,0.25
1784,0.9175810635861692,0.9982122547056468,0.06468219252487936,0.00907872203624056,0.4713331910097728,0.8752270558480219,0.2,0.26,0.54,0.75
1785,0.9161956801957151,0.9954354196999016,0.08204698229720234,0.01559301982489521,0.5189522386288125,0.8752244939470268,0.48,0.48,0.04,0.25
1786,0.8694173638003856,0.9976739788680996,0.05109233801676648,0.01950254028930527,0.5559368418501222,0.8752241916531455,0.14,0.7,0.16,1.0
1787,0.9160410301119246,0.9981942592793596,0.0747133652559811,0.01671925448019871,0.5037727887544016,0.875205795034016,0.3,0.56,0.14,0.75
1788,0.9162696553250375,0.9982115360862942,0.07542347735831946,0.016234230333953218,0.5037727887544016,0.8751690839065353,0.3,0.54,0.16,0.75
1789,0.8903706909564152,0.9629184329606743,0.07738250858090535,0.01961423827730179,0.5990108839924809,0.8751498848981936,0.26,0.68,0.06,0.0
1790,0.8692961373847314,0.997842375336385,0.049735927129357066,0.01840551365017052,0.5513918363734412,0.8751421151571516,0.38,0.62,0.0,1.0
1791,0.8886233754247542,0.9628380673630786,0.07514503868641799,0.02025752277809549,0.5990108839924809,0.8751305758430801,0.18,0.72,0.1,0.0
1792,0.9174332614477402,0.997049139341041,0.06498162977315514,0.00810867374374958,0.4713331910097728,0.8751158582336717,0.2,0.22,0.58,0.75
1793,0.9142525758136036,0.998117876030676,0.07192464638214972,0.018586317015125503,0.5037727887544016,0.8750890429281738,0.28,0.64,0.08,0.75
1794,0.9151873464505378,0.9981567713031338,0.07359514860468522,0.01761626872263463,0.5037727887544016,0.8750873130141716,0.28,0.6,0.12,0.75
1795,0.914132936337014,0.9980979044011693,0.07190746400173428,0.018513282965070373,0.5037727887544016,0.875069719937785,0.26,0.64,0.1,0.75
1796,0.9173192581430011,0.9982091107459793,0.06461971651284334,0.009563746182486083,0.4713331910097728,0.8750690645584199,0.2,0.28,0.52,0.75
1797,0.8689598518359851,0.9976570164571318,0.05121106354869912,0.01943206963770759,0.5559368418501222,0.8750642308852705,0.12,0.7,0.18,1.0
1798,0.9167600894970448,0.9955035687685035,0.08352529975842549,0.015187445462282208,0.5189522386288125,0.8750586017162054,0.5,0.46,0.04,0.25
1799,0.9139610335776276,0.998088742004424,0.07182187668997309,0.018440248915015247,0.5037727887544016,0.8750560768385165,0.24,0.64,0.12,0.75
1800,0.9175095148232918,0.9956505563685769,0.084960726352292,0.014376296737056224,0.5189522386288125,0.8750535306334295,0.54,0.42,0.04,0.25
1801,0.9147120842172561,0.9981371290408303,0.07287691251180389,0.018101292868880087,0.5037727887544016,0.8750520223054701,0.28,0.62,0.1,0.75
1802,0.9176158645600845,0.9956654677201426,0.08516262571129649,0.01429813589008621,0.5189522386288125,0.8750450485857972,0.52,0.42,0.06,0.25
1803,0.9171228693289704,0.9982094401131826,0.0649753803314561,0.009005687986185434,0.4713331910097728,0.8750191860730842,0.18,0.26,0.56,0.75
1804,0.8696289507408684,0.9977051489825174,0.05273659897334148,0.018531203060151897,0.5559368418501222,0.8750121772726881,0.14,0.66,0.2,1.0
1805,0.8865611658192414,0.9627490184483062,0.07489834205018867,0.021545346510995593,0.6035558894691618,0.874993923301871,0.14,0.78,0.08,0.0
1806,0.9198168646088961,0.997832314665449,0.07876300669563152,0.01733186088677466,0.5037727887544016,0.8749932528852331,0.32,0.58,0.1,0.5
1807,0.9131345469813297,0.9980570329254919,0.07090495817762486,0.018852239011205748,0.5037727887544016,0.874985543236682,0.22,0.66,0.12,0.75
1808,0.9227053404710611,0.9968782576474947,0.07913950933006643,0.007509404263900323,0.48651264088418383,0.8749835205385155,0.7,0.12,0.18,0.75
1809,0.9170854638894337,0.9971646274594934,0.06491194249115653,0.008520663839939964,0.4713331910097728,0.8749665516639398,0.18,0.24,0.58,0.75
1810,0.9134834253814551,0.9980656563577227,0.07130576064734233,0.01892527306126088,0.5037727887544016,0.8749612463144557,0.24,0.66,0.1,0.75
1811,0.8854952220086485,0.9627110813349852,0.07365817295032498,0.02194771300682005,0.6035558894691618,0.8749458134545777,0.12,0.8,0.08,0.0
1812,0.9147981036097474,0.9981500641891765,0.07375603795760308,0.017543234672579507,0.5037727887544016,0.8749377180505347,0.26,0.6,0.14,0.75
1813,0.9177850084424378,0.9956143559186912,0.07364479672227947,0.00738955036793042,0.48651264088418383,0.8749272453758749,0.8,0.1,0.1,0.75
1814,0.9187083419982388,0.9976531389068751,0.07717296209717785,0.01822502279409063,0.5037727887544016,0.8749139772481829,0.3,0.62,0.08,0.5
1815,0.916759448021628,0.9970290479416422,0.06503426608628597,0.008035639693694452,0.4713331910097728,0.8749101196763541,0.18,0.22,0.6,0.75
1816,0.8968330342827465,0.9936437519415823,0.05662273617377151,0.00255967072897444,0.4910576463608645,0.8749053177485032,0.0,0.02,0.98,0.5
1817,0.8968389822357657,0.9936472851533991,0.05632794656165862,0.0030440504068886846,0.4910576463608645,0.8748958144828988,0.0,0.04,0.96,0.5
1818,0.9163937553441243,0.9982046792599718,0.06473274364328253,0.008932653936130306,0.4713331910097728,0.8748843547090129,0.16,0.26,0.58,0.75
1819,0.9190622318878642,0.9977361993270429,0.07804111725004158,0.01774064311617642,0.5037727887544016,0.8748789825869268,0.3,0.6,0.1,0.5
1820,0.8681535769237827,0.9976374191085378,0.05105822280829586,0.019361598986109913,0.5559368418501222,0.8748776034552854,0.1,0.7,0.2,1.0
1821,0.9160861652864958,0.9970198855448968,0.06455674793508046,0.00796260564363932,0.4713331910097728,0.8748591499200495,0.16,0.22,0.62,0.75
1822,0.869482213800775,0.9976886207374083,0.05278133936562523,0.019016871674728607,0.5559368418501222,0.8748556338825633,0.14,0.68,0.18,1.0
1823,0.9165755381702694,0.9971591180444571,0.06482924650631353,0.008447629789884833,0.4713331910097728,0.874851215363393,0.16,0.24,0.6,0.75
1824,0.8969258296833358,0.9936646817302258,0.05625384169374724,0.0035284300848029445,0.4910576463608645,0.8748489844131994,0.0,0.06,0.94,0.5
1825,0.8877568744037295,0.9628158799905682,0.07528467850514739,0.020176798532668017,0.5990108839924809,0.8748431507451834,0.16,0.72,0.12,0.0
1826,0.8690144560020047,0.9976735596734774,0.05244727142821081,0.018946401023130933,0.5559368418501222,0.8748235331449877,0.12,0.68,0.2,1.0
1827,0.897540548105446,0.9931169141287302,0.05641182491581701,0.004042455305954558,0.4910576463608645,0.874802845433173,0.0,0.08,0.92,0.25
1828,0.9171938473919391,0.9956038461106599,0.08521738026333622,0.014781871099669226,0.5189522386288125,0.8747966543278759,0.52,0.44,0.04,0.25
1829,0.9222145746354234,0.9964047473790979,0.07901391654761311,0.007582438313955448,0.48651264088418383,0.874786895854437,0.72,0.12,0.16,0.75
1830,0.9196605972411447,0.9978250087020312,0.07945465066304609,0.017256263438262098,0.5037727887544016,0.8747608300057276,0.3,0.58,0.12,0.5
1831,0.9167398812180828,0.9982033019062126,0.06516338470857584,0.009490712132430959,0.4713331910097728,0.8747521174830161,0.18,0.28,0.54,0.75
1832,0.9162394457631039,0.9982004274288024,0.06435881793114809,0.009975736278676485,0.4713331910097728,0.8747366997456336,0.18,0.3,0.52,0.75
1833,0.8845077330503823,0.962679372256053,0.0730705433835715,0.022350079502644248,0.6035558894691618,0.8747338911584601,0.1,0.82,0.08,0.0
1834,0.9154237550240251,0.9970044352288167,0.06435635883613203,0.007889571593584194,0.4713331910097728,0.8747305361757675,0.14,0.22,0.64,0.75
1835,0.8913674374589344,0.994669072045333,0.07373430500372868,0.01998896104558131,0.5559368418501222,0.8747281028784276,0.0,0.74,0.26,0.75
1836,0.8969508720916052,0.9936607892087327,0.056424589436027246,0.004012809762717181,0.4910576463608645,0.8747097699376672,0.0,0.08,0.92,0.5
1837,0.8917736461599758,0.9947733317364015,0.07462555725827097,0.019503936899335862,0.5559368418501222,0.8747054482300874,0.0,0.72,0.28,0.75
1838,0.9154600768835249,0.9981722515616871,0.07556290809105466,0.01713124457638906,0.5037727887544016,0.8747006836415704,0.28,0.58,0.14,0.75
1839,0.9148104279510388,0.998183509931544,0.06317013713478381,0.009756634128511098,0.4713331910097728,0.8746922579854812,0.12,0.3,0.58,0.75
1840,0.9157433653653368,0.9981995890395577,0.06477949812465861,0.008859619886075178,0.4713331910097728,0.8746895905006413,0.14,0.26,0.6,0.75
1841,0.8864789531845483,0.9627631812380464,0.07624692001894615,0.021062255769743896,0.6035558894691618,0.8746788847286188,0.14,0.76,0.1,0.0
1842,0.9145478002645245,0.9981293140553711,0.07406312769864533,0.018028258818824954,0.5037727887544016,0.874673902328346,0.26,0.62,0.12,0.75
1843,0.9142853241391814,0.9981314848846653,0.07421847244316569,0.01747020062252437,0.5037727887544016,0.8746622737358877,0.24,0.6,0.16,0.75
1844,0.9155546853603252,0.9981940796245213,0.06436432546130558,0.009344644032320703,0.4713331910097728,0.8746549487661398,0.14,0.28,0.58,0.75
1845,0.8690425445124247,0.9976912556750344,0.05342017290345978,0.018460732408554222,0.5559368418501222,0.8746510277945395,0.12,0.66,0.22,1.0
1846,0.9157364885874858,0.9981950976686041,0.06418428626176925,0.009902702228621356,0.4713331910097728,0.8746499791337077,0.16,0.3,0.54,0.75
1847,0.8846164907218844,0.9626790129463768,0.0738106270934072,0.02186698876139257,0.6035558894691618,0.874649539692105,0.1,0.8,0.1,0.0
1848,0.9159788433603019,0.9981989901900973,0.0647834738509019,0.009417678082375829,0.4713331910097728,0.8746473852803447,0.16,0.28,0.56,0.75
1849,0.867592116402745,0.9976202321290221,0.05131873873786154,0.01929112833451223,0.5559368418501222,0.8746455123744349,0.08,0.7,0.22,1.0
1850,0.9152960335985361,0.9981944688766707,0.06458200331981229,0.008786585836020051,0.4713331910097728,0.8746262147112898,0.12,0.26,0.62,0.75
1851,0.9143427043519228,0.9981894085987297,0.06373192967566733,0.008640517735909795,0.4713331910097728,0.8746139499217964,0.08,0.26,0.66,0.75
1852,0.9149056808781041,0.9981649156557963,0.07536943995393888,0.017058210526333925,0.5037727887544016,0.8746036943684687,0.26,0.58,0.16,0.75
1853,0.9144244619552863,0.9981579390595818,0.07492979649341988,0.01698517647627881,0.5037727887544016,0.8745997433002524,0.24,0.58,0.18,0.75
1854,0.9148210105598801,0.9981903068729204,0.06423782207653397,0.008713551785964923,0.4713331910097728,0.8745970000237104,0.1,0.26,0.64,0.75
1855,0.8854218209709114,0.9627211420059211,0.07514398597962199,0.021464622265568133,0.6035558894691618,0.8745932053743362,0.12,0.78,0.1,0.0
1856,0.9209799351756697,0.995951388395046,0.07808341032467711,0.007728506414065709,0.48651264088418383,0.8745877738915504,0.76,0.12,0.12,0.75
1857,0.914411564809627,0.9971062396370972,0.06362081625348039,0.00822852763971945,0.4713331910097728,0.8745865912907339,0.1,0.24,0.66,0.75
1858,0.8675076832853515,0.997598613663499,0.05115088815783321,0.019776796949089123,0.5559368418501222,0.8745682373863565,0.08,0.72,0.2,1.0
1859,0.9138062114708669,0.9981863844089542,0.06341052413872936,0.00856748368585467,0.4713331910097728,0.8745598932738752,0.06,0.26,0.68,0.75
1860,0.9156310958608215,0.9981887498643232,0.07661133024283354,0.016646220430143584,0.5037727887544016,0.874548958221578,0.28,0.56,0.16,0.75
1861,0.9145748260614056,0.9969975784024943,0.06415136716576603,0.007816537543529064,0.4713331910097728,0.8745485838662963,0.12,0.22,0.66,0.75
1862,0.9156523659887105,0.9971416615826842,0.06501454673077042,0.008374595739829706,0.4713331910097728,0.8745327857066905,0.14,0.24,0.62,0.75
1863,0.9159069286870325,0.9982249203717358,0.07766889663119766,0.015676172137652555,0.5037727887544016,0.8745259941472706,0.28,0.52,0.2,0.75
1864,0.8846874639257435,0.9626846421313052,0.07465407438519002,0.02138389802014066,0.6035558894691618,0.8745249267342311,0.1,0.78,0.12,0.0
1865,0.8923601309095704,0.9948387560399582,0.07631052837551387,0.019018912753090218,0.5559368418501222,0.8745020322347711,0.0,0.7,0.3,0.75
1866,0.9144238664166711,0.998179647352524,0.06348209718592493,0.00968360007845597,0.4713331910097728,0.8745003043045817,0.1,0.3,0.6,0.75
1867,0.9150289265693042,0.9981903967003395,0.06443383787635687,0.009271609982265573,0.4713331910097728,0.8744912184569223,0.12,0.28,0.6,0.75
1868,0.8683697021880501,0.997674428005195,0.053339671849014274,0.018390261756956534,0.5559368418501222,0.8744839727714777,0.1,0.66,0.24,1.0
1869,0.9153425302637872,0.998190411671576,0.06442571403832832,0.009829668178566224,0.4713331910097728,0.87447603421586,0.14,0.3,0.56,0.75
1870,0.8821318820477827,0.9625899340891313,0.07089288982829742,0.023154812494292912,0.6035558894691618,0.8744751115313057,0.06,0.86,0.08,0.0
1871,0.8682535574627224,0.9976557738445012,0.05291915954885072,0.018875930371533248,0.5559368418501222,0.8744705317088758,0.1,0.68,0.22,1.0
1872,0.9158072239018665,0.9982063859809341,0.07742539851172148,0.016161196283898092,0.5037727887544016,0.8744665564297383,0.28,0.54,0.18,0.75
1873,0.9150078794421361,0.9971164500203983,0.06462979399775204,0.008301561689774575,0.4713331910097728,0.8744612809903651,0.12,0.24,0.64,0.75
1874,0.920876419361402,0.995952586093967,0.07841520992871173,0.0078015404641208356,0.48651264088418383,0.8744465548634351,0.78,0.12,0.1,0.75
1875,0.883851731641135,0.962635057395978,0.07376241479870192,0.021786264515965107,0.6035558894691618,0.874443574612102,0.08,0.8,0.12,0.0
1876,0.9134011226115079,0.998079879032409,0.07346835137483602,0.018367214864960117,0.5037727887544016,0.8744263087403291,0.22,0.64,0.14,0.75
1877,0.9135874673904691,0.9954871602932865,0.08231290478712247,0.015343767156222264,0.5189522386288125,0.8744229127167017,0.54,0.46,0.0,0.25
1878,0.9145919604210796,0.9981868036035766,0.06437841591752437,0.009198575932210443,0.4713331910097728,0.8743901878549843,0.1,0.28,0.62,0.75
1879,0.8672105308097459,0.9975839418517174,0.05150160314913359,0.019706326297491444,0.5559368418501222,0.8743897900464842,0.06,0.72,0.22,1.0
1880,0.9151362896189086,0.9981824918874612,0.07671377183898014,0.016573186380088447,0.5037727887544016,0.8743846260659375,0.26,0.56,0.18,0.75
1881,0.9139697272868054,0.9981795275826318,0.06346553966324972,0.009610566028400838,0.4713331910097728,0.8743834289013197,0.08,0.3,0.62,0.75
1882,0.9192560073983652,0.9958154795099914,0.07744196302661328,0.007097414167709904,0.48651264088418383,0.8743615102420537,0.72,0.1,0.18,0.75
1883,0.8854584058591698,0.9627315320440604,0.07635579321397429,0.02098153152431644,0.6035558894691618,0.8743527038372823,0.12,0.76,0.12,0.0
1884,0.91806615819237,0.9956105831670903,0.07605739413978631,0.007243482267820162,0.48651264088418383,0.8743441095421568,0.76,0.1,0.14,0.75
1885,0.9125546989381794,0.9980400555432875,0.07258220816072082,0.018779204961150625,0.5037727887544016,0.8743396969798287,0.2,0.66,0.14,0.75
1886,0.9141234570144852,0.9981117378237062,0.07483182531392568,0.01795522476876983,0.5037727887544016,0.8743367704810938,0.24,0.62,0.14,0.75
1887,0.8836975040082518,0.9626382612405915,0.07372459327343169,0.022269355257216784,0.6035558894691618,0.8743120817360681,0.08,0.82,0.1,0.0
1888,0.8673538055046215,0.9976085994782524,0.052334305233585635,0.01922065768291455,0.5559368418501222,0.8742933377882871,0.06,0.7,0.24,1.0
1889,0.9128168253472132,0.9980734414007089,0.07346452518056645,0.01829418081490499,0.5037727887544016,0.8742657647325963,0.2,0.64,0.16,0.75
1890,0.8677197539353558,0.9976395450241224,0.05311987351243949,0.018805459719935563,0.5559368418501222,0.8742641366499473,0.08,0.68,0.24,1.0
1891,0.9137854529393273,0.9981197923489495,0.07512461864293958,0.017397166572469237,0.5037727887544016,0.8742637067798382,0.22,0.6,0.18,0.75
1892,0.9141066385208733,0.9981833901616519,0.06439167457883069,0.009125541882155312,0.4713331910097728,0.8742548604376617,0.08,0.28,0.64,0.75
1893,0.8671016924709167,0.9975974459070511,0.05230067390442284,0.01915018703131687,0.5559368418501222,0.8742398289231753,0.04,0.7,0.26,1.0
1894,0.9140002830309338,0.9981375482354526,0.07579085647602034,0.01691214242622368,0.5037727887544016,0.8742355884159774,0.22,0.58,0.2,0.75
1895,0.88394762404203,0.9626402374438111,0.07493080831190334,0.0213031737747132,0.6035558894691618,0.8742326103823355,0.08,0.78,0.14,0.0
1896,0.9136654503016277,0.9970434203286935,0.06409820403353914,0.008155493589664319,0.4713331910097728,0.8742301958555103,0.08,0.24,0.68,0.75
1897,0.8672936458836883,0.9976203818413872,0.05288986020054366,0.0186645184167402,0.5559368418501222,0.8742279858305578,0.04,0.68,0.28,1.0
1898,0.9145212255144203,0.9981752158665165,0.07668091450102368,0.016500152330033328,0.5037727887544016,0.8742231028651658,0.24,0.56,0.2,0.75
1899,0.8835971844818342,0.9626411057755287,0.07360825552992269,0.022752445998468485,0.6035558894691618,0.8742193623872587,0.08,0.84,0.08,0.0
1900,0.8831131871918514,0.9625913413853634,0.07380757078238437,0.021705540270537633,0.6035558894691618,0.8742185694620653,0.06,0.8,0.14,0.0
1901,0.9139217394844946,0.9969915599654164,0.06469818653826699,0.007743503493473936,0.4713331910097728,0.8742085832182787,0.1,0.22,0.68,0.75
1902,0.9156451079138935,0.9953656537377563,0.08473311912143998,0.01592043334053815,0.5189522386288125,0.8742083194099347,0.44,0.5,0.06,0.25
1903,0.8817416432068294,0.9625354387882281,0.07255243994328864,0.02154409177968269,0.6035558894691618,0.8741931647826054,0.02,0.8,0.18,0.0
1904,0.9219620973035172,0.9980285875761193,0.08472945966184109,0.016105514198569624,0.5037727887544016,0.8741899785466515,0.38,0.52,0.1,0.5
1905,0.8867162915730835,0.9627741102407,0.07616695934933379,0.020579165028492233,0.5990108839924809,0.8741896646946287,0.14,0.74,0.12,0.0
1906,0.8665676768200373,0.9975665452748906,0.05162581576846151,0.01956538499429608,0.5559368418501222,0.8741866724377026,0.02,0.72,0.26,1.0
1907,0.866724212293045,0.9975923856291101,0.05215467431938585,0.019079716379719187,0.5559368418501222,0.8741820465339031,0.02,0.7,0.28,1.0
1908,0.9136240637085897,0.998103922838247,0.07489964827439922,0.017882190718714695,0.5037727887544016,0.8741808174817705,0.22,0.62,0.16,0.75
1909,0.9210296220655364,0.9959329737741365,0.0796034954034198,0.0076554723640105795,0.48651264088418383,0.8741759207344186,0.74,0.12,0.14,0.75
1910,0.9135146237157649,0.9981811744186482,0.06377933421603682,0.00953753197834571,0.4713331910097728,0.8741712096963883,0.06,0.3,0.64,0.75
1911,0.8668724070069282,0.9975719049775619,0.051959881309143544,0.019635855645893763,0.5559368418501222,0.8741684103790762,0.04,0.72,0.24,1.0
1912,0.8823330782021538,0.9625561739507971,0.07322637350329436,0.02162481602511016,0.6035558894691618,0.8741631045855209,0.04,0.8,0.16,0.0
1913,0.9132628937278134,0.9981085639215657,0.07499968674703184,0.01732413252241411,0.5037727887544016,0.8741559092876225,0.2,0.6,0.2,0.75
1914,0.9152639324938094,0.9981997088094499,0.07799390525728528,0.016088162233842955,0.5037727887544016,0.8741531378691021,0.26,0.54,0.2,0.75
1915,0.9214633055079738,0.9980137061670266,0.08397199459426376,0.016665491324996506,0.5037727887544016,0.8741446715906673,0.4,0.54,0.06,0.5
1916,0.919089835069862,0.9958202703056752,0.07799080068169383,0.00717044821776503,0.48651264088418383,0.8741394092801966,0.74,0.1,0.16,0.75
1917,0.9137464089165592,0.9981806953390798,0.06451398567966747,0.009052507832100189,0.4713331910097728,0.8741257026192681,0.06,0.28,0.66,0.75
1918,0.8674799991553293,0.9976284363666306,0.05340808919014411,0.018734989068337884,0.5559368418501222,0.8741214765818489,0.06,0.68,0.26,1.0
1919,0.9140791463800692,0.9981668170028333,0.07662851282732455,0.016427118279978194,0.5037727887544016,0.8741189460322747,0.22,0.56,0.22,0.75
1920,0.9218324437883677,0.9980238267229086,0.08494944420013582,0.016029916750057067,0.5037727887544016,0.8741020137333335,0.36,0.52,0.12,0.5
1921,0.8827190147936262,0.9625716991230598,0.07419319064898493,0.021141725283858256,0.6035558894691618,0.8740988680267455,0.04,0.78,0.18,0.0
1922,0.9216530984213784,0.9980131073175661,0.08483032027850086,0.015954319301544482,0.5037727887544016,0.8740960936003366,0.34,0.52,0.14,0.5
1923,0.9128758536678561,0.9981818930380008,0.06410291262074777,0.008494449635799546,0.4713331910097728,0.8740949379514648,0.04,0.26,0.7,0.75
1924,0.8868911579546813,0.9627900096938756,0.07702937050367377,0.02009607428724054,0.5990108839924809,0.8740922884162199,0.14,0.72,0.14,0.0
1925,0.9164532807612809,0.9955887551042559,0.08620154815521236,0.015764111646598113,0.5189522386288125,0.8740918017509296,0.4,0.5,0.1,0.25
1926,0.9130828384767623,0.9970059922374138,0.06403370025080489,0.008082459539609194,0.4713331910097728,0.8740830167618636,0.06,0.24,0.7,0.75
1927,0.9129042774729165,0.9981781801713459,0.06385815372056544,0.008979473782045059,0.4713331910097728,0.8740765258240368,0.04,0.28,0.68,0.75
1928,0.8663237105755552,0.9975435195131354,0.05141307145582903,0.020051053608872778,0.5559368418501222,0.8740742800101416,0.02,0.74,0.24,1.0
1929,0.9130489228333166,0.9980949999812859,0.07471976092700673,0.017809156668659572,0.5037727887544016,0.8740734481174558,0.2,0.62,0.18,0.75
1930,0.9134301367990704,0.9981262299806497,0.07581432122066425,0.016839108376168546,0.5037727887544016,0.874070683124062,0.2,0.58,0.22,0.75
1931,0.9154143111355408,0.9982187222798199,0.07879400696591551,0.015603138087597432,0.5037727887544016,0.8740672477579766,0.26,0.52,0.22,0.75
1932,0.8669673179855428,0.9976150520811891,0.053203846214016706,0.01859404776514252,0.5559368418501222,0.8740527849144948,0.02,0.68,0.3,1.0
1933,0.9208203017906985,0.9979481920360508,0.08336482940802181,0.01707427355439816,0.5037727887544016,0.8740353777505964,0.38,0.56,0.06,0.5
1934,0.9156554329365829,0.9953666118968931,0.08546430072606806,0.015842272493568125,0.5189522386288125,0.8740162183950088,0.42,0.5,0.08,0.25
1935,0.921290385243977,0.9980062804337168,0.08479720944944082,0.015878721853031907,0.5037727887544016,0.8740109288700183,0.32,0.52,0.16,0.5
1936,0.8833648993555622,0.9626022105030709,0.07512991193693194,0.021222449529285724,0.6035558894691618,0.8740107846218792,0.06,0.78,0.16,0.0
1937,0.9127609066582478,0.9981761740256532,0.06372927416413017,0.009464497928290582,0.4713331910097728,0.8739733956079213,0.04,0.3,0.66,0.75
1938,0.9178948148315155,0.995610253799887,0.07712451655013611,0.007316516317875291,0.48651264088418383,0.8739701438769222,0.78,0.1,0.12,0.75
1939,0.8975171002395987,0.993114189363685,0.059043358255332405,0.0045261905155375625,0.4910576463608645,0.8739393552969749,0.0,0.1,0.9,0.25
1940,0.9147494491782462,0.9981925226159242,0.07829542382113795,0.016015128183787822,0.5037727887544016,0.8739253218880543,0.24,0.54,0.22,0.75
1941,0.8946397053564799,0.9937033674053725,0.05618726131921749,0.004953212511970817,0.4910576463608645,0.8739032045162118,0.0,0.12,0.88,0.75
1942,0.9141451911398137,0.9981789886181175,0.06493763260923494,0.010168624224701404,0.4713331910097728,0.8738996193347048,0.1,0.32,0.58,0.75
1943,0.9123950469991665,0.9969878171562885,0.06404174773133098,0.00800942548955406,0.4713331910097728,0.8738862378543777,0.04,0.24,0.72,0.75
1944,0.8828173105034788,0.9625859667114556,0.07432647340955587,0.022188631011789306,0.6035558894691618,0.873882658456832,0.06,0.82,0.12,0.0
1945,0.9119438005307067,0.9980175088611006,0.0735752761265813,0.018706170911095485,0.5037727887544016,0.8738811134193473,0.18,0.66,0.16,0.75
1946,0.9121657123522382,0.9981615620988177,0.06381859398304777,0.008906439731989929,0.4713331910097728,0.8738784849143921,0.02,0.28,0.7,0.75
1947,0.885774082004899,0.9627429101838093,0.07632774112319224,0.02049844078306478,0.5990108839924809,0.873872074851163,0.12,0.74,0.14,0.0
1948,0.9257652373388783,0.9972393938146337,0.07731014962284435,0.009230398698716882,0.4713331910097728,0.8738623852913288,0.64,0.2,0.16,0.75
1949,0.8825253975893572,0.9625852930058126,0.07376923863130327,0.022671721753041014,0.6035558894691618,0.873859149348738,0.06,0.84,0.1,0.0
1950,0.8969525699287157,0.993663723571089,0.05905319477235002,0.004497189440631432,0.4910576463608645,0.8738553883309376,0.0,0.1,0.9,0.5
1951,0.9194348173358513,0.9977538653861269,0.0819587921578153,0.01789183801320157,0.5037727887544016,0.8738327671185285,0.34,0.6,0.06,0.5
1952,0.9119875756190272,0.9981781202863997,0.0642094091811253,0.008421415585744418,0.4713331910097728,0.8738117670221812,0.02,0.26,0.72,0.75
1953,0.9200906749410424,0.9978496513573297,0.08306936048671082,0.017483055783799818,0.5037727887544016,0.8738052064575134,0.36,0.58,0.06,0.5
1954,0.9122254713845166,0.9980492927962152,0.07449192286246988,0.018221146764849858,0.5037727887544016,0.8738028987549837,0.18,0.64,0.18,0.75
1955,0.9145388411751231,0.9981794377552128,0.06565470493400863,0.010241658274756532,0.4713331910097728,0.8737962715684691,0.12,0.32,0.56,0.75
1956,0.925629477391371,0.9972365193372233,0.07747419552521856,0.009157364648661754,0.4713331910097728,0.8737884993035094,0.62,0.2,0.18,0.75
1957,0.9207810118018546,0.9979978216850875,0.08524202073989111,0.015803124404519336,0.5037727887544016,0.8737436221062168,0.3,0.52,0.18,0.5
1958,0.9127806339411871,0.9980967965296674,0.07597834179970629,0.017251098472358978,0.5037727887544016,0.8737416928946142,0.18,0.6,0.22,0.75
1959,0.9149444367721411,0.998210038962643,0.07948119817456199,0.015530104037542302,0.5037727887544016,0.8737413082916199,0.24,0.52,0.24,0.75
1960,0.9137570919404843,0.9981794676976858,0.0652118636110404,0.010095590174646273,0.4713331910097728,0.8737187419055799,0.08,0.32,0.6,0.75
1961,0.89460387902873,0.9937087869929897,0.05651743315243653,0.005438236658216311,0.4910576463608645,0.8737009972734952,0.0,0.14,0.86,0.75
1962,0.9114703314929287,0.9979943034445072,0.07375611676882571,0.018633136861040366,0.5037727887544016,0.8736980191259844,0.16,0.66,0.18,0.75
1963,0.9254115564883983,0.9972140025975096,0.07760969148862795,0.009084330598606626,0.4713331910097728,0.8736952564607774,0.6,0.2,0.2,0.75
1964,0.885053758353196,0.9627043143360818,0.07626081348584045,0.0204177165376373,0.5990108839924809,0.8736856444616796,0.1,0.74,0.16,0.0
1965,0.9135836923791124,0.9981435666725303,0.07774120450994476,0.016354084229923068,0.5037727887544016,0.8736603741379425,0.2,0.56,0.24,0.75
1966,0.8822173182009924,0.9625574165634275,0.07526431783205538,0.021061001038430782,0.6035558894691618,0.8736532995390606,0.02,0.78,0.2,0.0
1967,0.9129945227460022,0.9981159597124025,0.07688193418873544,0.016766074326113413,0.5037727887544016,0.8736450171909906,0.18,0.58,0.24,0.75
1968,0.9118433791601778,0.9981629693950498,0.06396020009564583,0.009391463878235449,0.4713331910097728,0.8736441323346789,0.02,0.3,0.68,0.75
1969,0.913195491664114,0.9948045317932921,0.07327382871908047,0.006904526221684951,0.48651264088418383,0.8736329602925257,0.8,0.08,0.12,0.75
1970,0.8819597621367198,0.9625397804468165,0.07434085171253263,0.02210790676636184,0.6035558894691618,0.8736304621549139,0.04,0.82,0.14,0.0
1971,0.9132926231147417,0.9981802462019844,0.06510342820012659,0.01002255612459115,0.4713331910097728,0.8736254126894292,0.06,0.32,0.62,0.75
1972,0.9182732575926736,0.9976241246505152,0.08081488971478677,0.018784999920517374,0.5037727887544016,0.8736162661801339,0.32,0.64,0.04,0.5
1973,0.8813320919297122,0.9625209466312846,0.07382230695347965,0.02202718252093436,0.6035558894691618,0.8736051012600402,0.02,0.82,0.16,0.0
1974,0.9117638268129632,0.9980257879548917,0.07478370600559223,0.018148112714794728,0.5037727887544016,0.8735912956486109,0.16,0.64,0.2,0.75
1975,0.9214179707884399,0.9980086458890856,0.08589693924769805,0.016589893876483925,0.5037727887544016,0.8735900100017194,0.38,0.54,0.08,0.5
1976,0.9207023592170549,0.9979381912500608,0.08492536532211775,0.016998676105885596,0.5037727887544016,0.8735633388654281,0.36,0.56,0.08,0.5
1977,0.8815331359429436,0.9625301689129759,0.07386007385989778,0.022590997507613543,0.6035558894691618,0.8735431375832077,0.04,0.84,0.12,0.0
1978,0.9139326062908707,0.998174527189637,0.06563534606540673,0.01065364837094695,0.4713331910097728,0.8735368522878647,0.1,0.34,0.56,0.75
1979,0.9149151444591797,0.9981837195288552,0.066943676958264,0.010314692324811662,0.4713331910097728,0.8735232793002737,0.14,0.32,0.54,0.75
1980,0.9130649070799833,0.9981642269789167,0.06487770011188944,0.010507580270836694,0.4713331910097728,0.8735228215249902,0.06,0.34,0.6,0.75
1981,0.9142030883041928,0.9981816235557436,0.0791978824445169,0.015942094133732692,0.5037727887544016,0.8735139910607107,0.22,0.54,0.24,0.75
1982,0.9177319045971111,0.9975830435775267,0.08031721199227546,0.019193782149919188,0.5037727887544016,0.873509541111082,0.3,0.66,0.04,0.5
1983,0.9135385816331759,0.9981750062692053,0.06542132331069796,0.010580614320891824,0.4713331910097728,0.8734950774758737,0.08,0.34,0.58,0.75
1984,0.9122398326937163,0.9980823343151969,0.0763250903738815,0.017178064422303845,0.5037727887544016,0.8734918395085337,0.16,0.6,0.24,0.75
1985,0.9213034999527032,0.9979899019009728,0.08621425131478734,0.016514296427971357,0.5037727887544016,0.8734764197333631,0.36,0.54,0.1,0.5
1986,0.9210492721100616,0.9979797514026177,0.08605291428401282,0.016438698979458773,0.5037727887544016,0.873460300322362,0.34,0.54,0.12,0.5
1987,0.9250782770739433,0.9972457116764416,0.07781560094673876,0.009569354744852146,0.4713331910097728,0.8734436112582139,0.6,0.22,0.18,0.75
1988,0.9138039275678346,0.9981699160487912,0.07908231693408688,0.015869060083677566,0.5037727887544016,0.8734404386815304,0.2,0.54,0.26,0.75
1989,0.9125095296571653,0.9981651551955805,0.0649775360672643,0.00994952207453602,0.4713331910097728,0.8734391526023602,0.04,0.32,0.64,0.75
1990,0.8946136275481253,0.9937107931386823,0.05715960703850627,0.005923260804461789,0.4910576463608645,0.8734219257057543,0.0,0.16,0.84,0.75
1991,0.9124584983352355,0.9980804778818695,0.0764142917648239,0.01773612261860444,0.5037727887544016,0.8734198110158599,0.18,0.62,0.2,0.75
1992,0.9160823147729068,0.9954364976289304,0.07758957726024646,0.006612390021464427,0.48651264088418383,0.8734069675369405,0.72,0.08,0.2,0.75
1993,0.8808216588341741,0.9624971723077038,0.07363509008569245,0.02251027326218607,0.6035558894691618,0.8734058064039368,0.02,0.84,0.14,0.0
1994,0.9189199698753049,0.997665535090707,0.08258170972008096,0.018300620242603198,0.5037727887544016,0.8734035708745786,0.32,0.62,0.06,0.5
1995,0.9208326081186327,0.9979614565516003,0.08619155798947083,0.016363101530946195,0.5037727887544016,0.8733676722697201,0.32,0.54,0.14,0.5
1996,0.9250791918583313,0.9972825109757878,0.07525005454630455,0.010492583191428451,0.4667881855330919,0.8733232692914301,0.72,0.24,0.04,0.75
1997,0.9118571173092104,0.994623679256229,0.07350401355103992,0.00608054602930422,0.48651264088418383,0.8733026988408601,0.84,0.04,0.12,0.75
1998,0.8836201602009205,0.962614965996579,0.07583439884055267,0.020739358788034033,0.5990108839924809,0.8733008715738161,0.06,0.76,0.18,0.0
1999,0.9259941158446773,0.9972513708038431,0.07697131852728004,0.009522534898937396,0.4667881855330919,0.8732904333181576,0.72,0.2,0.08,0.75
2000,0.9131920526527654,0.9948181256760449,0.0744272103722159,0.006977560271740077,0.48651264088418383,0.8732865652632769,0.82,0.08,0.1,0.75
2001,0.8946378000174825,0.9945047178109058,0.0821005475329997,0.019997339133887525,0.5559368418501222,0.8732688955715959,0.0,0.74,0.26,0.5
2002,0.9124113706921333,0.99810137772804,0.07763861582879339,0.016693040276058287,0.5037727887544016,0.8732641589172578,0.16,0.58,0.26,0.75
2003,0.9119862988168966,0.9946258650567597,0.07389294615406992,0.0059344779291939645,0.48651264088418383,0.8732587725557414,0.8,0.04,0.16,0.75
2004,0.8810145598410732,0.9625139700350701,0.07396401599392899,0.023074088248865445,0.6035558894691618,0.8732585254124491,0.04,0.86,0.1,0.0
2005,0.9126993174187368,0.9981545555601301,0.06516775230618811,0.01099260441708223,0.4713331910097728,0.8732309977120865,0.06,0.36,0.58,0.75
2006,0.911949799276831,0.9981487167778905,0.06443897521256023,0.0109195703670271,0.4713331910097728,0.8732301538819679,0.04,0.36,0.6,0.75
2007,0.8949164712207713,0.9945310073022207,0.08288643342698432,0.019512959455973325,0.5559368418501222,0.8732265575554715,0.0,0.72,0.28,0.5
2008,0.9116855008145789,0.9945781966397059,0.07400856117937578,0.0054494537829484465,0.48651264088418383,0.873225028277005,0.8,0.02,0.18,0.75
2009,0.9233536738836052,0.9983113942338283,0.07602164064858695,0.011509451329834181,0.4713331910097728,0.873215690892863,0.6,0.3,0.1,0.75
2010,0.9252148342379317,0.9972100501910705,0.07913094985813637,0.009011296548551496,0.4713331910097728,0.8732113113535624,0.58,0.2,0.22,0.75
2011,0.9204439257666419,0.997951066513461,0.08640727932877204,0.016287504082433624,0.5037727887544016,0.8732023845268199,0.3,0.54,0.16,0.5
2012,0.8755164501345126,0.9980276893019286,0.04948513982264003,0.013626924102607749,0.5189522386288125,0.8731981462454793,0.54,0.4,0.06,1.0
2013,0.91320334652215,0.9981677901332066,0.06576819654241882,0.011065638467137354,0.4713331910097728,0.8731963332346728,0.08,0.36,0.56,0.75
2014,0.925551558343213,0.9972808641397715,0.0764155696174995,0.010153627145293172,0.4667881855330919,0.8731962268580604,0.76,0.22,0.02,0.75
2015,0.913150981830421,0.9981336257714866,0.07903216379092878,0.016281050179867942,0.5037727887544016,0.8731711845376565,0.18,0.56,0.26,0.75
2016,0.9238055910022721,0.9983107055569487,0.0769878095907696,0.011024427183588653,0.4713331910097728,0.8731693901278706,0.6,0.28,0.12,0.75
2017,0.9109680169493953,0.9979643010865374,0.07516319766481432,0.018560102810985236,0.5037727887544016,0.8731514334930854,0.14,0.66,0.2,0.75
2018,0.9121373299676148,0.9981602146875316,0.06525733494888948,0.010434546220781564,0.4713331910097728,0.8731490138982453,0.04,0.34,0.62,0.75
2019,0.911640106917579,0.9981623705455893,0.0651458032028858,0.00987648802448089,0.4713331910097728,0.8731439632605755,0.02,0.32,0.66,0.75
2020,0.88009866216135,0.9624746705392265,0.07346507999561051,0.022993364003437974,0.6035558894691618,0.8731379685313401,0.02,0.86,0.12,0.0
2021,0.9123291038916836,0.9947177585064695,0.07433203391676596,0.0064925361254945845,0.48651264088418383,0.8731370925088225,0.82,0.06,0.12,0.75
2022,0.8754752976586281,0.9980351449777116,0.049631481034832906,0.01369739475420543,0.5189522386288125,0.8731305995755403,0.56,0.4,0.04,1.0
2023,0.9245054815965148,0.9972017561260429,0.07879431539356854,0.008865228448441242,0.4713331910097728,0.8731236072459301,0.54,0.2,0.26,0.75
2024,0.9255942784281176,0.9972733485790425,0.07681709052995611,0.010007559045182916,0.4667881855330919,0.8731212747236017,0.72,0.22,0.06,0.75
2025,0.8843773130217991,0.962666616762545,0.07755171456419159,0.020336992292209838,0.5990108839924809,0.8731207257585124,0.08,0.74,0.18,0.0
2026,0.9249213847631673,0.9972640065274592,0.07835451252495343,0.010200446991207937,0.4713331910097728,0.873117572331089,0.64,0.24,0.12,0.75
2027,0.9168790507383537,0.9975234879986825,0.08058067728003196,0.01945136948229567,0.5037727887544016,0.8731172141373345,0.24,0.68,0.08,0.5
2028,0.9258552708293192,0.9972643358946623,0.0773919613944297,0.009595568948992524,0.4667881855330919,0.8731147458914776,0.74,0.2,0.06,0.75
2029,0.9252567943149923,0.9972485262689058,0.07915580262839332,0.009642388794907274,0.4713331910097728,0.8730962813454043,0.62,0.22,0.16,0.75
2030,0.9119828293873916,0.9980522720722811,0.07710944978947205,0.017663088568549305,0.5037727887544016,0.8730869060631203,0.16,0.62,0.22,0.75
2031,0.9250479266998136,0.997284097926858,0.07601826418164762,0.010565617241483579,0.4667881855330919,0.87307786253027,0.74,0.24,0.02,0.75
2032,0.9254424336297468,0.9972542153387803,0.0793935657919418,0.009715422844962398,0.4713331910097728,0.8730696157429094,0.64,0.22,0.14,0.75
2033,0.9171338066698471,0.996413700178532,0.08043451556631281,0.01949244175708499,0.5037727887544016,0.873061131644712,0.24,0.68,0.08,0.25
2034,0.9248619356077985,0.9972051396254945,0.07934753959378638,0.008938262498496372,0.4713331910097728,0.8730568174021911,0.56,0.2,0.24,0.75
2035,0.915488494887818,0.9954132922123371,0.07813458353813893,0.006685424071519556,0.48651264088418383,0.8730534783780401,0.74,0.08,0.18,0.75
2036,0.9255536326379399,0.9972798760381617,0.07696592174388989,0.010080593095238044,0.4667881855330919,0.873052509684551,0.74,0.22,0.04,0.75
2037,0.9140956333822096,0.9952748082746025,0.07653095588750261,0.006831492171629826,0.48651264088418383,0.8730483428474765,0.78,0.08,0.14,0.75
2038,0.9247651461841419,0.9972510114941668,0.07858325043711549,0.01005437889109768,0.4713331910097728,0.8730319653121016,0.6,0.24,0.16,0.75
2039,0.920206021287801,0.9979888539144169,0.08716546395645437,0.015727526956006755,0.5037727887544016,0.8730299108781092,0.28,0.52,0.2,0.5
2040,0.9240352446439406,0.9983264852402322,0.07516752158213706,0.011316563383809168,0.4667881855330919,0.8730256992079264,0.68,0.28,0.04,0.75
2041,0.9123851144525573,0.9947131773080968,0.07483296259900898,0.0064195020754394564,0.48651264088418383,0.8730232778421975,0.8,0.06,0.14,0.75
2042,0.9112876948859688,0.99814940545477,0.0645230056118134,0.01084653631697197,0.4713331910097728,0.873021986628195,0.02,0.36,0.62,0.75
2043,0.9251802304949327,0.99728164264407,0.07645076359490927,0.010419549141373318,0.4667881855330919,0.8730216060446694,0.7,0.24,0.06,0.75
2044,0.9240469692992903,0.9983424745208269,0.07515542830759211,0.011389597433864295,0.4667881855330919,0.8730204975680523,0.7,0.28,0.02,0.75
2045,0.9182636587730338,0.9976057100296056,0.08293497707475071,0.018709402472004803,0.5037727887544016,0.8730140159267137,0.3,0.64,0.06,0.5
2046,0.917733755791285,0.9975754980743247,0.08209328004464767,0.019118184701406603,0.5037727887544016,0.8730116192192687,0.28,0.66,0.06,0.5
2047,0.9238557417819316,0.9983093880881356,0.07754760165376914,0.011097461233643783,0.4713331910097728,0.8730081090847919,0.62,0.28,0.1,0.75
2048,0.924020386586377,0.9983215746746563,0.07527293280923265,0.011243529333754039,0.4667881855330919,0.873004696764915,0.66,0.28,0.06,0.75
2049,0.9242992459442326,0.9982979800059136,0.07841514506991622,0.010539403037343112,0.4713331910097728,0.8730007406435628,0.6,0.26,0.14,0.75
2050,0.9116646446233337,0.9945810411746432,0.07473542261382757,0.005522487833003574,0.48651264088418383,0.8729948634124814,0.82,0.02,0.16,0.75
2051,0.8794004971852436,0.9624242923283641,0.07288184941008276,0.023476454744689665,0.6035558894691618,0.8729926289333155,0.02,0.88,0.1,0.0
2052,0.924478513985984,0.9983264852402322,0.07598885168619268,0.010977607337673884,0.4667881855330919,0.8729894854461557,0.72,0.26,0.02,0.75
2053,0.9116154683782336,0.9945803824402367,0.0746528100353891,0.005595521883058703,0.48651264088418383,0.8729892418702251,0.84,0.02,0.14,0.75
2054,0.9119124698859716,0.9946268831008425,0.07472668951982345,0.006007511979249096,0.48651264088418383,0.8729816022892358,0.82,0.04,0.14,0.75
2055,0.911394186969127,0.9981587475063535,0.06517206474859852,0.010361512170726438,0.4713331910097728,0.8729650615105522,0.02,0.34,0.64,0.75
2056,0.9244563063386858,0.9983251078864731,0.07612461763221944,0.010904573287618754,0.4667881855330919,0.8729580495875024,0.7,0.26,0.04,0.75
2057,0.9230080247388435,0.9983376837251431,0.07623928124209328,0.011994475476079612,0.4713331910097728,0.8729561369428931,0.6,0.32,0.08,0.75
2058,0.9147157276573692,0.9953773013597625,0.0776132198742397,0.006758458121574692,0.48651264088418383,0.8729520765254897,0.76,0.08,0.16,0.75
2059,0.9205615368558121,0.9979251662742955,0.08694597138610768,0.01692307865737301,0.5037727887544016,0.8729512342307715,0.34,0.56,0.1,0.5
2060,0.9244268451768871,0.9983084299289989,0.07869484872840302,0.01061243708739824,0.4713331910097728,0.8729452756756074,0.62,0.26,0.12,0.75
2061,0.9248279018196286,0.9972543650511455,0.07895889491265672,0.010127412941152806,0.4713331910097728,0.8729283001418832,0.62,0.24,0.14,0.75
2062,0.9203265884106957,0.9979157942802391,0.08691622726995003,0.016847481208860437,0.5037727887544016,0.8729030457256057,0.32,0.56,0.12,0.5
2063,0.9133206717762541,0.9981459021854262,0.08049084054539425,0.01579602603362244,0.5037727887544016,0.8729000526687609,0.18,0.54,0.28,0.75
2064,0.8757362015532113,0.9980166105869099,0.05132137767867402,0.012796528176649684,0.5189522386288125,0.8728986627992692,0.58,0.36,0.06,1.0
2065,0.9115041633990393,0.9945816999090498,0.07482352167295053,0.005668555933113832,0.48651264088418383,0.8728921842201913,0.86,0.02,0.12,0.75
2066,0.9235060815783873,0.998365350570217,0.07477720216110893,0.011801587530054699,0.4667881855330919,0.872888397637125,0.68,0.3,0.02,0.75
2067,0.9234316523599896,0.9983395701009435,0.07481801045370054,0.011655519429944439,0.4667881855330919,0.8728796406369668,0.64,0.3,0.06,0.75
2068,0.9112729000265792,0.9980082266944632,0.0767940869488705,0.0180750786647396,0.5037727887544016,0.8728759169102093,0.14,0.64,0.22,0.75
2069,0.916023812777828,0.9963468236650336,0.08000028131271954,0.019336120063144946,0.5037727887544016,0.8728746598597181,0.2,0.68,0.12,0.25
2070,0.9116291274649988,0.9945759808967022,0.07526445881424092,0.005303385682838189,0.48651264088418383,0.8728746220727656,0.76,0.02,0.22,0.75
2071,0.9129810021757185,0.9945304084527601,0.07539398240485996,0.007168889184755494,0.48651264088418383,0.8728628753106338,0.8,0.08,0.12,0.25
2072,0.9200308066463012,0.9979036975211375,0.08680435110519392,0.016771883760347866,0.5037727887544016,0.8728598968097422,0.3,0.56,0.14,0.5
2073,0.9108687233518985,0.9981377278902908,0.06432716149540094,0.011331560463217387,0.4713331910097728,0.8728540473711599,0.02,0.38,0.6,0.75
2074,0.9174093215957349,0.996444091788651,0.08190840167398315,0.018837614725798986,0.5037727887544016,0.8728540366345792,0.32,0.64,0.04,0.25
2075,0.9126222391768936,0.9981188042473398,0.07963288986137282,0.01620801612981281,0.5037727887544016,0.8728516124184347,0.16,0.56,0.28,0.75
2076,0.9117361412567561,0.9980692793969586,0.07808973467173456,0.017105030372248718,0.5037727887544016,0.8728442119342317,0.14,0.6,0.26,0.75
2077,0.9175493727383764,0.9964572065918355,0.08278968162765729,0.017870144306633095,0.5037727887544016,0.8728372296379223,0.32,0.6,0.08,0.25
2078,0.9245718671009776,0.9983208560553037,0.0767466998690561,0.010831539237563624,0.4667881855330919,0.8728271918599038,0.68,0.26,0.06,0.75
2079,0.8756651708861237,0.998023108103556,0.05124809981954083,0.013211726139628665,0.5189522386288125,0.8728164321548397,0.56,0.38,0.06,1.0
2080,0.9134678692228417,0.9945594227091201,0.07578602722704735,0.007652624394338468,0.48651264088418383,0.872803420297153,0.8,0.1,0.1,0.25
2081,0.9234765720135172,0.99835151714768,0.07516651667587569,0.011728553479999567,0.4667881855330919,0.8727797441403344,0.66,0.3,0.04,0.75
2082,0.875096657470836,0.9980298152175133,0.04965911389271672,0.014872517991544947,0.5189522386288125,0.8727732102502981,0.48,0.46,0.06,1.0
2083,0.8750974028102795,0.9980210420729174,0.04971867209740587,0.014802047339947264,0.5189522386288125,0.8727690271454515,0.46,0.46,0.08,1.0
2084,0.9175314708812987,0.9964645125552533,0.08215216706007264,0.019243189088412098,0.5037727887544016,0.8727422938399858,0.3,0.66,0.04,0.25
2085,0.9249362962071885,0.9972442145527904,0.08020715051814638,0.009496320694797016,0.4713331910097728,0.8727253438983088,0.58,0.22,0.2,0.75
2086,0.9181668208493525,0.9975976555043622,0.08392719538475574,0.018633805023492215,0.5037727887544016,0.8727125821734606,0.28,0.64,0.08,0.5
2087,0.9128665976419545,0.9981333263467563,0.08072398782402211,0.015722991983567306,0.5037727887544016,0.8727092787781471,0.16,0.54,0.3,0.75
2088,0.9199296844863885,0.9979433114129479,0.08763466895722503,0.01621190663392105,0.5037727887544016,0.8727079185813278,0.28,0.54,0.18,0.5
2089,0.9103260704514025,0.9979457068107898,0.07608762959814934,0.01848706876093011,0.5037727887544016,0.8727039325391641,0.12,0.66,0.22,0.75
2090,0.9241744075957149,0.9971974743524005,0.07996167424862281,0.008792194398386112,0.4713331910097728,0.8727014210234298,0.52,0.2,0.28,0.75
2091,0.8830340815552769,0.9625873889789243,0.07735752804703645,0.020658634542606552,0.5990108839924809,0.8726975740859948,0.04,0.76,0.2,0.0
2092,0.8754367613858794,0.9980358336545911,0.05088451686707415,0.014042122065586788,0.5189522386288125,0.8726886468167252,0.52,0.42,0.06,1.0
2093,0.9116622759109819,0.994575621587026,0.07593368615629474,0.005376419732893319,0.48651264088418383,0.8726768077065763,0.78,0.02,0.2,0.75
2094,0.9119862531690597,0.994625056609988,0.07597062340292092,0.005861443879138836,0.48651264088418383,0.8726737534716886,0.78,0.04,0.18,0.75
2095,0.9178278061039681,0.9964375044445858,0.08370040687016994,0.017791983459663076,0.5037727887544016,0.8726706567367093,0.3,0.6,0.1,0.25
2096,0.9111331140762856,0.9980462835776764,0.078110041525297,0.017031996322193592,0.5037727887544016,0.8726686018978234,0.12,0.6,0.28,0.75
2097,0.911480188074207,0.9980372409508232,0.07810089741658037,0.01759005451849418,0.5037727887544016,0.8726623944959715,0.14,0.62,0.24,0.75
2098,0.925587743715062,0.997268857208089,0.07848280778813448,0.00993452499512779,0.4667881855330919,0.8726526230084736,0.7,0.22,0.08,0.75
2099,0.9120094489843332,0.9946229007519304,0.07614615969263114,0.005788409829083705,0.48651264088418383,0.8726443465806407,0.76,0.04,0.2,0.75
2100,0.9179146685489243,0.9975887326474012,0.0839664898736127,0.018558207574979637,0.5037727887544016,0.8726393795516489,0.26,0.64,0.1,0.5
2101,0.8753402092175931,0.9980371511234042,0.050918795363573015,0.01411259271718447,0.5189522386288125,0.8726358939728602,0.54,0.42,0.04,1.0
2102,0.912192107255604,0.9944326163358648,0.07588661042437546,0.006357740459529545,0.48651264088418383,0.8726316253619586,0.84,0.04,0.12,0.25
2103,0.9168508843430642,0.9964044180118946,0.08168758919963817,0.01941428091011497,0.5037727887544016,0.872628934167742,0.22,0.68,0.1,0.25
2104,0.9171811306625174,0.9964662492186886,0.08312618401576473,0.017948305153603128,0.5037727887544016,0.8726153871744847,0.34,0.6,0.06,0.25
2105,0.9232704897398533,0.9983036391333151,0.0781192758808422,0.011436417279779053,0.4713331910097728,0.8725989296052378,0.58,0.3,0.12,0.75
2106,0.9195991326277614,0.997980080769821,0.08809462691827305,0.015651929507494184,0.5037727887544016,0.8725935480386717,0.26,0.52,0.22,0.5
2107,0.925118935240279,0.997273977370976,0.07798801464720627,0.010346515091318193,0.4667881855330919,0.8725731175933702,0.68,0.24,0.08,0.75
2108,0.9119299083156288,0.9980885024646398,0.07959054220193557,0.016620006226003153,0.5037727887544016,0.872569188825065,0.14,0.58,0.28,0.75
2109,0.9171994498706855,0.9963740862867216,0.08286141551291001,0.01852497133791889,0.5037727887544016,0.8725681213014873,0.24,0.64,0.12,0.25
2110,0.9246403239934323,0.9972503228172873,0.08012808984420504,0.009981344841042548,0.4713331910097728,0.8725632757330523,0.58,0.24,0.18,0.75
2111,0.9175112541739928,0.9964417862182282,0.08336858293601754,0.018353879516216053,0.5037727887544016,0.8725596983613025,0.32,0.62,0.06,0.25
2112,0.9129733647730768,0.9945317858065192,0.07639738030594577,0.007247050031725521,0.48651264088418383,0.8725556390883242,0.82,0.08,0.1,0.25
2113,0.8752686181081462,0.9980384985346902,0.051090014609919285,0.014183063368782153,0.5189522386288125,0.8725511211898778,0.56,0.42,0.02,1.0
2114,0.882565206904746,0.9625764300337976,0.07744298372828623,0.020577910297179085,0.5990108839924809,0.8725467554006411,0.02,0.76,0.22,0.0
2115,0.9178268268443767,0.9964332825558895,0.0837939486212637,0.018275718669246037,0.5037727887544016,0.8725459921895272,0.3,0.62,0.08,0.25
2116,0.9106618698853245,0.9980197246041044,0.07810491991384415,0.01695896227213847,0.5037727887544016,0.8725393293891991,0.1,0.6,0.3,0.75
2117,0.8974829470461146,0.9930996972067415,0.06358754623097573,0.0050099257251205835,0.4910576463608645,0.872519012982006,0.0,0.12,0.88,0.25
2118,0.9146196119721814,0.9959382436493887,0.08271860947743954,0.005244408266030653,0.4910576463608645,0.8725188399035197,0.06,0.12,0.82,0.25
2119,0.9113695028617365,0.9980745792146838,0.07922812540564522,0.01654697217594803,0.5037727887544016,0.8725181568943635,0.12,0.58,0.3,0.75
2120,0.9170853762485814,0.9963739964593026,0.08259135238650274,0.01900870654750203,0.5037727887544016,0.8725150624454656,0.24,0.66,0.1,0.25
2121,0.8747208033356796,0.9979996332047054,0.04989011309281695,0.015287715954524012,0.5189522386288125,0.8725062348351473,0.46,0.48,0.06,1.0
2122,0.9165803445326877,0.9963489346093817,0.08214665366618536,0.018930545700532,0.5037727887544016,0.8725037387503016,0.22,0.66,0.12,0.25
2123,0.9166296691263253,0.9975166012298871,0.08249951797419039,0.019375772033783097,0.5037727887544016,0.8725028257373653,0.22,0.68,0.1,0.5
2124,0.9194907704617323,0.9978973796593296,0.08753382567261701,0.016696286311835288,0.5037727887544016,0.8725015758966277,0.28,0.56,0.16,0.5
2125,0.910675388450849,0.997980110712294,0.07751127966265578,0.018002044614684482,0.5037727887544016,0.872500114775868,0.12,0.64,0.24,0.75
2126,0.9144256683727722,0.9959257576381377,0.08266024184917117,0.00516624741906063,0.4910576463608645,0.8724912574289736,0.04,0.12,0.84,0.25
2127,0.8747222184622732,0.9979866681138861,0.05004303266865093,0.015146774651328656,0.5189522386288125,0.8724887796073996,0.42,0.48,0.1,1.0
2128,0.9177498841009114,0.9964393908203864,0.0835807450390895,0.018759453878828963,0.5037727887544016,0.8724885961143859,0.3,0.64,0.06,0.25
2129,0.9184613299722042,0.9976371196838075,0.08537817336253117,0.018149425345578046,0.5037727887544016,0.8724850667262206,0.28,0.62,0.1,0.5
2130,0.8752308653887942,0.9980375703180265,0.05106031083951338,0.014527790680163554,0.5189522386288125,0.8724792813757484,0.52,0.44,0.04,1.0
2131,0.909521959856903,0.9979162733598075,0.07610392665255551,0.01841403471087498,0.5037727887544016,0.8724681888172635,0.1,0.66,0.24,0.75
2132,0.9125773831661171,0.9946329614228663,0.07677285211444708,0.006627925473818551,0.48651264088418383,0.872467507597046,0.82,0.06,0.12,0.5
2133,0.9192936472214095,0.9979352568877045,0.08785552294569063,0.01613630918540846,0.5037727887544016,0.8724672937219662,0.26,0.54,0.2,0.5
2134,0.9125072435459133,0.994710871737674,0.07699759636435426,0.0062734339753291995,0.48651264088418383,0.8724642030749421,0.76,0.06,0.18,0.75
2135,0.9172488811375805,0.996486969410021,0.08401632866139888,0.01754273079099006,0.5037727887544016,0.87246309376504,0.36,0.58,0.06,0.25
2136,0.9223510105407112,0.9972823912058957,0.07560004781008255,0.0102266611953483,0.4667881855330919,0.872456994620677,0.78,0.22,0.0,0.75
2137,0.9125409528083439,0.9944913634679372,0.07660741231884559,0.006763314822142518,0.48651264088418383,0.8724559967613459,0.82,0.06,0.12,0.25
2138,0.878149741341548,0.9885708682194334,0.06839071574088754,0.0055487020371439745,0.5437731010824952,0.8724533881018798,0.96,0.0,0.04,0.75
2139,0.8969293690590695,0.9936584836383099,0.06354957095547871,0.0049815691185457,0.4910576463608645,0.8724533862202698,0.0,0.12,0.88,0.5
2140,0.8745921088250953,0.9979782842214395,0.05007810364598209,0.015076303999730976,0.5189522386288125,0.8724524639176838,0.4,0.48,0.12,1.0
2141,0.9090572127505697,0.9978472559594879,0.07532310910208138,0.01889905885712044,0.5037727887544016,0.872446703567648,0.1,0.68,0.22,0.75
2142,0.8747228736310454,0.9979946627541835,0.05017986793940114,0.015217245302926334,0.5189522386288125,0.8724365989104502,0.44,0.48,0.08,1.0
2143,0.9108617926480055,0.9980107718046702,0.07828759086375704,0.01751702046843906,0.5037727887544016,0.8724336439641173,0.12,0.62,0.26,0.75
2144,0.9095874437680932,0.9979847218531397,0.07745752199138214,0.016812894172028203,0.5037727887544016,0.8724277643158505,0.06,0.6,0.34,0.75
2145,0.9173697119728274,0.9964102268516613,0.08310043275737979,0.01916502824144208,0.5037727887544016,0.8724276438375095,0.28,0.66,0.06,0.25
2146,0.9218809445568618,0.997287930563405,0.07493303103288458,0.010638651291538707,0.4667881855330919,0.8724268680692411,0.76,0.24,0.0,0.75
2147,0.9098723610379355,0.9979478027839014,0.07697560393443445,0.017929010564629345,0.5037727887544016,0.8724235305160719,0.1,0.64,0.26,0.75
2148,0.9175402964143359,0.9975666051598366,0.08398164958802329,0.019042587252894032,0.5037727887544016,0.8724224986835946,0.26,0.66,0.08,0.5
2149,0.9188240317131741,0.9977281747442726,0.0863680366368933,0.017665045667663838,0.5037727887544016,0.8724187972757481,0.28,0.6,0.12,0.5
2150,0.9237974994438611,0.997190003705381,0.0806073002238031,0.00871916034833099,0.4713331910097728,0.8724155465122996,0.5,0.2,0.3,0.75
2151,0.87812452745259,0.988571616781259,0.06849484188161857,0.005621736087199104,0.5437731010824952,0.8724012849560834,0.98,0.0,0.02,0.75
2152,0.9153026634616224,0.9963228846578511,0.08095100118053065,0.019257959216174923,0.5037727887544016,0.87239603661546,0.18,0.68,0.14,0.25
2153,0.9171530971446289,0.9975570235684691,0.08372821467665871,0.01896698980438146,0.5037727887544016,0.8723931470116426,0.24,0.66,0.1,0.5
2154,0.9121275226472209,0.9981065877183461,0.08076296482034208,0.01613498207975768,0.5037727887544016,0.8723899010823675,0.14,0.56,0.3,0.75
2155,0.9174632384929007,0.9963968725086927,0.08371249453029025,0.01860313218488891,0.5037727887544016,0.8723894741564977,0.26,0.64,0.1,0.25
2156,0.9245862691914425,0.9972364893947503,0.08111982596590118,0.00935025259468676,0.4713331910097728,0.8723850481714176,0.54,0.22,0.24,0.75
2157,0.9190475181997136,0.9979589114413933,0.088289266138484,0.015576332058981604,0.5037727887544016,0.8723838467931436,0.24,0.52,0.24,0.5
2158,0.9124681843578293,0.9947132371930428,0.07718755007318714,0.006346468025384328,0.48651264088418383,0.8723834242720648,0.78,0.06,0.16,0.75
2159,0.9192184336817898,0.9978215653176336,0.08731060473978476,0.01718066598974951,0.5037727887544016,0.8723760347223714,0.28,0.58,0.14,0.5
2160,0.9122102487968112,0.9944327061632838,0.07690330511615992,0.006201418765589497,0.48651264088418383,0.8723749895592348,0.8,0.04,0.16,0.25
2161,0.9174942160392796,0.9964623566971955,0.08467871964045995,0.017386409097050012,0.5037727887544016,0.8723731410312898,0.32,0.58,0.1,0.25
2162,0.9159636655422769,0.9963380954341472,0.08201132371254566,0.018852384853561978,0.5037727887544016,0.8723717893168872,0.2,0.66,0.14,0.25
2163,0.9146716832761296,0.995920996784927,0.08260444424390966,0.006211878685196636,0.4910576463608645,0.8723713213044528,0.06,0.16,0.78,0.25
2164,0.9247964441816178,0.9972402920888244,0.08135036766806297,0.00942328664474189,0.4713331910097728,0.8723675439884848,0.56,0.22,0.22,0.75
2165,0.9146815078219662,0.9959239610897563,0.08297868677117616,0.00572814347561365,0.4910576463608645,0.8723634767882094,0.06,0.14,0.8,0.25
2166,0.9227844818590405,0.9983750519314767,0.07779740726543839,0.012406465572270025,0.4713331910097728,0.8723627011532722,0.58,0.34,0.08,0.75
2167,0.918138514407193,0.9955515665527606,0.08170758760053996,0.009080618850228627,0.48651264088418383,0.872359235380794,0.7,0.18,0.12,0.5
2168,0.9120608160254077,0.9945664891327537,0.0768666368776548,0.0062191432444168825,0.48651264088418383,0.8723572624946386,0.84,0.04,0.12,0.5
2169,0.9119725675794427,0.9946205352965615,0.07718876733283629,0.005715375779028573,0.48651264088418383,0.872346701176456,0.74,0.04,0.22,0.75
2170,0.9187958917795934,0.9979166925544298,0.08780706212626721,0.016060711736895883,0.5037727887544016,0.8723442847659045,0.24,0.54,0.22,0.5
2171,0.9100741006697631,0.9980069241968867,0.07821793188347942,0.016885928222083343,0.5037727887544016,0.8723430770118282,0.08,0.6,0.32,0.75
2172,0.9129331619727246,0.9946714674431748,0.07731608010163765,0.007036707703220223,0.48651264088418383,0.8723415182315559,0.8,0.08,0.12,0.5
2173,0.9179998133283548,0.9955449792086953,0.08158566860749769,0.009156216298741204,0.48651264088418383,0.8723366958511607,0.72,0.18,0.1,0.5
2174,0.9189168457254873,0.9978896844437625,0.08756056250750614,0.016620688863322707,0.5037727887544016,0.8723356490633007,0.26,0.56,0.18,0.5
2175,0.9230220944644053,0.998341426534271,0.07846823245528611,0.011921441426024481,0.4713331910097728,0.8723323867196106,0.58,0.32,0.1,0.75
2176,0.9116558396895413,0.9947944711223562,0.08020611360203601,0.004511420387774698,0.4910576463608645,0.8723296929832638,0.12,0.08,0.8,0.25
2177,0.9172982003971432,0.9964652311746058,0.08457856635396246,0.01746456994402004,0.5037727887544016,0.8723280334708182,0.34,0.58,0.08,0.25
2178,0.9121493572481779,0.994416477342905,0.07733210059834932,0.005717683556006477,0.48651264088418383,0.8723273105903624,0.8,0.02,0.18,0.25
2179,0.9109478650440942,0.9980527212093765,0.07949284430050131,0.016473938125892908,0.5037727887544016,0.8723266119309181,0.1,0.58,0.32,0.75
2180,0.9186696356894998,0.9978139898719585,0.0870226632312349,0.017105068541236938,0.5037727887544016,0.8723084608548259,0.26,0.58,0.16,0.5
2181,0.9181215128923943,0.9978061748864994,0.08650711960693794,0.017029471092724367,0.5037727887544016,0.872306725703605,0.24,0.58,0.18,0.5
2182,0.9244812492926222,0.9972437354732221,0.0809433319132004,0.009908310790987421,0.4713331910097728,0.8722939428931977,0.56,0.24,0.2,0.75
2183,0.9177045058004779,0.9964159159215358,0.08617235938038537,0.015935203468301004,0.5037727887544016,0.8722885296399171,0.32,0.52,0.16,0.25
2184,0.9184953702529315,0.997721168205585,0.0865453929181367,0.017589448219151264,0.5037727887544016,0.8722830931410908,0.26,0.6,0.14,0.5
2185,0.9125548454838438,0.9947109615650931,0.07773390651964304,0.0062003999252740714,0.48651264088418383,0.8722806497385269,0.74,0.06,0.2,0.75
2186,0.917475593427972,0.9964905625067838,0.08522234791821345,0.017058995581407086,0.5037727887544016,0.8722804098583838,0.36,0.56,0.08,0.25
2187,0.9121375347132747,0.9944255499122311,0.07732805847299574,0.005952166096916547,0.48651264088418383,0.8722793945179488,0.86,0.02,0.12,0.25
2188,0.9231548083505896,0.9983048667747091,0.07921800485445611,0.011290349179668797,0.4713331910097728,0.8722765967863871,0.54,0.3,0.16,0.75
2189,0.9172800043984254,0.9963902851646275,0.08357632218573907,0.019086867394472053,0.5037727887544016,0.8722760598178668,0.26,0.66,0.08,0.25
2190,0.9159951565864352,0.9975106875914649,0.08267528377686163,0.019300174585270512,0.5037727887544016,0.8722759891289631,0.2,0.68,0.12,0.5
2191,0.9242721183443734,0.9972341838243275,0.08123022595608628,0.00927721854463163,0.4713331910097728,0.8722732091880736,0.52,0.22,0.26,0.75
2192,0.9237971605469173,0.998288278644654,0.08056637314172889,0.01032030088717773,0.4713331910097728,0.8722717670360074,0.54,0.26,0.2,0.75
2193,0.9230698037619695,0.9983794235325381,0.07618908720227309,0.012213577626244998,0.4667881855330919,0.872269843307871,0.66,0.32,0.02,0.75
2194,0.8745484221726885,0.9979685229752339,0.050718472821504816,0.015005833348133293,0.5189522386288125,0.8722672163785775,0.38,0.48,0.14,1.0
2195,0.9089717241365222,0.9979657383252426,0.07745314004035525,0.016739860121973076,0.5037727887544016,0.8722560720710089,0.04,0.6,0.36,0.75
2196,0.9121823045034514,0.9944233341692273,0.07751391521938114,0.005874005249946525,0.48651264088418383,0.8722544983416801,0.84,0.02,0.14,0.25
2197,0.9129101289201275,0.9946730843367181,0.07754737559876859,0.007112305151732797,0.48651264088418383,0.8722529935867676,0.82,0.08,0.1,0.5
2198,0.9121961235323106,0.9944193218778422,0.07760152725005708,0.0057958444029765,0.48651264088418383,0.8722483948875883,0.82,0.02,0.16,0.25
2199,0.9167366090072626,0.9975486995609685,0.08385913255252701,0.018891392355868883,0.5037727887544016,0.8722442965449544,0.22,0.66,0.12,0.5
2200,0.9103565131452124,0.9979833444993805,0.0784636634881716,0.01744398641838393,0.5037727887544016,0.8722417490070811,0.1,0.62,0.28,0.75
2201,0.9121911682068834,0.9944343230568271,0.07730796336346525,0.006279579612559522,0.48651264088418383,0.8722371160575654,0.82,0.04,0.14,0.25
2202,0.8968988782460906,0.9936376736195585,0.06392750120854718,0.005465948796459947,0.4910576463608645,0.8722351939175998,0.0,0.14,0.86,0.5
2203,0.9231446811395978,0.9982968122494658,0.0792967508229898,0.011363383229723925,0.4713331910097728,0.8722350223506333,0.56,0.3,0.14,0.75
2204,0.8789606337684749,0.9884388219133989,0.0697123348585944,0.005859235122183658,0.5437731010824952,0.8722334035976329,0.96,0.0,0.04,0.25
2205,0.9202565178253224,0.9983622664954955,0.07390523248754498,0.014878406149412231,0.4713331910097728,0.8722310502623991,0.46,0.46,0.08,0.75
2206,0.9125281373063447,0.9944887584727842,0.07744978944768663,0.0066851539751724975,0.48651264088418383,0.8722243348695997,0.8,0.06,0.14,0.25
2207,0.9147636343848562,0.9959418068036784,0.08319129317253612,0.006290039532166661,0.4910576463608645,0.8722170671626736,0.08,0.16,0.76,0.25
2208,0.9159904467814669,0.9963444731809012,0.08293903385196037,0.01836864964397884,0.5037727887544016,0.8722098468290709,0.2,0.64,0.16,0.25
2209,0.9106886004817943,0.994701948880713,0.07980993751178284,0.004184006872131758,0.4910576463608645,0.8722054378439672,0.16,0.06,0.78,0.25
2210,0.9237107573300909,0.99830606447363,0.08027856266804,0.010951393133533521,0.4713331910097728,0.872205340044656,0.58,0.28,0.14,0.75
2211,0.914719442669276,0.9963574981566665,0.08074895327922318,0.019663533578787824,0.5037727887544016,0.8722034462311035,0.16,0.7,0.14,0.25
2212,0.9116055334264782,0.9945499908301176,0.07963357748864629,0.005720756091667645,0.4910576463608645,0.8722012609220339,0.58,0.06,0.36,0.5
2213,0.9133585477531112,0.9947162014978722,0.07793350718532946,0.007521087381134443,0.48651264088418383,0.8722008163399431,0.8,0.1,0.1,0.5
2214,0.8783325469248495,0.9885697902904046,0.06951179935155846,0.005475667987088846,0.5437731010824952,0.8721991985444195,0.94,0.0,0.06,0.75
2215,0.9176353923558435,0.996418790398946,0.08452756292565908,0.018681293031858937,0.5037727887544016,0.8721935968031277,0.28,0.64,0.08,0.25
2216,0.9177851519173142,0.9964512779821767,0.08565756623086161,0.017308248250079993,0.5037727887544016,0.8721919567324885,0.3,0.58,0.12,0.25
2217,0.8789438998972876,0.9884399896698468,0.06978996263512662,0.0059373959691536825,0.5437731010824952,0.8721905277887022,0.98,0.0,0.02,0.25
2218,0.9084462570030674,0.9978156067655017,0.07561583938532952,0.018826024807065307,0.5037727887544016,0.8721888121687185,0.08,0.68,0.24,0.75
2219,0.9240484751118533,0.9982939976570014,0.08105948940298514,0.010466368987287984,0.4713331910097728,0.872176522360379,0.58,0.26,0.16,0.75
2220,0.9241607284895499,0.9972399477503846,0.0810793565172247,0.009835276740932293,0.4713331910097728,0.8721725768995284,0.54,0.24,0.22,0.75
2221,0.9229211008302892,0.998282050610265,0.07948267232258052,0.011071247029503413,0.4713331910097728,0.8721705156469138,0.48,0.3,0.22,0.75
2222,0.9141999063112204,0.9959172839182721,0.08322170892122645,0.005649982628643627,0.4910576463608645,0.8721635055585163,0.04,0.14,0.82,0.25
2223,0.921640098267748,0.9983725667062157,0.0764423669866505,0.013642435860841122,0.4713331910097728,0.8721628012124634,0.52,0.4,0.08,0.75
2224,0.9230332364723939,0.9983575355847578,0.07662289542258441,0.01206750952613474,0.4667881855330919,0.8721596329552254,0.62,0.32,0.06,0.75
2225,0.9232487111276255,0.9982774394694194,0.08011455907294093,0.010732290983368137,0.4713331910097728,0.8721535742979853,0.52,0.28,0.2,0.75
2226,0.9135169727085207,0.9945518173209721,0.07819730929836262,0.007496302700398422,0.48651264088418383,0.8721525259361282,0.76,0.1,0.14,0.25
2227,0.9232259468041286,0.9982902548478735,0.0801541986581779,0.010659256933313007,0.4713331910097728,0.8721518365511065,0.5,0.28,0.22,0.75
2228,0.9177513754008498,0.9978702368075335,0.08709818384631428,0.016469493966297558,0.5037727887544016,0.8721467440801832,0.22,0.56,0.22,0.5
2229,0.9174524140635675,0.9964220690997421,0.08645985673264385,0.015857042621330978,0.5037727887544016,0.8721465030640946,0.3,0.52,0.18,0.25
2230,0.9237921304426987,0.9972305308426186,0.08123079549529397,0.009204184494576504,0.4713331910097728,0.8721431073460478,0.5,0.22,0.28,0.75
2231,0.8898617293712522,0.9625889160450485,0.042259690582565915,0.0033480921029708493,0.4910576463608645,0.8721423155450746,0.06,0.04,0.9,0.0
2232,0.9173360920965505,0.9975794504807638,0.08514600354294105,0.01848261012646707,0.5037727887544016,0.8721391980763635,0.24,0.64,0.12,0.5
2233,0.9224866749325616,0.9983989759674226,0.07553577842671712,0.012964523768570706,0.4667881855330919,0.872136153361949,0.6,0.36,0.04,0.75
2234,0.910348093065754,0.9980414328970465,0.07960677041074847,0.01640090407583778,0.5037727887544016,0.8721267217737212,0.08,0.58,0.34,0.75
2235,0.9184222178451866,0.9978789949808929,0.08783525452293738,0.016545091414810132,0.5037727887544016,0.8721215174077958,0.24,0.56,0.2,0.5
2236,0.9205528488927694,0.9983702311933198,0.07431700066614003,0.011874621580109827,0.4667881855330919,0.8721213391978142,0.7,0.3,0.0,0.75
2237,0.9230932653455799,0.9983007047709588,0.0797753049473115,0.011217315129613667,0.4713331910097728,0.8721113135782828,0.52,0.3,0.18,0.75
2238,0.9117096151399828,0.9980937723398919,0.08134164424948262,0.016061948029702563,0.5037727887544016,0.8721102417449018,0.12,0.56,0.32,0.75
2239,0.9178549159528355,0.9964234015397917,0.08538598731797847,0.01819755782227601,0.5037727887544016,0.8721092036725133,0.28,0.62,0.1,0.25
2240,0.921364620627136,0.9983645720659183,0.0764903579950553,0.01342333371067574,0.4713331910097728,0.8721089318763018,0.46,0.4,0.14,0.75
2241,0.9227509112745242,0.9983581643766913,0.07868716536959493,0.012333431522214899,0.4713331910097728,0.872107973733819,0.56,0.34,0.1,0.75
2242,0.9089864623196146,0.9978771385475654,0.07682739003356844,0.018341000660819846,0.5037727887544016,0.8721075287378413,0.08,0.66,0.26,0.75
2243,0.9224306479864169,0.9983896039733662,0.0780429819544002,0.01281845566846045,0.4713331910097728,0.8721054779013439,0.56,0.36,0.08,0.75
2244,0.9226385638682361,0.9982788168231784,0.07946808462426118,0.010998212979448283,0.4713331910097728,0.8721040854202506,0.46,0.3,0.24,0.75
2245,0.9230545904770817,0.9982905243301308,0.07980948025285127,0.01114428107955854,0.4713331910097728,0.8721029299528555,0.5,0.3,0.2,0.75
2246,0.9118260012098374,0.9950107755474794,0.08106736717664458,0.004838833903417654,0.4910576463608645,0.8720991991477853,0.08,0.1,0.82,0.25
2247,0.9094441537958542,0.9979335202242692,0.07770049332931414,0.017855976514574223,0.5037727887544016,0.8720983739024765,0.08,0.64,0.28,0.75
2248,0.9227595800650243,0.9983837951335995,0.07628450876642981,0.012479499622325153,0.4667881855330919,0.8720967146962503,0.6,0.34,0.06,0.75
2249,0.9220517399542371,0.9983938857470086,0.07740292416287141,0.01323044576465073,0.4713331910097728,0.8720947313788423,0.54,0.38,0.08,0.75
2250,0.8896568562347011,0.9626272723529918,0.042697672665429995,0.00270355287086415,0.4910576463608645,0.8720891399809327,0.02,0.02,0.96,0.0
2251,0.9176437353605771,0.9964158260941167,0.08562380855695174,0.017635661765723034,0.5037727887544016,0.8720884716848782,0.26,0.6,0.14,0.25
2252,0.9239019458911298,0.9982872905430442,0.08128786829504901,0.010393334937232858,0.4713331910097728,0.8720802681180745,0.56,0.26,0.18,0.75
2253,0.8791353273901162,0.9884375044445859,0.07049805181317115,0.005781074275213635,0.5437731010824952,0.8720745362424153,0.94,0.0,0.06,0.25
2254,0.92268291210352,0.9983459478476976,0.07878378398778117,0.012260397472159765,0.4713331910097728,0.8720724700729167,0.54,0.34,0.12,0.75
2255,0.9209439993113131,0.998352834616493,0.07517304930480746,0.011462631483919425,0.4667881855330919,0.8720714694309384,0.72,0.28,0.0,0.75
2256,0.9233674574202666,0.998287080945733,0.0804816676471886,0.010805325033423263,0.4713331910097728,0.8720701124533068,0.54,0.28,0.18,0.75
2257,0.9092743040004198,0.9979448983640181,0.07801726026500909,0.017297918318273667,0.5037727887544016,0.8720693377066198,0.06,0.62,0.32,0.75
2258,0.9179264535319732,0.9964205270623814,0.08713198779926712,0.016013364315271027,0.5037727887544016,0.8720632832288953,0.34,0.52,0.14,0.25
2259,0.9117274346228074,0.9947983935863223,0.08116085037570077,0.004589581234744722,0.4910576463608645,0.8720606488617004,0.14,0.08,0.78,0.25
2260,0.9098454758814619,0.9979694212494246,0.07861869150880378,0.0173709523683288,0.5037727887544016,0.8720562245191605,0.08,0.62,0.3,0.75
2261,0.9179834755991638,0.9964305577908443,0.08605569860170849,0.017713822612693053,0.5037727887544016,0.8720523542164134,0.28,0.6,0.12,0.25
2262,0.9137919273972183,0.9959373154327249,0.0831124948466768,0.005806304322583673,0.4910576463608645,0.872044364793445,0.08,0.14,0.78,0.25
2263,0.8896793901942116,0.9626307756223356,0.0424941605896163,0.003267367857543377,0.4910576463608645,0.8720423838343592,0.04,0.04,0.92,0.0
2264,0.9223621387492859,0.9983728062459999,0.0782370481440521,0.012745421618405318,0.4713331910097728,0.8720410166152277,0.54,0.36,0.1,0.75
2265,0.9215528551221785,0.9983675064282747,0.076827824726271,0.013569401810785992,0.4713331910097728,0.872039256443228,0.5,0.4,0.1,0.75
2266,0.9178706416258594,0.9977127094569558,0.08679757074173143,0.01751385077063869,0.5037727887544016,0.8720367620912728,0.24,0.6,0.16,0.5
2267,0.9171363059239768,0.9964012890234637,0.0853267977500738,0.017557500918753004,0.5037727887544016,0.8720353936663289,0.24,0.6,0.16,0.25
2268,0.9122779078048128,0.9981195528091654,0.08249944580578052,0.015649957933512176,0.5037727887544016,0.8720329237212591,0.14,0.54,0.32,0.75
2269,0.8743344149359471,0.9979468446247647,0.0508176378740059,0.01570291391750307,0.5189522386288125,0.8720317333552161,0.44,0.5,0.06,1.0
2270,0.8743686013033797,0.9979408261876869,0.05089972746026902,0.01563244326590539,0.5189522386288125,0.8720314945824018,0.42,0.5,0.08,1.0
2271,0.874257798894825,0.9900345760707241,0.04506447988944474,0.004265905069061241,0.5006990589401363,0.872031343574916,0.64,0.0,0.36,1.0
2272,0.9125895421798511,0.9946305959674975,0.07834896547414284,0.006552328025305977,0.48651264088418383,0.872031149786981,0.8,0.06,0.14,0.5
2273,0.9139295824052527,0.9959585147036256,0.08293969161433087,0.006368200379136682,0.4910576463608645,0.872026322448451,0.1,0.16,0.74,0.25
2274,0.8743560148531568,0.9979352568877045,0.050955001529790586,0.015561972614307716,0.5189522386288125,0.8720250286574593,0.4,0.5,0.1,1.0
2275,0.9208013035573617,0.998374243484705,0.07554167584433016,0.014393382003166724,0.4713331910097728,0.8720211096165355,0.46,0.44,0.1,0.75
2276,0.9120201507005194,0.9945414871677789,0.07842257089126313,0.005583568669477461,0.48651264088418383,0.8720194798603371,0.8,0.02,0.18,0.5
2277,0.9227684922910077,0.9983895440884202,0.07651887999917703,0.012552533672380281,0.4667881855330919,0.872018018654215,0.62,0.34,0.04,0.75
2278,0.923019976093159,0.9983681352202082,0.07708395360472081,0.012140543576189869,0.4667881855330919,0.8720096047061756,0.64,0.32,0.04,0.75
2279,0.922869100528963,0.9982880391048697,0.08073014414100309,0.01002816468695722,0.4713331910097728,0.8720044860179985,0.46,0.26,0.28,0.75
2280,0.8745157940273469,0.990035683942226,0.045378442225097806,0.0043363757206589205,0.5006990589401363,0.8720042237841436,0.66,0.0,0.34,1.0
2281,0.9235937231807604,0.9982824398624144,0.08134309746605009,0.0102472668371226,0.4713331910097728,0.8720003515526682,0.52,0.26,0.22,0.75
2282,0.922651072737246,0.9983877774825117,0.07641054191720659,0.012625567722435402,0.4667881855330919,0.8719991807499089,0.64,0.34,0.02,0.75
2283,0.9121167751666197,0.9945702319418817,0.0782763548867648,0.006067948347391731,0.48651264088418383,0.8719980920016174,0.8,0.04,0.16,0.5
2284,0.9120752041413291,0.9945716092956407,0.0781832176825529,0.0061435457959043045,0.48651264088418383,0.8719975815239193,0.82,0.04,0.14,0.5
2285,0.9230363620010262,0.9982840268134846,0.08057079356835303,0.01058622288325788,0.4713331910097728,0.8719884298328346,0.48,0.28,0.24,0.75
2286,0.9182900117078977,0.9955412064570943,0.08320321252978391,0.009005021401716055,0.48651264088418383,0.871986703912668,0.68,0.18,0.14,0.5
2287,0.9213613865969,0.9983314257482812,0.07618525144205203,0.011050641387729012,0.4667881855330919,0.8719838125048648,0.74,0.26,0.0,0.75
2288,0.9179219868113693,0.9964812503976734,0.08806054604927478,0.005586348706646305,0.4910576463608645,0.8719812581992097,0.16,0.12,0.72,0.5
2289,0.923569594623747,0.9982967823069927,0.08095759110736332,0.010878359083478397,0.4713331910097728,0.8719802795253613,0.56,0.28,0.16,0.75
2290,0.922054389931653,0.9983854120271428,0.07786693891420746,0.0131574117145956,0.4713331910097728,0.8719749757679679,0.52,0.38,0.1,0.75
2291,0.8969298748896274,0.993639649822778,0.0645666519092348,0.0059503284743741775,0.4910576463608645,0.8719634934963084,0.0,0.16,0.84,0.5
2292,0.9160757514222553,0.9962757552053118,0.08455051246055739,0.017401179224812952,0.5037727887544016,0.8719536501693776,0.2,0.6,0.2,0.25
2293,0.9115022488986605,0.9947648580165357,0.08122615040753296,0.004667742081714743,0.4910576463608645,0.8719535890331755,0.16,0.08,0.76,0.25
2294,0.9120054603436386,0.9945469666403423,0.0785352106515464,0.005734763566502615,0.48651264088418383,0.8719531547300389,0.84,0.02,0.14,0.5
2295,0.9221143934680178,0.9984053537141766,0.07545481918579323,0.013449547914816118,0.4667881855330919,0.871951780654429,0.6,0.38,0.02,0.75
2296,0.9182370979618434,0.9979021105700673,0.0886327215548197,0.0159851142883833,0.5037727887544016,0.8719513438600205,0.22,0.54,0.24,0.5
2297,0.9089184753460902,0.9979108238297172,0.07770660363412156,0.01778294246451909,0.5037727887544016,0.8719501096570869,0.06,0.64,0.3,0.75
2298,0.9160049711569982,0.99635426436958,0.08419574356965177,0.017884914434395913,0.5037727887544016,0.8719498100864383,0.2,0.62,0.18,0.25
2299,0.9152720113109208,0.9963138120885249,0.08280868910972895,0.01877422400659195,0.5037727887544016,0.8719462116941725,0.18,0.66,0.16,0.25
2300,0.9118462259112005,0.9944027936327331,0.08086372345167234,0.0054832010150964085,0.4910576463608645,0.8719439550070717,0.74,0.02,0.24,0.25
2301,0.9234691820198021,0.9971841798943779,0.08195417687382817,0.008646126298275863,0.4713331910097728,0.8719421580707064,0.48,0.2,0.32,0.75
2302,0.9120476296833878,0.9945448706672306,0.07867836158637953,0.005659166117990036,0.48651264088418383,0.8719393059969429,0.82,0.02,0.16,0.5
2303,0.874190278933025,0.9979297175301951,0.051188719234380904,0.015421031311112356,0.5189522386288125,0.8719352285637564,0.36,0.5,0.14,1.0
2304,0.874023180329534,0.9979247470796732,0.051071190907756914,0.01535056065951467,0.5189522386288125,0.8719323590522472,0.34,0.5,0.16,1.0
2305,0.87847163876308,0.9885687722463218,0.07063858797406704,0.005402633937033721,0.5437731010824952,0.8719302577277227,0.92,0.0,0.08,0.75
2306,0.9156765274167717,0.9955586030339211,0.08431517637780281,0.016731582065764146,0.5037727887544016,0.8719281332137402,0.4,0.54,0.06,0.25
2307,0.9215778896227215,0.9983669375212872,0.07729048457349216,0.013496367760730859,0.4713331910097728,0.8719277928539129,0.48,0.4,0.12,0.75
2308,0.9228079923029113,0.9982813619333855,0.08062171452364125,0.010513188833202753,0.4713331910097728,0.871919433319462,0.46,0.28,0.26,0.75
2309,0.9166203001202027,0.9963521983389413,0.08456409915093074,0.018446810490948866,0.5037727887544016,0.8719154347054143,0.22,0.64,0.14,0.25
2310,0.917543805617709,0.9964024418086751,0.08577804818541727,0.018119396975305985,0.5037727887544016,0.8719152339278657,0.26,0.62,0.12,0.25
2311,0.8739652909227145,0.9900327196373967,0.045213283390259755,0.00419543441746356,0.5006990589401363,0.8719144712340646,0.62,0.0,0.38,1.0
2312,0.9080469431099987,0.9978017134580188,0.07621406130767236,0.018752990757010177,0.5037727887544016,0.8719089304545432,0.06,0.68,0.26,0.75
2313,0.9229418523939279,0.9983204967456275,0.07990979811722365,0.011848407375969356,0.4713331910097728,0.8719038335138632,0.56,0.32,0.12,0.75
2314,0.8747416463675194,0.9900374206056614,0.0459192494009552,0.004406846372256604,0.5006990589401363,0.8719021018892539,0.68,0.0,0.32,1.0
2315,0.9200812981807783,0.9983570565051894,0.07493219836667603,0.014805372099357101,0.4713331910097728,0.8718959899643041,0.44,0.46,0.1,0.75
2316,0.9197141299250795,0.9983447800912497,0.07464889306233181,0.014659303999246844,0.4713331910097728,0.8718949562770525,0.4,0.46,0.14,0.75
2317,0.9119417470825077,0.9945490626134539,0.0786197710975868,0.00581036101501519,0.48651264088418383,0.8718948366707322,0.86,0.02,0.12,0.5
2318,0.9181567434953543,0.9976179265585993,0.08716099013932334,0.018073827897065468,0.5037727887544016,0.8718915191195487,0.26,0.62,0.12,0.5
2319,0.9219805902058437,0.9983821183551103,0.07813136640817672,0.013084377664540476,0.4713331910097728,0.8718906509625866,0.5,0.38,0.12,0.75
2320,0.9199617261889068,0.9983520860546675,0.07488516547846988,0.014732338049301979,0.4713331910097728,0.8718875504320902,0.42,0.46,0.12,0.75
2321,0.9222238001528734,0.9971253728773594,0.08092219538030562,0.008500058198165605,0.4713331910097728,0.8718867029946958,0.44,0.2,0.36,0.75
2322,0.874279703249916,0.997932053043091,0.051416484018133,0.015491501962710026,0.5189522386288125,0.8718825930306369,0.38,0.5,0.12,1.0
2323,0.9222409797479447,0.9983631947121593,0.0787145873655671,0.012672387568350192,0.4713331910097728,0.8718800453014183,0.52,0.36,0.12,0.75
2324,0.9087050158053458,0.9979416645769316,0.07813657734186165,0.017224884268218537,0.5037727887544016,0.8718782453590318,0.04,0.62,0.34,0.75
2325,0.9236563472263896,0.9972352916958294,0.08168198043951201,0.009689208640822032,0.4713331910097728,0.8718758972235782,0.5,0.24,0.26,0.75
2326,0.918029651148413,0.9965052942035115,0.0885080833181191,0.005661946155158888,0.4910576463608645,0.8718729126218211,0.18,0.12,0.7,0.5
2327,0.9211495633819867,0.9983726565336347,0.07675344310662932,0.013908357856921212,0.4713331910097728,0.8718727122265054,0.46,0.42,0.12,0.75
2328,0.9173562225960525,0.9977968028924429,0.08726715015851833,0.016953873644211793,0.5037727887544016,0.8718715538437586,0.22,0.58,0.2,0.5
2329,0.9085130406338068,0.9978464175702432,0.07719217375506984,0.018267966610764724,0.5037727887544016,0.8718702465623103,0.06,0.66,0.28,0.75
2330,0.9172468808836209,0.9978580951347225,0.08760149504318128,0.016393896517784973,0.5037727887544016,0.8718634690502467,0.2,0.56,0.24,0.5
2331,0.9112537477649186,0.9980845500582007,0.0817861613078125,0.015988913979647423,0.5037727887544016,0.8718584444890113,0.1,0.56,0.34,0.75
2332,0.9224303827051463,0.9984077790544915,0.07643348349141565,0.013037557818625829,0.4667881855330919,0.8718469564177695,0.62,0.36,0.02,0.75
2333,0.9208740684019686,0.9983784653734014,0.07612296011123301,0.014539450103276978,0.4713331910097728,0.8718466355473584,0.5,0.44,0.06,0.75
2334,0.91716010644281,0.9963253998255851,0.08630195253179031,0.017073765709169932,0.5037727887544016,0.8718465272906774,0.24,0.58,0.18,0.25
2335,0.9084376394246577,0.9978926487485917,0.07760778362712649,0.017709908414463963,0.5037727887544016,0.8718462528553057,0.04,0.64,0.32,0.75
2336,0.9114869746836084,0.9947815060315369,0.0813669939522992,0.004995155597357698,0.4910576463608645,0.8718453824110663,0.12,0.1,0.78,0.25
2337,0.9175744463393105,0.9978900138109656,0.08836989918515627,0.01590951683987072,0.5037727887544016,0.8718416878549675,0.2,0.54,0.26,0.5
2338,0.9137869930838989,0.995910936113991,0.08362260153707682,0.006133717838226613,0.4910576463608645,0.8718262592199978,0.04,0.16,0.8,0.25
2339,0.9213108776736175,0.9983869091507941,0.07699226002756666,0.014054425957031465,0.4713331910097728,0.8718251227890431,0.5,0.42,0.08,0.75
2340,0.9229274496170177,0.9983114840612474,0.08021372066500589,0.01177537332591423,0.4713331910097728,0.8718250740776441,0.54,0.32,0.14,0.75
2341,0.912985070772085,0.9954719794594635,0.08314832782278662,0.005322569113000677,0.4910576463608645,0.8718189152404457,0.08,0.12,0.8,0.25
2342,0.8750265845122966,0.9900595181507529,0.04368017453896523,0.0051115528882334105,0.49615405346345554,0.8718142662796677,0.88,0.0,0.12,1.0
2343,0.9168920885874057,0.9977712020780076,0.08703445356802936,0.01687827619569921,0.5037727887544016,0.871810735052128,0.2,0.58,0.22,0.5
2344,0.9174735987484837,0.9964696926030863,0.08695032541890871,0.01690267388746704,0.5037727887544016,0.8718093563935667,0.32,0.56,0.12,0.25
2345,0.9132160472092768,0.9962483728137316,0.08060573684790738,0.019507211884847775,0.5037727887544016,0.871808646657498,0.12,0.7,0.18,0.25
2346,0.9176347261002634,0.9963907642441958,0.08748270190368547,0.016340777830914015,0.5037727887544016,0.871804623173683,0.3,0.54,0.16,0.25
2347,0.9153661757606326,0.9963188274527564,0.08374193818125741,0.018290488797008814,0.5037727887544016,0.8718026816141556,0.18,0.64,0.18,0.25
2348,0.9176308154348946,0.99642388061936,0.08694095879927519,0.017151926556139944,0.5037727887544016,0.8718025017033354,0.26,0.58,0.16,0.25
2349,0.9171786539879537,0.9963823204668032,0.08584296409686781,0.01804123612833597,0.5037727887544016,0.8717995716343476,0.24,0.62,0.14,0.25
2350,0.9112225303568137,0.9947705620576468,0.0813141750804042,0.004916994750387676,0.4910576463608645,0.8717952799912481,0.1,0.1,0.8,0.25
2351,0.9227938772297135,0.9971278581026204,0.08178599781333276,0.008573092248220733,0.4713331910097728,0.8717942513942387,0.46,0.2,0.34,0.75
2352,0.8890478228580717,0.9626523940878587,0.042384970931960794,0.003750458598795138,0.4910576463608645,0.8717910437306184,0.04,0.06,0.9,0.0
2353,0.9130324756006961,0.994518880600646,0.07921541526374144,0.007090728337785477,0.48651264088418383,0.8717895878827844,0.78,0.08,0.14,0.25
2354,0.9176492663836598,0.9964953832449407,0.0875031236749611,0.016497099524854075,0.5037727887544016,0.8717875212923965,0.34,0.54,0.12,0.25
2355,0.8751474075611162,0.9900515235104556,0.04409753274653772,0.004829670281842687,0.49615405346345554,0.8717852663962793,0.8,0.0,0.2,1.0
2356,0.9176347117437392,0.9964546914241015,0.08725658270314102,0.01682451304049701,0.5037727887544016,0.87178270511165,0.3,0.56,0.14,0.25
2357,0.9171584814072802,0.9954462888176092,0.08297727726902139,0.008596239172314328,0.48651264088418383,0.871779954758493,0.7,0.16,0.14,0.5
2358,0.9137815184079567,0.9962946788482627,0.08126396972007595,0.019585372731817798,0.5037727887544016,0.8717796758928023,0.14,0.7,0.16,0.25
2359,0.9184086793301546,0.9965080189685567,0.08845054653334657,0.006781900408012508,0.4910576463608645,0.8717796405473416,0.22,0.16,0.62,0.5
2360,0.8751204588683716,0.9900588893588194,0.04394699747255192,0.00504108223663573,0.49615405346345554,0.8717794395734035,0.86,0.0,0.14,1.0
2361,0.9175055516340986,0.9964898438874312,0.08744071721258725,0.016418938677884045,0.5037727887544016,0.8717772148320531,0.32,0.54,0.14,0.25
2362,0.9215188254195796,0.9971061348384417,0.0806802493727782,0.00835399009805535,0.4713331910097728,0.8717713493499366,0.4,0.2,0.4,0.75
2363,0.8750472476891733,0.9900425407685485,0.04656031173620407,0.004618258327049642,0.5006990589401363,0.8717672964288318,0.74,0.0,0.26,1.0
2364,0.9163029598923672,0.9962956070649265,0.08578144140096078,0.016917444015229884,0.5037727887544016,0.8717663665156687,0.2,0.58,0.22,0.25
2365,0.9180451748757437,0.9965098754018842,0.08884682063201652,0.0057375436036714664,0.4910576463608645,0.8717653985014889,0.2,0.12,0.68,0.5
2366,0.9114713947056196,0.9947615942869762,0.08179251502450822,0.004745902928684768,0.4910576463608645,0.8717647927615862,0.18,0.08,0.74,0.25
2367,0.9128039408848229,0.9976918245820218,0.0833031324348057,0.016349094056111187,0.5037727887544016,0.8717548522438461,0.06,0.58,0.36,0.5
2368,0.8939005438138273,0.9631157239154274,0.0806639331072109,0.01639530631070743,0.571116291724533,0.8717512129735263,0.42,0.52,0.06,0.0
2369,0.9174125117898068,0.995454852364894,0.08339883968656325,0.008520641723801755,0.48651264088418383,0.8717509306932036,0.68,0.16,0.16,0.5
2370,0.9155755881039803,0.9955337507813115,0.08453376769393585,0.017137156428377102,0.5037727887544016,0.8717499365879354,0.38,0.56,0.06,0.25
2371,0.9128959375953805,0.9959131518569947,0.08335698974385361,0.0055718217816736046,0.4910576463608645,0.8717482935095804,0.02,0.14,0.84,0.25
2372,0.9134532428305927,0.9947185968957141,0.0797080170749522,0.007369892484109293,0.48651264088418383,0.8717478078287153,0.76,0.1,0.14,0.5
2373,0.9182748953053592,0.9965061924777022,0.08871803419435632,0.00637311817861085,0.4910576463608645,0.8717438071877477,0.24,0.14,0.62,0.5
2374,0.9203942159182008,0.9983720576841743,0.07569680416882964,0.014951440199467361,0.4713331910097728,0.8717422832425561,0.48,0.46,0.06,0.75
2375,0.8751604540341591,0.990055865169044,0.04416780721547785,0.004970611585038049,0.49615405346345554,0.8717413664007732,0.84,0.0,0.16,1.0
2376,0.9218215532191746,0.9983725966486887,0.07855728131434823,0.013011343614485343,0.4713331910097728,0.8717332253560387,0.48,0.38,0.14,0.75
2377,0.9234181556938728,0.9972263688388683,0.08231199234637634,0.009131150444521376,0.4713331910097728,0.8717329299637921,0.48,0.22,0.3,0.75
2378,0.913482802406854,0.9945635847128704,0.07957066556053713,0.007574463547368447,0.48651264088418383,0.8717321409312564,0.78,0.1,0.12,0.25
2379,0.920862958127536,0.9983779264088869,0.07659439854306281,0.01446641605322185,0.4713331910097728,0.8717218000528255,0.48,0.44,0.08,0.75
2380,0.9218851976684552,0.9971192945553355,0.08119174048975944,0.008427024148110479,0.4713331910097728,0.8717210430325368,0.42,0.2,0.38,0.75
2381,0.9170571074469279,0.997711047649703,0.08711430112241789,0.017438253322126108,0.5037727887544016,0.8717161829863048,0.22,0.6,0.18,0.5
2382,0.9231129160959494,0.9982756129785649,0.08192841817174824,0.01010119873701235,0.4713331910097728,0.8717154111587814,0.48,0.26,0.26,0.75
2383,0.9163700169365151,0.996318932251412,0.08637593609693076,0.0164337088056469,0.5037727887544016,0.8717151945388604,0.2,0.56,0.24,0.25
2384,0.9120863353967046,0.9944269871509362,0.07916809947884605,0.006045097071649452,0.48651264088418383,0.8717147405070025,0.76,0.04,0.2,0.25
2385,0.8749180374044835,0.9900396064061922,0.046709550062185946,0.004477317023854283,0.5006990589401363,0.8717132203711494,0.7,0.0,0.3,1.0
2386,0.8751654025321274,0.9900541584480816,0.044318911072673856,0.004900140933440366,0.49615405346345554,0.8717130897152516,0.82,0.0,0.18,1.0
2387,0.8750038008971277,0.9900409238750052,0.04677078358695513,0.004547787675451962,0.5006990589401363,0.871707384648441,0.72,0.0,0.28,1.0
2388,0.9239320907536424,0.9972356809479787,0.08251273155149638,0.009762242690877162,0.4713331910097728,0.8717043677576708,0.52,0.24,0.24,0.75
2389,0.9074747033473736,0.9977825802177567,0.07637749559659218,0.01867995670695505,0.5037727887544016,0.8717018381821002,0.04,0.68,0.28,0.75
2390,0.9165961871602287,0.9977209885507469,0.08675176477258918,0.017362655873613526,0.5037727887544016,0.871699123403962,0.2,0.6,0.2,0.5
2391,0.9140513048809529,0.9962441359537988,0.0842538270430935,0.016042904570796775,0.5037727887544016,0.8716988335661591,0.1,0.56,0.34,0.25
2392,0.9230385739320693,0.9972157093184719,0.08209083423943582,0.009058116394466248,0.4713331910097728,0.87169587605803,0.46,0.22,0.32,0.75
2393,0.9132712866422485,0.9962415010161727,0.08138866253650703,0.01902347667526486,0.5037727887544016,0.871695030158007,0.12,0.68,0.2,0.25
2394,0.9222097211719947,0.9983523255944516,0.07937302062233825,0.012599353518295059,0.4713331910097728,0.871693660492128,0.5,0.36,0.14,0.75
2395,0.922539630146699,0.998279475557585,0.08117620743121429,0.010440154783147623,0.4713331910097728,0.8716932556926466,0.44,0.28,0.28,0.75
2396,0.9130946773278913,0.994518910543119,0.07967364885445025,0.007012567490815453,0.48651264088418383,0.8716916667959309,0.76,0.08,0.16,0.25
2397,0.8885281024964183,0.9624950463921191,0.042781829961514396,0.0027842771162916204,0.4910576463608645,0.8716902524534885,0.04,0.02,0.94,0.0
2398,0.9129938715094611,0.9946744018055311,0.07970805599387518,0.0069611102547076495,0.48651264088418383,0.8716851123851013,0.78,0.08,0.14,0.5
2399,0.9160051139192967,0.9955555189591997,0.08589346716463792,0.016169686009211065,0.5037727887544016,0.8716832273063506,0.38,0.52,0.1,0.25
2400,0.920587995561774,0.9983711294675105,0.07655247879468695,0.014320347953111594,0.4713331910097728,0.8716796008445319,0.44,0.44,0.12,0.75
2401,0.9191315890988053,0.9983156161225246,0.07445224021323343,0.015144328145492351,0.4713331910097728,0.8716755566226466,0.4,0.48,0.12,0.75
2402,0.8884480875565764,0.962646555305619,0.04255011096932988,0.0031866436121159025,0.4910576463608645,0.8716753609775769,0.02,0.04,0.94,0.0
2403,0.9224385910960803,0.9982905542726037,0.08041638011631315,0.011483237125693713,0.4713331910097728,0.8716752291360326,0.46,0.32,0.22,0.75
2404,0.9215841665967207,0.9983966404545267,0.07559672088087471,0.0138615380110065,0.4667881855330919,0.8716680634104966,0.58,0.4,0.02,0.75
2405,0.9233104192824572,0.9972362199124931,0.08211553038878143,0.0096161745907669,0.4713331910097728,0.8716617688105512,0.48,0.24,0.28,0.75
2406,0.9076509833193127,0.9979556477118336,0.07818889722750513,0.016666826071917946,0.5037727887544016,0.8716606483948058,0.02,0.6,0.38,0.75
2407,0.9145062210434635,0.9962972239584698,0.08305599535464783,0.018696063159621933,0.5037727887544016,0.8716582610651961,0.16,0.66,0.18,0.25
2408,0.8792377846009148,0.9884362468607188,0.07211002142306817,0.005702913428243615,0.5437731010824952,0.8716556008250164,0.92,0.0,0.08,0.25
2409,0.9229380012300841,0.9972319381388507,0.0818055979365772,0.009543140540711767,0.4713331910097728,0.8716534355411651,0.46,0.24,0.3,0.75
2410,0.9117302859069711,0.9943910861257809,0.08179907365739023,0.005405040168126385,0.4910576463608645,0.8716531640284974,0.72,0.02,0.26,0.25
2411,0.9231109805156666,0.9971027663102264,0.0779381397220345,0.015287949739766308,0.4713331910097728,0.8716529042701285,0.42,0.48,0.1,0.5
2412,0.9168044211375618,0.995434641195603,0.08299131617836848,0.0086718366208269,0.48651264088418383,0.8716528192715952,0.72,0.16,0.12,0.5
2413,0.9152203740424568,0.9962941997686944,0.08591162716127097,0.015715491055153814,0.5037727887544016,0.8716442065881171,0.14,0.54,0.32,0.25
2414,0.915690545913782,0.9960023504841323,0.08689196369033539,0.005253163925757187,0.4910576463608645,0.8716438094939026,0.2,0.1,0.7,0.5
2415,0.9125297933405563,0.9944909442733149,0.07958109453185067,0.006528832281232455,0.48651264088418383,0.8716414592336218,0.76,0.06,0.18,0.25
2416,0.9165749234896037,0.9962867440929115,0.08612625658874293,0.017479340071782968,0.5037727887544016,0.8716347543054396,0.22,0.6,0.18,0.25
2417,0.9212610162766772,0.9983836454212345,0.07765552913114869,0.013981391906976337,0.4713331910097728,0.8716329026112357,0.48,0.42,0.1,0.75
2418,0.9179391073763284,0.9964306476182634,0.08780148584272031,0.017230087403109974,0.5037727887544016,0.8716320765465813,0.28,0.58,0.14,0.25
2419,0.9105831230985192,0.9980624824555823,0.08191578950395804,0.0159158799295923,0.5037727887544016,0.871631150967562,0.08,0.56,0.36,0.75
2420,0.9098520695568416,0.9980202336261458,0.08086005348497514,0.016327870025782655,0.5037727887544016,0.87162772058522,0.06,0.58,0.36,0.75
2421,0.9144848992899642,0.9962999337522784,0.08282265843615941,0.019179798369204908,0.5037727887544016,0.8716228507693329,0.16,0.68,0.16,0.25
2422,0.911823018632394,0.9945310073022207,0.0821083062508558,0.005356776323939735,0.4910576463608645,0.8716223991256127,0.74,0.02,0.24,0.5
2423,0.9185293399232286,0.9965140972905805,0.08907983778065844,0.006857497856525082,0.4910576463608645,0.8716200559115105,0.24,0.16,0.6,0.5
2424,0.9093704406882629,0.9946220324202126,0.08037317845127911,0.0042621677191017815,0.4910576463608645,0.8716198532853914,0.18,0.06,0.76,0.25
2425,0.9178241800772643,0.996489514520228,0.08890504033404555,0.006070728384560547,0.4910576463608645,0.871612610318439,0.16,0.14,0.7,0.5
2426,0.9221714902975731,0.9982751338989966,0.08113856799346099,0.010367120733092495,0.4713331910097728,0.8716076297451691,0.42,0.28,0.3,0.75
2427,0.9118959452621089,0.9945356783280123,0.0798606405440517,0.005432373772452309,0.48651264088418383,0.8715966466909478,0.76,0.02,0.22,0.5
2428,0.8939106924552532,0.9631092862837274,0.0812640462725039,0.016314582065279973,0.571116291724533,0.8715962807127765,0.4,0.52,0.08,0.0
2429,0.9171751202732626,0.9978771684900385,0.08885381612985258,0.015833919391358153,0.5037727887544016,0.8715954538114534,0.18,0.54,0.28,0.5
2430,0.9144599870822333,0.9962535079478552,0.08499628649487811,0.016121065417766815,0.5037727887544016,0.8715929833424274,0.12,0.56,0.32,0.25
2431,0.9170217495979293,0.9960249869937383,0.0872308692257131,0.016575260371824097,0.5037727887544016,0.8715916306783609,0.36,0.54,0.1,0.25
2432,0.8943147402559264,0.9631562360814285,0.07947451935866595,0.016154388305738118,0.5665712862478521,0.8715911737738661,0.48,0.5,0.02,0.0
2433,0.9173801220192016,0.9963730083576928,0.08811398462071209,0.01610629529000394,0.5037727887544016,0.8715903253855204,0.24,0.54,0.22,0.25
2434,0.9137447112667739,0.996211588485622,0.08396087915777103,0.01652663978037976,0.5037727887544016,0.871589753212041,0.1,0.58,0.32,0.25
2435,0.9165933838836465,0.9963408800841383,0.08739003910790433,0.015949973596063892,0.5037727887544016,0.871589635562849,0.2,0.54,0.26,0.25
2436,0.9133954089910458,0.996241830383376,0.08400906470421649,0.015964743723826766,0.5037727887544016,0.8715879746155164,0.08,0.56,0.36,0.25
2437,0.9173550624753036,0.9964778668982218,0.08754538371475823,0.01698083473443706,0.5037727887544016,0.8715876919559966,0.34,0.56,0.1,0.25
2438,0.9131265066356606,0.9962088936630499,0.08338294603167182,0.016448478933409748,0.5037727887544016,0.8715862760197131,0.08,0.58,0.34,0.25
2439,0.9233566675511692,0.9982793258452198,0.08258141414562006,0.010174232787067475,0.4713331910097728,0.8715860719046894,0.5,0.26,0.24,0.75
2440,0.8744970919906052,0.9977603928452461,0.04233638324667362,0.00594194881419156,0.48651264088418383,0.8715859948619276,0.84,0.04,0.12,1.0
2441,0.9165901819306962,0.9963696548007142,0.08603230360378807,0.017963075281365936,0.5037727887544016,0.8715821305031152,0.22,0.62,0.16,0.25
2442,0.9193867269736957,0.9983348691326789,0.07545273904711801,0.014586269949191719,0.4713331910097728,0.8715779146346848,0.38,0.46,0.16,0.75
2443,0.92094100242198,0.998366697981503,0.07760624980150949,0.013835323806866069,0.4713331910097728,0.8715777889677867,0.44,0.42,0.14,0.75
2444,0.9121444507276217,0.9944281249649112,0.07965557154576253,0.006123257918619473,0.48651264088418383,0.8715760589022773,0.78,0.04,0.18,0.25
2445,0.9138188785692998,0.9945852031783935,0.07986243602225113,0.008463773119564429,0.48651264088418383,0.8715741574757409,0.76,0.14,0.1,0.25
2446,0.9218813608686014,0.9983215746746563,0.0795342058043839,0.0124532854181848,0.4713331910097728,0.8715732451706024,0.46,0.36,0.18,0.75
2447,0.8885987280827344,0.9625036398818769,0.0428383713929149,0.003428816348398317,0.4910576463608645,0.8715675068978883,0.08,0.04,0.88,0.0
2448,0.9116388039054686,0.9947832726374453,0.0824356571842107,0.005073316444327721,0.4910576463608645,0.8715672129701049,0.14,0.1,0.76,0.25
2449,0.9129488664316386,0.9962295240269632,0.08367677551952736,0.015886582876856743,0.5037727887544016,0.8715636764554049,0.06,0.56,0.38,0.25
2450,0.9118949197939354,0.9947919858970952,0.08267550285642924,0.005151477291297742,0.4910576463608645,0.8715605177238207,0.16,0.1,0.74,0.25
2451,0.9182902187897707,0.996517241250248,0.08942918372249947,0.0062975207300982735,0.4910576463608645,0.8715599866591389,0.22,0.14,0.64,0.5
2452,0.913543301069886,0.9945458288263673,0.08042825515589097,0.007339981006458378,0.48651264088418383,0.8715470756041057,0.72,0.1,0.18,0.25
2453,0.9164979806180316,0.997759075376433,0.08759153689102948,0.016802678747186637,0.5037727887544016,0.8715450628762911,0.18,0.58,0.24,0.5
2454,0.921689699304711,0.99827190011191,0.08057877962876812,0.010779110829282896,0.4713331910097728,0.8715417301395475,0.4,0.3,0.3,0.75
2455,0.9220203869867661,0.998271870169437,0.08087451105163554,0.010852144879338029,0.4713331910097728,0.8715409950913409,0.42,0.3,0.28,0.75
2456,0.9138059532353836,0.9945762803214324,0.08030142361337217,0.007980037909981476,0.48651264088418383,0.871539023444794,0.76,0.12,0.12,0.25
2457,0.9172444472475402,0.9963545637943102,0.0878188653101283,0.016590030499586947,0.5037727887544016,0.8715352626607678,0.24,0.56,0.2,0.25
2458,0.9116518790931608,0.9943752465575513,0.08218457132736232,0.005326879321156363,0.4910576463608645,0.8715316671031652,0.7,0.02,0.28,0.25
2459,0.9176831255640502,0.9963622290674042,0.0882435876363422,0.016668191346556963,0.5037727887544016,0.8715298348185342,0.26,0.56,0.18,0.25
2460,0.9079548921839594,0.9978276436396573,0.077836559282407,0.01819493256070959,0.5037727887544016,0.8715286623868371,0.04,0.66,0.3,0.75
2461,0.9216595195728229,0.9983599010401266,0.07914279903781345,0.012938309564430213,0.4713331910097728,0.8715283730276607,0.46,0.38,0.16,0.75
2462,0.9114806273381478,0.9943705156468136,0.08207142634702745,0.005248718474186341,0.4910576463608645,0.8715278608498507,0.68,0.02,0.3,0.25
2463,0.9203082731402604,0.9983637037342007,0.07684007338996018,0.014247313903056471,0.4713331910097728,0.8715261948088149,0.42,0.44,0.14,0.75
2464,0.9242814786406269,0.9972518498834115,0.08018750706851249,0.014545982729475517,0.4713331910097728,0.8715257794224723,0.48,0.44,0.08,0.5
2465,0.8943975773890829,0.9631485708083345,0.07984131325721584,0.016073664060310647,0.5665712862478521,0.8715251856242412,0.46,0.5,0.04,0.0
2466,0.9200632444801541,0.9983580745492722,0.0766404826087053,0.014174279853001343,0.4713331910097728,0.8715240383691195,0.4,0.44,0.16,0.75
2467,0.9127587855990544,0.9959075825570124,0.08365748024372975,0.006055556991256593,0.4910576463608645,0.8715228622429675,0.02,0.16,0.82,0.25
2468,0.9122486787821452,0.996209103260361,0.08063379411489041,0.01942905103787775,0.5037727887544016,0.8715200822497596,0.1,0.7,0.2,0.25
2469,0.9243504247486641,0.9972768518483863,0.08063451788314478,0.014061603051561249,0.4713331910097728,0.8715181094281138,0.48,0.42,0.1,0.5
2470,0.918792336280404,0.9983058548763188,0.07470132428284565,0.015071294095437223,0.4713331910097728,0.8715150529298077,0.38,0.48,0.14,0.75
2471,0.9135449665675479,0.9945397205618705,0.08048708186831345,0.007418141853428398,0.48651264088418383,0.8715140530430789,0.74,0.1,0.16,0.25
2472,0.9117969325145182,0.9944096205165825,0.08207980912148069,0.005810614530739379,0.4910576463608645,0.8715138201644901,0.7,0.04,0.26,0.25
2473,0.9221591742169759,0.9982939976570014,0.08035348247861464,0.01196826127193926,0.4713331910097728,0.8715130641727099,0.46,0.34,0.2,0.75
2474,0.9222893358331011,0.9982742356248059,0.0812033531423099,0.010925178929393152,0.4713331910097728,0.8715125439828454,0.44,0.3,0.26,0.75
2475,0.8574573276027052,0.9808156629076387,0.04935655511922188,0.0020430676344978184,0.5453465448805754,0.8715116244609713,0.0,0.0,1.0,0.75
2476,0.9181473929671177,0.9965115821228465,0.08951477565883081,0.006221923281585699,0.4910576463608645,0.8715067129205182,0.2,0.14,0.66,0.5
2477,0.9245217591391631,0.9972050797405485,0.08190043062828962,0.012502071582467161,0.4713331910097728,0.8715053850149829,0.58,0.34,0.08,0.5
2478,0.9231505945597382,0.997123636213924,0.07845091734233105,0.01536354718827888,0.4713331910097728,0.8715048431332261,0.44,0.48,0.08,0.5
2479,0.8785860362981658,0.9885676344323469,0.0722834927129114,0.005329599886978592,0.5437731010824952,0.87150439394427,0.9,0.0,0.1,0.75
2480,0.9168404842116108,0.9978368359788756,0.08846631003575764,0.016318299069272412,0.5037727887544016,0.8715039478047537,0.18,0.56,0.26,0.5
2481,0.9167486565510392,0.9975701683141265,0.08678664209105083,0.0184070126779545,0.5037727887544016,0.8715033063579671,0.22,0.64,0.14,0.5
2482,0.8750997519058005,0.9900491580550866,0.04508273485898118,0.0047591996302450085,0.49615405346345554,0.8715004397713196,0.78,0.0,0.22,1.0
2483,0.8736210097372211,0.990030653606758,0.046342103643098834,0.004124963765865879,0.5006990589401363,0.871499262427975,0.6,0.0,0.4,1.0
2484,0.9172159681733654,0.9964799329288604,0.08876598690701223,0.005919533487535399,0.4910576463608645,0.8714990708258891,0.12,0.14,0.74,0.5
2485,0.911271483443097,0.9943550952732063,0.08200496214654437,0.005170557627216316,0.4910576463608645,0.8714976143091752,0.66,0.02,0.32,0.25
2486,0.9116950625676559,0.9943924634795399,0.08208795174590132,0.005732453683769357,0.4910576463608645,0.8714939683294947,0.68,0.04,0.28,0.25
2487,0.9226333570124394,0.9982846256629451,0.08230831938576816,0.009955130636902091,0.4713331910097728,0.8714924926369085,0.44,0.26,0.3,0.75
2488,0.9145636822666853,0.9962146276466339,0.08398276414648195,0.01821232795003879,0.5037727887544016,0.8714924480792977,0.16,0.64,0.2,0.25
2489,0.8710162454449578,0.9977417087420792,0.04330290541613719,0.0031935934018819854,0.4910576463608645,0.8714914808385635,0.06,0.04,0.9,1.0
2490,0.9139511124169223,0.9962685390693131,0.08310627791939694,0.01861790231265191,0.5037727887544016,0.8714885494318928,0.14,0.66,0.2,0.25
2491,0.9168688883666914,0.9963458056209508,0.0876400999433508,0.01651186965261692,0.5037727887544016,0.8714884942215297,0.22,0.56,0.22,0.25
2492,0.9174584945539462,0.9976212801155779,0.08788840844100715,0.0179982304485529,0.5037727887544016,0.8714877784050772,0.24,0.62,0.14,0.5
2493,0.9185024068895009,0.9982951953559225,0.07454566927340552,0.014998260045382098,0.4713331910097728,0.87148599453653,0.36,0.48,0.16,0.75
2494,0.9119614457799425,0.9945384929204766,0.08026793677029262,0.005507971220964887,0.48651264088418383,0.8714840786963107,0.78,0.02,0.2,0.5
2495,0.8750860002521307,0.9978295000729848,0.04276525720302783,0.006772344740149674,0.48651264088418383,0.8714832073733547,0.8,0.08,0.12,1.0
2496,0.9186277844674066,0.9965214032539983,0.0896182148896567,0.00693309530503766,0.4910576463608645,0.8714802228825181,0.26,0.16,0.58,0.5
2497,0.9228698136284004,0.9983057351064267,0.08139799248194554,0.011702339275859102,0.4713331910097728,0.8714798191323743,0.52,0.32,0.16,0.75
2498,0.9073891846016754,0.9979367240688827,0.07819953691889918,0.017151850218163414,0.5037727887544016,0.8714791954378207,0.02,0.62,0.36,0.75
2499,0.922295199868798,0.9966217404811006,0.08000363541134001,0.011608909675151258,0.4713331910097728,0.8714758481370345,0.6,0.3,0.1,0.5
2500,0.9175477875546731,0.9964866999277637,0.08915126642716692,0.005995130936047976,0.4910576463608645,0.8714733440297977,0.14,0.14,0.72,0.5
2501,0.9229257976348554,0.9971591479869301,0.0806205986836527,0.01209328935306544,0.4713331910097728,0.8714707446864679,0.6,0.32,0.08,0.5
2502,0.9227702557001681,0.9982990279924695,0.08137883883977458,0.011629305225803969,0.4713331910097728,0.871469079069737,0.5,0.32,0.18,0.75
2503,0.916064050706787,0.9955503688538395,0.08677271776772888,0.016091525162241046,0.5037727887544016,0.8714620698992321,0.36,0.52,0.12,0.25
2504,0.9121198451987073,0.9945668484424299,0.08019004335856873,0.005992350898879157,0.48651264088418383,0.8714614512024128,0.78,0.04,0.18,0.5
2505,0.9217586968103105,0.9982708521253542,0.08127149866562597,0.010294086683037365,0.4713331910097728,0.8714594005586522,0.4,0.28,0.32,0.75
2506,0.9180586935911178,0.9964916703782857,0.08963587888352059,0.006146325833073124,0.4910576463608645,0.8714572928313975,0.18,0.14,0.68,0.5
2507,0.9223064738866648,0.9983080406768496,0.0806207117710254,0.012114329372049511,0.4713331910097728,0.8714530408315835,0.5,0.34,0.16,0.75
2508,0.8708887565459731,0.997745241953896,0.043741106022987045,0.0025669834841098808,0.4910576463608645,0.8714526481657118,0.02,0.02,0.96,1.0
2509,0.9166235012589597,0.9978652813282481,0.0888286481192039,0.015758321942845578,0.5037727887544016,0.871450566475427,0.16,0.54,0.3,0.5
2510,0.9140095368965839,0.9953139430868444,0.08514415580591314,0.005706748616832636,0.4910576463608645,0.8714498394943915,0.32,0.1,0.58,0.5
2511,0.9138019598385138,0.9962668323483508,0.08275075821950648,0.019101637522234878,0.5037727887544016,0.8714493819099033,0.14,0.68,0.18,0.25
2512,0.8571419496865458,0.9807573798838981,0.04919408474458302,0.0020752910510601855,0.5453465448805754,0.8714487029900064,0.0,0.0,1.0,0.5
2513,0.9125476806185379,0.9944902555964353,0.08021838836480545,0.006606993128202474,0.48651264088418383,0.8714472058156119,0.78,0.06,0.16,0.25
2514,0.9130065005406414,0.9945170840522646,0.08053849549498208,0.006856245796875403,0.48651264088418383,0.8714466621330309,0.72,0.08,0.2,0.25
2515,0.8879992996117039,0.9626573944808536,0.042562812310502816,0.003669734353367668,0.4910576463608645,0.8714420674897653,0.02,0.06,0.92,0.0
2516,0.9177090241294751,0.9963814820775585,0.08892553770136663,0.016184456136973967,0.5037727887544016,0.8714404701862124,0.26,0.54,0.2,0.25
2517,0.8692699661055844,0.9898666886244802,0.04335566529959989,0.002081314869533132,0.5006990589401363,0.8714397883280263,0.02,0.0,0.98,1.0
2518,0.9223415432963253,0.9982813319909125,0.08224667531259938,0.009882096586846962,0.4713331910097728,0.8714368480010126,0.42,0.26,0.32,0.75
2519,0.9141289490999588,0.9953184494290345,0.08521426498492501,0.005857943513857786,0.4910576463608645,0.871435870894351,0.36,0.1,0.54,0.5
2520,0.9126517873105143,0.9946308055648087,0.08058598834313567,0.006401133128280826,0.48651264088418383,0.8714346253852915,0.76,0.06,0.18,0.5
2521,0.9137289011039185,0.9945805920375479,0.08053662752378885,0.008058198756951499,0.48651264088418383,0.8714330568903467,0.78,0.12,0.1,0.25
2522,0.9227188817417628,0.9972389147350652,0.08239796943907816,0.009470106490656638,0.4713331910097728,0.8714324307083074,0.44,0.24,0.32,0.75
2523,0.9160148225002825,0.9975425613539987,0.0859750693479029,0.018815794907356295,0.5037727887544016,0.8714314290472128,0.2,0.66,0.14,0.5
2524,0.9141106446653816,0.9953189285086028,0.08527281747706827,0.005782346065345213,0.4910576463608645,0.8714286762376063,0.34,0.1,0.56,0.5
2525,0.9147954538662043,0.9962690780338275,0.0858730628503876,0.016199226264736827,0.5037727887544016,0.8714273425411082,0.14,0.56,0.3,0.25
2526,0.9167678860658628,0.9963161476014207,0.08740271182851048,0.016995604862199906,0.5037727887544016,0.8714254935176443,0.22,0.58,0.2,0.25
2527,0.9130994250125888,0.99520606035654,0.08386498679998042,0.006235930756420665,0.4910576463608645,0.8714238772479932,0.46,0.1,0.44,0.5
2528,0.9219185908221083,0.9982746847619012,0.08192789543132487,0.009809062536791832,0.4713331910097728,0.8714155524151769,0.4,0.26,0.34,0.75
2529,0.9156073327204991,0.9962641974107247,0.08597678942481721,0.01732301837784293,0.5037727887544016,0.8714154865184025,0.18,0.6,0.22,0.25
2530,0.8692676546957046,0.9898666886244802,0.04339153922594512,0.0021517855211308124,0.5006990589401363,0.8714146497476157,0.04,0.0,0.96,1.0
2531,0.9226716279134404,0.9982961834575322,0.08151580797237806,0.011556271175748842,0.4713331910097728,0.8714141499258168,0.48,0.32,0.2,0.75
2532,0.9124525388956337,0.9961597580648179,0.08297794278607587,0.016854053296022783,0.5037727887544016,0.8714124597202406,0.06,0.6,0.34,0.25
2533,0.9121206336942927,0.9945666089026458,0.08041656559256743,0.00591675345036658,0.48651264088418383,0.8714114108090952,0.76,0.04,0.2,0.5
2534,0.9130612443414691,0.9945203477818242,0.08067010044271208,0.006934406643845428,0.48651264088418383,0.8714099695022298,0.74,0.08,0.18,0.25
2535,0.9176399765926341,0.9964104963339184,0.08931548369475961,0.015700720927390936,0.5037727887544016,0.8714083404753543,0.26,0.52,0.22,0.25
2536,0.9111835950661494,0.9947504257445383,0.08267033649791457,0.00482406377565479,0.4910576463608645,0.8714078596816917,0.2,0.08,0.72,0.25
2537,0.8709109658672135,0.9977467690200202,0.04353737542318759,0.0031231227502843046,0.4910576463608645,0.8714070963939693,0.04,0.04,0.92,1.0
2538,0.9130624248218056,0.9946747311727344,0.08079898287990445,0.006885512806195073,0.48651264088418383,0.8714060723118984,0.76,0.08,0.16,0.5
2539,0.9133887278549151,0.9947189861478635,0.08078418970472619,0.007445489932621869,0.48651264088418383,0.8714028744509089,0.78,0.1,0.12,0.5
2540,0.8897237197820606,0.9626341591217873,0.0443697043535661,0.0038311828442226096,0.4910576463608645,0.8714022597008516,0.06,0.06,0.88,0.0
2541,0.874585511900376,0.9977482062587254,0.04350408556970954,0.00531533889641943,0.48651264088418383,0.8713990871602995,0.8,0.02,0.18,1.0
2542,0.910979502881509,0.9943260510743733,0.08208602290778842,0.0050923967802462946,0.4910576463608645,0.8713979064886164,0.64,0.02,0.34,0.25
2543,0.907077374765903,0.9978621373685806,0.07778344755507248,0.017636874364408837,0.5037727887544016,0.8713975176651465,0.02,0.64,0.34,0.75
2544,0.8707109327232831,0.997721198148058,0.04364952132853698,0.002707924787305243,0.4910576463608645,0.8713939319442909,0.06,0.02,0.92,1.0
2545,0.9106222651015834,0.9943103013335629,0.08177716772482577,0.005014235933276274,0.4910576463608645,0.8713931216310736,0.62,0.02,0.36,0.25
2546,0.9126449931190496,0.9946329314803933,0.08068721672283918,0.006476730576793402,0.48651264088418383,0.8713885781892081,0.78,0.06,0.16,0.5
2547,0.922528753247413,0.9983338510885961,0.08106023860087255,0.012187363422104637,0.4713331910097728,0.8713821687560074,0.52,0.34,0.14,0.75
2548,0.911991554685007,0.9948124815198799,0.08335183322010348,0.005229638138267766,0.4910576463608645,0.8713818026728308,0.18,0.1,0.72,0.25
2549,0.8692652512627818,0.9898671976465216,0.04346525693088309,0.002222256172728493,0.5006990589401363,0.8713786405072577,0.06,0.0,0.94,1.0
2550,0.8706459462895583,0.9977124549459351,0.04358236772260381,0.0027783954389029235,0.4910576463608645,0.8713784068383869,0.08,0.02,0.9,1.0
2551,0.9221092203050577,0.998402060042144,0.0774877595388084,0.013376513864760983,0.4667881855330919,0.8713777588716034,0.58,0.38,0.04,0.75
2552,0.9133510133712465,0.9961603569142784,0.08287202155850394,0.018539741465681887,0.5037727887544016,0.87137551666236,0.12,0.66,0.22,0.25
2553,0.9121730514719741,0.9961469426863638,0.08287340747118631,0.01677589244905276,0.5037727887544016,0.8713724858718463,0.04,0.6,0.36,0.25
2554,0.9183885442910752,0.9965333802432077,0.0896992249897377,0.007008692753550237,0.4910576463608645,0.8713717533143677,0.28,0.16,0.56,0.5
2555,0.9141101525266814,0.9962252123108478,0.08504978033810809,0.01660480062734979,0.5037727887544016,0.8713716065278251,0.12,0.58,0.3,0.25
2556,0.8707438442909743,0.9977232042937506,0.043842748245598494,0.0026374541357075615,0.4910576463608645,0.8713624469637695,0.04,0.02,0.94,1.0
2557,0.9102594875270952,0.9942945216502794,0.08155250980125024,0.004936075086306253,0.4910576463608645,0.8713623761500765,0.6,0.02,0.38,0.25
2558,0.9114972827992511,0.9961708667223098,0.08043616891640878,0.01935089019090773,0.5037727887544016,0.8713615827223385,0.08,0.7,0.22,0.25
2559,0.9156959487978985,0.9963091710052062,0.08734942173468883,0.015793651902123843,0.5037727887544016,0.8713586327106552,0.16,0.54,0.3,0.25
2560,0.9135313823759583,0.9947183872984029,0.0811933483598209,0.007294295035596714,0.48651264088418383,0.8713577617266794,0.74,0.1,0.16,0.5
2561,0.8693028579416995,0.9898707009158654,0.043486656171578535,0.0023631974759238555,0.5006990589401363,0.8713560852250094,0.1,0.0,0.9,1.0
2562,0.9168157002321197,0.9976160701252719,0.08773293117699235,0.017922633000040322,0.5037727887544016,0.8713541393552389,0.22,0.62,0.16,0.5
2563,0.8693421872995007,0.9898718087873672,0.043511026659522146,0.0024336681275215362,0.5006990589401363,0.8713469242463355,0.12,0.0,0.88,1.0
2564,0.9125226500613762,0.9961808076233536,0.0836788252028707,0.016292157239469703,0.5037727887544016,0.871346797797663,0.04,0.58,0.38,0.25
2565,0.9110613470911897,0.9946486213362578,0.08201407954467665,0.005827148527018998,0.4910576463608645,0.8713446534080859,0.48,0.08,0.44,0.5
2566,0.8692729389969281,0.9898692337346873,0.04355512185717721,0.0022927268243261743,0.5006990589401363,0.8713412285737041,0.08,0.0,0.92,1.0
2567,0.9128825309561464,0.9952327690424772,0.08464971221137006,0.005222368938918392,0.4910576463608645,0.8713391038055572,0.32,0.08,0.6,0.5
2568,0.8748080751029155,0.9978048873601593,0.04325277252209238,0.006357146777170618,0.48651264088418383,0.8713385103276277,0.82,0.06,0.12,1.0
2569,0.874606168007685,0.9977625786457768,0.043407865070793646,0.005801007510996197,0.48651264088418383,0.8713380694949581,0.8,0.04,0.16,1.0
2570,0.9212031345179608,0.9983560983460527,0.0790619255254863,0.013350299660620615,0.4713331910097728,0.8713318242508876,0.44,0.4,0.16,0.75
2571,0.9182141027133246,0.9964863705605606,0.08985097921905652,0.006706302959499934,0.4910576463608645,0.8713290603326411,0.2,0.16,0.64,0.5
2572,0.9127085853076057,0.9952077670775024,0.08444308789910829,0.005297966387430969,0.4910576463608645,0.8713276695006716,0.34,0.08,0.58,0.5
2573,0.9221087013587168,0.9972307104974567,0.08222376754241509,0.009324038390546385,0.4713331910097728,0.8713276236202604,0.4,0.24,0.36,0.75
2574,0.9140765724027821,0.9961966771340562,0.08409794380209346,0.018134167103068772,0.5037727887544016,0.8713260208890417,0.14,0.64,0.22,0.25
2575,0.9174132445569531,0.9964153769570213,0.08931894542985114,0.015778881774360955,0.5037727887544016,0.8713244219431115,0.28,0.52,0.2,0.25
2576,0.8705468830309491,0.9977056280620857,0.043621892528448884,0.0028488660905006047,0.4910576463608645,0.8713221652496302,0.1,0.02,0.88,1.0
2577,0.870792259494622,0.9977264081383642,0.04361552589088777,0.0032640640534796653,0.4910576463608645,0.8713176926308654,0.08,0.04,0.88,1.0
2578,0.9154932499618409,0.9962479386478728,0.08585359873600118,0.01780675358742589,0.5037727887544016,0.8713176211536283,0.18,0.62,0.2,0.25
2579,0.9128129776396524,0.9962152414673309,0.0844360142517735,0.015808422029886717,0.5037727887544016,0.8713173296124855,0.04,0.56,0.4,0.25
2580,0.9140299533006327,0.9945448107822845,0.08072603972772306,0.008791186635207395,0.48651264088418383,0.8713167549759604,0.72,0.16,0.12,0.25
2581,0.9113162145213728,0.9943888404403041,0.08241497729094473,0.005576131989829311,0.4910576463608645,0.8713166751720969,0.64,0.04,0.32,0.25
2582,0.9152637751309156,0.9974996238476826,0.08529772362551948,0.019224577136757938,0.5037727887544016,0.8713133584275049,0.18,0.68,0.14,0.5
2583,0.9127188714881097,0.996195150067932,0.08395401431033406,0.016370318086439725,0.5037727887544016,0.8713127806308469,0.06,0.58,0.36,0.25
2584,0.9163486029057836,0.9978225234767703,0.08866591805863473,0.01624270162075983,0.5037727887544016,0.871311761326447,0.16,0.56,0.28,0.5
2585,0.914529769009088,0.9955280018264908,0.08654017301933346,0.005328761374269761,0.4910576463608645,0.8713108099654427,0.22,0.1,0.68,0.5
2586,0.9210077612199504,0.9983543317401442,0.07898524832833154,0.013277265610565487,0.4713331910097728,0.8713096784430262,0.42,0.4,0.18,0.75
2587,0.91415698339068,0.9945711901010185,0.08067204981934155,0.009118600150850406,0.48651264088418383,0.8713089163922719,0.68,0.18,0.14,0.25
2588,0.9169099783401584,0.9965130493040246,0.08920538081467275,0.0058131410521840374,0.4910576463608645,0.8713067375369561,0.22,0.12,0.66,0.5
2589,0.9158493095945065,0.9955533032161958,0.0867055883016366,0.016653421218794116,0.5037727887544016,0.8713050779781564,0.38,0.54,0.08,0.25
2590,0.8748440723446544,0.9978029410994127,0.04345651999947722,0.006286676125572935,0.48651264088418383,0.8713043225963136,0.8,0.06,0.14,1.0
2591,0.9160672253988225,0.9975642397044678,0.08681713502238697,0.018331415229441914,0.5037727887544016,0.8713043088103917,0.2,0.64,0.16,0.5
2592,0.9108177203573081,0.9944442040729249,0.08244193155869442,0.004903191632864286,0.4910576463608645,0.8713022421814809,0.62,0.02,0.36,0.5
2593,0.9244482436681819,0.9972994883579922,0.08144480974073173,0.014137200500073825,0.4713331910097728,0.8713019302817848,0.5,0.42,0.08,0.5
2594,0.9135620352569892,0.9947158122457229,0.08147114770230002,0.007218697587084141,0.48651264088418383,0.8713015348760378,0.72,0.1,0.18,0.5
2595,0.9178461190809327,0.9963579173512889,0.08914927473269062,0.016746352193526996,0.5037727887544016,0.8713011278902879,0.28,0.56,0.16,0.25
2596,0.9118122084584164,0.9945480445693711,0.08327680300328642,0.00528117887542716,0.4910576463608645,0.8712996742591891,0.72,0.02,0.26,0.5
2597,0.9226256425723631,0.9972039119841005,0.08308428540374818,0.008985082344411116,0.4713331910097728,0.8712981844463495,0.44,0.22,0.34,0.75
2598,0.911717878550017,0.9944537557218195,0.08319315816991094,0.005205581426914588,0.4910576463608645,0.8712964862465005,0.7,0.02,0.28,0.5
2599,0.9124169065166283,0.9961205334251569,0.081875354028386,0.018945315828294826,0.5037727887544016,0.8712957736707072,0.1,0.68,0.22,0.25
2600,0.869361135516707,0.9898724974642468,0.043674218123087624,0.002504138779119218,0.5006990589401363,0.8712915307796695,0.14,0.0,0.86,1.0
2601,0.9159304607323017,0.9964684649616924,0.08791305137840935,0.006252718268424482,0.4910576463608645,0.8712911666137796,0.08,0.16,0.76,0.5
2602,0.9160837300626802,0.9977102990878775,0.0876810828101328,0.017287058425100955,0.5037727887544016,0.871290757840135,0.18,0.6,0.22,0.5
2603,0.9162380327840791,0.9976085246220698,0.0874073227913037,0.01784703555152774,0.5037727887544016,0.87128877750571,0.2,0.62,0.18,0.5
2604,0.920649108243153,0.9983611885664667,0.07835942658927132,0.01376228975681094,0.4713331910097728,0.8712866802285707,0.42,0.42,0.16,0.75
2605,0.8754502140669832,0.9978635746072857,0.043513252677787245,0.00725801335472639,0.48651264088418383,0.8712846231026318,0.8,0.1,0.1,1.0
2606,0.922065313520452,0.9983386418842798,0.08068776264520075,0.01252631946823993,0.4713331910097728,0.8712835380908642,0.48,0.36,0.16,0.75
2607,0.9138182458675791,0.9953061879863313,0.08557028761078701,0.00563115116832006,0.4910576463608645,0.8712834527619842,0.3,0.1,0.6,0.5
2608,0.9200476764700866,0.9983857413943461,0.07642201557922525,0.012286611676300128,0.4667881855330919,0.8712823370667042,0.68,0.32,0.0,0.75
2609,0.8787438540346612,0.9885526931383081,0.07290466659875329,0.005779566028176393,0.5437731010824952,0.8712802719459466,0.98,0.0,0.02,0.5
2610,0.9158085727347525,0.9962821928370119,0.08700320466212424,0.016839283168259854,0.5037727887544016,0.8712791440439869,0.18,0.58,0.24,0.25
2611,0.8787540110521508,0.9885516451517522,0.07298535395720693,0.005703968579663816,0.5437731010824952,0.871274999892532,0.96,0.0,0.04,0.5
2612,0.874540414861994,0.9977636565748057,0.043513960181755656,0.00587147816259388,0.48651264088418383,0.8712737985321961,0.82,0.04,0.14,1.0
2613,0.8745791048263538,0.9977508112538784,0.04388666336520885,0.005385809548017111,0.48651264088418383,0.8712730730393821,0.82,0.02,0.16,1.0
2614,0.9142096233452015,0.9955372839931282,0.08631882277611792,0.005404358822782336,0.4910576463608645,0.8712649072812072,0.24,0.1,0.66,0.5
2615,0.9121103250934277,0.994445551484211,0.08313937829047194,0.006059867199412312,0.4910576463608645,0.871257650012456,0.64,0.06,0.3,0.25
2616,0.9169648665517833,0.996359474359886,0.08889051608348726,0.01602813444303391,0.5037727887544016,0.8712552911969298,0.22,0.54,0.24,0.25
2617,0.9139633522604514,0.9945736154413334,0.08122091004109838,0.008307451425624383,0.48651264088418383,0.8712550530152818,0.72,0.14,0.14,0.25
2618,0.8745256940021765,0.9977528473420441,0.04384597997369948,0.005456280199614793,0.48651264088418383,0.8712549998204696,0.84,0.02,0.14,1.0
2619,0.9176523884849496,0.9963880095366776,0.08945868620809086,0.016262616983944003,0.5037727887544016,0.871254992300987,0.28,0.54,0.18,0.25
2620,0.9140459366508675,0.9953029242567717,0.08569452342405887,0.0059335409623703615,0.4910576463608645,0.8712549456003851,0.38,0.1,0.52,0.5
2621,0.911890792181427,0.9944377963836978,0.0829744825357863,0.0059817063524422905,0.4910576463608645,0.8712538379006827,0.62,0.06,0.32,0.25
2622,0.8706088336129592,0.9977530269968823,0.04342840428951785,0.0036087913648610585,0.4910576463608645,0.8712517041141359,0.04,0.06,0.9,1.0
2623,0.914129135591631,0.9945734058440222,0.0807944235642989,0.009196760997820427,0.48651264088418383,0.8712499526456169,0.7,0.18,0.12,0.25
2624,0.9223693988319974,0.9972387350802271,0.08272588751522711,0.009397072440601511,0.4713331910097728,0.8712475485407076,0.42,0.24,0.34,0.75
2625,0.9130202567577115,0.9952445963193215,0.08517195675529242,0.005146771490405815,0.4910576463608645,0.8712466272045263,0.3,0.08,0.62,0.5
2626,0.9138920034776833,0.9945864008773144,0.08113848301658341,0.008385612272594408,0.48651264088418383,0.8712437174383553,0.74,0.14,0.12,0.25
2627,0.9138150669450242,0.9945766695735817,0.08145195272137543,0.007823716216041426,0.48651264088418383,0.8712411077565938,0.72,0.12,0.16,0.25
2628,0.9212714292770269,0.9982666601791308,0.08123662778359846,0.01070607677922777,0.4713331910097728,0.87124025509721,0.38,0.3,0.32,0.75
2629,0.9122175160821963,0.9951755789190019,0.08416839845008538,0.005373563835943543,0.4910576463608645,0.8712396596407492,0.36,0.08,0.56,0.5
2630,0.9160178685577883,0.9977447329318547,0.08819944256022537,0.016727081298674062,0.5037727887544016,0.8712385928823786,0.16,0.58,0.26,0.5
2631,0.922164428917009,0.9982824398624144,0.08169704124905379,0.011410203075638586,0.4713331910097728,0.8712368494377409,0.44,0.32,0.24,0.75
2632,0.9161332003701121,0.9953865535839269,0.0836585215377731,0.00874743406933948,0.48651264088418383,0.8712366056372527,0.74,0.16,0.1,0.5
2633,0.9128800849390645,0.9961740555956868,0.08398940010267514,0.016932214142992816,0.5037727887544016,0.8712353911025603,0.08,0.6,0.32,0.25
2634,0.9169423856655696,0.996497149850849,0.08905026858491508,0.0064487156271234225,0.4910576463608645,0.8712317158305458,0.26,0.14,0.6,0.5
2635,0.9094497995463107,0.9980100232428447,0.08186197353721893,0.016254835975727525,0.5037727887544016,0.8712310218164288,0.04,0.58,0.38,0.75
2636,0.9118693184251184,0.9949909236878647,0.08339641519444446,0.005884465169553697,0.4910576463608645,0.8712280690751458,0.1,0.14,0.76,0.25
2637,0.9121647482329751,0.9949577474277544,0.08339471889725616,0.006311528204933244,0.4910576463608645,0.8712267984193186,0.48,0.1,0.42,0.5
2638,0.9115575815711312,0.9944186930859087,0.08277056598020811,0.005903545505472269,0.4910576463608645,0.8712254792730172,0.6,0.06,0.34,0.25
2639,0.9161371593090503,0.9963239326444069,0.08822461264757059,0.01587181274909387,0.5037727887544016,0.8712250512225176,0.18,0.54,0.28,0.25
2640,0.8703028827516206,0.9977507513689324,0.04359354432688694,0.0030526520986866213,0.4910576463608645,0.8712231560221838,0.02,0.04,0.94,1.0
2641,0.9115987168718807,0.9944518094610729,0.08337769088160508,0.00512998397840201,0.4910576463608645,0.8712223204080415,0.68,0.02,0.3,0.5
2642,0.9124857044655696,0.9944845365840879,0.08104357240577001,0.00645067143426243,0.48651264088418383,0.8712209216719132,0.74,0.06,0.2,0.25
2643,0.9111532688091721,0.994446839010551,0.08304179986863688,0.004978789081376862,0.4910576463608645,0.8712150970607935,0.64,0.02,0.34,0.5
2644,0.9215481294473268,0.9982678279355788,0.08228499952960361,0.009736028486736707,0.4713331910097728,0.8712149538264715,0.38,0.26,0.36,0.75
2645,0.9132518556432595,0.9952662447273176,0.08558931592188682,0.005071174041893243,0.4910576463608645,0.8712140492211096,0.28,0.08,0.64,0.5
2646,0.911949242313309,0.994477170735724,0.08345908361100116,0.005614363656316274,0.4910576463608645,0.871210921318672,0.68,0.04,0.28,0.5
2647,0.914144465862815,0.9945663094779156,0.08089897364306063,0.009274921844790451,0.48651264088418383,0.8712076883266312,0.72,0.18,0.1,0.25
2648,0.9159772743919276,0.9963024040063029,0.08778048041828884,0.016355547958676876,0.5037727887544016,0.8712052588826855,0.18,0.56,0.26,0.25
2649,0.917391232812095,0.996491999745489,0.08958974381937615,0.0064795106139622066,0.4910576463608645,0.8712037788122438,0.14,0.16,0.7,0.5
2650,0.9139326239861522,0.9945381336108002,0.08142753679560093,0.008229290578654366,0.48651264088418383,0.871196524548999,0.7,0.14,0.16,0.25
2651,0.9106807346761027,0.994343851874586,0.08225733368692435,0.005419810295889264,0.4910576463608645,0.8711960336015957,0.6,0.04,0.36,0.25
2652,0.9110293217237881,0.9943574607285752,0.0825754895902261,0.005497971142859287,0.4910576463608645,0.8711952184858212,0.62,0.04,0.34,0.25
2653,0.9156629059267983,0.9976932618207269,0.08762551292216991,0.01721146097658838,0.5037727887544016,0.8711931085793578,0.16,0.6,0.24,0.5
2654,0.9166697966802838,0.9964759805224213,0.08897863569439655,0.006328315716937054,0.4910576463608645,0.8711915126009162,0.1,0.16,0.74,0.5
2655,0.9205819444609066,0.9983397796982547,0.07899532334814664,0.013204231560510354,0.4713331910097728,0.8711914503828158,0.4,0.4,0.2,0.75
2656,0.873574064384325,0.9977281747442726,0.045971922405857686,0.004681103032040309,0.4910576463608645,0.8711891789796475,0.62,0.02,0.36,1.0
2657,0.9066758752316503,0.9978087199967063,0.07772716869391709,0.018121898510654467,0.5037727887544016,0.8711882890166195,0.02,0.66,0.32,0.75
2658,0.9115421085355516,0.9943885709580469,0.08304418258355747,0.005654292836799334,0.4910576463608645,0.8711872205135471,0.66,0.04,0.3,0.25
2659,0.9134482941880399,0.9961891615733273,0.0847035085693337,0.01701037498996283,0.5037727887544016,0.8711864394558041,0.1,0.6,0.3,0.25
2660,0.9188504973828598,0.9983305873590365,0.07630849776959024,0.014513235899136605,0.4713331910097728,0.8711840905283772,0.36,0.46,0.18,0.75
2661,0.922022004262879,0.998289506286048,0.08140474853764554,0.011895227221884129,0.4713331910097728,0.8711825150248451,0.44,0.34,0.22,0.75
2662,0.9222638586203488,0.9982992076473076,0.08156249625608585,0.012041295321994388,0.4713331910097728,0.871181796546032,0.48,0.34,0.18,0.75
2663,0.8732843370724073,0.9900284079212812,0.04714481461797405,0.004054493114268196,0.5006990589401363,0.8711804044774851,0.58,0.0,0.42,1.0
2664,0.9218315476650994,0.9972238536711343,0.08250167049138515,0.009251004340491255,0.4713331910097728,0.8711778699569723,0.38,0.24,0.38,0.75
2665,0.9140627093540292,0.9945394810220863,0.08129885113270739,0.008713025788237376,0.48651264088418383,0.8711761360626764,0.7,0.16,0.14,0.25
2666,0.8566090939204031,0.9801652824510908,0.04926749816798806,0.0021075144676225527,0.5453465448805754,0.8711724043255539,0.0,0.0,1.0,0.25
2667,0.9130987855045039,0.9946826359856127,0.08171221156045909,0.006809915357682497,0.48651264088418383,0.8711697836306154,0.74,0.08,0.18,0.5
2668,0.9114068831225718,0.9944499230852725,0.0834187924932624,0.005054386529889433,0.4910576463608645,0.8711677473983193,0.66,0.02,0.32,0.5
2669,0.9176738338815916,0.9964752020181227,0.08995028467012833,0.006555108062474782,0.4910576463608645,0.8711668898848017,0.16,0.16,0.68,0.5
2670,0.9126175332701175,0.9961392774132698,0.08288917272145749,0.018461580618711858,0.5037727887544016,0.8711629940967165,0.1,0.66,0.24,0.25
2671,0.9111702571044619,0.9973974900721988,0.08143996913047936,0.019330969572109228,0.5037727887544016,0.8711618171219682,0.08,0.7,0.22,0.5
2672,0.8745058167060004,0.99774389454261,0.04433959558694501,0.0051743975932240695,0.48651264088418383,0.8711616428735127,0.76,0.02,0.22,1.0
2673,0.9114479763283813,0.9945051968904742,0.08328543998804465,0.005387571310778546,0.4910576463608645,0.8711602068742581,0.62,0.04,0.34,0.5
2674,0.9104480565198526,0.9944402816089588,0.08260510240793321,0.004827594184351711,0.4910576463608645,0.8711587929953488,0.6,0.02,0.38,0.5
2675,0.8744328778153527,0.9977542246958032,0.04404509437029794,0.005526750851212473,0.48651264088418383,0.8711558151666583,0.86,0.02,0.12,1.0
2676,0.9110960517420594,0.9945051220342916,0.08298743974267953,0.005311973862265968,0.4910576463608645,0.8711557224548709,0.6,0.04,0.36,0.5
2677,0.9109896872164179,0.9947637202025609,0.08295117780583214,0.005400729959970699,0.4910576463608645,0.8711553145861706,0.1,0.12,0.78,0.25
2678,0.9113280105100845,0.9947668641622284,0.08325270496882439,0.005478890806940723,0.4910576463608645,0.8711546486502783,0.12,0.12,0.76,0.25
2679,0.9142530295219796,0.9948312404792293,0.08198618076308645,0.008338651839937792,0.48651264088418383,0.8711535494114521,0.76,0.14,0.1,0.5
2680,0.9118206620077102,0.9961708966647828,0.0836716319703892,0.016213996392499683,0.5037727887544016,0.8711524224353374,0.02,0.58,0.4,0.25
2681,0.9216506871073795,0.9982982794306439,0.08081135344476807,0.012380251368129673,0.4713331910097728,0.871146648652192,0.44,0.36,0.2,0.75
2682,0.9119614750589078,0.9944222861826716,0.08106239591857241,0.005966936224679428,0.48651264088418383,0.8711456310139043,0.74,0.04,0.22,0.25
2683,0.9072012043803224,0.9940378847139932,0.07974630383052927,0.0038565933564887953,0.4910576463608645,0.8711434528909219,0.2,0.04,0.76,0.25
2684,0.9226499257170867,0.997093304488751,0.08182695982155402,0.01153331222663869,0.4713331910097728,0.8711420197654616,0.58,0.3,0.12,0.5
2685,0.9185246763755427,0.9983996047593561,0.07419909334206361,0.013934572061061615,0.4667881855330919,0.8711393242437072,0.6,0.4,0.0,0.75
2686,0.9140367975853116,0.9945391815973561,0.0814545599609396,0.008634864941267353,0.48651264088418383,0.8711390217168831,0.68,0.16,0.16,0.25
2687,0.8789031870335754,0.9885503276829392,0.07366374332464078,0.005628371131151241,0.5437731010824952,0.8711389327611022,0.94,0.0,0.06,0.5
2688,0.8876416296203439,0.9626718566953241,0.04293650752024875,0.004152825094619408,0.4910576463608645,0.8711324920310967,0.02,0.08,0.9,0.0
2689,0.9138329080350367,0.9947735113912396,0.08193501745026313,0.007854272162023591,0.48651264088418383,0.8711304921492907,0.76,0.12,0.12,0.5
2690,0.9171942407911519,0.9964783459777902,0.08969380550026626,0.006403913165449632,0.4910576463608645,0.8711277267763152,0.12,0.16,0.72,0.5
2691,0.9164701288790794,0.9960266637722276,0.08862383546837489,0.006524313075635999,0.4910576463608645,0.8711273889816038,0.28,0.14,0.58,0.5
2692,0.921837518335037,0.9982743853371709,0.08178341020605501,0.011337169025583458,0.4713331910097728,0.8711272540811833,0.42,0.32,0.26,0.75
2693,0.9196086374717931,0.9983960116625933,0.07623374979194565,0.012698601772490532,0.4667881855330919,0.8711240899117506,0.66,0.34,0.0,0.75
2694,0.9130893494797683,0.9946804501850819,0.08191227632052903,0.006734317909169917,0.48651264088418383,0.8711240179553756,0.72,0.08,0.2,0.5
2695,0.9131508289095204,0.9952658255326953,0.08590676142432117,0.00491997914486809,0.4910576463608645,0.8711223218907765,0.24,0.08,0.68,0.5
2696,0.871905248922441,0.998039516578773,0.049856647660555455,0.014668731983358914,0.5144072331521315,0.8711192530726498,0.56,0.44,0.0,1.0
2697,0.9155428254980943,0.9962847080047459,0.08769430324178745,0.01627738711170685,0.5037727887544016,0.8711127674607312,0.16,0.56,0.28,0.25
2698,0.9181808612255199,0.998292111281201,0.07556610602668933,0.014925225995326967,0.4713331910097728,0.8711092392274378,0.34,0.48,0.18,0.75
2699,0.9137123535037723,0.9945649620666295,0.08185070763609158,0.007745555369071409,0.48651264088418383,0.8711091134199711,0.7,0.12,0.18,0.25
2700,0.9121428222876735,0.9945495416930222,0.08387825562907522,0.005871950988692795,0.4910576463608645,0.8711073860097499,0.62,0.06,0.32,0.5
2701,0.9138582881386708,0.9962071270571414,0.0853796337689007,0.017088535836932855,0.5037727887544016,0.8711014117996844,0.12,0.6,0.28,0.25
2702,0.9213356841067745,0.9982591745608749,0.08250687296630158,0.009662994436681577,0.4713331910097728,0.8711005098867455,0.36,0.26,0.38,0.75
2703,0.9179392677539145,0.9964802323535906,0.09041029320809828,0.0066307055109873616,0.4910576463608645,0.871099424699817,0.18,0.16,0.66,0.5
2704,0.9120065076645453,0.9948345640937349,0.0843082361983419,0.00530779898523779,0.4910576463608645,0.8710980092166173,0.2,0.1,0.7,0.25
2705,0.8792980661150264,0.9884342706574992,0.07415842585426567,0.005624752581273589,0.5437731010824952,0.8710979764352362,0.9,0.0,0.1,0.25
2706,0.9139933903282517,0.9945712200434914,0.08141940574642269,0.008869347482177423,0.48651264088418383,0.8710940521606932,0.74,0.16,0.1,0.25
2707,0.9219843600062241,0.9972078045055937,0.08323086909949068,0.008839014244300863,0.4713331910097728,0.8710933020605693,0.4,0.22,0.38,0.75
2708,0.9116859613810073,0.9945019032184416,0.08371504424636436,0.005463168759291123,0.4910576463608645,0.8710920312629339,0.64,0.04,0.32,0.5
2709,0.913954829804578,0.9952975645541005,0.08611924238014258,0.006009138410882937,0.4910576463608645,0.8710891421150524,0.4,0.1,0.5,0.5
2710,0.8750305143714673,0.9978305780020136,0.044025690648804426,0.006842815391747356,0.48651264088418383,0.8710889449518721,0.82,0.08,0.1,1.0
2711,0.9126569961179927,0.9946299372330909,0.08186816399966637,0.006325535679768251,0.48651264088418383,0.8710812195752348,0.74,0.06,0.2,0.5
2712,0.911857865808367,0.9945473858349646,0.08373650758356578,0.00579635354018022,0.4910576463608645,0.8710775950174142,0.6,0.06,0.34,0.5
2713,0.8738783115172151,0.997729971292654,0.04663496657900464,0.00475157368363799,0.4910576463608645,0.8710753143633542,0.64,0.02,0.34,1.0
2714,0.850158477776012,0.981373071985448,0.04360034192340911,0.002010844217935451,0.5453465448805754,0.8710729176043269,0.0,0.0,1.0,1.0
2715,0.9214301516206344,0.9982693250592299,0.081618807224814,0.011264134975528329,0.4713331910097728,0.8710663862161327,0.4,0.32,0.28,0.75
2716,0.9138185282645,0.9945771486531502,0.08202845595870285,0.007901877063011454,0.48651264088418383,0.871060242172668,0.74,0.12,0.14,0.25
2717,0.8700925305052206,0.997755302624832,0.04360624566805986,0.0035383207132633743,0.4910576463608645,0.871059934481349,0.02,0.06,0.92,1.0
2718,0.9136367315561742,0.9952539683133779,0.08576572553884954,0.006160333307908088,0.4910576463608645,0.8710589376237785,0.44,0.1,0.46,0.5
2719,0.9120834273504622,0.9945718488354249,0.08167537245893262,0.0058411560018540015,0.48651264088418383,0.871052939500857,0.74,0.04,0.22,0.5
2720,0.9137386837334265,0.995309751140621,0.08635907878973169,0.00555555371980749,0.4910576463608645,0.8710476410601523,0.28,0.1,0.62,0.5
2721,0.8742772243961527,0.9977335045044707,0.047051054292989364,0.00489251498683335,0.4910576463608645,0.8710472724118609,0.68,0.02,0.3,1.0
2722,0.8729632773165539,0.9900252939040868,0.04733747039184799,0.003984022462670517,0.5006990589401363,0.8710421248725562,0.56,0.0,0.44,1.0
2723,0.9138411844819873,0.9952688197799977,0.08609995021775825,0.006084735859395513,0.4910576463608645,0.8710411838538571,0.42,0.1,0.48,0.5
2724,0.9151257245797019,0.9962454833650848,0.08682059995038528,0.017244857530872904,0.5037727887544016,0.8710403568865739,0.16,0.6,0.24,0.25
2725,0.9134893982465487,0.9961788913050801,0.08452444094301889,0.018056006256098753,0.5037727887544016,0.8710397718751861,0.12,0.64,0.24,0.25
2726,0.9214033059863207,0.9982936982322712,0.08098760726804666,0.012307217318074543,0.4713331910097728,0.8710354978427731,0.42,0.36,0.22,0.75
2727,0.9216280159588257,0.998281990725319,0.0815604064237241,0.011822193171829004,0.4713331910097728,0.8710328846374666,0.42,0.34,0.24,0.75
2728,0.8741126151524181,0.9977319774383466,0.04698458293585596,0.004822044335235669,0.4910576463608645,0.8710309342886009,0.66,0.02,0.32,1.0
2729,0.9160878286825912,0.9960276518738373,0.08900704125448664,0.005888738500696615,0.4910576463608645,0.871029392235434,0.24,0.12,0.64,0.5
2730,0.9209847189500567,0.998264324666235,0.08172162826073567,0.01063304272917264,0.4713331910097728,0.8710285569255568,0.36,0.3,0.34,0.75
2731,0.8732591628263905,0.9977264081383642,0.04626011072575831,0.004610632380442629,0.4910576463608645,0.8710253840797078,0.6,0.02,0.38,1.0
2732,0.9132781063438159,0.9952637894445296,0.08633406500040222,0.004995576593380666,0.4910576463608645,0.8710217864681047,0.26,0.08,0.66,0.5
2733,0.890278970512945,0.9621284906373629,0.06657888372125034,0.00649759240595525,0.5341316885032235,0.8710125944692662,0.96,0.02,0.02,0.0
2734,0.9118299296763193,0.9944775001029272,0.08407642418836184,0.0055387662078036975,0.4910576463608645,0.8710121695844585,0.66,0.04,0.3,0.5
2735,0.9062002863627139,0.9977612611769637,0.07748703535971962,0.018606922656899925,0.5037727887544016,0.8710107765378079,0.02,0.68,0.3,0.75
2736,0.9120983202113973,0.9950479491277383,0.08403387082183923,0.006446361226106705,0.4910576463608645,0.8710090134012141,0.12,0.16,0.72,0.25
2737,0.9214271778837746,0.9971804071427769,0.08303895819583212,0.008692946144190602,0.4713331910097728,0.8710066252212342,0.36,0.22,0.42,0.75
2738,0.9208556866241063,0.9983186103698269,0.08024657250003392,0.012719207414264827,0.4713331910097728,0.8710063682724918,0.4,0.38,0.22,0.75
2739,0.911240943555398,0.9946310451045928,0.08332824132401064,0.005902745975531573,0.4910576463608645,0.871001589486502,0.5,0.08,0.42,0.5
2740,0.9115010160789511,0.996201408044794,0.08137107666212223,0.01983462540049088,0.5037727887544016,0.8710007795090186,0.08,0.72,0.2,0.25
2741,0.9115850308620898,0.9961334386310301,0.0836213595236325,0.016697731602082735,0.5037727887544016,0.8709938729065976,0.02,0.6,0.38,0.25
2742,0.8744009834485725,0.997734971685649,0.04731823658361393,0.004962985638431032,0.4910576463608645,0.8709934335613044,0.7,0.02,0.28,1.0
2743,0.9210917813633194,0.9982526770442288,0.08267871820238791,0.009589960386626456,0.4713331910097728,0.8709913871922427,0.34,0.26,0.4,0.75
2744,0.8731725145976943,0.9884414568510249,0.06790874125772725,0.006015556816123706,0.5437731010824952,0.8709865058570045,1.0,0.0,0.0,0.25
2745,0.9217124574860639,0.9972063373244154,0.08336876534364421,0.008765980194245734,0.4713331910097728,0.8709863295918361,0.38,0.22,0.4,0.75
2746,0.9152997154962437,0.996260843853746,0.08754245056123391,0.016761122321289835,0.5037727887544016,0.8709833232174455,0.16,0.58,0.26,0.25
2747,0.9123213008300942,0.996202695571134,0.085132417301404,0.01573026118291669,0.5037727887544016,0.8709826374093502,0.02,0.56,0.42,0.25
2748,0.9214957667619489,0.9983495708869334,0.08091374888524894,0.012865275514375083,0.4713331910097728,0.870981316358919,0.44,0.38,0.18,0.75
2749,0.923414427028954,0.997162890796058,0.08288658718472136,0.012017691904552865,0.4713331910097728,0.8709791883411286,0.58,0.32,0.1,0.5
2750,0.9118427094561304,0.9946201460444122,0.08393531616796376,0.006053940872556728,0.4910576463608645,0.8709750806449257,0.54,0.08,0.38,0.5
2751,0.9151279630656857,0.9953529880716673,0.08738720877004474,0.006569115537309802,0.4910576463608645,0.8709715424311891,0.42,0.12,0.46,0.5
2752,0.9209655726812395,0.9972029538249638,0.08248542898541511,0.00903190219032587,0.4713331910097728,0.8709634492229458,0.32,0.24,0.44,0.75
2753,0.8790006855354251,0.9885484113646656,0.07443330389569441,0.005552773682638667,0.5437731010824952,0.8709609661097141,0.92,0.0,0.08,0.5
2754,0.9208343718372406,0.9982540244555148,0.08218149014796346,0.010074984532871981,0.4713331910097728,0.8709608313065245,0.34,0.28,0.38,0.75
2755,0.9137171994071679,0.9947718346127502,0.08236057080812399,0.007929869610536168,0.48651264088418383,0.8709576198106503,0.78,0.12,0.1,0.5
2756,0.9212265188329617,0.9983315754606462,0.08077426334585977,0.012792241464319959,0.4713331910097728,0.8709526964954812,0.42,0.38,0.2,0.75
2757,0.872673444635609,0.9900214612675398,0.04739518617880605,0.003913551811072835,0.5006990589401363,0.8709520410471849,0.54,0.0,0.46,1.0
2758,0.9210692944035678,0.9982893715449194,0.08098411599233553,0.012234183268019413,0.4713331910097728,0.8709502595440864,0.4,0.36,0.24,0.75
2759,0.9143425891609442,0.9948300727227813,0.08284207260893682,0.00826305439142522,0.48651264088418383,0.8709484034450676,0.74,0.14,0.12,0.5
2760,0.9112156912807885,0.9960628791933498,0.08157524199936853,0.019272729343937704,0.5037727887544016,0.8709478722892505,0.06,0.7,0.24,0.25
2761,0.9154067817399189,0.9975520381467107,0.08743480244845162,0.01825581778092934,0.5037727887544016,0.8709412438222592,0.18,0.64,0.18,0.5
2762,0.9117190409180589,0.9960980765703892,0.08242103755748326,0.018867154981324807,0.5037727887544016,0.8709412266480505,0.08,0.68,0.24,0.25
2763,0.921459012924174,0.9982657619049401,0.08280408997267713,0.010221052632982234,0.4713331910097728,0.8709411262940817,0.38,0.28,0.34,0.75
2764,0.9108518658195066,0.9945154372162482,0.08354061218255467,0.0052363764137533944,0.4910576463608645,0.8709395216179483,0.58,0.04,0.38,0.5
2765,0.9204583053963656,0.998246014843981,0.08191195601300585,0.01000195048281685,0.4713331910097728,0.8709391878545137,0.32,0.28,0.4,0.75
2766,0.9202699825239894,0.9983529543863852,0.07922714457086262,0.013689255706755816,0.4713331910097728,0.8709359437100341,0.4,0.42,0.18,0.75
2767,0.9143651634929719,0.9962237750721427,0.08644864413118437,0.01716669668390287,0.5037727887544016,0.8709318882491659,0.14,0.6,0.26,0.25
2768,0.9102309789027051,0.9945773283079883,0.08288106951920007,0.005342768849104767,0.4910576463608645,0.8709315645055338,0.48,0.06,0.46,0.5
2769,0.9202198184118797,0.9982508206109013,0.0813633099714902,0.010486974629062382,0.4713331910097728,0.8709296635796165,0.32,0.3,0.38,0.75
2770,0.9143593269723059,0.9948168381497049,0.08302462758689175,0.00811185949440007,0.48651264088418383,0.8709290043496427,0.7,0.14,0.16,0.5
2771,0.8739444994934648,0.9977604227877191,0.046940189342787646,0.005166771646617061,0.4910576463608645,0.8709286302143578,0.62,0.04,0.34,1.0
2772,0.8745541650754344,0.9977458108608835,0.045150273800461174,0.005244868244821752,0.48651264088418383,0.8709284284140852,0.78,0.02,0.2,1.0
2773,0.9142314450427099,0.9962108099813234,0.08598197244754703,0.017650431893485845,0.5037727887544016,0.870927733893289,0.14,0.62,0.24,0.25
2774,0.8736437283271068,0.9977611863207811,0.046681435473032766,0.00509630099501938,0.4910576463608645,0.8709272681096707,0.6,0.04,0.36,1.0
2775,0.8704449163029053,0.9977039512835963,0.044840257734474316,0.002919336742098285,0.4910576463608645,0.8709256836959793,0.12,0.02,0.86,1.0
2776,0.8694556013724378,0.9898770786626194,0.044954070501270635,0.002645080082314578,0.5006990589401363,0.8709230821196906,0.18,0.0,0.82,1.0
2777,0.9143943878833077,0.9948282162894538,0.0830409938220302,0.00818745694291264,0.48651264088418383,0.8709213875569486,0.72,0.14,0.14,0.5
2778,0.9118865204574499,0.9961234677875133,0.08379655945600964,0.01725962765863573,0.5037727887544016,0.8709198929326465,0.04,0.62,0.34,0.25
2779,0.921571484727755,0.9972170567297579,0.08317885085171427,0.009177970290436125,0.4713331910097728,0.8709180453950467,0.36,0.24,0.4,0.75
2780,0.9116666560724251,0.9947854883804491,0.08438514603534121,0.005557051653910745,0.4910576463608645,0.870916650360167,0.14,0.12,0.74,0.25
2781,0.9200285683117537,0.9983216645020754,0.0794188245674756,0.01313119751045523,0.4713331910097728,0.8709151304468669,0.38,0.4,0.22,0.75
2782,0.8741685921185793,0.997756530266226,0.04717004236065803,0.005237242298214744,0.4910576463608645,0.8709148584315457,0.64,0.04,0.32,1.0
2783,0.8709189574876888,0.9977478170065761,0.044873646197756835,0.0036792620164587397,0.4910576463608645,0.8709128569809091,0.06,0.06,0.88,1.0
2784,0.9109287453817814,0.9947429401262824,0.08406332417115905,0.004902224622624813,0.4910576463608645,0.8709127184826071,0.22,0.08,0.7,0.25
2785,0.9207623419530169,0.9982438140722137,0.08269402306207814,0.00951692633657133,0.4713331910097728,0.8709014166843252,0.32,0.26,0.42,0.75
2786,0.9221871266495822,0.9972024747453954,0.08405381300741675,0.008912048294355992,0.4713331910097728,0.8709012743605571,0.42,0.22,0.36,0.75
2787,0.915291210231883,0.9975304945373701,0.08710623308973459,0.018740197458843717,0.5037727887544016,0.8709012699697462,0.18,0.66,0.16,0.5
2788,0.9197282288713942,0.9983541820277791,0.07850794368338938,0.014101245802946208,0.4713331910097728,0.8708987212519786,0.38,0.44,0.18,0.75
2789,0.9149239331329632,0.9962301528188967,0.08675975852478156,0.017728592740455865,0.5037727887544016,0.8708983279533073,0.16,0.62,0.22,0.25
2790,0.919304749349051,0.9984139472039344,0.07644392057617236,0.013110591868680958,0.4667881855330919,0.8708925733172623,0.64,0.36,0.0,0.75
2791,0.9156103186763392,0.9955592018833815,0.08824830047364213,0.006599910524148572,0.4910576463608645,0.8708925636426685,0.3,0.14,0.56,0.5
2792,0.914557714488223,0.996243207737135,0.08713705295600208,0.01668296147431981,0.5037727887544016,0.8708906826898729,0.14,0.58,0.28,0.25
2793,0.8751698858026431,0.9978302785772833,0.04496458840915396,0.00670187408855199,0.48651264088418383,0.8708879910996027,0.78,0.08,0.14,1.0
2794,0.9110872135107416,0.996144756885833,0.08137642747091002,0.019756464553520856,0.5037727887544016,0.8708822293170451,0.06,0.72,0.22,0.25
2795,0.9139472605550278,0.9947680319186762,0.0830209918863801,0.007703077264998437,0.48651264088418383,0.870880868977105,0.72,0.12,0.16,0.5
2796,0.9135517700846735,0.9953093618884717,0.0867982297169375,0.005479956271294911,0.4910576463608645,0.8708799158944301,0.26,0.1,0.64,0.5
2797,0.9205710982512448,0.998256689335614,0.08186053298315661,0.010560008679117511,0.4713331910097728,0.8708778527954925,0.34,0.3,0.36,0.75
2798,0.9212641469935562,0.997209660938921,0.0830959909308806,0.009104936240380997,0.4713331910097728,0.8708632498355476,0.34,0.24,0.42,0.75
2799,0.912744836715925,0.9961486194648531,0.08440319399332244,0.017977845409128716,0.5037727887544016,0.870862479283969,0.1,0.64,0.26,0.25
2800,0.8693901380119138,0.989874024530371,0.04516546935006837,0.0025746094307168978,0.5006990589401363,0.8708560823078536,0.16,0.0,0.84,1.0
2801,0.8746149780487906,0.9977594945710554,0.04514040998500772,0.005730536859398513,0.48651264088418383,0.8708544372352303,0.78,0.04,0.18,1.0
2802,0.9121691798810163,0.9961354747191957,0.08428745091295298,0.01733778850560575,0.5037727887544016,0.8708492182959656,0.06,0.62,0.32,0.25
2803,0.8755816150971094,0.9978632152976095,0.045260385837688585,0.007117072051531031,0.48651264088418383,0.8708480617067448,0.76,0.1,0.14,1.0
2804,0.9212705446125281,0.9982771699871622,0.0818935364883335,0.011749159121773874,0.4713331910097728,0.8708434059144283,0.4,0.34,0.26,0.75
2805,0.921139968710749,0.998269444829122,0.08217047918661288,0.011191100925473199,0.4713331910097728,0.870834777237965,0.38,0.32,0.3,0.75
2806,0.907746157412045,0.9941207654793228,0.08110206486082892,0.004340328566071805,0.4910576463608645,0.8708314339303127,0.2,0.06,0.74,0.25
2807,0.9211314902119536,0.9982608363681277,0.08290700765716186,0.010148018582927111,0.4713331910097728,0.8708270416932996,0.36,0.28,0.36,0.75
2808,0.9115375107340418,0.9946264339637472,0.08419501646656474,0.005978343424044149,0.4910576463608645,0.87082465003932,0.52,0.08,0.4,0.5
2809,0.910048883850602,0.9944382455207932,0.08340008291192959,0.004751996735839135,0.4910576463608645,0.8708244723849076,0.58,0.02,0.4,0.5
2810,0.9135833094547622,0.99618760456473,0.0857103025849079,0.017572271046515823,0.5037727887544016,0.8708238319265276,0.12,0.62,0.26,0.25
2811,0.8699666734055738,0.9977669801893113,0.04397986964473056,0.004023989327840108,0.4910576463608645,0.8708189901715513,0.02,0.08,0.9,1.0
2812,0.8746020687597816,0.9977573985979437,0.04530214261254525,0.0056600662078008296,0.48651264088418383,0.8708176780109408,0.76,0.04,0.2,1.0
2813,0.8707909344281918,0.9977279651469614,0.04530364690652695,0.003334534705077352,0.4910576463608645,0.8708163457683697,0.1,0.04,0.86,1.0
2814,0.9189968661851396,0.9984115518060925,0.07610536918048157,0.013522581964871242,0.4667881855330919,0.8708151363231044,0.62,0.38,0.0,0.75
2815,0.9139261003824312,0.9947845601637854,0.08328847140474033,0.007627479816485866,0.48651264088418383,0.8708149413768593,0.7,0.12,0.18,0.5
2816,0.8701795698555052,0.9976802967299077,0.04489181319026397,0.0029898073936959683,0.4910576463608645,0.8708135616883067,0.14,0.02,0.84,1.0
2817,0.910383181066584,0.9943403036915326,0.08334581528981087,0.005341649448919242,0.4910576463608645,0.8708077980585595,0.58,0.04,0.38,0.25
2818,0.9107008825902545,0.9945761306090674,0.08370554721343539,0.005493963746129918,0.4910576463608645,0.8708042230013961,0.52,0.06,0.42,0.5
2819,0.9245331875123318,0.9972643658371354,0.0835796258130467,0.013652820822159599,0.4713331910097728,0.8708030432803363,0.5,0.4,0.1,0.5
2820,0.911288120067887,0.9944043805838033,0.08400382262724228,0.005825384658502245,0.4910576463608645,0.8708022834663581,0.58,0.06,0.36,0.25
2821,0.9138926032620238,0.9947710261659786,0.0831862687627838,0.007778674713511016,0.48651264088418383,0.8708021126106044,0.74,0.12,0.14,0.5
2822,0.9100412921199165,0.9980514336830365,0.08427676460942056,0.015842845879537173,0.5037727887544016,0.8708003177528478,0.06,0.56,0.38,0.75
2823,0.9244804670464791,0.9972837086747087,0.08349359300920652,0.013728418270672175,0.4713331910097728,0.8707998328964047,0.52,0.4,0.08,0.5
2824,0.9112726690539585,0.9947823444207816,0.08409947889137721,0.00596262601652372,0.4910576463608645,0.8707992939025425,0.12,0.14,0.74,0.25
2825,0.9110486329580354,0.994577088768204,0.08403406447912688,0.005569561194642495,0.4910576463608645,0.8707987822998865,0.54,0.06,0.4,0.5
2826,0.9113826683051709,0.9945814304267925,0.08433212612598075,0.005645158643155071,0.4910576463608645,0.8707985222511538,0.56,0.06,0.38,0.5
2827,0.8724352524367579,0.9900165207594909,0.04772930262351424,0.003843081159475155,0.5006990589401363,0.87079753081407,0.52,0.0,0.48,1.0
2828,0.9098262536356706,0.9942840717271941,0.08310875587138142,0.00485791423933623,0.4910576463608645,0.870797432966024,0.58,0.02,0.4,0.25
2829,0.9118701877562685,0.9948558531920547,0.08511375824895533,0.005464120679177836,0.4910576463608645,0.8707966177365449,0.24,0.1,0.66,0.25
2830,0.8749205785911626,0.9978041687408067,0.04539961576149003,0.006145734822377577,0.48651264088418383,0.8707949879531487,0.76,0.06,0.18,1.0
2831,0.9105984868768242,0.9960329516915626,0.0815083676960531,0.019194568496967684,0.5037727887544016,0.8707931498573385,0.04,0.7,0.26,0.25
2832,0.915585002566405,0.9955970192268105,0.08850342401187153,0.006751105421173723,0.4910576463608645,0.870786789339114,0.34,0.14,0.52,0.5
2833,0.8902944837924794,0.962126005412102,0.0674551193700799,0.006416868160527784,0.5341316885032235,0.8707801923533796,0.94,0.02,0.04,0.0
2834,0.9149046301225331,0.9975397018478248,0.08752377940675529,0.01818022033241676,0.5037727887544016,0.8707781940586135,0.16,0.64,0.2,0.5
2835,0.9112635090389265,0.9961083767811093,0.08368956798116987,0.017181466811665706,0.5037727887544016,0.8707772292395568,0.02,0.62,0.36,0.25
2836,0.9154612415511457,0.9955772871370878,0.08845567450149551,0.006675507972661144,0.4910576463608645,0.8707755983071451,0.32,0.14,0.54,0.5
2837,0.9120004417170336,0.9948365103544815,0.08536836427052194,0.005385959832207812,0.4910576463608645,0.8707749608995935,0.22,0.1,0.68,0.25
2838,0.9142860852387388,0.995331160008833,0.08745159861702866,0.0061911282947469184,0.4910576463608645,0.870772723339607,0.32,0.12,0.56,0.5
2839,0.9114807590598745,0.9943993203058623,0.08408731854015081,0.006152798174145186,0.4910576463608645,0.8707697415912371,0.54,0.08,0.38,0.25
2840,0.9113052048860837,0.9950841346063874,0.08475425790564574,0.0054491612844561185,0.4910576463608645,0.8707680868390819,0.38,0.08,0.54,0.5
2841,0.9147431862667702,0.9955644118736877,0.08817798018395603,0.0060399333977217695,0.4910576463608645,0.8707654909902698,0.28,0.12,0.6,0.5
2842,0.9146565057636469,0.9953392444765494,0.08779093634768773,0.006342323191772071,0.4910576463608645,0.8707569110155903,0.36,0.12,0.52,0.5
2843,0.912106575186705,0.9944656428836098,0.08470939859848509,0.006309119868085235,0.4910576463608645,0.8707566761141214,0.58,0.08,0.34,0.25
2844,0.9115134250096328,0.9948318692711627,0.08413598057998181,0.006524522073076726,0.4910576463608645,0.8707560380444647,0.14,0.16,0.7,0.25
2845,0.913125733485127,0.9961664352363022,0.08554345042357706,0.017494110199545797,0.5037727887544016,0.8707471592629094,0.1,0.62,0.28,0.25
2846,0.9156500920238562,0.9975991526280135,0.0887233990748657,0.017771438103015166,0.5037727887544016,0.870746369622692,0.18,0.62,0.2,0.5
2847,0.9121082031986514,0.994601072689096,0.0849834676356017,0.006129538321069304,0.4910576463608645,0.8707343156897897,0.56,0.08,0.36,0.5
2848,0.8716945913690141,0.9899867279988322,0.04736894572214997,0.00356119855308443,0.5006990589401363,0.8707312171238357,0.44,0.0,0.56,1.0
2849,0.9119131525228845,0.9948077655803786,0.08524159959868438,0.005635212500880771,0.4910576463608645,0.8707311884441828,0.16,0.12,0.72,0.25
2850,0.8749030631914981,0.9978059353467151,0.04558956947032292,0.006216205473975256,0.48651264088418383,0.8707210951390697,0.78,0.06,0.16,1.0
2851,0.8902939239112484,0.9621299578185412,0.06736502982185757,0.006899958901779558,0.5341316885032235,0.8707099934506171,0.94,0.04,0.02,0.0
2852,0.871473632080922,0.9899766972703693,0.047275318234042824,0.003490727901486751,0.5006990589401363,0.8707045340410149,0.42,0.0,0.58,1.0
2853,0.9201543906551466,0.9982404605152351,0.08246878806144867,0.009928916432761723,0.4713331910097728,0.8707011193258679,0.3,0.28,0.42,0.75
2854,0.9157948940060241,0.9978101272929384,0.09026018702185008,0.01616710417224725,0.5037727887544016,0.8706988999332321,0.14,0.56,0.3,0.5
2855,0.9104382280705877,0.9945752922198227,0.08385922710800342,0.005418366297617343,0.4910576463608645,0.8706960777324564,0.5,0.06,0.44,0.5
2856,0.8735247406361267,0.9978497112422757,0.04703801996387544,0.005644814314586768,0.4910576463608645,0.870692259341368,0.48,0.08,0.44,1.0
2857,0.9207018416757785,0.9982867216360567,0.08156499566885644,0.012161149217964283,0.4713331910097728,0.8706866266036973,0.38,0.36,0.26,0.75
2858,0.914529551344797,0.9953375976405331,0.08797303949060988,0.006266725743259497,0.4910576463608645,0.8706811532939905,0.34,0.12,0.54,0.5
2859,0.9198872819758519,0.99835022962134,0.07976182704635514,0.01361622165670069,0.4713331910097728,0.8706810548896784,0.38,0.42,0.2,0.75
2860,0.9113475818066968,0.9960727452382111,0.08298495733098465,0.01878899413435478,0.5037727887544016,0.8706789085320712,0.06,0.68,0.26,0.25
2861,0.9148692306938199,0.9953505028464064,0.08824109277325463,0.00641792064028465,0.4910576463608645,0.8706774100718603,0.38,0.12,0.5,0.5
2862,0.9110086909029029,0.9944070754063755,0.08420199050781502,0.005747223811532223,0.4910576463608645,0.8706773119459296,0.56,0.06,0.38,0.25
2863,0.9119109141917896,0.99611056258164,0.08388605788713775,0.01838341977174184,0.5037727887544016,0.8706746930608953,0.08,0.66,0.26,0.25
2864,0.9116183611139702,0.9948122569513322,0.08485285799509652,0.00604078686349374,0.4910576463608645,0.8706744769713657,0.14,0.14,0.72,0.25
2865,0.9100163712928276,0.9945734357864952,0.08361213903756488,0.005267171400592191,0.4910576463608645,0.8706707757603112,0.46,0.06,0.48,0.5
2866,0.9098932695029672,0.9960174414905363,0.08126017659800967,0.01911640764999765,0.5037727887544016,0.8706665030976892,0.02,0.7,0.28,0.25
2867,0.8903980480752051,0.9621256461024257,0.06774028555171759,0.006738510410924619,0.5341316885032235,0.8706645977244509,0.9,0.04,0.06,0.0
2868,0.9176619620945052,0.9982859431317581,0.07663292024572764,0.014852191945271839,0.4713331910097728,0.8706594335590567,0.32,0.48,0.2,0.75
2869,0.9197046512166045,0.9982401910329779,0.08185410123246302,0.010413940579007254,0.4713331910097728,0.870646513370693,0.3,0.3,0.4,0.75
2870,0.9125990550038855,0.9961498471062471,0.08539047508685783,0.01741594935257578,0.5037727887544016,0.8706464390203553,0.08,0.62,0.3,0.25
2871,0.8790888800192099,0.9885469142410145,0.07567876003198473,0.005477176234126092,0.5437731010824952,0.8706429566977101,0.9,0.0,0.1,0.5
2872,0.9122116842569464,0.9948490861931514,0.08582589756890302,0.005713373347850796,0.4910576463608645,0.8706427211301162,0.18,0.12,0.7,0.25
2873,0.87341725427575,0.9977725794317667,0.04749466664766829,0.005025830343421699,0.4910576463608645,0.8706404800746822,0.58,0.04,0.38,1.0
2874,0.8854369605588557,0.961874698236014,0.042840912494071744,0.002865001361719091,0.4910576463608645,0.8706366651843735,0.06,0.02,0.92,0.0
2875,0.9146956705398843,0.9975191762825671,0.08745753764875569,0.018664600010331153,0.5037727887544016,0.8706346647446006,0.16,0.66,0.18,0.5
2876,0.8737323315084787,0.9978514179632382,0.047409895238991306,0.005715284966184447,0.4910576463608645,0.8706333979578506,0.5,0.08,0.42,1.0
2877,0.9195139718345028,0.9983050614007838,0.0799234703105616,0.013058163460400105,0.4713331910097728,0.8706272578663177,0.36,0.4,0.24,0.75
2878,0.871277777570754,0.9899678792120639,0.04738466819713019,0.003420257249889068,0.5006990589401363,0.8706269973796447,0.4,0.0,0.6,1.0
2879,0.9108503130901296,0.9943967452531823,0.08403808452634338,0.005996476480205135,0.4910576463608645,0.8706256918147123,0.5,0.08,0.42,0.25
2880,0.9105130835953087,0.9943930024440544,0.08374345658246397,0.005918315633235113,0.4910576463608645,0.8706246053689992,0.48,0.08,0.44,0.25
2881,0.8723291893900599,0.988572844422653,0.06858001012558569,0.005694770137254232,0.5437731010824952,0.8706236865128798,1.0,0.0,0.0,0.75
2882,0.8752530782369737,0.997831087024055,0.0460231800186478,0.006631403436954307,0.48651264088418383,0.8706217192541684,0.76,0.08,0.16,1.0
2883,0.9203941502782788,0.9982415683867369,0.08333355289337784,0.009443892286516205,0.4713331910097728,0.87062069983587,0.3,0.26,0.44,0.75
2884,0.9108655306461106,0.994666706589964,0.08439563653146427,0.005751551078506421,0.4910576463608645,0.870616568661434,0.46,0.08,0.46,0.5
2885,0.9244727760650202,0.9972555328075934,0.08220955397045379,0.013062048708894035,0.4667881855330919,0.8706153176634565,0.6,0.36,0.04,0.5
2886,0.9109240608705422,0.9960856205016113,0.08355965471765404,0.017665202021248633,0.5037727887544016,0.870612719349404,0.02,0.64,0.34,0.25
2887,0.9092864077807852,0.994493579210941,0.08330011247984578,0.004858389171190511,0.4910576463608645,0.8706115964997351,0.48,0.04,0.48,0.5
2888,0.9146098279130419,0.9974894583780911,0.08710764225297532,0.01914897968824537,0.5037727887544016,0.8706085368057579,0.16,0.68,0.16,0.5
2889,0.9202910884962223,0.9983025013193402,0.08108147116919043,0.012646173364209696,0.4713331910097728,0.8706082784526372,0.38,0.38,0.24,0.75
2890,0.9117935149054567,0.9948491760205704,0.08565005158607548,0.005542281526147858,0.4910576463608645,0.8706022405885997,0.26,0.1,0.64,0.25
2891,0.9106767113995486,0.9943883913032087,0.08416571258441569,0.005669062964562198,0.4910576463608645,0.8706010152448788,0.54,0.06,0.4,0.25
2892,0.9117587142687641,0.9944419284449751,0.08493462541813401,0.006230959021115212,0.4910576463608645,0.8705994061191814,0.56,0.08,0.36,0.25
2893,0.8853071206983125,0.9618397553699954,0.04277375888813857,0.0029457256071465615,0.4910576463608645,0.8705957033820739,0.08,0.02,0.9,0.0
2894,0.919993798551964,0.9982364482238499,0.08305261150144538,0.009370858236461077,0.4713331910097728,0.8705954956541377,0.28,0.26,0.46,0.75
2895,0.9123975956220536,0.994851062396371,0.08613958295979188,0.005791534194820822,0.4910576463608645,0.8705926483291702,0.2,0.12,0.68,0.25
2896,0.9071680916242377,0.994037585289263,0.08157076810865534,0.003934754203458819,0.4910576463608645,0.8705914128677266,0.22,0.04,0.74,0.25
2897,0.8912522190608864,0.9631686472364969,0.0797190873811024,0.016235112551165592,0.5665712862478521,0.870587566824903,0.5,0.5,0.0,0.0
2898,0.8728994575990977,0.9977241325104144,0.04745265133602634,0.004540161728844947,0.4910576463608645,0.8705871308127485,0.58,0.02,0.4,1.0
2899,0.9183579249571195,0.9983205865730466,0.07791180056370715,0.01444020184908147,0.4713331910097728,0.8705868100947444,0.34,0.46,0.2,0.75
2900,0.8718972449172753,0.9899959502805236,0.04803880945404619,0.003631669204682112,0.5006990589401363,0.8705860205834327,0.46,0.0,0.54,1.0
2901,0.9100931002486158,0.9945122633141078,0.08408531189949119,0.005085181516728243,0.4910576463608645,0.8705844877246853,0.54,0.04,0.42,0.5
2902,0.8756537991595875,0.9978636045497588,0.04630029803222313,0.007046601399933346,0.48651264088418383,0.8705838142104271,0.74,0.1,0.16,1.0
2903,0.9152875044032299,0.9977966232376048,0.09017935626237412,0.016091506723734692,0.5037727887544016,0.8705830997609658,0.12,0.56,0.32,0.5
2904,0.870433099293406,0.9899275017871914,0.04683322886957043,0.0031383746434983455,0.5006990589401363,0.8705830255606319,0.32,0.0,0.68,1.0
2905,0.9245513324599698,0.9972520594807227,0.08441100322340815,0.013577223373647017,0.4713331910097728,0.8705818754874612,0.48,0.4,0.12,0.5
2906,0.8756851458075213,0.9978617481164314,0.04641750931807184,0.006976130748335669,0.48651264088418383,0.8705732138419617,0.72,0.1,0.18,1.0
2907,0.9116388694862358,0.9960992742693101,0.08439360146947401,0.01774336286821866,0.5037727887544016,0.8705729516612298,0.04,0.64,0.32,0.25
2908,0.92425189094762,0.9972634975054178,0.08208867201919105,0.013137646157406615,0.4667881855330919,0.8705700065015317,0.62,0.36,0.02,0.5
2909,0.9094221761295627,0.9945512484139847,0.08359464814126667,0.004889184158029312,0.4910576463608645,0.8705698333598377,0.36,0.06,0.58,0.5
2910,0.8745521221586329,0.9977550930275209,0.04617038284744356,0.005589595556203146,0.48651264088418383,0.8705659211491146,0.74,0.04,0.22,1.0
2911,0.9095822451382988,0.9959895051632052,0.0809357424761798,0.01960014285958081,0.5037727887544016,0.8705658701970043,0.02,0.72,0.26,0.25
2912,0.9140452928739518,0.9953384659722508,0.08799871948858419,0.006115530846234343,0.4910576463608645,0.8705588353007542,0.3,0.12,0.58,0.5
2913,0.9103414750034029,0.9950609591322671,0.08506679411562554,0.004586794363979012,0.4910576463608645,0.8705577860492077,0.28,0.06,0.66,0.5
2914,0.9104596077101418,0.9945107362479836,0.08451032496600754,0.0051607789652408165,0.4910576463608645,0.8705564585648469,0.56,0.04,0.4,0.5
2915,0.8903429876281824,0.9621276223056453,0.06800614677507826,0.006819234656352088,0.5341316885032235,0.8705555198380401,0.92,0.04,0.04,0.0
2916,0.9245363395078966,0.9972272671130591,0.08496279796838965,0.012910853811868895,0.4713331910097728,0.8705477183506107,0.56,0.36,0.08,0.5
2917,0.9151219435808137,0.9955550398796312,0.0893777492798494,0.00596433594920919,0.4910576463608645,0.8705466516901055,0.26,0.12,0.62,0.5
2918,0.8740716118654889,0.9978042585682257,0.048215385878561105,0.005511498957998446,0.4910576463608645,0.870536449887101,0.58,0.06,0.36,1.0
2919,0.9119293045716834,0.996113107691847,0.08477901845621029,0.017821523715188678,0.5037727887544016,0.8705353171957629,0.06,0.64,0.3,0.25
2920,0.9059993730494004,0.993937846911621,0.08078425623445276,0.0035291798408458347,0.4910576463608645,0.8705338907672542,0.24,0.02,0.74,0.25
2921,0.9192019698011051,0.9982307441827389,0.0817781906049267,0.010340906528952126,0.4713331910097728,0.8705308019056979,0.28,0.3,0.42,0.75
2922,0.9095109814946785,0.9945565182892369,0.08377874313007443,0.004964781606541889,0.4910576463608645,0.8705290273754767,0.38,0.06,0.56,0.5
2923,0.9103553464802082,0.9960185194195652,0.08182875490170577,0.019678303706550833,0.5037727887544016,0.8705288516490854,0.04,0.72,0.24,0.25
2924,0.87550983380688,0.997862646390622,0.04624538521599435,0.007187542703128713,0.48651264088418383,0.8705281371096361,0.78,0.1,0.12,1.0
2925,0.9152107324613385,0.9975875648909532,0.08907062729414936,0.017695840654502592,0.5037727887544016,0.8705277541970766,0.16,0.62,0.22,0.5
2926,0.9208981501653742,0.9982691454043918,0.08264857907875073,0.011676125071718746,0.4713331910097728,0.8705272314627067,0.38,0.34,0.28,0.75
2927,0.9096847265004806,0.9980462835776764,0.08490053052429267,0.01576981182948204,0.5037727887544016,0.8705272015628117,0.04,0.56,0.4,0.75
2928,0.8708611709052991,0.9899473835892791,0.04739773654330789,0.0032793159466937057,0.5006990589401363,0.8705233585695851,0.36,0.0,0.64,1.0
2929,0.9111386680966816,0.9943905771037395,0.08464020919084929,0.006074637327175164,0.4910576463608645,0.8705219044713716,0.52,0.08,0.4,0.25
2930,0.8753058559992878,0.997839770341232,0.046487480208723175,0.006560932785356625,0.48651264088418383,0.8705189804944176,0.74,0.08,0.18,1.0
2931,0.9150261911887684,0.995350023766838,0.08891138594932237,0.006493518088797227,0.4910576463608645,0.8705159011404962,0.4,0.12,0.48,0.5
2932,0.8753018963355721,0.9978383630449998,0.046544499535068645,0.006490462133758942,0.48651264088418383,0.870515223331317,0.72,0.08,0.2,1.0
2933,0.9094694667692285,0.994499897072749,0.08378056796763354,0.004933986619703088,0.4910576463608645,0.8705137122359168,0.5,0.04,0.46,0.5
2934,0.9194418485343957,0.9983404683751342,0.07993366849497284,0.013543187606645558,0.4713331910097728,0.8705109845191739,0.36,0.42,0.22,0.75
2935,0.8710370784677549,0.9977442239098133,0.04634716154394702,0.0037497326680564205,0.4910576463608645,0.8705084935235705,0.08,0.06,0.86,1.0
2936,0.916068077204466,0.9978377342530663,0.0915575595362925,0.015682724494332997,0.5037727887544016,0.8705075292938125,0.14,0.54,0.32,0.5
2937,0.9090723966736617,0.9944877104862283,0.0835071312401306,0.004782791722677934,0.4910576463608645,0.8705018993608269,0.46,0.04,0.5,0.5
2938,0.8720634670809353,0.9900032712151778,0.04846050487866566,0.0037021398562797924,0.5006990589401363,0.8705012156628364,0.48,0.0,0.52,1.0
2939,0.9237405261392072,0.9972381362307666,0.08283599499755893,0.015030362407389778,0.4713331910097728,0.8705003686083489,0.48,0.46,0.06,0.5
2940,0.8710637972882537,0.9899575939725802,0.047647312827422475,0.003349786598291389,0.5006990589401363,0.8704995714181638,0.38,0.0,0.62,1.0
2941,0.8749329574057747,0.9978042585682257,0.04652476826938553,0.0060752641707798975,0.48651264088418383,0.8704881588132878,0.74,0.06,0.2,1.0
2942,0.9151627349710955,0.9976796379955012,0.08960945471614871,0.017135863528075796,0.5037727887544016,0.8704836886110484,0.14,0.6,0.26,0.5
2943,0.9244320139582713,0.9972409508232308,0.0848011561388953,0.013319636041270478,0.4713331910097728,0.8704833567695309,0.54,0.38,0.08,0.5
2944,0.9154714480657792,0.9977418584544444,0.0903088595160181,0.01665148385016148,0.5037727887544016,0.870480705976609,0.14,0.58,0.28,0.5
2945,0.9122979344554152,0.9961278094461017,0.08531109383767703,0.017899684562158708,0.5037727887544016,0.8704789547517824,0.08,0.64,0.28,0.25
2946,0.9114989380400742,0.9948315399039596,0.08572290200806859,0.005620442373117883,0.4910576463608645,0.870474569753592,0.28,0.1,0.62,0.25
2947,0.9244831195722653,0.9973012849063736,0.08239832857728766,0.013546428386808206,0.4667881855330919,0.8704739387570394,0.6,0.38,0.02,0.5
2948,0.9178921688357827,0.9983168138214455,0.07787046447764372,0.014367167799026342,0.4713331910097728,0.870473051228889,0.32,0.46,0.22,0.75
2949,0.8851884683096423,0.9618223288506956,0.04301106813487701,0.0030264498525740314,0.4910576463608645,0.870472875863807,0.1,0.02,0.88,0.0
2950,0.8722460730887779,0.9900107418621973,0.048715469139428445,0.0037726105078774736,0.5006990589401363,0.8704694567970014,0.5,0.0,0.5,1.0
2951,0.9106416821462343,0.9943897686569678,0.08413456361299819,0.006323889995848086,0.4910576463608645,0.8704687353590097,0.46,0.1,0.44,0.25
2952,0.8732831094752516,0.9978125526332534,0.047784853721116585,0.005300087003205404,0.4910576463608645,0.8704676509924403,0.52,0.06,0.42,1.0
2953,0.9106895305613252,0.9947747090901605,0.0848227582132263,0.005698603220087904,0.4910576463608645,0.8704673173162847,0.3,0.1,0.6,0.25
2954,0.870630652302155,0.9899373229183431,0.047399365898153224,0.0032088452950960267,0.5006990589401363,0.8704663178858898,0.34,0.0,0.66,1.0
2955,0.9104362201815082,0.9946355364755464,0.08463046578280084,0.005524758732968696,0.4910576463608645,0.8704607010747265,0.4,0.08,0.52,0.5
2956,0.9097079248796307,0.9945510687591465,0.08411569829195854,0.005115976503567041,0.4910576463608645,0.8704598292738333,0.42,0.06,0.52,0.5
2957,0.9099203740604024,0.9946976371645975,0.08450785011516418,0.0049803854695948365,0.4910576463608645,0.870459516397554,0.24,0.08,0.68,0.25
2958,0.910372063428356,0.9943757855220657,0.08439648286038803,0.005590902117592176,0.4910576463608645,0.8704567759291975,0.52,0.06,0.42,0.25
2959,0.9073300045778955,0.9940547123838326,0.082173083862036,0.004012915050428842,0.4910576463608645,0.8704531320585249,0.24,0.04,0.72,0.25
2960,0.919172827365999,0.9983393605036324,0.0795256791192024,0.014028211752891085,0.4713331910097728,0.8704508280085123,0.36,0.44,0.2,0.75
2961,0.8708198147656467,0.9977270069878247,0.04655182479051613,0.0034050053566750324,0.4910576463608645,0.8704506240067406,0.12,0.04,0.84,1.0
2962,0.8700495323385472,0.9976775420223895,0.045969497461588266,0.0030602780452936473,0.4910576463608645,0.8704490891459953,0.16,0.02,0.82,1.0
2963,0.9204142808497412,0.9982614501888247,0.08285974637082151,0.011045032825362941,0.4713331910097728,0.8704462048339392,0.34,0.32,0.34,0.75
2964,0.8735599115544785,0.9978129119429296,0.048100240759554956,0.005370557654803084,0.4910576463608645,0.870445649919077,0.54,0.06,0.4,1.0
2965,0.8738446349293769,0.9978154570531367,0.04834964247886989,0.005441028306400767,0.4910576463608645,0.8704453924430292,0.56,0.06,0.38,1.0
2966,0.9205357472933143,0.9982685166124583,0.08261152756507209,0.011603091021663618,0.4713331910097728,0.870443713899318,0.36,0.34,0.3,0.75
2967,0.8739789220240766,0.9978441718847664,0.04828707016390659,0.00578575561778213,0.4910576463608645,0.8704390948876061,0.52,0.08,0.4,1.0
2968,0.9150106539702465,0.9953756245812733,0.08894459937660636,0.006826702869686287,0.4910576463608645,0.8704388597715602,0.36,0.14,0.5,0.5
2969,0.9148644012245768,0.9977250307846051,0.08987434196625355,0.01657588640164891,0.5037727887544016,0.8704365625263197,0.12,0.58,0.3,0.5
2970,0.9100373411136475,0.9943349739313344,0.08432608904720416,0.005263488601949218,0.4910576463608645,0.8704360315603419,0.56,0.04,0.4,0.25
2971,0.9180811207845047,0.9983960116625933,0.0758930305864348,0.014346562157251982,0.4667881855330919,0.8704345536102371,0.58,0.42,0.0,0.75
2972,0.9238630217936658,0.9970322218437826,0.08577820095007531,0.011155324984075806,0.4713331910097728,0.8704322964439077,0.48,0.3,0.22,0.5
2973,0.9195881157984891,0.9982315975432201,0.08285966156534631,0.009855882382706597,0.4713331910097728,0.8704317319799417,0.28,0.28,0.44,0.75
2974,0.9113207993080851,0.994398931053713,0.08486646404955561,0.006480211689788133,0.4910576463608645,0.8704313987022395,0.5,0.1,0.4,0.25
2975,0.9105844579784798,0.994647049356424,0.08484972819998544,0.005600356181481272,0.4910576463608645,0.8704285140958619,0.42,0.08,0.5,0.5
2976,0.9109976798686101,0.9943808757424798,0.08459623706787167,0.006402050842818112,0.4910576463608645,0.870425357768384,0.48,0.1,0.42,0.25
2977,0.909606215471562,0.9944310593272675,0.08437853127583073,0.0046763992873265605,0.4910576463608645,0.8704233929113961,0.56,0.02,0.42,0.5
2978,0.9109148623452202,0.9960559175683718,0.08346904388605385,0.018710833287384755,0.5037727887544016,0.8704225228580746,0.04,0.68,0.28,0.25
2979,0.872926639895509,0.9978175230837752,0.04767491440400683,0.005159145700010041,0.4910576463608645,0.8704213657282533,0.48,0.06,0.46,1.0
2980,0.909589957047218,0.9945691540128528,0.08419985601461111,0.005040379055054464,0.4910576463608645,0.8704179884160433,0.4,0.06,0.54,0.5
2981,0.9234070096696909,0.997231009922187,0.08206019901782378,0.012653266479492312,0.4667881855330919,0.8704167604878256,0.62,0.34,0.04,0.5
2982,0.9207445889431822,0.9982649834006415,0.08326001010043281,0.011118066875418076,0.4713331910097728,0.8704157287341813,0.36,0.32,0.32,0.75
2983,0.9096975913444455,0.9943375789264874,0.08410286281406595,0.005185327754979195,0.4910576463608645,0.8704145390241571,0.54,0.04,0.42,0.25
2984,0.8722189957988596,0.9882313505178176,0.04911187849541265,0.0021161016845529465,0.5006990589401363,0.8704113471106257,0.02,0.0,0.98,0.75
2985,0.9128614436767319,0.9949001680521299,0.08685145379476214,0.006431591098343849,0.4910576463608645,0.8704057547085599,0.24,0.14,0.62,0.25
2986,0.9144186008835195,0.9977857541198971,0.08994155356514548,0.0160159092752221,0.5037727887544016,0.8704045331814991,0.1,0.56,0.34,0.5
2987,0.9097559842024217,0.9945072030361668,0.0844267705265487,0.005009584068215665,0.4910576463608645,0.8703991892252537,0.52,0.04,0.44,0.5
2988,0.9241948796978062,0.9972665216951931,0.08399145601479985,0.01462158017798809,0.4713331910097728,0.8703892933655701,0.5,0.44,0.06,0.5
2989,0.9119096620139853,0.9948404328184476,0.0861080877845656,0.006118947710463762,0.4910576463608645,0.8703882786935548,0.16,0.14,0.7,0.25
2990,0.8727677109150556,0.9978134509074441,0.04767508625290472,0.005088675048412362,0.4910576463608645,0.8703871207528767,0.46,0.06,0.48,1.0
2991,0.890401785873456,0.9621239693239364,0.0689847296144527,0.0063361439151003165,0.5341316885032235,0.8703868701907234,0.92,0.02,0.06,0.0
2992,0.872214781977001,0.9882313505178176,0.0491477524217579,0.0021891357346080745,0.5006990589401363,0.8703851251269301,0.04,0.0,0.96,0.75
2993,0.9116046132775016,0.996087806302142,0.08462378623810232,0.018305258924771816,0.5037727887544016,0.8703821581073862,0.06,0.66,0.28,0.25
2994,0.9236930878869742,0.9972172363845961,0.08324275794405146,0.014954764958877202,0.4713331910097728,0.8703807546683116,0.46,0.46,0.08,0.5
2995,0.8735919742188026,0.99784866325572,0.04790555730925607,0.006060012277565824,0.4910576463608645,0.8703789142603982,0.46,0.1,0.44,1.0
2996,0.9197768251932702,0.9982863323839074,0.08139779506897958,0.012573139314154567,0.4713331910097728,0.8703749091471397,0.36,0.38,0.26,0.75
2997,0.909449853112456,0.9942746099057186,0.08423835151737287,0.004779753392366207,0.4910576463608645,0.870372793297896,0.56,0.02,0.42,0.25
2998,0.8909232753041493,0.9622078980758219,0.06870401193613747,0.007704691893428126,0.5341316885032235,0.8703631947375277,0.9,0.08,0.02,0.0
2999,0.9241940044282015,0.997233584974867,0.08417101334771718,0.014470385280962941,0.4713331910097728,0.8703625199612939,0.46,0.44,0.1,0.5
3000,0.9144490516597622,0.9976671819267233,0.08935943788254835,0.017060266079563225,0.5037727887544016,0.8703549743062293,0.12,0.6,0.28,0.5
3001,0.8722194888214193,0.9882320990796433,0.04922147012669588,0.0022621697846632025,0.5006990589401363,0.8703507722210504,0.06,0.0,0.94,0.75
3002,0.9176181981932405,0.9983901429378806,0.07542912259084757,0.014758552253442365,0.4667881855330919,0.8703462540578453,0.56,0.44,0.0,0.75
3003,0.8730514142228072,0.9978141096418506,0.04801858967438052,0.005229616351607723,0.4910576463608645,0.8703450281581858,0.5,0.06,0.44,1.0
3004,0.9100800082461626,0.9943756956946467,0.08453503829247212,0.005512741270622153,0.4910576463608645,0.8703447994228695,0.5,0.06,0.44,0.25
3005,0.8905307839952474,0.9621634634458547,0.068644601257696,0.007302325397603842,0.5341316885032235,0.8703363977477595,0.92,0.06,0.02,0.0
3006,0.919906537521897,0.9982540543979879,0.08277130777372968,0.010971998775307816,0.4713331910097728,0.8703328972620609,0.32,0.32,0.36,0.75
3007,0.9096838482470586,0.994309253347007,0.08424828600522041,0.005356419576682107,0.4910576463608645,0.8703299886303366,0.46,0.06,0.48,0.25
3008,0.8722578797267136,0.9882358418887712,0.04924286936739129,0.00240823788477346,0.5006990589401363,0.8703274627782999,0.1,0.0,0.9,0.75
3009,0.8905534544161281,0.9621617567248923,0.06875757186097325,0.007221601152176374,0.5341316885032235,0.870326491289142,0.9,0.06,0.04,0.0
3010,0.912352394066971,0.9948710340258777,0.08669209989036211,0.006275269404403807,0.4910576463608645,0.8703259138780066,0.2,0.14,0.66,0.25
3011,0.9228702250383793,0.9971818144390091,0.08212724170727949,0.012168886801578021,0.4667881855330919,0.8703258772804171,0.62,0.32,0.06,0.5
3012,0.8723056854338529,0.9977700942065058,0.04762534994536484,0.004743947737030971,0.4910576463608645,0.8703253059304994,0.5,0.04,0.46,1.0
3013,0.8723079669692869,0.9882369497602731,0.049267239855334904,0.002481271934828588,0.5006990589401363,0.8703210164853661,0.12,0.0,0.88,0.75
3014,0.8703997725169371,0.9977589256640679,0.04610561622361605,0.004094459979437788,0.4910576463608645,0.8703202567863454,0.04,0.08,0.88,1.0
3015,0.8722347097532351,0.988234374707593,0.04931133505298998,0.002335203834718331,0.5006990589401363,0.8703151434980738,0.08,0.0,0.92,0.75
3016,0.9130693901152659,0.9977672197290954,0.0889473195389901,0.015864714378196962,0.5037727887544016,0.8703141040716116,0.06,0.56,0.38,0.5
3017,0.9081680277428675,0.9943860857327859,0.08350322703746854,0.004298412044763682,0.4910576463608645,0.8703133474189189,0.46,0.02,0.52,0.5
3018,0.9185559386575596,0.9983357075219235,0.07942352712771913,0.013955177702835959,0.4713331910097728,0.8703092950930411,0.34,0.44,0.22,0.75
3019,0.9140464498032722,0.9977126046583003,0.089511295711539,0.01650028895313634,0.5037727887544016,0.8703091856769432,0.1,0.58,0.32,0.5
3020,0.9126593141695574,0.9948829810726142,0.08669111145624056,0.006837165460956818,0.4910576463608645,0.8703076879562835,0.22,0.16,0.62,0.25
3021,0.924480285172503,0.9971735503164545,0.08606242634682994,0.012426474133954585,0.4713331910097728,0.8703024347844055,0.56,0.34,0.1,0.5
3022,0.9092129080624692,0.9945627163811527,0.08441884366860167,0.004737989261004162,0.4910576463608645,0.870301199554188,0.32,0.06,0.62,0.5
3023,0.9098804069701247,0.9945635547703974,0.08480433893825906,0.005191573952079615,0.4910576463608645,0.8702996276238922,0.44,0.06,0.5,0.5
3024,0.9188440057625681,0.9983267247800164,0.08008898710291897,0.013470153556590429,0.4713331910097728,0.8702993614812805,0.34,0.42,0.24,0.75
3025,0.9099046164600555,0.9943086544975466,0.08453068065541308,0.005434580423652129,0.4910576463608645,0.8702990152251414,0.48,0.06,0.46,0.25
3026,0.8727907300396608,0.9977701241489788,0.04812597158305135,0.004884889040226336,0.4910576463608645,0.8702981866721633,0.54,0.04,0.42,1.0
3027,0.9234773063803832,0.9971277982176743,0.08341590722976512,0.01472797261333947,0.4713331910097728,0.870298002637237,0.4,0.46,0.14,0.5
3028,0.9232936494814774,0.9971168991574937,0.08328055977788607,0.014652375164826894,0.4713331910097728,0.8702954432177652,0.38,0.46,0.16,0.5
3029,0.872188208927844,0.997799377945123,0.047635903502643274,0.004736321790423955,0.4910576463608645,0.8702929356158609,0.36,0.06,0.58,1.0
3030,0.9243194705757799,0.9972540955688882,0.0848925652037807,0.013986005603048675,0.4713331910097728,0.870291916473356,0.46,0.42,0.12,0.5
3031,0.9089652512908394,0.9944807039475407,0.0841759032714254,0.004707194274165359,0.4910576463608645,0.8702908574362728,0.44,0.04,0.52,0.5
3032,0.91291353087964,0.9949161273902515,0.08698134693650673,0.006915326307926841,0.4910576463608645,0.870289548489946,0.24,0.16,0.6,0.25
3033,0.9234567322436934,0.9969814992944804,0.08618356339382552,0.01067094530616152,0.4713331910097728,0.8702827142546314,0.48,0.28,0.24,0.5
3034,0.9236221570547952,0.9971591180444571,0.08359224889577052,0.01480357006185205,0.4713331910097728,0.8702801548744659,0.42,0.46,0.12,0.5
3035,0.8724928235745649,0.9978018631703839,0.047872921479915245,0.004947733745216999,0.4910576463608645,0.8702740214706253,0.42,0.06,0.52,1.0
3036,0.9190473629170597,0.9982230639384083,0.08289075253554842,0.009782848332651467,0.4713331910097728,0.8702738619270968,0.26,0.28,0.46,0.75
3037,0.8728108256089079,0.9978260866310601,0.04793783881870823,0.005362931708196045,0.4910576463608645,0.8702712848228848,0.4,0.08,0.52,1.0
3038,0.9085783039048313,0.9944703737943477,0.08399496909442046,0.004480401928627631,0.4910576463608645,0.8702707887345773,0.38,0.04,0.58,0.5
3039,0.8723400009196757,0.9882376384371526,0.04943043131890042,0.002554305984883717,0.5006990589401363,0.8702690360589633,0.14,0.0,0.86,0.75
3040,0.9086739153077007,0.9944718409755258,0.08404998722626174,0.004555999377140208,0.4910576463608645,0.870268697865719,0.4,0.04,0.56,0.5
3041,0.8730870881755438,0.9977700343215598,0.048489790294718844,0.004955359691824017,0.4910576463608645,0.8702680106182746,0.56,0.04,0.4,1.0
3042,0.9083895856612519,0.9943945295101786,0.08384745842819924,0.004374009493276258,0.4910576463608645,0.8702666376872755,0.48,0.02,0.5,0.5
3043,0.9227977909191375,0.9972357707753977,0.08190731569862193,0.012728863928004883,0.4667881855330919,0.8702637023022279,0.64,0.34,0.02,0.5
3044,0.9077717566532174,0.9941354073486315,0.08307206175292053,0.0044184894130418284,0.4910576463608645,0.8702572568643092,0.22,0.06,0.72,0.25
3045,0.9244561045176158,0.9972325669307842,0.08565940519143425,0.013244038592757898,0.4713331910097728,0.8702568075127806,0.52,0.38,0.1,0.5
3046,0.9090422750534065,0.9942134673758042,0.08401507375744367,0.005043776188802015,0.4910576463608645,0.870252968284805,0.38,0.06,0.56,0.25
3047,0.9243983118438468,0.9973214361907186,0.08280374964484107,0.013955210616209883,0.4667881855330919,0.870252782892559,0.58,0.4,0.02,0.5
3048,0.9186746981430771,0.998221357217446,0.0822397837037338,0.010267872478896996,0.4713331910097728,0.870252631558595,0.26,0.3,0.44,0.75
3049,0.9209010783548731,0.9962134449189495,0.08002469341252053,0.011911299469201567,0.4667881855330919,0.8702480625134472,0.68,0.3,0.02,0.5
3050,0.9093090257954438,0.9945701720569357,0.08465722302285907,0.004813586709516739,0.4910576463608645,0.870247251993298,0.34,0.06,0.6,0.5
3051,0.8695578694433498,0.98988218385427,0.04735902206537145,0.0027155507339122597,0.5006990589401363,0.8702465118503709,0.2,0.0,0.8,1.0
3052,0.908830406638838,0.9941933460339323,0.08387102048195014,0.00496561534183199,0.4910576463608645,0.8702435867177833,0.36,0.06,0.58,0.25
3053,0.9190319091958241,0.998293338922595,0.08079825076277093,0.012985129410344975,0.4713331910097728,0.8702430792289428,0.34,0.4,0.26,0.75
3054,0.8721575239530518,0.9977673694414606,0.04781096122553408,0.00467347708543329,0.4910576463608645,0.8702409868071352,0.48,0.04,0.48,1.0
3055,0.8729781383728669,0.9978311319377645,0.04818112108646689,0.0054334023597937256,0.4910576463608645,0.8702379448935124,0.42,0.08,0.5,1.0
3056,0.907800486004615,0.9943694077753117,0.08348191188127048,0.004147217147738531,0.4910576463608645,0.8702369724372556,0.42,0.02,0.56,0.5
3057,0.9240684930553668,0.9972000194626075,0.08513270232379513,0.013501625925134446,0.4713331910097728,0.8702360988104371,0.46,0.4,0.14,0.5
3058,0.8696641411634802,0.9898886065147335,0.047462484218956866,0.0027860213855099404,0.5006990589401363,0.8702354097679806,0.22,0.0,0.78,1.0
3059,0.9212749586427575,0.9961848498572118,0.08055513967063552,0.01176010457217641,0.4667881855330919,0.8702331218827489,0.64,0.3,0.06,0.5
3060,0.9124653751266181,0.9948764835559681,0.08736414645239789,0.005947855888760868,0.4910576463608645,0.8702321966800839,0.24,0.12,0.64,0.25
3061,0.8723964586780906,0.997801982940276,0.04797156481115209,0.004877263093619317,0.4910576463608645,0.870230761648528,0.4,0.06,0.54,1.0
3062,0.9091341634380973,0.9943115289749569,0.08425365668081825,0.005029006061039146,0.4910576463608645,0.8702293575855591,0.5,0.04,0.46,0.25
3063,0.9123914410495478,0.9948721119549067,0.0867334814149569,0.006759004613986796,0.4910576463608645,0.870229102436154,0.2,0.16,0.64,0.25
3064,0.8723050849248469,0.9978039292010226,0.04793313907406817,0.004806792442021639,0.4910576463608645,0.870228822916053,0.38,0.06,0.56,1.0
3065,0.8726370172185226,0.9978093188461667,0.04813506882191324,0.005018204396814679,0.4910576463608645,0.8702286640508039,0.44,0.06,0.5,1.0
3066,0.8733044058628421,0.9978440820573473,0.04847380638906365,0.005574343662989085,0.4910576463608645,0.8702251282708839,0.46,0.08,0.46,1.0
3067,0.872541322680714,0.9977213778028962,0.04839891386931214,0.004469691077247266,0.4910576463608645,0.8702203376085952,0.56,0.02,0.42,1.0
3068,0.9242619957356003,0.9971895096545762,0.08566859722766318,0.01309284369573275,0.4713331910097728,0.8702197030051332,0.48,0.38,0.14,0.5
3069,0.9128252749680563,0.9977639559995359,0.08907162376654534,0.01578911692968438,0.5037727887544016,0.8702196328391862,0.04,0.56,0.4,0.5
3070,0.8708219728478577,0.9977218868249376,0.047254614480077124,0.003545946659870394,0.4910576463608645,0.8702195329063481,0.16,0.04,0.8,1.0
3071,0.9239956664332866,0.99722460223296,0.08340620853725486,0.012577669030979732,0.4667881855330919,0.8702191396014882,0.6,0.34,0.06,0.5
3072,0.918032974465831,0.9983309466687127,0.07924456741890996,0.013882143652780829,0.4713331910097728,0.8702179353744355,0.32,0.44,0.24,0.75
3073,0.9084436289779233,0.9944585165750303,0.0841008926773115,0.0044048044801150545,0.4910576463608645,0.8702131640777598,0.36,0.04,0.6,0.5
3074,0.8699142238936323,0.9899025597071626,0.047717433931757265,0.002926962688705303,0.5006990589401363,0.8702107763679848,0.26,0.0,0.74,1.0
3075,0.854707977339327,0.9947914469325808,0.052027995738743685,0.01900924572812151,0.5559368418501222,0.8702076810856437,0.0,0.7,0.3,1.0
3076,0.9131766047101427,0.9949114563644598,0.08771038865506484,0.006666073639253916,0.4910576463608645,0.8702072635445696,0.3,0.14,0.56,0.25
3077,0.8722341324503017,0.997718503325486,0.04817401345050766,0.004399220425649584,0.4910576463608645,0.8702067360419601,0.54,0.02,0.44,1.0
3078,0.9244685528578717,0.9972033430771131,0.08612896739171326,0.01283525636335631,0.4713331910097728,0.8702024278711408,0.54,0.36,0.1,0.5
3079,0.906032477972,0.9939401824245169,0.08192194068763531,0.0036073406878158547,0.4910576463608645,0.8702002740578338,0.26,0.02,0.72,0.25
3080,0.907652183786361,0.9943676411694032,0.08350945047872146,0.004071619699225953,0.4910576463608645,0.8701993903110006,0.4,0.02,0.58,0.5
3081,0.9124918719508209,0.9948925926064548,0.08733290107163127,0.006260499276640964,0.4910576463608645,0.8701890489185182,0.32,0.12,0.56,0.25
3082,0.9209803251336043,0.9961019092069362,0.08311107834191474,0.01120012744574956,0.4713331910097728,0.8701885489700747,0.62,0.28,0.1,0.5
3083,0.9101603548466988,0.994353478379663,0.0849248912555881,0.005840154786265088,0.4910576463608645,0.8701876003153415,0.46,0.08,0.46,0.25
3084,0.8757909030099934,0.9978870495061364,0.047445107352098066,0.007602740666107825,0.48651264088418383,0.8701869121100614,0.76,0.12,0.12,1.0
3085,0.8708184497177394,0.9977270069878247,0.047425020533778846,0.003475476008272714,0.4910576463608645,0.8701841693283427,0.14,0.04,0.82,1.0
3086,0.9107165713884505,0.9946543702910783,0.08578653028010103,0.005675953629993845,0.4910576463608645,0.8701838228262933,0.44,0.08,0.48,0.5
3087,0.8717225013923808,0.9876168710864252,0.049016719255088555,0.0021856753145925757,0.5006990589401363,0.8701837693007873,0.02,0.0,0.98,0.25
3088,0.9201746423571111,0.9982780982038258,0.08281620600558835,0.012088115167909159,0.4713331910097728,0.870180757113691,0.36,0.36,0.28,0.75
3089,0.9091982771303643,0.9944205195767631,0.08485121366455815,0.004600801838813983,0.4910576463608645,0.870178162628537,0.54,0.02,0.44,0.5
3090,0.9088105146324683,0.9944793864787277,0.08445794946779957,0.004631596825652784,0.4910576463608645,0.8701779769783797,0.42,0.04,0.54,0.5
3091,0.9128562206345961,0.9948867837666883,0.0875791564173028,0.006509751945313874,0.4910576463608645,0.8701765773907528,0.26,0.14,0.6,0.25
3092,0.9239596993440523,0.9970432706163284,0.08672867659760401,0.01123092243258838,0.4713331910097728,0.870173588234568,0.5,0.3,0.2,0.5
3093,0.9082114876924328,0.9944639661051206,0.08410846973710172,0.004253609583089903,0.4910576463608645,0.8701723918237144,0.32,0.04,0.64,0.5
3094,0.9173150572460911,0.9983108552693138,0.07837360445743552,0.014294133748971217,0.4713331910097728,0.870168455268429,0.3,0.46,0.24,0.75
3095,0.8702516668170706,0.9899180998506619,0.04812699505470759,0.0030679039919006648,0.5006990589401363,0.8701679776456979,0.3,0.0,0.7,1.0
3096,0.8720020360398741,0.9977631774952372,0.04796129109725584,0.004603006433835609,0.4910576463608645,0.8701644297394818,0.46,0.04,0.5,1.0
3097,0.9125946755852468,0.9948948682344047,0.08763811386027555,0.006104177582700914,0.4910576463608645,0.870163429896508,0.28,0.12,0.6,0.25
3098,0.9091593353017835,0.9942100539338795,0.084393413545945,0.005121937035772036,0.4910576463608645,0.870162776386307,0.4,0.06,0.54,0.25
3099,0.8717274112949,0.9876295068100412,0.049052811705419565,0.0022638361615625988,0.5006990589401363,0.8701610913808703,0.04,0.0,0.96,0.25
3100,0.8724410445396381,0.9978077318950965,0.048040036147760874,0.005221990405000681,0.4910576463608645,0.8701562976363852,0.36,0.08,0.56,1.0
3101,0.908328046878636,0.9944540252040767,0.08423438234385414,0.00432920703160248,0.4910576463608645,0.8701544182560469,0.34,0.04,0.62,0.5
3102,0.9182444854217641,0.9982646240909653,0.08032418340715809,0.012912095360289845,0.4713331910097728,0.8701539386065894,0.32,0.4,0.28,0.75
3103,0.9075162636915293,0.9941068422293668,0.08329385075310203,0.0042326274635760466,0.4910576463608645,0.8701495018196692,0.42,0.02,0.56,0.25
3104,0.9121196592878597,0.9948566915812994,0.08710989603651953,0.006197108557433785,0.4910576463608645,0.8701490237613477,0.18,0.14,0.68,0.25
3105,0.8725122027725274,0.997771770984995,0.04840410417694192,0.004814418388628652,0.4910576463608645,0.870148717544962,0.52,0.04,0.44,1.0
3106,0.8700699640017305,0.989909386591012,0.04805596742171904,0.0029974333403029844,0.5006990589401363,0.8701467481852437,0.28,0.0,0.72,1.0
3107,0.909188106585263,0.9942475419101052,0.0842817788009754,0.005449350551414973,0.4910576463608645,0.8701437592432478,0.36,0.08,0.56,0.25
3108,0.9137100172330282,0.9976520010929003,0.089370362762806,0.01698466863105065,0.5037727887544016,0.870142954088724,0.1,0.6,0.3,0.5
3109,0.9096369909050335,0.9945622971865303,0.08469198046892826,0.0057767640670579245,0.4910576463608645,0.8701417959450901,0.32,0.1,0.58,0.25
3110,0.8697795936346868,0.9898949543190146,0.04786499321684785,0.0028564920371076216,0.5006990589401363,0.8701407640026312,0.24,0.0,0.76,1.0
3111,0.9124894972400236,0.9948789687812291,0.08776270928016723,0.005869695041790843,0.4910576463608645,0.8701404373442676,0.22,0.12,0.66,0.25
3112,0.8719822608330471,0.9977141616668975,0.04819059511080967,0.004328749774051906,0.4910576463608645,0.8701398329824974,0.52,0.02,0.46,1.0
3113,0.9237168423045234,0.9971999595776614,0.08415155953666065,0.01487916751036462,0.4713331910097728,0.8701381842520767,0.44,0.46,0.1,0.5
3114,0.9244471337480169,0.9971607948229464,0.08664808369482989,0.012350876685442009,0.4713331910097728,0.870136710532412,0.54,0.34,0.12,0.5
3115,0.8719074719589022,0.9977607222124494,0.048009691309339866,0.004532535782237929,0.4910576463608645,0.8701358210039014,0.44,0.04,0.52,1.0
3116,0.907959126067955,0.9943776120129202,0.0839585322990368,0.004222814596251106,0.4910576463608645,0.8701331520195767,0.44,0.02,0.54,0.5
3117,0.9090844110827112,0.9942599979788831,0.08473990147627039,0.004701592545396182,0.4910576463608645,0.8701318843416493,0.54,0.02,0.44,0.25
3118,0.9132394512672238,0.9977004180717796,0.08933880076154319,0.016424691504623765,0.5037727887544016,0.8701301491396404,0.08,0.58,0.34,0.5
3119,0.9243641390547337,0.9972172663270691,0.08604986960631729,0.013168441144245327,0.4713331910097728,0.8701293780580621,0.5,0.38,0.12,0.5
3120,0.871739541360849,0.9876394776535581,0.04912652941035754,0.0023419970085326214,0.5006990589401363,0.8701293234243206,0.06,0.0,0.94,0.25
3121,0.9094943789240315,0.9960863091784908,0.08207337568211369,0.02008387806916376,0.5037727887544016,0.8701290323361901,0.02,0.74,0.24,0.25
3122,0.9074460329971847,0.9940720191332403,0.08337532634755741,0.004091075897398866,0.4910576463608645,0.8701280105729674,0.26,0.04,0.7,0.25
3123,0.9077988955714132,0.9941088483750594,0.08348328268015154,0.004496650260011851,0.4910576463608645,0.870127129245853,0.24,0.06,0.7,0.25
3124,0.9211279264489584,0.9961961980544878,0.08072812071729742,0.011835702020688989,0.4667881855330919,0.8701256831848606,0.66,0.3,0.04,0.5
3125,0.9194015029084184,0.9982458202179063,0.08302452245276605,0.010898964725252688,0.4713331910097728,0.8701216962486709,0.3,0.32,0.38,0.75
3126,0.9064251855192664,0.9940142900452505,0.08248035756924521,0.0038418232287259256,0.4910576463608645,0.8701211809037723,0.32,0.02,0.66,0.25
3127,0.8710948975944722,0.9977469486748585,0.04770422566872887,0.003820203319654104,0.4910576463608645,0.8701205879094247,0.1,0.06,0.84,1.0
3128,0.9181236206791897,0.9983143884811306,0.0800249130914019,0.013397119506535302,0.4713331910097728,0.8701144901731782,0.32,0.42,0.26,0.75
3129,0.8710353393723356,0.9976832011497909,0.04752470853134934,0.003976396516063501,0.4910576463608645,0.8701137173715121,0.42,0.02,0.56,1.0
3130,0.870798900356693,0.9977172457416189,0.047555122231968526,0.0036164173114680747,0.4910576463608645,0.870111112657501,0.18,0.04,0.78,1.0
3131,0.921156355992859,0.996100412083285,0.08361630891514762,0.011124529997236976,0.4713331910097728,0.8701104744205044,0.6,0.28,0.12,0.5
3132,0.9236154214947389,0.9970290179991691,0.08669250604346047,0.01107972753556323,0.4713331910097728,0.8701088425824229,0.46,0.3,0.24,0.5
3133,0.9185631804579611,0.9982158178599366,0.08300665966080968,0.009709814282596343,0.4713331910097728,0.870108683360644,0.24,0.28,0.48,0.75
3134,0.9083506500226284,0.9941623555743527,0.083934494185187,0.004809293647891945,0.4910576463608645,0.8701079608633943,0.32,0.06,0.62,0.25
3135,0.9079494636501516,0.9979935249402087,0.08423824570217461,0.016181801925672402,0.5037727887544016,0.8701074058985598,0.02,0.58,0.4,0.75
3136,0.9200694236421134,0.9982615400162438,0.0833586774942596,0.011530056971608492,0.4713331910097728,0.8701017952250087,0.34,0.34,0.32,0.75
3137,0.8726436013142539,0.9978173733714102,0.048396157164648186,0.005292461056598363,0.4910576463608645,0.8701016619548936,0.38,0.08,0.54,1.0
3138,0.9075356964747883,0.9940989374164886,0.08352782719209813,0.004169236744368888,0.4910576463608645,0.8700993127469117,0.28,0.04,0.68,0.25
3139,0.9196366933992083,0.9982658517323592,0.08259439140378796,0.012015081117854029,0.4713331910097728,0.8700961444308141,0.34,0.36,0.3,0.75
3140,0.9126442206741159,0.9948881012355013,0.08774782245962244,0.006353430251373829,0.4910576463608645,0.8700957726291544,0.22,0.14,0.64,0.25
3141,0.9236815704302291,0.9971948394147744,0.08471297339099561,0.014243592935425218,0.4713331910097728,0.8700919597836361,0.4,0.44,0.16,0.5
3142,0.9170115485737347,0.9982773496420003,0.0779745596575231,0.014779157895216716,0.4713331910097728,0.8700905119841611,0.3,0.48,0.22,0.75
3143,0.8758773010787692,0.997892918230849,0.04754658747843262,0.008088409280684522,0.48651264088418383,0.8700872971414831,0.76,0.14,0.1,1.0
3144,0.9075996872031935,0.9940821396891223,0.08358776020970905,0.004247397591338912,0.4910576463608645,0.8700830651234757,0.3,0.04,0.66,0.25
3145,0.9088850078950211,0.9944167767676352,0.08490725752561591,0.004525204390301407,0.4910576463608645,0.8700825690861834,0.52,0.02,0.46,0.5
3146,0.8717772140159142,0.9876732527631288,0.0492971137939184,0.002420157855502645,0.5006990589401363,0.8700808390690385,0.08,0.0,0.92,0.25
3147,0.8708686112556991,0.9976786798363644,0.047514414417316145,0.0039059258644658173,0.4910576463608645,0.87008008512328,0.4,0.02,0.58,1.0
3148,0.9124372475895929,0.9948898378989367,0.0877093718619771,0.006182338429670938,0.4910576463608645,0.8700792540649618,0.3,0.12,0.58,0.25
3149,0.9238195684270317,0.9970675839044236,0.08688066873837022,0.011306519881100957,0.4713331910097728,0.870076220801426,0.52,0.3,0.18,0.5
3150,0.9076964572438067,0.99410073396487,0.08368235308146382,0.004325558438308934,0.4910576463608645,0.870071959374231,0.32,0.04,0.64,0.25
3151,0.9086255304880841,0.9941984661968194,0.08437601560428011,0.004794523520129074,0.4910576463608645,0.870071399469599,0.44,0.04,0.52,0.25
3152,0.9080309387825626,0.9941569659292085,0.0840176026315147,0.004388949157516091,0.4910576463608645,0.8700713279140033,0.46,0.02,0.52,0.25
3153,0.9097983313124797,0.9943174725558521,0.0850491485286523,0.0056838330923250436,0.4910576463608645,0.8700690036499633,0.42,0.08,0.5,0.25
3154,0.8724714123331203,0.9882422196355253,0.0501641413580681,0.0027003740849939725,0.5006990589401363,0.8700682290757391,0.18,0.0,0.82,0.75
3155,0.9093538475184235,0.9943260510743733,0.0849941384222263,0.00510716690800917,0.4910576463608645,0.8700681510879358,0.52,0.04,0.44,0.25
3156,0.9092889485689974,0.9942464639810764,0.0848438160332037,0.005200097882742061,0.4910576463608645,0.8700615310172024,0.42,0.06,0.52,0.25
3157,0.8716301807769812,0.9977495836124846,0.04807365231929138,0.004391594479042566,0.4910576463608645,0.8700606958735958,0.4,0.04,0.56,1.0
3158,0.9239998722227151,0.9971220492628537,0.0867126608321056,0.011942094456040293,0.4713331910097728,0.8700598436635474,0.56,0.32,0.12,0.5
3159,0.9079712813824516,0.994149959390521,0.08386864787811982,0.004574811106981875,0.4910576463608645,0.8700581865800818,0.26,0.06,0.68,0.25
3160,0.9189043278031284,0.9956030975488342,0.08243863784245922,0.009338206182605092,0.4713331910097728,0.8700573375896171,0.64,0.2,0.16,0.5
3161,0.9229825781594874,0.9970927056392905,0.0833850908808368,0.015212352291253733,0.4713331910097728,0.8700563360673832,0.4,0.48,0.12,0.5
3162,0.9244039198563243,0.9971851081110417,0.0866210962125799,0.012759658914843736,0.4713331910097728,0.8700534238535997,0.52,0.36,0.12,0.5
3163,0.8698683321657293,0.9976649062987735,0.04709916263360422,0.0031307486968913272,0.4910576463608645,0.8700527871369815,0.18,0.02,0.8,1.0
3164,0.9240814243838338,0.9972213385034003,0.08517350891862883,0.014394787832450361,0.4713331910097728,0.8700527693892325,0.44,0.44,0.12,0.5
3165,0.9119556548236128,0.9976714038154196,0.08842807216348664,0.01619789915908604,0.5037727887544016,0.8700487972636131,0.02,0.58,0.4,0.5
3166,0.9073015421064571,0.9940997758057333,0.08347039108258068,0.00415446661660602,0.4910576463608645,0.8700487187784254,0.4,0.02,0.58,0.25
3167,0.9239489620882457,0.9972014866437856,0.08509203891466166,0.014319190383937789,0.4713331910097728,0.8700486796854573,0.42,0.44,0.14,0.5
3168,0.9205488842754771,0.996138409081552,0.08065120346592665,0.011426919791287285,0.4667881855330919,0.8700472522601785,0.68,0.28,0.04,0.5
3169,0.8759392843939846,0.9978888161120447,0.048186736630736325,0.007461799362912459,0.48651264088418383,0.8700458908002899,0.72,0.12,0.16,1.0
3170,0.9188324366267533,0.995597528248852,0.08245628537166282,0.009262608734092518,0.4713331910097728,0.8700449623308365,0.62,0.2,0.18,0.5
3171,0.911240454815958,0.996075230463472,0.08547760769108542,0.01822709807780179,0.5037727887544016,0.8700402955673118,0.04,0.66,0.3,0.25
3172,0.9074833415985976,0.994360904112973,0.08393799944905853,0.003996022250713376,0.4910576463608645,0.8700391934910529,0.38,0.02,0.6,0.5
3173,0.8756791040248901,0.9978795638878805,0.047790942774356984,0.007673211317705506,0.48651264088418383,0.870038368431741,0.78,0.12,0.1,1.0
3174,0.9132617569792575,0.9949388237848035,0.08835433328226704,0.00674423448622394,0.4910576463608645,0.8700354790249072,0.32,0.14,0.54,0.25
3175,0.8714087276565141,0.9976950883115814,0.0480938320002609,0.004117337819258864,0.4910576463608645,0.8700351143491447,0.46,0.02,0.52,1.0
3176,0.8722790440036036,0.997805815576823,0.04834616242587549,0.005151519753403002,0.4910576463608645,0.870033174785489,0.34,0.08,0.58,1.0
3177,0.9091312647791531,0.9945589735720247,0.08532584022656341,0.004662391812491584,0.4910576463608645,0.8700295607502717,0.3,0.06,0.64,0.5
3178,0.8759382059487056,0.9978863608292567,0.048308328702702893,0.007391328711314783,0.48651264088418383,0.8700242090487602,0.7,0.12,0.18,1.0
3179,0.9141402563569854,0.9975021090729436,0.08904293459562526,0.01858900256181857,0.5037727887544016,0.8700231510353718,0.14,0.66,0.2,0.5
3180,0.9087687716415945,0.9942797001261326,0.08468058387988989,0.004872684367099098,0.4910576463608645,0.8700230449074884,0.46,0.04,0.5,0.25
3181,0.9087818813105074,0.9942218812107239,0.08437284909113482,0.005293028857474928,0.4910576463608645,0.8700230295635049,0.32,0.08,0.6,0.25
3182,0.912953988246329,0.9949099592408086,0.08817870626626169,0.006587912792283895,0.4910576463608645,0.8700207583072248,0.28,0.14,0.58,0.25
3183,0.9081352386467103,0.9941473543953679,0.0841833577110435,0.004560040979219004,0.4910576463608645,0.8700191309725833,0.38,0.04,0.58,0.25
3184,0.8709626084739605,0.9977378162205862,0.04777753559439117,0.004031615274447145,0.4910576463608645,0.8700160961409316,0.16,0.06,0.78,1.0
3185,0.91261866850387,0.9948925027790357,0.08822805087284241,0.00602601673573089,0.4910576463608645,0.87001568528269,0.26,0.12,0.62,0.25
3186,0.8712140761420641,0.9976897286089101,0.04800742069115557,0.004046867167661181,0.4910576463608645,0.8700149421031532,0.44,0.02,0.54,1.0
3187,0.8717703837906218,0.997755212797413,0.04833666845038042,0.004462065130640248,0.4910576463608645,0.8700136166115087,0.42,0.04,0.54,1.0
3188,0.8715982575254483,0.9977024541599452,0.04832588759530516,0.004187808470856545,0.4910576463608645,0.8700120269655238,0.48,0.02,0.5,1.0
3189,0.8851959776688226,0.9618083756582666,0.04456670026977863,0.0031071740980015013,0.4910576463608645,0.8700080302903173,0.12,0.02,0.86,0.0
3190,0.908286577709605,0.9941776262355949,0.08434112554966616,0.004638201826189027,0.4910576463608645,0.8700079191224133,0.4,0.04,0.56,0.25
3191,0.870312459049185,0.9976565224063269,0.04732308690267087,0.0036945139096727746,0.4910576463608645,0.8700074036890915,0.34,0.02,0.64,1.0
3192,0.9086257316358256,0.9944060274198196,0.08494622746545535,0.004449606941788834,0.4910576463608645,0.8700070489481649,0.5,0.02,0.48,0.5
3193,0.9147251810217458,0.9975723840571302,0.09042037616636688,0.01762024320599001,0.5037727887544016,0.8700054759289492,0.14,0.62,0.24,0.5
3194,0.9179679514034015,0.9982133925196217,0.08240924252888966,0.01019483842884187,0.4713331910097728,0.8700051241606923,0.24,0.3,0.46,0.75
3195,0.8717810341449203,0.9977091612739025,0.04851599121519934,0.004258279122454226,0.4910576463608645,0.8699989195782042,0.5,0.02,0.48,1.0
3196,0.8723911136077405,0.9882391655032768,0.05037554020686585,0.002627340034938844,0.5006990589401363,0.8699972913341367,0.16,0.0,0.84,0.75
3197,0.9090256567302681,0.9942361637703562,0.08468875295645947,0.005371189704444952,0.4910576463608645,0.8699915218160037,0.34,0.08,0.58,0.25
3198,0.8707448103536896,0.9977544642355873,0.04755308707358425,0.0041649306310354685,0.4910576463608645,0.8699913529893634,0.06,0.08,0.86,1.0
3199,0.9136537672496953,0.997774226267783,0.09063872704741309,0.01594031182670953,0.5037727887544016,0.8699873116581361,0.08,0.56,0.36,0.5
3200,0.9232541527945987,0.9970775547479405,0.0865538692658328,0.011382117329613532,0.4713331910097728,0.8699872666442001,0.54,0.3,0.16,0.5
3201,0.9132009092053451,0.9949202295090557,0.08827888660823822,0.006993487154896866,0.4910576463608645,0.8699863543261314,0.26,0.16,0.58,0.25
3202,0.8857591404066925,0.9619173363175998,0.04500956098763299,0.0035095405938257896,0.4910576463608645,0.8699850673191227,0.1,0.04,0.86,0.0
3203,0.8715185881618293,0.9977456012635724,0.04827405487485059,0.004321123827444884,0.4910576463608645,0.8699828909124157,0.38,0.04,0.58,1.0
3204,0.8729721163013184,0.9885536213549717,0.07134886921733564,0.00585516347668897,0.5437731010824952,0.8699826786021008,1.0,0.0,0.0,0.5
3205,0.9105776629236761,0.9960619958903956,0.08503794080821604,0.018148937230831767,0.5037727887544016,0.8699819660293716,0.02,0.66,0.32,0.25
3206,0.9062929497887593,0.993987042394799,0.0828677967513238,0.0037636623817559017,0.4910576463608645,0.8699812638891203,0.3,0.02,0.68,0.25
3207,0.8731498756779014,0.9978377342530663,0.04921429950666211,0.005503873011391405,0.4910576463608645,0.8699782500253648,0.44,0.08,0.48,1.0
3208,0.8704942793137235,0.9976613431444836,0.04756775723365898,0.003764984561270455,0.4910576463608645,0.8699779818142233,0.36,0.02,0.62,1.0
3209,0.8542866221084351,0.9947432694934857,0.051692509449451425,0.019980582957275096,0.5559368418501222,0.8699765813358508,0.0,0.74,0.26,1.0
3210,0.8871264166884683,0.9621372488107224,0.0668421943114078,0.0065783166513827245,0.5341316885032235,0.8699760218223149,0.98,0.02,0.0,0.0
3211,0.922401054362893,0.9967106995684542,0.08255555597822534,0.012244484250090592,0.4667881855330919,0.8699757539825584,0.64,0.32,0.04,0.5
3212,0.8904867268147505,0.9621203762271735,0.07055761622086139,0.006255419669672847,0.5341316885032235,0.8699741192162934,0.9,0.02,0.08,0.0
3213,0.8711242678873783,0.9977347920308108,0.04808694160379698,0.004039241221054161,0.4910576463608645,0.8699733394440909,0.3,0.04,0.66,1.0
3214,0.9094980351039704,0.9943038637018627,0.0853433863067179,0.0052782587297120825,0.4910576463608645,0.8699730892551832,0.44,0.06,0.5,0.25
3215,0.9239527092069204,0.9970753090624638,0.08721239178428628,0.011564107213477413,0.4713331910097728,0.8699700893039651,0.46,0.32,0.22,0.5
3216,0.9086435105507354,0.9942398466945381,0.08449658495849155,0.005214868010504906,0.4910576463608645,0.8699641427030963,0.3,0.08,0.62,0.25
3217,0.8708964573830552,0.997732486460388,0.04799014481255597,0.0038906739712517846,0.4910576463608645,0.8699622935573306,0.12,0.06,0.82,1.0
3218,0.9229381141086132,0.997080578937716,0.0837285229407638,0.015136754842741155,0.4713331910097728,0.8699572037906396,0.38,0.48,0.14,0.5
3219,0.9121459206811099,0.9948527691173333,0.08746602338034379,0.006680843767016775,0.4910576463608645,0.8699568101372394,0.18,0.16,0.66,0.25
3220,0.908455465547711,0.9941798120361256,0.08465229919881218,0.00471636267315905,0.4910576463608645,0.869953495438435,0.42,0.04,0.54,0.25
3221,0.8760269054127778,0.9978907324303182,0.0483210762970325,0.007876997325891484,0.48651264088418383,0.8699506627270012,0.7,0.14,0.16,1.0
3222,0.8759627586756464,0.9978919900141853,0.048159627716159115,0.008017938629086842,0.48651264088418383,0.8699500032961998,0.74,0.14,0.12,1.0
3223,0.9246057987946485,0.9972990092784239,0.08439787261809492,0.013470830938295627,0.4667881855330919,0.8699485742149221,0.58,0.38,0.04,0.5
3224,0.871379236822378,0.9977452120114231,0.04829831769167448,0.004250653175847202,0.4910576463608645,0.8699481204839755,0.36,0.04,0.6,1.0
3225,0.91185920892077,0.9948450140168202,0.08724827993852043,0.006602682920046751,0.4910576463608645,0.8699480929901953,0.16,0.16,0.68,0.25
3226,0.8760206811667697,0.9978905527754801,0.04827914700502778,0.00794746797748916,0.48651264088418383,0.8699467726109821,0.72,0.14,0.14,1.0
3227,0.9077651558643718,0.9941266940889816,0.08421217742913613,0.0043107883105460675,0.4910576463608645,0.869946542012784,0.44,0.02,0.54,0.25
3228,0.9176005345699842,0.9983202572058433,0.07978960329303836,0.013809109602725701,0.4713331910097728,0.8699439426857197,0.3,0.44,0.26,0.75
3229,0.9066532233384399,0.994024919623174,0.0832836682908656,0.00391998407569595,0.4910576463608645,0.8699437680379438,0.34,0.02,0.64,0.25
3230,0.9226799749739146,0.9970865973747937,0.08606320492436627,0.01145771477812611,0.4713331910097728,0.8699428260047554,0.56,0.3,0.14,0.5
3231,0.8701282791189623,0.9976531389068751,0.047416444166597446,0.003624043258075091,0.4910576463608645,0.8699387991030869,0.32,0.02,0.66,1.0
3232,0.9205774888778265,0.9961303844987817,0.08111643915812383,0.011351322342774705,0.4667881855330919,0.8699355107979747,0.66,0.28,0.06,0.5
3233,0.906816006415915,0.9940189610710423,0.08343114109944193,0.0039981449226659735,0.4910576463608645,0.869933525351053,0.36,0.02,0.62,0.25
3234,0.907972637195906,0.9941496599657907,0.0843808962463935,0.004481880132248981,0.4910576463608645,0.8699293309692328,0.36,0.04,0.6,0.25
3235,0.8548839869148265,0.9948134546502532,0.053526184389862085,0.018523577113544843,0.5559368418501222,0.8699286329714029,0.0,0.68,0.32,1.0
3236,0.8718294895423252,0.987693583702312,0.04984213058899768,0.0024983187024726675,0.5006990589401363,0.8699266805929529,0.1,0.0,0.9,0.25
3237,0.8711872555707013,0.9977410500076728,0.04827647245417262,0.004109711872651841,0.4910576463608645,0.8699243932717111,0.32,0.04,0.64,1.0
3238,0.9096026042041947,0.994264878601986,0.08537568088320674,0.00560567224535502,0.4910576463608645,0.8699238112720709,0.4,0.08,0.52,0.25
3239,0.871031548903189,0.9977556319920353,0.0480375769352043,0.004235401282633149,0.4910576463608645,0.8699236613632169,0.08,0.08,0.84,1.0
3240,0.8708266801923908,0.9977225156168711,0.04819703158947864,0.003686887963065756,0.4910576463608645,0.8699209270698227,0.2,0.04,0.76,1.0
3241,0.9143632486139709,0.9975256438567403,0.08998864426450191,0.018104622883904183,0.5037727887544016,0.8699175807357381,0.14,0.64,0.22,0.5
3242,0.9188601188029448,0.9982339031136429,0.08322247559393917,0.010825930675197557,0.4713331910097728,0.8699149830583804,0.28,0.32,0.4,0.75
3243,0.8733696089014955,0.9978510586535618,0.04933304706316531,0.005989541625968141,0.4910576463608645,0.8699147716274249,0.44,0.1,0.46,1.0
3244,0.919310708191084,0.9982742655672788,0.08255445287025184,0.01250010526409944,0.4713331910097728,0.8699141299392203,0.34,0.38,0.28,0.75
3245,0.9125129854256887,0.9976284663091036,0.08901366394027861,0.016833473734025498,0.5037727887544016,0.869913474832828,0.06,0.6,0.34,0.5
3246,0.8726322020916208,0.9978296348141134,0.048758710053938885,0.00570765901957742,0.4910576463608645,0.8699124311608254,0.36,0.1,0.54,1.0
3247,0.8758507504221716,0.9978880376077461,0.04851311693740781,0.007532270014510145,0.48651264088418383,0.8699109462528061,0.74,0.12,0.14,1.0
3248,0.9227430604867406,0.997062299057935,0.08373640311291723,0.015061157394228584,0.4713331910097728,0.8699087914747556,0.36,0.48,0.16,0.5
3249,0.8718175296799064,0.9977778193645459,0.04867457057371165,0.004595380487228595,0.4910576463608645,0.869906990348519,0.32,0.06,0.62,1.0
3250,0.8760478012833464,0.9979031884990961,0.048168421694397584,0.008362665940468236,0.48651264088418383,0.8699057129832111,0.7,0.16,0.14,1.0
3251,0.871003672116743,0.9977397624813328,0.04815818071846388,0.004102085926044827,0.4910576463608645,0.8699047820759912,0.18,0.06,0.76,1.0
3252,0.9188695232218616,0.9956341778358329,0.08037709235781873,0.009640595976655394,0.4667881855330919,0.8699041657674262,0.72,0.2,0.08,0.5
3253,0.8710346040263299,0.9977290430759903,0.04828273273137498,0.00396877056945648,0.4910576463608645,0.8699031786951115,0.28,0.04,0.68,1.0
3254,0.9129272582995697,0.9976381826415999,0.08943644703355844,0.016909071182538076,0.5037727887544016,0.8699021052407548,0.08,0.6,0.32,0.5
3255,0.8708720680683569,0.9977255697491195,0.04829056934567303,0.003757358614663437,0.4910576463608645,0.8698939181307306,0.22,0.04,0.74,1.0
3256,0.9062007150501391,0.9939600941690777,0.08312835513652027,0.0036855015347858787,0.4910576463608645,0.8698900021450331,0.28,0.02,0.7,0.25
3257,0.8712702005415892,0.9977379659329513,0.04843772567535129,0.004180182524249523,0.4910576463608645,0.8698881921769454,0.34,0.04,0.62,1.0
3258,0.9103747369732857,0.9943898285419138,0.0859343300045868,0.006245729148878064,0.4910576463608645,0.8698849901496803,0.44,0.1,0.46,0.25
3259,0.8545022765193736,0.9947665946799711,0.052586207707182545,0.0194949143426984,0.5559368418501222,0.8698840433511246,0.0,0.72,0.28,1.0
3260,0.9195280143703982,0.9958087723960342,0.08050546738386583,0.010684952780996534,0.4667881855330919,0.8698819897324588,0.74,0.24,0.02,0.5
3261,0.907842955023652,0.9941026802256165,0.08445038678976219,0.00440371928527896,0.4910576463608645,0.869878960793463,0.34,0.04,0.62,0.25
3262,0.9138543923261688,0.9975657068856459,0.09000838209844468,0.01754464575747744,0.5037727887544016,0.8698772335939892,0.12,0.62,0.26,0.5
3263,0.918838867236414,0.9982692651742839,0.08224097034999889,0.01242707121404431,0.4713331910097728,0.869876886339356,0.32,0.38,0.3,0.75
3264,0.907052741119281,0.9940554908881312,0.08383839930186486,0.004076305769635998,0.4910576463608645,0.8698768831874326,0.38,0.02,0.6,0.25
3265,0.8175976136177026,0.9169547456948338,0.03687298263711554,0.02629427494677274,0.6863469745894236,0.8698763932999245,0.0,1.0,0.0,0.0
3266,0.8720577099178836,0.9977950063440615,0.0487111232892308,0.00508104910180532,0.4910576463608645,0.8698739418596421,0.32,0.08,0.6,1.0
3267,0.871994521401855,0.9977879998053739,0.0489391829964162,0.004665851138826277,0.4910576463608645,0.8698711697949096,0.34,0.06,0.6,1.0
3268,0.8697415766903013,0.9976530191369831,0.047546964919858783,0.003201219348489009,0.4910576463608645,0.8698696748622294,0.2,0.02,0.78,1.0
3269,0.9230578675955073,0.9971112699725652,0.084570697944547,0.014576777716314333,0.4713331910097728,0.8698667285769168,0.36,0.46,0.18,0.5
3270,0.919529919458968,0.9958044307374457,0.08061982210339133,0.010609355332483953,0.4667881855330919,0.8698640337025917,0.72,0.24,0.04,0.5
3271,0.9195595986715597,0.9982548628447595,0.08371051443975777,0.011457022921553364,0.4713331910097728,0.8698609342848366,0.32,0.34,0.34,0.75
3272,0.9122556546101496,0.9976250229247059,0.08899979550726742,0.01675787628551292,0.5037727887544016,0.8698548801541153,0.04,0.6,0.36,0.5
3273,0.9094156763408225,0.9942425115746373,0.08546279377904162,0.0055275113983849974,0.4910576463608645,0.8698548745597872,0.38,0.08,0.54,0.25
3274,0.9228694894238139,0.9970071899363349,0.0870329173444333,0.010746542754674099,0.4713331910097728,0.8698502037687429,0.5,0.28,0.22,0.5
3275,0.8759912665817203,0.997896810752342,0.04825394621655377,0.008433136592065913,0.48651264088418383,0.8698490246195929,0.72,0.16,0.12,1.0
3276,0.8724225470973537,0.9978197238555425,0.048808826213988646,0.005637188367979742,0.4910576463608645,0.8698476816819647,0.34,0.1,0.56,1.0
3277,0.9089576528155704,0.9942853592535341,0.08544992555393621,0.004950845214069121,0.4910576463608645,0.8698429408758181,0.48,0.04,0.48,0.25
3278,0.870920756914518,0.997734911800703,0.04838246151751591,0.003961144622849465,0.4910576463608645,0.8698426544145563,0.14,0.06,0.8,1.0
3279,0.9099762216327694,0.994311648744849,0.08596477691090834,0.0057619939392950644,0.4910576463608645,0.8698416704997302,0.44,0.08,0.48,0.25
3280,0.8722382752571669,0.9978124927483073,0.048694403909868775,0.005566717716382062,0.4910576463608645,0.869838424892287,0.32,0.1,0.58,1.0
3281,0.9197602019982117,0.9959316862477964,0.08039648848146488,0.011502517239799856,0.4667881855330919,0.8698380148712176,0.7,0.28,0.02,0.5
3282,0.9082837148006793,0.9942122097919373,0.08507014082215734,0.004467110004486114,0.4910576463608645,0.8698361168038564,0.48,0.02,0.5,0.25
3283,0.9241185396353219,0.9970834534151262,0.08780439552133537,0.011639704661989988,0.4713331910097728,0.8698351244245567,0.48,0.32,0.2,0.5
3284,0.9082143484517121,0.9941623555743527,0.08479410598084318,0.004731132800921922,0.4910576463608645,0.8698346710265767,0.3,0.06,0.64,0.25
3285,0.924362453422399,0.9971689391756089,0.08738893508193914,0.01268406146633116,0.4713331910097728,0.8698321266070045,0.5,0.36,0.14,0.5
3286,0.8706774285182052,0.9976691880724159,0.048228092387272686,0.0038354552128681382,0.4910576463608645,0.8698294767341495,0.38,0.02,0.6,1.0
3287,0.8711310552511519,0.9977526078022599,0.0484219453063165,0.004305871934230831,0.4910576463608645,0.8698280602402443,0.1,0.08,0.82,1.0
3288,0.8731564288297429,0.9978444713094966,0.049459548544516174,0.005919070974370461,0.4910576463608645,0.8698274230226469,0.42,0.1,0.48,1.0
3289,0.9085047719124376,0.9941819978366563,0.08502640715229617,0.0048874544948619685,0.4910576463608645,0.8698264521157423,0.34,0.06,0.6,0.25
3290,0.9241135616432414,0.9971240554085463,0.0872412837223657,0.012532866569306007,0.4713331910097728,0.8698235686644503,0.46,0.36,0.18,0.5
3291,0.8728072481802218,0.9978326739751253,0.049222676648081484,0.0057781296711751,0.4910576463608645,0.8698174342703364,0.38,0.1,0.52,1.0
3292,0.9085668270807817,0.9942206535693299,0.08497528361954751,0.005136707163534884,0.4910576463608645,0.8698157676258459,0.28,0.08,0.64,0.25
3293,0.8748336571870612,0.9884662043049791,0.05305989967671225,0.0035037486356003836,0.5006990589401363,0.8698142860890339,0.4,0.0,0.6,0.75
3294,0.8760406968183865,0.9979075601001576,0.04819486281232453,0.008777863903447349,0.48651264088418383,0.8698135684973448,0.68,0.18,0.14,1.0
3295,0.8760487608869553,0.9979009727560924,0.04853994400733555,0.008292195288870555,0.48651264088418383,0.8698125639534717,0.68,0.16,0.16,1.0
3296,0.9087520278313441,0.9942320017666059,0.08554465720728378,0.004623431698426161,0.4910576463608645,0.8698113986833398,0.52,0.02,0.46,0.25
3297,0.9123153966813554,0.9948981918489103,0.08840840358763405,0.006338660123610986,0.4910576463608645,0.8698109896253927,0.34,0.12,0.54,0.25
3298,0.9154031063597402,0.9960350177222013,0.08060982325303115,0.008303141217468722,0.4713331910097728,0.8698064565234076,0.1,0.24,0.66,0.25
3299,0.8736455321701927,0.9883130036417532,0.05198940959351296,0.0032116124353798706,0.5006990589401363,0.8698021738714041,0.32,0.0,0.68,0.75
3300,0.91742391900761,0.998209949135224,0.08260709920773987,0.01012180437878674,0.4713331910097728,0.8697989153744294,0.22,0.3,0.48,0.75
3301,0.9242646505476525,0.9971075271634372,0.08793870124246618,0.01186649700752772,0.4713331910097728,0.8697984578518272,0.54,0.32,0.14,0.5
3302,0.9192149085930392,0.9957480490607421,0.08072675410286823,0.01027617055159482,0.4667881855330919,0.8697968560944138,0.76,0.22,0.02,0.5
3303,0.8914047951447468,0.9622475419101052,0.07096863307128459,0.008026334143824905,0.5341316885032235,0.8697958372785362,0.86,0.1,0.04,0.0
3304,0.9133726486863997,0.9949505762054652,0.0890295337366327,0.007149808848836911,0.4910576463608645,0.8697945728582027,0.3,0.16,0.54,0.25
3305,0.9232292060134036,0.9969735944816023,0.08770333864060556,0.010595347857648946,0.4713331910097728,0.8697898757109561,0.46,0.28,0.26,0.5
3306,0.8913699970509458,0.9622503265600965,0.07089953976724651,0.008107058389252375,0.5341316885032235,0.8697896068122279,0.88,0.1,0.02,0.0
3307,0.8709289940891605,0.9977339835840392,0.04867115595993598,0.0038278292662611187,0.4910576463608645,0.8697883497976849,0.24,0.04,0.72,1.0
3308,0.9102456594133977,0.9960413954689553,0.08506014869248867,0.01863267244041473,0.5037727887544016,0.8697761200302535,0.02,0.68,0.3,0.25
3309,0.9087314380841074,0.9944818717039887,0.08547617424062451,0.005058546316564861,0.4910576463608645,0.8697754393334253,0.26,0.08,0.66,0.25
3310,0.870008740690339,0.9976518813230082,0.047909910299920005,0.0035535726064774087,0.4910576463608645,0.8697744588385612,0.3,0.02,0.68,1.0
3311,0.9132742754285513,0.9949786472739249,0.08926398914389504,0.006822395333193957,0.4910576463608645,0.8697671047135723,0.34,0.14,0.52,0.25
3312,0.9133146262339142,0.9949377159133016,0.08911398700088093,0.007071648001866891,0.4910576463608645,0.8697665011869229,0.28,0.16,0.56,0.25
3313,0.891074853433709,0.96220807773066,0.07104178712489333,0.007543243402573185,0.5341316885032235,0.8697664454884859,0.86,0.08,0.06,0.0
3314,0.9240553787130621,0.9970812376721224,0.0876988293285745,0.01204848689139171,0.4713331910097728,0.8697645473051041,0.46,0.34,0.2,0.5
3315,0.9212924264616414,0.9962424891177825,0.08184082231964962,0.01232008169860317,0.4667881855330919,0.8697640430958363,0.66,0.32,0.02,0.5
3316,0.8710538546739774,0.9977429064410003,0.04865134010611616,0.0041725565776425085,0.4910576463608645,0.8697639185862053,0.2,0.06,0.74,1.0
3317,0.8697719350544629,0.9976536479289165,0.04790787194406842,0.003271690000086686,0.4910576463608645,0.8697606468051385,0.22,0.02,0.76,1.0
3318,0.9191897638801707,0.9982578870345349,0.08335409335913999,0.011942047067798896,0.4713331910097728,0.8697562740317322,0.32,0.36,0.32,0.75
3319,0.8906930546088112,0.9621709490641106,0.07094646469590495,0.0071408769067489,0.5341316885032235,0.8697543140793165,0.88,0.06,0.06,0.0
3320,0.8729735216273411,0.9978378540229584,0.049583476928212536,0.00584860032277278,0.4910576463608645,0.8697498942263483,0.4,0.1,0.5,1.0
3321,0.9186606129828149,0.995574891739246,0.08335429859406895,0.009187011285579937,0.4713331910097728,0.8697460274063931,0.6,0.2,0.2,0.5
3322,0.913406394680613,0.9949892469093754,0.0894274567440653,0.0069005561801639735,0.4910576463608645,0.8697455314858921,0.36,0.14,0.5,0.25
3323,0.9128701554755665,0.9974359811212707,0.08803749029904934,0.01948216446913438,0.5037727887544016,0.8697436790968441,0.12,0.7,0.18,0.5
3324,0.9080633727049229,0.9941346887292789,0.08499454148255939,0.004652971953951901,0.4910576463608645,0.8697430269843041,0.28,0.06,0.66,0.25
3325,0.9132312816490976,0.9975501367996736,0.08988365201214932,0.017469048308964872,0.5037727887544016,0.8697390738630641,0.1,0.62,0.28,0.5
3326,0.8871080641758791,0.9621376081203987,0.06737701909030229,0.0069806831472070275,0.5341316885032235,0.8697357788545735,0.96,0.04,0.0,0.0
3327,0.8915193719250895,0.9622543089090085,0.0713592720354236,0.007945609898397437,0.5341316885032235,0.8697346556322918,0.84,0.1,0.06,0.0
3328,0.8740328254711083,0.9883381553190932,0.0525935910040688,0.003284646485435,0.5006990589401363,0.8697331978983075,0.34,0.0,0.66,0.75
3329,0.8743275408010447,0.9883537254050655,0.05287109656337792,0.0033576805354901254,0.5006990589401363,0.8697292700213262,0.36,0.0,0.64,0.75
3330,0.8848965177692267,0.9617820412532422,0.04515979377178593,0.003187898343428973,0.4910576463608645,0.8697269666997736,0.14,0.02,0.84,0.0
3331,0.9096215883859256,0.9943045972924519,0.08587903642337344,0.005933085760997971,0.4910576463608645,0.8697247439187108,0.36,0.1,0.54,0.25
3332,0.9240804165228839,0.9972132240932109,0.08665448556210315,0.013910408154536097,0.4713331910097728,0.8697208062731594,0.44,0.42,0.14,0.5
3333,0.8709640444260255,0.997729851522762,0.048893441986554195,0.0038982999178588,0.4910576463608645,0.869720012769581,0.26,0.04,0.7,1.0
3334,0.8753119426010105,0.9884850530917475,0.05379748724321705,0.0036498167357106393,0.5006990589401363,0.8697185626263283,0.44,0.0,0.56,0.75
3335,0.8714515257511227,0.9977612312344908,0.04908997464288109,0.0043839685324355525,0.4910576463608645,0.8697171230632231,0.26,0.06,0.68,1.0
3336,0.9180756443879465,0.9954742251449403,0.07848576429331053,0.012021011408348437,0.4667881855330919,0.8697116480511513,0.68,0.3,0.02,0.25
3337,0.8718952655657286,0.9877171484285816,0.050626322439868136,0.002576479549442691,0.5006990589401363,0.8697080460006491,0.12,0.0,0.88,0.25
3338,0.9125297125984762,0.9976772725401323,0.09018061209711972,0.016273496607598616,0.5037727887544016,0.8697010992808341,0.04,0.58,0.38,0.5
3339,0.9138881089125528,0.9974731247590567,0.08955340104359298,0.019073382239732786,0.5037727887544016,0.8696989937367716,0.14,0.68,0.18,0.5
3340,0.9101520167565604,0.9943520710834309,0.0863851656616082,0.00616756830190804,0.4910576463608645,0.8696980589619561,0.42,0.1,0.48,0.25
3341,0.920397964974406,0.996053641940422,0.08452376434200254,0.010715747767835265,0.4713331910097728,0.8696958617505891,0.62,0.26,0.12,0.5
3342,0.8698208447106422,0.9976551151100947,0.04809000528001795,0.0034126313032820468,0.4910576463608645,0.869694798946419,0.26,0.02,0.72,1.0
3343,0.9097833652126484,0.9943566223393305,0.08612962778023422,0.0060112466079679915,0.4910576463608645,0.8696931431727991,0.38,0.1,0.52,0.25
3344,0.871207761717389,0.9977544941780604,0.0489308843806294,0.004376342585828512,0.4910576463608645,0.8696904122304406,0.12,0.08,0.8,1.0
3345,0.922335783046764,0.9969971891503449,0.08698411470586548,0.010822140203186673,0.4713331910097728,0.8696875537129557,0.52,0.28,0.2,0.5
3346,0.8750596336828208,0.9884749025933924,0.053700067908975996,0.003576782685655513,0.5006990589401363,0.8696840634642083,0.42,0.0,0.58,0.75
3347,0.8911472463324739,0.9622038258994906,0.07148448163761599,0.007462519157145715,0.5341316885032235,0.8696759357968987,0.84,0.08,0.08,0.0
3348,0.9130303604419312,0.9974677351139124,0.08880484126059805,0.018997784791220218,0.5037727887544016,0.8696719689358631,0.12,0.68,0.2,0.5
3349,0.8718848504629777,0.9977877003806437,0.04927856298529231,0.005010578450207639,0.4910576463608645,0.8696713537718749,0.3,0.08,0.62,1.0
3350,0.9230979420663828,0.9970183884212457,0.08777403993084731,0.010928532638538078,0.4713331910097728,0.8696701785814553,0.42,0.3,0.28,0.5
3351,0.8915674441202605,0.962251164949341,0.0716942359294198,0.007864885652969961,0.5341316885032235,0.8696681003962293,0.82,0.1,0.08,0.0
3352,0.9153450773319477,0.9949739762481333,0.07975156142135294,0.009367852819523279,0.4713331910097728,0.8696645912912182,0.62,0.2,0.18,0.25
3353,0.869732228924989,0.9976523604025765,0.04815293721350147,0.003342160651684368,0.4910576463608645,0.8696637368172448,0.24,0.02,0.74,1.0
3354,0.8711556681370558,0.9977482062587254,0.04908119179780672,0.004243027229240189,0.4910576463608645,0.8696571344866841,0.22,0.06,0.72,1.0
3355,0.9233478966990767,0.9970209634739258,0.0880381113866669,0.011004130087050649,0.4713331910097728,0.8696542368235127,0.44,0.3,0.26,0.5
3356,0.9094204511483835,0.994294626448935,0.08597661241740594,0.005854924914027949,0.4910576463608645,0.8696503848097746,0.34,0.1,0.56,0.25
3357,0.8873385030490155,0.9621628196826847,0.06765297092489439,0.0073830496430313105,0.5341316885032235,0.8696485960830345,0.94,0.06,0.0,0.0
3358,0.9178131886767567,0.9982481707020388,0.08167123036591037,0.01283906131023472,0.4713331910097728,0.869648012791312,0.3,0.4,0.3,0.75
3359,0.9126186771177228,0.9975030971745534,0.08920415591921972,0.01795342798687904,0.5037727887544016,0.8696474217530155,0.1,0.64,0.26,0.5
3360,0.8759981430287962,0.9979066618259669,0.04867999781802464,0.008848334555045027,0.48651264088418383,0.8696465931156425,0.7,0.18,0.12,1.0
3361,0.9170041345787523,0.9982063560384611,0.08276217456457718,0.010048770328731612,0.4713331910097728,0.869642302601614,0.2,0.3,0.5,0.75
3362,0.9242410227710928,0.9971436677283768,0.08796080443377442,0.012608464017818583,0.4713331910097728,0.8696420195686445,0.48,0.36,0.16,0.5
3363,0.9115867514685421,0.9948893288768953,0.08820946809996812,0.006416820970581008,0.4910576463608645,0.869632835094655,0.36,0.12,0.52,0.25
3364,0.8759355192867939,0.9979079194098338,0.04861897341760778,0.00891880520664271,0.48651264088418383,0.8696315084202733,0.72,0.18,0.1,1.0
3365,0.917642230325246,0.9982927700156076,0.08124454936428235,0.013324085456480174,0.4713331910097728,0.8696295244666632,0.3,0.42,0.28,0.75
3366,0.9196498590983296,0.9957951186283354,0.08161035995664462,0.010533757883971375,0.4667881855330919,0.8696279294579959,0.7,0.24,0.06,0.5
3367,0.9241324746062451,0.9970979755145427,0.0882118243228781,0.012124084339904279,0.4713331910097728,0.8696270481928631,0.48,0.34,0.18,0.5
3368,0.918199089341499,0.9982543837651912,0.08248700575090587,0.012354037163989185,0.4713331910097728,0.8696263367589742,0.3,0.38,0.32,0.75
3369,0.9212892433524249,0.9973214661331916,0.08197496636485715,0.013622025835320784,0.4667881855330919,0.869625840098282,0.62,0.38,0.0,0.5
3370,0.8711394960342213,0.9977565602086991,0.049054086789428686,0.004446813237426192,0.4910576463608645,0.8696205995989266,0.14,0.08,0.78,1.0
3371,0.9192569767359952,0.9957381381021712,0.08144542106211469,0.010200573103082245,0.4667881855330919,0.8696157459315864,0.74,0.22,0.04,0.5
3372,0.9084978594810565,0.9942262827542584,0.08601051265226405,0.004545270851456138,0.4910576463608645,0.8696155050277464,0.5,0.02,0.48,0.25
3373,0.9242581411659723,0.9970897413344612,0.0886637148293496,0.011715302110502562,0.4713331910097728,0.8696148814411071,0.5,0.32,0.18,0.5
3374,0.8715516471523135,0.9977614108893289,0.04950331336210652,0.004454439184033234,0.4910576463608645,0.8696138279573998,0.28,0.06,0.66,1.0
3375,0.8710029066344243,0.9977414392598221,0.048882092454687595,0.004517283889023872,0.4910576463608645,0.8696128875810949,0.16,0.08,0.76,1.0
3376,0.8716779018954386,0.9977714715602648,0.04960002625334674,0.004524909835630914,0.4910576463608645,0.8696112139089416,0.3,0.06,0.64,1.0
3377,0.9134248365670273,0.9975107025627014,0.090121467897119,0.01802902543539162,0.5037727887544016,0.8696106106180338,0.12,0.64,0.24,0.5
3378,0.8699579266995997,0.9976558936143933,0.04848091575564869,0.003483101954879729,0.4910576463608645,0.8696091532675068,0.28,0.02,0.7,1.0
3379,0.9150305201892046,0.9960065124878826,0.0809459096977332,0.008224980370498696,0.4713331910097728,0.8696090630070767,0.08,0.24,0.68,0.25
3380,0.8909816772620103,0.9622091556596888,0.07143860354755086,0.007623967648000655,0.5341316885032235,0.8696080124602229,0.88,0.08,0.04,0.0
3381,0.8759140402942459,0.9978977090265327,0.04897264783006697,0.008503607243663598,0.48651264088418383,0.8696045238934207,0.74,0.16,0.1,1.0
3382,0.8908123436414235,0.9621745122184004,0.0716536511418032,0.007060152661321427,0.5341316885032235,0.8696027292356329,0.86,0.06,0.08,0.0
3383,0.9197215222188169,0.995864195913601,0.08148006733722443,0.011018137561885563,0.4667881855330919,0.8696005085545295,0.7,0.26,0.04,0.5
3384,0.9241824034199518,0.9971697775648535,0.08779716831001777,0.013017246247220173,0.4713331910097728,0.8695938091977442,0.46,0.38,0.16,0.5
3385,0.8745765345049337,0.9884559190654955,0.0536179097753381,0.003430714585545257,0.5006990589401363,0.8695892056280735,0.38,0.0,0.62,0.75
3386,0.914955078756633,0.9960286998603932,0.08063225854518706,0.008708715580081678,0.4713331910097728,0.8695835122337349,0.08,0.26,0.66,0.25
3387,0.8720480195658852,0.9978026716171555,0.049425174500922826,0.00549624706478438,0.4910576463608645,0.8695831133240011,0.3,0.1,0.6,1.0
3388,0.9177418355823378,0.9953162486572672,0.07878837693812481,0.011615437045735423,0.4667881855330919,0.8695816082564436,0.7,0.28,0.02,0.25
3389,0.924256740702803,0.9970989636161525,0.08873599446358763,0.011790899559015142,0.4713331910097728,0.869579869660733,0.52,0.32,0.16,0.5
3390,0.909943093547402,0.9943441662705527,0.08663041537452557,0.006089407454938014,0.4910576463608645,0.8695790643377498,0.4,0.1,0.5,0.25
3391,0.913155981210479,0.9974877965708383,0.08962339748742115,0.018513405113306,0.5037727887544016,0.869573354918724,0.12,0.66,0.22,0.5
3392,0.9181450500703654,0.9953656537377563,0.07904097827940629,0.011942850561378409,0.4667881855330919,0.8695716153213188,0.66,0.3,0.04,0.25
3393,0.8712973568882975,0.9977520987802185,0.049486017097257876,0.00431349788083787,0.4910576463608645,0.869569322969572,0.24,0.06,0.7,1.0
3394,0.9197166925745514,0.9958683878598243,0.08154451873846348,0.011093735010398141,0.4667881855330919,0.8695659722200916,0.72,0.26,0.02,0.5
3395,0.9212505087987729,0.9973241609557637,0.08186249880106641,0.014030808064722454,0.4667881855330919,0.8695653187890003,0.6,0.4,0.0,0.5
3396,0.9238357800225813,0.9971920847072562,0.08699531807397046,0.013834810706023508,0.4713331910097728,0.869561020429949,0.42,0.42,0.16,0.5
3397,0.9233696374563819,0.9970383001658064,0.08811655538983473,0.011412912316452261,0.4713331910097728,0.8695589689537346,0.42,0.32,0.26,0.5
3398,0.9193993485521323,0.9957438271720457,0.08408963485915513,0.010306965538433648,0.4713331910097728,0.8695568243449324,0.64,0.24,0.12,0.5
3399,0.8710784576222383,0.9977473379270078,0.049128557572342094,0.004587754540621556,0.4910576463608645,0.8695512287465988,0.18,0.08,0.74,1.0
3400,0.923029592627722,0.996965719611197,0.08839163344556472,0.010519750409136368,0.4713331910097728,0.8695453300540366,0.44,0.28,0.28,0.5
3401,0.9121222568826768,0.9975269912680264,0.08949625271910461,0.017317853411939713,0.5037727887544016,0.8695449133905798,0.06,0.62,0.32,0.5
3402,0.8737676315239101,0.9979060929189794,0.0503721415834486,0.01653330984346123,0.5037727887544016,0.8695411319672083,0.4,0.54,0.06,1.0
3403,0.9119575787429878,0.997415335786121,0.08783293059398682,0.019406567020621813,0.5037727887544016,0.8695409522209124,0.1,0.7,0.2,0.5
3404,0.912568076180383,0.9975377406158418,0.0899273907464982,0.01739345086045229,0.5037727887544016,0.8695407519535496,0.08,0.62,0.3,0.5
3405,0.9223899138755368,0.997051684451248,0.08469231878618319,0.014985559945716003,0.4713331910097728,0.8695405558298284,0.34,0.48,0.18,0.5
3406,0.9236324589993011,0.9970506963496383,0.08813161095567289,0.01189729199436656,0.4713331910097728,0.8695384547905678,0.42,0.34,0.24,0.5
3407,0.9197683942923358,0.9958625191351117,0.08181546929817858,0.010942540113372989,0.4667881855330919,0.8695326616003596,0.68,0.26,0.06,0.5
3408,0.9153982067629103,0.9960498392463479,0.0815306300130436,0.008381302064438743,0.4713331910097728,0.8695258890343293,0.12,0.24,0.64,0.25
3409,0.9181366160566747,0.9953567608232683,0.079258961735656,0.011864689714408388,0.4667881855330919,0.869520486619167,0.64,0.3,0.06,0.25
3410,0.9193015438609043,0.9957231668656593,0.08186735743353833,0.010124975654569667,0.4667881855330919,0.86952024477116,0.72,0.22,0.06,0.5
3411,0.9178070550522195,0.9952806769993151,0.07911218038475575,0.011537276198765399,0.4667881855330919,0.8695180405927737,0.68,0.28,0.04,0.25
3412,0.9227976123750584,0.9969934463412169,0.08803928242838688,0.010852935190025505,0.4713331910097728,0.8695149250445895,0.4,0.3,0.3,0.5
3413,0.9191203752751568,0.9956590600309156,0.08429882779364807,0.00974698841200679,0.4713331910097728,0.8695120523941192,0.62,0.22,0.16,0.5
3414,0.9241858671678543,0.9971119586494448,0.08862355444888582,0.012199681788416857,0.4713331910097728,0.8695112437396835,0.5,0.34,0.16,0.5
3415,0.9236742617621962,0.9970580023130561,0.08859932178261841,0.011488509764964837,0.4713331910097728,0.8694988951417084,0.44,0.32,0.24,0.5
3416,0.9108167276197665,0.9944337242073666,0.0874232245158077,0.0067294643584611,0.4910576463608645,0.8694978205059768,0.44,0.12,0.44,0.25
3417,0.9142496244057507,0.9960054645013269,0.0802462571513535,0.008630554733111659,0.4713331910097728,0.8694953992533363,0.06,0.26,0.68,0.25
3418,0.9243813474330833,0.997146362550949,0.08884846450683279,0.012275279236929431,0.4713331910097728,0.869495033589726,0.52,0.34,0.14,0.5
3419,0.9147225607047356,0.9960551390640732,0.081274735659425,0.007897566854855728,0.4713331910097728,0.8694945727344436,0.12,0.22,0.66,0.25
3420,0.8725861297532804,0.9882472050572837,0.05223799427301308,0.0027734081350491015,0.5006990589401363,0.8694903978418549,0.2,0.0,0.8,0.75
3421,0.9205367401667877,0.9972693662301304,0.08192437071597561,0.013213243605919182,0.4667881855330919,0.8694886294213584,0.64,0.36,0.0,0.5
3422,0.9143202859603069,0.9959987573873695,0.08068169910739507,0.008146819523528675,0.4713331910097728,0.8694866967044108,0.06,0.24,0.7,0.25
3423,0.9239200917859245,0.9970798004334173,0.08825001390245284,0.01245726912079343,0.4713331910097728,0.8694829509450072,0.44,0.36,0.2,0.5
3424,0.9239253090157983,0.9970729436070949,0.08859105130241843,0.011972889442879133,0.4713331910097728,0.869481960932466,0.44,0.34,0.22,0.5
3425,0.8755354469566853,0.9884946945680612,0.05480470615802949,0.00372285078576577,0.5006990589401363,0.8694818313977689,0.46,0.0,0.54,0.75
3426,0.8726898184336599,0.9882536277177473,0.0523414564265985,0.0028464421851042286,0.5006990589401363,0.8694780081678478,0.22,0.0,0.78,0.75
3427,0.919055905361495,0.9982476467087608,0.08457631325576222,0.011383988871498234,0.4713331910097728,0.869473533949777,0.3,0.34,0.36,0.75
3428,0.9181300179346762,0.9952576212950868,0.08213408250803757,0.01130279365785533,0.4713331910097728,0.8694681817900985,0.62,0.28,0.1,0.25
3429,0.9222094310632972,0.9970184782486647,0.08757381717024018,0.010897737651699248,0.4713331910097728,0.8694675698287705,0.54,0.28,0.18,0.5
3430,0.9239837877575651,0.9971910067782274,0.08776058433278539,0.013426028476621875,0.4713331910097728,0.8694662083396598,0.44,0.4,0.16,0.5
3431,0.9187353116220753,0.9982467484345701,0.08394374495004477,0.01186901301774377,0.4713331910097728,0.8694627368891098,0.3,0.36,0.34,0.75
3432,0.9220725292936077,0.9975221405873964,0.08454622664801548,0.01546993962363025,0.4713331910097728,0.8694611862207384,0.34,0.5,0.16,0.5
3433,0.8733156367241444,0.9882900677074171,0.052869039944559985,0.0031385783853247425,0.5006990589401363,0.869460563988396,0.3,0.0,0.7,0.75
3434,0.9192868871263853,0.9957180766452454,0.08212695395899242,0.010049378206057093,0.4667881855330919,0.8694552999834638,0.7,0.22,0.08,0.5
3435,0.9121481773028426,0.9974876768009462,0.08944540306247109,0.017877830538366467,0.5037727887544016,0.8694494690307732,0.08,0.64,0.28,0.5
3436,0.9235794760417297,0.997058032255529,0.08805578259133841,0.012381671672280853,0.4713331910097728,0.8694486637946338,0.42,0.36,0.22,0.5
3437,0.9192948303779742,0.9957286762806957,0.08440605471322571,0.010231368089921073,0.4713331910097728,0.8694470162778237,0.62,0.24,0.14,0.5
3438,0.9225582937750154,0.9969446700526613,0.08829390194052444,0.01044415296062379,0.4713331910097728,0.8694441018056788,0.42,0.28,0.3,0.5
3439,0.9180031024673613,0.9952839407288746,0.07964466145503925,0.011459115351795375,0.4667881855330919,0.8694393349862513,0.66,0.28,0.06,0.25
3440,0.8919926592714156,0.9623098222539945,0.07224845351446206,0.008911791380900948,0.5341316885032235,0.8694351689993849,0.84,0.14,0.02,0.0
3441,0.9115201292059437,0.9976202620714951,0.08974124369332967,0.016682278837000342,0.5037727887544016,0.8694346911703525,0.02,0.6,0.38,0.5
3442,0.9220541051059868,0.9969001755377481,0.08801834251849562,0.01011096817973466,0.4713331910097728,0.8694323176262372,0.46,0.26,0.28,0.5
3443,0.9229751797258784,0.9970949213822943,0.08694217492881437,0.013199236131084147,0.4713331910097728,0.8694307146275765,0.38,0.4,0.22,0.5
3444,0.8729329089813215,0.9882675809101763,0.05267007589412451,0.002992510285214486,0.5006990589401363,0.8694289951557608,0.26,0.0,0.74,0.75
3445,0.9185805957240654,0.9956309739912194,0.08167987354455784,0.00971619342516797,0.4667881855330919,0.8694259842601985,0.74,0.2,0.06,0.5
3446,0.8717635789484607,0.9977849157306525,0.0500577226793859,0.00494010779860996,0.4910576463608645,0.8694238307849949,0.28,0.08,0.64,1.0
3447,0.9176078484798927,0.9962183255420524,0.07940944533300368,0.01198689691771414,0.4667881855330919,0.8694232292253631,0.7,0.3,0.0,0.5
3448,0.917469767967205,0.9982384244270694,0.08214533259050905,0.012766027260179587,0.4713331910097728,0.8694213344615516,0.28,0.4,0.32,0.75
3449,0.9192708321971047,0.995673432417967,0.08472551441167053,0.009822585860519362,0.4713331910097728,0.869421110105492,0.64,0.22,0.14,0.5
3450,0.8706443486680825,0.997766710707054,0.04910252153102919,0.004650599245612213,0.4910576463608645,0.8694188454498983,0.06,0.1,0.84,1.0
3451,0.9186458377819964,0.9955819581628795,0.08456606908660227,0.009111413837067364,0.4713331910097728,0.8694081312433404,0.58,0.2,0.22,0.5
3452,0.911879093486302,0.9975343571163902,0.08977890908131413,0.017242255963427135,0.5037727887544016,0.8694066313522173,0.04,0.62,0.34,0.5
3453,0.9183072387867915,0.9982233034781925,0.08445748410426204,0.010752896625142432,0.4713331910097728,0.8694057877875683,0.26,0.32,0.42,0.75
3454,0.8739225045729287,0.9979072906179004,0.051490902473304276,0.015836229274091403,0.5037727887544016,0.8694043834930791,0.34,0.52,0.14,1.0
3455,0.9233313152997253,0.9970529270638785,0.08800512633990369,0.012306074223768278,0.4713331910097728,0.8694031855875345,0.4,0.36,0.24,0.5
3456,0.871357023097227,0.9977620696237354,0.049850049537564736,0.004728695843816916,0.4910576463608645,0.869400641306912,0.22,0.08,0.7,1.0
3457,0.873646276424542,0.9979028591318928,0.05126387803240953,0.015765758622493718,0.5037727887544016,0.8694004498629893,0.32,0.52,0.16,1.0
3458,0.8905299667552561,0.9621206756519037,0.07236898783994372,0.00657706192006968,0.5341316885032235,0.8694001562916638,0.86,0.04,0.1,0.0
3459,0.9203511906567349,0.9960264841173895,0.08554433918957935,0.010640150319322684,0.4713331910097728,0.8693983996172443,0.6,0.26,0.14,0.5
3460,0.9165960747618912,0.9982919915113089,0.08033668016241681,0.014221099698916084,0.4713331910097728,0.8693981138525861,0.28,0.46,0.26,0.75
3461,0.9234251110594421,0.9971430688789163,0.08750904774776938,0.013274833579596728,0.4713331910097728,0.8693942317414922,0.4,0.4,0.2,0.5
3462,0.9189918146929222,0.9956506162535229,0.08462788987010138,0.00967139096349421,0.4713331910097728,0.8693923898973737,0.6,0.22,0.18,0.5
3463,0.9216009331026589,0.9968905041189614,0.08762862392162364,0.010186565628247237,0.4713331910097728,0.8693922448401283,0.48,0.26,0.26,0.5
3464,0.8729570856068511,0.9978429442433724,0.04919920189612103,0.017708433080800782,0.5037727887544016,0.8693919100973155,0.32,0.6,0.08,1.0
3465,0.9233527261797541,0.9970986641914222,0.08776408748173482,0.012790453901682446,0.4713331910097728,0.8693891425981601,0.4,0.38,0.22,0.5
3466,0.9153949712875317,0.9960525939538661,0.08172840533308157,0.008786876427051699,0.4713331910097728,0.869387150830635,0.1,0.26,0.64,0.25
3467,0.8881632846701618,0.962258006804427,0.06891345420218672,0.008187782634679848,0.5341316885032235,0.8693856634446555,0.9,0.1,0.0,0.0
3468,0.92232802783666,0.9969817987192107,0.08804594488906257,0.010777337741512925,0.4713331910097728,0.8693854996496763,0.38,0.3,0.32,0.5
3469,0.8740432997315917,0.9979143270990609,0.05158913227880321,0.01597717057728676,0.5037727887544016,0.8693851461215608,0.38,0.52,0.1,1.0
3470,0.8904793364876881,0.9621258856422099,0.07235019209496811,0.006657786165497147,0.5341316885032235,0.8693750271664671,0.88,0.04,0.08,0.0
3471,0.9237691192781792,0.9971769338159062,0.08790515012765346,0.013350431028109299,0.4713331910097728,0.8693731034701306,0.42,0.4,0.18,0.5
3472,0.8735293179933759,0.9978928583459029,0.050421612456653886,0.016948507806440277,0.5037727887544016,0.8693703388528025,0.38,0.56,0.06,1.0
3473,0.8702891013325489,0.9977668304769461,0.04895580158574161,0.00458012859401453,0.4910576463608645,0.8693687177725347,0.04,0.1,0.86,1.0
3474,0.9181344805693293,0.9953079246497666,0.08223435640631897,0.011708368020468337,0.4713331910097728,0.8693670182800176,0.6,0.3,0.1,0.25
3475,0.9118019031833293,0.9974751608472223,0.08941745457635317,0.01780223308985389,0.5037727887544016,0.8693668931200279,0.06,0.64,0.3,0.5
3476,0.8739924662505544,0.9979123508958414,0.051651831739596435,0.015906699925689088,0.5037727887544016,0.8693656025368557,0.36,0.52,0.12,1.0
3477,0.8728095100946838,0.9882599755220283,0.05281371533686296,0.002919476235159358,0.5006990589401363,0.8693639959092152,0.24,0.0,0.76,0.75
3478,0.8708943901803364,0.99776419553932,0.04955836990022784,0.004721069897209894,0.4910576463608645,0.8693478564617667,0.08,0.1,0.82,1.0
3479,0.9115797779364707,0.9974699209144431,0.08930758002166443,0.017726635641341307,0.5037727887544016,0.86934629214079,0.04,0.64,0.32,0.5
3480,0.8877566168992498,0.9622140213115552,0.06889521228735342,0.0077854161388555936,0.5341316885032235,0.8693428020926292,0.92,0.08,0.0,0.0
3481,0.9185314194064735,0.9982391729888951,0.08454850081240552,0.011310954821443104,0.4713331910097728,0.8693375488901228,0.28,0.34,0.38,0.75
3482,0.9105656507694563,0.9944274662305046,0.08776943108031333,0.00665130351149108,0.4910576463608645,0.8693372968250014,0.42,0.12,0.46,0.25
3483,0.9169692678985449,0.998311124751571,0.08128876923186462,0.013736075552670568,0.4713331910097728,0.8693352317730754,0.28,0.44,0.28,0.75
3484,0.9155996927504461,0.9950175126039097,0.08124037829446332,0.009289691972553256,0.4713331910097728,0.8693335567956024,0.6,0.2,0.2,0.25
3485,0.8729643542630602,0.9978509089411968,0.04936911048268754,0.01777890373239847,0.5037727887544016,0.8693321660134836,0.34,0.6,0.06,1.0
3486,0.8712112421837438,0.9977558715318194,0.04998810242141361,0.004658225192219236,0.4910576463608645,0.8693302378072173,0.2,0.08,0.72,1.0
3487,0.9137443239479202,0.995979175010012,0.08068219109248959,0.008068658676558652,0.4713331910097728,0.869326460956594,0.04,0.24,0.72,0.25
3488,0.8714811434492918,0.9977694354720992,0.0502214582148709,0.004799166495414597,0.4910576463608645,0.8693177222680879,0.24,0.08,0.68,1.0
3489,0.9237639159841845,0.9971151924365314,0.08839822447032203,0.012866051350195017,0.4713331910097728,0.8693168860288174,0.42,0.38,0.2,0.5
3490,0.871389691625616,0.9977669801893113,0.049987503417942815,0.005002952503600613,0.4910576463608645,0.8693166663119938,0.16,0.1,0.74,1.0
3491,0.9220013804041779,0.9965599392167798,0.08760184458909596,0.01097333510021183,0.4713331910097728,0.869313167282911,0.56,0.28,0.16,0.5
3492,0.9163838103965171,0.9958188929519162,0.0791750158153634,0.010760550229509105,0.4667881855330919,0.8693090143099784,0.76,0.24,0.0,0.5
3493,0.8712200952072436,0.9977599437081507,0.04994183450424604,0.004862011200405255,0.4910576463608645,0.8693060974380097,0.12,0.1,0.78,1.0
3494,0.8905087963518581,0.962113339746013,0.07297596699081375,0.006174695424245377,0.5341316885032235,0.869298040921749,0.88,0.02,0.1,0.0
3495,0.9163447062092832,0.9982690855194458,0.08007787645740691,0.014706123845161585,0.4713331910097728,0.8692969375231314,0.28,0.48,0.24,0.75
3496,0.8711118028093001,0.9977633122363658,0.0499187898468902,0.004791540548807576,0.4910576463608645,0.8692948584107557,0.1,0.1,0.8,1.0
3497,0.9181090813716123,0.9955620464183188,0.08450552552954059,0.008960218940042213,0.4713331910097728,0.8692918257158523,0.54,0.2,0.26,0.5
3498,0.919709722666309,0.9972494544855696,0.08203193587274496,0.01280446137651746,0.4667881855330919,0.8692882571117624,0.66,0.34,0.0,0.5
3499,0.8730626303329612,0.9882744077940258,0.05325022195126376,0.003065544335269616,0.5006990589401363,0.8692869340158937,0.28,0.0,0.72,0.75
3500,0.8719627092779201,0.987730293174239,0.052108593633430796,0.002654640396412715,0.5006990589401363,0.86928692559672,0.14,0.0,0.86,0.25
3501,0.8732419251317515,0.9978724375793008,0.050128379815628635,0.017363705769419324,0.5037727887544016,0.8692826273421356,0.36,0.58,0.06,1.0
3502,0.9181177979425232,0.9952585495117505,0.0828194121802329,0.011224632810885303,0.4713331910097728,0.8692825428504561,0.6,0.28,0.12,0.25
3503,0.9230576564657159,0.9970331201179733,0.0888126810984853,0.011337314867939692,0.4713331910097728,0.8692788577175212,0.4,0.32,0.28,0.5
3504,0.9122947763492907,0.9974705796488497,0.08982258603766308,0.018437807664793422,0.5037727887544016,0.8692700567450444,0.1,0.66,0.24,0.5
3505,0.8732369826838327,0.9978651016734099,0.05021590657916221,0.017293235117821645,0.5037727887544016,0.8692688834666571,0.34,0.58,0.08,1.0
3506,0.9174024121170085,0.9951386299072906,0.08262401341645743,0.010413484085659367,0.4713331910097728,0.8692685490726769,0.64,0.24,0.12,0.25
3507,0.9121165354975337,0.99744958997526,0.08934596092463393,0.01892218734270764,0.5037727887544016,0.869254085040282,0.1,0.68,0.22,0.5
3508,0.9183955156468054,0.9955741132349474,0.084888704408041,0.009035816388554795,0.4713331910097728,0.8692538844776448,0.56,0.2,0.24,0.5
3509,0.9156004054716724,0.9960656189296314,0.08236298407592264,0.008865037274021723,0.4713331910097728,0.869252001941778,0.12,0.26,0.62,0.25
3510,0.9231161577170924,0.9970368329846283,0.0886397505877655,0.011821694545853988,0.4713331910097728,0.8692499862853964,0.4,0.34,0.26,0.5
3511,0.9145745030538419,0.9947931536535431,0.08024309553986135,0.009446013666493305,0.4713331910097728,0.8692488366821639,0.64,0.2,0.16,0.25
3512,0.8735023013981902,0.9978862111168917,0.05086117873677106,0.016878037154842603,0.5037727887544016,0.8692484989017212,0.36,0.56,0.08,1.0
3513,0.8718714376956458,0.997793090025788,0.05045089408482991,0.0054257764131867,0.4910576463608645,0.8692468355431346,0.28,0.1,0.62,1.0
3514,0.9219080726987581,0.9970432406738553,0.08526916823045035,0.014909962497203428,0.4713331910097728,0.8692434128333715,0.32,0.48,0.2,0.5
3515,0.8712762837307084,0.997760213190408,0.050171106671715836,0.004932481852002935,0.4910576463608645,0.8692427463232638,0.14,0.1,0.76,1.0
3516,0.9182243523748793,0.9954039202182806,0.0824768190736178,0.012192103230051272,0.4713331910097728,0.8692416721775007,0.6,0.32,0.08,0.25
3517,0.9233691362699804,0.9971903779862938,0.08739566388905423,0.014167995486912631,0.4713331910097728,0.8692386189554342,0.38,0.44,0.18,0.5
3518,0.8732429418195101,0.99789862227196,0.05148356995718069,0.01569528797089604,0.5037727887544016,0.8692295183927312,0.3,0.52,0.18,1.0
3519,0.9224223939364061,0.9970525378117292,0.08711452740907794,0.013123638682571579,0.4713331910097728,0.8692239104311404,0.36,0.4,0.24,0.5
3520,0.9168002125197777,0.995094883954203,0.08258608707161692,0.009773427182136281,0.4713331910097728,0.8692202819111733,0.6,0.22,0.18,0.25
3521,0.8779188610162001,0.9885378716141613,0.057761156582953485,0.004380157236261923,0.5006990589401363,0.8692188196091047,0.64,0.0,0.36,0.75
3522,0.9227807433261875,0.9970146456121177,0.08844137446476624,0.011746097097341408,0.4713331910097728,0.8692183926017272,0.38,0.34,0.28,0.5
3523,0.9228440692982695,0.9970793213538489,0.08789013058452026,0.012714856453169863,0.4713331910097728,0.8692123952459159,0.38,0.38,0.24,0.5
3524,0.9195773534981911,0.9957733205079741,0.0830229387221055,0.010458160435458805,0.4667881855330919,0.8692104434736435,0.68,0.24,0.08,0.5
3525,0.9182683597469439,0.995552285172113,0.08020159735846843,0.012426585770961344,0.4667881855330919,0.8692049720195845,0.66,0.32,0.02,0.25
3526,0.8781720184244798,0.9885395783351236,0.058025623147286945,0.004453191286317051,0.5006990589401363,0.869204107109553,0.66,0.0,0.34,0.75
3527,0.9174362924595194,0.9951453669637209,0.08294038850285132,0.010335323238689341,0.4713331910097728,0.8692040693496486,0.62,0.24,0.14,0.25
3528,0.9173381339259699,0.9982171652712226,0.08387142716963134,0.01116488672133285,0.4713331910097728,0.8692008378656924,0.24,0.34,0.42,0.75
3529,0.9176495380916266,0.9982167460766004,0.0845327501941391,0.010679862575087302,0.4713331910097728,0.8692003835758686,0.24,0.32,0.44,0.75
3530,0.9178057422341696,0.9982295015701085,0.08431526286954447,0.011237920771387973,0.4713331910097728,0.8692003000803273,0.26,0.34,0.4,0.75
3531,0.9167551489887602,0.9950933568880788,0.08257054283050096,0.009851588029106306,0.4713331910097728,0.8691953867424699,0.62,0.22,0.16,0.25
3532,0.8716209120498887,0.9977750945995008,0.050754082516102056,0.004869637147012279,0.4910576463608645,0.8691927246994491,0.26,0.08,0.66,1.0
3533,0.8908267342149212,0.9621669367727254,0.07314633926921475,0.006979428415893964,0.5341316885032235,0.8691913561881143,0.84,0.06,0.1,0.0
3534,0.9211164813455178,0.9973420066696859,0.0827568130344666,0.01443959029412413,0.4667881855330919,0.8691879864223273,0.58,0.42,0.0,0.5
3535,0.8773025400385615,0.9885321526018138,0.05732672494896206,0.004234089136151667,0.5006990589401363,0.8691876295567761,0.6,0.0,0.4,0.75
3536,0.8713628728801656,0.9977693905583896,0.05036597663835896,0.005073423155198296,0.4910576463608645,0.8691856838257602,0.18,0.1,0.72,1.0
3537,0.8728403767735676,0.9978363568993072,0.04984450355122353,0.017637962429203104,0.5037727887544016,0.8691838087765015,0.3,0.6,0.1,1.0
3538,0.9111256219099257,0.9975292968384492,0.0898290567909595,0.01716665851491456,0.5037727887544016,0.8691804807569123,0.02,0.62,0.36,0.5
3539,0.9171846676585264,0.9982115061438211,0.08416701324574392,0.010606828525032176,0.4713331910097728,0.8691802726423765,0.22,0.32,0.46,0.75
3540,0.9235897637358397,0.9971575909783329,0.08811248199732627,0.013759213257510939,0.4713331910097728,0.8691748156038734,0.4,0.42,0.18,0.5
3541,0.9172281382584603,0.9952067190909465,0.07989081277675372,0.0112098626831224,0.4667881855330919,0.8691740887533972,0.72,0.26,0.02,0.25
3542,0.8696449354468222,0.9977724596618747,0.0490170686703986,0.004509657942416852,0.4910576463608645,0.8691727285710347,0.02,0.1,0.88,1.0
3543,0.9191576463965431,0.9957196935387886,0.08529802007163151,0.010155770641408499,0.4713331910097728,0.8691622663619676,0.6,0.24,0.16,0.5
3544,0.9228953419037687,0.9970472230227675,0.0884385155845592,0.012230476775255697,0.4713331910097728,0.8691616077494755,0.38,0.36,0.26,0.5
3545,0.8917372213545063,0.9622701484772381,0.07330665315904959,0.008428700639649242,0.5341316885032235,0.8691438728301456,0.84,0.12,0.04,0.0
3546,0.8918764180947419,0.9623310814098414,0.07287313604161151,0.009314157876725238,0.5341316885032235,0.8691427669437852,0.82,0.16,0.02,0.0
3547,0.8723738490026826,0.9978238409455833,0.05091985197036438,0.0060523863309588375,0.4910576463608645,0.8691415369464913,0.32,0.12,0.56,1.0
3548,0.9226059037032238,0.9970214425534941,0.08886556704435264,0.011261717419427109,0.4713331910097728,0.8691414400854371,0.38,0.32,0.3,0.5
3549,0.9208022903714811,0.9973178131514827,0.08230546732760144,0.014848372523525818,0.4667881855330919,0.8691385744991096,0.56,0.44,0.0,0.5
3550,0.9115915722843431,0.9974540514037405,0.08959634490668404,0.01836221021628084,0.5037727887544016,0.8691370151700379,0.08,0.66,0.26,0.5
3551,0.9145342716819967,0.996070050415639,0.08229851671524566,0.00797572770182575,0.4713331910097728,0.8691292897905252,0.14,0.22,0.64,0.25
3552,0.8973881128540272,0.9953584076592846,0.06351711537838843,0.008833405681934805,0.4713331910097728,0.8691263270465852,0.0,0.28,0.72,0.75
3553,0.9221961913531425,0.9969237702064908,0.08908676525191442,0.01036855551211122,0.4713331910097728,0.8691186835984048,0.4,0.28,0.32,0.5
3554,0.9106137712049259,0.9946622451614835,0.0888078234698997,0.006494981817551032,0.4910576463608645,0.8691185974238864,0.38,0.12,0.5,0.25
3555,0.9160478468681158,0.9982809427387631,0.08078145760006296,0.014148065648860956,0.4713331910097728,0.8691182593378644,0.26,0.46,0.28,0.75
3556,0.8727597063733773,0.9978395607439208,0.05131601724129243,0.006193327634154196,0.4910576463608645,0.8691171547324632,0.36,0.12,0.52,1.0
3557,0.9220689108508434,0.9969624558816375,0.08875702705435577,0.010701740293000351,0.4713331910097728,0.8691148076752913,0.36,0.3,0.34,0.5
3558,0.9178179266208427,0.9951991137027985,0.08336945038534724,0.010819058448272283,0.4713331910097728,0.8691060734769682,0.62,0.26,0.12,0.25
3559,0.8776329128383754,0.9885343982872905,0.05790996008376851,0.004307123186206796,0.5006990589401363,0.8691041853521992,0.62,0.0,0.38,0.75
3560,0.8731016958004431,0.9978600413954689,0.050705551751516795,0.017222764466223957,0.5037727887544016,0.8691003507578783,0.32,0.58,0.1,1.0
3561,0.8783903756610425,0.9885414946533971,0.0585664303231443,0.004526225336372183,0.5006990589401363,0.8690992509521145,0.68,0.0,0.32,0.75
3562,0.891888453462907,0.9623627904887735,0.0727932919717912,0.009716524372549577,0.5341316885032235,0.8690936987456246,0.8,0.18,0.02,0.0
3563,0.9158408393683769,0.9982607016269991,0.08032627878069556,0.014633089795106453,0.4713331910097728,0.8690874529370127,0.26,0.48,0.26,0.75
3564,0.8717348426641127,0.9977876404956977,0.05091828548868152,0.005355305761589019,0.4910576463608645,0.8690842730823825,0.26,0.1,0.64,1.0
3565,0.9112280382964988,0.9974362655747645,0.08945246342274317,0.018286612767768273,0.5037727887544016,0.8690819220097123,0.06,0.66,0.28,0.5
3566,0.9107424727356623,0.9974654594859625,0.0894123591598667,0.017651038192828733,0.5037727887544016,0.869079317987363,0.02,0.64,0.34,0.5
3567,0.8716006809911753,0.9977819514258232,0.050855931554024555,0.005284835109991338,0.4910576463608645,0.8690752568928016,0.24,0.1,0.66,1.0
3568,0.9134166800279969,0.995995613427702,0.0809004526957122,0.008552393886141638,0.4713331910097728,0.8690709095148368,0.04,0.26,0.7,0.25
3569,0.872572884975485,0.9978306079444866,0.051354571820476945,0.006122856982556517,0.4910576463608645,0.8690627350234612,0.34,0.12,0.54,1.0
3570,0.8973017061949096,0.9953629589151842,0.06331621785804549,0.009318429828180319,0.4713331910097728,0.8690620496792508,0.0,0.3,0.7,0.75
3571,0.9165079636628642,0.9982053379943783,0.08392433843891431,0.010533794474977045,0.4713331910097728,0.8690609641793449,0.2,0.32,0.48,0.75
3572,0.9239384502295527,0.9971370504418386,0.08942938029059604,0.012941648798707593,0.4713331910097728,0.8690598768358628,0.44,0.38,0.18,0.5
3573,0.9165226190667672,0.9950804217397325,0.08274252550664614,0.009929748876076326,0.4713331910097728,0.8690584316134273,0.64,0.22,0.14,0.25
3574,0.9133214448383961,0.9960102552970106,0.08052538193196093,0.009036129095724658,0.4713331910097728,0.8690560107426055,0.04,0.28,0.68,0.25
3575,0.9158632256959228,0.995110094730499,0.07912152746267319,0.010804288320509486,0.4667881855330919,0.8690532050246218,0.74,0.24,0.02,0.25
3576,0.9173368753484441,0.9951336594567687,0.08341653938409091,0.010257162391719319,0.4713331910097728,0.8690507321566612,0.6,0.24,0.16,0.25
3577,0.9171374992781571,0.9982663906968736,0.08276616721286717,0.013251051406425044,0.4713331910097728,0.8690497089598811,0.28,0.42,0.3,0.75
3578,0.9223437804818353,0.9968822998813529,0.08970456328366493,0.010035370731222085,0.4713331910097728,0.8690451179130844,0.44,0.26,0.3,0.5
3579,0.9210526582285004,0.996090321469876,0.08725244901669159,0.011048932548724402,0.4713331910097728,0.8690438027303931,0.58,0.28,0.14,0.5
3580,0.9203801145922478,0.9963377960094169,0.08761946482955835,0.009702185950333038,0.4713331910097728,0.8690426117614964,0.48,0.24,0.28,0.5
3581,0.9155154407360706,0.9960878661870881,0.08234704032911035,0.00983250769318778,0.4713331910097728,0.8690409559187745,0.12,0.3,0.58,0.25
3582,0.9213142865293757,0.9964398698999547,0.0882187800104932,0.010337760525272384,0.4713331910097728,0.8690381337033348,0.52,0.26,0.22,0.5
3583,0.9182305147453416,0.9954298503999192,0.08080401845827247,0.012270264077021297,0.4667881855330919,0.86903269565542,0.62,0.32,0.06,0.25
3584,0.9198401581532606,0.9959505799482744,0.08664608994424648,0.010080173192895923,0.4713331910097728,0.8690278015961095,0.58,0.24,0.18,0.5
3585,0.9184638785139217,0.9956045647300125,0.08083944188318698,0.012753999286604343,0.4667881855330919,0.8690219438537004,0.62,0.34,0.04,0.25
3586,0.9174135744097978,0.995199832322151,0.08068885883130962,0.011131701836152377,0.4667881855330919,0.8690140513358113,0.7,0.26,0.04,0.25
3587,0.9183228535542362,0.9956199551611467,0.08070822963033228,0.012832160133574359,0.4667881855330919,0.8690041726143702,0.64,0.34,0.02,0.25
3588,0.922388970891559,0.9970330901755003,0.0885196984150442,0.012154879326743126,0.4713331910097728,0.8689992715950359,0.36,0.36,0.28,0.5
3589,0.9215169958907384,0.996984733081567,0.08704002662724106,0.012972443785546423,0.4713331910097728,0.8689938556690204,0.32,0.4,0.28,0.5
3590,0.9232431918259261,0.99715399788157,0.08843188343232865,0.01368361580899836,0.4713331910097728,0.8689932647828212,0.38,0.42,0.2,0.5
3591,0.9184251825512124,0.9956574730798453,0.08060556617297152,0.013237734496187393,0.4667881855330919,0.8689890065409083,0.62,0.36,0.02,0.25
3592,0.8737494125032139,0.9978998049996445,0.05237062295396001,0.01639236854026587,0.5037727887544016,0.8689862715012291,0.36,0.54,0.1,1.0
3593,0.8769682338111652,0.9885288888722542,0.05773297490156082,0.004161055086096538,0.5006990589401363,0.8689842359807389,0.58,0.0,0.42,0.75
3594,0.8728983316788251,0.9978440820573473,0.05187475015556627,0.0062637982857518815,0.4910576463608645,0.8689841101498711,0.38,0.12,0.5,1.0
3595,0.9215765536390653,0.9969522454983363,0.08874587148944786,0.010626142844487775,0.4713331910097728,0.8689839072595993,0.34,0.3,0.36,0.5
3596,0.9223602929485404,0.997040276369026,0.08822964804860703,0.012639259004657292,0.4713331910097728,0.8689785610506296,0.36,0.38,0.26,0.5
3597,0.9128340566054814,0.9959916310787899,0.08033407980230772,0.008957968248754635,0.4713331910097728,0.8689778309361443,0.02,0.28,0.7,0.25
3598,0.8714747670228585,0.9977734178210114,0.05113251080959157,0.005214364458393657,0.4910576463608645,0.8689704928878205,0.22,0.1,0.68,1.0
3599,0.9221775507668574,0.9970842618618978,0.08747166528296613,0.01353242091197321,0.4713331910097728,0.8689704114340062,0.34,0.42,0.24,0.5
3600,0.9212107586947876,0.9969400888542888,0.0884604337125776,0.010550545395975197,0.4713331910097728,0.8689698247024461,0.32,0.3,0.38,0.5
3601,0.9159571959555374,0.9957419707387183,0.0801566672190836,0.010351768000107396,0.4667881855330919,0.8689680033691796,0.78,0.22,0.0,0.5
3602,0.9152317218195734,0.9960577141167531,0.08267914048431796,0.009270611636634726,0.4713331910097728,0.8689678727951865,0.1,0.28,0.62,0.25
3603,0.9162466841985092,0.9982843561806879,0.081864552904021,0.013663041502615438,0.4713331910097728,0.8689629121377542,0.26,0.44,0.3,0.75
3604,0.9197283527934687,0.9965791772556974,0.08843656159671655,0.008128647006403885,0.4713331910097728,0.8689622339068095,0.32,0.2,0.48,0.5
3605,0.873035632264047,0.9978542924406484,0.05116459959031802,0.017152293814626286,0.5037727887544016,0.8689613102759421,0.3,0.58,0.12,1.0
3606,0.8727176661873971,0.9978261465160061,0.050099499926487684,0.018194101695377475,0.5037727887544016,0.8689606597887126,0.32,0.62,0.06,1.0
3607,0.9109738285493748,0.9974309956995123,0.08966573771128712,0.01821101531925569,0.5037727887544016,0.8689584501423034,0.04,0.66,0.3,0.5
3608,0.9225634161261044,0.997099682235505,0.08725084440977905,0.014501180267801752,0.4713331910097728,0.86895844766239,0.34,0.46,0.2,0.5
3609,0.9141227777974373,0.9960186092469843,0.08165953982498295,0.00911428994269468,0.4713331910097728,0.8689547827598503,0.06,0.28,0.66,0.25
3610,0.9166962202538381,0.9959449208208729,0.08024353134200503,0.011578114688312434,0.4667881855330919,0.8689498201454781,0.72,0.28,0.0,0.5
3611,0.8731107096423021,0.9978480344637864,0.05217582724055215,0.006334268937349561,0.4910576463608645,0.8689474497860736,0.4,0.12,0.48,1.0
3612,0.9219551045561462,0.9970169212400675,0.08762802005067107,0.013048041234059005,0.4713331910097728,0.8689453379635037,0.34,0.4,0.26,0.5
3613,0.916937532223746,0.9982227046287321,0.08330027893561069,0.012692993210124463,0.4713331910097728,0.86894066550586,0.26,0.4,0.34,0.75
3614,0.9215190834119916,0.9969021217984947,0.08906291409572034,0.010262163076759813,0.4713331910097728,0.8689404644308826,0.5,0.26,0.24,0.5
3615,0.9223934161538755,0.9970142863024415,0.0890587666001823,0.011670499648828837,0.4713331910097728,0.8689391183288749,0.36,0.34,0.3,0.5
3616,0.9161198142048612,0.9951281200992593,0.07985816073609998,0.010726127473539461,0.4667881855330919,0.8689359701179061,0.72,0.24,0.04,0.25
3617,0.876334809457065,0.9885208642894838,0.05733999086439209,0.004014986985986283,0.5006990589401363,0.86893560983143,0.54,0.0,0.46,0.75
3618,0.8736497535631756,0.9978940859872969,0.05249587986535708,0.016321897888668186,0.5037727887544016,0.868933468592703,0.34,0.54,0.12,1.0
3619,0.8918180431175831,0.9622785922546307,0.07418181758526028,0.008347976394221768,0.5341316885032235,0.8689330116992318,0.82,0.12,0.06,0.0
3620,0.8737932982683349,0.9979039670033947,0.05256867411728994,0.016462839191863546,0.5037727887544016,0.8689288219147728,0.38,0.54,0.08,1.0
3621,0.9176213580570874,0.9952201033763881,0.081267847446404,0.011053540989182351,0.4667881855330919,0.8689279984567823,0.68,0.26,0.06,0.25
3622,0.8917240199485948,0.9622743404234614,0.0739931853255915,0.008509424885076713,0.5341316885032235,0.868926305040804,0.86,0.12,0.02,0.0
3623,0.9176381889916085,0.9982329150120332,0.08476961167615521,0.011722944917633515,0.4713331910097728,0.8689224439405724,0.26,0.36,0.38,0.75
3624,0.9156263166675427,0.9982704628732049,0.08108714309552247,0.014075031598805835,0.4713331910097728,0.8689166329181954,0.24,0.46,0.3,0.75
3625,0.9167172744887158,0.995154229935736,0.08061541128277093,0.010647966626569437,0.4667881855330919,0.8689162605262495,0.7,0.24,0.06,0.25
3626,0.9220502355543002,0.9968564894696065,0.0898979939407116,0.009959773282709508,0.4713331910097728,0.8689124900728289,0.42,0.26,0.32,0.5
3627,0.9199133560109187,0.9965859592258374,0.08876281764399306,0.008204244454916467,0.4713331910097728,0.8689094950815698,0.34,0.2,0.46,0.5
3628,0.9103188775821721,0.9943867444671924,0.08903089959548878,0.006573142664521057,0.4910576463608645,0.8689088058994971,0.4,0.12,0.48,0.25
3629,0.914869698960035,0.9954769499099855,0.07788597544431833,0.012099172255318457,0.4667881855330919,0.8689077034477449,0.7,0.3,0.0,0.25
3630,0.9155541251277868,0.9960792427548573,0.08319785001212307,0.00934877248360475,0.4713331910097728,0.8689025229812869,0.12,0.28,0.6,0.25
3631,0.9148274741738919,0.9960437309818512,0.08253522492861186,0.009192450789664701,0.4713331910097728,0.8689016584523456,0.08,0.28,0.64,0.25
3632,0.911347008124868,0.9974324029957444,0.08982437545259894,0.018846589894195055,0.5037727887544016,0.8688977270178608,0.08,0.68,0.24,0.5
3633,0.8785656702319943,0.9885439798786582,0.05940888632216338,0.004599259386427308,0.5006990589401363,0.8688945238787877,0.7,0.0,0.3,0.75
3634,0.9127584411709951,0.9959891757960019,0.08087901851670762,0.008474233039171617,0.4713331910097728,0.8688942889791264,0.02,0.26,0.72,0.25
3635,0.8786889195047729,0.9885478724001512,0.059455184002625824,0.004745327486537563,0.5006990589401363,0.8688895102320218,0.74,0.0,0.26,0.75
3636,0.8786425488537754,0.9885461956216619,0.059470119846932595,0.0046722934364824345,0.5006990589401363,0.8688856447562574,0.72,0.0,0.28,0.75
3637,0.8726614175256918,0.9978176428536674,0.050355099860298375,0.018123631043779804,0.5037727887544016,0.8688828532197777,0.3,0.62,0.08,1.0
3638,0.9217148132885936,0.9970527623802768,0.08736108618189384,0.01345682346346063,0.4713331910097728,0.8688738911421352,0.32,0.42,0.26,0.5
3639,0.8970785105344264,0.9953635278221716,0.06441742267960217,0.00834838153568929,0.4713331910097728,0.8688714454286398,0.0,0.26,0.74,0.75
3640,0.8721681830504379,0.9978140497569046,0.05169647922572736,0.005981915679361155,0.4910576463608645,0.8688683753548494,0.3,0.12,0.58,1.0
3641,0.9183960222655783,0.9954949153937996,0.08373092679593083,0.012597677592664298,0.4713331910097728,0.8688638485501713,0.58,0.34,0.08,0.25
3642,0.8714003876470585,0.9977667705920001,0.051474857852555636,0.005143893806795977,0.4910576463608645,0.8688624956448188,0.2,0.1,0.7,1.0
3643,0.8918926000362332,0.9622757177772205,0.07456852032462567,0.008267252148794296,0.5341316885032235,0.8688595136274245,0.8,0.12,0.08,0.0
3644,0.9177294222303459,0.99824159832921,0.08471662423078084,0.012281003113934057,0.4713331910097728,0.8688547937154442,0.28,0.38,0.34,0.75
3645,0.9167746520135467,0.998206206326096,0.08455475646477992,0.01109185267127772,0.4713331910097728,0.8688475891031264,0.22,0.34,0.44,0.75
3646,0.8766419929689979,0.9885249963507611,0.05792563067543476,0.004088021036041412,0.5006990589401363,0.8688447979539626,0.56,0.0,0.44,0.75
3647,0.9177969499415065,0.99554968017696,0.08578097361101483,0.008884621491529639,0.4713331910097728,0.8688434343159084,0.52,0.2,0.28,0.5
3648,0.9171050636374077,0.9982215069298112,0.08453901351544103,0.011649910867578389,0.4713331910097728,0.8688419384965698,0.24,0.36,0.4,0.75
3649,0.917783303190114,0.9951915382571235,0.08430696561374333,0.010740897601302257,0.4713331910097728,0.8688396725861395,0.6,0.26,0.14,0.25
3650,0.9187818945929244,0.9956409747772093,0.08638380623156348,0.009595793514981639,0.4713331910097728,0.8688364367702504,0.58,0.22,0.2,0.5
3651,0.9107851874734437,0.9973832823687491,0.08915010421688718,0.01925537212359665,0.5037727887544016,0.8688346098360988,0.06,0.7,0.24,0.5
3652,0.9198073433674686,0.9959122984965135,0.08736808370041303,0.009928978295870774,0.4713331910097728,0.8688341305596978,0.54,0.24,0.22,0.5
3653,0.9211085023294532,0.99695381747817,0.08722564055832994,0.012896846337033852,0.4713331910097728,0.8688282328902475,0.3,0.4,0.3,0.5
3654,0.9181798926824978,0.995446109162771,0.08142053465614893,0.012348424923991321,0.4667881855330919,0.8688264267093397,0.64,0.32,0.04,0.25
3655,0.9219378546000002,0.9970123699841679,0.08869469723755906,0.01207928187823055,0.4713331910097728,0.8688254541818901,0.34,0.36,0.3,0.5
3656,0.8734828868366594,0.9978885765722606,0.05274310866670546,0.016251427237070497,0.5037727887544016,0.8688253411396784,0.32,0.54,0.14,1.0
3657,0.8918652782847065,0.9623102414486169,0.07429013363002847,0.00883106713547347,0.5341316885032235,0.8688240580760892,0.82,0.14,0.04,0.0
3658,0.9162808842073125,0.9982080627594234,0.08378943347830368,0.01157687681752326,0.4713331910097728,0.8688235579324597,0.22,0.36,0.42,0.75
3659,0.9102966603958974,0.9974262049038285,0.08948186543914205,0.018135417870743114,0.5037727887544016,0.8688227548896463,0.02,0.66,0.32,0.5
3660,0.8724858563451509,0.9978264459407363,0.0518166527016983,0.006538054945535561,0.4910576463608645,0.8688196341820372,0.32,0.14,0.54,1.0
3661,0.910598880939581,0.9974099760834497,0.08941938763292322,0.018695394997169903,0.5037727887544016,0.8688170185886487,0.04,0.68,0.28,0.5
3662,0.9197196770548651,0.9959160862193511,0.08728690496957014,0.010004575744383347,0.4713331910097728,0.8688167025651226,0.56,0.24,0.2,0.5
3663,0.9203681134923566,0.9959806721336631,0.08771320894711986,0.010413357973784962,0.4713331910097728,0.868816159610772,0.54,0.26,0.2,0.5
3664,0.9192318904652178,0.9958425475056049,0.08714180870781803,0.009444598617956485,0.4713331910097728,0.868813197137908,0.54,0.22,0.24,0.5
3665,0.9205039169404685,0.9960022007717673,0.08783689118489107,0.010488955422297538,0.4713331910097728,0.8688093233010028,0.56,0.26,0.18,0.5
3666,0.9213297811909374,0.9968071143315904,0.08959518574609188,0.009808578385684358,0.4713331910097728,0.8688065584486664,0.38,0.26,0.36,0.5
3667,0.9165720207648951,0.9958765621549598,0.08086750922842462,0.011169332458910717,0.4667881855330919,0.868804020984316,0.74,0.26,0.0,0.5
3668,0.9162425881215654,0.9950773077225381,0.08393785740504654,0.009055209431643192,0.4713331910097728,0.8688039632357665,0.54,0.2,0.26,0.25
3669,0.9160387364240561,0.9950522758150903,0.0836138368651927,0.00921153112558323,0.4713331910097728,0.8688012811668072,0.58,0.2,0.22,0.25
3670,0.873412804718322,0.997877737397026,0.05237193571053949,0.016807566503244917,0.5037727887544016,0.8687985606512915,0.34,0.56,0.1,1.0
3671,0.9181183895641621,0.9953132544099649,0.08426557525806438,0.011630207173498318,0.4713331910097728,0.8687925367390166,0.58,0.3,0.12,0.25
3672,0.921913611744447,0.996910116438792,0.08996860306926398,0.010292958063598638,0.4713331910097728,0.8687925365311521,0.38,0.28,0.34,0.5
3673,0.9204164916526828,0.9960116027082967,0.08776372145668888,0.010564552870810115,0.4713331910097728,0.8687904988362483,0.58,0.26,0.16,0.5
3674,0.9165211669983003,0.9982385741394346,0.08307715728714565,0.013178017356369915,0.4713331910097728,0.8687855108347338,0.26,0.42,0.32,0.75
3675,0.9218975667324051,0.9969963208186272,0.08946770199438214,0.011110522522401958,0.4713331910097728,0.8687816702920959,0.34,0.32,0.34,0.5
3676,0.9180918921458805,0.9982404605152351,0.08568602147357288,0.011795978967688641,0.4713331910097728,0.8687806599282918,0.28,0.36,0.36,0.75
3677,0.9163030208780165,0.9982026581430427,0.08324579326642886,0.012619959160069338,0.4713331910097728,0.8687776331802445,0.24,0.4,0.36,0.75
3678,0.8732090941856551,0.9978813304937888,0.05267760594211563,0.016180956585472823,0.5037727887544016,0.8687751106541118,0.3,0.54,0.16,1.0
3679,0.876089872081309,0.9885150255072442,0.05769122222109708,0.003941952935931153,0.5006990589401363,0.8687745156640736,0.52,0.0,0.48,0.75
3680,0.9182074635845897,0.9962592269602027,0.0820197231240405,0.01239567914711575,0.4667881855330919,0.8687743255587203,0.68,0.32,0.0,0.5
3681,0.9226150224341346,0.9970991732134636,0.08857928477676401,0.013608018360485788,0.4713331910097728,0.868769178717043,0.36,0.42,0.22,0.5
3682,0.9157640451762831,0.998195995942795,0.08421347343171758,0.01046076042492192,0.4713331910097728,0.8687675674115911,0.18,0.32,0.5,0.75
3683,0.89301776990295,0.963091171087548,0.07922459322825812,0.017280763547783524,0.5513918363734412,0.868762243827106,0.4,0.56,0.04,0.0
3684,0.9146108230414925,0.9960733440876716,0.08332202014566345,0.00845946291140877,0.4713331910097728,0.8687606815425828,0.14,0.24,0.62,0.25
3685,0.9214511300180722,0.9970689612581827,0.08720687936376822,0.013865605692862342,0.4713331910097728,0.8687599542291404,0.3,0.44,0.26,0.5
3686,0.9228976580788993,0.9971436677283768,0.08861237794353297,0.014092398038400065,0.4713331910097728,0.8687542189826096,0.36,0.44,0.2,0.5
3687,0.9103859915377573,0.9973714700631412,0.08907341821335643,0.019179774675084076,0.5037727887544016,0.8687503256026542,0.04,0.7,0.26,0.5
3688,0.9220395978232785,0.9970942327054148,0.0874826621378184,0.01442558281928918,0.4713331910097728,0.8687487157744048,0.32,0.46,0.22,0.5
3689,0.9222447388919724,0.9970141665325494,0.08992523177969428,0.011186119970914541,0.4713331910097728,0.8687413641168862,0.36,0.32,0.32,0.5
3690,0.9216922510375227,0.9968334038229052,0.09017802049150851,0.009884175834196934,0.4713331910097728,0.8687359527772626,0.4,0.26,0.34,0.5
3691,0.91627240495925,0.9950713791128794,0.0841510965157069,0.009133370278613212,0.4713331910097728,0.8687348590247345,0.56,0.2,0.24,0.25
3692,0.9224905594008889,0.9971272293106869,0.08830102779028745,0.014016800589887489,0.4713331910097728,0.8687345797706688,0.34,0.44,0.22,0.5
3693,0.9215025372902007,0.9969706601192458,0.08825937998522812,0.012488064107632136,0.4713331910097728,0.8687324520715619,0.32,0.38,0.3,0.5
3694,0.8720285945421463,0.9978082409171379,0.05206976639982603,0.005911445027763475,0.4910576463608645,0.8687320136957365,0.28,0.12,0.6,1.0
3695,0.9212502996518129,0.9968608311281949,0.08960915138209267,0.010141763166573491,0.4713331910097728,0.8687201049194817,0.34,0.28,0.38,0.5
3696,0.8722826256335575,0.997815906190232,0.05199469446228315,0.0064675842939378786,0.4910576463608645,0.8687198061432896,0.3,0.14,0.56,1.0
3697,0.9213294087502899,0.9970316229943221,0.08653925335012576,0.014834365048690863,0.4713331910097728,0.8687167213858711,0.3,0.48,0.22,0.5
3698,0.8704902343231682,0.9977644949640503,0.05103903808653147,0.005136267860188977,0.4910576463608645,0.8687163844958136,0.06,0.12,0.82,1.0
3699,0.8925425138716168,0.9630789545585544,0.07854951933624953,0.01776385428903524,0.5513918363734412,0.8687160015413535,0.4,0.58,0.02,0.0
3700,0.9219226594732206,0.9971065989467736,0.08782375857751525,0.013941203141374913,0.4713331910097728,0.868713945512771,0.32,0.44,0.24,0.5
3701,0.9171257313040078,0.9951454118774304,0.0817990716304371,0.010569805779599414,0.4667881855330919,0.8687115748487502,0.68,0.24,0.08,0.25
3702,0.8719831183296015,0.9978097679832622,0.051595776882243025,0.006671370302123888,0.4910576463608645,0.8687033793023097,0.22,0.16,0.62,1.0
3703,0.9153877600887635,0.9981893187713107,0.08411522491445805,0.010387726374866792,0.4713331910097728,0.8686966356493486,0.16,0.32,0.52,0.75
3704,0.9209511244806491,0.9966404245842675,0.08983503596747772,0.009324198707770156,0.4713331910097728,0.8686956277640744,0.38,0.24,0.38,0.5
3705,0.9208104283561861,0.9968961632463629,0.08902808717334759,0.010474947947462622,0.4713331910097728,0.8686944660828199,0.3,0.3,0.4,0.5
3706,0.9109684667927331,0.9974185396307345,0.09018616119634018,0.01877099244568248,0.5037727887544016,0.8686928153034994,0.06,0.68,0.26,0.5
3707,0.9146644361439634,0.9954159870349092,0.07866676107963455,0.011693597892705444,0.4667881855330919,0.8686928079313709,0.72,0.28,0.0,0.25
3708,0.8732963434381286,0.9978715692475831,0.05266493174277625,0.016737095851647236,0.5037727887544016,0.868692250390595,0.32,0.56,0.12,1.0
3709,0.9151165716499504,0.9960776558037869,0.08319607337789797,0.009754346846217754,0.4713331910097728,0.86869041665103,0.1,0.3,0.6,0.25
3710,0.8919475956159053,0.9623853371709603,0.07399366329180515,0.010118890868373802,0.5341316885032235,0.8686879961445654,0.78,0.2,0.02,0.0
3711,0.9207916477482394,0.996733949898757,0.08923056316082986,0.010066165718060913,0.4713331910097728,0.8686878341235674,0.32,0.28,0.4,0.5
3712,0.9189188578981193,0.9958317382728433,0.08731357154799571,0.00936900116944391,0.4713331910097728,0.86868322519302,0.52,0.22,0.26,0.5
3713,0.9192544168628857,0.996590660194102,0.0888184414321067,0.008279841903429043,0.4713331910097728,0.8686813493600437,0.36,0.2,0.44,0.5
3714,0.9211543332590119,0.9969473948177064,0.08812286809546456,0.012412466659119563,0.4713331910097728,0.8686790095619538,0.3,0.38,0.32,0.5
3715,0.9155694061893086,0.9960994539241482,0.0839830311876437,0.009426933330574774,0.4713331910097728,0.8686679514081185,0.14,0.28,0.58,0.25
3716,0.8707890580039711,0.9977672496715685,0.05147260430846975,0.005206738511786657,0.4910576463608645,0.8686672499082051,0.08,0.12,0.8,1.0
3717,0.8731185817258336,0.997865071730937,0.052615037916630025,0.016666625200049558,0.5037727887544016,0.8686664376948396,0.3,0.56,0.14,1.0
3718,0.9210830596837581,0.9967758244472806,0.08986698026534498,0.009732980937171785,0.4713331910097728,0.8686645446825552,0.36,0.26,0.38,0.5
3719,0.8919301637998461,0.9623769832209866,0.0741125202044709,0.010038166622946328,0.5341316885032235,0.8686633635006414,0.76,0.2,0.04,0.0
3720,0.9151783448633716,0.9982570785877632,0.0815520704318339,0.014001997548750702,0.4713331910097728,0.8686606908716449,0.22,0.46,0.32,0.75
3721,0.8709369500383061,0.9977649141586726,0.051612392753436584,0.005277209163384339,0.4910576463608645,0.8686568386419863,0.1,0.12,0.78,1.0
3722,0.8711815961888772,0.9977675790387718,0.05185283772710065,0.0053476798149820195,0.4910576463608645,0.8686471603346306,0.12,0.12,0.76,1.0
3723,0.9215350240944791,0.996876625782715,0.09011405062898631,0.01021736061508607,0.4713331910097728,0.8686470888328286,0.36,0.28,0.36,0.5
3724,0.8701442623801089,0.9977620696237354,0.0509797870075985,0.0050657972085912965,0.4910576463608645,0.8686434194897169,0.04,0.12,0.84,1.0
3725,0.9194997589421323,0.996570419082338,0.08935246375250361,0.008053049557891313,0.4713331910097728,0.8686431880154885,0.3,0.2,0.5,0.5
3726,0.8757088104814003,0.9885022550424996,0.05786891618030381,0.0037958848358208975,0.5006990589401363,0.8686362235956626,0.48,0.0,0.52,0.75
3727,0.9184400997580083,0.9956478016610587,0.08189287886480277,0.013159573649217377,0.4667881855330919,0.8686362232322073,0.6,0.36,0.04,0.25
3728,0.9204207961969937,0.9967904363741162,0.08936850518682135,0.00962658850182046,0.4713331910097728,0.86863316541738,0.46,0.24,0.3,0.5
3729,0.909806308496617,0.9974043468985212,0.08929782572383362,0.01861979754865733,0.5037727887544016,0.8686285973204038,0.02,0.68,0.3,0.5
3730,0.9168543958308952,0.9951071004831966,0.08476006747822044,0.009695266335166257,0.4713331910097728,0.8686267234029321,0.58,0.22,0.2,0.25
3731,0.8720187766816228,0.9978075821827315,0.052185189287182396,0.00625617233914484,0.4910576463608645,0.8686267200597033,0.24,0.14,0.62,1.0
3732,0.893497580942135,0.9631035672713799,0.08048104260206104,0.016878397051959242,0.5513918363734412,0.8686259852094584,0.42,0.54,0.04,0.0
3733,0.9212039404967479,0.9970231193319834,0.08773230369608316,0.01338122601494806,0.4713331910097728,0.8686241916036774,0.3,0.42,0.28,0.5
3734,0.9218556646963548,0.9969820382589949,0.08895607590545698,0.012563661556144712,0.4713331910097728,0.8686239535748437,0.34,0.38,0.28,0.5
3735,0.8713780801865265,0.9977727590866049,0.05210531919376298,0.005418150466579702,0.4910576463608645,0.8686199376588067,0.14,0.12,0.74,1.0
3736,0.9173652138197504,0.9968556510803619,0.06321113858775115,0.0072116595013137445,0.42371414339073304,0.8686138221824279,0.22,0.18,0.6,0.75
3737,0.916049169919866,0.998212614015323,0.08395651713982014,0.012061900963768678,0.4713331910097728,0.8686095113513849,0.22,0.38,0.4,0.75
3738,0.9215030570439647,0.9969861703202721,0.08972530032168137,0.011034925073889383,0.4713331910097728,0.8686025871346458,0.32,0.32,0.36,0.5
3739,0.9182587274181362,0.9953948177064814,0.08478567717131824,0.01211394238308125,0.4713331910097728,0.8686000558575682,0.58,0.32,0.1,0.25
3740,0.9149498498076122,0.9960752903484181,0.08390243278765029,0.008943198120991744,0.4713331910097728,0.8685984627815614,0.14,0.26,0.6,0.25
3741,0.9187969430644642,0.9958088023385071,0.0875274137301009,0.009293403720931332,0.4713331910097728,0.8685966280313444,0.5,0.22,0.28,0.5
3742,0.9212287470288857,0.9967552240258404,0.09048178654308654,0.009399796156282735,0.4713331910097728,0.8685944021854543,0.4,0.24,0.36,0.5
3743,0.9147008372386064,0.9960462461495851,0.08313722784246602,0.009676185999247734,0.4713331910097728,0.8685935962813198,0.08,0.3,0.62,0.25
3744,0.8726894748563468,0.9978296198428769,0.05178378040840652,0.017567491777605422,0.5037727887544016,0.8685920647522366,0.28,0.6,0.12,1.0
3745,0.9182958271600462,0.9954581160944536,0.08460938178182248,0.012519516745694273,0.4713331910097728,0.8685904337626458,0.56,0.34,0.1,0.25
3746,0.9184484865331318,0.9955054252018309,0.08232192530020169,0.012675838439634315,0.4667881855330919,0.8685903332048446,0.6,0.34,0.06,0.25
3747,0.891902789996184,0.9623267098087799,0.07487292319884763,0.009233433631297772,0.5341316885032235,0.8685891510202286,0.8,0.16,0.04,0.0
3748,0.9158220140834972,0.9961348010135527,0.08421500127642104,0.009910668540157803,0.4713331910097728,0.8685853563785264,0.14,0.3,0.56,0.25
3749,0.8715252495300171,0.9977764120683138,0.052334994631540975,0.00548862111817738,0.4910576463608645,0.8685842719557715,0.16,0.12,0.72,1.0
3750,0.9219904213071138,0.9970069803390237,0.08992865868423647,0.01159490220031626,0.4713331910097728,0.8685812456708816,0.34,0.34,0.32,0.5
3751,0.8721401509165788,0.997814708491311,0.05214348412074567,0.006741840953721569,0.4910576463608645,0.8685791011209213,0.24,0.16,0.6,1.0
3752,0.872035693425592,0.9977749448871356,0.05054686408426155,0.018397887703563424,0.5037727887544016,0.8685785485038251,0.24,0.64,0.12,1.0
3753,0.9211645186642607,0.9967694167580536,0.09042635343808535,0.009475393604795303,0.4713331910097728,0.8685781377093333,0.42,0.24,0.34,0.5
3754,0.9150842301988267,0.998184767515411,0.08388042925729283,0.010872750521112334,0.4713331910097728,0.8685756368707763,0.16,0.34,0.5,0.75
3755,0.91831980278864,0.9955422544436502,0.08439553549379723,0.013003251955277333,0.4713331910097728,0.8685752031575361,0.56,0.36,0.08,0.25
3756,0.8930088192698303,0.9630917100520625,0.07981840812459803,0.017361487793210985,0.5513918363734412,0.8685721558715307,0.42,0.56,0.02,0.0
3757,0.9185965436401516,0.9956151943079359,0.08715581393372214,0.009520196066469061,0.4713331910097728,0.8685693295670437,0.56,0.22,0.22,0.5
3758,0.9144202092795587,0.9946141874922805,0.07932351312752967,0.010398713957896464,0.4667881855330919,0.8685687481430988,0.76,0.22,0.02,0.25
3759,0.9160566404733765,0.9981977026637573,0.08482373018359549,0.01101881862122259,0.4713331910097728,0.8685679074916827,0.2,0.34,0.46,0.75
3760,0.916761761620441,0.9982229591397528,0.08481531305907038,0.012134935013823801,0.4713331910097728,0.8685624376974433,0.24,0.38,0.38,0.75
3761,0.9155502092100155,0.9981912949745302,0.08436902365377044,0.010945784571167464,0.4713331910097728,0.868560824340429,0.18,0.34,0.48,0.75
3762,0.9187950994595376,0.9957902380052325,0.087696647290716,0.009217806272418758,0.4713331910097728,0.8685595793058475,0.48,0.22,0.3,0.5
3763,0.9196404198491148,0.9958627586748958,0.08822597445424375,0.009777783398845618,0.4713331910097728,0.8685593265631188,0.5,0.24,0.26,0.5
3764,0.9187249668800083,0.9965891930129239,0.08864431657353809,0.008355439351941614,0.4713331910097728,0.8685574166122917,0.38,0.2,0.42,0.5
3765,0.8919172826816365,0.9623034145647674,0.0753266271800114,0.008750342890046002,0.5341316885032235,0.8685557113907816,0.8,0.14,0.06,0.0
3766,0.9156698162085303,0.9981977326062302,0.08413363296252473,0.011503842767468127,0.4713331910097728,0.8685539798420646,0.2,0.36,0.44,0.75
3767,0.9169354517766033,0.9968348111191374,0.0630139548907054,0.007138625451258617,0.42371414339073304,0.8685532695736854,0.2,0.18,0.62,0.75
3768,0.872094885646052,0.9978068336209058,0.05242399216630797,0.006397113642340202,0.4910576463608645,0.8685523482582262,0.28,0.14,0.58,1.0
3769,0.9094893799837902,0.997366140302943,0.08888580211832971,0.019104177226571498,0.5037727887544016,0.8685497967241143,0.02,0.7,0.28,0.5
3770,0.8758980459924838,0.9885093663798428,0.05836546263384115,0.0038689188858760256,0.5006990589401363,0.8685361811183603,0.5,0.0,0.5,0.75
3771,0.9152356372826909,0.9981888995766883,0.08381321167714442,0.011430808717413001,0.4713331910097728,0.8685294620597753,0.18,0.36,0.46,0.75
3772,0.9172556191647614,0.9951317131960221,0.0852029640965175,0.010179001544749298,0.4713331910097728,0.8685262423171306,0.58,0.24,0.18,0.25
3773,0.9206866853952012,0.9967884002859506,0.09006912728873116,0.009550991053307879,0.4713331910097728,0.8685255894469275,0.44,0.24,0.32,0.5
3774,0.8888553628877692,0.9623153166977944,0.07213352990105887,0.008992515626328409,0.5341316885032235,0.8685118193472031,0.86,0.14,0.0,0.0
3775,0.9174341847783796,0.9955442456181062,0.08661313519970372,0.008809024043017066,0.4713331910097728,0.8685087979934007,0.5,0.2,0.3,0.5
3776,0.8723909378720615,0.99782351157838,0.05180898547066958,0.017497021126007744,0.5037727887544016,0.8685084089039294,0.26,0.6,0.14,1.0
3777,0.9211430188693134,0.9969773971756762,0.08973367877192437,0.01095932762537681,0.4713331910097728,0.8685059616905403,0.3,0.32,0.38,0.5
3778,0.9154841048048982,0.9982000381766531,0.08377975082231977,0.011988866913713547,0.4713331910097728,0.8685037162290359,0.2,0.38,0.42,0.75
3779,0.8906539936230201,0.9621542112216903,0.07806792395012131,0.006495082943329134,0.5386766939799044,0.868496175931412,0.72,0.06,0.22,0.0
3780,0.9173638426663625,0.9982331545518173,0.08566043253517684,0.01220796906387893,0.4713331910097728,0.8684861345775909,0.26,0.38,0.36,0.75
3781,0.871661863940986,0.9977883291725772,0.05277505978588741,0.0055590917697750635,0.4910576463608645,0.8684859737512134,0.18,0.12,0.7,1.0
3782,0.9182063047179669,0.9956713663873283,0.08185005274739318,0.013643308858800296,0.4667881855330919,0.8684852293926603,0.6,0.38,0.02,0.25
3783,0.8916071362328871,0.9622342474520826,0.07854026109440321,0.007380540180405147,0.5386766939799044,0.8684807450103791,0.7,0.1,0.2,0.0
3784,0.9205599001685429,0.9966934826464655,0.08976530836480186,0.009990568269548339,0.4713331910097728,0.8684730644007355,0.3,0.28,0.42,0.5
3785,0.9167911847777003,0.995108837146632,0.0852859707176233,0.009617105488196236,0.4713331910097728,0.8684719091567883,0.56,0.22,0.22,0.25
3786,0.8705966847726874,0.9977680880608132,0.051623508976575264,0.005692407126363396,0.4910576463608645,0.8684689880910269,0.08,0.14,0.78,1.0
3787,0.9208376152428429,0.9966555455331444,0.09027943069867715,0.009657383488659212,0.4713331910097728,0.8684689809639066,0.34,0.26,0.4,0.5
3788,0.9179381084662822,0.9957474502112815,0.08743364373404997,0.00873342659450449,0.4713331910097728,0.8684688265597488,0.48,0.2,0.32,0.5
3789,0.8719465792687237,0.997798180246202,0.05261183829081004,0.006326642990742522,0.4910576463608645,0.8684664515346879,0.26,0.14,0.6,1.0
3790,0.9159064759291148,0.9982098143940954,0.08358158144833731,0.013104983306314783,0.4713331910097728,0.8684658503150171,0.24,0.42,0.34,0.75
3791,0.8702794957702178,0.997766710707054,0.05137805033536323,0.005621936474765717,0.4910576463608645,0.8684585433104256,0.06,0.14,0.8,1.0
3792,0.9207371416888818,0.9969320942139913,0.08816912342319336,0.012821248888521274,0.4713331910097728,0.8684564540880914,0.28,0.4,0.32,0.5
3793,0.9132649835136775,0.9960122315002302,0.08221868883967297,0.009519864305307687,0.4713331910097728,0.8684540366380644,0.04,0.3,0.66,0.25
3794,0.9214701755801189,0.9970682126963571,0.08795533525071048,0.01434998537077661,0.4713331910097728,0.8684527209586146,0.3,0.46,0.24,0.5
3795,0.8718975405712281,0.9978316858735156,0.05187881283498204,0.016940881859833244,0.5037727887544016,0.8684526957927423,0.24,0.58,0.18,1.0
3796,0.9157592379386116,0.9982524973893906,0.08317844468276744,0.013590007452560322,0.4713331910097728,0.8684473972204088,0.24,0.44,0.32,0.75
3797,0.8725386096668762,0.9978105764300338,0.05178363589607204,0.018053160392182126,0.5037727887544016,0.8684468566579993,0.28,0.62,0.1,1.0
3798,0.9198513734911337,0.9958834788662283,0.08881017560951429,0.009853380847358192,0.4713331910097728,0.8684420363728038,0.52,0.24,0.24,0.5
3799,0.8728028321441793,0.9978923792663346,0.05382298243470522,0.015624817319298356,0.5037727887544016,0.868435631413624,0.28,0.52,0.2,1.0
3800,0.9204445346558504,0.9967929066281407,0.0895464273480005,0.010399350498950048,0.4713331910097728,0.8684347676097954,0.28,0.3,0.42,0.5
3801,0.8971325108480864,0.9953621804108855,0.06499395390588171,0.00980345397442576,0.4713331910097728,0.8684300771750832,0.0,0.32,0.68,0.75
3802,0.9215230034334508,0.9969813795245884,0.08967583809476484,0.012003684429717968,0.4713331910097728,0.8684283723428701,0.32,0.36,0.32,0.5
3803,0.89221434450252,0.9630386220473914,0.07896869272707398,0.018085496539432155,0.5513918363734412,0.8684262245294276,0.36,0.6,0.04,0.0
3804,0.9144090167318579,0.9946053844052115,0.08024809535244203,0.009758657054373393,0.4667881855330919,0.8684253032582776,0.72,0.2,0.08,0.25
3805,0.9180965813493474,0.9955679151430314,0.08441780277506826,0.013408826317890222,0.4713331910097728,0.8684245459788801,0.54,0.38,0.08,0.25
3806,0.9149960590342807,0.9960696911059627,0.08365742208404034,0.010238082055800696,0.4713331910097728,0.8684232040216444,0.1,0.32,0.58,0.25
3807,0.8719054459043029,0.9977991384053387,0.053069645330781436,0.005840974376165793,0.4910576463608645,0.8684192937828973,0.26,0.12,0.62,1.0
3808,0.9146667609672018,0.9981629095101037,0.08292078211553712,0.012400857009903956,0.4713331910097728,0.8684183917372174,0.18,0.4,0.42,0.75
3809,0.9180069176504562,0.9952857971622021,0.08548628122866336,0.011552046326528292,0.4713331910097728,0.8684183874571011,0.56,0.3,0.14,0.25
3810,0.8722819673114869,0.99782222405204,0.05281287488009639,0.006812311605319252,0.4910576463608645,0.8684155338973971,0.26,0.16,0.58,1.0
3811,0.9171647672017176,0.9951322970742461,0.0856029006309716,0.010022679850809253,0.4713331910097728,0.8684149413577535,0.54,0.24,0.22,0.25
3812,0.891162313258899,0.9622036163021794,0.0786368589601613,0.006897449439153419,0.5386766939799044,0.8684114493415697,0.7,0.08,0.22,0.0
3813,0.8702571484879549,0.9977692558172611,0.05118539287491551,0.006107605089342445,0.4910576463608645,0.8684106763619182,0.06,0.16,0.78,1.0
3814,0.9181410513090135,0.995444881521377,0.08514214748138976,0.01244135589872425,0.4713331910097728,0.8684039243042241,0.54,0.34,0.12,0.25
3815,0.896836735704216,0.9953572997877828,0.06443834712822762,0.01028847812067131,0.4713331910097728,0.8684039219377688,0.0,0.34,0.66,0.75
3816,0.9152574547813125,0.9981742577073797,0.08354984437204481,0.012473891059959077,0.4713331910097728,0.8684011863014561,0.2,0.4,0.4,0.75
3817,0.9172957774250562,0.995139049101913,0.08574851852193545,0.010100840697779272,0.4713331910097728,0.8683976086176797,0.56,0.24,0.2,0.25
3818,0.9216645668057832,0.9970006624772156,0.09027628898486041,0.011519304751803683,0.4713331910097728,0.8683973562287592,0.32,0.34,0.34,0.5
3819,0.8709463156325786,0.9977747352898244,0.05219376935931745,0.005762877777961078,0.4910576463608645,0.8683962379377869,0.1,0.14,0.76,1.0
3820,0.8717443844100028,0.9977917426145019,0.05315536461362402,0.00562956242137275,0.4910576463608645,0.8683874150000872,0.2,0.12,0.68,1.0
3821,0.8717369648919083,0.9977902454908507,0.05305486943846837,0.005770503724568112,0.4910576463608645,0.8683857730936382,0.24,0.12,0.64,1.0
3822,0.8926302634654437,0.9630723372720161,0.07985133378915273,0.01768313004360776,0.5513918363734412,0.8683818544245342,0.38,0.58,0.04,0.0
3823,0.9180053418480618,0.995289390258965,0.08567202542162758,0.01147388547955827,0.4713331910097728,0.8683804914050784,0.54,0.3,0.16,0.25
3824,0.8715487655974662,0.9977845863634492,0.052735616420555034,0.00597428973275412,0.4910576463608645,0.8683798241837046,0.16,0.14,0.7,1.0
3825,0.8918326276306278,0.962352101025904,0.07526135623947126,0.009635800127122108,0.5341316885032235,0.8683793596096804,0.78,0.18,0.04,0.0
3826,0.9142356289085078,0.9981750062692053,0.08378212937317511,0.010726682421002078,0.4713331910097728,0.8683771692678393,0.12,0.34,0.54,0.75
3827,0.914827993830529,0.9948630393855804,0.08065154859878537,0.01024239226395642,0.4667881855330919,0.8683764855934718,0.72,0.22,0.06,0.25
3828,0.891486670361407,0.9622337084875683,0.07888825838470935,0.0072190916895501995,0.5386766939799044,0.8683764033094354,0.66,0.1,0.24,0.0
3829,0.8719347166252873,0.9978174182851197,0.05183830814142075,0.01742655047441006,0.5037727887544016,0.868376261931892,0.24,0.6,0.16,1.0
3830,0.9153612636857356,0.9961224497434304,0.08417939100239151,0.01031624290277072,0.4713331910097728,0.8683744386493064,0.12,0.32,0.56,0.25
3831,0.9192611421517166,0.9965610470882816,0.09008991242464343,0.007977452109378742,0.4713331910097728,0.8683725339605166,0.28,0.2,0.52,0.5
3832,0.86950110799257,0.9977682677156513,0.051308816488825904,0.004995326556993617,0.4910576463608645,0.8683705591773875,0.02,0.12,0.86,1.0
3833,0.9207352046283658,0.9966256330025938,0.09078257001207188,0.00924860125925758,0.4713331910097728,0.868370352027399,0.36,0.24,0.4,0.5
3834,0.8719048455257609,0.9977980904187829,0.053011460976093785,0.00618570168754716,0.4910576463608645,0.8683667994650681,0.22,0.14,0.64,1.0
3835,0.9182000292262745,0.9955280916539099,0.08504315400612049,0.012925091108307312,0.4713331910097728,0.868365915636536,0.54,0.36,0.1,0.25
3836,0.9139922446607746,0.9960369939254208,0.08325587677684511,0.00959802515227771,0.4713331910097728,0.8683610279978925,0.06,0.3,0.64,0.25
3837,0.9204922506415592,0.9966123684870443,0.09083884253242291,0.00883981902985588,0.4713331910097728,0.8683609957826952,0.38,0.22,0.4,0.5
3838,0.9162162017751737,0.9951016808955794,0.08551602378604353,0.008977048584673165,0.4713331910097728,0.8683599729148868,0.52,0.2,0.28,0.25
3839,0.9177674377968891,0.9964788549998316,0.08880935304924337,0.007599464866815863,0.4713331910097728,0.8683571826214042,0.18,0.2,0.62,0.5
3840,0.9157284570033758,0.9981869832584148,0.08415338834083816,0.01254692511001421,0.4713331910097728,0.868355643012572,0.22,0.4,0.38,0.75
3841,0.9205967464133986,0.9966279984579627,0.09046445506589514,0.009581786040146636,0.4713331910097728,0.8683543209960928,0.32,0.26,0.42,0.5
3842,0.8915336278373962,0.9622369123321818,0.07896397773859944,0.007299815934977674,0.5386766939799044,0.8683529782925674,0.68,0.1,0.22,0.0
3843,0.8723278589168594,0.9978384229299458,0.05263279079041509,0.017011352511430915,0.5037727887544016,0.8683511556731281,0.26,0.58,0.16,1.0
3844,0.9178493553531099,0.9955696518064668,0.08415262951317794,0.013814400680503226,0.4713331910097728,0.8683460366369826,0.52,0.4,0.08,0.25
3845,0.914755124873495,0.9981825517724072,0.08400757434064819,0.01135777466735787,0.4713331910097728,0.8683428817662311,0.16,0.36,0.48,0.75
3846,0.8887722479860604,0.9623448100337227,0.07238312084833977,0.009394882122152715,0.5341316885032235,0.8683388188535363,0.84,0.16,0.0,0.0
3847,0.9163134305525726,0.9967772317435127,0.06315875419590038,0.007065591401203489,0.42371414339073304,0.8683308528622379,0.18,0.18,0.64,0.75
3848,0.8888463262516613,0.9623656799374203,0.07222532587687638,0.009797248617977044,0.5341316885032235,0.8683292295241678,0.82,0.18,0.0,0.0
3849,0.9205300696989563,0.996605751200506,0.09104041669064164,0.008764221581343302,0.4713331910097728,0.8683283063889493,0.36,0.22,0.42,0.5
3850,0.9143388575226865,0.9946352969357621,0.08047750943021931,0.009836817901343416,0.4667881855330919,0.868326915295251,0.74,0.2,0.06,0.25
3851,0.8700250680524236,0.9977671299016764,0.05163923819809347,0.005551465823168034,0.4910576463608645,0.86832100911774,0.04,0.14,0.82,1.0
3852,0.9126926002884234,0.9959983681352202,0.08213580643793666,0.009441703458337659,0.4713331910097728,0.8683197891411232,0.02,0.3,0.68,0.25
3853,0.8717076655620726,0.9977941080698708,0.053303995832453696,0.005700033072970429,0.4910576463608645,0.8683197741292287,0.22,0.12,0.66,1.0
3854,0.8910888911392394,0.962196669648438,0.07894446070098018,0.0068167251937259485,0.5386766939799044,0.8683157704554864,0.68,0.08,0.24,0.0
3855,0.9185498187445934,0.9965211637142141,0.08968374708275453,0.007750659763841011,0.4713331910097728,0.868315707446282,0.22,0.2,0.58,0.5
3856,0.8905665409142108,0.962152010449923,0.07867271221331894,0.006414358697901667,0.5386766939799044,0.868311249846469,0.7,0.06,0.24,0.0
3857,0.9138939697588786,0.9953037925884893,0.07941285842349319,0.011288023530092423,0.4667881855330919,0.8683106755338041,0.74,0.26,0.0,0.25
3858,0.9186954502120682,0.9965144266577838,0.09013508787534491,0.007341877534439382,0.4713331910097728,0.8683099133492959,0.24,0.18,0.58,0.5
3859,0.9155310272097511,0.9981930615804386,0.08378329796192946,0.013031949256259657,0.4713331910097728,0.8683071065044056,0.22,0.42,0.36,0.75
3860,0.8717496374457877,0.9977934193929913,0.053108612085261755,0.00611523103594948,0.4910576463608645,0.8683055986328443,0.2,0.14,0.66,1.0
3861,0.871145671240492,0.9977755736790691,0.052673240471711145,0.005833348429558758,0.4910576463608645,0.868303730129008,0.12,0.14,0.74,1.0
3862,0.8933963864471989,0.9631082981821176,0.08144020528544066,0.01695912129738672,0.5513918363734412,0.8683034357991594,0.44,0.54,0.02,0.0
3863,0.9181033731991473,0.9964922093428001,0.0893007214597288,0.007675062315328439,0.4713331910097728,0.868303067950013,0.2,0.2,0.6,0.5
3864,0.8705917060906911,0.997777909191965,0.05186272003034014,0.006178075740940125,0.4910576463608645,0.8683028122129869,0.08,0.16,0.76,1.0
3865,0.8921478192852696,0.9630483234086511,0.07929107856106138,0.01816622078485961,0.5513918363734412,0.8682985564305667,0.38,0.6,0.02,0.0
3866,0.8727672896717138,0.9978447407917539,0.05323226366778093,0.017081823163028604,0.5037727887544016,0.8682968671390715,0.28,0.58,0.14,1.0
3867,0.8712950892179642,0.9977876404956977,0.052474633466832815,0.0063894876957331665,0.4910576463608645,0.8682964435597138,0.14,0.16,0.7,1.0
3868,0.9205082706695469,0.9966072183816842,0.09085006345363775,0.009173003810745005,0.4713331910097728,0.8682951546456315,0.34,0.24,0.42,0.5
3869,0.9149622699103713,0.9981852765374524,0.08402199872753502,0.011915832863658417,0.4713331910097728,0.8682896603545048,0.18,0.38,0.44,0.75
3870,0.9146030805187403,0.9982345319055764,0.08228575740607545,0.013928963498695577,0.4713331910097728,0.8682876390640779,0.2,0.46,0.34,0.75
3871,0.9144058882683462,0.9946104746256255,0.08035873042247497,0.010320553110926445,0.4667881855330919,0.8682808265075987,0.74,0.22,0.04,0.25
3872,0.9190409284749729,0.9965402969544762,0.09024022074369917,0.007901854660866164,0.4713331910097728,0.8682751070138239,0.26,0.2,0.54,0.5
3873,0.9203207737963917,0.9965826954962778,0.0907657315104806,0.009097406362232427,0.4713331910097728,0.8682746796958127,0.32,0.24,0.44,0.5
3874,0.9110129791998846,0.996538710003406,0.05812807849788552,0.006554353050817589,0.42371414339073304,0.8682587330418619,0.04,0.18,0.78,0.75
3875,0.871397117756637,0.9977819813682962,0.05305343204765699,0.005903819081156441,0.4910576463608645,0.8682563310066751,0.14,0.14,0.72,1.0
3876,0.9189336118359149,0.9965333802432077,0.09024565864529946,0.007826257212353591,0.4713331910097728,0.8682554249583845,0.24,0.2,0.56,0.5
3877,0.9207041616326033,0.9970088068298781,0.0882041427480397,0.01379000824434976,0.4713331910097728,0.8682542106511669,0.28,0.44,0.28,0.5
3878,0.9212318351114293,0.996969582190217,0.09002419330128006,0.011928086981205397,0.4713331910097728,0.868253857670029,0.3,0.36,0.34,0.5
3879,0.8919234291837224,0.9622873354567537,0.0790797045845481,0.008265997417481189,0.5386766939799044,0.8682508541593008,0.68,0.14,0.18,0.0
3880,0.915162023885402,0.9955558782688759,0.0802342454640432,0.012504746617931368,0.4667881855330919,0.8682485578042409,0.68,0.32,0.0,0.25
3881,0.9178474474655299,0.9955652203204594,0.08456809834706967,0.0137362398335332,0.4713331910097728,0.8682405527519417,0.5,0.4,0.1,0.25
3882,0.9141620289632709,0.9981429079381239,0.08306081296506239,0.012327822959848831,0.4713331910097728,0.8682381743478158,0.16,0.4,0.44,0.75
3883,0.8886867451024747,0.9628496551001389,0.07468533029250755,0.019774432036843582,0.5513918363734412,0.8682377297163798,0.18,0.7,0.12,0.0
3884,0.8967443463789018,0.9953508022711366,0.06458385814696858,0.010773502266916844,0.4713331910097728,0.868236240078402,0.0,0.36,0.64,0.75
3885,0.8721473383616168,0.9877836806036403,0.055863183942770074,0.0028109620903527597,0.5006990589401363,0.8682357123334805,0.18,0.0,0.82,0.25
3886,0.9152063007920989,0.9956223206165156,0.08008516292566753,0.012910320980544386,0.4667881855330919,0.8682337084836329,0.66,0.34,0.0,0.25
3887,0.8720347600979148,0.9877453542381699,0.05579309266047706,0.0027328012433827367,0.5006990589401363,0.8682320461380181,0.16,0.0,0.84,0.25
3888,0.9186041822171855,0.996111146459864,0.08935795390743352,0.008431036800454194,0.4713331910097728,0.8682284425322626,0.4,0.2,0.4,0.5
3889,0.9117965202153492,0.99492690668054,0.07761850559326113,0.010882449167479507,0.4667881855330919,0.8682237634430316,0.76,0.24,0.0,0.25
3890,0.872757468248607,0.997860161165361,0.05382630194333152,0.01659615454845188,0.5037727887544016,0.8682219642762488,0.28,0.56,0.16,1.0
3891,0.8727981202646481,0.9978763600432669,0.05421880651532722,0.016110485933875134,0.5037727887544016,0.8682204705557537,0.28,0.54,0.18,1.0
3892,0.9134645017201409,0.9981681494428829,0.08325189974368671,0.011138672517192484,0.4713331910097728,0.8682153964995418,0.1,0.36,0.54,0.75
3893,0.8888994519994439,0.9623979728945763,0.07242702326379526,0.010199615113801267,0.5341316885032235,0.8682113403289373,0.8,0.2,0.0,0.0
3894,0.9180142387552627,0.9952395659838535,0.08647764176500268,0.01114647196391528,0.4713331910097728,0.8682087177984114,0.58,0.28,0.14,0.25
3895,0.9139124013786705,0.9981719221944838,0.0836936254622599,0.011211706567247612,0.4713331910097728,0.868208270399106,0.12,0.36,0.52,0.75
3896,0.87163503752046,0.9977860535446273,0.053375462314686296,0.006044760384351798,0.4910576463608645,0.8682072112077807,0.18,0.14,0.68,1.0
3897,0.9146143031890054,0.9981794676976858,0.08472195980976452,0.010799716471057203,0.4713331910097728,0.8682056562142206,0.14,0.34,0.52,0.75
3898,0.9152528955336884,0.9982239322701261,0.08354694364456039,0.013516973402505185,0.4713331910097728,0.868199490216103,0.22,0.44,0.34,0.75
3899,0.9129834813926256,0.9981119474210174,0.08215029633729125,0.012108720809683449,0.4713331910097728,0.8681865059937958,0.1,0.4,0.5,0.75
3900,0.9167651819328835,0.9951020851189651,0.08631557491154379,0.009538944641226212,0.4713331910097728,0.8681816466956578,0.54,0.22,0.24,0.25
3901,0.871788099581442,0.9978005457015708,0.053250553773040075,0.00660089965052621,0.4910576463608645,0.8681801167831016,0.2,0.16,0.64,1.0
3902,0.9203220627491612,0.9965975170204245,0.09138686823938806,0.008688624132830731,0.4713331910097728,0.8681798238804442,0.34,0.22,0.44,0.5
3903,0.9152671789822086,0.9961665550061943,0.08502588993056952,0.009988829387127826,0.4713331910097728,0.8681740637696314,0.16,0.3,0.54,0.25
3904,0.9096597101232314,0.9965061325927562,0.0570491392197678,0.006481319000762462,0.42371414339073304,0.8681737885864717,0.02,0.18,0.8,0.75
3905,0.8715279752221438,0.9977912335924605,0.05309994926153916,0.006459958347330848,0.4910576463608645,0.8681723261959601,0.16,0.16,0.68,1.0
3906,0.8885961437907488,0.962285703591974,0.07330576309092193,0.008590149130504182,0.5341316885032235,0.8681718499494325,0.88,0.12,0.0,0.0
3907,0.9181783719929799,0.9953689174673159,0.08622712891658947,0.012035781536111229,0.4713331910097728,0.8681717813066236,0.56,0.32,0.12,0.25
3908,0.9180419714250003,0.9955153960453479,0.08562364283421232,0.012846930261337285,0.4713331910097728,0.8681647324535475,0.52,0.36,0.12,0.25
3909,0.8917024851115473,0.9630232316162572,0.07901866016353808,0.018568587280683863,0.5513918363734412,0.8681593224446569,0.36,0.62,0.02,0.0
3910,0.8709179393736716,0.9977843767661381,0.052655751196413476,0.006248546392537805,0.4910576463608645,0.8681587377775746,0.1,0.16,0.74,1.0
3911,0.917628499299089,0.9951648595136594,0.0866036058003066,0.010584575907362215,0.4713331910097728,0.8681578236645281,0.56,0.26,0.18,0.25
3912,0.8715188608314355,0.9978230025563386,0.05255841475466781,0.01687041120823556,0.5037727887544016,0.8681557918396856,0.22,0.58,0.2,1.0
3913,0.8723241626493113,0.9978542026132293,0.05366861103033208,0.01652568389685419,0.5037727887544016,0.8681506729235955,0.26,0.56,0.18,1.0
3914,0.917476472349158,0.9951702491588037,0.08653474712583864,0.010506415060392193,0.4713331910097728,0.8681485246093499,0.54,0.26,0.2,0.25
3915,0.9202890427420886,0.9970258740395016,0.08787295715068683,0.014198790473751456,0.4713331910097728,0.8681460385833586,0.26,0.46,0.28,0.5
3916,0.8911900726218122,0.9629928400061382,0.07823916777233582,0.018970953776508058,0.5513918363734412,0.8681454806184933,0.34,0.64,0.02,0.0
3917,0.9148362552801389,0.9961132574042122,0.08415337666848301,0.010721817265383748,0.4713331910097728,0.8681419485543264,0.1,0.34,0.56,0.25
3918,0.9206327318293093,0.9969597011741193,0.09051565363957571,0.010883730176864233,0.4713331910097728,0.868139710415276,0.28,0.32,0.4,0.5
3919,0.8723514372810993,0.997803300409089,0.05270278249213373,0.017982689740584437,0.5037727887544016,0.8681384980222462,0.26,0.62,0.12,1.0
3920,0.9202901498354616,0.9969073317888008,0.0888543189895716,0.012745651440008698,0.4713331910097728,0.8681360560088587,0.26,0.4,0.34,0.5
3921,0.9171793757651363,0.9951937240576543,0.08611976355818453,0.010755667729065162,0.4713331910097728,0.8681328052822573,0.48,0.28,0.24,0.25
3922,0.8917858572423497,0.9623157508636532,0.07880292833401871,0.009070730409129816,0.5386766939799044,0.8681327590344091,0.64,0.18,0.18,0.0
3923,0.9200845534435473,0.9965886540484095,0.09136753841798792,0.008613026684318152,0.4713331910097728,0.8681279385401555,0.32,0.22,0.46,0.5
3924,0.89095743675321,0.9621959210866123,0.07952876731051207,0.0067360009482984725,0.5386766939799044,0.8681237714549032,0.66,0.08,0.26,0.0
3925,0.871149396044333,0.9977862930844116,0.05298011059372851,0.006319017044135486,0.4910576463608645,0.8681207777574,0.12,0.16,0.72,1.0
3926,0.8919360713797888,0.9623384472582052,0.07631635234757425,0.00955507588169464,0.5341316885032235,0.868120081987696,0.76,0.18,0.06,0.0
3927,0.9180181721189083,0.9955552195344693,0.08544569083047554,0.013330665470920199,0.4713331910097728,0.8681181652378331,0.52,0.38,0.1,0.25
3928,0.8714494340493263,0.9978063545413375,0.05228077023363457,0.017356079822812367,0.5037727887544016,0.8681154441546122,0.22,0.6,0.18,1.0
3929,0.9178554462114461,0.9952812758487756,0.08648594672874552,0.011395724632588247,0.4713331910097728,0.8681150896752688,0.52,0.3,0.18,0.25
3930,0.9174178490815669,0.9952025271447232,0.086396322067162,0.010833828576035189,0.4713331910097728,0.8681102376529694,0.5,0.28,0.22,0.25
3931,0.9206713230152505,0.9969818885466298,0.08899457092257056,0.013305628566435482,0.4713331910097728,0.8681091278975418,0.28,0.42,0.3,0.5
3932,0.9198920186334115,0.9967668417053736,0.09014408324972158,0.010323753050437468,0.4713331910097728,0.8681077755132369,0.26,0.3,0.44,0.5
3933,0.8715537168289612,0.9977669801893113,0.051728800986812505,0.018327417051965743,0.5037727887544016,0.8681058200488909,0.22,0.64,0.14,1.0
3934,0.8699259781352476,0.99777162127263,0.05196049207608327,0.0060371344377447645,0.4910576463608645,0.8681021278499863,0.04,0.16,0.8,1.0
3935,0.9177236462298438,0.9951733332335251,0.08685457285839973,0.010662736754332238,0.4713331910097728,0.8680995928463129,0.58,0.26,0.16,0.25
3936,0.8716827750432488,0.9977953656537377,0.053466526261467855,0.006530428998928531,0.4910576463608645,0.8680995200571835,0.18,0.16,0.66,1.0
3937,0.8710362281004006,0.9977958746757791,0.05196366936938468,0.01728560917121469,0.5037727887544016,0.8680955004892833,0.2,0.6,0.2,1.0
3938,0.9198725724743435,0.9968785720434615,0.08860340777606193,0.012670053991496127,0.4713331910097728,0.8680939860011115,0.24,0.4,0.36,0.5
3939,0.9212373188073709,0.9969931169740137,0.09094025106916652,0.011443707303291108,0.4713331910097728,0.8680915905321843,0.3,0.34,0.36,0.5
3940,0.8724130440774857,0.9978864207142029,0.05467639485707255,0.015554346667700678,0.5037727887544016,0.868085652567199,0.26,0.52,0.22,1.0
3941,0.9142978433505486,0.9981775513794123,0.08447216321217743,0.011284740617302743,0.4713331910097728,0.8680855020482074,0.14,0.36,0.5,0.75
3942,0.8691671584112087,0.9977712020780076,0.05163893661083629,0.005480995171570355,0.4910576463608645,0.8680784282018328,0.02,0.14,0.84,1.0
3943,0.9201523735481868,0.9969496405031832,0.0886080672652428,0.013230031117922907,0.4713331910097728,0.8680752467225508,0.26,0.42,0.32,0.5
3944,0.8965837667818077,0.9953390049367652,0.06463493459518953,0.011258526413162261,0.4713331910097728,0.8680745542221581,0.0,0.38,0.62,0.75
3945,0.9177646205195776,0.9956407352374251,0.08868471314670094,0.008582231697479339,0.4713331910097728,0.868070029581576,0.44,0.2,0.36,0.5
3946,0.8913689706529551,0.9622315526295105,0.07990485873165826,0.007138367444122735,0.5386766939799044,0.868063586011455,0.64,0.1,0.26,0.0
3947,0.8909646773379879,0.9622211027064252,0.07959559913762886,0.006976918953267793,0.5386766939799044,0.8680622536832036,0.6,0.1,0.3,0.0
3948,0.9133988884200034,0.998125975469629,0.08297630799047481,0.012181754859738578,0.4713331910097728,0.8680602889161371,0.12,0.4,0.48,0.75
3949,0.9152131477636677,0.9961439184965885,0.08479713799046959,0.010799978112353772,0.4713331910097728,0.8680582330404982,0.12,0.34,0.54,0.25
3950,0.9159477811141287,0.9950966056464019,0.0863362685096836,0.008898887737703143,0.4713331910097728,0.8680576449995685,0.5,0.2,0.3,0.25
3951,0.919507124855318,0.9965543998592704,0.09110359095155429,0.008461831787293003,0.4713331910097728,0.8680559699548965,0.28,0.22,0.5,0.5
3952,0.8906352947893225,0.9621892439151281,0.07954057106870428,0.00657455245744353,0.5386766939799044,0.8680550111435037,0.62,0.08,0.3,0.0
3953,0.8715367215824571,0.9978393062329001,0.05327443587294545,0.01638474259365883,0.5037727887544016,0.8680541293160894,0.22,0.56,0.22,1.0
3954,0.8711081441734877,0.9978122532085231,0.05254151476393446,0.016799940556637874,0.5037727887544016,0.868049934877013,0.2,0.58,0.22,1.0
3955,0.919997308523884,0.996570269369973,0.09126428010776198,0.009021808913719852,0.4713331910097728,0.8680470449670292,0.3,0.24,0.46,0.5
3956,0.8919228687020492,0.9622956295217813,0.07714836904396795,0.008669618644618534,0.5341316885032235,0.8680467206989609,0.78,0.14,0.08,0.0
3957,0.9202076290373397,0.9969678155843087,0.08843987194246873,0.01371441079583718,0.4713331910097728,0.8680462046074957,0.26,0.44,0.3,0.5
3958,0.8919081309636857,0.9623238053888966,0.07682115507240182,0.009152709385870305,0.5341316885032235,0.8680443216040864,0.78,0.16,0.06,0.0
3959,0.8919150754061942,0.9623220687254612,0.0791996049894222,0.009151454654557287,0.5386766939799044,0.8680418706250308,0.66,0.18,0.16,0.0
3960,0.8718714530737391,0.9978472859019608,0.05362065775922595,0.01645521324525651,0.5037727887544016,0.868041753063837,0.24,0.56,0.2,1.0
3961,0.8723558922885463,0.9978701619513509,0.05443119409054839,0.016040015282277446,0.5037727887544016,0.8680396844791516,0.26,0.54,0.2,1.0
3962,0.91665780096956,0.9951049745676119,0.08677003217854035,0.009460783794256189,0.4713331910097728,0.8680343693442734,0.52,0.22,0.26,0.25
3963,0.9176637592247981,0.9952412727048159,0.08661261596783659,0.011317563785618222,0.4713331910097728,0.8680306662604605,0.5,0.3,0.2,0.25
3964,0.9178682774734197,0.9952215705575663,0.08699202760201422,0.011068311116945258,0.4713331910097728,0.8680294418900774,0.56,0.28,0.16,0.25
3965,0.9149905318830662,0.9948494754453007,0.08207245618510664,0.010164231416986403,0.4667881855330919,0.8680288573219155,0.7,0.22,0.08,0.25
3966,0.8917706966380893,0.9622804486879583,0.07975646111283677,0.008185273172053713,0.5386766939799044,0.8680248755719269,0.66,0.14,0.2,0.0
3967,0.9124908510807627,0.9981074859925368,0.0822668023033084,0.01203568675962832,0.4713331910097728,0.8680190379800945,0.08,0.4,0.52,0.75
3968,0.9201098563893597,0.9966061703951283,0.09116798001628393,0.009506188591634069,0.4713331910097728,0.868017104877745,0.3,0.26,0.44,0.5
3969,0.8720363275712579,0.997877857166918,0.054571883288319425,0.015483876016102995,0.5037727887544016,0.8680156028779489,0.24,0.52,0.24,1.0
3970,0.8719912558049374,0.9977977909940526,0.052804305849476804,0.017912219088986762,0.5037727887544016,0.8680144178486272,0.24,0.62,0.14,1.0
3971,0.8719685790794502,0.9978632152976095,0.05416305948744056,0.01596954463067976,0.5037727887544016,0.8680139099411199,0.24,0.54,0.22,1.0
3972,0.9200093910823365,0.9966649175272009,0.09082283455327254,0.009914970821035768,0.4713331910097728,0.8680136088391428,0.28,0.28,0.44,0.5
3973,0.8710474628991722,0.9977620696237354,0.05157019356996893,0.01825694640036806,0.5037727887544016,0.868013065842183,0.2,0.64,0.16,1.0
3974,0.9170196584271783,0.9952167797618825,0.08610185252307835,0.011161242091678176,0.4713331910097728,0.8680124015962866,0.46,0.3,0.24,0.25
3975,0.9144700735247486,0.9981760243132881,0.08451992930323289,0.011842798813603289,0.4713331910097728,0.8680115480207511,0.16,0.38,0.46,0.75
3976,0.9198305978349339,0.9965760482672665,0.09156405987064543,0.008537429235805577,0.4713331910097728,0.868008276375067,0.3,0.22,0.48,0.5
3977,0.8919201342632401,0.9622987435389757,0.07965184031858953,0.008668363913305478,0.5386766939799044,0.8680060201190812,0.66,0.16,0.18,0.0
3978,0.9181787537831024,0.9956706777104488,0.08354483427161455,0.013565148011830274,0.4667881855330919,0.8680034823999861,0.58,0.38,0.04,0.25
3979,0.914856593669603,0.9961892514007463,0.08518883638821442,0.010066990234097852,0.4713331910097728,0.8679916440563635,0.18,0.3,0.52,0.25
3980,0.9192077956044026,0.9969740885324071,0.08736362509510585,0.014047595576726298,0.4713331910097728,0.8679910977615442,0.22,0.46,0.32,0.5
3981,0.9176533674369695,0.9956640604239105,0.08496545276265828,0.014219975043116182,0.4713331910097728,0.8679857554680056,0.5,0.42,0.08,0.25
3982,0.9137416283209975,0.9981306015817112,0.08354396007927713,0.012254788909793703,0.4713331910097728,0.8679854082225433,0.14,0.4,0.46,0.75
3983,0.9152895352270535,0.9956715460421665,0.08078433911743817,0.013315895343157419,0.4667881855330919,0.8679832081505292,0.64,0.36,0.0,0.25
3984,0.9177194742895177,0.9956349563401315,0.08899555591989441,0.008506634248966766,0.4713331910097728,0.86798104810219,0.42,0.2,0.38,0.5
3985,0.9173988380163528,0.9982549826146516,0.07503665316845906,0.015337216091517327,0.45160873565868087,0.8679807644453941,0.32,0.5,0.18,0.75
3986,0.9177385028265265,0.9955602199274644,0.08541536215323026,0.013658078986563175,0.4713331910097728,0.867978282812391,0.48,0.4,0.12,0.25
3987,0.9150246812102368,0.9981711736326583,0.08444679717311611,0.012958915206204529,0.4713331910097728,0.8679750809180726,0.2,0.42,0.38,0.75
3988,0.9197345339287283,0.9969945242702458,0.08792716157849435,0.01412319302523888,0.4713331910097728,0.8679744628718262,0.24,0.46,0.3,0.5
3989,0.9178871513542018,0.995694901171125,0.0830206094195535,0.01404888322141328,0.4667881855330919,0.8679741474673766,0.58,0.4,0.02,0.25
3990,0.8908553101825498,0.9621953222371519,0.08000986143303236,0.006655276702870998,0.5386766939799044,0.8679703740844193,0.64,0.08,0.28,0.0
3991,0.9178751366678962,0.9955477039737405,0.08586303837329666,0.01325250462395018,0.4713331910097728,0.867969338391743,0.5,0.38,0.12,0.25
3992,0.9164750919266359,0.9951076693901841,0.08686259086385097,0.009382622947286163,0.4713331910097728,0.8679688862329181,0.5,0.22,0.28,0.25
3993,0.9132192878473636,0.9981572204402293,0.08354084570424512,0.011623696663437906,0.4713331910097728,0.867959815977185,0.1,0.38,0.52,0.75
3994,0.9172069783673277,0.995150457184135,0.08695590688065276,0.010428254213422167,0.4713331910097728,0.867958818770056,0.52,0.26,0.22,0.25
3995,0.8919406713592057,0.9623142836824751,0.07720582709137536,0.00907198514044283,0.5341316885032235,0.8679578074330363,0.76,0.16,0.08,0.0
3996,0.9175014298317433,0.9951925862436793,0.08695574648171514,0.010911989423005211,0.4713331910097728,0.8679567728077462,0.52,0.28,0.2,0.25
3997,0.8917404053991219,0.9622975458400548,0.07970799956796533,0.008587639667878011,0.5386766939799044,0.8679518625199782,0.64,0.16,0.2,0.0
3998,0.9174028742587484,0.9952255828489515,0.08666215947712633,0.0112394029386482,0.4713331910097728,0.8679513842266279,0.48,0.3,0.22,0.25
3999,0.918543987674517,0.995770835282713,0.08959580845071234,0.009142208823906183,0.4713331910097728,0.8679484727741908,0.46,0.22,0.32,0.5
4000,0.9143364095739869,0.9960626246823291,0.08469638046437485,0.010159921208830672,0.4713331910097728,0.8679401013688055,0.08,0.32,0.6,0.25
4001,0.9176641628223647,0.9952231874511096,0.08715852805409713,0.010990150269975232,0.4713331910097728,0.8679360403228812,0.54,0.28,0.18,0.25
4002,0.919314188684816,0.9965414347684511,0.09102970473230752,0.008870614016694697,0.4713331910097728,0.8679357069506621,0.26,0.24,0.5,0.5
4003,0.8911470521005297,0.9622277199929635,0.08018946256817717,0.007057643198695266,0.5386766939799044,0.8679304610906179,0.62,0.1,0.28,0.0
4004,0.9197552189209104,0.9966188959461635,0.09153750342559075,0.00891541647836846,0.4713331910097728,0.8679241549744986,0.4,0.22,0.38,0.5
4005,0.911846723799835,0.9981033239887865,0.08197843867063909,0.011962652709573196,0.4713331910097728,0.8679229864618295,0.06,0.4,0.54,0.75
4006,0.8716659162919237,0.9978674371863058,0.05455479425379542,0.015413405364505318,0.5037727887544016,0.8679219414804484,0.22,0.52,0.26,1.0
4007,0.8904804103361428,0.962146246523866,0.08000532146622151,0.006333634452474196,0.5386766939799044,0.8679161811811046,0.68,0.06,0.26,0.0
4008,0.9208369353543981,0.9970391385550511,0.08919639587052884,0.014274387922264029,0.4713331910097728,0.867915412859074,0.28,0.46,0.26,0.5
4009,0.9178805642913533,0.9954882082798423,0.08637237512340484,0.012768769414367259,0.4713331910097728,0.8679118258459073,0.5,0.36,0.14,0.25
4010,0.9195523202566592,0.9965597595619416,0.09132660263826695,0.008946211465207278,0.4713331910097728,0.8679091090242206,0.28,0.24,0.48,0.5
4011,0.8714988402570273,0.9977908143978381,0.052712326039082526,0.017841748437389074,0.5037727887544016,0.8679062805884051,0.22,0.62,0.16,1.0
4012,0.9181026511458822,0.9953620905834665,0.08713101459459763,0.01195762068914121,0.4713331910097728,0.8679028669122724,0.54,0.32,0.14,0.25
4013,0.9192402931067081,0.9962376983220986,0.09080552342104314,0.009066611375393602,0.4713331910097728,0.8678934633917413,0.44,0.22,0.34,0.5
4014,0.8915711427876661,0.9622947911325366,0.07979049546711448,0.008506915422450542,0.5386766939799044,0.8678930120945799,0.62,0.16,0.22,0.0
4015,0.9146351289719552,0.9981852016812699,0.08399766888733382,0.013443939352450059,0.4713331910097728,0.867892905654755,0.2,0.44,0.36,0.75
4016,0.8641372112211343,0.9559293507349006,0.07273929012712592,0.021463367534255214,0.6035558894691618,0.867883153261261,0.0,0.8,0.2,0.0
4017,0.9136826675020709,0.9981634185321451,0.08425203273790877,0.011696730713493036,0.4713331910097728,0.8678799475760512,0.12,0.38,0.5,0.75
4018,0.9138017914628401,0.9960527736087043,0.08406632289761323,0.010565495571443704,0.4713331910097728,0.8678789195873035,0.06,0.34,0.6,0.25
4019,0.9196586131056648,0.9969198776849977,0.08847666304016868,0.01363881334732461,0.4713331910097728,0.867878812965959,0.24,0.44,0.32,0.5
4020,0.8690824116553274,0.9977733878785383,0.05191330322578715,0.005966663786147085,0.4910576463608645,0.8678770328512776,0.02,0.16,0.82,1.0
4021,0.871037233674077,0.997784286938719,0.052380550874068336,0.017771277785791396,0.5037727887544016,0.8678766437020229,0.2,0.62,0.18,1.0
4022,0.9142615623033651,0.996094094221477,0.08452792105438212,0.010643656418413729,0.4713331910097728,0.8678742276876521,0.08,0.34,0.58,0.25
4023,0.9177664434879845,0.9957374194828187,0.08937190373351514,0.008657829145991915,0.4713331910097728,0.8678716783288561,0.46,0.2,0.34,0.5
4024,0.9153530826479909,0.9969942248455156,0.06364969345474335,0.007404547447338688,0.42371414339073304,0.8678658511201146,0.14,0.2,0.66,0.75
4025,0.8916401998428768,0.9623216195883658,0.0796561496866109,0.008990006163702349,0.5386766939799044,0.8678598993295266,0.62,0.18,0.2,0.0
4026,0.9194656958711097,0.99673204855172,0.09060617102498335,0.010248155601924894,0.4713331910097728,0.8678564488528357,0.24,0.3,0.46,0.5
4027,0.912699849623099,0.9980885324071128,0.08266244212380353,0.012593744955928892,0.4713331910097728,0.8678531253443202,0.1,0.42,0.48,0.75
4028,0.9128585049593992,0.9981434169601653,0.08358828541106329,0.011550662613382775,0.4713331910097728,0.8678504291928434,0.08,0.38,0.54,0.75
4029,0.9168182541098986,0.9951117715089883,0.08730712298309987,0.0098663581568692,0.4713331910097728,0.8678474383070098,0.5,0.24,0.26,0.25
4030,0.9111964140096696,0.9946326919406091,0.07842956927404672,0.01047687480486649,0.4667881855330919,0.8678466907328378,0.78,0.22,0.0,0.25
4031,0.9209012757266584,0.9969721572428971,0.09148666895899916,0.011368109854778532,0.4713331910097728,0.8678450902620227,0.28,0.34,0.38,0.5
4032,0.9172136178876912,0.995592677568222,0.08464395908891033,0.0147037102526992,0.4713331910097728,0.8678391395987108,0.5,0.44,0.06,0.25
4033,0.9155846971680109,0.9967382765861089,0.06416809578570339,0.0069925573511483595,0.42371414339073304,0.8678297619620354,0.16,0.18,0.66,0.75
4034,0.8706674688876755,0.9977856044075321,0.052553149632012144,0.01721513851961701,0.5037727887544016,0.8678273382652294,0.18,0.6,0.22,1.0
4035,0.9176990576065558,0.9955363258339914,0.08627154327705469,0.013174343776980154,0.4713331910097728,0.8678125705220064,0.48,0.38,0.14,0.25
4036,0.9147188935907876,0.9961083767811093,0.0863496140829301,0.009021358967961768,0.4713331910097728,0.8678123994482524,0.16,0.26,0.58,0.25
4037,0.9165860078549518,0.9951522537325164,0.08698259772524736,0.0101937716725121,0.4713331910097728,0.8678119922569557,0.46,0.26,0.28,0.25
4038,0.919663764344207,0.9968936031649194,0.0890482424902661,0.013154433669410331,0.4713331910097728,0.8678083701274669,0.24,0.42,0.34,0.5
4039,0.9175707519062569,0.9955557285565108,0.08588619900753801,0.013579918139593156,0.4713331910097728,0.8678070612011054,0.46,0.4,0.14,0.25
4040,0.9122098570897942,0.9980836517840099,0.0823631361666371,0.012520710905873762,0.4713331910097728,0.867806363744897,0.08,0.42,0.5,0.75
4041,0.8889571321090582,0.9630604351389892,0.07763307925910877,0.01824694503028709,0.5513918363734412,0.8678054196623134,0.4,0.6,0.0,0.0
4042,0.9182210842165954,0.9965111030432781,0.09048918327113734,0.008643821671156965,0.4713331910097728,0.8678045458468325,0.2,0.24,0.56,0.5
4043,0.9156438548812591,0.9961656267895306,0.08642404550937809,0.010394403749740747,0.4713331910097728,0.8678023900103367,0.14,0.32,0.54,0.25
4044,0.9205070257941126,0.996950508834901,0.09127294327747265,0.01129251240626595,0.4713331910097728,0.8678003557069318,0.26,0.34,0.4,0.5
4045,0.9189988184225764,0.9965453572324172,0.09157370556383979,0.00831063689026785,0.4713331910097728,0.8677967142064923,0.24,0.22,0.54,0.5
4046,0.9174549004117303,0.9965561664651787,0.08602671337778761,0.014015032757731883,0.4713331910097728,0.8677948046383934,0.2,0.46,0.34,0.25
4047,0.9170684589682166,0.9964635543961164,0.08979541652852781,0.007932649647704971,0.4713331910097728,0.8677940391477541,0.14,0.22,0.64,0.5
4048,0.9149777579949451,0.9961587699632082,0.08514081176836669,0.01128371332193681,0.4713331910097728,0.8677939334969467,0.12,0.36,0.52,0.25
4049,0.8919770528085162,0.9623291650915679,0.07754707440989693,0.009474351636267163,0.5341316885032235,0.8677920176171989,0.74,0.18,0.08,0.0
4050,0.9168228770438095,0.9951678238184888,0.0869768010340015,0.01067750688209514,0.4713331910097728,0.8677903140561352,0.46,0.28,0.26,0.25
4051,0.9197848701397751,0.9965788029747847,0.09165988228152508,0.009430591143121492,0.4713331910097728,0.8677886903877874,0.28,0.26,0.46,0.5
4052,0.9191532135420507,0.9965487706743419,0.09171968923528089,0.008386234338780427,0.4713331910097728,0.867786303285153,0.26,0.22,0.52,0.5
4053,0.9153596861939738,0.9964549010214127,0.08471553735654355,0.012734918950685735,0.4713331910097728,0.8677853987466271,0.12,0.42,0.46,0.25
4054,0.9145368418981867,0.9961369419003739,0.08475716662482914,0.011205552474966785,0.4713331910097728,0.8677847132170966,0.1,0.36,0.54,0.25
4055,0.9141491864097339,0.9961889819184891,0.08371343697781097,0.01217302289413276,0.4713331910097728,0.8677838852066012,0.1,0.4,0.5,0.25
4056,0.9188991220697937,0.9965358954109417,0.09118469327006425,0.008795016568182122,0.4713331910097728,0.8677807553132684,0.24,0.24,0.52,0.5
4057,0.9145176509960702,0.9963925308501043,0.08388122347869209,0.012656758103715712,0.4713331910097728,0.8677797969297778,0.1,0.42,0.48,0.25
4058,0.8758683173459911,0.9979015416630798,0.04698220279259327,0.00905212056323099,0.4713331910097728,0.8677790827962963,0.62,0.2,0.18,1.0
4059,0.8707943603753233,0.9978031506967239,0.053209607954491964,0.016729469905040192,0.5037727887544016,0.8677757575445395,0.18,0.58,0.24,1.0
4060,0.9208157802055975,0.9969086492576138,0.09095220457697246,0.012336869210606989,0.4713331910097728,0.8677703773594425,0.28,0.38,0.34,0.5
4061,0.9185508484323185,0.9965243975013006,0.09124940939878524,0.008235039441755273,0.4713331910097728,0.8677678708332707,0.22,0.22,0.56,0.5
4062,0.9186197504074463,0.996529876973864,0.09100034656181875,0.008719419119669544,0.4713331910097728,0.8677643517550628,0.22,0.24,0.54,0.5
4063,0.9170452430741136,0.9951181492557424,0.08778217006292814,0.009944519003839226,0.4713331910097728,0.867763789875642,0.52,0.24,0.24,0.25
4064,0.8711669985406216,0.9978276436396573,0.05394721207001157,0.01631427194206115,0.5037727887544016,0.867761434968245,0.2,0.56,0.24,1.0
4065,0.914869213182605,0.9961439484390614,0.08636747585506549,0.009505094177544797,0.4713331910097728,0.8677609302145577,0.16,0.28,0.56,0.25
4066,0.8917013165727681,0.9630130212329562,0.0804537309539537,0.018487863035256385,0.5513918363734412,0.867759511272082,0.34,0.62,0.04,0.0
4067,0.9205778864163062,0.9969204166495121,0.0911370742516045,0.011776892084180245,0.4713331910097728,0.8677594276441648,0.26,0.36,0.38,0.5
4068,0.8914959629904189,0.9623116188023759,0.0799063074992193,0.008909281918274873,0.5386766939799044,0.8677590927178382,0.6,0.18,0.22,0.0
4069,0.8705616903706976,0.9977509759374801,0.051988895671583255,0.018186475748770383,0.5037727887544016,0.8677589522719,0.18,0.64,0.18,1.0
4070,0.9149240317629588,0.9961644590330827,0.08640308763806002,0.00958325502451482,0.4713331910097728,0.8677545448198283,0.18,0.28,0.54,0.25
4071,0.9195526070585253,0.9966172790526202,0.09127660210669768,0.009839373372523186,0.4713331910097728,0.8677536177107065,0.26,0.28,0.46,0.5
4072,0.9149253517878259,0.9962618469265923,0.0846108191650672,0.012251183741102784,0.4713331910097728,0.8677531026355828,0.12,0.4,0.48,0.25
4073,0.9138661302346731,0.9960286399754472,0.08489926020090545,0.010081760361860655,0.4713331910097728,0.8677510133124152,0.06,0.32,0.62,0.25
4074,0.8914644046737139,0.9622896709696496,0.08023414671829002,0.00842619117702307,0.5386766939799044,0.8677483567930557,0.6,0.16,0.24,0.0
4075,0.9144316988557059,0.9981532680337901,0.08466170506173984,0.0128858811561494,0.4713331910097728,0.8677470978728612,0.18,0.42,0.4,0.75
4076,0.9151203319238392,0.9956890324464124,0.08116525812405036,0.013721469705770319,0.4667881855330919,0.8677440452553153,0.62,0.38,0.0,0.25
4077,0.9200892319117934,0.996908888797398,0.09074965814335208,0.011701294635667672,0.4713331910097728,0.8677380062643235,0.24,0.36,0.4,0.5
4078,0.9207631778820197,0.9970083576927827,0.08940041597845744,0.014758767600178281,0.4713331910097728,0.8677329247928474,0.28,0.48,0.24,0.5
4079,0.9193321567233198,0.9967104001437239,0.09176710457614914,0.008991013926881031,0.4713331910097728,0.8677295935668944,0.42,0.22,0.36,0.5
4080,0.9200270413461215,0.9969261057193867,0.09107953071975658,0.01121691495775338,0.4713331910097728,0.8677236264624824,0.24,0.34,0.42,0.5
4081,0.8712965859214695,0.9978407285003686,0.05456184278329985,0.0158286033274844,0.5037727887544016,0.8677220626981136,0.2,0.54,0.26,1.0
4082,0.914106735054309,0.9981362008241665,0.084464774248954,0.01281284710609428,0.4713331910097728,0.8677184776824105,0.16,0.42,0.42,0.75
4083,0.8716029004259278,0.997852436007321,0.05485330335767248,0.015899073979082082,0.5037727887544016,0.8677175213001218,0.22,0.54,0.24,1.0
4084,0.8916660011383645,0.9622613154476961,0.08104062021071409,0.0077021824308020044,0.5386766939799044,0.8677166850917764,0.66,0.12,0.22,0.0
4085,0.9181761601353798,0.9965143967153107,0.09109258914659922,0.0081594419932427,0.4713331910097728,0.867714332476021,0.2,0.22,0.58,0.5
4086,0.9165536176486596,0.9964446906381115,0.08959251534557117,0.007857052199192395,0.4713331910097728,0.8677104215839773,0.12,0.22,0.66,0.5
4087,0.9140836077675418,0.9981693171993308,0.08522025663753434,0.011769764763548157,0.4713331910097728,0.8677071372820674,0.14,0.38,0.48,0.75
4088,0.9186388869359448,0.9969285011172285,0.08779766430096542,0.013971998128213724,0.4713331910097728,0.8677034692964636,0.2,0.46,0.34,0.5
4089,0.9167421462460318,0.9954909629873605,0.08430811985624166,0.015109284615312194,0.4713331910097728,0.8676982287656627,0.48,0.46,0.06,0.25
4090,0.875929413327157,0.9979043562555441,0.04731116250303057,0.009122591214828673,0.4713331910097728,0.8676888219406161,0.64,0.2,0.16,1.0
4091,0.913958523408976,0.9961133771741042,0.08453105390695333,0.011127391627996764,0.4713331910097728,0.8676885574701392,0.08,0.36,0.56,0.25
4092,0.9170146669689876,0.9951563558513207,0.08775928756948662,0.01035009336645215,0.4713331910097728,0.8676858356528805,0.5,0.26,0.24,0.25
4093,0.9117005507643043,0.9965410455163018,0.06082781026048836,0.006627387100872717,0.42371414339073304,0.8676717701029837,0.06,0.18,0.76,0.75
4094,0.9166585978510197,0.9954935080975675,0.08438537167852084,0.015031123768342166,0.4713331910097728,0.8676668880189037,0.46,0.46,0.08,0.25
4095,0.9176084602712349,0.9955699512311971,0.0860317174173535,0.01414181419614616,0.4713331910097728,0.8676661401628514,0.48,0.42,0.1,0.25
4096,0.9158255879039007,0.9951085676643748,0.08762697618204386,0.00882072689073312,0.4713331910097728,0.8676659939969598,0.48,0.2,0.32,0.25
4097,0.8703315184002575,0.9977714715602648,0.05281637621173292,0.017144667868019322,0.5037727887544016,0.8676625761859948,0.16,0.6,0.24,1.0
4098,0.8917668264480282,0.9622674536546659,0.08129250591508418,0.0077829066762294796,0.5386766939799044,0.8676590297153223,0.68,0.12,0.2,0.0
4099,0.9172063898195091,0.9955943543467114,0.08533360823062293,0.014625549405729178,0.4713331910097728,0.8676538641850833,0.48,0.44,0.08,0.25
4100,0.9155064906407067,0.9963557614932311,0.08556288573724849,0.012329344588072806,0.4713331910097728,0.8676511909625926,0.14,0.4,0.46,0.25
4101,0.9136020239321306,0.9981242837199031,0.08422176304367193,0.012739813056039146,0.4713331910097728,0.8676500018022766,0.14,0.42,0.44,0.75
4102,0.9194935461843127,0.9968665201980694,0.0901326320415056,0.012110076865069265,0.4713331910097728,0.8676492249097464,0.22,0.38,0.4,0.5
4103,0.913059862740319,0.998107755474794,0.08370690712626074,0.012666779005984017,0.4713331910097728,0.867648037033742,0.12,0.42,0.46,0.75
4104,0.9203062145197383,0.9968458000067371,0.0918770187981338,0.010808132728351657,0.4713331910097728,0.8676469825843817,0.26,0.32,0.42,0.5
4105,0.9174912581432645,0.9964714891514678,0.09069813953473713,0.008008247096217546,0.4713331910097728,0.8676464788229978,0.16,0.22,0.62,0.5
4106,0.9134743014231672,0.9960817579225912,0.0842146546284629,0.011049230781026743,0.4713331910097728,0.8676454736900674,0.06,0.36,0.58,0.25
4107,0.9171891048931115,0.9954971311368034,0.08535120749501907,0.014547388558759157,0.4713331910097728,0.8676446493207782,0.46,0.44,0.1,0.25
4108,0.9139154222220892,0.9963637261910554,0.0837728073677504,0.012578597256745686,0.4713331910097728,0.8676417220452419,0.08,0.42,0.5,0.25
4109,0.9125679426581703,0.995998188480382,0.08402871786323571,0.009925438667920606,0.4713331910097728,0.8676394390766806,0.02,0.32,0.66,0.25
4110,0.9113119084067627,0.9980971857818167,0.08246204907857117,0.011889618659518066,0.4713331910097728,0.8676366874554242,0.04,0.4,0.56,0.75
4111,0.9126614273720802,0.996023429985141,0.08343972667080338,0.010971069934056719,0.4713331910097728,0.86763209139783,0.04,0.36,0.6,0.25
4112,0.9179664241689108,0.9953519700275845,0.08798301861316384,0.011879459842171187,0.4713331910097728,0.867630276510712,0.52,0.32,0.16,0.25
4113,0.9136105935476259,0.9961248750837454,0.08370918230335127,0.01209486204716274,0.4713331910097728,0.8676295511316999,0.08,0.4,0.52,0.25
4114,0.9178527079178951,0.9964964012890235,0.0911065725912937,0.008083844544730125,0.4713331910097728,0.8676256822172721,0.18,0.22,0.6,0.5
4115,0.9202154043489861,0.9969981473094817,0.08926094712693565,0.014683170151665703,0.4713331910097728,0.8676224228692345,0.26,0.48,0.26,0.5
4116,0.9194625329253572,0.9968712211663342,0.09053967740754741,0.011625697187155096,0.4713331910097728,0.8676200535466813,0.22,0.36,0.42,0.5
4117,0.914443753671364,0.9969880267535997,0.06361280172023173,0.007331513397283564,0.42371414339073304,0.8676173742278361,0.12,0.2,0.68,0.75
4118,0.9189540497711791,0.9966851586389649,0.09093652352283439,0.010172558153412316,0.4713331910097728,0.8676157214435669,0.22,0.3,0.48,0.5
4119,0.9192178557925007,0.9968619090572238,0.08929765667154148,0.013078836220897746,0.4713331910097728,0.8676129972150126,0.22,0.42,0.36,0.5
4120,0.8915536368017258,0.9622602075761942,0.08135126386807115,0.007621458185374539,0.5386766939799044,0.8676093216463545,0.64,0.12,0.24,0.0
4121,0.9144347203972766,0.996152122734197,0.08493320761890527,0.011689287684549713,0.4713331910097728,0.867608812156151,0.1,0.38,0.52,0.25
4122,0.9199617743790427,0.9968774342294866,0.09074268345890736,0.012185674313581836,0.4713331910097728,0.8676001873522607,0.24,0.38,0.38,0.5
4123,0.9176929817467279,0.9953872722032795,0.08757531435747604,0.012285034204784204,0.4713331910097728,0.8675900628194548,0.5,0.34,0.16,0.25
4124,0.912216795681988,0.9981406023677011,0.08387605604864665,0.011477628563327649,0.4713331910097728,0.8675890679764106,0.06,0.38,0.56,0.75
4125,0.9177914223817815,0.9953167876217817,0.0880064378087067,0.011801298995201158,0.4713331910097728,0.8675813734316425,0.5,0.32,0.18,0.25
4126,0.9193193963293067,0.9968610706679791,0.08986970782720913,0.012594456542983551,0.4713331910097728,0.8675751504801672,0.22,0.4,0.38,0.5
4127,0.9209719513976882,0.996929129909162,0.09214607424637523,0.011852489532692821,0.4713331910097728,0.8675726987800817,0.28,0.36,0.36,0.5
4128,0.8898845825797542,0.9631046901141183,0.07998758826174904,0.01744221203863846,0.5513918363734412,0.8675718719557538,0.44,0.56,0.0,0.0
4129,0.8709788762238778,0.9978283323165369,0.054813976639166456,0.015758132675886723,0.5037727887544016,0.8675662340388809,0.18,0.54,0.28,1.0
4130,0.9156318291977229,0.9964477447703599,0.08542223443919388,0.013218654160268769,0.4713331910097728,0.8675653114928671,0.12,0.44,0.44,0.25
4131,0.870124269514318,0.9977398672799883,0.05226110448443289,0.018116005097172698,0.5037727887544016,0.8675616109858052,0.16,0.64,0.2,1.0
4132,0.9186218488734232,0.9965563161775439,0.09104748555883413,0.009688178475498039,0.4713331910097728,0.867561593864797,0.22,0.28,0.5,0.5
4133,0.9165178162019262,0.9951156939729544,0.08804684968002495,0.009788197309899178,0.4713331910097728,0.8675600874661535,0.48,0.24,0.28,0.25
4134,0.9162979265541497,0.9951094958810386,0.0881586813851593,0.009304462100316142,0.4713331910097728,0.8675576700906675,0.48,0.22,0.3,0.25
4135,0.9185598545946474,0.996517301135194,0.09131569925564766,0.009203798797583762,0.4713331910097728,0.8675566291463364,0.22,0.26,0.52,0.5
4136,0.9179416474523461,0.9965040665621175,0.09110811780263504,0.008568224222644392,0.4713331910097728,0.8675561920792407,0.18,0.24,0.58,0.5
4137,0.9157608505363607,0.9964411574262947,0.08904750509089737,0.008265834428594082,0.4713331910097728,0.8675475617409651,0.1,0.24,0.66,0.5
4138,0.9129656460176234,0.9961027176537078,0.08337364139340832,0.01201670120019272,0.4713331910097728,0.8675451920689455,0.06,0.4,0.54,0.25
4139,0.915949566404195,0.9964889156707676,0.08612511008626189,0.012813079797655755,0.4713331910097728,0.8675451161203152,0.14,0.42,0.44,0.25
4140,0.9140127580726068,0.9956027681816311,0.0866196414087972,0.00853762375837879,0.4713331910097728,0.8675435511280065,0.16,0.24,0.6,0.25
4141,0.9154863346160089,0.9961603269718055,0.08686456374800287,0.010878138959323791,0.4713331910097728,0.8675304852205292,0.14,0.34,0.52,0.25
4142,0.9187321906061381,0.9968466683384547,0.08947871692078652,0.01251885909447097,0.4713331910097728,0.8675247640318361,0.2,0.4,0.4,0.5
4143,0.9167267894972955,0.9951390191594399,0.0880680344426277,0.010271932519482127,0.4713331910097728,0.8675234185604307,0.48,0.26,0.26,0.25
4144,0.8709048918988834,0.9978181518757088,0.05454960978014001,0.016243801290463475,0.5037727887544016,0.8675216581036418,0.18,0.56,0.26,1.0
4145,0.9178515553681086,0.9965718263785702,0.08735197543526449,0.014093193604701898,0.4713331910097728,0.8675181281432816,0.22,0.46,0.32,0.25
4146,0.9172572677098844,0.9952829526272648,0.08776434153260335,0.01164497730126111,0.4713331910097728,0.8675171703390743,0.46,0.32,0.22,0.25
4147,0.9179177918081887,0.9954361083767811,0.08805388583272046,0.012363195051754228,0.4713331910097728,0.867511112555715,0.52,0.34,0.14,0.25
4148,0.9189737970876815,0.9968792457491046,0.08907368647122962,0.013563215898812028,0.4713331910097728,0.8675101283112253,0.22,0.44,0.34,0.5
4149,0.8894072231541286,0.9630801971711849,0.0794146630494624,0.0178445785344627,0.5513918363734412,0.8675098281599745,0.42,0.58,0.0,0.0
4150,0.9188743484055067,0.9968516986739228,0.09001854611467162,0.01203447941655669,0.4713331910097728,0.867509280077361,0.2,0.38,0.42,0.5
4151,0.9181883572557699,0.996833074455702,0.08902130709208568,0.0124432616459584,0.4713331910097728,0.8675066750123194,0.18,0.4,0.42,0.5
4152,0.9123120140126973,0.9960146268980721,0.08356613647851956,0.010892909087086695,0.4713331910097728,0.8675051049358065,0.02,0.36,0.62,0.25
4153,0.9182439978236446,0.9965124504545642,0.09122172095294172,0.009128201349071188,0.4713331910097728,0.8675033804088965,0.2,0.26,0.54,0.5
4154,0.9156160723748689,0.996178651765296,0.08739293407170289,0.01047256459671077,0.4713331910097728,0.8675008146905825,0.16,0.32,0.52,0.25
4155,0.8704296863519395,0.9977890777344027,0.053828676305195576,0.016658999253442514,0.5037727887544016,0.8674997131555894,0.16,0.58,0.26,1.0
4156,0.9128478715287291,0.996018309822254,0.08443089321463848,0.01048733472447368,0.4713331910097728,0.8674980134508111,0.04,0.34,0.62,0.25
4157,0.9162201351000048,0.9954396415885979,0.08415749297819367,0.015514858977925183,0.4713331910097728,0.8674962740695146,0.46,0.48,0.06,0.25
4158,0.9188757736805455,0.9965256700564041,0.09181246233983126,0.00927939624609634,0.4713331910097728,0.867494205192975,0.24,0.26,0.5,0.5
4159,0.8757953374362345,0.9978985474157774,0.047943476371210554,0.00898164991163331,0.4713331910097728,0.8674934688916317,0.6,0.2,0.2,1.0
4160,0.9174852469302902,0.9964905924492569,0.09090457619670335,0.00849262677413181,0.4713331910097728,0.8674910999884958,0.16,0.24,0.6,0.5
4161,0.9149513303194347,0.9961673335104929,0.085835996276402,0.01176744853151974,0.4713331910097728,0.8674899548360205,0.12,0.38,0.5,0.25
4162,0.9137595470114918,0.9969842839444717,0.06339208461707299,0.007258479347228433,0.42371414339073304,0.8674898431125496,0.1,0.2,0.7,0.75
4163,0.8706253246520134,0.9978167745219497,0.05475732431909327,0.01568766202428904,0.5037727887544016,0.8674888754326979,0.16,0.54,0.3,1.0
4164,0.9116617811397886,0.9981376081203986,0.08371260240177875,0.011404594513272519,0.4713331910097728,0.8674838840398166,0.04,0.38,0.58,0.75
4165,0.8722907522489926,0.9877999543377286,0.05857741869899991,0.002889122937322783,0.5006990589401363,0.8674823827858883,0.2,0.0,0.8,0.25
4166,0.914813019216398,0.995703704258194,0.08148178161846498,0.01412704406838329,0.4667881855330919,0.8674816079671843,0.6,0.4,0.0,0.25
4167,0.9115259056735622,0.9980765254754304,0.08283279847232858,0.012447676855818634,0.4713331910097728,0.8674792002878887,0.06,0.42,0.52,0.75
4168,0.9174783055972188,0.9955598606177881,0.08659363127720374,0.014063653349176137,0.4713331910097728,0.8674790782702266,0.46,0.42,0.12,0.25
4169,0.9123916332462692,0.9948967546102051,0.0853598773181532,0.007726475033152808,0.4713331910097728,0.867477032470689,0.2,0.2,0.6,0.25
4170,0.9192542537117137,0.996551345727022,0.09222871305422363,0.009354993694608914,0.4713331910097728,0.8674763764949317,0.26,0.26,0.48,0.5
4171,0.9189927923200328,0.9965778148731749,0.09169449421961434,0.009763775924010615,0.4713331910097728,0.867474294976158,0.24,0.28,0.48,0.5
4172,0.9130703248269584,0.9960037877228375,0.08507226323878482,0.01000359951489063,0.4713331910097728,0.8674742578966419,0.04,0.32,0.64,0.25
4173,0.9176048657299463,0.9953059484465471,0.08826051386554429,0.011723138148231137,0.4713331910097728,0.8674661018757592,0.48,0.32,0.2,0.25
4174,0.9162429785545897,0.9951266229756082,0.08815301898124304,0.00971003646292915,0.4713331910097728,0.8674642737068723,0.46,0.24,0.3,0.25
4175,0.8913783337835575,0.9622518236837476,0.08173186544371301,0.007540733939947066,0.5386766939799044,0.8674617996049757,0.62,0.12,0.26,0.0
4176,0.8915024032444533,0.9622756578922744,0.081539379879256,0.008023824681198779,0.5386766939799044,0.8674615170201302,0.62,0.14,0.24,0.0
4177,0.914082128599887,0.998146860344563,0.08495679253584675,0.013370905302394936,0.4713331910097728,0.8674591165663779,0.18,0.44,0.38,0.75
4178,0.9199478523844055,0.9968384341583733,0.09221186200679635,0.01073253527983908,0.4713331910097728,0.8674568732289073,0.24,0.32,0.44,0.5
4179,0.8706092937014663,0.997770483458655,0.05344855150343472,0.017700807134193714,0.5037727887544016,0.8674521254762189,0.18,0.62,0.2,1.0
4180,0.9204384267394978,0.9968994868608686,0.09171487001955853,0.012261271762094413,0.4713331910097728,0.8674508577194281,0.26,0.38,0.36,0.5
4181,0.9165456956992925,0.9954126933628765,0.08512022223899632,0.01487480207440212,0.4713331910097728,0.8674401264500915,0.42,0.46,0.12,0.25
4182,0.9181765542961866,0.9965217625636745,0.09104530188365752,0.009612581026985461,0.4713331910097728,0.8674385720147176,0.2,0.28,0.52,0.5
4183,0.9159957141189106,0.9964321147994416,0.0886171231906798,0.00979457091084944,0.4713331910097728,0.8674350990918773,0.12,0.3,0.58,0.5
4184,0.9147485439499745,0.9967015072292358,0.06472066489657595,0.00691952330109323,0.42371414339073304,0.8674285696599038,0.14,0.18,0.68,0.75
4185,0.9141152899196868,0.9950291751971525,0.08707626245678543,0.00819544011497294,0.4713331910097728,0.8674249554788402,0.32,0.2,0.48,0.25
4186,0.9169409251504943,0.9964589731977438,0.09061107590568564,0.008417029325619238,0.4713331910097728,0.8674228663394027,0.14,0.24,0.62,0.5
4187,0.9156973701679058,0.99511257995576,0.08840589620325554,0.008742566043763098,0.4713331910097728,0.8674190138788928,0.46,0.2,0.34,0.25
4188,0.8705628397012044,0.9978044082805909,0.05460474353785238,0.01617333063886579,0.5037727887544016,0.8674151667956223,0.16,0.56,0.28,1.0
4189,0.9121108516460765,0.9960114230534586,0.08333317078260696,0.011376644296669618,0.4713331910097728,0.8674147482980498,0.02,0.38,0.6,0.25
4190,0.912121020198545,0.9948954071989191,0.08538155797317394,0.007648314186182781,0.4713331910097728,0.8674050228993764,0.18,0.2,0.62,0.25
4191,0.9166052096425495,0.995192167049057,0.08784079946334276,0.011083081244708151,0.4713331910097728,0.8673982531979505,0.44,0.3,0.26,0.25
4192,0.8915755062043484,0.9622712264062669,0.08179476023594337,0.008104548926626248,0.5386766939799044,0.8673929511412855,0.64,0.14,0.22,0.0
4193,0.9137449304653643,0.9961163115364606,0.08500896489455713,0.01161112683757969,0.4713331910097728,0.867390276737132,0.08,0.38,0.54,0.25
4194,0.9154575431927462,0.9961764959072382,0.08699697847188786,0.011361874168906837,0.4713331910097728,0.8673893192788509,0.14,0.36,0.5,0.25
4195,0.916704264356592,0.9964817893621879,0.08982712214439056,0.009385788681447738,0.4713331910097728,0.8673877398954744,0.14,0.28,0.58,0.5
4196,0.9175564321472208,0.9953599946103548,0.0881986603374707,0.012206873357814178,0.4713331910097728,0.8673807788392387,0.48,0.34,0.18,0.25
4197,0.9176499401548632,0.9954491034100734,0.08802692612009591,0.012690608567397234,0.4713331910097728,0.8673750025403242,0.48,0.36,0.16,0.25
4198,0.9123367146110465,0.9965474831480019,0.06247110699723169,0.006700421150927845,0.42371414339073304,0.8673748228811886,0.08,0.18,0.74,0.75
4199,0.9124273291511388,0.9959986076750044,0.08446664995426842,0.010409173877503657,0.4713331910097728,0.8673742103706521,0.02,0.34,0.64,0.25
4200,0.9158822112986702,0.9964374146171667,0.09012323449065342,0.007781454750679816,0.4713331910097728,0.8673698945897983,0.1,0.22,0.68,0.5
4201,0.8636145102848843,0.9559076124994854,0.07363373524175089,0.021946458275506894,0.6035558894691618,0.8673683817905802,0.0,0.82,0.18,0.0
4202,0.8645149828810964,0.9559461185197938,0.07527632093772609,0.020980276793003315,0.6035558894691618,0.867363585721427,0.0,0.78,0.22,0.0
4203,0.9178483255792808,0.9964963414040774,0.09133974236615325,0.009052603900558613,0.4713331910097728,0.8673633280862051,0.18,0.26,0.56,0.5
4204,0.8905802597753633,0.9622171203575132,0.08167909774051191,0.006896194707840323,0.5386766939799044,0.8673613052907492,0.58,0.1,0.32,0.0
4205,0.9194141890213677,0.9968175343122027,0.0920612689298699,0.010656937831326506,0.4713331910097728,0.8673522107098277,0.22,0.32,0.46,0.5
4206,0.9184577404119197,0.9966578810460403,0.09137665615615641,0.010096960704899741,0.4713331910097728,0.8673508610530674,0.2,0.3,0.5,0.5
4207,0.9154926006566536,0.995101261700957,0.0884877472473534,0.008664405196793077,0.4713331910097728,0.8673479002376084,0.44,0.2,0.36,0.25
4208,0.9174020242013681,0.996489574405174,0.09098111092092144,0.008977006452046035,0.4713331910097728,0.8673470212742069,0.16,0.26,0.58,0.5
4209,0.9163164158188583,0.9964467267262771,0.0902906493985367,0.008341431877106658,0.4713331910097728,0.867341251605461,0.12,0.24,0.64,0.5
4210,0.9160407291339903,0.9951065016337362,0.08872533236869727,0.009226301253346118,0.4713331910097728,0.8673321929841453,0.46,0.22,0.32,0.25
4211,0.9168456378389529,0.9964791244820888,0.0905105374126872,0.008901409003533459,0.4713331910097728,0.8673294361800625,0.14,0.26,0.6,0.5
4212,0.9195333091583586,0.996800167677849,0.09193523722513196,0.011141317509240802,0.4713331910097728,0.867324830883273,0.22,0.34,0.44,0.5
4213,0.9166542994173642,0.995508000254511,0.085641290355807,0.014952962921372142,0.4713331910097728,0.8673210229522466,0.44,0.46,0.1,0.25
4214,0.9174410986353754,0.995428353276268,0.08805056480389822,0.012612447720427212,0.4713331910097728,0.8673180490514221,0.46,0.36,0.18,0.25
4215,0.9165460192650895,0.9964542422870061,0.08779925928558327,0.012485666282012847,0.4713331910097728,0.867301276324634,0.18,0.4,0.42,0.25
4216,0.9178303695223865,0.9965992536838599,0.09094491673573322,0.010021363256387169,0.4713331910097728,0.8672935488357431,0.18,0.3,0.52,0.5
4217,0.9140860202276444,0.9966634503460227,0.06454205618126246,0.006846489251038106,0.42371414339073304,0.8672902464023022,0.12,0.18,0.7,0.75
4218,0.9130762734768483,0.9965618854775263,0.06349232059889082,0.00677345520098297,0.42371414339073304,0.8672895841205863,0.1,0.18,0.72,0.75
4219,0.9131474996713894,0.9952329786397883,0.0856685565200864,0.009661415871484846,0.4713331910097728,0.8672781718442251,0.2,0.28,0.52,0.25
4220,0.9189724794801954,0.9967571403441139,0.09121439336740093,0.011550099738642516,0.4713331910097728,0.8672763630056444,0.2,0.36,0.44,0.5
4221,0.913179962215778,0.9951961194554961,0.08604144511561375,0.009177680661901815,0.4713331910097728,0.8672715358663003,0.2,0.26,0.54,0.25
4222,0.9183989031863306,0.9968341074710213,0.08935587691208689,0.013487618450299456,0.4713331910097728,0.867264585938888,0.2,0.44,0.36,0.5
4223,0.9173270996282569,0.9953479277937263,0.0884125613390013,0.012128712510844155,0.4713331910097728,0.8672640824476194,0.46,0.34,0.2,0.25
4224,0.9175605090020695,0.9965759883823204,0.08787798987454977,0.014171354451671924,0.4713331910097728,0.8672640306800397,0.24,0.46,0.3,0.25
4225,0.9161848898004632,0.9964623566971955,0.09012095191416969,0.008825811555020888,0.4713331910097728,0.8672562267038271,0.12,0.26,0.62,0.5
4226,0.9137611123269404,0.9981264994629069,0.08537303980580338,0.013297871252339806,0.4713331910097728,0.8672542607878263,0.16,0.44,0.4,0.75
4227,0.8722323636193855,0.9881979946028693,0.06005503722231139,0.0021508884995727613,0.5006990589401363,0.8672458685411458,0.02,0.0,0.98,0.5
4228,0.9160696137881648,0.9964741839740399,0.0869564088734213,0.013296815007238791,0.4713331910097728,0.867242311411534,0.14,0.44,0.42,0.25
4229,0.9160732940415449,0.995415717552652,0.08498119608955337,0.015358537283985133,0.4713331910097728,0.8672422270065879,0.42,0.48,0.1,0.25
4230,0.9161972481741104,0.9964653210020249,0.08984964459753243,0.009310191232935161,0.4713331910097728,0.8672417856701167,0.12,0.28,0.6,0.5
4231,0.8899753957706616,0.9622046343462622,0.08157174600979154,0.00673474621698539,0.5386766939799044,0.8672412380477302,0.54,0.1,0.36,0.0
4232,0.9158357322778395,0.996178771535188,0.08819771171192824,0.010956299806293817,0.4713331910097728,0.8672377738429266,0.16,0.34,0.5,0.25
4233,0.9172501613469267,0.9965478424576781,0.09056616009384028,0.00994576580787459,0.4713331910097728,0.8672361802546729,0.16,0.3,0.54,0.5
4234,0.9098569010473944,0.9980958683130037,0.08239560928519317,0.011816584609462936,0.4713331910097728,0.8672337649093876,0.02,0.4,0.58,0.75
4235,0.9175014230146928,0.9968147796046845,0.08929841780373125,0.01236766419744583,0.4713331910097728,0.8672330127521525,0.16,0.4,0.44,0.5
4236,0.9122738772806317,0.9960651398500631,0.08378110821514072,0.011938540353222699,0.4713331910097728,0.8672300868740873,0.04,0.4,0.56,0.25
4237,0.9185213570551154,0.9968271458460433,0.08993540434232979,0.013003238772385175,0.4713331910097728,0.8672299375214254,0.2,0.42,0.38,0.5
4238,0.8701984858489304,0.9977542546382762,0.053846298896467255,0.01763033648259603,0.5037727887544016,0.8672257772894301,0.16,0.62,0.22,1.0
4239,0.8722438662792801,0.9882017374119972,0.06009102242591846,0.002226485948085336,0.5006990589401363,0.867224378135823,0.04,0.0,0.96,0.5
4240,0.917239291790886,0.9965556275006644,0.08845322556869838,0.013047562338565823,0.4713331910097728,0.8672233918703994,0.2,0.42,0.38,0.25
4241,0.9160132387624245,0.9964011842248081,0.08754891276084521,0.012407505435042826,0.4713331910097728,0.8672213503718476,0.16,0.4,0.44,0.25
4242,0.9130843859041163,0.9963008469977056,0.08439622786574083,0.012500436409775663,0.4713331910097728,0.8672187303080737,0.06,0.42,0.52,0.25
4243,0.8902728426431528,0.9622061614123865,0.08190764976222695,0.006815470462412856,0.5386766939799044,0.8672176349847399,0.56,0.1,0.34,0.0
4244,0.912350686510436,0.9949261281762414,0.08557266647244809,0.00869394545231884,0.4713331910097728,0.8672142624294801,0.2,0.24,0.56,0.25
4245,0.9161286548649291,0.9954252392590736,0.08508817065915918,0.01543669813095516,0.4713331910097728,0.8672137650039581,0.44,0.48,0.08,0.25
4246,0.916734447393816,0.9955700111161431,0.08595795275117167,0.015202215590045089,0.4713331910097728,0.8672131489872065,0.38,0.48,0.14,0.25
4247,0.9171600498897813,0.9956830439518076,0.08680799043353402,0.014718480380462074,0.4713331910097728,0.8672092626734799,0.38,0.46,0.16,0.25
4248,0.9172347688893895,0.9964888557858215,0.09095448251206709,0.00946138612996031,0.4713331910097728,0.8672075442868077,0.16,0.28,0.56,0.5
4249,0.9149866790231334,0.9964337316929849,0.08948674428047307,0.008190236980081509,0.4713331910097728,0.8672025782765899,0.08,0.24,0.68,0.5
4250,0.9151408223652189,0.9961966771340562,0.08791290000701588,0.010550725443680794,0.4713331910097728,0.8671952808683461,0.18,0.32,0.5,0.25
4251,0.8722583081706318,0.9882037136152168,0.060170536420985424,0.0023020833965979124,0.5006990589401363,0.8671909447547361,0.06,0.0,0.94,0.5
4252,0.9182018822635891,0.9968338829024737,0.09047626227636092,0.011958881968044111,0.4713331910097728,0.8671879183914498,0.18,0.38,0.44,0.5
4253,0.9187855611729179,0.9967924724622819,0.092021006101485,0.010581340382813924,0.4713331910097728,0.8671865999640757,0.2,0.32,0.48,0.5
4254,0.916503152351323,0.9951625838857096,0.08880409532271717,0.010599346035125117,0.4713331910097728,0.8671819971461512,0.44,0.28,0.28,0.25
4255,0.9177059024691202,0.9964952634750486,0.09149414253030327,0.00953698357847289,0.4713331910097728,0.8671790130579934,0.18,0.28,0.54,0.5
4256,0.9130222737865296,0.995188424239929,0.08625314908796168,0.009099519814931793,0.4713331910097728,0.867177622370376,0.18,0.26,0.56,0.25
4257,0.872332393194599,0.9882186848517286,0.06020235961575252,0.002453278293623064,0.5006990589401363,0.8671759947349429,0.1,0.0,0.9,0.5
4258,0.9129331547543232,0.9969768282686888,0.06367319600142197,0.007185445297173305,0.42371414339073304,0.867174302294015,0.08,0.2,0.72,0.75
4259,0.8723843177375751,0.9882197927232305,0.06022565034915246,0.0025288757421356393,0.5006990589401363,0.8671698985037434,0.12,0.0,0.88,0.5
4260,0.9153107878110525,0.9964104364489724,0.08886723455307352,0.00971897346233686,0.4713331910097728,0.8671693220522131,0.1,0.3,0.6,0.5
4261,0.8702641030061271,0.9978038992585495,0.05555497602491687,0.015617191372691356,0.5037727887544016,0.8671625181476719,0.14,0.54,0.32,1.0
4262,0.9167106850655111,0.996485711826154,0.08842439466434335,0.01256382712898287,0.4713331910097728,0.8671593883840745,0.2,0.4,0.4,0.25
4263,0.8698981466997181,0.9977584166420265,0.054151860930707126,0.017074197216421637,0.5037727887544016,0.8671593611321673,0.14,0.6,0.26,1.0
4264,0.8722790452064356,0.9882172176705505,0.06026525172788682,0.0023776808451104877,0.5006990589401363,0.8671567429233621,0.08,0.0,0.92,0.5
4265,0.9166253347750415,0.9965104293376351,0.09022685432784214,0.009870168359362011,0.4713331910097728,0.8671561427539936,0.14,0.3,0.56,0.5
4266,0.9172185341192692,0.9966290165020455,0.08831024422097436,0.013687619242088908,0.4713331910097728,0.8671414172346772,0.24,0.44,0.32,0.25
4267,0.9173048680672261,0.9955519558049098,0.08764546232675204,0.013985492502206109,0.4713331910097728,0.8671379991708839,0.44,0.42,0.14,0.25
4268,0.9162369235727753,0.9951833939044611,0.08842085099210363,0.01100492039773813,0.4713331910097728,0.867134716081922,0.42,0.3,0.28,0.25
4269,0.8701550111716986,0.9977924911763275,0.055215802297631525,0.016102859987268105,0.5037727887544016,0.8671288105129655,0.14,0.56,0.3,1.0
4270,0.9175261219241387,0.9955214144824256,0.08853306843373145,0.013096182930010134,0.4713331910097728,0.8671215470582639,0.46,0.38,0.16,0.25
4271,0.9183136234599802,0.9967457921468379,0.09111364242743349,0.011474502290129945,0.4713331910097728,0.867121194035982,0.18,0.36,0.46,0.5
4272,0.9130836756889028,0.996095321862871,0.08530966139550421,0.011532965990609668,0.4713331910097728,0.8671176213524033,0.06,0.38,0.56,0.25
4273,0.8724138685465681,0.9882207209398942,0.060386357265549646,0.002604473190648216,0.5006990589401363,0.8671174132749739,0.14,0.0,0.86,0.5
4274,0.916401610226395,0.9954459295079329,0.08616602300740174,0.014796641227432097,0.4713331910097728,0.8671157640829074,0.4,0.46,0.14,0.25
4275,0.9168640121660346,0.9965352366765352,0.08848057885842747,0.0129694014915958,0.4713331910097728,0.8671154890376299,0.18,0.42,0.4,0.25
4276,0.9118726214851509,0.9960361854786491,0.0838232432146031,0.01186037950625267,0.4713331910097728,0.8671088415581706,0.02,0.4,0.58,0.25
4277,0.8913060456688102,0.9623021270384274,0.08201956149049905,0.008828557672847405,0.5386766939799044,0.8671070823951773,0.58,0.18,0.24,0.0
4278,0.9153766074097115,0.9964429539746762,0.0898411765129011,0.008750214106508305,0.4713331910097728,0.8671066771847206,0.1,0.26,0.64,0.5
4279,0.9178255613766927,0.9966242556488347,0.08856512871002568,0.01440583699258199,0.4713331910097728,0.8671056236161532,0.3,0.46,0.24,0.25
4280,0.912677422897465,0.9951280602143132,0.0868456323452535,0.008053888548795771,0.4713331910097728,0.8671032842216206,0.16,0.22,0.62,0.25
4281,0.9148092957809293,0.9964299589413839,0.08932246012282005,0.008674616657995737,0.4713331910097728,0.8670993238435143,0.08,0.26,0.66,0.5
4282,0.9152786347125923,0.9950838351816572,0.08919590622853188,0.008586244349823056,0.4713331910097728,0.8670923971558275,0.42,0.2,0.38,0.25
4283,0.9129935544496505,0.995136653704071,0.08716703962773667,0.008132049395765797,0.4713331910097728,0.8670910420028372,0.18,0.22,0.6,0.25
4284,0.9160368251332454,0.9951502775292969,0.08868565910892307,0.010521185188155093,0.4713331910097728,0.8670900586643205,0.42,0.28,0.3,0.25
4285,0.8694168533867571,0.9977469187323854,0.05396405804881081,0.017003726564823962,0.5037727887544016,0.8670815310394278,0.12,0.6,0.28,1.0
4286,0.9158129495510614,0.9962210503070975,0.08834919933613618,0.011518195862846883,0.4713331910097728,0.8670811915405288,0.18,0.36,0.46,0.25
4287,0.9170780912118778,0.9954948255663806,0.0872493660935804,0.014469227711789129,0.4713331910097728,0.8670789387508457,0.44,0.44,0.12,0.25
4288,0.8879943595650417,0.9630076166165754,0.07858314598578041,0.019051678021935543,0.5513918363734412,0.8670735872114002,0.36,0.64,0.0,0.0
4289,0.9165019320698076,0.9955643220462687,0.08625315527012369,0.015124054743075068,0.4713331910097728,0.8670729957568869,0.36,0.48,0.16,0.25
4290,0.8698234545077346,0.9977798554527115,0.05511709534696381,0.016032389335670437,0.5037727887544016,0.8670700230911995,0.12,0.56,0.32,1.0
4291,0.9141797926444635,0.9964270245790275,0.08882040293407599,0.008599019209483165,0.4713331910097728,0.8670700153212123,0.06,0.26,0.68,0.5
4292,0.9144209365740398,0.995038023197931,0.08857792974429685,0.008273600961942964,0.4713331910097728,0.8670690549161173,0.34,0.2,0.46,0.25
4293,0.9151756340781966,0.9962161397415216,0.08834288977173682,0.010628886290650815,0.4713331910097728,0.8670689427837259,0.2,0.32,0.48,0.25
4294,0.9148322938122685,0.9950625760258104,0.08891200726871396,0.008429922655883009,0.4713331910097728,0.8670684862754301,0.38,0.2,0.42,0.25
4295,0.9190220393427179,0.9967875020117599,0.09234239037576934,0.011065720060728226,0.4713331910097728,0.8670671900121086,0.2,0.34,0.46,0.5
4296,0.9125290046744873,0.9960626546248021,0.0849589057460516,0.011454805143639644,0.4713331910097728,0.8670631588189682,0.04,0.38,0.58,0.25
4297,0.888512034851406,0.9630359721385289,0.07945500902762646,0.01864931152611132,0.5513918363734412,0.8670620499274061,0.38,0.62,0.0,0.0
4298,0.9172767339353144,0.9960475336759251,0.08745755225821322,0.014967733049135016,0.4713331910097728,0.8670616668873797,0.32,0.48,0.2,0.25
4299,0.912930504414884,0.9980764057055382,0.08525213453421948,0.013151803152229549,0.4713331910097728,0.8670616638577725,0.12,0.44,0.44,0.75
4300,0.9128683622582191,0.9951510859760685,0.0868199628541643,0.00861578460534882,0.4713331910097728,0.8670590473322988,0.18,0.24,0.58,0.25
4301,0.9133054849388378,0.9952386377671898,0.08626008506807124,0.010145151081067878,0.4713331910097728,0.867058990191109,0.2,0.3,0.5,0.25
4302,0.9127100250045916,0.9949075937854397,0.08709923290455303,0.007804635880122827,0.4713331910097728,0.8670566717693086,0.22,0.2,0.58,0.25
4303,0.9146472052758698,0.995040628193084,0.08880521980755073,0.008351761808912986,0.4713331910097728,0.8670561120571254,0.36,0.2,0.44,0.25
4304,0.8757283288715946,0.9978972000044913,0.04906402950143112,0.009467318526210074,0.4713331910097728,0.8670527071988272,0.6,0.22,0.18,1.0
4305,0.915768598664883,0.996200210345873,0.0884482500320086,0.011440035015876857,0.4713331910097728,0.8670518124603392,0.16,0.36,0.48,0.25
4306,0.9169424905237593,0.9955070121529013,0.08726928341632326,0.014391066864819108,0.4713331910097728,0.8670499717772325,0.42,0.44,0.14,0.25
4307,0.868221873540813,0.9977121255787319,0.05298448193043112,0.01679231461003092,0.5037727887544016,0.867042746425187,0.06,0.6,0.34,1.0
4308,0.9159201963476429,0.9953329565572144,0.0855268598026261,0.015280376437015113,0.4713331910097728,0.8670420704519272,0.4,0.48,0.12,0.25
4309,0.8630949649876868,0.9558904255199697,0.07388215270087076,0.0224295490167586,0.6035558894691618,0.8670416438789745,0.0,0.84,0.16,0.0
4310,0.9143260920584775,0.9964331328435244,0.08942178240871905,0.008114639531568935,0.4713331910097728,0.8670381758835217,0.06,0.24,0.7,0.5
4311,0.9153467759028052,0.9964563382601177,0.08972873128700284,0.00923459378442258,0.4713331910097728,0.8670353042738371,0.1,0.28,0.62,0.5
4312,0.8757975858206649,0.9978996552872793,0.04916148336364748,0.00953778917780776,0.4713331910097728,0.8670316392048999,0.62,0.22,0.16,1.0
4313,0.9134015291189774,0.9969866793423136,0.06433609373438884,0.007670469443418808,0.42371414339073304,0.8670280155808123,0.08,0.22,0.7,0.75
4314,0.8681150599246449,0.9977088618491723,0.05298079272792965,0.016721843958433236,0.5037727887544016,0.8670253713900529,0.04,0.6,0.36,1.0
4315,0.9147049930309086,0.9964084003608068,0.08879867728741395,0.009643376013824288,0.4713331910097728,0.8670221791400845,0.08,0.3,0.62,0.5
4316,0.8690218930301372,0.9977331152523214,0.05380184602985653,0.016933255913226277,0.5037727887544016,0.8670218710358153,0.1,0.6,0.3,1.0
4317,0.8696880497161947,0.9977238630281572,0.053734470522627635,0.018045534445575016,0.5037727887544016,0.8670173149635695,0.14,0.64,0.22,1.0
4318,0.9163065025049276,0.9951419535217962,0.08952720750321068,0.01011561082554208,0.4713331910097728,0.8670080086082014,0.44,0.26,0.3,0.25
4319,0.9170081168726991,0.9965777549882289,0.08891971891796711,0.013125723185535842,0.4713331910097728,0.8670071248203643,0.22,0.42,0.36,0.25
4320,0.8757136137388473,0.9978947147792304,0.049597055854307986,0.008911179260035627,0.4713331910097728,0.8670053488332569,0.58,0.2,0.22,1.0
4321,0.916416371139263,0.9965413898547416,0.08857637609714446,0.012720148822922913,0.4713331910097728,0.8670043289998183,0.24,0.4,0.36,0.25
4322,0.8692143330448181,0.9977522484925836,0.05441200551440994,0.016447587298649473,0.5037727887544016,0.8670035519366708,0.1,0.58,0.32,1.0
4323,0.9137862820514491,0.9950264654033438,0.08824852790219574,0.008117279268002913,0.4713331910097728,0.8670032345097518,0.3,0.2,0.5,0.25
4324,0.8724249313797064,0.9878176054255761,0.06033565393634272,0.002967283784292806,0.5006990589401363,0.8670023325673595,0.22,0.0,0.78,0.25
4325,0.8911304627650648,0.9622450566848443,0.0831265837168757,0.0074600096945195895,0.5386766939799044,0.8670001374714522,0.6,0.12,0.28,0.0
4326,0.8695916474450733,0.9977623989909387,0.05477935376473986,0.016518057950247154,0.5037727887544016,0.8669981804013751,0.12,0.58,0.3,1.0
4327,0.9129960423703803,0.9949330448875099,0.08759075548865959,0.007882796727092852,0.4713331910097728,0.8669888390360465,0.24,0.2,0.56,0.25
4328,0.8753771007321458,0.9978897742711815,0.049417475871636994,0.008770237956840269,0.4713331910097728,0.8669836579457667,0.54,0.2,0.26,1.0
4329,0.9129380466437225,0.9949032521268513,0.08787125898197154,0.007399061517509891,0.4713331910097728,0.8669827822461164,0.24,0.18,0.58,0.25
4330,0.8700210242556344,0.9977762024710026,0.05524838080346382,0.01658852860184483,0.5037727887544016,0.8669796372396715,0.14,0.58,0.28,1.0
4331,0.9134579077565863,0.9952431590806163,0.08699188194050347,0.009739576718454865,0.4713331910097728,0.8669753581622109,0.22,0.28,0.5,0.25
4332,0.8694088906536918,0.9977710523656426,0.05506030152120449,0.01596191868407274,0.5037727887544016,0.866974814836401,0.1,0.56,0.34,1.0
4333,0.9154958685455884,0.9961936529442807,0.08871054923817881,0.011034460653263843,0.4713331910097728,0.8669744411340404,0.18,0.34,0.48,0.25
4334,0.9153131846229533,0.9961988030496409,0.0879657753174366,0.011845609378489757,0.4713331910097728,0.8669730750564163,0.14,0.38,0.48,0.25
4335,0.9161230744434984,0.996303811302535,0.08875987547146046,0.012001931072429804,0.4713331910097728,0.8669714000308901,0.18,0.38,0.44,0.25
4336,0.9150736874511308,0.9950641030919346,0.08945006329974726,0.008508083502853031,0.4713331910097728,0.8669702511040749,0.4,0.2,0.4,0.25
4337,0.8757924896931554,0.9979122610684223,0.04900425216764556,0.010093928443982221,0.4713331910097728,0.8669661407139325,0.64,0.24,0.12,1.0
4338,0.9165494343951034,0.996508468105652,0.0887130449391528,0.012891240644625782,0.4713331910097728,0.8669656570577444,0.16,0.42,0.42,0.25
4339,0.9172624337538765,0.996560912347153,0.08905564728400575,0.013531297548148857,0.4713331910097728,0.8669605579801138,0.2,0.44,0.36,0.25
4340,0.9133119435375535,0.9981006291662144,0.0859612944470188,0.013224837202284677,0.4713331910097728,0.8669605020057852,0.14,0.44,0.42,0.75
4341,0.8913020272401232,0.9622627526864013,0.08311775170735775,0.007943100435771308,0.5386766939799044,0.8669601914452194,0.6,0.14,0.26,0.0
4342,0.9160969281767805,0.9951325216427938,0.08981629917380703,0.009631875615959124,0.4713331910097728,0.8669570543459171,0.44,0.24,0.32,0.25
4343,0.8686943119077365,0.9977422776490668,0.05407955223883499,0.016377116647051798,0.5037727887544016,0.8669560698377383,0.08,0.58,0.34,1.0
4344,0.8617114265375506,0.9558042810250805,0.07202716458905548,0.02339573049926219,0.6035558894691618,0.8669556608031644,0.0,0.88,0.12,0.0
4345,0.9180231434881867,0.9967829208133873,0.09039865393133319,0.012927641323872602,0.4713331910097728,0.8669552936092012,0.18,0.42,0.4,0.5
4346,0.912143246754391,0.9968708618566579,0.0636094763124698,0.007112411247118178,0.42371414339073304,0.8669544273580934,0.06,0.2,0.74,0.75
4347,0.9158998589324276,0.9963643549829889,0.08857164255214392,0.012080091919399837,0.4713331910097728,0.866952197300089,0.2,0.38,0.42,0.25
4348,0.9123862211071403,0.9949149596338036,0.08687884049971215,0.008210210242735824,0.4713331910097728,0.8669431124107078,0.2,0.22,0.58,0.25
4349,0.9163746303145436,0.9952185463677908,0.0889413001912034,0.011488655607321065,0.4713331910097728,0.8669343840363203,0.42,0.32,0.26,0.25
4350,0.9167677149833356,0.995510515422245,0.08757496819496283,0.014312906017849092,0.4713331910097728,0.8669254947920573,0.4,0.44,0.16,0.25
4351,0.8914687818821336,0.9628180657910989,0.08393722965681207,0.0076176939914353444,0.5386766939799044,0.8669221447376352,0.28,0.18,0.54,0.0
4352,0.9131744053869342,0.9949718503325486,0.08797481351826154,0.007960957574062875,0.4713331910097728,0.8669217208654305,0.26,0.2,0.54,0.25
4353,0.9176503451303775,0.996519786360455,0.08863263035008068,0.014889572202164999,0.4713331910097728,0.8669211644508132,0.3,0.48,0.22,0.25
4354,0.8688458050409041,0.9977617701990051,0.054713250059699244,0.01589144803247507,0.5037727887544016,0.8669187288423781,0.08,0.56,0.36,1.0
4355,0.9153873840451929,0.9962597060397711,0.08843595080492449,0.011596356709816909,0.4713331910097728,0.8669186568965132,0.2,0.36,0.44,0.25
4356,0.916807779911881,0.9965225710104462,0.08876499289899532,0.013453136701178838,0.4713331910097728,0.8669179079243765,0.18,0.44,0.38,0.25
4357,0.916944653320994,0.9956790616028954,0.08765286200355135,0.01464031953349206,0.4713331910097728,0.8669159001150504,0.36,0.46,0.18,0.25
4358,0.9168195767120901,0.9952583399144393,0.08944080790359671,0.01156681645429109,0.4713331910097728,0.8669140773582763,0.44,0.32,0.24,0.25
4359,0.9128214707810098,0.9969849127364052,0.06417834544774545,0.00759743539336368,0.42371414339073304,0.8669138564327168,0.06,0.22,0.72,0.75
4360,0.8685181711915089,0.997755212797413,0.0544352926140353,0.015820977380877392,0.5037727887544016,0.8669137507733278,0.06,0.56,0.38,1.0
4361,0.891098456085801,0.9622983842292995,0.08253806039911984,0.008747833427419936,0.5386766939799044,0.8669107817871562,0.56,0.18,0.26,0.0
4362,0.9171147016214317,0.9955465661597656,0.08829223953848134,0.013907331655236084,0.4713331910097728,0.8669091525045836,0.42,0.42,0.16,0.25
4363,0.8755598260241603,0.9978902832932229,0.04981958576307781,0.008840708608437952,0.4713331910097728,0.8669084333671029,0.56,0.2,0.24,1.0
4364,0.8697749723311625,0.9977396127689676,0.05455106607551307,0.017559865830998347,0.5037727887544016,0.8669072682611847,0.14,0.62,0.24,1.0
4365,0.9159868997771637,0.9951352464078389,0.08960250503785173,0.010037449978572055,0.4713331910097728,0.8669050276162091,0.42,0.26,0.32,0.25
4366,0.9173648472992885,0.9965889534731397,0.08889141420318408,0.014249515298641947,0.4713331910097728,0.866899232312787,0.26,0.46,0.28,0.25
4367,0.9158090235728455,0.995159350098623,0.08884453854592253,0.010926759550768106,0.4713331910097728,0.8668961212939053,0.4,0.3,0.3,0.25
4368,0.8725605300912166,0.9878586266136186,0.06081529380514619,0.0030454446312628294,0.5006990589401363,0.8668951383775977,0.24,0.0,0.76,0.25
4369,0.8568914212829607,0.9949703831513704,0.04359953506323378,0.0024965128325122,0.4910576463608645,0.8668921616410628,0.0,0.02,0.98,1.0
4370,0.9173630959452924,0.9955478237436326,0.08890683472428175,0.013501757292623134,0.4713331910097728,0.8668876396265027,0.44,0.4,0.16,0.25
4371,0.8727244522095428,0.9878779993936649,0.060971114155419934,0.003123605478232853,0.5006990589401363,0.8668866285113866,0.26,0.0,0.74,0.25
4372,0.8756900703233493,0.9979223516818313,0.04855585855768274,0.01099479502153801,0.4713331910097728,0.8668861342269829,0.62,0.28,0.1,1.0
4373,0.9127481691287713,0.9949712514830881,0.08710852975793289,0.008772106299288866,0.4713331910097728,0.8668814870725231,0.22,0.24,0.54,0.25
4374,0.8685361908581399,0.9977214826015518,0.05382846989221551,0.016862785261628602,0.5037727887544016,0.8668808275940812,0.08,0.6,0.32,1.0
4375,0.8758705693393631,0.9979052844722077,0.049721166206651984,0.009608259829405438,0.4713331910097728,0.8668787941755144,0.64,0.22,0.14,1.0
4376,0.8568849828722799,0.9949703532088974,0.04330474545112087,0.0029821814470889375,0.4910576463608645,0.8668781502058722,0.0,0.04,0.96,1.0
4377,0.8756208077638535,0.9979274119597723,0.048229477906056535,0.011409992984517102,0.4713331910097728,0.8668772484577381,0.6,0.3,0.1,1.0
4378,0.9172123438627462,0.9966628215540893,0.08918449309162842,0.01376578008905892,0.4713331910097728,0.8668767438440936,0.26,0.44,0.3,0.25
4379,0.9183801053664574,0.9967718420983686,0.0924170443313989,0.010990122612215656,0.4713331910097728,0.8668658397436103,0.18,0.34,0.48,0.5
4380,0.8757270263523191,0.9979026794770547,0.049347965970939364,0.010023457792384536,0.4713331910097728,0.8668599837633967,0.62,0.24,0.14,1.0
4381,0.9134833696692096,0.994981282211551,0.08847820331540761,0.008039118421032897,0.4713331910097728,0.866854945169774,0.28,0.2,0.52,0.25
4382,0.9181460628392821,0.996738456240947,0.09253474440039647,0.010505742934301359,0.4713331910097728,0.8668535339812564,0.18,0.32,0.5,0.5
4383,0.8758727481555437,0.9979185190452843,0.047550003028213654,0.009474944472817076,0.4667881855330919,0.8668528105262443,0.74,0.2,0.06,1.0
4384,0.8682596177953774,0.9977303306023303,0.054086723136762445,0.01623617534385644,0.5037727887544016,0.8668499887238835,0.04,0.58,0.38,1.0
4385,0.914686396773732,0.9964229524026963,0.08971998482316869,0.009158996335910009,0.4713331910097728,0.8668498258422043,0.08,0.28,0.64,0.5
4386,0.9167444496268556,0.9966960876416185,0.08983111340770483,0.012292066748933251,0.4713331910097728,0.8668495329698128,0.14,0.4,0.46,0.5
4387,0.8622680538970656,0.9558546442647065,0.07335638824425009,0.022912639758010507,0.6035558894691618,0.8668432887700969,0.0,0.86,0.14,0.0
4388,0.8860591927404645,0.962755036885384,0.07657576158033046,0.020015350041813082,0.5513918363734412,0.8668416245057529,0.12,0.72,0.16,0.0
4389,0.8915076158317016,0.9628129156857388,0.08420107301326132,0.007698418236862813,0.5386766939799044,0.866840748457232,0.3,0.18,0.52,0.0
4390,0.9171402072970379,0.9953975424715266,0.08943277736760491,0.012534286873457192,0.4713331910097728,0.8668399699563808,0.44,0.36,0.2,0.25
4391,0.8759397998381118,0.9979140576168037,0.04771242483867382,0.009404473821219395,0.4667881855330919,0.8668394859189656,0.72,0.2,0.08,1.0
4392,0.9177022549042888,0.9967819626542506,0.09015170395982211,0.013412021001786888,0.4713331910097728,0.8668332620744279,0.18,0.44,0.38,0.5
4393,0.8725440104753164,0.988225571620524,0.061404463101850736,0.0027556680876733657,0.5006990589401363,0.8668331812280614,0.18,0.0,0.82,0.5
4394,0.8569645964028807,0.9949746349825398,0.04322269911346162,0.0034678500616656944,0.4910576463608645,0.8668292163770764,0.0,0.06,0.94,1.0
4395,0.8935669868381625,0.9950555694871228,0.07816073712362016,0.017563840314353707,0.5037727887544016,0.8668291601567121,0.0,0.64,0.36,0.75
4396,0.9130211466366183,0.9949927801211922,0.08753634555389447,0.008850267146258889,0.4713331910097728,0.8668275359057491,0.24,0.24,0.52,0.25
4397,0.9176519211321984,0.9967301621759195,0.09115340146103743,0.011883284519531535,0.4713331910097728,0.8668271103640071,0.16,0.38,0.46,0.5
4398,0.916749310374902,0.9965701196576078,0.08950618346271672,0.012798309669892932,0.4713331910097728,0.8668246023764873,0.26,0.4,0.34,0.25
4399,0.897380292216762,0.9931019428922183,0.08290969490642787,0.005493660934703582,0.4910576463608645,0.8668166127294262,0.0,0.14,0.86,0.25
4400,0.9176602530009044,0.9967257007474389,0.09189589777489574,0.010914525163703075,0.4713331910097728,0.8668084534315362,0.16,0.34,0.5,0.5
4401,0.8757834557613394,0.9979296576452491,0.04724287406517173,0.010031083738991526,0.4667881855330919,0.8668050844311217,0.76,0.22,0.02,1.0
4402,0.8684774259075371,0.9976917347546027,0.05330297130464827,0.017904593142379657,0.5037727887544016,0.8668020011969633,0.1,0.64,0.26,1.0
4403,0.8756624461112095,0.9979242081151588,0.048887451408245935,0.010924324369940326,0.4713331910097728,0.8667965420864392,0.6,0.28,0.12,1.0
4404,0.9162198235622929,0.9954911126997257,0.08661661146397386,0.015529629105688038,0.4713331910097728,0.8667913956404388,0.34,0.5,0.16,0.25
4405,0.9155945177409585,0.9966629712664543,0.08895421470986903,0.0121408718519081,0.4713331910097728,0.8667828444077199,0.1,0.4,0.5,0.5
4406,0.868378377646387,0.9977341632388773,0.05440082007559211,0.016306645995454123,0.5037727887544016,0.8667814682251471,0.06,0.58,0.36,1.0
4407,0.9162955322658739,0.995585042237601,0.08668403193320381,0.015685950799628076,0.4713331910097728,0.866777479908084,0.38,0.5,0.12,0.25
4408,0.917184656978906,0.9955443803592349,0.0891594190703653,0.013423596445653115,0.4713331910097728,0.866776343161621,0.42,0.4,0.18,0.25
4409,0.8680405934224725,0.9977273662975009,0.05416484655022369,0.01616570469225876,0.5037727887544016,0.8667753892443716,0.02,0.58,0.4,1.0
4410,0.9165452736569016,0.9965016112793296,0.08903092602888835,0.013374975854208814,0.4713331910097728,0.8667749121760683,0.16,0.44,0.4,0.25
4411,0.916447067448859,0.9965201157276582,0.08944731709283572,0.012641987975952894,0.4713331910097728,0.8667746784919504,0.22,0.4,0.38,0.25
4412,0.9176950501876645,0.9967336953877363,0.09173253590088425,0.011398904841617364,0.4713331910097728,0.8667703521211274,0.16,0.36,0.48,0.5
4413,0.8757707947180784,0.9979292085081537,0.04711942351148139,0.010375811050372942,0.4667881855330919,0.8667678935856236,0.72,0.24,0.04,1.0
4414,0.9130576551078015,0.9949778088846803,0.08810898029360621,0.008366531936675865,0.4713331910097728,0.8667677623436995,0.24,0.22,0.54,0.25
4415,0.8913607737613841,0.962813185167996,0.08442007564116581,0.007536969746007873,0.5386766939799044,0.8667658351556025,0.26,0.18,0.56,0.0
4416,0.8724640134938068,0.9882224875458027,0.06161586195064846,0.00268007063916079,0.5006990589401363,0.8667628421979409,0.16,0.0,0.84,0.5
4417,0.8691332578163694,0.9977094008136868,0.054083279379533736,0.01797506379397734,0.5037727887544016,0.8667621572301556,0.12,0.64,0.24,1.0
4418,0.9162491418911358,0.9954931188454182,0.0867070539937414,0.015607789952658066,0.4713331910097728,0.8667587636937153,0.36,0.5,0.14,0.25
4419,0.8692217721466756,0.9977257494039576,0.0545357171173947,0.017489395179400676,0.5037727887544016,0.8667577516045587,0.12,0.62,0.26,1.0
4420,0.8678839985869219,0.9977043405357457,0.05371654991507952,0.016651373306835554,0.5037727887544016,0.8667571742730016,0.02,0.6,0.38,1.0
4421,0.9172550665606521,0.9967649253871,0.09033412099192953,0.01285204387536003,0.4713331910097728,0.8667559109770305,0.16,0.42,0.42,0.5
4422,0.8757199678764878,0.9979161236474423,0.04938680356067553,0.010509126406961222,0.4713331910097728,0.8667515429636676,0.62,0.26,0.12,1.0
4423,0.8937749201056446,0.9951129991503823,0.07901711867523004,0.017078816168108284,0.5037727887544016,0.8667500599321716,0.0,0.62,0.38,0.75
4424,0.9152185407321868,0.9962203316877449,0.08916342729665437,0.011112621500233866,0.4713331910097728,0.8667489394463275,0.2,0.34,0.46,0.25
4425,0.9156527099362268,0.9951373423809506,0.08952217989308092,0.01044302434118507,0.4713331910097728,0.8667471471249761,0.4,0.28,0.32,0.25
4426,0.9174305023147209,0.9965271522088188,0.089124977131011,0.01473325050822495,0.4713331910097728,0.8667455195703097,0.26,0.48,0.26,0.25
4427,0.9170872144364302,0.9953331362120525,0.0900106812731524,0.012050551663874136,0.4713331910097728,0.8667444103814652,0.44,0.34,0.22,0.25
4428,0.9161933714890625,0.996675861501091,0.0896878973633904,0.012216469300420682,0.4713331910097728,0.86673761851248,0.12,0.4,0.48,0.5
4429,0.9157469313759242,0.9951087173767399,0.09055975003236708,0.009148140406376093,0.4713331910097728,0.8667307171343109,0.44,0.22,0.34,0.25
4430,0.9158394234003869,0.9951323419879556,0.09039030026151851,0.0095537147689891,0.4713331910097728,0.8667297864296261,0.42,0.24,0.34,0.25
4431,0.9159957802970828,0.9952094139135187,0.08931987464989784,0.011410494760351048,0.4713331910097728,0.8667257578335021,0.4,0.32,0.28,0.25
4432,0.9167878021674654,0.9965943281470475,0.08962442563596684,0.013203884032505876,0.4713331910097728,0.8667245488357552,0.24,0.42,0.34,0.25
4433,0.913341647566126,0.9949790365260743,0.0885319395608384,0.00844469278364589,0.4713331910097728,0.8667154718105451,0.26,0.22,0.52,0.25
4434,0.913812899046809,0.9952763053982536,0.08788989636324376,0.01030147277500792,0.4713331910097728,0.8667153360947458,0.24,0.3,0.46,0.25
4435,0.9133550648818712,0.9950090987689901,0.08824013632964996,0.008928427993228913,0.4713331910097728,0.8667114559146996,0.26,0.24,0.5,0.25
4436,0.8756716280458346,0.9978998648845905,0.04985789684843532,0.009952987140786856,0.4713331910097728,0.8667099012632693,0.6,0.24,0.16,1.0
4437,0.9131655091720093,0.9964314860075081,0.0894140718037676,0.008039042083056358,0.4713331910097728,0.8667070982921866,0.04,0.24,0.72,0.5
4438,0.868796722918986,0.997711137477122,0.054323535512031944,0.01741892452780299,0.5037727887544016,0.866703361847511,0.1,0.62,0.28,1.0
4439,0.9113739974770796,0.9968624779642112,0.06373038491469708,0.007039377197063049,0.42371414339073304,0.8667021149528772,0.04,0.2,0.76,0.75
4440,0.915629989606955,0.9951324018729016,0.08998975227018208,0.009959289131602033,0.4713331910097728,0.8667014241219636,0.4,0.26,0.34,0.25
4441,0.9138013885490209,0.9964001062957792,0.08902010759690519,0.009567778565311711,0.4713331910097728,0.8667010818935854,0.06,0.3,0.64,0.5
4442,0.9167082902176314,0.996750942252198,0.0900156031838327,0.012776446426847447,0.4713331910097728,0.8666968049060267,0.14,0.42,0.44,0.5
4443,0.868032028801303,0.9976885907949352,0.0536653335819289,0.017277983224607628,0.5037727887544016,0.8666886768026099,0.06,0.62,0.32,1.0
4444,0.8758119533458529,0.9979287893135314,0.04773083239238941,0.009960613087393844,0.4667881855330919,0.8666868025752701,0.74,0.22,0.04,1.0
4445,0.915413315177891,0.9965974271930055,0.09040843258039723,0.010203353140251049,0.4713331910097728,0.8666865571880772,0.1,0.32,0.58,0.5
4446,0.8757162024616155,0.9979302564947096,0.047309640305827225,0.010446281701970626,0.4667881855330919,0.8666826940111694,0.74,0.24,0.02,1.0
4447,0.9127269414831828,0.9949348713783643,0.08809536684266289,0.008288371089705841,0.4713331910097728,0.8666816678113936,0.22,0.22,0.56,0.25
4448,0.8755788563030563,0.9979554081720494,0.04642627145006392,0.011550934287712466,0.4667881855330919,0.8666792187715511,0.64,0.3,0.06,1.0
4449,0.8569647107165347,0.9949808630169287,0.04340982484229518,0.0039535186762424245,0.4910576463608645,0.8666790580812134,0.0,0.08,0.92,1.0
4450,0.9166860140038907,0.9953266087529334,0.08988099883480638,0.011972390816904118,0.4713331910097728,0.8666761217443679,0.42,0.34,0.24,0.25
4451,0.8931962775767032,0.9949903847233502,0.07794654367432977,0.018048864460599334,0.5037727887544016,0.8666729679998757,0.0,0.66,0.34,0.75
4452,0.8679290978571877,0.9976855366626868,0.05366492995785413,0.017207512573009946,0.5037727887544016,0.8666715499911477,0.04,0.62,0.34,1.0
4453,0.9144042653801172,0.9956400765030186,0.08356274293105016,0.014532618430996284,0.4667881855330919,0.8666678842673115,0.58,0.42,0.0,0.25
4454,0.9153507121975639,0.9951474329943596,0.08921471925598828,0.010848598703798083,0.4713331910097728,0.8666656609101464,0.38,0.3,0.32,0.25
4455,0.9153146824350068,0.9951127895530711,0.09017233971315604,0.009397393075049052,0.4713331910097728,0.8666635857340137,0.38,0.24,0.38,0.25
4456,0.8912445479661992,0.9622880540761063,0.08383018864579851,0.008345466931595599,0.5386766939799044,0.8666607037247263,0.58,0.16,0.26,0.0
4457,0.9133897067158803,0.99525280055693,0.08768448595259296,0.010223311928037895,0.4713331910097728,0.8666597537548212,0.22,0.3,0.48,0.25
4458,0.9174465868411865,0.9966001819005236,0.09026196091099373,0.013609458395118878,0.4713331910097728,0.8666579936324359,0.22,0.44,0.34,0.25
4459,0.9163636340957068,0.9955612379715472,0.0876039005045586,0.01504589389610504,0.4713331910097728,0.8666569332325977,0.34,0.48,0.18,0.25
4460,0.9155778033307088,0.9951231496487374,0.09043683402159125,0.009475553922019077,0.4713331910097728,0.8666521269222558,0.4,0.24,0.36,0.25
4461,0.8758909234342858,0.9979226810490346,0.048000422316950536,0.00989014243579616,0.4667881855330919,0.8666458842829974,0.72,0.22,0.06,1.0
4462,0.9129891425229524,0.9950155214294537,0.0878230089317418,0.00933400235584186,0.4713331910097728,0.8666418852592471,0.24,0.26,0.5,0.25
4463,0.8756541844962721,0.9979335801092152,0.04692489208301826,0.011135736324733369,0.4667881855330919,0.866637711109797,0.66,0.28,0.06,1.0
4464,0.9175062406817679,0.9966943210357101,0.09028739047819237,0.013843940936028948,0.4713331910097728,0.8666357767246083,0.28,0.44,0.28,0.25
4465,0.9175375593056382,0.9967157598463952,0.09270173084587796,0.010430145485788783,0.4713331910097728,0.8666345158483246,0.16,0.32,0.52,0.5
4466,0.8677722265291841,0.9976621815337283,0.05329238569696029,0.01769318118758662,0.5037727887544016,0.8666313451520281,0.04,0.64,0.32,1.0
4467,0.9135996077926872,0.9950187402453037,0.08906478816537253,0.008522853630615912,0.4713331910097728,0.8666294356591426,0.28,0.22,0.5,0.25
4468,0.8751670913060209,0.9978860314620536,0.05048472096940533,0.008699767305242589,0.4713331910097728,0.8666262459848868,0.52,0.2,0.28,1.0
4469,0.8758511549278609,0.9979283401764361,0.047742462950484156,0.01030534039877526,0.4667881855330919,0.8666261943473347,0.7,0.24,0.06,1.0
4470,0.9140337534810794,0.996379625644231,0.08985188471656523,0.009083398887397436,0.4713331910097728,0.8666245950659218,0.06,0.28,0.66,0.5
4471,0.8756042089791407,0.9979383110199529,0.046887805112093166,0.011206206976331054,0.4667881855330919,0.8666200349987557,0.68,0.28,0.04,1.0
4472,0.8681707967786834,0.997678110929377,0.053663270407026724,0.017834122490781982,0.5037727887544016,0.8666181026691953,0.08,0.64,0.28,1.0
4473,0.9168719691008272,0.9953787685409408,0.08999416933948373,0.012456126026487165,0.4713331910097728,0.8666103310945588,0.42,0.36,0.22,0.25
4474,0.8678529411806541,0.9976671220417772,0.05341106512761999,0.0177636518391843,0.5037727887544016,0.8666079628481432,0.06,0.64,0.3,1.0
4475,0.875599918793028,0.9979798112875637,0.046615970598936296,0.01169187559090783,0.4667881855330919,0.866606274120963,0.68,0.3,0.02,1.0
4476,0.9156819162219678,0.9962506634129179,0.08960745677248436,0.011923770225459783,0.4713331910097728,0.866602152282435,0.16,0.38,0.46,0.25
4477,0.916076656776695,0.9966478203751044,0.09137794543199834,0.010278950588763628,0.4713331910097728,0.8665982568787141,0.12,0.32,0.56,0.5
4478,0.9168997721844432,0.9966237765692663,0.09016020545938895,0.013282044879475893,0.4713331910097728,0.8665923315559356,0.26,0.42,0.32,0.25
4479,0.8756112680820944,0.9979541206457094,0.04695551601970961,0.011276677627928732,0.4667881855330919,0.8665908928050594,0.7,0.28,0.02,1.0
4480,0.9170473774520929,0.9954687756148499,0.08996505198674473,0.012939861236070082,0.4713331910097728,0.8665881091111883,0.42,0.38,0.2,0.25
4481,0.8676520850148964,0.997680626097111,0.05372537527986005,0.017137041921412268,0.5037727887544016,0.8665843628506829,0.02,0.62,0.36,1.0
4482,0.8683707347628002,0.997698411926087,0.054354942706569646,0.017348453876205313,0.5037727887544016,0.8665786884975581,0.08,0.62,0.3,1.0
4483,0.9126511629874343,0.995003828893738,0.08776473501135455,0.009255841508871836,0.4713331910097728,0.8665711839868195,0.22,0.26,0.52,0.25
4484,0.91604151363541,0.9967192930582119,0.08980149800947573,0.012700848978334874,0.4713331910097728,0.8665689217366196,0.12,0.42,0.46,0.5
4485,0.9166909335243238,0.9954552116745702,0.08971689028253382,0.01286170038910006,0.4713331910097728,0.8665663778432104,0.4,0.38,0.22,0.25
4486,0.9152940450607862,0.9951250060820648,0.09016049602345083,0.00988112828463201,0.4713331910097728,0.8665658973256608,0.38,0.26,0.36,0.25
4487,0.9144486772533513,0.9950935814566264,0.08910573294883524,0.010130380953304976,0.4713331910097728,0.8665620630472921,0.32,0.28,0.4,0.25
4488,0.8755691273635403,0.9979550189199001,0.04895445271287732,0.01189566159909378,0.4713331910097728,0.866559568147034,0.6,0.32,0.08,1.0
4489,0.9153234615117432,0.9963019848116805,0.08961941893367203,0.011674517556786933,0.4713331910097728,0.8665487130627918,0.22,0.36,0.42,0.25
4490,0.9137179983705392,0.995014099161985,0.08913826006379015,0.009006588840198938,0.4713331910097728,0.8665463101193855,0.28,0.24,0.48,0.25
4491,0.8674579811706992,0.9976580494724511,0.05332050139729968,0.01762271053598894,0.5037727887544016,0.8665424333893205,0.02,0.64,0.34,1.0
4492,0.8973996405973959,0.993111614311005,0.08355339520279026,0.005977396144286566,0.4910576463608645,0.8665413882694417,0.0,0.16,0.84,0.25
4493,0.9154525575891109,0.9966169197429439,0.08928708111471893,0.012625251529822301,0.4713331910097728,0.8665404277557452,0.1,0.42,0.48,0.5
4494,0.9168760225705128,0.9967162389259635,0.09174057827115754,0.011323307393104788,0.4713331910097728,0.8665348243188764,0.14,0.36,0.5,0.5
4495,0.9162299419450478,0.9966986028093525,0.09078508952887102,0.011732089622506388,0.4713331910097728,0.8665322940418894,0.12,0.38,0.5,0.5
4496,0.8756008352940772,0.9979660377499728,0.04691558689429841,0.011621404939310145,0.4667881855330919,0.8665321261822609,0.66,0.3,0.04,1.0
4497,0.9160277021883881,0.9957367607484121,0.08885192272693533,0.013516527420385964,0.4713331910097728,0.8665282522778472,0.32,0.42,0.26,0.25
4498,0.916287943073323,0.9956657372023999,0.08841930304149406,0.014483997839552017,0.4713331910097728,0.8665270045825479,0.32,0.46,0.22,0.25
4499,0.9148065176333402,0.9966577612761482,0.08907690734752544,0.01206527440339553,0.4713331910097728,0.8665253807546109,0.08,0.4,0.52,0.5
4500,0.9157940583333295,0.9956737318426973,0.08892928217893929,0.013032792210803001,0.4713331910097728,0.8665231306078346,0.32,0.4,0.28,0.25
4501,0.9163131877902005,0.9967027348706298,0.09125529012336416,0.011247709944592213,0.4713331910097728,0.86651909232703,0.12,0.36,0.52,0.5
4502,0.9143883714766214,0.9951135680573697,0.08887308103274148,0.010614116162888012,0.4713331910097728,0.8665173514155885,0.32,0.3,0.38,0.25
4503,0.8678805514085279,0.997659277113845,0.05339528607972258,0.018319791105358856,0.5037727887544016,0.8665083941949109,0.08,0.66,0.26,1.0
4504,0.9170529982904722,0.9967448339877011,0.09064801289328278,0.013336423553274305,0.4713331910097728,0.8665048307925923,0.16,0.44,0.4,0.5
4505,0.9144781144076438,0.9950692831397677,0.0896703891696818,0.009646645743721947,0.4713331910097728,0.8665010711420431,0.32,0.26,0.42,0.25
4506,0.9173580224966565,0.9966029964929879,0.09023332931039486,0.014327676145611968,0.4713331910097728,0.8664964643014872,0.28,0.46,0.26,0.25
4507,0.9144378391921969,0.9950401191710426,0.08996908279001653,0.009162910534138985,0.4713331910097728,0.8664951762630566,0.32,0.24,0.44,0.25
4508,0.8968909623045429,0.9933273797716138,0.08254039122526528,0.016619570755112716,0.5037727887544016,0.8664922772004976,0.0,0.6,0.4,0.25
4509,0.9139452417299179,0.9955637531392811,0.08337977473724542,0.01493819279360927,0.4667881855330919,0.8664904072563369,0.56,0.44,0.0,0.25
4510,0.8756297192130328,0.9979060929189794,0.05024566400553372,0.010438655755363537,0.4713331910097728,0.8664892431447587,0.6,0.26,0.14,1.0
4511,0.9157422641454448,0.9966962373539836,0.09082090964216215,0.01117211249607963,0.4713331910097728,0.8664872958090265,0.1,0.36,0.54,0.5
4512,0.9164520778244284,0.9967076753786787,0.09186693446162363,0.010763330266677928,0.4713331910097728,0.8664818930983695,0.12,0.34,0.54,0.5
4513,0.9171799956841077,0.9967155203066109,0.0925875267507141,0.010838927715190495,0.4713331910097728,0.866478406721366,0.14,0.34,0.52,0.5
4514,0.9164040652938791,0.9955182106378121,0.0894912465443131,0.01326727475171307,0.4713331910097728,0.8664737593664685,0.38,0.4,0.22,0.25
4515,0.8927521708706917,0.9949541243885186,0.07782703787757139,0.018533888606844802,0.5037727887544016,0.8664717741926666,0.0,0.68,0.32,0.75
4516,0.9127701490815984,0.9964213953940991,0.08948280495887732,0.008523421760970592,0.4713331910097728,0.8664702685410649,0.04,0.26,0.7,0.5
4517,0.8676345417047125,0.9976434076031425,0.053316402330147256,0.01824932045376118,0.5037727887544016,0.8664690660263442,0.06,0.66,0.28,1.0
4518,0.9155866411183373,0.995183304077042,0.08984468434155242,0.01133233391338102,0.4713331910097728,0.8664633037058888,0.38,0.32,0.3,0.25
4519,0.8892960435543265,0.9621968792457491,0.08339544391608207,0.00697566422195477,0.5386766939799044,0.8664618775316619,0.48,0.12,0.4,0.0
4520,0.914785601458486,0.9965315238098803,0.09056547299591419,0.010127755691738474,0.4713331910097728,0.8664581647687523,0.08,0.32,0.6,0.5
4521,0.8756528662332632,0.9978961220754625,0.05110377286624206,0.009396847874612394,0.4713331910097728,0.8664554553208731,0.58,0.22,0.2,1.0
4522,0.9140841654839686,0.9950263156909787,0.08979625448423204,0.00908474968716896,0.4713331910097728,0.8664525035059085,0.3,0.24,0.46,0.25
4523,0.9159223773455506,0.9967045913039573,0.09146927369282465,0.010687732818165348,0.4713331910097728,0.8664523804770208,0.1,0.34,0.56,0.5
4524,0.9157482220236784,0.9964103466215534,0.09012025798822626,0.012158252766369853,0.4713331910097728,0.8664511368418789,0.22,0.38,0.4,0.25
4525,0.9153836022598473,0.9962544062220459,0.09035916043511845,0.011190782347203887,0.4713331910097728,0.8664429212615591,0.22,0.34,0.44,0.25
4526,0.9134144965233953,0.9950363763619147,0.0885795106355297,0.009895898412394905,0.4713331910097728,0.8664419602366428,0.26,0.28,0.46,0.25
4527,0.912941401151319,0.9950207763334693,0.08813769906801378,0.00981773756542489,0.4713331910097728,0.8664408036616397,0.24,0.28,0.48,0.25
4528,0.9168567661630647,0.9955327926221746,0.09004846577502779,0.013345435598683094,0.4713331910097728,0.8664353452713165,0.4,0.4,0.2,0.25
4529,0.9126832388585172,0.9963738467469374,0.0891550315954351,0.009007801438884858,0.4713331910097728,0.8664347626426782,0.04,0.28,0.68,0.5
4530,0.9153503188360279,0.9967021060786964,0.09098831343990035,0.010612135369652775,0.4713331910097728,0.8664342854244292,0.08,0.34,0.58,0.5
4531,0.9164749281630051,0.9953624349219062,0.09025013806534293,0.012377965179517142,0.4713331910097728,0.8664305439774671,0.4,0.36,0.24,0.25
4532,0.9133816555452433,0.9950170335243413,0.08891090938926467,0.009412163202811883,0.4713331910097728,0.8664303320917638,0.26,0.26,0.48,0.25
4533,0.9150036588449844,0.9951137177697349,0.0903786257875878,0.009802967437661986,0.4713331910097728,0.8664297814376666,0.36,0.26,0.38,0.25
4534,0.8908204809342216,0.9622348463015432,0.0848485327021303,0.007379285449092121,0.5386766939799044,0.8664249067614516,0.58,0.12,0.3,0.0
4535,0.9132808816844854,0.9950667080870876,0.08819431380493284,0.01037963362197794,0.4713331910097728,0.8664208228132828,0.26,0.3,0.44,0.25
4536,0.9154785953692495,0.9951173108664978,0.09142520819366216,0.009069979559406074,0.4713331910097728,0.8664174190856868,0.42,0.22,0.36,0.25
4537,0.9143235525220283,0.995044371002212,0.09046683814785357,0.00867917532455596,0.4713331910097728,0.8664146532413325,0.32,0.22,0.46,0.25
4538,0.9173682480530745,0.9954950950486378,0.0908778886161141,0.013018022083040107,0.4713331910097728,0.8664092970614904,0.44,0.38,0.18,0.25
4539,0.8757549754393562,0.9979271724199881,0.04810751326697504,0.010720538361754262,0.4667881855330919,0.8664087944884651,0.68,0.26,0.06,1.0
4540,0.9154048017529545,0.9951106935799595,0.09143709141931759,0.008991818712436052,0.4713331910097728,0.866406491803067,0.4,0.22,0.38,0.25
4541,0.8756769288265875,0.9979312445963193,0.048004069983721046,0.010791009013351945,0.4667881855330919,0.8664017446231174,0.7,0.26,0.04,1.0
4542,0.9152209745328641,0.995110154615445,0.09132080112621582,0.008913657865466027,0.4713331910097728,0.866400449247589,0.38,0.22,0.4,0.25
4543,0.9168098308351652,0.99671561013403,0.09181590197324555,0.011807687071018955,0.4713331910097728,0.8663962627176065,0.14,0.38,0.48,0.5
4544,0.9144000414706561,0.9981996189820308,0.07966324408308349,0.015457069987487172,0.45615374113536183,0.8663956490253499,0.22,0.52,0.26,0.75
4545,0.8756407128097453,0.9979325021801864,0.04794708870031017,0.010861479664949625,0.4667881855330919,0.8663934156483253,0.72,0.26,0.02,1.0
4546,0.873702258492324,0.9882811747929291,0.06382315239907123,0.003284850227261396,0.5006990589401363,0.8663852734701967,0.32,0.0,0.68,0.5
4547,0.9159259338696532,0.9957318501828363,0.08899237119185585,0.013922101782998972,0.4713331910097728,0.8663753454640994,0.3,0.44,0.26,0.25
4548,0.9169489509455994,0.9966931832217353,0.09303336824483159,0.010354548037276201,0.4713331910097728,0.8663739760101478,0.14,0.32,0.54,0.5
4549,0.9150510417800714,0.9951314137712919,0.0899710392024298,0.010770437856828059,0.4713331910097728,0.8663707612636211,0.36,0.3,0.34,0.25
4550,0.9160522616805797,0.9964506342190067,0.09070881799249783,0.012236413613339873,0.4713331910097728,0.8663629371892877,0.24,0.38,0.38,0.25
4551,0.8675076008530246,0.9976386168074587,0.05360343581847126,0.018178849802163492,0.5037727887544016,0.8663615389237702,0.04,0.66,0.3,1.0
4552,0.9139522038183182,0.9950313160839737,0.09031781079162318,0.008601014477585933,0.4713331910097728,0.8663599227674358,0.3,0.22,0.48,0.25
4553,0.9161888829232658,0.9957472705564434,0.0892785067241913,0.014000262629968997,0.4713331910097728,0.8663583498041258,0.32,0.44,0.24,0.25
4554,0.9121913228288808,0.9968909233135838,0.0654516243500601,0.007524401343308549,0.42371414339073304,0.8663579298120582,0.04,0.22,0.74,0.75
4555,0.8748879432240589,0.9978812556376062,0.051188896829868796,0.00862929665364491,0.4713331910097728,0.86635269711259,0.5,0.2,0.3,1.0
4556,0.9159003893245031,0.995499751103193,0.0894410243465267,0.013189113904743047,0.4713331910097728,0.8663500108779946,0.36,0.4,0.24,0.25
4557,0.9173858683660487,0.9965194869357248,0.09040111902981016,0.014811411355194976,0.4713331910097728,0.8663471307075763,0.28,0.48,0.24,0.25
4558,0.9113923914296294,0.996987218306828,0.06445567294064411,0.00793639143949893,0.42371414339073304,0.8663376674538975,0.02,0.24,0.74,0.75
4559,0.9164912335440546,0.9956687913346484,0.08924186094956103,0.014562158686522038,0.4713331910097728,0.8663354776312482,0.34,0.46,0.2,0.25
4560,0.9156806412652733,0.9966896200674454,0.09095072073226435,0.011656492173993806,0.4713331910097728,0.866333484853223,0.1,0.38,0.52,0.5
4561,0.9153438023545127,0.9951280602143132,0.09069636011696368,0.010364863494215044,0.4713331910097728,0.866329917897639,0.38,0.28,0.34,0.25
4562,0.9142813790481875,0.9967014174018167,0.09029177782041484,0.0105365379211402,0.4713331910097728,0.8663295973730546,0.06,0.34,0.6,0.5
4563,0.9138278283065185,0.996629735121398,0.08878170739273004,0.011989676954882957,0.4713331910097728,0.8663278662252253,0.06,0.4,0.54,0.5
4564,0.9141771722512414,0.995085931154769,0.08969465035018606,0.01005222010633495,0.4713331910097728,0.86632517052789,0.3,0.28,0.42,0.25
4565,0.9168728973195625,0.9955509677033,0.09012459521713659,0.013829170808266062,0.4713331910097728,0.8663241975247988,0.4,0.42,0.18,0.25
4566,0.911949279519907,0.9963649238899763,0.08884341568822453,0.008932203990372282,0.4713331910097728,0.8663182692470524,0.02,0.28,0.7,0.5
4567,0.8671968270582081,0.9976343050913432,0.05347761416434947,0.018108379150565814,0.5037727887544016,0.8663180586135151,0.02,0.66,0.32,1.0
4568,0.9165446715276266,0.9955096470905274,0.08951790032752008,0.01423474517087906,0.4713331910097728,0.866313471964496,0.38,0.44,0.18,0.25
4569,0.915688208725916,0.9957122079205327,0.08928518014052195,0.01343836657341594,0.4713331910097728,0.8663133418199157,0.3,0.42,0.28,0.25
4570,0.9162321573003387,0.995288192560044,0.09071119058035947,0.011894229969934096,0.4713331910097728,0.8663102917709037,0.4,0.34,0.26,0.25
4571,0.9259992460699449,0.9972490352909472,0.07647268042435375,0.009449500848882266,0.41916913791405225,0.8663072482696166,0.7,0.2,0.1,0.75
4572,0.8741825445331008,0.9883125245621849,0.06450463009920462,0.003436045124286546,0.5006990589401363,0.8663071898687214,0.36,0.0,0.64,0.5
4573,0.9140386556232887,0.9951041661208403,0.08930759245090333,0.010535955315917986,0.4713331910097728,0.8663012850448647,0.3,0.3,0.4,0.25
4574,0.8912158598267401,0.9627899947226392,0.08559489149088742,0.007940590973145227,0.5386766939799044,0.866299177962908,0.36,0.18,0.46,0.0
4575,0.8758692180420162,0.997920734788288,0.04894162199302561,0.010234869747177583,0.4667881855330919,0.8662985624428963,0.68,0.24,0.08,1.0
4576,0.9144341721431728,0.9966004214403078,0.08911334513700447,0.012549654081309727,0.4713331910097728,0.8662976864729655,0.08,0.42,0.5,0.5
4577,0.912406454353162,0.9963595641873051,0.08900457849957458,0.009492181116799133,0.4713331910097728,0.8662961205586006,0.04,0.3,0.66,0.5
4578,0.873927752434846,0.9882909959240809,0.0643306085580355,0.003360447675773973,0.5006990589401363,0.8662928544361223,0.34,0.0,0.66,0.5
4579,0.9150073914231812,0.9950851227079972,0.09151688536822597,0.008835497018496003,0.4713331910097728,0.8662916737452521,0.36,0.22,0.42,0.25
4580,0.8759020294994022,0.997918189678081,0.04929684056778804,0.009819671784198486,0.4667881855330919,0.8662885692909287,0.7,0.22,0.08,1.0
4581,0.9165782260551236,0.9957569120327571,0.09022511444738608,0.01359468826735599,0.4713331910097728,0.8662845805840689,0.34,0.42,0.24,0.25
4582,0.8744034627461141,0.988322734945486,0.0647822325331693,0.0035116425727991243,0.5006990589401363,0.866279778269454,0.38,0.0,0.62,0.5
4583,0.9161996434402565,0.9954375156730132,0.09025017825578183,0.012783539542130032,0.4713331910097728,0.8662780942042765,0.38,0.38,0.24,0.25
4584,0.9153292508489307,0.9956556915027004,0.08934780932539624,0.012954631363832982,0.4713331910097728,0.8662758530731752,0.3,0.4,0.3,0.25
4585,0.8972845536004292,0.9948647760490158,0.08484590481477348,0.016122301710573474,0.5037727887544016,0.8662751872353246,0.0,0.58,0.42,0.5
4586,0.9150423253814539,0.995100034059563,0.09128865639587175,0.009319232228079028,0.4713331910097728,0.8662734965548725,0.36,0.24,0.4,0.25
4587,0.9147403486819065,0.9951130889778014,0.090365466105407,0.010208541800275,0.4713331910097728,0.8662733762790751,0.34,0.28,0.38,0.25
4588,0.8726752994314592,0.9882313056041081,0.06346675317197381,0.0028312655361859423,0.5006990589401363,0.8662632573913311,0.2,0.0,0.8,0.5
4589,0.9147117642064034,0.995118867875095,0.09003971305965125,0.010692277009858038,0.4713331910097728,0.8662629131898348,0.34,0.3,0.36,0.25
4590,0.8754234362383109,0.9978888759969908,0.05162916978614726,0.009255906571417033,0.4713331910097728,0.8662621301650866,0.54,0.22,0.24,1.0
4591,0.9147658088530305,0.9950928778085104,0.09076168503227827,0.009724806590691965,0.4713331910097728,0.8662604050807544,0.34,0.26,0.4,0.25
4592,0.9137130006822234,0.995091754965772,0.08916024284517167,0.010457794468947967,0.4713331910097728,0.8662598751677721,0.28,0.3,0.42,0.25
4593,0.8755681834737684,0.9978923792663346,0.051740813905729856,0.009326377223014715,0.4713331910097728,0.8662597720122727,0.56,0.22,0.22,1.0
4594,0.8728116985574532,0.9882387762511275,0.06357323851094134,0.0029068629846985177,0.5006990589401363,0.8662594530623885,0.22,0.0,0.78,0.5
4595,0.9119916543771156,0.9963824701791683,0.08946704759567245,0.008447824312458017,0.4713331910097728,0.8662505474511335,0.02,0.26,0.72,0.5
4596,0.8755968326630594,0.9978995355173872,0.051445502480516714,0.009882516489189174,0.4713331910097728,0.8662434212192176,0.58,0.24,0.18,1.0
4597,0.8905470599053784,0.9627455750639085,0.08553588758103038,0.007296051741038483,0.5386766939799044,0.86623780781374,0.32,0.16,0.52,0.0
4598,0.9101522489443895,0.9968446023078161,0.06413797675373162,0.006966343147007923,0.42371414339073304,0.8662299097096455,0.02,0.2,0.78,0.75
4599,0.9146793148400124,0.9950543119032559,0.09143928259939066,0.008757336171525982,0.4713331910097728,0.8662266527449358,0.34,0.22,0.44,0.25
4600,0.8755502343271396,0.9979200161689354,0.050484690994603745,0.011339522332919424,0.4713331910097728,0.8662183442406189,0.58,0.3,0.12,1.0
4601,0.9138045828915199,0.9950311663716086,0.09005167913165443,0.009490324049781906,0.4713331910097728,0.8662145414833143,0.28,0.26,0.46,0.25
4602,0.9157734990622091,0.9952546569902575,0.09061205270745673,0.011816069122964071,0.4713331910097728,0.866211901276911,0.38,0.34,0.28,0.25
4603,0.8731127466526755,0.9882554542086017,0.06395500012630201,0.0030580578817236696,0.5006990589401363,0.8662118770873148,0.26,0.0,0.74,0.5
4604,0.914710873112331,0.995074672784912,0.09121467060413532,0.009241071381109007,0.4713331910097728,0.866207236639299,0.34,0.24,0.42,0.25
4605,0.8910694877418358,0.9622543987364276,0.08554315672952499,0.007862376190343833,0.5386766939799044,0.8662054973927972,0.58,0.14,0.28,0.0
4606,0.8902238834718673,0.9622158328311731,0.08509371164903044,0.007217836958237181,0.5386766939799044,0.866204621510196,0.54,0.12,0.34,0.0
4607,0.9170464163725717,0.9957281972011274,0.09058586631621604,0.014156584323909042,0.4713331910097728,0.8662042602568176,0.36,0.44,0.2,0.25
4608,0.8896218518667726,0.9622027180279887,0.08457835687591153,0.00705638846738224,0.5386766939799044,0.8662030344614564,0.5,0.12,0.38,0.0
4609,0.8912573695480239,0.9628024358201804,0.08605892379406413,0.007859866727717758,0.5386766939799044,0.8661957504724889,0.34,0.18,0.48,0.0
4610,0.8852658943135048,0.9627178782763616,0.07802884934900946,0.0199346257963856,0.5513918363734412,0.8661949335318271,0.1,0.72,0.18,0.0
4611,0.8970610788699295,0.9948125264335894,0.08457006167533405,0.016606681388487764,0.5037727887544016,0.8661830229441444,0.0,0.6,0.4,0.5
4612,0.8754299830674398,0.9978894598752147,0.05157874652133179,0.009741575185993815,0.4713331910097728,0.8661815971514625,0.54,0.24,0.22,1.0
4613,0.9150046154532598,0.9951202901425636,0.09091247517934029,0.010286702647245027,0.4713331910097728,0.8661802708601444,0.36,0.28,0.36,0.25
4614,0.9150470346904095,0.9958449129609738,0.0903210077192389,0.011752678403756957,0.4713331910097728,0.8661791563370556,0.24,0.36,0.4,0.25
4615,0.8752220238938498,0.997886630311514,0.051762167360001214,0.009185435919819351,0.4713331910097728,0.8661770887511965,0.52,0.22,0.26,1.0
4616,0.8971587476192954,0.9933658857919223,0.08430142016677879,0.01613583554552966,0.5037727887544016,0.8661670101957296,0.0,0.58,0.42,0.25
4617,0.8897384064384143,0.9626686528507106,0.0847980665037432,0.0074575002318934235,0.5386766939799044,0.8661642739053532,0.36,0.16,0.48,0.0
4618,0.8729536691904648,0.9882468607188439,0.06402006668509752,0.0029824604332110934,0.5006990589401363,0.8661592100745501,0.24,0.0,0.76,0.5
4619,0.9136757152665212,0.9964280126806373,0.09047243776042237,0.010052158243225901,0.4713331910097728,0.8661516360260534,0.06,0.32,0.62,0.5
4620,0.8755446761396766,0.9978931877131062,0.051757155020486084,0.009812045837591495,0.4713331910097728,0.8661509923071012,0.56,0.24,0.2,1.0
4621,0.8753969559180442,0.9978995654598602,0.05081939137527418,0.010987169074931016,0.4713331910097728,0.8661431896472513,0.48,0.3,0.22,1.0
4622,0.9141799383856294,0.9950521859876712,0.09065461520958727,0.009568484896751927,0.4713331910097728,0.8661406983266413,0.3,0.26,0.44,0.25
4623,0.8752823865978386,0.9978989666103998,0.051052749359108245,0.010501500460354236,0.4713331910097728,0.86613852986548,0.48,0.28,0.24,1.0
4624,0.8909970616936773,0.9622772149008717,0.08544207968802754,0.008264742686168131,0.5386766939799044,0.8661358833731545,0.56,0.16,0.28,0.0
4625,0.9151609295183631,0.995574921681719,0.08996142289965674,0.012470896154249938,0.4713331910097728,0.8661329367906527,0.3,0.38,0.32,0.25
4626,0.875359531029697,0.9979049551050045,0.051109527297584764,0.01057197111195192,0.4713331910097728,0.8661320946888543,0.5,0.28,0.22,1.0
4627,0.8908307736661011,0.962287140830679,0.08504347592038264,0.008667109181992465,0.5386766939799044,0.86612202529096,0.54,0.18,0.28,0.0
4628,0.9140208496387615,0.9981873725105641,0.08026242537178765,0.015384035937432048,0.45615374113536183,0.8661217741403112,0.2,0.52,0.28,0.75
4629,0.8914078547422974,0.9628183951583021,0.08653698231340642,0.007779142482290285,0.5386766939799044,0.8661214962495527,0.32,0.18,0.5,0.0
4630,0.9137684342997401,0.9950636539548393,0.09004613212310555,0.009974059259364933,0.4713331910097728,0.8661134235296936,0.28,0.28,0.44,0.25
4631,0.9118365388339091,0.9963460601319715,0.08910133296885886,0.009416583668286556,0.4713331910097728,0.8661103223456232,0.02,0.3,0.68,0.5
4632,0.9159484507515405,0.9966797689938206,0.09094424330456806,0.013185228656249161,0.4713331910097728,0.8661084717321714,0.12,0.44,0.44,0.5
4633,0.9150914824282624,0.9966873444394956,0.09118536138968704,0.011580894725481235,0.4713331910097728,0.866103812365059,0.08,0.38,0.54,0.5
4634,0.9164427307491694,0.9966956085620502,0.09143279543331094,0.013260826104761732,0.4713331910097728,0.8661030458303214,0.14,0.44,0.42,0.5
4635,0.9160136073507418,0.9953458767343242,0.09096279375928272,0.012299804332547114,0.4713331910097728,0.8660996672079432,0.38,0.36,0.26,0.25
4636,0.8895008446135291,0.9622377806638995,0.08456216426186629,0.007458754963206484,0.5386766939799044,0.8660961905825015,0.48,0.14,0.38,0.0
4637,0.9110698105479276,0.9968768204087897,0.0652454718790862,0.00745136729325342,0.42371414339073304,0.8660934505315724,0.02,0.22,0.76,0.75
4638,0.8749671451831358,0.9978832767545354,0.051879166010681654,0.009114965268221671,0.4713331910097728,0.8660804575601294,0.5,0.22,0.28,1.0
4639,0.890533816659463,0.9622260432144741,0.08581735357765129,0.007298561203664653,0.5386766939799044,0.8660741892505242,0.56,0.12,0.32,0.0
4640,0.9154038467612142,0.9954799441572878,0.08992880042730429,0.013110953057773028,0.4713331910097728,0.8660729668099557,0.34,0.4,0.26,0.25
4641,0.875573682598581,0.9979744515848925,0.04825387123395522,0.011966132250691461,0.4667881855330919,0.8660701497505494,0.62,0.32,0.06,1.0
4642,0.889908205806763,0.9622164616231066,0.0852980749382602,0.00713711271280971,0.5386766939799044,0.8660671905977579,0.52,0.12,0.36,0.0
4643,0.8909391954233638,0.9627549770004379,0.08604545503412704,0.0080213152185727,0.5386766939799044,0.866064775976592,0.38,0.18,0.44,0.0
4644,0.8755459956018236,0.9979218426597899,0.051112734657325014,0.01119858102972406,0.4713331910097728,0.8660643197617575,0.54,0.3,0.16,1.0
4645,0.9152789412278853,0.9966949797701167,0.0918774341581872,0.011096515047567061,0.4713331910097728,0.866058381249912,0.08,0.36,0.56,0.5
4646,0.8755232700911474,0.9979078595248878,0.05121527404190584,0.011057639726528696,0.4713331910097728,0.8660540062866323,0.5,0.3,0.2,1.0
4647,0.874639381210194,0.9978760306760636,0.05201381258235941,0.008558826002047229,0.4713331910097728,0.8660534185214647,0.48,0.2,0.32,1.0
4648,0.9166661718565349,0.9957548759445914,0.09079187691636366,0.01407842347693902,0.4713331910097728,0.8660503787886795,0.34,0.44,0.22,0.25
4649,0.9157000929139605,0.9954187716849003,0.09056910890016473,0.01270537869516001,0.4713331910097728,0.8660490256857571,0.36,0.38,0.26,0.25
4650,0.9143610280495551,0.9951377615755729,0.09015333981820749,0.011097851372470952,0.4713331910097728,0.8660466257731131,0.32,0.32,0.36,0.25
4651,0.9165233910986624,0.995548362708147,0.09079323020615117,0.013751009961296034,0.4713331910097728,0.8660416598020866,0.38,0.42,0.2,0.25
4652,0.8732925706837243,0.9882627302295465,0.06469078452160267,0.003133655330236246,0.5006990589401363,0.866039493710416,0.28,0.0,0.72,0.5
4653,0.8755376407427085,0.9979951418337519,0.04825326961907577,0.012107073553886823,0.4667881855330919,0.866034426059838,0.66,0.32,0.02,1.0
4654,0.9131716412571353,0.9966220698483039,0.08921576009872417,0.011914079506370382,0.4713331910097728,0.8660197386718644,0.04,0.4,0.56,0.5
4655,0.9153388273056983,0.9952379490903103,0.09087662533794529,0.011737908275994049,0.4713331910097728,0.8660182862099676,0.36,0.34,0.3,0.25
4656,0.873493897939103,0.9882716830289806,0.0649299602450613,0.00320925277874882,0.5006990589401363,0.8660171037912152,0.3,0.0,0.7,0.5
4657,0.9137151788314616,0.9952975346116274,0.08988481719690668,0.01078520798459086,0.4713331910097728,0.8660168448914927,0.24,0.32,0.44,0.25
4658,0.9132623688329536,0.9966889014480929,0.09003039121765623,0.010945320150541909,0.4713331910097728,0.8660156807006565,0.04,0.36,0.6,0.5
4659,0.8725329707160104,0.9979339693613645,0.04628141978710362,0.010516752353568307,0.4667881855330919,0.866010869015827,0.76,0.24,0.0,1.0
4660,0.9138692920099525,0.9964421754703775,0.06882213006348302,0.006585903049313624,0.42371414339073304,0.8660091856730892,0.04,0.18,0.78,0.5
4661,0.9136937308508956,0.9953078348223475,0.08955936970931146,0.011268943194173915,0.4713331910097728,0.866009112782299,0.24,0.34,0.42,0.25
4662,0.8757559279351159,0.9979951418337519,0.0508138242539687,0.012310859562072887,0.4713331910097728,0.8660020859426881,0.58,0.34,0.08,1.0
4663,0.9258587783219181,0.9972404717436625,0.0774931070307848,0.00930343274877201,0.41916913791405225,0.8659986041522,0.66,0.2,0.14,0.75
4664,0.91355800623833,0.9952760658584694,0.08982786966462708,0.010707047137620839,0.4713331910097728,0.8659985365544556,0.22,0.32,0.46,0.25
4665,0.925917207192619,0.9972463404683751,0.07753193065883786,0.009376466798827142,0.41916913791405225,0.865991204180974,0.68,0.2,0.12,0.75
4666,0.8752965142102856,0.9978920199566582,0.05148362701872206,0.010642441763549601,0.4713331910097728,0.865989212877963,0.52,0.28,0.2,1.0
4667,0.8755610899825444,0.9979178004259317,0.05145608108256928,0.01112811037812638,0.4713331910097728,0.8659832670342131,0.52,0.3,0.18,1.0
4668,0.8834500726356183,0.9626093368116506,0.0766759991362354,0.020175543801354893,0.5513918363734412,0.8659760722663676,0.04,0.74,0.22,0.0
4669,0.8754877426369904,0.9979134887098162,0.05130482316167308,0.011269051681321742,0.4713331910097728,0.865976071622965,0.56,0.3,0.14,1.0
4670,0.8904525322396654,0.9622514344315983,0.08580870502134072,0.007700927699488897,0.5386766939799044,0.8659756347538488,0.54,0.14,0.32,0.0
4671,0.8967385411446849,0.9947494077004555,0.08460825469392397,0.017091061066401982,0.5037727887544016,0.8659688977053147,0.0,0.62,0.38,0.5
4672,0.9161329637836875,0.9955419849613929,0.09069115660396035,0.013672849114326013,0.4713331910097728,0.8659686593309123,0.36,0.42,0.22,0.25
4673,0.8963182121186938,0.9946586520647207,0.08380820950054392,0.01757544074431616,0.5037727887544016,0.8659631539631697,0.0,0.64,0.36,0.5
4674,0.9142714298233513,0.9966942611507641,0.09121906195158366,0.011020917599054488,0.4713331910097728,0.8659611055888565,0.06,0.36,0.58,0.5
4675,0.8753987481749386,0.9978970502921263,0.051989920756393894,0.0102272438005705,0.4713331910097728,0.8659575917173604,0.54,0.26,0.2,1.0
4676,0.8898109225100865,0.9622337384300412,0.08531361830802152,0.007539479208633952,0.5386766939799044,0.8659556389621357,0.5,0.14,0.36,0.0
4677,0.8755201536366423,0.9980197844890504,0.04991035973652679,0.013556453451010069,0.4713331910097728,0.8659466160294399,0.52,0.4,0.08,1.0
4678,0.9151526302280786,0.9956391782288279,0.0903743710588188,0.012876470516862958,0.4713331910097728,0.8659398189608377,0.28,0.4,0.32,0.25
4679,0.8960397134645621,0.9946195172524787,0.08327179293573818,0.018059820422230536,0.5037727887544016,0.8659316353130901,0.0,0.66,0.34,0.5
4680,0.8951406965887364,0.994557925585469,0.08163687891566171,0.01902857977805893,0.5037727887544016,0.865930676098934,0.0,0.7,0.3,0.5
4681,0.9130482530960622,0.9966962074115107,0.0904421523049311,0.010460940472627623,0.4713331910097728,0.8659306086739559,0.04,0.34,0.62,0.5
4682,0.890117593881868,0.9622419426676497,0.08567290214499282,0.007620203454061425,0.5386766939799044,0.8659290587582518,0.52,0.14,0.34,0.0
4683,0.8884228044183331,0.962209395199473,0.08423708715680801,0.007135857981496608,0.5386766939799044,0.8659268975260955,0.4,0.14,0.46,0.0
4684,0.8756498729875176,0.9980089752562888,0.04851504672885383,0.01245180086526825,0.4667881855330919,0.8659256923767661,0.62,0.34,0.04,1.0
4685,0.8726084497846038,0.9979308852866431,0.04694866596873078,0.010101554390589207,0.4667881855330919,0.8659235631663355,0.78,0.22,0.0,1.0
4686,0.9151724489371713,0.9951721654770772,0.0913359902147303,0.011254173066411001,0.4713331910097728,0.865922707513402,0.36,0.32,0.32,0.25
4687,0.9127357959981904,0.9966176982472424,0.08915885290013424,0.011838482057857804,0.4713331910097728,0.8659198687903634,0.02,0.4,0.58,0.5
4688,0.9147356877979756,0.9953734088382695,0.0901007542363448,0.012549057001219962,0.4713331910097728,0.865919302652929,0.32,0.38,0.3,0.25
4689,0.8907877801437506,0.9622522728208429,0.08630541929116944,0.007781651944916366,0.5386766939799044,0.8659168685916114,0.56,0.14,0.3,0.0
4690,0.8751811639568421,0.9978966909824499,0.05142713703019137,0.010916698423333334,0.4713331910097728,0.8659167566891044,0.46,0.3,0.24,1.0
4691,0.8755241205568878,0.9980149038659476,0.05007104620838328,0.013485982799412388,0.4713331910097728,0.8659148038271506,0.5,0.4,0.1,1.0
4692,0.9154893191891785,0.9953188835948933,0.09111005709485621,0.012221643485577091,0.4713331910097728,0.8659114727411663,0.36,0.36,0.28,0.25
4693,0.8756533032991403,0.9979588814989202,0.05134028351157128,0.011825190947496097,0.4713331910097728,0.8659110891925513,0.58,0.32,0.1,1.0
4694,0.8886904221212042,0.9622050086271751,0.084513718758097,0.007216582226924078,0.5386766939799044,0.8659105609941601,0.42,0.14,0.44,0.0
4695,0.875089920371092,0.9978851631303358,0.052267353432741054,0.009600633882798443,0.4713331910097728,0.8659084321362229,0.5,0.24,0.26,1.0
4696,0.8741032160076919,0.9978674671287788,0.05205321887553117,0.008417884698851867,0.4713331910097728,0.8659081024365127,0.44,0.2,0.36,1.0
4697,0.873085222274258,0.9978535887925324,0.051286419151169035,0.007995060789265785,0.4713331910097728,0.8659064389799012,0.32,0.2,0.48,1.0
4698,0.9135596610854116,0.9965787131473656,0.08961015069482466,0.01247405663279715,0.4713331910097728,0.8659038486184876,0.06,0.42,0.52,0.5
4699,0.8754962228263035,0.9980068493407042,0.04838758888783136,0.012522271516865925,0.4667881855330919,0.8659019608697777,0.64,0.34,0.02,1.0
4700,0.9129330713146732,0.996689111045404,0.09015023956264011,0.01086972270202933,0.4713331910097728,0.865897461451878,0.02,0.36,0.62,0.5
4701,0.8905785580117985,0.962295270212105,0.08562466376994829,0.008586384936564995,0.5386766939799044,0.8658960294852901,0.52,0.18,0.3,0.0
4702,0.8755711586109892,0.9979849314504509,0.04885470635542238,0.012036602902289143,0.4667881855330919,0.8658835060337594,0.64,0.32,0.04,1.0
4703,0.9147364245163871,0.9951497984497285,0.09106495652595788,0.011176012219440971,0.4713331910097728,0.8658823810941996,0.34,0.32,0.34,0.25
4704,0.8901398144094886,0.9627085362247781,0.08627843715474176,0.007376775986465955,0.5386766939799044,0.8658796789724965,0.34,0.16,0.5,0.0
4705,0.9141537427130519,0.9953176559534993,0.09077994958008564,0.010863368831560881,0.4713331910097728,0.8658775194778263,0.26,0.32,0.42,0.25
4706,0.9124673916735129,0.9963747749636012,0.0902159186829553,0.009976560794713325,0.4713331910097728,0.865870288540489,0.04,0.32,0.64,0.5
4707,0.9139757622784369,0.9951249162546457,0.0904534056419109,0.011019690525500926,0.4713331910097728,0.8658581707178732,0.3,0.32,0.38,0.25
4708,0.8734865328601812,0.9978527054895782,0.051772096876563416,0.008206472744058826,0.4713331910097728,0.8658442803000971,0.38,0.2,0.42,1.0
4709,0.913982599961365,0.9953458318206146,0.09040271482390588,0.011347104041143929,0.4713331910097728,0.8658425029328691,0.26,0.34,0.4,0.25
4710,0.8756099075525172,0.9979200461114085,0.05218732314016784,0.010853853718342642,0.4713331910097728,0.8658421086319459,0.58,0.28,0.14,1.0
4711,0.8753189588338065,0.9978914510496708,0.05235790165676184,0.010156773148972818,0.4713331910097728,0.8658407323149515,0.52,0.26,0.22,1.0
4712,0.8755405165758054,0.9980145744987443,0.05042570983091174,0.013415512147814708,0.4713331910097728,0.8658314330681838,0.48,0.4,0.12,1.0
4713,0.8732706682467857,0.997857556170208,0.05170494557674133,0.008065531440863468,0.4713331910097728,0.8658278125482604,0.34,0.2,0.46,1.0
4714,0.873378341823685,0.9978555799669884,0.05178682690459272,0.008136002092461146,0.4713331910097728,0.8658220981034012,0.36,0.2,0.44,1.0
4715,0.8757193717707048,0.9980110712294005,0.05112613466800217,0.012726057525052006,0.4713331910097728,0.8658203551730075,0.56,0.36,0.08,1.0
4716,0.8753730339824399,0.9979013620082416,0.05212121650533556,0.010712912415147281,0.4713331910097728,0.8658155065489352,0.54,0.28,0.18,1.0
4717,0.8904796737197985,0.9627161416129262,0.08636198256827807,0.008102039464000172,0.5386766939799044,0.8658136187675454,0.4,0.18,0.42,0.0
4718,0.8756369048286349,0.9980178681707769,0.0507902444869041,0.013141255488030983,0.4713331910097728,0.8658105124587079,0.54,0.38,0.08,1.0
4719,0.8751009282679668,0.997896720924923,0.05205513849913654,0.010431029808756558,0.4713331910097728,0.8658086212757446,0.46,0.28,0.26,1.0
4720,0.8756344787796237,0.9980279288417129,0.048583047326157286,0.012937469479845051,0.4667881855330919,0.8658071626043946,0.62,0.36,0.02,1.0
4721,0.856951994258211,0.9949808031319827,0.04609132004275189,0.004439187290819171,0.4910576463608645,0.8658043844724858,0.0,0.1,0.9,1.0
4722,0.8757342312547546,0.9979783141639126,0.05153500430443019,0.012240388910475209,0.4713331910097728,0.8657990583419456,0.56,0.34,0.1,1.0
4723,0.8839325379683666,0.9626350274535049,0.07775141552138426,0.020256268046782364,0.5513918363734412,0.8657982210362357,0.06,0.74,0.2,0.0
4724,0.8963544113951729,0.993278453770693,0.08370178067288807,0.01758704117427861,0.5037727887544016,0.8657953727843901,0.0,0.64,0.36,0.25
4725,0.9127774394017011,0.9966556054180905,0.08999344922654715,0.011354102379943502,0.4713331910097728,0.8657941102263746,0.02,0.38,0.6,0.5
4726,0.8757023307619626,0.9980200240288346,0.04875044213039585,0.012866998828247364,0.4667881855330919,0.8657921266766949,0.6,0.36,0.04,1.0
4727,0.8754776220347132,0.9978959424206244,0.05259759511753079,0.01029771445216818,0.4713331910097728,0.8657916558067906,0.56,0.26,0.18,1.0
4728,0.9150071979314013,0.9953072659153601,0.09108199538332243,0.01214348263860707,0.4713331910097728,0.8657888227797108,0.34,0.36,0.3,0.25
4729,0.872481057713048,0.9979844523708824,0.04616475319973005,0.011762346242505512,0.4667881855330919,0.8657874116499867,0.7,0.3,0.0,1.0
4730,0.9123903871400098,0.9966834818604755,0.09030372883220322,0.010385343024115047,0.4713331910097728,0.865786400115717,0.02,0.34,0.64,0.5
4731,0.8748669029013216,0.997898008451263,0.05222999980666379,0.009945361194179776,0.4713331910097728,0.8657852862093748,0.46,0.26,0.28,1.0
4732,0.8739077323103873,0.9978619277712695,0.052322763984985046,0.008347414047254191,0.4713331910097728,0.8657849462754734,0.42,0.2,0.38,1.0
4733,0.8743685239265476,0.9978695331594175,0.05271551115390326,0.008488355350449549,0.4713331910097728,0.8657828134293203,0.46,0.2,0.34,1.0
4734,0.8755744516205896,0.9979026495345816,0.052725400199843696,0.010368185103765859,0.4713331910097728,0.8657707398676368,0.58,0.26,0.16,1.0
4735,0.8756671103913324,0.9979942735020342,0.05129421147705337,0.012655586873454323,0.4713331910097728,0.8657677545146291,0.54,0.36,0.1,1.0
4736,0.8757058532304234,0.9979660377499728,0.05165975353473335,0.012169918258877524,0.4713331910097728,0.8657668025836922,0.54,0.34,0.12,1.0
4737,0.8940749322263358,0.9951499781045666,0.08309559711407483,0.01659379202186282,0.5037727887544016,0.8657658151171368,0.0,0.6,0.4,0.75
4738,0.8737392874981522,0.9978563135575775,0.05227285138656153,0.00827694339565651,0.4713331910097728,0.8657620665617132,0.4,0.2,0.4,1.0
4739,0.914879496497745,0.9952051021974032,0.09133534573126881,0.011659747429024028,0.4713331910097728,0.8657588333757191,0.34,0.34,0.32,0.25
4740,0.9134830268519927,0.9981625801429005,0.08100590996034515,0.015311001887376928,0.45615374113536183,0.8657567909533642,0.18,0.52,0.3,0.75
4741,0.8757173521129538,0.9980035257261985,0.049223926926802546,0.012381330213670565,0.4667881855330919,0.8657546732259698,0.6,0.34,0.06,1.0
4742,0.8966118276785492,0.9933039048727632,0.08450866553320945,0.017103305964695684,0.5037727887544016,0.8657403446193193,0.0,0.62,0.38,0.25
4743,0.8748549005352382,0.9978865704265679,0.05266457175942221,0.009530163231200761,0.4713331910097728,0.8657376184282105,0.48,0.24,0.28,1.0
4744,0.8752863461782059,0.9978855523824851,0.053015270267748035,0.009671104534396131,0.4713331910097728,0.8657375209540876,0.52,0.24,0.24,1.0
4745,0.8749529932473141,0.9978849834754977,0.05245579069888414,0.010015831845777458,0.4713331910097728,0.8657299159563915,0.48,0.26,0.26,1.0
4746,0.874737322894454,0.9978792944056232,0.05291043060092216,0.00904449461662399,0.4713331910097728,0.8657274475894707,0.48,0.22,0.3,1.0
4747,0.8756321855416475,0.9980097537605874,0.0511385260967475,0.013070784836433303,0.4713331910097728,0.865721480811132,0.52,0.38,0.1,1.0
4748,0.8754569700533377,0.9980126282379977,0.05077046814350576,0.013345041496217028,0.4713331910097728,0.8657206950810742,0.46,0.4,0.14,1.0
4749,0.8755411934163717,0.9979110034845553,0.05258892238914814,0.010783383066744966,0.4713331910097728,0.865718355078408,0.56,0.28,0.16,1.0
4750,0.8755743230820875,0.9980065199735009,0.05117369250730884,0.013000314184835618,0.4713331910097728,0.8657075842542958,0.5,0.38,0.12,1.0
4751,0.8906831066725385,0.9622820056965555,0.08666522532211961,0.00818401844074066,0.5386766939799044,0.8657056351071329,0.54,0.16,0.3,0.0
4752,0.9129879342633477,0.9981513816579896,0.08075180775972637,0.015237967837321799,0.45615374113536183,0.8656945086109874,0.16,0.52,0.32,0.75
4753,0.8954359067204669,0.9945956830439519,0.08313315469286629,0.018544200100144757,0.5037727887544016,0.8656900447640934,0.0,0.68,0.32,0.5
4754,0.8892459821675543,0.9622256240198519,0.08576569462874173,0.007378030717779014,0.5386766939799044,0.8656867877428174,0.46,0.14,0.4,0.0
4755,0.914483812411682,0.9951990238753794,0.09123354058843774,0.011581586582054005,0.4713331910097728,0.8656842233259305,0.32,0.34,0.34,0.25
4756,0.9145086762072341,0.9952778324643778,0.09099243694686976,0.012065321791637044,0.4713331910097728,0.8656763245166353,0.32,0.36,0.32,0.25
4757,0.8756125315910165,0.9979849015079778,0.05160060376392584,0.012585116221856643,0.4713331910097728,0.8656756630791778,0.52,0.36,0.12,1.0
4758,0.8900736331614568,0.9622648486595129,0.08625410522638506,0.008022569949885717,0.5386766939799044,0.8656711333810884,0.5,0.16,0.34,0.0
4759,0.9135881997361813,0.995107489735346,0.09077033116839996,0.010941529678530904,0.4713331910097728,0.8656634747696161,0.28,0.32,0.4,0.25
4760,0.9117722335122284,0.9963493837464771,0.09025460240265863,0.009900963346200747,0.4713331910097728,0.8656618901371217,0.02,0.32,0.66,0.5
4761,0.8756417768734313,0.9979382511350069,0.05224075295736131,0.011754720295898422,0.4713331910097728,0.8656588102797886,0.56,0.32,0.12,1.0
4762,0.8897727925832957,0.9622491887461215,0.08611958167507403,0.007941845704458245,0.5386766939799044,0.8656334923617887,0.48,0.16,0.36,0.0
4763,0.9154464718469663,0.9956942723791915,0.09145102095862477,0.013360205726445917,0.4713331910097728,0.8656288330328972,0.28,0.42,0.3,0.25
4764,0.8753289305594996,0.9980347856680353,0.05021951743068293,0.014457320028565868,0.4713331910097728,0.8656221219131912,0.5,0.44,0.06,1.0
4765,0.8902266017206749,0.9622797899535518,0.08625926972634512,0.008505660691137526,0.5386766939799044,0.8656211568350131,0.5,0.18,0.32,0.0
4766,0.8754872642239594,0.9979973575767557,0.05142779147468506,0.012929843533237935,0.4713331910097728,0.8656208689036395,0.48,0.38,0.14,1.0
4767,0.8725115587888839,0.9979643609714836,0.04706026223172743,0.011347148279526412,0.4667881855330919,0.8656181985675167,0.72,0.28,0.0,1.0
4768,0.8889703286571142,0.9622205038569648,0.08581118559552095,0.007297306472351543,0.5386766939799044,0.8656063425959022,0.44,0.14,0.42,0.0
4769,0.9120128463613456,0.9964369654800714,0.06837204242370144,0.006510305600801049,0.42371414339073304,0.8655964578108393,0.02,0.18,0.8,0.5
4770,0.9139742455097949,0.9966746488309336,0.09183059432091703,0.011505297276968657,0.4713331910097728,0.865595681567916,0.06,0.38,0.56,0.5
4771,0.875510182177169,0.9980364624465247,0.050846477384854545,0.013971651413989107,0.4713331910097728,0.8655929802348371,0.5,0.42,0.08,1.0
4772,0.9151706442932117,0.9953839186463008,0.091638203508888,0.012627217848189985,0.4713331910097728,0.8655921198150873,0.34,0.38,0.28,0.25
4773,0.8753675775118739,0.9980352048626576,0.05041381953429869,0.01438684937696819,0.4713331910097728,0.8655918092721524,0.48,0.44,0.08,1.0
4774,0.9245734352767296,0.9983212752499261,0.07714483732167829,0.010758505187508496,0.41916913791405225,0.8655845966732797,0.66,0.26,0.08,0.75
4775,0.889977849967903,0.9622807780551615,0.08620416593354857,0.008424936445710051,0.5386766939799044,0.8655787239672288,0.48,0.18,0.34,0.0
4776,0.8716926115527089,0.997810875854764,0.0513062609135334,0.007501766228082022,0.4713331910097728,0.8655751826125748,0.18,0.2,0.62,1.0
4777,0.8724875404456991,0.9979369037237208,0.047476398161802415,0.010931950316547307,0.4667881855330919,0.8655698426214617,0.74,0.26,0.0,1.0
4778,0.8728526824127302,0.9978465672826083,0.052261011992904845,0.007924590137668103,0.4713331910097728,0.8655685098733421,0.3,0.2,0.5,1.0
4779,0.8714655610323063,0.9978034052077446,0.05113864606613867,0.007431295576484341,0.4713331910097728,0.8655684044115437,0.16,0.2,0.64,1.0
4780,0.8751429980713196,0.9978883969174224,0.05316937431060372,0.01008630249737514,0.4713331910097728,0.8655674385819847,0.5,0.26,0.24,1.0
4781,0.914137899721774,0.9954044591827951,0.09123672123410874,0.011830839250726977,0.4713331910097728,0.8655604965409885,0.26,0.36,0.38,0.25
4782,0.8720027290731459,0.9978162056149622,0.051940989850249204,0.007157038916700683,0.4713331910097728,0.8655548187371502,0.22,0.18,0.6,1.0
4783,0.875523328543232,0.9980334382567492,0.051062441606141144,0.013901180762391423,0.4713331910097728,0.8655482505442972,0.48,0.42,0.1,1.0
4784,0.8903822551903385,0.962268711238533,0.08695245991887394,0.00810329419531319,0.5386766939799044,0.8655466519571933,0.52,0.16,0.32,0.0
4785,0.8748857257386115,0.997894175814716,0.05278794608325651,0.010360559157158876,0.4713331910097728,0.8655463293072194,0.44,0.28,0.28,1.0
4786,0.8756355777716962,0.9979294181054649,0.05268030732041008,0.011684249644300742,0.4713331910097728,0.8655428911452019,0.54,0.32,0.14,1.0
4787,0.8950935598927877,0.993181110790893,0.08188749393713479,0.019521982012610788,0.5037727887544016,0.8655390202143225,0.0,0.72,0.28,0.25
4788,0.9144332527532754,0.9953635577646447,0.09188034499122229,0.011425264888113957,0.4713331910097728,0.8655383715497218,0.28,0.34,0.38,0.25
4789,0.8755872688190139,0.9980278390142938,0.04918816949334943,0.013352667442824028,0.4667881855330919,0.8655353451995551,0.6,0.38,0.02,1.0
4790,0.875374470949647,0.9980318213632059,0.050739260960436336,0.014316378725370508,0.4713331910097728,0.8655135613625683,0.46,0.44,0.1,1.0
4791,0.8750119707731573,0.9980111610568196,0.05012899744234982,0.014661106036751904,0.4713331910097728,0.8655088516316229,0.42,0.46,0.12,1.0
4792,0.9255663257670221,0.9972642760097163,0.07851910549237538,0.00986149094507266,0.41916913791405225,0.86550678680788,0.68,0.22,0.1,0.75
4793,0.874700395523719,0.9978893251340861,0.0524424698307229,0.010775757120137975,0.4713331910097728,0.8655066464233164,0.42,0.3,0.28,1.0
4794,0.8889511962065292,0.96248465635398,0.08616738342625907,0.007538224477320893,0.5386766939799044,0.8654892651654889,0.38,0.16,0.46,0.0
4795,0.8745581901781266,0.9978903132356959,0.05270251538007186,0.010290088505561195,0.4713331910097728,0.8654862334729052,0.42,0.28,0.3,1.0
4796,0.8745556359817502,0.9978822287679795,0.05330907482182264,0.009459692579603078,0.4713331910097728,0.8654753176693029,0.46,0.24,0.3,1.0
4797,0.8744678200508057,0.9978743838400473,0.05355046876222168,0.00897402396502631,0.4713331910097728,0.8654752783056021,0.46,0.22,0.32,1.0
4798,0.9239928298645264,0.9983144184236037,0.07665566252823097,0.01117049528369891,0.41916913791405225,0.8654681345161591,0.64,0.28,0.08,0.75
4799,0.875571536055347,0.9979743318150004,0.0523216692257455,0.01251464557025896,0.4713331910097728,0.8654678175816652,0.5,0.36,0.14,1.0
4800,0.8749287269588427,0.9978918702442932,0.052788498602154274,0.01084622777173565,0.4713331910097728,0.8654615906915553,0.44,0.3,0.26,1.0
4801,0.8753102715031386,0.9979095662458501,0.05283963675738759,0.011402367037910014,0.4713331910097728,0.8654527252492515,0.46,0.32,0.22,1.0
4802,0.874891912685871,0.9980037353235097,0.05025068664615402,0.014590635385154222,0.4713331910097728,0.8654507023935886,0.4,0.46,0.14,1.0
4803,0.8943180025480955,0.9951755789190019,0.08479211732749968,0.01610876787561728,0.5037727887544016,0.8654500689053438,0.0,0.58,0.42,0.75
4804,0.8718943019176623,0.9978175829687214,0.051920956875246324,0.007572236879679704,0.4713331910097728,0.8654452378957114,0.2,0.2,0.6,1.0
4805,0.9250572789262723,0.9972717616279723,0.07794135395842994,0.010273481041263065,0.41916913791405225,0.865439501433733,0.66,0.24,0.1,0.75
4806,0.9141113980273826,0.995228726808619,0.09146079281404282,0.011987160944667018,0.4713331910097728,0.8654302684463218,0.3,0.36,0.34,0.25
4807,0.8894552694601616,0.9622528117853574,0.08655326958162046,0.007861121459030777,0.5386766939799044,0.8654297878514057,0.46,0.16,0.38,0.0
4808,0.9233986200569978,0.9983202721770797,0.07593327335882095,0.011582485379889311,0.41916913791405225,0.8654167890721438,0.62,0.3,0.08,0.75
4809,0.9146870769389368,0.9955445001291269,0.09202275644005144,0.01239273530727992,0.4713331910097728,0.865407074818061,0.28,0.38,0.34,0.25
4810,0.8744354424385355,0.9978898341561275,0.0525676130303269,0.010705286468540295,0.4713331910097728,0.8654052222866933,0.4,0.3,0.3,1.0
4811,0.875457526134918,0.9980227487938798,0.0515439729921502,0.01383071011079374,0.4713331910097728,0.8654020599441665,0.46,0.42,0.12,1.0
4812,0.8898026211282347,0.9625220245603135,0.08693950657555256,0.008182763709427643,0.5386766939799044,0.8653986023788409,0.42,0.18,0.4,0.0
4813,0.8721142253916502,0.9978248589896661,0.05227019289195045,0.007642707531277381,0.4713331910097728,0.8653974439968501,0.22,0.2,0.58,1.0
4814,0.8754613950806711,0.9979147762361563,0.05316826733862227,0.011472837689507694,0.4713331910097728,0.8653899269487714,0.48,0.32,0.2,1.0
4815,0.8722118292161302,0.9978239607154754,0.0527103349918914,0.0072275095682983615,0.4713331910097728,0.8653826318306872,0.24,0.18,0.58,1.0
4816,0.8726360792754637,0.9978390517218794,0.05274229851196624,0.007854119486070428,0.4713331910097728,0.8653776257935131,0.28,0.2,0.52,1.0
4817,0.9139590162085349,0.9951558168868062,0.09180110516568543,0.011503425735083977,0.4713331910097728,0.8653721710658984,0.3,0.34,0.36,0.25
4818,0.8899365207068122,0.9626050550380082,0.06544641545275683,0.003911907089650079,0.4910576463608645,0.8653641362004144,0.08,0.06,0.86,0.0
4819,0.8750681162453127,0.9980164309320717,0.05065149300168203,0.014731576688349582,0.4713331910097728,0.8653616312737709,0.44,0.46,0.1,1.0
4820,0.9145146249441387,0.9955106651346102,0.0920416285938571,0.012314574460309894,0.4713331910097728,0.8653604507872968,0.26,0.38,0.36,0.25
4821,0.8896927711000436,0.962268711238533,0.08672178396837465,0.008344212200282579,0.5386766939799044,0.8653581821390784,0.46,0.18,0.36,0.0
4822,0.8755607637573019,0.9979175010012015,0.05333466609650376,0.011543308341105374,0.4713331910097728,0.8653580396036367,0.5,0.32,0.18,1.0
4823,0.8756123035754942,0.9979239685753746,0.05336529297042976,0.01161377899270306,0.4713331910097728,0.8653515405070746,0.52,0.32,0.16,1.0
4824,0.8960588234502546,0.9932528828987308,0.08458628805529982,0.01807077638386174,0.5037727887544016,0.8653508988453567,0.0,0.66,0.34,0.25
4825,0.9132790110419774,0.996671415043847,0.09201831494680174,0.011429699828456081,0.4713331910097728,0.8653475809260031,0.04,0.38,0.58,0.5
4826,0.924551464526205,0.9983175623832712,0.07804635746880798,0.01068547113745337,0.41916913791405225,0.86533193159903,0.64,0.26,0.1,0.75
4827,0.9255205324716382,0.9972585270548958,0.0791407501085861,0.00978845689501753,0.41916913791405225,0.8653274245650522,0.66,0.22,0.12,0.75
4828,0.8724097014786876,0.997832344607922,0.05276078954806758,0.007783648834472745,0.4713331910097728,0.8653174651324893,0.26,0.2,0.54,1.0
4829,0.8723113731812265,0.9978289012235243,0.052722230435805977,0.007713178182875063,0.4713331910097728,0.865312670073919,0.24,0.2,0.56,1.0
4830,0.8754579202896527,0.9979288491984775,0.053157567967055466,0.012028976955682169,0.4713331910097728,0.8652828547886392,0.5,0.34,0.16,1.0
4831,0.8747431492569897,0.997994063904723,0.05072298356737405,0.014520164733556542,0.4713331910097728,0.8652824406972114,0.38,0.46,0.16,1.0
4832,0.8746960020915122,0.9978940560448238,0.05386947401359644,0.009874890542582096,0.4713331910097728,0.8652744649741844,0.44,0.26,0.3,1.0
4833,0.8754269135442593,0.9980423611137103,0.04967571491673849,0.013767865405803107,0.4667881855330919,0.865265701466539,0.58,0.4,0.02,1.0
4834,0.8743035044453217,0.9978862111168917,0.05326199669303756,0.010219617853963515,0.4713331910097728,0.8652618743824255,0.4,0.28,0.32,1.0
4835,0.8744613293756522,0.9978890257093559,0.05402387397424647,0.009389221928005394,0.4713331910097728,0.8652558919205128,0.44,0.24,0.32,1.0
4836,0.8896838454707188,0.9625227132371931,0.0872642188195549,0.00826348795485511,0.5386766939799044,0.865253235985205,0.44,0.18,0.38,0.0
4837,0.874465740895198,0.9978908821426834,0.0537575609853758,0.009804419890984416,0.4713331910097728,0.8652512959344534,0.42,0.26,0.32,1.0
4838,0.8742278387161014,0.9978710901680147,0.054202733670756245,0.008903553313428627,0.4713331910097728,0.8652286801149278,0.44,0.22,0.34,1.0
4839,0.8752985125344745,0.9980289468857957,0.05171757049848402,0.014245908073772824,0.4713331910097728,0.8652221563329254,0.44,0.44,0.12,1.0
4840,0.8713113261798344,0.997810845912291,0.051902820807093256,0.007846493539463416,0.4713331910097728,0.865219716247059,0.14,0.22,0.64,1.0
4841,0.8710170072404877,0.9978039890859686,0.05167153063126147,0.007776022887865734,0.4713331910097728,0.8652112224095618,0.12,0.22,0.66,1.0
4842,0.8754731075670629,0.9979610074145049,0.05315392762710917,0.012444174918661276,0.4713331910097728,0.865210245491748,0.48,0.36,0.16,1.0
4843,0.875341114388494,0.9979443593995037,0.05306933517417505,0.012373704267063594,0.4713331910097728,0.8652066526887157,0.46,0.36,0.18,1.0
4844,0.8755837873287661,0.9979544799553857,0.05352682525627675,0.012099447607279845,0.4713331910097728,0.8652038202515956,0.52,0.34,0.14,1.0
4845,0.8752010753305991,0.9980210420729174,0.05172691946941895,0.014175437422175148,0.4713331910097728,0.8652031360373496,0.42,0.44,0.14,1.0
4846,0.8892564867540013,0.962248559954188,0.08718650211258483,0.007780397213603304,0.5386766939799044,0.8652029478275373,0.44,0.16,0.4,0.0
4847,0.8753249631727774,0.9979154050280897,0.05341985778262069,0.011888035652486806,0.4713331910097728,0.8651934584454192,0.46,0.34,0.2,1.0
4848,0.8754364470645998,0.9979203754786117,0.05350093802859654,0.011958506304084486,0.4713331910097728,0.865190160236468,0.48,0.34,0.18,1.0
4849,0.8753440872270446,0.998016790241748,0.0522084522532007,0.013760239459196053,0.4713331910097728,0.8651895004323662,0.44,0.42,0.14,1.0
4850,0.8741152185497946,0.9978847738781865,0.05303511732801281,0.01063481581694261,0.4713331910097728,0.8651875969823261,0.38,0.3,0.32,1.0
4851,0.8750598912996824,0.998015412887989,0.0516854822125192,0.014104966770577472,0.4713331910097728,0.8651859868456624,0.4,0.44,0.16,1.0
4852,0.8947376025182762,0.9931555399189308,0.08240387456591115,0.020005717222193742,0.5037727887544016,0.8651826543747887,0.0,0.74,0.26,0.25
4853,0.873961710530408,0.9978759408486445,0.05390952324443809,0.009177809973212355,0.4713331910097728,0.8651793205749547,0.38,0.24,0.38,1.0
4854,0.870737993448907,0.9978024620198443,0.051221478120921045,0.008191220850844812,0.4713331910097728,0.8651741073245347,0.1,0.24,0.66,1.0
4855,0.888738432527329,0.962219575640301,0.08686660076922027,0.007618948722748364,0.5386766939799044,0.8651677776269527,0.4,0.16,0.44,0.0
4856,0.8747666149236009,0.997892918230849,0.05337015523715058,0.011261425734714652,0.4713331910097728,0.8651622440578084,0.42,0.32,0.26,1.0
4857,0.8954230459837103,0.9932081488440334,0.08389947131017397,0.019038246803027643,0.5037727887544016,0.8651581348357941,0.0,0.7,0.3,0.25
4858,0.874363732537191,0.9979577436849453,0.050501044949007125,0.014935362696535616,0.4713331910097728,0.8651441660045293,0.36,0.48,0.16,1.0
4859,0.8742801885312758,0.9978896844437625,0.05430875591140976,0.009318751276407715,0.4713331910097728,0.8651335430560835,0.42,0.24,0.34,1.0
4860,0.874127276948119,0.9978822587104526,0.054225591552286005,0.00924828062481004,0.4713331910097728,0.8651246460131568,0.4,0.24,0.36,1.0
4861,0.8890088553948832,0.9622365530225055,0.08725179350912868,0.0076996729681758315,0.5386766939799044,0.8651241631143337,0.42,0.16,0.42,0.0
4862,0.8750592653804968,0.9979010925259845,0.0537636075982787,0.011331896386312334,0.4713331910097728,0.8651236448547828,0.44,0.32,0.24,1.0
4863,0.8741919728228886,0.9978851930728089,0.053980121364959735,0.009733949239386737,0.4713331910097728,0.8651181889314141,0.4,0.26,0.34,1.0
4864,0.9124750987165201,0.9981386860494276,0.08228798305082875,0.015164933787266662,0.45615374113536183,0.865110113920784,0.14,0.52,0.34,0.75
4865,0.9149863383315961,0.9963178842648561,0.08397627463014261,0.015153594998600776,0.45615374113536183,0.8651054953175441,0.12,0.52,0.36,0.25
4866,0.9145690127593921,0.9954369767084988,0.09326957172177343,0.011909000097697,0.4713331910097728,0.8650925192482509,0.28,0.36,0.36,0.25
4867,0.8708989309309972,0.997806953390798,0.05067282579029609,0.009718697346172757,0.4713331910097728,0.8650758745750522,0.12,0.3,0.58,1.0
4868,0.9156162166600408,0.99632653763956,0.08469580510554328,0.015231755845570799,0.45615374113536183,0.8650725120431633,0.14,0.52,0.34,0.25
4869,0.873542198778961,0.9978632452400825,0.054304948430239426,0.008551200055440229,0.4713331910097728,0.8650627891008711,0.34,0.22,0.44,1.0
4870,0.8728204090763708,0.997842435221331,0.053715437295786136,0.008339788100647182,0.4713331910097728,0.8650555100362849,0.28,0.22,0.5,1.0
4871,0.918570835589071,0.9979469045097107,0.08849188766944559,0.015500734610469026,0.45615374113536183,0.865052839101466,0.22,0.52,0.26,0.5
4872,0.8754120029070142,0.9979850811628159,0.05337419366696022,0.012859372881640256,0.4713331910097728,0.8650489302187104,0.46,0.38,0.16,1.0
4873,0.8756041943307703,0.9980256232712901,0.050941403971693215,0.013282196791226344,0.4667881855330919,0.8650483080844665,0.58,0.38,0.04,1.0
4874,0.8733254049606801,0.9978568076083824,0.05420535069438547,0.008480729403842544,0.4713331910097728,0.8650396172728714,0.32,0.22,0.46,1.0
4875,0.8727181471769212,0.997841087810045,0.05338323383522006,0.008754986063626267,0.4713331910097728,0.8650374434191862,0.26,0.24,0.5,1.0
4876,0.8739819245081019,0.9978789350959469,0.054102074278744056,0.009663478587789055,0.4713331910097728,0.8650331416979807,0.38,0.26,0.36,1.0
4877,0.8724612107076979,0.9980006811912613,0.04849518209179045,0.01217754420548451,0.4667881855330919,0.8650284326376987,0.68,0.32,0.0,1.0
4878,0.8737273929682867,0.9978694433319985,0.05459426232919398,0.008621670707037904,0.4713331910097728,0.8650217045956803,0.36,0.22,0.42,1.0
4879,0.8752277110070078,0.9980110412869275,0.052742972515588946,0.013689768807598372,0.4713331910097728,0.8650135894070912,0.42,0.42,0.16,1.0
4880,0.8702115974325295,0.9978013242058694,0.05099214132051887,0.00853594816222618,0.4713331910097728,0.8650132449981757,0.06,0.26,0.68,1.0
4881,0.873943305511867,0.9978830970996972,0.053515215945358866,0.010564345165344928,0.4713331910097728,0.8650113385056174,0.36,0.3,0.34,1.0
4882,0.8744864417442352,0.9978880974926921,0.05365762716017409,0.011190955083116974,0.4713331910097728,0.8650086162600465,0.4,0.32,0.28,1.0
4883,0.8734430079952384,0.9978573765153699,0.05411297088464984,0.008966398018419313,0.4713331910097728,0.8650045049750484,0.32,0.24,0.44,1.0
4884,0.8734997698771354,0.9978709703981226,0.053174094545435285,0.010423403862149567,0.4713331910097728,0.865003073901003,0.32,0.3,0.38,1.0
4885,0.8705109771817484,0.9978043483956449,0.051313546857456815,0.008606418813823857,0.4713331910097728,0.8649966803862371,0.08,0.26,0.66,1.0
4886,0.870520438041428,0.9977961142155634,0.051671765438888295,0.00812075019924713,0.4713331910097728,0.864992057205847,0.08,0.24,0.68,1.0
4887,0.8738416397852118,0.9978753719416571,0.05477661809669717,0.008692141358635587,0.4713331910097728,0.8649901570495961,0.38,0.22,0.4,1.0
4888,0.8956768808265972,0.9932290486902039,0.08509431312545032,0.018554511593444716,0.5037727887544016,0.8649894088351932,0.0,0.68,0.32,0.25
4889,0.8745550642782755,0.9979899617859188,0.051599108238093896,0.014449694081958874,0.4713331910097728,0.8649866978725664,0.36,0.46,0.18,1.0
4890,0.8739194608079608,0.9978761803884287,0.05482347111327401,0.00876261201023327,0.4713331910097728,0.8649860115701838,0.4,0.22,0.38,1.0
4891,0.8707318970417788,0.9977978508789987,0.05221058770752306,0.007705552236268051,0.4713331910097728,0.8649833237550874,0.1,0.22,0.68,1.0
4892,0.872959030917024,0.9978454294686334,0.05378923308945987,0.00882545671522395,0.4713331910097728,0.8649791190375465,0.28,0.24,0.48,1.0
4893,0.8702610710164767,0.9977958746757791,0.05152676325420884,0.00805027954764945,0.4713331910097728,0.8649701440842645,0.06,0.24,0.7,1.0
4894,0.8722558907511372,0.9978317757009346,0.05327826146227124,0.0086140447604309,0.4713331910097728,0.8649558465601003,0.22,0.24,0.54,1.0
4895,0.8719400626118885,0.9978255776090187,0.05300031705456047,0.008543574108833215,0.4713331910097728,0.8649544603385871,0.2,0.24,0.56,1.0
4896,0.8724759142248024,0.997837315058444,0.05347172186764116,0.008684515412028585,0.4713331910097728,0.8649527695020195,0.24,0.24,0.52,1.0
4897,0.8752434848303327,0.9980023879122236,0.053331049086987256,0.01320410019302167,0.4713331910097728,0.8649444742401544,0.42,0.4,0.18,1.0
4898,0.8885800300133744,0.9626582927550443,0.06529620449860032,0.004233549340046878,0.4910576463608645,0.8649441879195889,0.04,0.08,0.88,0.0
4899,0.8731848462197213,0.997850040609479,0.05410995009764788,0.00889592736682163,0.4713331910097728,0.8649409218017146,0.3,0.24,0.46,1.0
4900,0.8709805025954633,0.9978071629881091,0.052258283470770314,0.008261691502442492,0.4713331910097728,0.8649343122961028,0.12,0.24,0.64,1.0
4901,0.8951168943501602,0.96321249798824,0.07922166555686666,0.015349655314089548,0.5189522386288125,0.8649313069288169,0.52,0.46,0.02,0.0
4902,0.871509194023605,0.9978152773982986,0.053062863713396954,0.007916964191061094,0.4713331910097728,0.8649309295631431,0.16,0.22,0.62,1.0
4903,0.8737052685591797,0.9978763001583209,0.053603479966076,0.01049387451374725,0.4713331910097728,0.8649275343959288,0.34,0.3,0.36,1.0
4904,0.8706586693094495,0.9978030908117779,0.05098478584143719,0.009648226694575072,0.4713331910097728,0.864927298188307,0.1,0.3,0.6,1.0
4905,0.8730781133348394,0.997850040609479,0.05439594317582841,0.008410258752244862,0.4713331910097728,0.8649235155000415,0.3,0.22,0.48,1.0
4906,0.8753571273431106,0.9980042742880242,0.053485213421799044,0.013274570844619353,0.4713331910097728,0.8649202733957753,0.44,0.4,0.16,1.0
4907,0.8726339350173536,0.9978384828148918,0.05403767421513069,0.0082693174490495,0.4713331910097728,0.8649200911668273,0.26,0.22,0.52,1.0
4908,0.8752073068744847,0.997910614232406,0.054294976063717484,0.011817565000889122,0.4713331910097728,0.8649190313060324,0.44,0.34,0.22,1.0
4909,0.8736490517071426,0.997865161558356,0.05424444610965426,0.0095225372845937,0.4713331910097728,0.86491832226081,0.34,0.26,0.4,1.0
4910,0.9146646068181629,0.996318962193885,0.0843564934884813,0.015075434151630755,0.45615374113536183,0.864915061749987,0.1,0.52,0.38,0.25
4911,0.9179235403831838,0.9979336998791073,0.08835751517133666,0.015425137161956445,0.45615374113536183,0.8649105610421425,0.2,0.52,0.28,0.5
4912,0.8955736781680236,0.9631249461971187,0.08061998476612639,0.014061831581189203,0.5189522386288125,0.864909304414332,0.56,0.4,0.04,0.0
4913,0.8947897519847184,0.9631992933576367,0.0786791027260954,0.015752021809913842,0.5189522386288125,0.8649072607664938,0.5,0.48,0.02,0.0
4914,0.8724403692788174,0.9978353987401705,0.05394178019036141,0.008198846797451819,0.4713331910097728,0.864903322131175,0.24,0.22,0.54,1.0
4915,0.8737800177034638,0.9978698026416747,0.054734154985076194,0.009107339321614673,0.4713331910097728,0.8649000477015899,0.36,0.24,0.4,1.0
4916,0.8738037693447541,0.9978708206857575,0.054428105175394946,0.009593007936191375,0.4713331910097728,0.8648984994862124,0.36,0.26,0.38,1.0
4917,0.8749028603317887,0.997903038786731,0.054105872100300594,0.011747094349291448,0.4713331910097728,0.8648952190267387,0.42,0.34,0.24,1.0
4918,0.8734943378064323,0.997864487852713,0.05388225199951531,0.009937735247572787,0.4713331910097728,0.864893274571462,0.32,0.28,0.4,1.0
4919,0.8948549013831905,0.9631969578447408,0.07885434821050565,0.01567129756448638,0.5189522386288125,0.8648920349499272,0.48,0.48,0.04,0.0
4920,0.8707374685471205,0.9978052466698356,0.05186767866767742,0.008676889465421533,0.4713331910097728,0.8648907797637371,0.1,0.26,0.64,1.0
4921,0.8711613554641191,0.997814648606365,0.051885847929388954,0.009303499383193668,0.4713331910097728,0.8648887916050081,0.14,0.28,0.58,1.0
4922,0.8712396135571758,0.9978132113676599,0.052643036203788705,0.008332162154040177,0.4713331910097728,0.8648878425392508,0.14,0.24,0.62,1.0
4923,0.8721996224735042,0.997828571856321,0.0537989815338132,0.008128376145854137,0.4713331910097728,0.8648853711700527,0.22,0.22,0.56,1.0
4924,0.8736114275624233,0.9978633650099746,0.05466171883814693,0.009036868670016993,0.4713331910097728,0.8648834997988335,0.34,0.24,0.42,1.0
4925,0.8749813489067425,0.9979875963305499,0.05331775941697987,0.013133629541423992,0.4713331910097728,0.8648815434443489,0.4,0.4,0.2,1.0
4926,0.8750257347102394,0.9979159439926042,0.05396627232543628,0.012232762963868235,0.4713331910097728,0.8648771633788207,0.42,0.36,0.22,1.0
4927,0.8739499989715072,0.9978703116637161,0.05518483650264232,0.00883308266183095,0.4713331910097728,0.8648759305691833,0.42,0.22,0.36,1.0
4928,0.8704205275989568,0.9978029710418858,0.05096822831876196,0.009577756042977392,0.4713331910097728,0.8648747093311655,0.08,0.3,0.62,1.0
4929,0.8736712342167329,0.997871419535218,0.05408997214250443,0.010008205899170472,0.4713331910097728,0.8648733537525717,0.34,0.28,0.38,1.0
4930,0.8751735778231093,0.9979205850759229,0.05409220441662518,0.012303233615465916,0.4713331910097728,0.8648717820241706,0.44,0.36,0.2,1.0
4931,0.911948917562223,0.9944072550612136,0.07831750825343639,0.0055613618620664294,0.438893593265144,0.8648698739908045,0.76,0.02,0.22,0.25
4932,0.869777212517653,0.9977942278397629,0.051436985092308346,0.007979808896051765,0.4713331910097728,0.8648647381413255,0.04,0.24,0.72,1.0
4933,0.8952755971155787,0.963190819637771,0.07988984123103007,0.014947288818265254,0.5189522386288125,0.8648633445587253,0.54,0.44,0.02,0.0
4934,0.8724106530655608,0.9980132869724043,0.048736859909876716,0.012592742168463606,0.4667881855330919,0.864862383141704,0.66,0.34,0.0,1.0
4935,0.8734727644897468,0.9978571968605318,0.05432156496131291,0.00945206663299602,0.4713331910097728,0.8648560837242678,0.32,0.26,0.42,1.0
4936,0.8717250199415438,0.9978189303800075,0.05354038186460249,0.00798743484265878,0.4713331910097728,0.8648443485417258,0.18,0.22,0.6,1.0
4937,0.8740724668184006,0.9978818994007762,0.05452042462112532,0.010149147202365831,0.4713331910097728,0.8648429049210178,0.38,0.28,0.34,1.0
4938,0.8742522828092925,0.9978886963421526,0.05406014423436207,0.011120484431519289,0.4713331910097728,0.8648364106599415,0.38,0.32,0.3,1.0
4939,0.8954426598616207,0.9630950636090412,0.08077772841496164,0.013981107335761734,0.5189522386288125,0.8648361461873038,0.54,0.4,0.06,0.0
4940,0.8711577422284221,0.9978145288364729,0.05240798759767687,0.008817830768616895,0.4713331910097728,0.8648341657297124,0.14,0.26,0.6,1.0
4941,0.8732740913356442,0.997861358864282,0.053568834845470044,0.010352933210551885,0.4713331910097728,0.8648341247641391,0.3,0.3,0.4,1.0
4942,0.870920568635837,0.9978094086735859,0.052210492792830555,0.008747360117019215,0.4713331910097728,0.864833324712934,0.12,0.26,0.62,1.0
4943,0.8741269102533165,0.9979550189199001,0.051398339717392744,0.01486489204493793,0.4713331910097728,0.8648279001924166,0.34,0.48,0.18,1.0
4944,0.871917056517162,0.9978252482418154,0.05377600129625399,0.008057905494256461,0.4713331910097728,0.8648208276662468,0.2,0.22,0.58,1.0
4945,0.8708975959463668,0.9978109656821831,0.05195672746256542,0.009233028731595982,0.4713331910097728,0.8648027539311718,0.12,0.28,0.6,1.0
4946,0.8747506883738936,0.9979117969600905,0.053998452509199026,0.012162292312270553,0.4713331910097728,0.8647988363150536,0.4,0.36,0.24,1.0
4947,0.8722200213565182,0.997833482421897,0.053168933280893546,0.009585381989584387,0.4713331910097728,0.8647826197490489,0.22,0.28,0.5,1.0
4948,0.871711029757136,0.9978225234767703,0.053418058269473,0.008473103457235539,0.4713331910097728,0.864778851856818,0.18,0.24,0.58,1.0
4949,0.8722254055912423,0.9978313265638392,0.05352823329451888,0.009099713375007616,0.4713331910097728,0.8647773732941031,0.22,0.26,0.52,1.0
4950,0.8730212581907131,0.9978528701731798,0.053577930378606746,0.010282462558954207,0.4713331910097728,0.864768471231204,0.28,0.3,0.42,1.0
4951,0.8724742447519185,0.9980334981416953,0.04885159112598753,0.013007940131442729,0.4667881855330919,0.8647683482991055,0.64,0.36,0.0,1.0
4952,0.8706809076465205,0.9978073725854203,0.05190130550373292,0.0091625580799983,0.4713331910097728,0.8647672940040558,0.1,0.28,0.62,1.0
4953,0.8711554804610157,0.997813974900722,0.051990121377631066,0.009789167997770435,0.4713331910097728,0.86475970736798,0.14,0.3,0.56,1.0
4954,0.9118709600186838,0.998110210757582,0.08259697718637424,0.015576923883457062,0.45615374113536183,0.8647530461370151,0.12,0.54,0.34,0.75
4955,0.8714949251251055,0.997819768769252,0.05333536228463,0.008402632805637853,0.4713331910097728,0.8647515624088474,0.16,0.24,0.6,1.0
4956,0.8745934403976919,0.9979696009042627,0.053407351238095674,0.013063158889826312,0.4713331910097728,0.8647507149728045,0.38,0.4,0.22,1.0
4957,0.8748329055040353,0.997943491067786,0.053934040875966684,0.012647960926847212,0.4713331910097728,0.864749707116103,0.4,0.38,0.22,1.0
4958,0.8952686252741621,0.9632157018328537,0.08007178581000024,0.015268931068662072,0.5189522386288125,0.864748158777124,0.5,0.46,0.04,0.0
4959,0.8738433483695155,0.9978776924833165,0.054681939246023416,0.010078676550768153,0.4713331910097728,0.8647410292093786,0.36,0.28,0.36,1.0
4960,0.8719679183667906,0.9978273142724541,0.053476564047978285,0.009029242723409938,0.4713331910097728,0.8647285280065294,0.2,0.26,0.54,1.0
4961,0.8733388832266387,0.9978599515680499,0.054344450628217786,0.009867264595975107,0.4713331910097728,0.864726689551237,0.3,0.28,0.42,1.0
4962,0.8724828161329045,0.9978372402022614,0.05393989287396152,0.0091701840266053,0.4713331910097728,0.8647226095252861,0.24,0.26,0.5,1.0
4963,0.9168156537480429,0.9963772302463891,0.08702258402726692,0.015466238386480863,0.45615374113536183,0.8647216840700831,0.2,0.52,0.28,0.25
4964,0.8746280272327074,0.9978982779335203,0.05447951539885766,0.011676623697693766,0.4713331910097728,0.8647183384325743,0.4,0.34,0.26,1.0
4965,0.8704534239756698,0.9978039591434955,0.05191456416503921,0.00909208742840062,0.4713331910097728,0.8647088053758483,0.08,0.28,0.64,1.0
4966,0.8722983954026183,0.998044606799187,0.048333942797149386,0.013838336057400783,0.4667881855330919,0.8647005423431355,0.6,0.4,0.0,1.0
4967,0.9137968766294006,0.9962737490596192,0.0838942703398912,0.015481008514243754,0.45615374113536183,0.8647002152595467,0.08,0.54,0.38,0.25
4968,0.8727789177095814,0.9978432736105757,0.05431037512328089,0.009240654678202979,0.4713331910097728,0.8646913522984507,0.26,0.26,0.48,1.0
4969,0.8699899916888014,0.9978046178779021,0.0512197220419161,0.009507285391379709,0.4713331910097728,0.8646873239643991,0.06,0.3,0.64,1.0
4970,0.875128843295968,0.9979565160435513,0.05443102289251599,0.012718431578444893,0.4713331910097728,0.8646829493715907,0.42,0.38,0.2,1.0
4971,0.8730497497651127,0.9978510885960349,0.05461720668453878,0.009311125329800662,0.4713331910097728,0.8646711471582467,0.28,0.26,0.46,1.0
4972,0.8714547072966848,0.997819619056887,0.05323885942159898,0.008888301420214574,0.4713331910097728,0.8646701857209365,0.16,0.26,0.58,1.0
4973,0.8717045404287873,0.9978243799100978,0.05348149610977257,0.008958772071812256,0.4713331910097728,0.8646617455088761,0.18,0.26,0.56,1.0
4974,0.9146568557183051,0.9962850074294761,0.08484782761539097,0.015637330208183805,0.45615374113536183,0.8646534949323952,0.12,0.54,0.34,0.25
4975,0.9140417479475685,0.9963177944374371,0.08467242338275972,0.014997273304660738,0.45615374113536183,0.8646525029963866,0.08,0.52,0.4,0.25
4976,0.8716301889778285,0.9978239906579485,0.052773938191922845,0.009930109300965802,0.4713331910097728,0.86464927229978,0.18,0.3,0.52,1.0
4977,0.8719387334832146,0.997829799497715,0.053388002396626597,0.009514911337986705,0.4713331910097728,0.864648565093374,0.2,0.28,0.52,1.0
4978,0.8733051247243636,0.9978556697944075,0.05492336206856621,0.009381595981398342,0.4713331910097728,0.8646460149246026,0.3,0.26,0.44,1.0
4979,0.8730593257729355,0.9978513880207651,0.05438983435231884,0.00979679394437743,0.4713331910097728,0.8646425369386134,0.28,0.28,0.44,1.0
4980,0.8713872399869912,0.9978186608977502,0.05259940652254403,0.009859638649368117,0.4713331910097728,0.8646400414635969,0.16,0.3,0.54,1.0
4981,0.8691257060543343,0.9977935990478294,0.0509263331386782,0.00888067547360758,0.4713331910097728,0.8646363615762531,0.02,0.28,0.7,1.0
4982,0.8724444202625946,0.998033258601911,0.04899351178246111,0.01342313809442171,0.4667881855330919,0.8646353757832861,0.62,0.38,0.0,1.0
4983,0.8694397754204969,0.9977987491531894,0.05121041646961812,0.00895114612520526,0.4713331910097728,0.8646352916490371,0.04,0.28,0.68,1.0
4984,0.8753443352103465,0.997974990549407,0.05479144089567179,0.012788902230042571,0.4713331910097728,0.8646322793383032,0.44,0.38,0.18,1.0
4985,0.8694770687561786,0.9977968328349159,0.05159597562415172,0.0084654775106285,0.4713331910097728,0.8646320770688729,0.04,0.26,0.7,1.0
4986,0.8701528733578119,0.9978012643209234,0.05194674683066539,0.009021616776802941,0.4713331910097728,0.8646230441430044,0.06,0.28,0.66,1.0
4987,0.8724259578573615,0.9978366563240374,0.05358249018332771,0.010141521255758842,0.4713331910097728,0.8646143216329345,0.24,0.3,0.46,1.0
4988,0.874167910150758,0.9979530576879171,0.05348664762616685,0.012992688238228632,0.4713331910097728,0.8646117884454259,0.36,0.4,0.24,1.0
4989,0.8748279717789341,0.9980117599062801,0.053500839707058434,0.014034496118979785,0.4713331910097728,0.8646061557215385,0.38,0.44,0.18,1.0
4990,0.8727794947565946,0.9978434532654138,0.05428452039800427,0.009726323292779749,0.4713331910097728,0.8646018787346531,0.26,0.28,0.46,1.0
4991,0.8743321005429776,0.9978904928905341,0.05462228835165975,0.011606153046096083,0.4713331910097728,0.8646012912333308,0.38,0.34,0.28,1.0
4992,0.9163997389745383,0.9963608816561181,0.08707039159879085,0.015388077539510853,0.45615374113536183,0.8645962951696142,0.18,0.52,0.3,0.25
4993,0.8726796752925631,0.9978441419422933,0.053871965007922046,0.010211991907356522,0.4713331910097728,0.864593940797133,0.26,0.3,0.44,1.0
4994,0.875001784165266,0.998002807106846,0.0540214057573697,0.013619298156000699,0.4713331910097728,0.8645897924982708,0.4,0.42,0.18,1.0
4995,0.8954193788367044,0.9631897117662691,0.08104371756673225,0.01486656457283778,0.5189522386288125,0.8645895194099599,0.52,0.44,0.04,0.0
4996,0.8954856194839983,0.9631603082577598,0.08132909963171271,0.014544922322440963,0.5189522386288125,0.8645869656699698,0.56,0.42,0.02,0.0
4997,0.869114398536548,0.9977929403134228,0.05146600436754733,0.00839500685903082,0.4713331910097728,0.8645742880325515,0.02,0.26,0.72,1.0
4998,0.8693847363878696,0.9977996174849071,0.05106133598248666,0.00943681473978203,0.4713331910097728,0.8645647920019868,0.04,0.3,0.66,1.0
4999,0.9159492237244619,0.9963400117524207,0.08676143819355059,0.015309916692540827,0.45615374113536183,0.8645627873875519,0.16,0.52,0.32,0.25
5000,0.8744264519743804,0.9979092069361739,0.05453943310971299,0.012091821660672868,0.4713331910097728,0.8645591770160159,0.38,0.36,0.26,1.0
5001,0.8677285281372846,0.9560731644328334,0.04266069776460595,0.0026228286254366792,0.4910576463608645,0.8645543389139808,0.0,0.02,0.98,0.0
5002,0.871391351147327,0.9978195591719409,0.05323805450500663,0.009373970034791342,0.4713331910097728,0.864554268420307,0.16,0.28,0.56,1.0
5003,0.8897437116262987,0.9625728069945617,0.06798703905207629,0.003992631335077554,0.4910576463608645,0.8645522424071571,0.1,0.06,0.84,0.0
5004,0.8677224878327038,0.9560731344903604,0.04236590815249304,0.003105919366688431,0.4910576463608645,0.8645409624852853,0.0,0.04,0.96,0.0
5005,0.8955226508372506,0.9630625460833374,0.08214643924408985,0.01357874083993745,0.5189522386288125,0.8645408126851831,0.56,0.38,0.06,0.0
5006,0.8724366317605663,0.9978364467267262,0.054219367708577604,0.009655852641182069,0.4713331910097728,0.8645308620777483,0.24,0.28,0.48,1.0
5007,0.874435167271509,0.9979274419022454,0.05432394730553391,0.012577490275249525,0.4713331910097728,0.864529569187364,0.38,0.38,0.24,1.0
5008,0.8737453304950221,0.997881480206154,0.054704206616113776,0.010979543128323927,0.4713331910097728,0.8645255936850643,0.34,0.32,0.34,1.0
5009,0.8740163404246629,0.9978903431781689,0.05464499274761591,0.011535682394498403,0.4713331910097728,0.8645140837674108,0.36,0.34,0.3,1.0
5010,0.8716662940410603,0.9978239906579485,0.05361796536268055,0.009444440686389029,0.4713331910097728,0.8645137027789394,0.18,0.28,0.54,1.0
5011,0.916826635267497,0.9978981581636281,0.08869544591253013,0.015273942264931313,0.45615374113536183,0.8645088910286228,0.16,0.52,0.32,0.5
5012,0.8735058212874696,0.9978749826895078,0.054589568135062466,0.010909072476726248,0.4713331910097728,0.8644999380992427,0.32,0.32,0.36,1.0
5013,0.8678142073073997,0.9560807099360354,0.04228393304790902,0.003589010107940195,0.4910576463608645,0.864496649511667,0.0,0.06,0.94,0.0
5014,0.914303402203915,0.9962856961063556,0.08508368893224304,0.015559169361213779,0.45615374113536183,0.8644951391585722,0.1,0.54,0.36,0.25
5015,0.869094126709364,0.9977994078875959,0.05105579409702033,0.009366344088184346,0.4713331910097728,0.8644932708392938,0.02,0.3,0.68,1.0
5016,0.8721533227656542,0.9978335123643699,0.053780346862177884,0.01007105060416116,0.4713331910097728,0.8644890642719151,0.22,0.3,0.48,1.0
5017,0.8741521442422285,0.997980200539713,0.05298895118780514,0.014379223430361186,0.4713331910097728,0.8644774278989085,0.34,0.46,0.2,1.0
5018,0.8737448839723471,0.9979492100801336,0.05228312229607796,0.014794421393340251,0.4713331910097728,0.8644712208247735,0.32,0.48,0.2,1.0
5019,0.8954269240406372,0.9630512877134805,0.08258821663504311,0.013176374344113239,0.5189522386288125,0.8644634091796644,0.58,0.36,0.06,0.0
5020,0.8739701953416122,0.9978843546835642,0.05516488145090414,0.011050013779921613,0.4713331910097728,0.8644464675204105,0.36,0.32,0.32,1.0
5021,0.9120425360162888,0.9981290146306409,0.08421190937752716,0.015091899737211537,0.45615374113536183,0.8644383734137948,0.12,0.52,0.36,0.75
5022,0.8733567439154181,0.9979128599178828,0.053419817331554105,0.012851746935033265,0.4713331910097728,0.8644098803168817,0.32,0.4,0.28,1.0
5023,0.9134622504462174,0.9963035717627509,0.08498018128989426,0.01491911245769071,0.45615374113536183,0.8644033523528889,0.06,0.52,0.42,0.25
5024,0.8747296947595219,0.9980002021116929,0.05446217530703556,0.013548827504403014,0.4713331910097728,0.8643946898488988,0.38,0.42,0.2,1.0
5025,0.9120694554306953,0.9944120458568975,0.08004023244699267,0.0056395227090364555,0.438893593265144,0.8643940486711322,0.78,0.02,0.2,0.25
5026,0.8705968257982647,0.9978037495461844,0.05244032126474719,0.010133895309151755,0.4713331910097728,0.8643917314747878,0.1,0.32,0.58,1.0
5027,0.8719270469236406,0.9978299192676071,0.05393542221901519,0.010000579952563482,0.4713331910097728,0.8643899913954614,0.2,0.3,0.5,1.0
5028,0.874057208318607,0.9979115125065967,0.05445843460082075,0.012507019623651848,0.4713331910097728,0.8643890813916711,0.36,0.38,0.26,1.0
5029,0.8732526160309687,0.9978672275889946,0.05476116105401818,0.010838601825128568,0.4713331910097728,0.8643873961368893,0.3,0.32,0.38,1.0
5030,0.9163428916412142,0.9978861512319456,0.08870613445625514,0.01519834481641873,0.45615374113536183,0.8643740023288828,0.14,0.52,0.34,0.5
5031,0.8743770257040345,0.9979956508557933,0.05421478990418953,0.013478356852805332,0.4713331910097728,0.864373680912962,0.36,0.42,0.22,1.0
5032,0.8740580592163582,0.9979009428136193,0.05487837549800477,0.01202135100907519,0.4713331910097728,0.8643637155999984,0.36,0.36,0.28,1.0
5033,0.8569064732971052,0.9949755631992035,0.05070059772613911,0.004924855905395934,0.4910576463608645,0.8643628520601412,0.0,0.12,0.88,1.0
5034,0.9132941401252399,0.9962953675251424,0.0850044108082024,0.01484095161072069,0.45615374113536183,0.8643603296291671,0.04,0.52,0.44,0.25
5035,0.8737748175954649,0.9979766074429502,0.053050389997246525,0.014308752778763504,0.4713331910097728,0.8643600575775446,0.32,0.46,0.22,1.0
5036,0.8740045321738635,0.9979819072606755,0.05391744518914614,0.013407886201207652,0.4713331910097728,0.864359760994128,0.34,0.42,0.24,1.0
5037,0.8954827764606544,0.9631576433776606,0.0821725044051973,0.014464198077013478,0.5189522386288125,0.8643585027032036,0.54,0.42,0.04,0.0
5038,0.9173671725301532,0.9979196868017322,0.08973804589554812,0.01534953971344389,0.45615374113536183,0.8643583312484067,0.18,0.52,0.3,0.5
5039,0.8678185611886102,0.9560871775102086,0.042471058776742586,0.004072100849191937,0.4910576463608645,0.8643483145917036,0.0,0.08,0.92,0.0
5040,0.8736766722464743,0.9978887562270987,0.05462360839477634,0.011950880357477508,0.4713331910097728,0.8643350758986565,0.34,0.36,0.3,1.0
5041,0.8736021546379897,0.9979696907316817,0.05364999798298702,0.01333741554960997,0.4713331910097728,0.8643284783359415,0.32,0.42,0.26,1.0
5042,0.8737245611057374,0.9979890635117281,0.053473289151999844,0.013823084164186742,0.4713331910097728,0.8643219598611867,0.32,0.44,0.24,1.0
5043,0.8954674125819799,0.9631509362637034,0.08237882916875874,0.014383473831586013,0.5189522386288125,0.8643094995789526,0.52,0.42,0.06,0.0
5044,0.8737364929381795,0.9979415747495125,0.054131916996734586,0.01292221758663095,0.4713331910097728,0.8643085495870201,0.34,0.4,0.26,1.0
5045,0.9174888331517298,0.9963993876764267,0.08912128975927977,0.01562256008042091,0.45615374113536183,0.8642901386965348,0.24,0.52,0.24,0.25
5046,0.8750678334049463,0.9900450858787554,0.04539413782961019,0.004688728978647328,0.4485350058444158,0.8642716384777884,0.76,0.0,0.24,1.0
5047,0.8744977146004537,0.9979971779219176,0.05436371500034746,0.013964025467382108,0.4713331910097728,0.8642700122193528,0.36,0.44,0.2,1.0
5048,0.8737495636892535,0.9978835462367925,0.05526354884473085,0.011465211742900725,0.4713331910097728,0.864268647773137,0.34,0.34,0.32,1.0
5049,0.8729366198911117,0.9978565680685982,0.05491582730572088,0.010768131173530886,0.4713331910097728,0.8642604652503274,0.28,0.32,0.4,1.0
5050,0.8730657838009358,0.9978966460687404,0.05368929209721791,0.012781276283435587,0.4713331910097728,0.8642565003538716,0.3,0.4,0.3,1.0
5051,0.8703513536612203,0.9978042286257528,0.052714552266552674,0.010063424657554075,0.4713331910097728,0.8642531294846566,0.08,0.32,0.6,1.0
5052,0.8741612615550938,0.9979937644799928,0.054149996534020084,0.013893554815784429,0.4713331910097728,0.8642443245340791,0.34,0.44,0.22,1.0
5053,0.873363926584123,0.9978946848367574,0.05434532373490789,0.012366078320456487,0.4713331910097728,0.8642393978785538,0.32,0.38,0.3,1.0
5054,0.8708019460334356,0.9978043184531719,0.0531573935895209,0.010204365960749438,0.4713331910097728,0.8642323554136856,0.12,0.32,0.56,1.0
5055,0.9116020465231244,0.9981200019462607,0.08453682325717028,0.015018865687156413,0.45615374113536183,0.8642257311446242,0.1,0.52,0.38,0.75
5056,0.8733531823053934,0.9979784938187507,0.05348734897676806,0.013752613512589065,0.4713331910097728,0.8642189980895626,0.3,0.44,0.26,1.0
5057,0.9170800770530491,0.9963822905243301,0.08898820289309041,0.015544399233450882,0.45615374113536183,0.864218980215882,0.22,0.52,0.26,0.25
5058,0.8733979286861481,0.9979706488908185,0.05325153136563344,0.014238282127165828,0.4713331910097728,0.8642021541213114,0.3,0.46,0.24,1.0
5059,0.8699292147626716,0.9978050071300514,0.052606116855638846,0.009992954005956397,0.4713331910097728,0.8641719865669728,0.06,0.32,0.62,1.0
5060,0.9157707084283288,0.9978655508105053,0.08890724425788907,0.015122747367906161,0.45615374113536183,0.8641563487688054,0.12,0.52,0.36,0.5
5061,0.9133858066301289,0.9962599455795553,0.0854081071126623,0.015402847667273732,0.45615374113536183,0.8641536549461912,0.06,0.54,0.4,0.25
5062,0.8568600899273581,0.9949809827868208,0.051092776487388296,0.005410524519972675,0.4910576463608645,0.864139457393645,0.0,0.14,0.86,1.0
5063,0.8730559974614664,0.997880402277125,0.05444996873402204,0.012295607668858805,0.4713331910097728,0.8641287767238763,0.3,0.38,0.32,1.0
5064,0.8698693273872301,0.9978030908117779,0.052380388767401684,0.01047862262053319,0.4713331910097728,0.8641217305423817,0.06,0.34,0.6,1.0
5065,0.9114354732071133,0.9981024556570689,0.08441846211782039,0.01550388983340193,0.45615374113536183,0.8641102741829478,0.1,0.54,0.36,0.75
5066,0.8976955822439541,0.9931828474543284,0.0797396316641079,0.009363542611367636,0.4713331910097728,0.8641053776877037,0.0,0.3,0.7,0.25
5067,0.8976704600496658,0.9931754816059646,0.08005312841757431,0.008879807401784614,0.4713331910097728,0.8641030271517671,0.0,0.28,0.72,0.25
5068,0.8734637837107958,0.9978775277997148,0.055625565742111055,0.011394741091303041,0.4713331910097728,0.8640916491478439,0.32,0.34,0.34,1.0
5069,0.8736533463300148,0.9978995654598602,0.05515235639909361,0.012436548972054168,0.4713331910097728,0.864080001360976,0.34,0.38,0.28,1.0
5070,0.8702840379950612,0.9978024021348983,0.052924011966210216,0.010549093272130872,0.4713331910097728,0.864075089794273,0.08,0.34,0.58,1.0
5071,0.8692926920432854,0.9978018032854379,0.05233589639108655,0.009922483354358717,0.4713331910097728,0.8640726124496156,0.04,0.32,0.64,1.0
5072,0.8727787734853631,0.9978875585281778,0.05408673763219201,0.012710805631837905,0.4713331910097728,0.8640684497179688,0.28,0.4,0.32,1.0
5073,0.8705032987263309,0.997802042825222,0.05313803472091897,0.01061956392372855,0.4713331910097728,0.8640649660735118,0.1,0.34,0.56,1.0
5074,0.8733355573397664,0.9979407962452139,0.053321873361519584,0.014723950741742575,0.4713331910097728,0.8640615346879147,0.3,0.48,0.22,1.0
5075,0.8732096828882019,0.9979481920360508,0.054240446008925185,0.013266944898012289,0.4713331910097728,0.8640512388491953,0.3,0.42,0.28,1.0
5076,0.9132139039065661,0.9962477889355077,0.08563706192494336,0.0153246868203037,0.45615374113536183,0.8640498304074562,0.04,0.54,0.42,0.25
5077,0.8690326575177274,0.9978002462768406,0.05224139720426024,0.009852012702761034,0.4713331910097728,0.8640357293726187,0.02,0.32,0.66,1.0
5078,0.8733416758059714,0.9978812706088428,0.055381620699805865,0.011880409705879821,0.4713331910097728,0.8640288321354072,0.32,0.36,0.32,1.0
5079,0.8892704115166622,0.9626271825255728,0.06911654989865906,0.004314273585474348,0.4910576463608645,0.8640281723144395,0.06,0.08,0.86,0.0
5080,0.9127663585096858,0.9962939602289103,0.0857104308692039,0.014762790763750665,0.45615374113536183,0.8640137018913051,0.02,0.52,0.46,0.25
5081,0.8721254495380558,0.998043229445428,0.05025400238813509,0.014253534020379835,0.4667881855330919,0.8640114002980818,0.58,0.42,0.0,1.0
5082,0.878797747632001,0.988557633646357,0.07403301428349947,0.00496442963670295,0.49615405346345554,0.8639917789149583,0.8,0.0,0.2,0.75
5083,0.8689962204146224,0.9977906646854731,0.05173370541179946,0.01089382058351229,0.4713331910097728,0.8639614883130884,0.04,0.36,0.6,1.0
5084,0.892043733258396,0.9632133812911943,0.07935239705413151,0.015430379559517019,0.5189522386288125,0.8639556251110868,0.54,0.46,0.0,0.0
5085,0.9107955359870882,0.9980905086103324,0.0843941399774047,0.015430855783346796,0.45615374113536183,0.8639381256562131,0.08,0.54,0.38,0.75
5086,0.8706891337971847,0.9978025219047905,0.05372924019267208,0.010690034575326232,0.4713331910097728,0.8639361084859347,0.12,0.34,0.54,1.0
5087,0.8723315494743084,0.9978434233229408,0.05517066518269133,0.011112858484912318,0.4713331910097728,0.8639344962828943,0.24,0.34,0.42,1.0
5088,0.8689375671501081,0.9977913533623526,0.051819128487996205,0.010823349931914607,0.4713331910097728,0.8639334418759043,0.02,0.36,0.62,1.0
5089,0.8976426882565348,0.9931606001968718,0.08094099921627025,0.008396072192201594,0.4713331910097728,0.8639330250847348,0.0,0.26,0.74,0.25
5090,0.8847472435863392,0.9617830742685616,0.06506029831324973,0.0032686225888564394,0.4910576463608645,0.863924122705488,0.16,0.02,0.82,0.0
5091,0.9109554809044005,0.9981097316780136,0.08498566588112724,0.01494583163710128,0.45615374113536183,0.8639153191232365,0.08,0.52,0.4,0.75
5092,0.8691219936240155,0.997800725356409,0.05237783477878622,0.010408151968935509,0.4713331910097728,0.8639120066507736,0.04,0.34,0.62,1.0
5093,0.8689812057892563,0.9977992581752309,0.052293957255438776,0.010337681317337827,0.4713331910097728,0.8639078462908838,0.02,0.34,0.64,1.0
5094,0.8727096480915069,0.9978468068223925,0.05597151619744874,0.010697660521933208,0.4713331910097728,0.8639003962280711,0.26,0.32,0.42,1.0
5095,0.9149691651248881,0.9978540529008643,0.08902322412699214,0.015047149919393585,0.45615374113536183,0.86389581586463,0.1,0.52,0.38,0.5
5096,0.8710248359868038,0.9978086002268143,0.054528710878325594,0.010274836612347122,0.4713331910097728,0.8638900920050141,0.14,0.32,0.54,1.0
5097,0.8855696630681038,0.961888531658551,0.06588058729028329,0.0035902648392532595,0.4910576463608645,0.8638856533405841,0.12,0.04,0.84,0.0
5098,0.912585619477625,0.9962372491850033,0.08562134785391923,0.015246525973333673,0.45615374113536183,0.86387993040806,0.02,0.54,0.44,0.25
5099,0.8724167562069678,0.9978408482702608,0.055818410411304496,0.010627189870335523,0.4713331910097728,0.8638699060018895,0.24,0.32,0.44,1.0
5100,0.8718448474868589,0.9978302186923373,0.05531820153140196,0.010486248567140161,0.4713331910097728,0.8638692569838963,0.2,0.32,0.48,1.0
5101,0.8721212061794835,0.9978363269568342,0.05556087633823159,0.010556719218737843,0.4713331910097728,0.8638689655529661,0.22,0.32,0.46,1.0
5102,0.8700477190881012,0.9977834485494743,0.052335327055119715,0.01207656976745879,0.4713331910097728,0.863865714345681,0.1,0.4,0.5,1.0
5103,0.8568732915041058,0.9949829889325134,0.051734950373458016,0.0058961931345494,0.4910576463608645,0.8638612928494437,0.0,0.16,0.84,1.0
5104,0.8696117737326237,0.9977959944456712,0.05270034299935285,0.010964291235109972,0.4713331910097728,0.8638539469914189,0.06,0.36,0.58,1.0
5105,0.8714990140270441,0.9978208766407539,0.055073015856476996,0.010415777915542485,0.4713331910097728,0.863848945399996,0.18,0.32,0.5,1.0
5106,0.8687952364611558,0.9977823107354994,0.05162328437158367,0.011309018546491273,0.4713331910097728,0.8638487612193825,0.02,0.38,0.6,1.0
5107,0.8730942965003268,0.9978707308583384,0.05582652369481234,0.011809939054282143,0.4713331910097728,0.8638387596425431,0.3,0.36,0.34,1.0
5108,0.8729902531552282,0.9979694811343706,0.054501765006437,0.013682142860991382,0.4713331910097728,0.8638301629770953,0.28,0.44,0.28,1.0
5109,0.8731677509675871,0.9978709703981226,0.05630187770889954,0.01132427043970536,0.4713331910097728,0.8638208074608462,0.3,0.34,0.36,1.0
5110,0.871255711971229,0.9978141994692696,0.05497476733921744,0.010345307263944803,0.4713331910097728,0.8638173958675734,0.16,0.32,0.52,1.0
5111,0.8726244935256134,0.9978548014626898,0.05584284163935091,0.011183329136509997,0.4713331910097728,0.8638160429608035,0.26,0.34,0.4,1.0
5112,0.8702609975000711,0.9977971023171731,0.05341962600123334,0.011105232538305327,0.4713331910097728,0.8638131508377778,0.1,0.36,0.54,1.0
5113,0.8786470838302706,0.9885659875963305,0.07430373854143446,0.005256565836923462,0.49615405346345554,0.8638112911180169,0.88,0.0,0.12,0.75
5114,0.8917368567075388,0.9632158365739822,0.07926914020704166,0.015832746055341317,0.5189522386288125,0.8638074799871663,0.52,0.48,0.0,0.0
5115,0.8700278379556928,0.9977967430074969,0.05327088519793106,0.011034761886707652,0.4713331910097728,0.8638001607321927,0.08,0.36,0.56,1.0
5116,0.8886778361730394,0.9624975915023262,0.06942639566060614,0.004073355580505023,0.4910576463608645,0.8637897420700191,0.12,0.06,0.82,0.0
5117,0.8787540895538524,0.988565358804397,0.07458860791565086,0.005183531786868334,0.49615405346345554,0.8637757093996158,0.86,0.0,0.14,0.75
5118,0.8704847698724567,0.9978008750687741,0.05375314884448428,0.011175703189903012,0.4713331910097728,0.8637705199815177,0.12,0.36,0.52,1.0
5119,0.8729026167885626,0.9978632152976095,0.0562486770138985,0.011253799788107682,0.4713331910097728,0.8637695485481515,0.28,0.34,0.38,1.0
5120,0.8721700439090646,0.9978531097129639,0.05458079492845274,0.012569864328642546,0.4713331910097728,0.8637662969811901,0.24,0.4,0.36,1.0
5121,0.8725991206497238,0.997940975900052,0.054061912897601455,0.014097340823970468,0.4713331910097728,0.8637524223389287,0.26,0.46,0.28,1.0
5122,0.8719087634273839,0.9978359377046849,0.05509475577420805,0.011528056447891422,0.4713331910097728,0.8637454008589178,0.22,0.36,0.42,1.0
5123,0.8729519350862738,0.9979518450177596,0.05442263545973514,0.014167811475568145,0.4713331910097728,0.8637417203769249,0.28,0.46,0.26,1.0
5124,0.8724722585130822,0.9978724375793008,0.05496814882308343,0.012640334980240227,0.4713331910097728,0.8637339997034558,0.26,0.4,0.34,1.0
5125,0.8696310603913336,0.9977803345322799,0.05245183302113684,0.012006099115861112,0.4713331910097728,0.8637207272485097,0.08,0.4,0.52,1.0
5126,0.8712273708118669,0.9978168344068957,0.05392674856032084,0.012358452373849513,0.4713331910097728,0.8637090540374422,0.18,0.4,0.42,1.0
5127,0.8722938063677341,0.9979306756893319,0.0539438887724197,0.014026870172372785,0.4713331910097728,0.8637074317170643,0.24,0.46,0.3,1.0
5128,0.8703240332014452,0.9977857690911337,0.0531674229911476,0.012147040419056471,0.4713331910097728,0.8636947703945235,0.12,0.4,0.48,1.0
5129,0.8719706862203479,0.9979177704834586,0.05371199976221514,0.013956399520775098,0.4713331910097728,0.8636895630472987,0.22,0.46,0.32,1.0
5130,0.8788029025349188,0.9885620351898914,0.07499020373882612,0.005110497736813206,0.49615405346345554,0.8636885855012636,0.84,0.0,0.16,0.75
5131,0.8708837326738909,0.997806983333271,0.054751415893810766,0.01076050522692391,0.4713331910097728,0.863686125669909,0.14,0.34,0.52,1.0
5132,0.8713402848700982,0.9978179722208707,0.054798744460525906,0.01138711514469606,0.4713331910097728,0.8636857615406582,0.18,0.36,0.46,1.0
5133,0.871131634675377,0.9978122831509961,0.054981213700860766,0.010830975878521592,0.4713331910097728,0.8636808914813665,0.16,0.34,0.5,1.0
5134,0.8724766787387183,0.9978948944340685,0.05484313821667874,0.013126003594816924,0.4713331910097728,0.8636776310128302,0.26,0.42,0.32,1.0
5135,0.8690763948372651,0.9977765318382058,0.05207391232641301,0.011935628464263433,0.4713331910097728,0.8636768961709231,0.06,0.4,0.54,1.0
5136,0.9104662091527314,0.9981036234135168,0.08537503545983041,0.014872797587046153,0.45615374113536183,0.8636698798560186,0.06,0.52,0.42,0.75
5137,0.8726186649474291,0.9979430119882177,0.05470674415573752,0.0136116722093937,0.4713331910097728,0.8636696657927159,0.26,0.44,0.3,1.0
5138,0.8714642544412141,0.9978188106101153,0.05534097864125731,0.010901446530119277,0.4713331910097728,0.8636637561805869,0.18,0.34,0.48,1.0
5139,0.8728269313534386,0.9979221121420471,0.05522720771841408,0.01319647424641461,0.4713331910097728,0.8636618762900216,0.28,0.42,0.3,1.0
5140,0.8720358238457023,0.9978333027670588,0.05585399447783996,0.011042387833314637,0.4713331910097728,0.8636611874841686,0.22,0.34,0.44,1.0
5141,0.8788120915936304,0.9885602086990369,0.07519155227152446,0.005037463686758075,0.49615405346345554,0.8636475781493371,0.82,0.0,0.18,0.75
5142,0.8722870360582597,0.9978484237159357,0.055835999054540134,0.011598527099489104,0.4713331910097728,0.8636327838186232,0.24,0.36,0.4,1.0
5143,0.8708842141196714,0.9978027614445746,0.05396263090513735,0.012287981722251828,0.4713331910097728,0.8636077367595706,0.16,0.4,0.44,1.0
5144,0.8719036589692623,0.9978422256240198,0.05525556223352346,0.012013725062468086,0.4713331910097728,0.8636012800501868,0.22,0.38,0.4,1.0
5145,0.870585226749075,0.9977903952032158,0.053735075079949866,0.012217511070654153,0.4713331910097728,0.8635959384746119,0.14,0.4,0.46,1.0
5146,0.8701319258138845,0.9977888082521456,0.05371932657647385,0.011590901152881998,0.4713331910097728,0.8635895761925221,0.1,0.38,0.52,1.0
5147,0.8707541079088277,0.9978065042537025,0.05462105980924604,0.011246173841500697,0.4713331910097728,0.8635876454708897,0.14,0.36,0.5,1.0
5148,0.8725986152142899,0.9978584544443987,0.05629229695871645,0.011668997751086785,0.4713331910097728,0.8635820082996776,0.26,0.36,0.38,1.0
5149,0.8948836128376273,0.9938707158871019,0.05594991742998518,0.006893309096952796,0.42371414339073304,0.8635804172406956,0.0,0.2,0.8,0.75
5150,0.871630284150981,0.9978263860557903,0.05543287097558483,0.01145758579629374,0.4713331910097728,0.8635769590341272,0.2,0.36,0.44,1.0
5151,0.9100899017630987,0.998101317843094,0.08535710300415673,0.014799763536991029,0.45615374113536183,0.8635764228265507,0.04,0.52,0.44,0.75
5152,0.8699085055725091,0.9977624289334117,0.05285355712447638,0.012562238382035481,0.4713331910097728,0.8635741340354586,0.1,0.42,0.48,1.0
5153,0.9141500828430139,0.9978436329202519,0.08934510016370091,0.014971552470881009,0.45615374113536183,0.8635707738802902,0.08,0.52,0.4,0.5
5154,0.8715581995250818,0.9978307875993248,0.055085073118224116,0.011943254410870406,0.4713331910097728,0.8635592134037816,0.2,0.38,0.42,1.0
5155,0.8694781719262379,0.997759075376433,0.05255425116730989,0.0124917677304378,0.4713331910097728,0.8635449864823724,0.08,0.42,0.5,1.0
5156,0.871024722076343,0.9978115046466975,0.055007183859188756,0.011316644493098374,0.4713331910097728,0.86354407379937,0.16,0.36,0.48,1.0
5157,0.8722602941662416,0.9979115723915427,0.054813950016339714,0.013541201557796024,0.4713331910097728,0.8635405996764889,0.24,0.44,0.32,1.0
5158,0.8721924538299545,0.9978663742285134,0.055064835138024175,0.013055532943219244,0.4713331910097728,0.8635382114298862,0.24,0.42,0.34,1.0
5159,0.8897818113296889,0.9626226911546192,0.0713070627004344,0.004394997830901819,0.4910576463608645,0.8635327253123939,0.08,0.08,0.84,0.0
5160,0.8686649300014931,0.9977690761624229,0.052254615123985146,0.011794687161068068,0.4713331910097728,0.8635283868234769,0.02,0.4,0.58,1.0
5161,0.8715924691519236,0.9978957627657863,0.053927166210367986,0.013885928869177427,0.4713331910097728,0.863524806985897,0.2,0.46,0.34,1.0
5162,0.8717795085662621,0.9978252781842885,0.05610939040076093,0.010971917181716955,0.4713331910097728,0.8635234916569483,0.2,0.34,0.46,1.0
5163,0.8687547388052292,0.997770393631236,0.052319662240419645,0.011865157812665752,0.4713331910097728,0.8635226643241392,0.04,0.4,0.56,1.0
5164,0.9139527751418415,0.9977970723747001,0.08895174898129157,0.015455932148795275,0.45615374113536183,0.8635212187125608,0.08,0.54,0.38,0.5
5165,0.872950484966725,0.9979325321226593,0.05484387303419442,0.014653480090144895,0.4713331910097728,0.8635197112119382,0.28,0.48,0.24,1.0
5166,0.8715105418388476,0.9978271645600889,0.054869516046507055,0.012428923025447186,0.4713331910097728,0.8635094355427895,0.2,0.4,0.4,1.0
5167,0.8697973538771704,0.9977865026817228,0.05376676628329196,0.011520430501284318,0.4713331910097728,0.8634892647003103,0.08,0.38,0.54,1.0
5168,0.872568710180636,0.9979241482302127,0.05459767512716141,0.014583009438547205,0.4713331910097728,0.8634890530224747,0.26,0.48,0.26,1.0
5169,0.8712335221576163,0.9978167445794767,0.05503424237451975,0.011872783759272724,0.4713331910097728,0.8634884645232577,0.18,0.38,0.44,1.0
5170,0.8704118537382819,0.9977950063440615,0.05431858407042805,0.011661371804479683,0.4713331910097728,0.8634874809903604,0.12,0.38,0.5,1.0
5171,0.8727471843532262,0.9978682156906045,0.056558437941637126,0.012225137017261129,0.4713331910097728,0.863440023319807,0.28,0.38,0.34,1.0
5172,0.9155418337688773,0.9978274639848191,0.09081836058316048,0.015607127045820434,0.45615374113536183,0.863433665802528,0.12,0.54,0.34,0.5
5173,0.8721997773053156,0.9978511335097444,0.0561060213959685,0.012084195714065764,0.4713331910097728,0.8634319669603144,0.24,0.38,0.38,1.0
5174,0.8718246990691283,0.9978383331025268,0.05544409667773624,0.012499393677044869,0.4713331910097728,0.8634254749374668,0.22,0.4,0.38,1.0
5175,0.8719127256287,0.9978509987686158,0.05525006661201477,0.01298506229162156,0.4713331910097728,0.8634126342750563,0.22,0.42,0.36,1.0
5176,0.8855030787735015,0.9618701170376415,0.06741216483952232,0.003670989084680732,0.4910576463608645,0.8634048511429766,0.14,0.04,0.82,0.0
5177,0.8969701265256304,0.9935615897956052,0.08203700755015347,0.00885660654185971,0.4713331910097728,0.8633830569777285,0.0,0.28,0.72,0.5
5178,0.9146945988543778,0.9978082109746649,0.09022299014647944,0.015531529597307856,0.45615374113536183,0.8633635144616558,0.1,0.54,0.36,0.5
5179,0.8702435757942535,0.9977700043790867,0.05389802212693358,0.01263270903363316,0.4713331910097728,0.8633603283926281,0.12,0.42,0.46,1.0
5180,0.9103115946253286,0.9980823043727239,0.08594879499357565,0.015357821733291662,0.45615374113536183,0.8633577408056303,0.06,0.54,0.4,0.75
5181,0.8845147406073478,0.9617724446906382,0.0667626818784962,0.0033493468342839098,0.4910576463608645,0.8633454284605622,0.18,0.02,0.8,0.0
5182,0.8689032177682204,0.9977821909656073,0.05345175476500274,0.011379489198088958,0.4713331910097728,0.8633394584818987,0.04,0.38,0.58,1.0
5183,0.8718540122554135,0.9978836061217387,0.055156999647918946,0.013470730906198337,0.4713331910097728,0.8633296310926377,0.22,0.44,0.34,1.0
5184,0.8728644580407084,0.997865221443302,0.05742567625565523,0.011739468402684467,0.4713331910097728,0.8633216579288912,0.28,0.36,0.36,1.0
5185,0.894600328757614,0.9937094157849232,0.05686314687258623,0.006408284950707331,0.42371414339073304,0.863304739513007,0.0,0.18,0.82,0.75
5186,0.8793419331717136,0.9884320249720225,0.07651481673376886,0.005546591734303566,0.49615405346345554,0.8633036640387078,0.88,0.0,0.12,0.25
5187,0.9134480393825475,0.9978362071869421,0.08959376319267195,0.014895955022368432,0.45615374113536183,0.8633024174881065,0.06,0.52,0.42,0.5
5188,0.8705661145579269,0.9977866523940878,0.05440660084214381,0.012703179685230838,0.4713331910097728,0.8632987482955938,0.14,0.42,0.44,1.0
5189,0.8899283232151045,0.9625993360256607,0.07222919119563875,0.00447572207632929,0.4910576463608645,0.8632909607181706,0.1,0.08,0.82,0.0
5190,0.8969012499533653,0.9935426661526542,0.08194824643202255,0.009340986219773978,0.4713331910097728,0.8632882905690137,0.0,0.3,0.7,0.5
5191,0.8855188033006615,0.9618629907290618,0.06778189550222892,0.0037517133301082023,0.4910576463608645,0.8632856729870418,0.16,0.04,0.8,0.0
5192,0.8692508040495239,0.9977853049828018,0.0539648453067382,0.011449959849686638,0.4713331910097728,0.8632820607025318,0.06,0.38,0.56,1.0
5193,0.8689093303796938,0.9977519490678534,0.05293448078460582,0.012421297078840118,0.4713331910097728,0.8632776481257876,0.06,0.42,0.52,1.0
5194,0.870919761292767,0.9978077318950965,0.05553217295021759,0.01180231310767504,0.4713331910097728,0.8632634060970121,0.16,0.38,0.46,1.0
5195,0.8706612854257357,0.9978009050112472,0.05537570308020274,0.01173184245607736,0.4713331910097728,0.8632440810957487,0.14,0.38,0.48,1.0
5196,0.9098925589178375,0.9980670636539548,0.08605141638728339,0.015284787683236533,0.45615374113536183,0.8632147405204205,0.04,0.54,0.42,0.75
5197,0.9130670965280074,0.9978330931697477,0.08961348124827548,0.014820357573855856,0.45615374113536183,0.863197097590661,0.04,0.52,0.44,0.5
5198,0.8724898472062232,0.9978604905325643,0.057226957181289236,0.012154666365663447,0.4713331910097728,0.8631828636539627,0.26,0.38,0.36,1.0
5199,0.896982419408002,0.9935611406585099,0.08313822207298946,0.008372226863945441,0.4713331910097728,0.8631658100612485,0.0,0.26,0.74,0.5
5200,0.9212117011335057,0.9961542935634912,0.08033021681358016,0.01168450712366384,0.41916913791405225,0.8631467225508529,0.62,0.3,0.08,0.5
5201,0.8714865082071451,0.9978300090950262,0.055849223846313516,0.012914591640023884,0.4713331910097728,0.8631228344937437,0.2,0.42,0.38,1.0
5202,0.8709134832499492,0.9977980305338369,0.05536031498682798,0.012773650336828523,0.4713331910097728,0.863115387760451,0.16,0.42,0.42,1.0
5203,0.8714635681937678,0.9978457139221271,0.055532346949124275,0.013400260254600659,0.4713331910097728,0.8631126058365098,0.2,0.44,0.36,1.0
5204,0.8711252717906742,0.9978141395843236,0.05555724579961382,0.012844120988426206,0.4713331910097728,0.863110424328521,0.18,0.42,0.4,1.0
5205,0.9086592962464505,0.9980807473641267,0.0855658042599071,0.0147267294869359,0.45615374113536183,0.8630985439563825,0.02,0.52,0.46,0.75
5206,0.8793995192934905,0.9884282821628946,0.07735566689545605,0.005468430887333544,0.49615405346345554,0.8630933925515865,0.86,0.0,0.14,0.25
5207,0.8843054185851116,0.9617556769057448,0.067496047626848,0.003430071079711381,0.4910576463608645,0.863052367211411,0.2,0.02,0.78,0.0
5208,0.9133326387691675,0.9977876404956977,0.0901579223280642,0.015380334700282694,0.45615374113536183,0.8630008544474426,0.06,0.54,0.4,0.5
5209,0.8854441633808284,0.9618335273356065,0.06864160952020701,0.0038324375755356727,0.4910576463608645,0.8629946556229242,0.18,0.04,0.78,0.0
5210,0.8975997029967614,0.9931833564763698,0.08315526143843775,0.00984727782095058,0.4713331910097728,0.8629944007975479,0.0,0.32,0.68,0.25
5211,0.8962604597586336,0.9952970854745321,0.08164302601378305,0.011743550559407807,0.4713331910097728,0.8629667715377036,0.0,0.4,0.6,0.75
5212,0.9124441547664628,0.9978241703127866,0.08984858486210054,0.014744760125343283,0.45615374113536183,0.8629561595598038,0.02,0.52,0.46,0.5
5213,0.9189232355613554,0.9956316626680989,0.07990591852994827,0.00956499852814282,0.41916913791405225,0.8629281165699338,0.7,0.2,0.1,0.5
5214,0.9130577998492185,0.9977845264785031,0.09021653742368764,0.015304737251770114,0.45615374113536183,0.8629161424170257,0.04,0.54,0.42,0.5
5215,0.8557538594510804,0.9949038509763117,0.05302471221715564,0.016580902655237872,0.5037727887544016,0.8629117753918325,0.0,0.6,0.4,1.0
5216,0.8710543091604083,0.9978085702843412,0.05585233327372067,0.013329789603002982,0.4713331910097728,0.8629060221744241,0.18,0.44,0.38,1.0
5217,0.8791346675229015,0.9885443691308075,0.07792537675741855,0.005401578785613514,0.49615405346345554,0.862880336967421,0.88,0.0,0.12,0.5
5218,0.9150181102000969,0.9959910921142755,0.08027286175207558,0.007257509951332671,0.42371414339073304,0.8628478644819768,0.08,0.2,0.72,0.25
5219,0.8979357385916323,0.9938888310832813,0.08373218645446631,0.010794125253516758,0.4713331910097728,0.8628451978086148,0.0,0.36,0.64,0.5
5220,0.9150983577707381,0.9960179055988682,0.08037947274251232,0.0073356707983026955,0.42371414339073304,0.8628295671770226,0.1,0.2,0.7,0.25
5221,0.9084831146743282,0.9980608056770929,0.08605987350625366,0.0152117536331814,0.45615374113536183,0.8628031351521297,0.02,0.54,0.44,0.75
5222,0.9082803921073629,0.9980259226960203,0.08549732551329961,0.015696777779426917,0.45615374113536183,0.8628023981455695,0.02,0.56,0.42,0.75
5223,0.8701949237106092,0.9977529671119362,0.05543697233269133,0.013118377648209941,0.4713331910097728,0.8628019962885427,0.12,0.44,0.44,1.0
5224,0.9125584118097635,0.9977785978688445,0.09022499454265792,0.015229139803257538,0.45615374113536183,0.8627781159947233,0.02,0.54,0.44,0.5
5225,0.8791984062932673,0.9885430816044675,0.07841809828058133,0.00532598133710094,0.49615405346345554,0.8627722155796809,0.86,0.0,0.14,0.5
5226,0.9122907987664348,0.997756500323753,0.08966335939012336,0.015713519481171802,0.45615374113536183,0.8627596951642482,0.02,0.56,0.42,0.5
5227,0.8971238518014147,0.9938702368075335,0.0835181213952127,0.01030974557560247,0.4713331910097728,0.8627574846856526,0.0,0.34,0.66,0.5
5228,0.8900219232860405,0.9625920899471889,0.0741188056333578,0.00455644632175676,0.4910576463608645,0.8627565815028972,0.12,0.08,0.8,0.0
5229,0.8979815188015225,0.9938532594253291,0.08377279239988954,0.011278504931430929,0.4713331910097728,0.8627450037880876,0.0,0.38,0.62,0.5
5230,0.8782397363553935,0.9883331848685712,0.08023487617767609,0.0046868224176333136,0.5006990589401363,0.8627385014008229,0.66,0.0,0.34,0.25
5231,0.8708315780689447,0.9977901257209586,0.05626858054367731,0.013259318951405296,0.4713331910097728,0.8627304267183672,0.16,0.44,0.4,1.0
5232,0.8974108842109657,0.9931939561118202,0.08361776651776835,0.010331013030533635,0.4713331910097728,0.8627091473083428,0.0,0.34,0.66,0.25
5233,0.9144890227536026,0.9959580655665303,0.08024525024731319,0.007179349104362649,0.42371414339073304,0.8627077834314592,0.06,0.2,0.74,0.25
5234,0.897957658327819,0.9938034351502176,0.0835432811937981,0.011762884609345227,0.4713331910097728,0.8626997190048983,0.0,0.4,0.6,0.5
5235,0.8968392084365778,0.9935432051171686,0.08365974292538637,0.009825365897688171,0.4713331910097728,0.8626790495223768,0.0,0.32,0.68,0.5
5236,0.8704419493204748,0.997765333353295,0.056146132245490636,0.01318884829980762,0.4713331910097728,0.862659244479508,0.14,0.44,0.42,1.0
5237,0.8792381737600802,0.9885395783351236,0.07896217512941278,0.005250383888588365,0.49615405346345554,0.8626417524246913,0.84,0.0,0.16,0.5
5238,0.8911272311231805,0.9622035863597064,0.07119914421490248,0.00730107066629077,0.48651264088418383,0.8626416588354039,0.8,0.08,0.12,0.0
5239,0.8865624858408244,0.962195591719409,0.07103983349660745,0.004154079825932493,0.4910576463608645,0.8626281524008753,0.14,0.06,0.8,0.0
5240,0.8779166671039212,0.9883162973137859,0.0803313497571728,0.004608661570663292,0.5006990589401363,0.8626268432706141,0.64,0.0,0.36,0.25
5241,0.8788894484068115,0.9883840870727115,0.08118082703617263,0.004921304958543381,0.5006990589401363,0.8626212101161919,0.72,0.0,0.28,0.25
5242,0.8789427726802037,0.988386003390985,0.08119762651274652,0.004999465805513405,0.5006990589401363,0.862617015372248,0.74,0.0,0.26,0.25
5243,0.8895836016931291,0.9625677766590938,0.07417039171229645,0.004637170567184231,0.4910576463608645,0.8625904085866714,0.14,0.08,0.78,0.0
5244,0.8784989827877464,0.988360642116334,0.08098063957611991,0.004764983264603339,0.5006990589401363,0.8625895799169769,0.68,0.0,0.32,0.25
5245,0.9207809603177551,0.9961238270971895,0.08209956948091286,0.01127572489426213,0.41916913791405225,0.862584159518314,0.64,0.28,0.08,0.5
5246,0.8558915237723205,0.9949279247246228,0.05472123243058043,0.016095234040661086,0.5037727887544016,0.8625643072136315,0.0,0.58,0.42,1.0
5247,0.8843424651010959,0.9617399271649344,0.06919624150079332,0.00351079532513885,0.4910576463608645,0.862554401601901,0.22,0.02,0.76,0.0
5248,0.9150121631124695,0.9960005239932779,0.0809717059827702,0.007741245160915679,0.42371414339073304,0.862549104274427,0.08,0.22,0.7,0.25
5249,0.8916966238347817,0.9622544586213737,0.07183288487451098,0.007784161407542493,0.48651264088418383,0.8625406304385186,0.8,0.1,0.1,0.0
5250,0.8905415935085635,0.9621161842809502,0.07145705016854718,0.006496337674642211,0.48651264088418383,0.8625393879094674,0.84,0.04,0.12,0.0
5251,0.8973720593201949,0.9931885065817299,0.08395833195658864,0.010814748240116674,0.4713331910097728,0.8625016689557445,0.0,0.36,0.64,0.25
5252,0.8858308994859844,0.961917486029965,0.07054202115099611,0.004234804071359962,0.4910576463608645,0.8624944540723825,0.16,0.06,0.78,0.0
5253,0.8787291008221538,0.988375882835103,0.08150786714091693,0.004843144111573359,0.5006990589401363,0.86249314354709,0.7,0.0,0.3,0.25
5254,0.8775970094406959,0.9883021045815726,0.0805809258625439,0.004530500723693269,0.5006990589401363,0.8624724367892999,0.62,0.0,0.38,0.25
5255,0.8972588160401125,0.9932053941365152,0.08363183285754111,0.011298483449699595,0.4713331910097728,0.8624676897892312,0.0,0.38,0.62,0.25
5256,0.9153209767108877,0.9960269033120118,0.08158253935884008,0.007819406007885702,0.42371414339073304,0.8624538238258754,0.1,0.22,0.68,0.25
5257,0.9145044200974662,0.9959794444922693,0.08082745078188122,0.0076630843139456565,0.42371414339073304,0.8624508748667576,0.06,0.22,0.72,0.25
5258,0.9136645691472307,0.9959439027767901,0.08033207458783433,0.007101188257392628,0.42371414339073304,0.8624489028913809,0.04,0.2,0.76,0.25
5259,0.8854777474818052,0.9618431987543932,0.07058538422805273,0.003913161820963144,0.4910576463608645,0.8624291818906269,0.2,0.04,0.76,0.0
5260,0.888777494767896,0.9625183116936585,0.07383061269482113,0.0047178948126117,0.4910576463608645,0.8624230514159025,0.16,0.08,0.76,0.0
5261,0.9150451748372552,0.9959529753461163,0.08209319071044971,0.006773774741749706,0.42371414339073304,0.8624217774876104,0.08,0.18,0.74,0.25
5262,0.8970313236925748,0.9931788651054162,0.08329099721207758,0.011782218659282646,0.4713331910097728,0.8623970600674821,0.0,0.4,0.6,0.25
5263,0.8784170039853264,0.9884423850676887,0.08174985673029041,0.004570006851975182,0.5006990589401363,0.862394293846742,0.66,0.0,0.34,0.5
5264,0.8553700685125895,0.9948582485898967,0.053737587971578196,0.017552239884391252,0.5037727887544016,0.8623898378433574,0.0,0.64,0.36,1.0
5265,0.9141924199187434,0.9960339397931723,0.08092889156055419,0.0074138316452727155,0.42371414339073304,0.8623860300203438,0.12,0.2,0.68,0.25
5266,0.8911739532111386,0.96220679020432,0.07209897966773371,0.007381794911718242,0.48651264088418383,0.8623803735603148,0.82,0.08,0.1,0.0
5267,0.8781054696704309,0.9884392411080212,0.08162536261535094,0.004494409403462608,0.5006990589401363,0.8623514028564744,0.64,0.0,0.36,0.5
5268,0.8786632779802658,0.9884449601203688,0.08216491355729692,0.004645604300487762,0.5006990589401363,0.8623336827282213,0.68,0.0,0.32,0.5
5269,0.8555624727372774,0.9948817234887473,0.05454728561783602,0.017066571269814586,0.5037727887544016,0.8623145847127315,0.0,0.62,0.38,1.0
5270,0.8790219439085865,0.9884519367165833,0.08246492335788404,0.004872396646025483,0.5006990589401363,0.8623104059967373,0.74,0.0,0.26,0.5
5271,0.8551515216414132,0.9948347736910461,0.053634909709535106,0.01803790849896813,0.5037727887544016,0.8622532455081529,0.0,0.66,0.34,1.0
5272,0.9205875354752054,0.9960691820839213,0.08338277031958352,0.010791345216347836,0.41916913791405225,0.8622445577518587,0.64,0.26,0.1,0.5
5273,0.8777761030473747,0.9884342706574992,0.08170957181950575,0.004418811954950033,0.5006990589401363,0.8622426691514354,0.62,0.0,0.38,0.5
5274,0.8908435742430905,0.9621661582684268,0.07255349437828738,0.0068987041704664884,0.48651264088418383,0.8622406380039813,0.82,0.06,0.12,0.0
5275,0.9189682327824846,0.9956035766284027,0.08246832364033636,0.009413803631117665,0.41916913791405225,0.8622282879806222,0.66,0.2,0.14,0.5
5276,0.8854859854783675,0.961843108926974,0.07139663182337354,0.003993886066390611,0.4910576463608645,0.8621814183898567,0.22,0.04,0.74,0.0
5277,0.8788465080385383,0.9884477447703599,0.08286556726968793,0.004721201749000335,0.5006990589401363,0.8621717840262499,0.7,0.0,0.3,0.5
5278,0.8789577075968306,0.9884497808585255,0.08295373454385127,0.004796799197512907,0.5006990589401363,0.8621648901194192,0.72,0.0,0.28,0.5
5279,0.9197821771858569,0.9958407210147504,0.08267851439605814,0.01086694266486041,0.41916913791405225,0.8621567669206535,0.66,0.26,0.08,0.5
5280,0.9145711920763365,0.9959382735918616,0.08260862469318551,0.006695613894779683,0.42371414339073304,0.8621442867554309,0.06,0.18,0.76,0.25
5281,0.8857255524669966,0.9618965861837944,0.0716595511764529,0.004315528316787434,0.4910576463608645,0.8621211191355208,0.18,0.06,0.76,0.0
5282,0.9189472181025768,0.9956290277304728,0.08282183046904665,0.009489401079630247,0.41916913791405225,0.8621086812425177,0.68,0.2,0.12,0.5
5283,0.8843120760950185,0.9617455862923359,0.07068296728563951,0.0035915195705663225,0.4910576463608645,0.8621010105367106,0.24,0.02,0.74,0.0
5284,0.8901058068805957,0.9626075402632692,0.07605015153781913,0.00520098555386345,0.4910576463608645,0.862097887650533,0.16,0.1,0.74,0.0
5285,0.8905021675965771,0.9621167232454646,0.07302443699703745,0.006415613429214736,0.48651264088418383,0.8620915335887106,0.82,0.04,0.14,0.0
5286,0.9143301480830403,0.9959984879051123,0.08259258762707809,0.0068519355887197275,0.42371414339073304,0.8620543686847904,0.1,0.18,0.72,0.25
5287,0.890814044224102,0.9621653198791821,0.07325314009943701,0.006817979925039014,0.48651264088418383,0.8620459230065272,0.8,0.06,0.14,0.0
5288,0.8898653592573018,0.962641345315313,0.07622921773064276,0.0049588128175810445,0.4910576463608645,0.8620275910869323,0.1,0.1,0.8,0.0
5289,0.8900149391833444,0.9626227809820382,0.07637065259319424,0.005039537063008513,0.4910576463608645,0.862012726090706,0.12,0.1,0.78,0.0
5290,0.8894320919247448,0.962643950310466,0.07592875583428302,0.004878088572153573,0.4910576463608645,0.8620008414630945,0.08,0.1,0.82,0.0
5291,0.9126430468536222,0.9959282728058717,0.08087329584662545,0.007023027410422605,0.42371414339073304,0.8619995704318384,0.02,0.2,0.78,0.25
5292,0.9181501850406423,0.9953419542703581,0.08063726311372638,0.011786528867438363,0.41916913791405225,0.8619974176453603,0.62,0.3,0.08,0.25
5293,0.8889479417647621,0.9626494896679754,0.07550782474241081,0.004797364326726104,0.4910576463608645,0.8619940272075717,0.06,0.1,0.84,0.0
5294,0.8856771263988684,0.9618560141328473,0.07220175597711921,0.004074610311818084,0.4910576463608645,0.8619922418730207,0.24,0.04,0.72,0.0
5295,0.9195344706715953,0.995773140853136,0.083314859315186,0.010382562986946228,0.41916913791405225,0.8619855835458915,0.66,0.24,0.1,0.5
5296,0.89048184313718,0.9621089681449515,0.07359085612295911,0.006093971178817911,0.48651264088418383,0.8619851674230875,0.86,0.02,0.12,0.0
5297,0.8772138616144544,0.9882860254735589,0.0819347104360267,0.004452339876723246,0.5006990589401363,0.8619800930865003,0.6,0.0,0.4,0.25
5298,0.8905071612360848,0.9621061834949604,0.07379882135981707,0.006013246933390435,0.48651264088418383,0.8619484839211673,0.84,0.02,0.14,0.0
5299,0.8901423871807737,0.9626187686906531,0.07668336281330557,0.0051202613084359834,0.4910576463608645,0.8619439847003836,0.14,0.1,0.76,0.0
5300,0.8857314156697484,0.9619033531826977,0.07228305014993205,0.0043962525622149055,0.4910576463608645,0.8619278445216889,0.2,0.06,0.74,0.0
5301,0.9180597000617298,0.9952665142095749,0.08105588034696933,0.011380954504825352,0.41916913791405225,0.8619192836138055,0.64,0.28,0.08,0.25
5302,0.8897356795821826,0.9625962369797028,0.07630820782169295,0.005281709799290923,0.4910576463608645,0.8618945498151855,0.18,0.1,0.72,0.0
5303,0.9137245354251015,0.9959265660849094,0.0827056202848427,0.00661745304780966,0.42371414339073304,0.8618761787915972,0.04,0.18,0.78,0.25
5304,0.8905259864487916,0.9621147769847181,0.07386902806395064,0.006334889183787263,0.48651264088418383,0.8618708346855855,0.8,0.04,0.16,0.0
5305,0.9128968426105343,0.995975372315938,0.08094521109666687,0.007990497829588624,0.42371414339073304,0.8618685296466688,0.02,0.24,0.74,0.25
5306,0.913670179485103,0.9959720187589594,0.08208171065959223,0.007584923466975633,0.42371414339073304,0.8618532180913343,0.04,0.22,0.74,0.25
5307,0.8875780901912861,0.9624239629611608,0.07448077774062067,0.004798619058039172,0.4910576463608645,0.8618453349064925,0.18,0.08,0.74,0.0
5308,0.8882557254252565,0.9626470044427144,0.07537430982409579,0.004716640081298632,0.4910576463608645,0.861840658633124,0.04,0.1,0.86,0.0
5309,0.8968848259584021,0.9936382724690189,0.06426803924905612,0.006434708152288472,0.42371414339073304,0.8618375322335716,0.0,0.18,0.82,0.5
5310,0.8917101913490254,0.9622476017950513,0.07447235315389347,0.0076227129166875525,0.48651264088418383,0.8618143723075646,0.76,0.1,0.14,0.0
5311,0.890496777751392,0.9620994164960569,0.07439735363324375,0.005932522687962963,0.48651264088418383,0.8617877987664726,0.82,0.02,0.16,0.0
5312,0.877396497444806,0.988431366237616,0.08303549550396251,0.004343214506437456,0.5006990589401363,0.8617608905925523,0.6,0.0,0.4,0.5
5313,0.9192538097930364,0.9956855890620147,0.08416405333378821,0.009973780757544518,0.41916913791405225,0.8617249833596579,0.68,0.22,0.1,0.5
5314,0.917651167974387,0.9952120189086717,0.08158254299510383,0.010975380142212327,0.41916913791405225,0.8617177018468528,0.66,0.26,0.08,0.25
5315,0.9127630690781202,0.9959318359601615,0.08167485598754444,0.0075067626200056095,0.42371414339073304,0.861708083162359,0.02,0.22,0.76,0.25
5316,0.9192630171008813,0.995679840107194,0.08446128182852908,0.00989818330903194,0.41916913791405225,0.8616562406834161,0.66,0.22,0.12,0.5
5317,0.8934743042094547,0.9630988663031151,0.07991668200454544,0.016797672806531785,0.5037727887544016,0.8616544247977059,0.4,0.54,0.06,0.0
5318,0.8857837548449886,0.9618717339311847,0.07343966546606759,0.004236058802673024,0.4910576463608645,0.8616371135022813,0.28,0.04,0.68,0.0
5319,0.9134346758776104,0.9955318644055109,0.0828133389538557,0.006930096435689755,0.42371414339073304,0.861636405959945,0.12,0.18,0.7,0.25
5320,0.884407423797174,0.9617605575288477,0.07235934466507582,0.0036722438159937907,0.4910576463608645,0.8616320154173542,0.26,0.02,0.72,0.0
5321,0.8736790470601894,0.9979199862264624,0.0514780049501677,0.015280090007916986,0.45160873565868087,0.861623591907952,0.32,0.5,0.18,1.0
5322,0.9172905134065824,0.9951347972707436,0.08184432373398719,0.01049164493262939,0.41916913791405225,0.8616191353179813,0.66,0.24,0.1,0.25
5323,0.8917106765394482,0.9622513745466522,0.07523416460065943,0.007703437162115026,0.48651264088418383,0.8615791266090778,0.78,0.1,0.12,0.0
5324,0.885877551696746,0.9618902084370403,0.07369317708226246,0.004316783048100494,0.4910576463608645,0.861578730894303,0.3,0.04,0.66,0.0
5325,0.8846111285722033,0.961767294585278,0.07283948593018681,0.003833692306848733,0.4910576463608645,0.8615233082257362,0.3,0.02,0.68,0.0
5326,0.8787495968971869,0.9885548489963657,0.05785421828775491,0.004891395586647824,0.4485350058444158,0.8615168794142933,0.78,0.0,0.22,0.75
5327,0.8768513012514638,0.9882900976498902,0.08323188236345844,0.004374179029753221,0.5006990589401363,0.8615132832720694,0.58,0.0,0.42,0.25
5328,0.9177752227074008,0.9951982753135539,0.08246932879908236,0.010897219295242306,0.41916913791405225,0.8615126166005371,0.64,0.26,0.1,0.25
5329,0.9146063471167354,0.9947997409976084,0.07992532106562626,0.009524174513463326,0.41916913791405225,0.8615108282005095,0.66,0.2,0.14,0.25
5330,0.8857347042915965,0.9618653262419576,0.07398509859753401,0.0041553345572455545,0.4910576463608645,0.8614802032971844,0.26,0.04,0.7,0.0
5331,0.8845627058713239,0.9617673544702241,0.07301142873612762,0.0037529680614212606,0.4910576463608645,0.8614753230406105,0.28,0.02,0.7,0.0
5332,0.8901269720566714,0.9620746241283933,0.07771142422001552,0.005609625706253082,0.4910576463608645,0.8614632297806125,0.74,0.02,0.24,0.0
5333,0.8869496188920118,0.9626509867916266,0.07543889468550681,0.004635915835871165,0.4910576463608645,0.8614469336227178,0.02,0.1,0.88,0.0
5334,0.9124408151609326,0.9950856616725117,0.08183413355848815,0.007491992492242739,0.42371414339073304,0.8614414770772627,0.14,0.2,0.66,0.25
5335,0.8786935658256374,0.9885504773953042,0.05811063188156223,0.004818361536592695,0.4485350058444158,0.8614400358386398,0.76,0.0,0.24,0.75
5336,0.914391363046084,0.9945861912800033,0.07973329653493424,0.009680496207403374,0.41916913791405225,0.8614384427505171,0.7,0.2,0.1,0.25
5337,0.8911235848747755,0.9622007418247691,0.0754324879246936,0.007220346420863307,0.48651264088418383,0.8614347983344285,0.78,0.08,0.14,0.0
5338,0.8575195741071033,0.9561199046332234,0.06796484571960694,0.006014501664703499,0.5437731010824952,0.861426413581656,0.96,0.0,0.04,0.0
5339,0.8575297212587197,0.9561229887079449,0.06793918534401912,0.006095225910130972,0.5437731010824952,0.8614211795085851,0.98,0.0,0.02,0.0
5340,0.8733673252908941,0.9879421361708817,0.080485289374063,0.0033580880191429216,0.5006990589401363,0.8614116136811977,0.32,0.0,0.68,0.25
5341,0.8769661336870386,0.9884236111371029,0.08394501655319428,0.004267617057924879,0.5006990589401363,0.8613833053883854,0.58,0.0,0.42,0.5
5342,0.8963012314209663,0.994080522795579,0.06449611822503505,0.007863357389443801,0.42371414339073304,0.8613772518923786,0.0,0.24,0.76,0.75
5343,0.9184579660254416,0.996499545248691,0.08921481835137982,0.007266280085926808,0.42371414339073304,0.8613742318844917,0.22,0.18,0.6,0.5
5344,0.8904136600864997,0.962661586427077,0.0785751156863248,0.0056840762951152314,0.4910576463608645,0.8613731817375306,0.16,0.12,0.72,0.0
5345,0.9181947326193463,0.9964930477320448,0.08900709048973678,0.007190682637414232,0.42371414339073304,0.861369344316038,0.2,0.18,0.62,0.5
5346,0.8858314819390404,0.961902454908507,0.07431280549297178,0.0044769768076423746,0.4910576463608645,0.8613559212187382,0.22,0.06,0.72,0.0
5347,0.8764723284087551,0.9882512323199054,0.08355642100316506,0.0042960181827832,0.5006990589401363,0.8613157517319369,0.56,0.0,0.44,0.25
5348,0.9125389302007143,0.9959107864016259,0.08346318987299435,0.006539292200839637,0.42371414339073304,0.8613151740635915,0.02,0.18,0.8,0.25
5349,0.8905331464520003,0.9626744916329502,0.07886743041201116,0.005764800540542707,0.4910576463608645,0.8613104743779509,0.18,0.12,0.7,0.0
5350,0.8892325005499622,0.9625780169848678,0.07777127372127746,0.005362434044718395,0.4910576463608645,0.8613025666736438,0.2,0.1,0.7,0.0
5351,0.8902139400364266,0.9626585921797746,0.07873383357358002,0.005603352049687762,0.4910576463608645,0.8612831651327302,0.14,0.12,0.74,0.0
5352,0.8576565134925874,0.9561184673945183,0.06866336358923529,0.005933777419276029,0.5437731010824952,0.8612818750072839,0.94,0.0,0.06,0.0
5353,0.890208564162374,0.9620904038116768,0.07816850650705771,0.0060119922020773825,0.4910576463608645,0.8612777149958921,0.72,0.04,0.24,0.0
5354,0.8885221309506146,0.9620215660661954,0.07707455271222069,0.0050445559882607936,0.4910576463608645,0.8612705949562601,0.6,0.02,0.38,0.0
5355,0.8918592916557232,0.9630273037925885,0.07883256746030257,0.01784332380314974,0.5037727887544016,0.8612628657910308,0.3,0.6,0.1,0.0
5356,0.8891789602296521,0.9626605384405211,0.07796792409983988,0.005361179313405348,0.4910576463608645,0.8612423924369732,0.08,0.12,0.8,0.0
5357,0.8895321765284624,0.9626543104061323,0.07830709906076867,0.005441903558832821,0.4910576463608645,0.8612334130655473,0.1,0.12,0.78,0.0
5358,0.8929946640393789,0.9630794935230688,0.0806518027076406,0.017119315056928583,0.5037727887544016,0.8612311873810348,0.36,0.56,0.08,0.0
5359,0.8899413023086679,0.9626595503389114,0.0787388633357706,0.00552262780426029,0.4910576463608645,0.8612162111047648,0.12,0.12,0.76,0.0
5360,0.8765266759544138,0.9884116341478933,0.08411969345658098,0.004192019609412305,0.5006990589401363,0.8612143899094643,0.56,0.0,0.44,0.5
5361,0.9175269746383482,0.9964695578619577,0.0886349217561157,0.007523867418303284,0.42371414339073304,0.8612062416823214,0.16,0.2,0.64,0.5
5362,0.8960237670442807,0.9940753427477459,0.06515749875212878,0.007378333243198293,0.42371414339073304,0.8611994063201313,0.0,0.22,0.78,0.75
5363,0.9178583717005101,0.9964865801578717,0.08931509630994612,0.007115085188901658,0.42371414339073304,0.8611937137000876,0.18,0.18,0.64,0.5
5364,0.8886094474212608,0.962653921153983,0.07761646246086971,0.005280455067977879,0.4910576463608645,0.8611881012432817,0.06,0.12,0.82,0.0
5365,0.8899514812271413,0.962896455185475,0.0759250805366304,0.019452789786446847,0.5037727887544016,0.8611879255679761,0.22,0.68,0.1,0.0
5366,0.8761575945410056,0.9884033700253388,0.08389832578677343,0.00411642216089973,0.5006990589401363,0.86118141856465,0.54,0.0,0.46,0.5
5367,0.8761309881587066,0.9882350034995265,0.0837163636506618,0.004217857335813176,0.5006990589401363,0.8611803978103854,0.54,0.0,0.46,0.25
5368,0.8900226413745855,0.9620655515590671,0.07865239021583635,0.0055289014608256104,0.4910576463608645,0.8611752091445102,0.72,0.02,0.26,0.0
5369,0.8888731251623115,0.9620307584054136,0.07773613164957505,0.00512528023368826,0.4910576463608645,0.8611702358911508,0.62,0.02,0.36,0.0
5370,0.89307010305709,0.9630865599467024,0.08090359060920646,0.017200039302356043,0.5037727887544016,0.8611660835694187,0.38,0.56,0.06,0.0
5371,0.8893804982720365,0.9628806605309549,0.07550831538469506,0.019372065541019372,0.5037727887544016,0.8611506593359346,0.2,0.68,0.12,0.0
5372,0.8732789490333585,0.9979154649130358,0.05275077691579263,0.01520961935631931,0.45160873565868087,0.8611497340726104,0.3,0.5,0.2,1.0
5373,0.892138677854957,0.9630319149334341,0.07940652159047991,0.018004772294004677,0.5037727887544016,0.861149475468296,0.34,0.6,0.06,0.0
5374,0.8908467378189115,0.9621668768877794,0.076475806797036,0.006737255679611549,0.48651264088418383,0.8611422444327324,0.78,0.06,0.16,0.0
5375,0.8859887787807548,0.9619131743138495,0.0751717360317594,0.004557701053069845,0.4910576463608645,0.8611407383672128,0.24,0.06,0.7,0.0
5376,0.8926229511621956,0.9630669176843989,0.08025474232441789,0.017602405798180315,0.5037727887544016,0.8611357364029909,0.36,0.58,0.06,0.0
5377,0.8920129465035364,0.9622805385153773,0.07682332641047848,0.00810580365793936,0.48651264088418383,0.8611351737220089,0.76,0.12,0.12,0.0
5378,0.9143285079083104,0.99456942349511,0.08076481743878582,0.009602335360433352,0.41916913791405225,0.8611350691923331,0.68,0.2,0.12,0.25
5379,0.8907694975342911,0.9629575378304432,0.07714196220951773,0.01929259602690502,0.5037727887544016,0.8611234137778102,0.3,0.66,0.04,0.0
5380,0.8900585672427103,0.9629116060768249,0.07661006712744099,0.018969699045195132,0.5037727887544016,0.8611212968030721,0.22,0.66,0.12,0.0
5381,0.8748481763839397,0.9881228988805257,0.08280611198808667,0.003827053100963059,0.5006990589401363,0.8611195425439869,0.44,0.0,0.56,0.25
5382,0.9158244750808586,0.9950322742431105,0.0823113483759961,0.010086070570016375,0.41916913791405225,0.861110305411642,0.68,0.22,0.1,0.25
5383,0.9160618362928991,0.995048053926394,0.08263579599104783,0.01000790972304635,0.41916913791405225,0.861105897104088,0.66,0.22,0.12,0.25
5384,0.8745652031833673,0.9881099337897066,0.08264899591754625,0.0037488922539930373,0.5006990589401363,0.8610936721047489,0.42,0.0,0.58,0.25
5385,0.8758477695925315,0.9882295240269632,0.08377937241709336,0.004139696488843153,0.5006990589401363,0.8610920620020698,0.52,0.0,0.48,0.25
5386,0.8911735420469141,0.9621999034355245,0.07673039339879514,0.007139622175435832,0.48651264088418383,0.8610913082185632,0.76,0.08,0.16,0.0
5387,0.8752119290575017,0.9883615703329978,0.08342939008412795,0.0038140323668494256,0.5006990589401363,0.8610872331670983,0.46,0.0,0.54,0.5
5388,0.890382160704139,0.9627027872699576,0.07924678071705629,0.006167167036366975,0.4910576463608645,0.8610794923392092,0.16,0.14,0.7,0.0
5389,0.8904726283477508,0.9621069619992589,0.07661330218079465,0.006254164938359794,0.48651264088418383,0.8610779697246977,0.78,0.04,0.18,0.0
5390,0.8861518707161198,0.9619275167584279,0.07554011672913755,0.004638425298497317,0.4910576463608645,0.8610693802643704,0.26,0.06,0.68,0.0
5391,0.8908107645309266,0.9621627448265021,0.07678455272364472,0.0066565314341840804,0.48651264088418383,0.8610578922427882,0.76,0.06,0.18,0.0
5392,0.8750233906699039,0.9883518689717381,0.0833986760642346,0.0037384349183368494,0.5006990589401363,0.8610531981291697,0.44,0.0,0.56,0.5
5393,0.8921957942042938,0.9630445805995231,0.08025310024449929,0.01736023306189791,0.5037727887544016,0.8610531471042565,0.3,0.58,0.12,0.0
5394,0.8919650586741642,0.9623020671534813,0.0767512617490904,0.008588894399191065,0.48651264088418383,0.8610482119865841,0.76,0.14,0.1,0.0
5395,0.891939621759273,0.962276286684208,0.07701934753020499,0.00818652790336683,0.48651264088418383,0.8610398339355012,0.78,0.12,0.1,0.0
5396,0.8916019925893828,0.9629992476953653,0.07899857588259641,0.01832641454440145,0.5037727887544016,0.8610369496027771,0.3,0.62,0.08,0.0
5397,0.891707392582792,0.9622435895036661,0.07721889263643951,0.007541988671260083,0.48651264088418383,0.8610365919048574,0.74,0.1,0.16,0.0
5398,0.8748130390571361,0.9883418382432752,0.08330070794222603,0.003662837469824276,0.5006990589401363,0.8610319751505299,0.42,0.0,0.58,0.5
5399,0.8879942039386556,0.9626505975394772,0.0775787257329533,0.0051997308225504085,0.4910576463608645,0.8610300630234546,0.04,0.12,0.84,0.0
5400,0.8897336609482255,0.962052796065559,0.07898226828315297,0.005367452969970671,0.4910576463608645,0.8610237087003838,0.68,0.02,0.3,0.0
5401,0.8892207296214801,0.962037675116682,0.07855302027218168,0.005206004479115731,0.4910576463608645,0.8610237056535476,0.64,0.02,0.34,0.0
5402,0.8751025752585829,0.9881461042971191,0.08336362774861036,0.003905213947933084,0.5006990589401363,0.8610228458048899,0.46,0.0,0.54,0.25
5403,0.8758652647965864,0.9883933991818219,0.08421090940469568,0.004040824712387153,0.5006990589401363,0.8610171509374115,0.52,0.0,0.48,0.5
5404,0.8729183401744764,0.9878947072936122,0.0814819550016521,0.0032017663252028763,0.5006990589401363,0.8610134912418005,0.28,0.0,0.72,0.25
5405,0.8889126759902158,0.9620622728582711,0.07808347064829096,0.005527646729512559,0.4910576463608645,0.861006134158095,0.6,0.04,0.36,0.0
5406,0.8902064491346594,0.9629073542456555,0.07678250133532792,0.01953351403187432,0.5037727887544016,0.861002506603326,0.24,0.68,0.08,0.0
5407,0.8899168668143826,0.9620595331219893,0.07921600557669994,0.005448177215398143,0.4910576463608645,0.8609960938427558,0.7,0.02,0.28,0.0
5408,0.8904234722532992,0.9621010333896002,0.07691998932508005,0.006173440692932322,0.48651264088418383,0.860989987249566,0.76,0.04,0.2,0.0
5409,0.8904135555387318,0.9626620655066453,0.07979160597274608,0.00584552478597018,0.4910576463608645,0.8609899276362626,0.2,0.12,0.68,0.0
5410,0.9171628571025664,0.9964684949041653,0.08906792496139683,0.007448269969790715,0.42371414339073304,0.860987028152231,0.14,0.2,0.66,0.5
5411,0.8895056647171035,0.9620453104473031,0.07894797558002307,0.0052867287245432,0.4910576463608645,0.8609802266199432,0.66,0.02,0.32,0.0
5412,0.890994968617606,0.9627581209601054,0.07976471448007884,0.006892430513901126,0.4910576463608645,0.8609771379769804,0.22,0.16,0.62,0.0
5413,0.8754068637895508,0.9883720052848465,0.08397284557976598,0.003889629815362002,0.5006990589401363,0.8609753512300876,0.48,0.0,0.52,0.5
5414,0.8920802203777345,0.9630371249237403,0.08001118879303329,0.0179240480485772,0.5037727887544016,0.8609743944978582,0.32,0.6,0.08,0.0
5415,0.8731176951462246,0.9879238712623373,0.08179985405147668,0.003279927172172899,0.5006990589401363,0.8609703138827027,0.3,0.0,0.7,0.25
5416,0.8847556548902759,0.9617828646712504,0.07486032099814001,0.0039144165522762035,0.4910576463608645,0.8609697670387703,0.32,0.02,0.66,0.0
5417,0.8925736367743909,0.9630565575887327,0.08087113655115229,0.017521681552752837,0.5037727887544016,0.8609576791425566,0.34,0.58,0.08,0.0
5418,0.8916931747299273,0.9622386789380902,0.07753337649528878,0.007461264425832613,0.48651264088418383,0.8609569939525268,0.72,0.1,0.18,0.0
5419,0.89121872066908,0.9629778088846803,0.07858612466329189,0.018809505285653127,0.5037727887544016,0.860941142322573,0.3,0.64,0.06,0.0
5420,0.9123872914904528,0.9950739841080325,0.08387102284278797,0.007008257282659778,0.42371414339073304,0.8609326933695036,0.14,0.18,0.68,0.25
5421,0.8746198727180788,0.9883330201849696,0.08349646944938692,0.0035872400213116983,0.5006990589401363,0.8609313371986538,0.4,0.0,0.6,0.5
5422,0.8888349585997976,0.9626705691689841,0.07836282901002645,0.005844270054657098,0.4910576463608645,0.8609301329379262,0.08,0.14,0.78,0.0
5423,0.8861801958432756,0.961963058473907,0.07590819316517523,0.004879343303466643,0.4910576463608645,0.8609288210490571,0.2,0.08,0.72,0.0
5424,0.8887089384910573,0.9628640873721362,0.07563283574881624,0.01929134129559191,0.5037727887544016,0.8609269212945421,0.18,0.68,0.14,0.0
5425,0.8851637292330315,0.9618156217367383,0.07534243411984115,0.004075865043131146,0.4910576463608645,0.8609257047612839,0.36,0.02,0.62,0.0
5426,0.8905501601589046,0.962700900894157,0.0798982913089268,0.006247891281794446,0.4910576463608645,0.8609254781501877,0.18,0.14,0.68,0.0
5427,0.8849577112576885,0.9617999618233469,0.07517860875583765,0.003995140797703676,0.4910576463608645,0.8609249652388018,0.34,0.02,0.64,0.0
5428,0.8901791565935628,0.9627003319871696,0.07964922877168329,0.0060864427909395075,0.4910576463608645,0.8609182457001785,0.14,0.14,0.72,0.0
5429,0.8743497787733624,0.9881078527878314,0.08309245679889175,0.003670731407023013,0.5006990589401363,0.8609164090379909,0.4,0.0,0.6,0.25
5430,0.8881752467580138,0.9625059155098268,0.07792853253483917,0.005443158290145864,0.4910576463608645,0.8609130551636255,0.22,0.1,0.68,0.0
5431,0.8882715938726079,0.9626635925727696,0.07790712961028522,0.005763545809229629,0.4910576463608645,0.8609077089322511,0.06,0.14,0.8,0.0
5432,0.8938216438388169,0.963104944625139,0.08326048264562526,0.0162338578198525,0.5037727887544016,0.8609074845116326,0.38,0.52,0.1,0.0
5433,0.8904511172682906,0.9621820577216024,0.07943528129670571,0.006493828212016058,0.4910576463608645,0.8609023478707786,0.6,0.08,0.32,0.0
5434,0.8920466189701447,0.9622760172019508,0.0777930425752171,0.007944355167084414,0.48651264088418383,0.8608970860227607,0.72,0.12,0.16,0.0
5435,0.8900993738007366,0.9620863915202916,0.07945571097056306,0.005931267956649913,0.4910576463608645,0.8608890921935568,0.7,0.04,0.26,0.0
5436,0.8577103412579364,0.9561059514407944,0.07020689113542353,0.005772328928421089,0.5437731010824952,0.8608830677347288,0.9,0.0,0.1,0.0
5437,0.8893979380517747,0.9626817676538949,0.07906672188700711,0.0059249943000845694,0.4910576463608645,0.860881461144583,0.1,0.14,0.76,0.0
5438,0.8504757021456727,0.9556198353912545,0.04254152651171277,0.0022204621296123906,0.5006990589401363,0.8608715625014292,0.02,0.0,0.98,0.0
5439,0.8936319616921701,0.9631026689971891,0.08324504698448056,0.01615313357442504,0.5037727887544016,0.8608708371628888,0.36,0.52,0.12,0.0
5440,0.8926576225612252,0.9630811852727946,0.08239004410163965,0.01591096083814263,0.5037727887544016,0.8608704490960069,0.3,0.52,0.18,0.0
5441,0.9167029982044151,0.9964499006284177,0.08903689207512709,0.007372672521278137,0.42371414339073304,0.8608703550293512,0.12,0.2,0.68,0.5
5442,0.8912264426447571,0.9629868215690605,0.07882451650400554,0.01889022953108059,0.5037727887544016,0.8608598806235706,0.32,0.64,0.04,0.0
5443,0.8895632540529553,0.9621264246067244,0.07896698737650944,0.006010737470764315,0.4910576463608645,0.8608593831504657,0.6,0.06,0.34,0.0
5444,0.8504734543382849,0.9556198353912545,0.04257761279554073,0.0023011863750398605,0.5006990589401363,0.8608443310095828,0.04,0.0,0.96,0.0
5445,0.8577283779643873,0.9561138861961457,0.07032436169096606,0.005853053173848563,0.5437731010824952,0.8608396292732948,0.92,0.0,0.08,0.0
5446,0.8897794099720521,0.9626882052855951,0.07957254484119755,0.006005718545512039,0.4910576463608645,0.8608347738628201,0.12,0.14,0.74,0.0
5447,0.8892601027492136,0.9620690847708839,0.07900450213903605,0.0056083709749400286,0.4910576463608645,0.8608294856107607,0.62,0.04,0.34,0.0
5448,0.890361479372172,0.9627379397332875,0.0797910233807351,0.0066502577776187165,0.4910576463608645,0.8608249074224823,0.16,0.16,0.68,0.0
5449,0.8899511659504513,0.9620788759595627,0.0795762127983304,0.005850543711222442,0.4910576463608645,0.8608248778755798,0.68,0.04,0.28,0.0
5450,0.890705340730187,0.9627098836360642,0.08037879499487645,0.006328615527221918,0.4910576463608645,0.8608185908268032,0.2,0.14,0.66,0.0
5451,0.8899855960453378,0.9627295558408407,0.07947949893583015,0.006569533532191246,0.4910576463608645,0.8608169166440066,0.14,0.16,0.7,0.0
5452,0.8740976005921283,0.9880694515661784,0.08322263324222784,0.003592570560052992,0.5006990589401363,0.8608130665879186,0.38,0.0,0.62,0.25
5453,0.8736061121907577,0.9880269033120118,0.08279802618232437,0.0034362488661129455,0.5006990589401363,0.8608130178681002,0.34,0.0,0.66,0.25
5454,0.8907343054857878,0.9629467285976817,0.07824476118786364,0.019211871781477548,0.5037727887544016,0.8608091791039989,0.28,0.66,0.06,0.0
5455,0.8920341082056752,0.9622788018519419,0.07803816614130815,0.00802507941251189,0.48651264088418383,0.8608068779311923,0.74,0.12,0.14,0.0
5456,0.8504714214971861,0.9556210330901755,0.042651330500478694,0.0023819106204673313,0.5006990589401363,0.8608064855295379,0.06,0.0,0.94,0.0
5457,0.9175076993160906,0.9964651712896597,0.09034554682941412,0.0070394877403890796,0.42371414339073304,0.8608030949733688,0.16,0.18,0.66,0.5
5458,0.8862764462331753,0.9619371881772145,0.07654991517642291,0.004719149543924789,0.4910576463608645,0.8608006925407803,0.28,0.06,0.66,0.0
5459,0.8920339099881852,0.9622996418131664,0.07773695910044955,0.008508170153763596,0.48651264088418383,0.8608002362927041,0.74,0.14,0.12,0.0
5460,0.8855950102816579,0.9618553703696773,0.07618626398718925,0.0042373135339860875,0.4910576463608645,0.8607852838396465,0.4,0.02,0.58,0.0
5461,0.8505100673530803,0.9556291774428379,0.042678260144342096,0.0025433591113222724,0.5006990589401363,0.8607792409883035,0.1,0.0,0.9,0.0
5462,0.8862747105161569,0.961981952174385,0.07648400248773093,0.004960067548894112,0.4910576463608645,0.8607777212060781,0.22,0.08,0.7,0.0
5463,0.9161141582511524,0.996445349372518,0.08880102099715481,0.007297075072765563,0.42371414339073304,0.8607761978515859,0.1,0.2,0.7,0.5
5464,0.8911559782051369,0.9622104431860289,0.07793011879562102,0.006978173684580884,0.48651264088418383,0.8607737421506907,0.72,0.08,0.2,0.0
5465,0.8504798059729639,0.9556255544036021,0.0427465142811531,0.0024626348658948007,0.5006990589401363,0.8607660699865293,0.08,0.0,0.92,0.0
5466,0.8881941078900731,0.96267805478724,0.07802944172754062,0.006246636550481368,0.4910576463608645,0.86075472250441,0.06,0.16,0.78,0.0
5467,0.890544944421972,0.9627443174800415,0.08021063264196428,0.006730982023046191,0.4910576463608645,0.8607436851102925,0.18,0.16,0.66,0.0
5468,0.8505491811990755,0.9556319620928292,0.04278784804029123,0.0026240833567497427,0.5006990589401363,0.8607436276077098,0.12,0.0,0.88,0.0
5469,0.8903645206271591,0.962141096418506,0.08004711972589387,0.0062529102070467205,0.4910576463608645,0.8607418690304457,0.66,0.06,0.28,0.0
5470,0.8706660537430545,0.9978313265638392,0.05378697794997838,0.015201993409712282,0.45615374113536183,0.8607375363252865,0.16,0.52,0.32,1.0
5471,0.888107363802554,0.9620112059705291,0.07857179870681014,0.004963831742833323,0.4910576463608645,0.8607287417723004,0.58,0.02,0.4,0.0
5472,0.9173464492584146,0.9964599912418266,0.09048697034863973,0.006963890291876503,0.42371414339073304,0.8607282562366231,0.14,0.18,0.68,0.5
5473,0.8886803945786007,0.9621475639926791,0.07852998301046178,0.0060094827394512286,0.4910576463608645,0.8607240399686641,0.48,0.08,0.44,0.0
5474,0.8911945246362575,0.9622137967430074,0.07810148326422224,0.007058897930008361,0.48651264088418383,0.8607202189306811,0.74,0.08,0.18,0.0
5475,0.8899215455056682,0.9621340000523994,0.07983561594425287,0.006091461716191785,0.4910576463608645,0.8607012288286338,0.62,0.06,0.32,0.0
5476,0.8714131454564243,0.9978552505997852,0.054613938938464904,0.015342934712907636,0.45615374113536183,0.8606984536806306,0.2,0.52,0.28,1.0
5477,0.887722412780877,0.9626635027453505,0.07812103950668048,0.005682821563802157,0.4910576463608645,0.8606973646303593,0.04,0.14,0.82,0.0
5478,0.9163964530113758,0.9964571167644164,0.08971666716635401,0.0068126953948513475,0.42371414339073304,0.8606953276865179,0.1,0.18,0.72,0.5
5479,0.8920708575690371,0.962294102455657,0.07819982910645518,0.008427445908336124,0.48651264088418383,0.8606930784599707,0.72,0.14,0.14,0.0
5480,0.8895349845869667,0.9620708513767924,0.07970813364119511,0.005689095220367501,0.4910576463608645,0.8606930451681316,0.64,0.04,0.32,0.0
5481,0.8917235828703562,0.9630099072157617,0.08026986708448883,0.018407138789828907,0.5037727887544016,0.860692063663544,0.32,0.62,0.06,0.0
5482,0.8570316097078086,0.9949972415496727,0.050624854534018854,0.0088102048220099,0.4713331910097728,0.8606897615154666,0.0,0.28,0.72,1.0
5483,0.888717774240633,0.9626973976248133,0.07875774265483908,0.006327360795908838,0.4910576463608645,0.8606884357589107,0.08,0.16,0.76,0.0
5484,0.8738707028830479,0.9880429524775525,0.083464960972683,0.0035144097130829673,0.5006990589401363,0.8606867335782951,0.36,0.0,0.64,0.25
5485,0.875601637796004,0.9881877542770952,0.08498296908917027,0.004061535641873129,0.5006990589401363,0.8606803045800181,0.5,0.0,0.5,0.25
5486,0.9169248322667718,0.9964572664767815,0.0902834938848451,0.006888292843363929,0.42371414339073304,0.8606751928111269,0.12,0.18,0.7,0.5
5487,0.9157190580143665,0.9964437025365017,0.08916174376194926,0.0067370979463387765,0.42371414339073304,0.8606653335916521,0.08,0.18,0.74,0.5
5488,0.8756335700510888,0.9883828294888446,0.08523755879200452,0.0039652272638745776,0.5006990589401363,0.8606649481535575,0.5,0.0,0.5,0.5
5489,0.8753530470891794,0.98815537149252,0.08483682552265243,0.003983374794903106,0.5006990589401363,0.860658670239413,0.48,0.0,0.52,0.25
5490,0.8570156512481649,0.9950045475130904,0.05041181185941994,0.009295873436586662,0.4713331910097728,0.8606504072711991,0.0,0.3,0.7,1.0
5491,0.8871087098727178,0.9620095890769859,0.07775322889238817,0.005042046525634667,0.4910576463608645,0.8606494494251353,0.36,0.06,0.58,0.0
5492,0.8920340061189639,0.9623046721486345,0.07798491886361578,0.008910536649587889,0.48651264088418383,0.8606490003189611,0.72,0.16,0.12,0.0
5493,0.8923276307888371,0.9630538328236875,0.08176446908240909,0.017440957307325363,0.5037727887544016,0.8606418521986772,0.32,0.58,0.1,0.0
5494,0.8897793135968689,0.9620732767171073,0.080102775244826,0.005769819465794969,0.4910576463608645,0.8606366933261668,0.66,0.04,0.3,0.0
5495,0.8935089398025086,0.9630970398122607,0.08398251931322315,0.016072409328997565,0.5037727887544016,0.8606364415330426,0.34,0.52,0.14,0.0
5496,0.8907073531399152,0.9627418322547805,0.08071045291975948,0.006811706268473661,0.4910576463608645,0.8606316724455789,0.2,0.16,0.64,0.0
5497,0.8872877548489775,0.9620347706967988,0.07796976005599626,0.005124025502375205,0.4910576463608645,0.8606280666784502,0.5,0.04,0.46,0.0
5498,0.8910862302919295,0.962969844186856,0.07958935139186946,0.01872878104022565,0.5037727887544016,0.8606268753085985,0.28,0.64,0.08,0.0
5499,0.8907377354558763,0.962157594721142,0.07827068867472041,0.006575807188756606,0.48651264088418383,0.860622547660214,0.74,0.06,0.2,0.0
5500,0.8896804442008085,0.9629523577826101,0.07904970458221004,0.017439702576012364,0.5037727887544016,0.8606160413686934,0.2,0.6,0.2,0.0
5501,0.8886523214727696,0.9620707615493733,0.07924081973986448,0.005446922484085087,0.4910576463608645,0.8606115055966138,0.58,0.04,0.38,0.0
5502,0.8710400938082593,0.9978419860842357,0.054584256389484116,0.015272464061309965,0.45615374113536183,0.8606072072124114,0.18,0.52,0.3,1.0
5503,0.9147876309651027,0.9964462476467087,0.08845339082245053,0.006661500497826203,0.42371414339073304,0.8606057941877092,0.06,0.18,0.76,0.5
5504,0.8864244117000186,0.9619591659524139,0.07733961065937144,0.004799873789352257,0.4910576463608645,0.8606043760466153,0.3,0.06,0.64,0.0
5505,0.8904910605139907,0.9629241220305488,0.0788082211344738,0.019050423290622606,0.5037727887544016,0.860602524151418,0.24,0.66,0.1,0.0
5506,0.889277907868623,0.9627164410376564,0.07960629830332187,0.006408085041336308,0.4910576463608645,0.8605983461049519,0.1,0.16,0.74,0.0
5507,0.8898609875280374,0.9629633766126828,0.0796706697353562,0.016956611834760545,0.5037727887544016,0.8605893026702215,0.2,0.58,0.22,0.0
5508,0.8703861813473494,0.9978202777912935,0.05405507656530712,0.015131522758114593,0.45615374113536183,0.8605886545124518,0.14,0.52,0.34,1.0
5509,0.8907657289362872,0.9627126982285285,0.0812014897059121,0.006409339772649383,0.4910576463608645,0.8605836051124622,0.22,0.14,0.64,0.0
5510,0.891856791945432,0.962273771516474,0.07875276338083094,0.007863630921656952,0.48651264088418383,0.8605790290222315,0.7,0.12,0.18,0.0
5511,0.8858281825747006,0.9618753270279475,0.077137201356899,0.004318037779413562,0.4910576463608645,0.860567701651719,0.42,0.02,0.56,0.0
5512,0.8900919173045653,0.9626594904539654,0.08087315248360635,0.0059262490313976455,0.4910576463608645,0.8605648367014834,0.22,0.12,0.66,0.0
5513,0.8878696656189035,0.9628292642760097,0.07571884616451861,0.01969370779141611,0.5037727887544016,0.8605646253092725,0.16,0.7,0.14,0.0
5514,0.890355887784186,0.9629862526620729,0.0802768615613647,0.017037336080188027,0.5037727887544016,0.8605501493171472,0.22,0.58,0.2,0.0
5515,0.8906538627297421,0.9629466088277896,0.07951308486144928,0.01856733254937071,0.5037727887544016,0.8605479753032979,0.24,0.64,0.12,0.0
5516,0.892024845255061,0.9622899703943798,0.07871356306248725,0.00834672166290866,0.48651264088418383,0.8605465675195308,0.7,0.14,0.16,0.0
5517,0.9126580658618595,0.9951053189060517,0.08513250573403824,0.007570153339212757,0.42371414339073304,0.8605422596670432,0.16,0.2,0.64,0.25
5518,0.8931632633626813,0.9630938359676472,0.08400893939345165,0.015991685083570094,0.5037727887544016,0.8605407796497428,0.32,0.52,0.16,0.0
5519,0.8913821193672558,0.96298815400911,0.0805405716235088,0.018245690298973972,0.5037727887544016,0.860540542510589,0.28,0.62,0.1,0.0
5520,0.890705539775131,0.9627187466080792,0.0812366924837431,0.006490064018076854,0.4910576463608645,0.860540153397362,0.24,0.14,0.62,0.0
5521,0.8901675858843733,0.9621325328712211,0.08059501851515113,0.006172185961619253,0.4910576463608645,0.8605395587513684,0.64,0.06,0.3,0.0
5522,0.89237304455538,0.9630540424209987,0.08258166196501354,0.016877142320646167,0.5037727887544016,0.8605324787417361,0.3,0.56,0.14,0.0
5523,0.8934417451158724,0.9630963511353812,0.08383870239357358,0.016716948561104304,0.5037727887544016,0.8605287687704535,0.38,0.54,0.08,0.0
5524,0.8889604060638882,0.9621580738007104,0.0794564603780161,0.006090206984878701,0.4910576463608645,0.8605261501756362,0.5,0.08,0.42,0.0
5525,0.88941815637594,0.9628986709284787,0.07805696201190898,0.018888974799767647,0.5037727887544016,0.8605258925049727,0.2,0.66,0.14,0.0
5526,0.8871095399493687,0.9620205480221126,0.0781931549673531,0.005043301256947731,0.4910576463608645,0.8605241555102953,0.48,0.04,0.48,0.0
5527,0.88945650969603,0.9629411892401724,0.07952657497236,0.01687588758933308,0.5037727887544016,0.8605223530238268,0.18,0.58,0.24,0.0
5528,0.8859509996792617,0.9619088176840246,0.07738757015657755,0.004397507293527966,0.4910576463608645,0.8605214353135381,0.32,0.04,0.64,0.0
5529,0.8901934151035638,0.9629753236594193,0.07988108283992107,0.01752042682143984,0.5037727887544016,0.8605173476140554,0.22,0.6,0.18,0.0
5530,0.8862669067916402,0.9619710830566773,0.07731965973678069,0.005040791794321583,0.4910576463608645,0.8605164851581639,0.24,0.08,0.68,0.0
5531,0.8896761259980603,0.9627194502561953,0.08026785835278472,0.006488809286763776,0.4910576463608645,0.8605112321969564,0.12,0.16,0.72,0.0
5532,0.8892971189264071,0.9621196576078209,0.07995515093293573,0.0059300132253368425,0.4910576463608645,0.8605095486792627,0.58,0.06,0.36,0.0
5533,0.9154185446666997,0.9964279527956913,0.08906019620538443,0.007221477624252987,0.42371414339073304,0.8605052416219017,0.08,0.2,0.72,0.5
5534,0.8873313943024883,0.9619892281953297,0.07864492408907083,0.004802383251978381,0.4910576463608645,0.8605038444289017,0.54,0.02,0.44,0.0
5535,0.8904671928805576,0.9629995171776224,0.08090198466762812,0.016554245338936287,0.5037727887544016,0.8605017762705712,0.22,0.56,0.22,0.0
5536,0.8933398302333714,0.9630931472907676,0.08388371070448726,0.01663622431567684,0.5037727887544016,0.8605008719247059,0.36,0.54,0.1,0.0
5537,0.8880056908863917,0.9621017520089528,0.07892501857898725,0.00552639199819949,0.4910576463608645,0.8604973920405554,0.48,0.06,0.46,0.0
5538,0.8916468813270446,0.9630168838119763,0.08132484316746344,0.01776259955772226,0.5037727887544016,0.8604946057837711,0.28,0.6,0.12,0.0
5539,0.8869798047434401,0.9623076663959368,0.07798081165824224,0.005523882535573335,0.4910576463608645,0.8604934557766691,0.24,0.1,0.66,0.0
5540,0.8570499493492444,0.9949966127577392,0.05167401786602418,0.008324536207433139,0.4713331910097728,0.8604895782647893,0.0,0.26,0.74,1.0
5541,0.8505679660675394,0.9556344772605632,0.04364745273363852,0.002704807602177214,0.5006990589401363,0.8604854660086803,0.14,0.0,0.86,0.0
5542,0.8864796687377686,0.9626596401663304,0.07799683319981382,0.0051190065771229394,0.4910576463608645,0.8604725633925022,0.02,0.12,0.86,0.0
5543,0.8911199618749099,0.9627673432417967,0.08159952459323352,0.006973154759328599,0.4910576463608645,0.8604704601570955,0.24,0.16,0.6,0.0
5544,0.8925489204714679,0.9630688340026724,0.08333385742185616,0.01639405157939442,0.5037727887544016,0.8604670406709906,0.3,0.54,0.16,0.0
5545,0.8895743436473393,0.9621662780383189,0.08022560018091902,0.006251655475733648,0.4910576463608645,0.860457345552262,0.54,0.08,0.38,0.0
5546,0.8875579519958275,0.962674311978112,0.0784762321950924,0.006165912305053895,0.4910576463608645,0.8604505426854818,0.04,0.16,0.8,0.0
5547,0.8920634640972931,0.9623109600679695,0.0787678589390163,0.008829812404160423,0.48651264088418383,0.8604490169966268,0.7,0.16,0.14,0.0
5548,0.8909542448121892,0.9629608315024759,0.08014993795537648,0.018648056794798175,0.5037727887544016,0.8604403215200729,0.26,0.64,0.1,0.0
5549,0.8853649237574437,0.961829185677018,0.0772146218461194,0.0041565892885586184,0.4910576463608645,0.8604317536709012,0.38,0.02,0.6,0.0
5550,0.889206405310251,0.9629292421934359,0.07925440693868588,0.017358978330584904,0.5037727887544016,0.8604274425973263,0.18,0.6,0.22,0.0
5551,0.8863880549856641,0.9619556626830702,0.07797723156728707,0.0047204042752378465,0.4910576463608645,0.8604248589403668,0.4,0.04,0.56,0.0
5552,0.8901061051593901,0.9629314579364396,0.07944114088096157,0.01848660830394324,0.5037727887544016,0.8604182788923497,0.22,0.64,0.14,0.0
5553,0.8894833664348128,0.9629278648396767,0.07885334673336694,0.018405884058515763,0.5037727887544016,0.8604166646999072,0.2,0.64,0.16,0.0
5554,0.8876948250609569,0.9620000074856182,0.079292085857503,0.004883107497405854,0.4910576463608645,0.8604116142861061,0.56,0.02,0.42,0.0
5555,0.8884498796156681,0.9621138487680544,0.07961899738881464,0.005687840489054433,0.4910576463608645,0.8603999335175486,0.52,0.06,0.42,0.0
5556,0.8901920744916734,0.9621769675011883,0.08097857217635879,0.006413103966588585,0.4910576463608645,0.8603947167340719,0.58,0.08,0.34,0.0
5557,0.8861431641901193,0.9619333555406675,0.07793486233987558,0.004558955784382905,0.4910576463608645,0.8603925605033685,0.36,0.04,0.6,0.0
5558,0.8869880084032707,0.9619721310432332,0.07874291580328666,0.004721659006550913,0.4910576463608645,0.860386134503378,0.52,0.02,0.46,0.0
5559,0.8879092473050385,0.9620509995171777,0.0793691490416348,0.005285473993230148,0.4910576463608645,0.8603808807301832,0.54,0.04,0.42,0.0
5560,0.8867243611806481,0.9620086608603221,0.07812069974272447,0.005282964530603993,0.4910576463608645,0.8603797923093308,0.3,0.08,0.62,0.0
5561,0.9123996546915111,0.9948774117726318,0.08554910825299933,0.007242739823569848,0.42371414339073304,0.860375826871429,0.2,0.18,0.62,0.25
5562,0.8864980989380279,0.9619341041024931,0.07839614370760156,0.004560210515695971,0.4910576463608645,0.8603658045974178,0.48,0.02,0.5,0.0
5563,0.8890693429428896,0.9621347186717519,0.08030361323720984,0.005849288979909375,0.4910576463608645,0.86035907492522,0.56,0.06,0.38,0.0
5564,0.8860540716984567,0.9619173363175998,0.07800769986631537,0.0044782315389554385,0.4910576463608645,0.8603585582538581,0.34,0.04,0.62,0.0
5565,0.8920365624945246,0.9623049715733647,0.07910997671797453,0.008749088158732952,0.48651264088418383,0.8603574787660705,0.68,0.16,0.16,0.0
5566,0.8892699357957771,0.9621600500039299,0.08031254088619673,0.006170931230306176,0.4910576463608645,0.8603561480558495,0.52,0.08,0.4,0.0
5567,0.8887721769081561,0.9621237297841522,0.08010358406136028,0.005768564734481904,0.4910576463608645,0.8603421378507516,0.54,0.06,0.4,0.0
5568,0.8867932716212534,0.9619912942259684,0.07859867499047213,0.004881852766092791,0.4910576463608645,0.860340168295343,0.44,0.04,0.52,0.0
5569,0.8873848528176734,0.9620397710897938,0.07902906050816323,0.005203495016489608,0.4910576463608645,0.8603364027233548,0.4,0.06,0.54,0.0
5570,0.8860341598457675,0.9618975443429312,0.07812739915299988,0.004398762024841028,0.4910576463608645,0.8603309718912143,0.44,0.02,0.54,0.0
5571,0.8919632970236248,0.9623079957631401,0.07895961900319834,0.008991260895015363,0.48651264088418383,0.8603309022719038,0.74,0.16,0.1,0.0
5572,0.8869180641168402,0.9620074032764551,0.07873305219640239,0.004962577011520261,0.4910576463608645,0.8603251044867857,0.46,0.04,0.5,0.0
5573,0.8895646974251734,0.9629452913589766,0.0795994985393276,0.017922793317264082,0.5037727887544016,0.8603250022211187,0.2,0.62,0.18,0.0
5574,0.8874935794227848,0.9620487538317009,0.07915582823886333,0.0052842192619170815,0.4910576463608645,0.8603176458318036,0.42,0.06,0.52,0.0
5575,0.8865256059557433,0.9619914439383335,0.07819514383863077,0.005202240285176525,0.4910576463608645,0.860312248027049,0.28,0.08,0.64,0.0
5576,0.8908455152461717,0.9630060446367417,0.08156883177332104,0.0171180603256155,0.5037727887544016,0.8603110776993048,0.24,0.58,0.18,0.0
5577,0.8862709275401272,0.9619147013799737,0.07839556472050523,0.0044794862702685016,0.4910576463608645,0.8603110546791177,0.46,0.02,0.52,0.0
5578,0.8919122112398421,0.9623270990609292,0.07871158753427357,0.009393627390839696,0.48651264088418383,0.8603095354863128,0.72,0.18,0.1,0.0
5579,0.8699926568561623,0.9978123430359422,0.0546639936487146,0.015061052106516917,0.45615374113536183,0.8603078047508037,0.12,0.52,0.36,1.0
5580,0.8906567020328103,0.9629379853955587,0.07995768451964949,0.019131147536050074,0.5037727887544016,0.8603064862376346,0.26,0.66,0.08,0.0
5581,0.8889638183603826,0.9621746020458195,0.0799514698132177,0.006492573480702978,0.4910576463608645,0.8603063502707143,0.48,0.1,0.42,0.0
5582,0.8931720837359511,0.9630847633983209,0.08443751382425345,0.016555500070249366,0.5037727887544016,0.8603056414377952,0.34,0.54,0.12,0.0
5583,0.8878129929770305,0.9620854034186819,0.07946674279839261,0.005445667752772022,0.4910576463608645,0.8602969666593188,0.46,0.06,0.48,0.0
5584,0.8862637004937562,0.9619368588100112,0.07833940999651927,0.0046396800298103774,0.4910576463608645,0.8602963742561671,0.38,0.04,0.58,0.0
5585,0.8881571226416876,0.9621079800433417,0.07975313684072573,0.005607116243626963,0.4910576463608645,0.8602886665013211,0.5,0.06,0.44,0.0
5586,0.8867400563295108,0.9619538661346887,0.07888821513130084,0.004640934761123443,0.4910576463608645,0.8602832294700596,0.5,0.02,0.48,0.0
5587,0.8875582636797833,0.962047645960199,0.07943309546898646,0.005204749747802675,0.4910576463608645,0.8602727764194208,0.52,0.04,0.44,0.0
5588,0.8900004685293148,0.9629730779739426,0.08125568054140367,0.016473521093508806,0.5037727887544016,0.8602718828771161,0.2,0.56,0.24,0.0
5589,0.8872578191770699,0.9620251891054312,0.07916981544359891,0.005122770771062142,0.4910576463608645,0.860271636893138,0.38,0.06,0.56,0.0
5590,0.9145099055724922,0.9964241501016172,0.08897562229426449,0.0071458801757404156,0.42371414339073304,0.8602716018516631,0.06,0.2,0.74,0.5
5591,0.889848809882384,0.9621649006845598,0.08110944531301814,0.006332379721161118,0.4910576463608645,0.8602683101728277,0.56,0.08,0.36,0.0
5592,0.8896424250868044,0.9626416896537527,0.0813702448625445,0.00600697327682512,0.4910576463608645,0.8602677435250462,0.24,0.12,0.64,0.0
5593,0.8865740572610127,0.9619783590776221,0.0786270065383227,0.004880598034779728,0.4910576463608645,0.8602645399045644,0.32,0.06,0.62,0.0
5594,0.8866162306602888,0.9619724304679634,0.07872285971652794,0.004801128520665319,0.4910576463608645,0.8602645391547513,0.42,0.04,0.54,0.0
5595,0.8887657494663207,0.9628804659048803,0.07834678895109722,0.018808250554340183,0.5037727887544016,0.8602599581500561,0.18,0.66,0.16,0.0
5596,0.8912684934589163,0.9630053559598621,0.08183886938442511,0.017681875312294794,0.5037727887544016,0.8602471884797815,0.26,0.6,0.14,0.0
5597,0.886782566446386,0.9619943783006898,0.07888935437418473,0.0049613222802072,0.4910576463608645,0.8602376531101938,0.34,0.06,0.6,0.0
5598,0.8872916118277512,0.9620487837741739,0.0790731944870887,0.005525137266886404,0.4910576463608645,0.8602327195044496,0.36,0.08,0.56,0.0
5599,0.8517838950444945,0.9561432447909454,0.06608778187011367,0.006175950155558442,0.5437731010824952,0.8602185273297799,1.0,0.0,0.0,0.0
5600,0.8888726602340826,0.9629062463741537,0.07897951321366065,0.018325159813088295,0.5037727887544016,0.8602099509678559,0.18,0.64,0.18,0.0
5601,0.8877228799505117,0.9620901942143657,0.07951470786076846,0.005686585757741346,0.4910576463608645,0.8602086279781967,0.4,0.08,0.52,0.0
5602,0.8919826135340128,0.962325542052332,0.07925452887570605,0.009232178899984757,0.48651264088418383,0.8602060525652898,0.68,0.18,0.14,0.0
5603,0.890197093386801,0.9629822403706878,0.08204847697501959,0.01599043035225705,0.5037727887544016,0.8602001101454816,0.2,0.54,0.26,0.0
5604,0.8893245893231041,0.9621851417963239,0.08066953687291734,0.0065732977261304506,0.4910576463608645,0.86019282731581,0.5,0.1,0.4,0.0
5605,0.8887908681916938,0.9629010962687936,0.0796792856240314,0.01727825408515743,0.5037727887544016,0.8601921103476827,0.16,0.6,0.24,0.0
5606,0.8890131511676885,0.9629173550316454,0.08028400001980826,0.01679516334390561,0.5037727887544016,0.860183368511171,0.16,0.58,0.26,0.0
5607,0.8901560550036444,0.9629639155771973,0.08066053598867515,0.01800351756269156,0.5037727887544016,0.8601829075850334,0.22,0.62,0.16,0.0
5608,0.9121347546417491,0.9948694470748075,0.08600356017075042,0.007164578976599824,0.42371414339073304,0.8601796672156083,0.18,0.18,0.64,0.25
5609,0.886939979366587,0.9620595181507529,0.07873046304527484,0.005766055271855743,0.4910576463608645,0.8601795477118858,0.3,0.1,0.6,0.0
5610,0.8860974056080596,0.9626703595716729,0.07829409886434804,0.005602097318374689,0.4910576463608645,0.8601771014761305,0.02,0.14,0.84,0.0
5611,0.8882689053974513,0.9620621381171425,0.08040011893455466,0.005366198238657618,0.4910576463608645,0.860176829068452,0.56,0.04,0.4,0.0
5612,0.8907729103229495,0.9629952952889261,0.08162385172959197,0.017601151066867333,0.5037727887544016,0.8601751902683028,0.24,0.6,0.16,0.0
5613,0.8897979263042222,0.9629549028928172,0.08188616726456076,0.01590970610682959,0.5037727887544016,0.8601392369309864,0.18,0.54,0.28,0.0
5614,0.869602179954492,0.9978056059795118,0.054897104968669695,0.014990581454919235,0.45615374113536183,0.8601364835431027,0.1,0.52,0.38,1.0
5615,0.8896417028928758,0.9629501719820794,0.081396674820915,0.016392796848081346,0.5037727887544016,0.8601362797869215,0.18,0.56,0.26,0.0
5616,0.887671008414961,0.9620684859214235,0.07994306999536906,0.00536494350734455,0.4910576463608645,0.860130539538211,0.44,0.06,0.5,0.0
5617,0.9166834865321045,0.9982500421066027,0.07681172042199172,0.015264182041462201,0.4039896880396413,0.8601249914462841,0.3,0.5,0.2,0.75
5618,0.8900585939256102,0.9626989845758835,0.08195305667897197,0.006651512508931794,0.4910576463608645,0.8601041166251199,0.28,0.14,0.58,0.0
5619,0.886395014873484,0.9619851560189985,0.0788512509112041,0.0051215160397490534,0.4910576463608645,0.8600989598795777,0.26,0.08,0.66,0.0
5620,0.915016233351504,0.9964316956048193,0.08972796915265381,0.007705857302167243,0.42371414339073304,0.8600955551692362,0.08,0.22,0.7,0.5
5621,0.8928470257262097,0.9630692831397677,0.08449519627654009,0.01703859081150111,0.5037727887544016,0.8600925402102673,0.34,0.56,0.1,0.0
5622,0.8879042349928519,0.9621072763952256,0.08006352930245986,0.005767310003168817,0.4910576463608645,0.8600910955744899,0.42,0.08,0.5,0.0
5623,0.8506712862389145,0.9556455559755819,0.0450203653146288,0.0028662560930321525,0.5006990589401363,0.8600896953347408,0.18,0.0,0.82,0.0
5624,0.8919111285438702,0.9623293597176424,0.07953722802417205,0.009312903145412227,0.48651264088418383,0.860087465137047,0.7,0.18,0.12,0.0
5625,0.8929283084912548,0.9630808109918818,0.08499650389688465,0.016474775824821895,0.5037727887544016,0.8600867704113675,0.32,0.54,0.14,0.0
5626,0.8505989651590802,0.9556389686315166,0.04504098546470049,0.0027855318476046834,0.5006990589401363,0.860077206040616,0.16,0.0,0.84,0.0
5627,0.8890396337681017,0.9629174448590645,0.07999998595806113,0.017842069071836622,0.5037727887544016,0.8600638947555068,0.18,0.62,0.2,0.0
5628,0.8879922278526874,0.9628414209200573,0.07793305705797644,0.01921061705016444,0.5037727887544016,0.8600609494091703,0.16,0.68,0.16,0.0
5629,0.8698940500938556,0.9977950961714805,0.05507495796586567,0.015546720721093688,0.45615374113536183,0.8600599227330598,0.12,0.54,0.34,1.0
5630,0.8871130461229516,0.962037675116682,0.0795484253028351,0.005444413021458936,0.4910576463608645,0.8600565057152404,0.34,0.08,0.58,0.0
5631,0.888625106215996,0.9621595409818885,0.08052678994316319,0.006411849235275509,0.4910576463608645,0.8600526200172149,0.46,0.1,0.44,0.0
5632,0.8569600065494108,0.995005206247497,0.05208954790725617,0.009781542051163352,0.4713331910097728,0.8600525866535917,0.0,0.32,0.68,1.0
5633,0.8903342943721037,0.9627024878452274,0.0825144164615416,0.006570788263504326,0.4910576463608645,0.8600415229036615,0.26,0.14,0.6,0.0
5634,0.8896514585762133,0.9621948132151105,0.08148333923194431,0.006654021971557918,0.4910576463608645,0.8600413802299488,0.52,0.1,0.38,0.0
5635,0.8905809492684554,0.9630054158448081,0.08295916332090274,0.016071154597684528,0.5037727887544016,0.8600398298470084,0.22,0.54,0.24,0.0
5636,0.8918255184137004,0.9630300884425796,0.08345218051354396,0.01727950881647043,0.5037727887544016,0.8600329759447112,0.28,0.58,0.14,0.0
5637,0.8567951681748396,0.9950029605620202,0.05170817149894456,0.010267210665740148,0.4713331910097728,0.8600157065360802,0.0,0.34,0.66,1.0
5638,0.8859994835750598,0.9626780248447669,0.07847493700862387,0.00608518805962643,0.4910576463608645,0.8600000776501543,0.02,0.16,0.82,0.0
5639,0.8883369414465196,0.9628809749269217,0.07920188977540445,0.018244435567660824,0.5037727887544016,0.8599974251510201,0.16,0.64,0.2,0.0
5640,0.8926289410231237,0.963064701941395,0.08468628943721884,0.016957866566073634,0.5037727887544016,0.8599874346376192,0.32,0.56,0.12,0.0
5641,0.8893274419980506,0.9629346917235262,0.08197029384434387,0.015828981861402112,0.5037727887544016,0.8599869310129347,0.16,0.54,0.3,0.0
5642,0.8880873536495381,0.9628559729619468,0.0786339622899066,0.01872752630891272,0.5037727887544016,0.8599860496023115,0.16,0.66,0.18,0.0
5643,0.8895164563868365,0.9626563165518248,0.0817507741827929,0.006732236754359262,0.4910576463608645,0.8599772967016128,0.3,0.14,0.56,0.0
5644,0.9143690854159361,0.9964283420478406,0.08956642760565964,0.007630259853654669,0.42371414339073304,0.8599626382824708,0.06,0.22,0.72,0.5
5645,0.8875296761190618,0.9620689650009918,0.08021216951482782,0.0056058615123138755,0.4910576463608645,0.8599623824019369,0.38,0.08,0.54,0.0
5646,0.8911377715570695,0.962765127498793,0.08332611141369833,0.007053879004756071,0.4910576463608645,0.8599611382024975,0.26,0.16,0.58,0.0
5647,0.8908701701855269,0.9630143686442423,0.08315344562175181,0.016634969584363758,0.5037727887544016,0.8599591180223156,0.24,0.56,0.2,0.0
5648,0.8882974553034149,0.9621368146448636,0.08084052278025869,0.005928758494023756,0.4910576463608645,0.8599570097794889,0.46,0.08,0.46,0.0
5649,0.8919330176194986,0.9630448500817804,0.08419636464053945,0.016796418075218703,0.5037727887544016,0.8599493319506762,0.28,0.56,0.16,0.0
5650,0.9126658945622211,0.9948933112258074,0.08727114313365084,0.007320900670539871,0.42371414339073304,0.8599455773447136,0.22,0.18,0.6,0.25
5651,0.8909690444617053,0.962772238836136,0.08317155670695578,0.007134603250183543,0.4910576463608645,0.8599400369871969,0.28,0.16,0.56,0.0
5652,0.8892128900167424,0.9629250801896856,0.08169365775673341,0.01631207260265387,0.5037727887544016,0.8599343258425611,0.16,0.56,0.28,0.0
5653,0.8868879466050217,0.9620222547430749,0.07979050924758141,0.005363688776031465,0.4910576463608645,0.8599329569915931,0.32,0.08,0.6,0.0
5654,0.8911748641863927,0.9629903547808772,0.08249282107091822,0.018164966053546498,0.5037727887544016,0.8599315408019096,0.26,0.62,0.12,0.0
5655,0.9134589016931424,0.9964244195838745,0.08913181993083924,0.007070282727227838,0.42371414339073304,0.8599263914887623,0.04,0.2,0.76,0.5
5656,0.8690681927061342,0.9977973717994304,0.05512046608517478,0.014920110803321557,0.45615374113536183,0.8599246979768809,0.08,0.52,0.4,1.0
5657,0.8759662161823696,0.9979121412985302,0.04700664058664546,0.009334003169621715,0.41916913791405225,0.8599220066500333,0.7,0.2,0.1,1.0
5658,0.8913066386761476,0.9630174527189637,0.08334999528382266,0.017198784571042947,0.5037727887544016,0.8599210459388226,0.26,0.58,0.16,0.0
5659,0.8689739091270627,0.9977795260855082,0.05469674124455148,0.015405779417898316,0.45615374113536183,0.8599188634684094,0.08,0.54,0.38,1.0
5660,0.8875114930587736,0.9621008537347621,0.08009961831468257,0.006008228008138153,0.4910576463608645,0.8599137129064102,0.36,0.1,0.54,0.0
5661,0.8867915332452324,0.9620557004854423,0.07956975002837104,0.005685331026428276,0.4910576463608645,0.859908419041089,0.28,0.1,0.62,0.0
5662,0.8867664289795387,0.9620482747521325,0.07964505772489044,0.005604606781000805,0.4910576463608645,0.859894189542408,0.26,0.1,0.64,0.0
5663,0.8920688175680515,0.9630579349424917,0.08488540994508426,0.016313327333966954,0.5037727887544016,0.8598898363638361,0.28,0.54,0.18,0.0
5664,0.8568084243266016,0.9949979002840792,0.05187998102315139,0.010752879280316928,0.4713331910097728,0.8598722168672921,0.0,0.36,0.64,1.0
5665,0.8914150341533525,0.9630316454511769,0.0841798619848828,0.01671569382979122,0.5037727887544016,0.8598128627252228,0.26,0.56,0.18,0.0
5666,0.890990634065021,0.963024219717867,0.08413997896735334,0.016151878843112002,0.5037727887544016,0.8598086996423837,0.24,0.54,0.22,0.0
5667,0.8907341758578847,0.9629785873889789,0.082572126352205,0.018084241808119038,0.5037727887544016,0.8597908313764521,0.24,0.62,0.14,0.0
5668,0.8872763441696082,0.9620937573686554,0.08034252263005294,0.005927503762710685,0.4910576463608645,0.859788161263591,0.34,0.1,0.56,0.0
5669,0.9117851423016898,0.9948539967587273,0.08706377693298271,0.0070864181296298,0.42371414339073304,0.8597821842425446,0.16,0.18,0.66,0.25
5670,0.8759726016913861,0.997904236485652,0.04759251648568964,0.009193061866426351,0.41916913791405225,0.85978187679062,0.66,0.2,0.14,1.0
5671,0.8686859427250989,0.9977915030747176,0.05526711143993051,0.014849640151723876,0.45615374113536183,0.8597809238989678,0.06,0.52,0.42,1.0
5672,0.8685852803954182,0.997789257389241,0.05524526924037933,0.014779169500126197,0.45615374113536183,0.8597707848041564,0.04,0.52,0.44,1.0
5673,0.8871296627609794,0.9620794149240771,0.0803281315949144,0.005846779517283213,0.4910576463608645,0.8597623026984067,0.32,0.1,0.58,0.0
5674,0.8906613218498984,0.962755680648554,0.08346743745720561,0.00721532749561101,0.4910576463608645,0.8597437184882162,0.3,0.16,0.54,0.0
5675,0.8695016223182318,0.9977885387698884,0.055809170826716055,0.015476250069496001,0.45615374113536183,0.8597434558697921,0.1,0.54,0.36,1.0
5676,0.8567311905550538,0.994988737887334,0.051931057471372284,0.011238547894893593,0.4713331910097728,0.8597358011056897,0.0,0.38,0.62,1.0
5677,0.8885150671606062,0.9628905565182893,0.08063832000343099,0.017761344826409144,0.5037727887544016,0.8597344520988901,0.16,0.62,0.22,0.0
5678,0.8565973669546258,0.9949753236594193,0.0515020318525751,0.011724216509470385,0.4713331910097728,0.8597202987949895,0.0,0.4,0.6,1.0
5679,0.8881116445995979,0.9621199570325513,0.08165001458688675,0.005848034248596284,0.4910576463608645,0.8596813128125699,0.44,0.08,0.48,0.0
5680,0.8684425234840354,0.9977812028639975,0.05545397049612967,0.014708698848528516,0.45615374113536183,0.859680625228935,0.02,0.52,0.46,1.0
5681,0.8759709587738226,0.9979098057856344,0.04792637145263058,0.009263532518024035,0.41916913791405225,0.8596717949989925,0.68,0.2,0.12,1.0
5682,0.8870761464219428,0.9628009087540562,0.07806680607352015,0.01961298354598863,0.5037727887544016,0.8596609830475922,0.14,0.7,0.16,0.0
5683,0.8878304328256876,0.9623771329333518,0.08136757824830686,0.0061684217676800605,0.4910576463608645,0.8596529420627073,0.28,0.12,0.6,0.0
5684,0.8684090327447597,0.9977521287226915,0.05480839815328258,0.01575050672927971,0.45615374113536183,0.8596441281133183,0.04,0.56,0.4,1.0
5685,0.8888267778389917,0.9629127738332728,0.0826848252395708,0.015748257615974634,0.5037727887544016,0.8596434187506737,0.14,0.54,0.32,0.0
5686,0.8877373697773888,0.9621130403212828,0.08126368395417277,0.006088952253565624,0.4910576463608645,0.8596312807158151,0.38,0.1,0.52,0.0
5687,0.8915190011609484,0.9630440416350088,0.08526287407936882,0.016232603088539476,0.5037727887544016,0.8596300391677391,0.26,0.54,0.2,0.0
5688,0.8883581266041459,0.9621539117969601,0.08186033432740268,0.006331124989848037,0.4910576463608645,0.8596030470310165,0.44,0.1,0.46,0.0
5689,0.8888611695300606,0.9625920300622429,0.08283611944952098,0.006087697522252589,0.4910576463608645,0.859586811070772,0.26,0.12,0.62,0.0
5690,0.8879172761043154,0.9621253766201685,0.08156887537145918,0.006169676498993094,0.4910576463608645,0.8595828985807922,0.4,0.1,0.5,0.0
5691,0.8875443667758613,0.9628527990598064,0.08059738317028911,0.017116805594302488,0.5037727887544016,0.8595782980843484,0.12,0.6,0.28,0.0
5692,0.8881990036353509,0.9628772321177936,0.08131961592357852,0.01719752983972995,0.5037727887544016,0.8595538169295001,0.14,0.6,0.26,0.0
5693,0.8878470843927885,0.9628640274871902,0.08139337587043613,0.016633714853050666,0.5037727887544016,0.8595377408375673,0.12,0.58,0.3,0.0
5694,0.8887041302275137,0.9629045097107183,0.0825852381462543,0.016231348357226397,0.5037727887544016,0.8595375014617297,0.14,0.56,0.3,0.0
5695,0.8686214927351096,0.9977733579360654,0.05585016961802854,0.015335308766300633,0.45615374113536183,0.8594934983798393,0.06,0.54,0.4,1.0
5696,0.8881156630195353,0.9621362457378762,0.08208749782316192,0.0062504007444205666,0.4910576463608645,0.8594782573660957,0.42,0.1,0.48,0.0
5697,0.888401644459312,0.9628894636180239,0.08221212231657812,0.01671443909847813,0.5037727887544016,0.8594555391405451,0.14,0.58,0.28,0.0
5698,0.8685136967338776,0.9977707229984393,0.05594488504432692,0.015264838114702951,0.45615374113536183,0.8594475293739822,0.04,0.54,0.42,1.0
5699,0.8974131474748336,0.9949783478491947,0.08496958214630339,0.014669162676830707,0.45615374113536183,0.8594428860969916,0.0,0.52,0.48,0.5
5700,0.8872891242461599,0.9621155854314898,0.08136635020691033,0.00624914601310753,0.4910576463608645,0.8594355268523308,0.3,0.12,0.58,0.0
5701,0.8881612827827097,0.9628804659048803,0.0824326087482039,0.01615062411179894,0.5037727887544016,0.8594312250416306,0.12,0.56,0.32,0.0
5702,0.8863136416193969,0.962770187776734,0.07812089459755588,0.019532259300561173,0.5037727887544016,0.8594281616602364,0.12,0.7,0.18,0.0
5703,0.8682199624798832,0.9977449125866928,0.05541408673023373,0.015680036077682025,0.45615374113536183,0.859425653962517,0.02,0.56,0.42,1.0
5704,0.8683572842209569,0.9977650039860917,0.0559533421632972,0.015194367463105264,0.45615374113536183,0.8594114016898536,0.02,0.54,0.44,1.0
5705,0.9119634157851518,0.9964177723548632,0.08943775647119259,0.006994685278715263,0.42371414339073304,0.859403593495797,0.02,0.2,0.78,0.5
5706,0.8868480719396423,0.962829683470632,0.08055671116359026,0.017036081348875007,0.5037727887544016,0.8593938226046656,0.1,0.6,0.3,0.0
5707,0.887717387962654,0.9628502539495993,0.08078799516596626,0.018163711322233347,0.5037727887544016,0.8593654425320894,0.14,0.64,0.22,0.0
5708,0.8875397942607475,0.9628239644582846,0.08031332061088284,0.01864680206348524,0.5037727887544016,0.859348564974901,0.14,0.66,0.2,0.0
5709,0.8872762495265467,0.9628104903454239,0.07970372123829178,0.01912989280473696,0.5037727887544016,0.8593467554878145,0.14,0.68,0.18,0.0
5710,0.8873196335082222,0.9628651054162191,0.08196142896435656,0.016069899866371452,0.5037727887544016,0.8593285247825755,0.1,0.56,0.34,0.0
5711,0.8879306151809114,0.962862470478593,0.08159991872256978,0.017680620580981667,0.5037727887544016,0.8592935897074275,0.14,0.62,0.24,0.0
5712,0.8871091905973956,0.9628458224635918,0.0815608975071582,0.01655299060762319,0.5037727887544016,0.8592814502675871,0.1,0.58,0.32,0.0
5713,0.9132324182297676,0.9964273539462308,0.09081589200471624,0.00755466240514209,0.42371414339073304,0.859276090182624,0.04,0.22,0.74,0.5
5714,0.8756644968649481,0.9979275017871914,0.047748688510066965,0.01106526567313569,0.41916913791405225,0.8592734326555587,0.64,0.28,0.08,1.0
5715,0.875571931278596,0.9979359904782936,0.0474267809833745,0.011480463636114786,0.41916913791405225,0.8592567795691994,0.62,0.3,0.08,1.0
5716,0.8859097558212754,0.9627939321578417,0.08019544918725267,0.016874632858020076,0.5037727887544016,0.8592434929427527,0.06,0.6,0.34,0.0
5717,0.8854365285466319,0.9627334333910974,0.07790949975451834,0.0194515350551337,0.5037727887544016,0.859236655087991,0.1,0.7,0.2,0.0
5718,0.8758724218254098,0.9979188184700145,0.04872048738588037,0.0101643990955799,0.41916913791405225,0.8592342790778563,0.66,0.24,0.1,1.0
5719,0.8872043439505953,0.9628353126555605,0.08109618414241423,0.01759989633555421,0.5037727887544016,0.8592331265901063,0.12,0.62,0.26,0.0
5720,0.8866455949161244,0.9628493856178817,0.08164228785193894,0.015989175620943995,0.5037727887544016,0.8592321847443265,0.08,0.56,0.36,0.0
5721,0.9160785919129929,0.9982450716560808,0.07939893345523032,0.015191147991407073,0.4039896880396413,0.859210872420428,0.28,0.5,0.22,0.75
5722,0.8864590243732448,0.9627824941331466,0.07941745685445797,0.019049168559309503,0.5037727887544016,0.8591961318004558,0.12,0.68,0.2,0.0
5723,0.8862362463499478,0.9628400136238252,0.08139896001849639,0.01590845137551653,0.5037727887544016,0.8591943287961742,0.06,0.56,0.38,0.0
5724,0.875791107215664,0.9979276514995564,0.04845688985833547,0.01065006771015658,0.41916913791405225,0.8591901340956045,0.66,0.26,0.08,1.0
5725,0.8977695288012931,0.9949731378588886,0.08588432045041368,0.01515354235474497,0.45615374113536183,0.8591882053777904,0.0,0.54,0.46,0.5
5726,0.8759179896530602,0.9979139079044386,0.04926021180376912,0.009749201132600801,0.41916913791405225,0.8591745208856839,0.68,0.22,0.1,1.0
5727,0.8862489703337647,0.9628076308392501,0.0807714764834714,0.016955357103447553,0.5037727887544016,0.8591649609048908,0.08,0.6,0.32,0.0
5728,0.8856250687725106,0.9627887221675356,0.08023090763672054,0.0167939086125926,0.5037727887544016,0.8591632190328218,0.04,0.6,0.36,0.0
5729,0.9120442966912732,0.9964187005715269,0.08969245294212037,0.007963444634543777,0.42371414339073304,0.8591607552618594,0.02,0.24,0.74,0.5
5730,0.9216453441950417,0.9975147447965597,0.08485702577234853,0.01539434217511767,0.4039896880396413,0.8591558376956483,0.32,0.5,0.18,0.5
5731,0.8976629857591893,0.9934694268636383,0.08543457657923456,0.014684629916780642,0.45615374113536183,0.8591542369539887,0.0,0.52,0.48,0.25
5732,0.8860606134288381,0.9627928242863398,0.08001048427057304,0.018002262831378412,0.5037727887544016,0.859116427643231,0.1,0.64,0.26,0.0
5733,0.886482951189781,0.9628292043910637,0.08153444968251833,0.016472266362195735,0.5037727887544016,0.859114861812599,0.08,0.58,0.34,0.0
5734,0.8889745119319903,0.9621945736753262,0.08382500462077035,0.006894939976527299,0.4910576463608645,0.8591144148959443,0.46,0.12,0.42,0.0
5735,0.8757902558829151,0.9979252561017146,0.0488300438198795,0.010579597058558902,0.41916913791405225,0.8590959440424616,0.64,0.26,0.1,1.0
5736,0.8868123920798171,0.9628208654123266,0.0808465979690462,0.01808298707680589,0.5037727887544016,0.8590887711410559,0.12,0.64,0.24,0.0
5737,0.8858859506282851,0.96281183775671,0.08111829842070131,0.016310817871340793,0.5037727887544016,0.8590855222195047,0.04,0.58,0.38,0.0
5738,0.8759067491330771,0.9979083984894023,0.049638004696350484,0.00967873048100312,0.41916913791405225,0.8590754084612311,0.66,0.22,0.12,1.0
5739,0.8874610332245748,0.9621370242421747,0.08274868307237125,0.006329870258535004,0.4910576463608645,0.8590753135644009,0.32,0.12,0.56,0.0
5740,0.8888965159999894,0.9625813106569004,0.08416412518906673,0.006812960999786726,0.4910576463608645,0.8590675729464994,0.32,0.14,0.54,0.0
5741,0.8864995983640842,0.9628105202878969,0.08100701120651421,0.01751917209012674,0.5037727887544016,0.8590598587785697,0.1,0.62,0.28,0.0
5742,0.8975930875686835,0.9949531961718548,0.0858247553650334,0.01563792203265923,0.45615374113536183,0.8590525926700272,0.0,0.56,0.44,0.5
5743,0.8877076068136753,0.9621416653254934,0.08300759105076617,0.006491318749389944,0.4910576463608645,0.8590429870541624,0.36,0.12,0.52,0.0
5744,0.9120197338285917,0.9964248088360238,0.09048934658089733,0.007479064956629514,0.42371414339073304,0.8590212436781565,0.02,0.22,0.76,0.5
5745,0.888626299914724,0.962181608584507,0.08389036202415305,0.006814215731099828,0.4910576463608645,0.8590052932158779,0.44,0.12,0.44,0.0
5746,0.8859993953706923,0.9628350731157763,0.08186928619637196,0.015827727130089054,0.5037727887544016,0.8590029698263915,0.04,0.56,0.4,0.0
5747,0.8848216223779456,0.9627010805489953,0.07813018156882305,0.019370810809706235,0.5037727887544016,0.858999799848333,0.08,0.7,0.22,0.0
5748,0.8875392542878114,0.962141830009095,0.08307033320365312,0.006410594503962476,0.4910576463608645,0.858990547289464,0.34,0.12,0.54,0.0
5749,0.8865790007686195,0.9628086937970425,0.08064533882807824,0.01856607781805778,0.5037727887544016,0.8589783809700753,0.12,0.66,0.22,0.0
5750,0.8856269597847428,0.9627717148428582,0.08052846293603208,0.017357723599271797,0.5037727887544016,0.8589626159295125,0.06,0.62,0.32,0.0
5751,0.8854369578061643,0.9628067475362959,0.08113366717695787,0.016230093625913326,0.5037727887544016,0.8589617712032047,0.02,0.58,0.4,0.0
5752,0.8883186608674787,0.962167745219497,0.08384035787976393,0.006733491485672358,0.4910576463608645,0.8589414949922651,0.42,0.12,0.46,0.0
5753,0.9156459053827832,0.9982386639668537,0.07993338774286364,0.015118113941351943,0.4039896880396413,0.8589405012079219,0.26,0.5,0.24,0.75
5754,0.8649477791679906,0.9559687550293998,0.07816997380684393,0.020497186051751614,0.5513918363734412,0.8589338985389621,0.0,0.76,0.24,0.0
5755,0.897549053082545,0.9934142129433825,0.0854056300951474,0.015652100335946672,0.45615374113536183,0.8589266331689325,0.0,0.56,0.44,0.25
5756,0.8858409317169242,0.9627772242578945,0.08013616563713295,0.0184853535726303,0.5037727887544016,0.858915301000286,0.1,0.66,0.24,0.0
5757,0.8857064328137473,0.9627671336444855,0.0804282402997778,0.017921538585950955,0.5037727887544016,0.858901925801184,0.08,0.64,0.28,0.0
5758,0.8861189810319766,0.9628173920854558,0.08197632558909398,0.016391542116768264,0.5037727887544016,0.858892545332681,0.06,0.58,0.36,0.0
5759,0.8860151776269676,0.9627871951014114,0.08112755546703723,0.01743844784469927,0.5037727887544016,0.8588923969071747,0.08,0.62,0.3,0.0
5760,0.8853480131031152,0.9627489885058331,0.08026563603980003,0.017840814340523477,0.5037727887544016,0.8588547406381815,0.06,0.64,0.3,0.0
5761,0.885248759916503,0.9627819851111052,0.08098218775725509,0.016713184367165134,0.5037727887544016,0.8588486870457978,0.02,0.6,0.38,0.0
5762,0.8977314998666969,0.993431250210533,0.08622809081760155,0.015168365126363657,0.45615374113536183,0.8588433578350452,0.0,0.54,0.46,0.25
5763,0.8846471851816926,0.9626820970210982,0.07816525079342135,0.01985390155095814,0.5037727887544016,0.8588378841727389,0.08,0.72,0.2,0.0
5764,0.8881762424400568,0.9624503722223677,0.08417977558903818,0.006893685245214197,0.4910576463608645,0.8588111895133688,0.34,0.14,0.52,0.0
5765,0.9153744912483077,0.9982496528544533,0.08049486284157413,0.014560055745051327,0.4039896880396413,0.858810329471881,0.24,0.48,0.28,0.75
5766,0.885167497751359,0.9627414130601581,0.08032155111658469,0.017760090095096007,0.5037727887544016,0.8587994608840912,0.04,0.64,0.32,0.0
5767,0.8853018398801283,0.9627490483907792,0.08002130807868549,0.018404629327202833,0.5037727887544016,0.8587986328042615,0.08,0.66,0.26,0.0
5768,0.8853527987600887,0.962763929799872,0.08087455320168614,0.01727699935384432,0.5037727887544016,0.8587954841727622,0.04,0.62,0.34,0.0
5769,0.8856275761341169,0.9627495574128206,0.07998231005224549,0.018968444313882022,0.5037727887544016,0.8587949194882984,0.1,0.68,0.22,0.0
5770,0.8878554057215584,0.9621577144910342,0.08409977293127335,0.006572042994817416,0.4910576463608645,0.8587584521757217,0.38,0.12,0.5,0.0
5771,0.888063224821163,0.9621681943565924,0.08443534222398627,0.0066527672402448895,0.4910576463608645,0.858709400205457,0.4,0.12,0.48,0.0
5772,0.9151943550747562,0.9982294117426893,0.08032842086406997,0.01504507989129682,0.4039896880396413,0.8587042726269101,0.24,0.5,0.26,0.75
5773,0.8855894895595122,0.9628261502588152,0.08256132887749512,0.01574700288466158,0.5037727887544016,0.8586951231947509,0.02,0.56,0.42,0.0
5774,0.8849874360670553,0.9627241362532235,0.08014359856554817,0.018323905081775366,0.5037727887544016,0.8586814341130029,0.06,0.66,0.28,0.0
5775,0.9211120747609302,0.9975074388331419,0.08609049815896211,0.015318744726605103,0.4039896880396413,0.8586539755615563,0.3,0.5,0.2,0.5
5776,0.884926175221544,0.9627562345843049,0.08098966291752073,0.017196275108416856,0.5037727887544016,0.8586492740347107,0.02,0.62,0.36,0.0
5777,0.9147942087798696,0.9982360889141736,0.08049873666833864,0.014487021694996199,0.4039896880396413,0.8586476992001861,0.22,0.48,0.3,0.75
5778,0.8842616193074005,0.9626528731674271,0.07849480915918138,0.019773177305530666,0.5037727887544016,0.858638885237493,0.06,0.72,0.22,0.0
5779,0.8846942102898572,0.9627350053709312,0.08047256778884516,0.01767936584966854,0.5037727887544016,0.8586290841405099,0.02,0.64,0.34,0.0
5780,0.8882826436314596,0.9622040354968018,0.08468835282154166,0.007055133736069134,0.4910576463608645,0.8586271252935354,0.38,0.14,0.48,0.0
5781,0.8845030356607583,0.9626757641880537,0.07922130738228253,0.01929008656427876,0.5037727887544016,0.8586017388681082,0.06,0.7,0.24,0.0
5782,0.8947637483726529,0.9952494769424244,0.08538423179026201,0.014653695436880776,0.45615374113536183,0.8585721865813027,0.0,0.52,0.48,0.75
5783,0.8880980093223859,0.9621897229946964,0.08480818579673542,0.006974409490641663,0.4910576463608645,0.8585511564867736,0.36,0.14,0.5,0.0
5784,0.8847660941196123,0.962715872130669,0.08046772324095296,0.01824318083634789,0.5037727887544016,0.8585364141471051,0.04,0.66,0.3,0.0
5785,0.8850446164708841,0.962719704767216,0.08034748862319843,0.018887720068454555,0.5037727887544016,0.8585263302789028,0.08,0.68,0.24,0.0
5786,0.884439426613078,0.962695690903851,0.07985427999580093,0.01872627157759961,0.5037727887544016,0.8585157708684013,0.04,0.68,0.28,0.0
5787,0.8841134711658833,0.9626576939055839,0.07939315524921343,0.01920936231885129,0.5037727887544016,0.8584487190132789,0.04,0.7,0.26,0.0
5788,0.8718786604728982,0.9978118938988468,0.05174380615320346,0.007086568265103002,0.42371414339073304,0.8584450835754965,0.2,0.18,0.62,1.0
5789,0.8842814272378839,0.9627091051317656,0.08036794724606464,0.01816245659092042,0.5037727887544016,0.8584349331484415,0.02,0.66,0.32,0.0
5790,0.9146665831271876,0.9982196504964836,0.08089543404236296,0.01497204584124169,0.4039896880396413,0.8583954782456311,0.22,0.5,0.28,0.75
5791,0.8717128702636484,0.9978066539660677,0.05181066848937454,0.007016097613505322,0.42371414339073304,0.8583893622609611,0.18,0.18,0.64,1.0
5792,0.914186367904683,0.9982081525868425,0.0804637899162543,0.014899011791186563,0.4039896880396413,0.8583888419704778,0.2,0.5,0.3,0.75
5793,0.8837756728352054,0.9626316289828167,0.07896741073251536,0.019692453060103192,0.5037727887544016,0.8583696955279954,0.04,0.72,0.24,0.0
5794,0.8712428207541498,0.997803270466616,0.05116209462399944,0.0073608249248866674,0.42371414339073304,0.8583660332807629,0.14,0.2,0.66,1.0
5795,0.8836091026616362,0.9626494597255024,0.07925088757695273,0.019128638073423816,0.5037727887544016,0.858353367957128,0.02,0.7,0.28,0.0
5796,0.8839424806250514,0.9626879358033379,0.07996750495166267,0.01864554733217214,0.5037727887544016,0.8583489988395364,0.02,0.68,0.3,0.0
5797,0.8707984312421183,0.9977930301408419,0.05088407398255276,0.0072198836216913025,0.42371414339073304,0.8583395884390623,0.1,0.2,0.7,1.0
5798,0.8710118820792522,0.9977970723747001,0.05112520288948782,0.007290354273288985,0.42371414339073304,0.8583205607993115,0.12,0.2,0.68,1.0
5799,0.9143575134230402,0.9982212374475539,0.0812908110994124,0.014413987644941069,0.4039896880396413,0.8583005253124104,0.2,0.48,0.32,0.75
5800,0.8833467669815198,0.9626219725352666,0.0788436856271245,0.019611728814675725,0.5037727887544016,0.8582914196730389,0.02,0.72,0.26,0.0
5801,0.8847210816485204,0.9627088356495084,0.08088605443907376,0.01880699582302708,0.5037727887544016,0.8582883870672718,0.06,0.68,0.26,0.0
5802,0.8948258605741284,0.9952454047660931,0.08638640565339747,0.01513871958312628,0.45615374113536183,0.8582040383335557,0.0,0.54,0.46,0.75
5803,0.8705150246351427,0.9977882692876311,0.05113122990076773,0.007149412970093621,0.42371414339073304,0.8581966323358005,0.08,0.2,0.72,1.0
5804,0.8946388771991467,0.9952248043446529,0.0858881963228629,0.015623743729371791,0.45615374113536183,0.8581916012546935,0.0,0.56,0.44,0.75
5805,0.8904946588581101,0.9628046515631842,0.07817688868171166,0.007697163505549703,0.4713331910097728,0.8581725594196199,0.18,0.2,0.62,0.0
5806,0.8829981291566941,0.9625969106853458,0.07862846530796054,0.020094819555927425,0.5037727887544016,0.8581485503572841,0.02,0.74,0.24,0.0
5807,0.8702369171429577,0.9977854247526939,0.05106858384973972,0.007078942318495943,0.42371414339073304,0.8581449433676538,0.06,0.2,0.74,1.0
5808,0.8698650252319237,0.9977777295371268,0.05125316126946649,0.006522803052321552,0.42371414339073304,0.8580901915796234,0.04,0.18,0.78,1.0
5809,0.8705757924851568,0.9977860236021544,0.05191194067320963,0.006663744355516914,0.42371414339073304,0.8580863940489444,0.08,0.18,0.74,1.0
5810,0.8943222995856182,0.9629876300158321,0.07972038205308347,0.011807826365785413,0.4713331910097728,0.8580808077872177,0.6,0.3,0.1,0.0
5811,0.9137012431879193,0.9981951874960233,0.08109667017263836,0.014825977741131436,0.4039896880396413,0.8580733559603644,0.18,0.5,0.32,0.75
5812,0.8702604248496894,0.9977795859704542,0.05171443525569286,0.006593273703919234,0.42371414339073304,0.8580619002611487,0.06,0.18,0.76,1.0
5813,0.8713221141670596,0.9977939882999787,0.052837685584915126,0.006875156310309958,0.42371414339073304,0.8580020893485811,0.14,0.18,0.68,1.0
5814,0.8677289441051873,0.9560607981914746,0.06404876616547653,0.004555191590443692,0.4910576463608645,0.8579948441319203,0.0,0.1,0.9,0.0
5815,0.8697813232607948,0.9977869817612911,0.05117931078152748,0.007008471666898261,0.42371414339073304,0.8579906438455375,0.04,0.2,0.76,1.0
5816,0.8708412482931348,0.9977873710134404,0.05250021050086421,0.006734215007114593,0.42371414339073304,0.8579823999800988,0.1,0.18,0.72,1.0
5817,0.8714502115683002,0.9977980005913638,0.052996295995961167,0.006945626961907639,0.42371414339073304,0.8579812609916517,0.16,0.18,0.66,1.0
5818,0.8710944311126276,0.9977916827295559,0.05273153319304106,0.006804685658712278,0.42371414339073304,0.8579781618328748,0.12,0.18,0.7,1.0
5819,0.8916841907723992,0.9623349739313344,0.0786320106087369,0.009473096904954043,0.4713331910097728,0.8579724602398244,0.62,0.2,0.18,0.0
5820,0.894614405028534,0.9629908039179726,0.08021173166328756,0.012290917107037102,0.4713331910097728,0.8579305238279664,0.6,0.32,0.08,0.0
5821,0.8908002916672179,0.9628160596454063,0.07929861919920904,0.007777887750977177,0.4713331910097728,0.8579261526146384,0.2,0.2,0.6,0.0
5822,0.8704824272775644,0.9977929702558959,0.05182915673779275,0.007635081584670372,0.42371414339073304,0.8578890454335155,0.08,0.22,0.7,1.0
5823,0.8702499079585513,0.9977909042252572,0.05167140845114938,0.0075646109330726906,0.42371414339073304,0.8578785903977051,0.06,0.22,0.72,1.0
5824,0.8917817263927791,0.9623375489840145,0.07902476918598787,0.009553821150381513,0.4713331910097728,0.8578726361644216,0.64,0.2,0.16,0.0
5825,0.8919052547477067,0.962416597112797,0.07619597798592927,0.010521257364198114,0.4667881855330919,0.8578625304331589,0.76,0.22,0.02,0.0
5826,0.9204942992294498,0.9974977973568282,0.08832671121108691,0.015243147278092522,0.4039896880396413,0.8578370814742334,0.28,0.5,0.22,0.5
5827,0.8936656830647319,0.9629380752229778,0.08022685221974718,0.011324735624533627,0.4713331910097728,0.8578268713607132,0.6,0.28,0.12,0.0
5828,0.8689972521021666,0.9977803644747529,0.051055757524376494,0.006938001015300581,0.42371414339073304,0.8578041739695633,0.02,0.2,0.78,1.0
5829,0.8937769416170154,0.9629848154233679,0.07780210599399992,0.01196927485664036,0.4667881855330919,0.8577562351595932,0.64,0.3,0.06,0.0
5830,0.9131644112927678,0.9981728504111476,0.08177309908003028,0.014752943691076307,0.4039896880396413,0.8577283865130572,0.16,0.5,0.34,0.75
5831,0.9200150855820036,0.9974886050176099,0.08826777772773352,0.015167549829579942,0.4039896880396413,0.8577240626276547,0.26,0.5,0.24,0.5
5832,0.9190772244320583,0.9969667376552798,0.08746830544636183,0.01453197525464055,0.4039896880396413,0.8577222180324421,0.22,0.48,0.3,0.5
5833,0.8932870918682155,0.9629034617241624,0.0801692855074268,0.011405459869961105,0.4713331910097728,0.8577085673699275,0.62,0.28,0.1,0.0
5834,0.8689029188066907,0.9977731782812272,0.05162308987777601,0.006452332400723874,0.42371414339073304,0.8577082322602498,0.02,0.18,0.8,1.0
5835,0.8918634394597414,0.9624242025009451,0.07646994942132707,0.010842899614594965,0.4667881855330919,0.8577077467586733,0.72,0.24,0.04,0.0
5836,0.8915769425408712,0.9623244641233031,0.07949000718008853,0.00939237265952657,0.4713331910097728,0.8577072886685291,0.6,0.2,0.2,0.0
5837,0.8897921695891782,0.9628050707578065,0.07892749055750414,0.008018805755946526,0.4713331910097728,0.8576809691472768,0.14,0.22,0.64,0.0
5838,0.8893216524249349,0.9627874945261417,0.0785417555552063,0.007938081510519059,0.4713331910097728,0.8576646220073219,0.12,0.22,0.66,0.0
5839,0.9138238777805784,0.9982000681191261,0.08302679769860813,0.01434095359488594,0.4039896880396413,0.8576509661788768,0.18,0.48,0.34,0.75
5840,0.8918759591335341,0.962431628234255,0.07663400522837636,0.010923623860022437,0.4667881855330919,0.8576491351718702,0.74,0.24,0.02,0.0
5841,0.8918675288439644,0.9623651858866153,0.07726835177614196,0.009957442377518864,0.4667881855330919,0.8576468423056208,0.74,0.2,0.06,0.0
5842,0.893212760781557,0.9629328951751448,0.07746757941608275,0.012130723347495305,0.4667881855330919,0.8576434271405526,0.68,0.3,0.02,0.0
5843,0.8910914694577526,0.9628326477754614,0.08053516225473353,0.00785861199640464,0.4713331910097728,0.8576430584154117,0.22,0.2,0.58,0.0
5844,0.8888414368108319,0.9627939621003148,0.07797581904284158,0.008340448006343357,0.4713331910097728,0.8576043489200216,0.1,0.24,0.66,0.0
5845,0.8919165960742669,0.9623482683893569,0.07752574419331215,0.009876718132091391,0.4667881855330919,0.8576009019464457,0.72,0.2,0.08,0.0
5846,0.8918497339841345,0.962405159088102,0.07715566241609885,0.010440533118770643,0.4667881855330919,0.8575833969558235,0.74,0.22,0.04,0.0
5847,0.895423956575543,0.9630473652495144,0.07928582428382078,0.013257098589540703,0.4667881855330919,0.8575740467707333,0.6,0.36,0.04,0.0
5848,0.9148790627935288,0.9964235213096838,0.08431427409115651,0.01314049331329874,0.4039896880396413,0.8575696445563048,0.1,0.44,0.46,0.25
5849,0.8919073292174237,0.9623922538822288,0.07733772443377153,0.010359808873343172,0.4667881855330919,0.8575623526000087,0.72,0.22,0.06,0.0
5850,0.8933658240276904,0.9629614902368824,0.07800655886974059,0.012049999102067829,0.4667881855330919,0.8575542636257523,0.66,0.3,0.04,0.0
5851,0.9185414466803807,0.9969502692951168,0.08755949273801708,0.014456377806127966,0.4039896880396413,0.8575478228519242,0.2,0.48,0.32,0.5
5852,0.9140320242665027,0.9982031521938476,0.08397006111135913,0.013855929448640452,0.4039896880396413,0.8575387092755459,0.18,0.46,0.36,0.75
5853,0.8953701860144267,0.963059551836035,0.07934129669556238,0.013337822834968182,0.4667881855330919,0.8575275927866259,0.62,0.36,0.02,0.0
5854,0.8952233958038003,0.9632056411619176,0.08040549754395804,0.015188206823234608,0.4713331910097728,0.857510079688871,0.48,0.46,0.06,0.0
5855,0.869144786935216,0.9977932097956801,0.051614442484639526,0.007909338244454084,0.42371414339073304,0.8574948913674683,0.02,0.24,0.74,1.0
5856,0.9173049931743549,0.9965012519696533,0.08622359849670126,0.01449876796731488,0.4039896880396413,0.8574865137684792,0.2,0.48,0.32,0.25
5857,0.895363489052836,0.963088596034868,0.08148460410532318,0.013900383090334265,0.4713331910097728,0.85748075130417,0.52,0.4,0.08,0.0
5858,0.8901207528892179,0.9628142930394978,0.07993723028430536,0.008099530001373997,0.4713331910097728,0.8574734333311679,0.16,0.22,0.62,0.0
5859,0.9142664728283426,0.9963975611855722,0.08410830211227255,0.013062332466328722,0.4039896880396413,0.8574570366680259,0.08,0.44,0.48,0.25
5860,0.8950642530053302,0.9630411971000715,0.07960857628873888,0.012854732093716374,0.4667881855330919,0.8574525572330315,0.62,0.34,0.04,0.0
5861,0.915958432799829,0.9964129516167064,0.08473035184010383,0.014748020635987805,0.4039896880396413,0.8574503099787043,0.14,0.5,0.36,0.25
5862,0.8904118988027137,0.9628250723297864,0.08030861339761594,0.008180254246801473,0.4713331910097728,0.8574390906345057,0.18,0.22,0.6,0.0
5863,0.914465417493178,0.9963723496232862,0.08403940626027219,0.013546067675911745,0.4039896880396413,0.8574360704320206,0.08,0.46,0.46,0.25
5864,0.91963671702761,0.9969851522761893,0.08904019895028926,0.014607572703153127,0.4039896880396413,0.8574241559219571,0.24,0.48,0.28,0.5
5865,0.8944953002608675,0.9630341306764378,0.07947142819979566,0.012371641352464578,0.4667881855330919,0.8574170021679551,0.62,0.32,0.06,0.0
5866,0.8884610663865623,0.9627770446030564,0.07830261823095695,0.008259723760915886,0.4713331910097728,0.8574095507036252,0.08,0.24,0.68,0.0
5867,0.888881328856874,0.9628154607959458,0.0776477161768577,0.009870444475526123,0.4713331910097728,0.8574082125198735,0.12,0.3,0.58,0.0
5868,0.8943813327247068,0.9629929298335573,0.0821741123428735,0.01172710212035795,0.4713331910097728,0.8574074606465367,0.58,0.3,0.12,0.0
5869,0.8954663110035954,0.963069612506971,0.07960729699382427,0.013740189330792381,0.4667881855330919,0.8574007146226167,0.6,0.38,0.02,0.0
5870,0.8697721754222558,0.9977900358935395,0.052944687353464026,0.00749414028147501,0.42371414339073304,0.8573818438857708,0.04,0.22,0.74,1.0
5871,0.8891752080960839,0.9628050108728605,0.07907830441796168,0.008421172251770826,0.4713331910097728,0.8573718827357257,0.12,0.24,0.64,0.0
5872,0.8952188928712586,0.9630219740323903,0.08256690661930081,0.01269328360286143,0.4713331910097728,0.8573565125528881,0.58,0.34,0.08,0.0
5873,0.9177988568444845,0.9964499006284177,0.08650954321784986,0.015451468258718015,0.4039896880396413,0.8573539239038183,0.32,0.5,0.18,0.25
5874,0.8691078982241734,0.9977875506682786,0.05240424142308165,0.007423669629877328,0.42371414339073304,0.8573522218056028,0.02,0.22,0.76,1.0
5875,0.9135980799611512,0.996348620213415,0.08348346344240916,0.013467906828941717,0.4039896880396413,0.8573483531195956,0.06,0.46,0.48,0.25
5876,0.8942347862929845,0.9629746948674859,0.07929728153768048,0.012533089843319517,0.4667881855330919,0.8573478910132407,0.66,0.32,0.02,0.0
5877,0.8954039674397205,0.963184591603382,0.08146384486447793,0.01478584032741031,0.4713331910097728,0.8573361925588614,0.5,0.44,0.06,0.0
5878,0.9169512066807659,0.9964792143095078,0.08642554556916081,0.014420607120344852,0.4039896880396413,0.8573344347327829,0.18,0.48,0.34,0.25
5879,0.8947872192452927,0.9630252677044229,0.07967930189389297,0.012935456339143836,0.4667881855330919,0.8573305057506235,0.64,0.34,0.02,0.0
5880,0.8879605669075844,0.9627700680068418,0.07814589248215921,0.008178999515488417,0.4713331910097728,0.8573197207116993,0.06,0.24,0.7,0.0
5881,0.8896096410376261,0.9628197425695881,0.0796628166693487,0.0085018964971983,0.4713331910097728,0.8573196229383291,0.14,0.24,0.62,0.0
5882,0.9148722316020134,0.996404927033936,0.08483024771012475,0.013624228522881759,0.4039896880396413,0.8573191804993083,0.1,0.46,0.44,0.25
5883,0.9152638393293822,0.9963997469861029,0.08451428953643611,0.014669859789017786,0.4039896880396413,0.8573179258151786,0.12,0.5,0.38,0.25
5884,0.9176619769379843,0.9974376129860506,0.08742310287580687,0.014865160035529646,0.4039896880396413,0.8573146808325327,0.18,0.5,0.32,0.5
5885,0.9119499730244248,0.9980572125803301,0.08310906869241164,0.013005735052119294,0.4039896880396413,0.8573106717388108,0.08,0.44,0.48,0.75
5886,0.9133258380605425,0.998187342568091,0.08373920556239393,0.014267919544830811,0.4039896880396413,0.857308694781787,0.16,0.48,0.36,0.75
5887,0.8951394068738673,0.9631918376818538,0.08113224897939196,0.015107482577807134,0.4713331910097728,0.8572892611985953,0.46,0.46,0.08,0.0
5888,0.8907363842520039,0.9628414209200573,0.0811269093366094,0.008260978492228944,0.4713331910097728,0.8572866334101149,0.2,0.22,0.58,0.0
5889,0.8952750825361449,0.9630679057860086,0.08211210213039465,0.013819658844906805,0.4713331910097728,0.8572862130031317,0.5,0.4,0.1,0.0
5890,0.8920586451605262,0.9627275197526751,0.07775153875659307,0.011647632606243519,0.4667881855330919,0.8572810709426497,0.68,0.28,0.04,0.0
5891,0.8883177199770493,0.9627888718799007,0.07827061183297647,0.00874281450216762,0.4713331910097728,0.8572809378183763,0.08,0.26,0.66,0.0
5892,0.8951278805895491,0.9630242796028131,0.08032803663500701,0.0127740078482889,0.4667881855330919,0.8572776603580584,0.6,0.34,0.06,0.0
5893,0.8893139310059175,0.9628224373921603,0.07885086190172484,0.00946807797970181,0.4713331910097728,0.8572723584790369,0.14,0.28,0.58,0.0
5894,0.8906493330689736,0.9628489664232593,0.08077179201731277,0.008744069233480718,0.4713331910097728,0.8572674969315324,0.2,0.24,0.56,0.0
5895,0.888504318369345,0.9628081698037645,0.07781241869639104,0.009789720230098645,0.4713331910097728,0.8572626374722426,0.1,0.3,0.6,0.0
5896,0.912492944745243,0.9980663749770753,0.08384065956844489,0.013078769102174419,0.4039896880396413,0.8572492382987944,0.1,0.44,0.46,0.75
5897,0.8903324829204846,0.9628380374206057,0.08057625987894723,0.008663344988053247,0.4713331910097728,0.857243366034944,0.18,0.24,0.58,0.0
5898,0.9176574001294802,0.996927812440349,0.0877487071387279,0.014380780357615395,0.4039896880396413,0.8572397641126274,0.18,0.48,0.34,0.5
5899,0.8916012892995997,0.962355813892559,0.08083189815815234,0.009875463400778346,0.4713331910097728,0.8572354891213924,0.6,0.22,0.18,0.0
5900,0.8887435762223672,0.9627965072105218,0.0788219046177907,0.008823538747595085,0.4713331910097728,0.8572346256691334,0.1,0.26,0.64,0.0
5901,0.8923149725653677,0.9627202437317304,0.07823975378826195,0.01156690836081604,0.4667881855330919,0.8572321535290308,0.66,0.28,0.06,0.0
5902,0.8948077751455845,0.9631900710759453,0.08066965754535803,0.015590573319058904,0.4713331910097728,0.8572263642145416,0.46,0.48,0.06,0.0
5903,0.9135339771896274,0.9963728287028546,0.0842072886018721,0.012984171619358704,0.4039896880396413,0.8572206488098654,0.06,0.44,0.5,0.25
5904,0.8954269933739176,0.9630306573495672,0.08298851262414815,0.013095650098685773,0.4713331910097728,0.8572181221236173,0.56,0.36,0.08,0.0
5905,0.889983508388472,0.9628354024829796,0.08036555269500514,0.008582620742625769,0.4713331910097728,0.8572152205256525,0.16,0.24,0.6,0.0
5906,0.8945059101567627,0.9630395203215821,0.08014514395508525,0.012452365597892047,0.4667881855330919,0.8572104554585848,0.64,0.32,0.04,0.0
5907,0.8877172688272339,0.9627787513240187,0.07794572541805328,0.008662090256740149,0.4713331910097728,0.8572091716430673,0.06,0.26,0.68,0.0
5908,0.8948155731333765,0.9629948461518308,0.08301441031128871,0.012210192861609633,0.4713331910097728,0.857198943326248,0.58,0.32,0.1,0.0
5909,0.9130636155690501,0.996312614389604,0.0834973469729077,0.0133897459819717,0.4039896880396413,0.8571942391576677,0.04,0.46,0.5,0.25
5910,0.8889148796287977,0.9628136043626183,0.07875979498421194,0.009387353734274339,0.4713331910097728,0.8571937393186123,0.12,0.28,0.6,0.0
5911,0.8918172877794325,0.9624776797577654,0.07764269859517542,0.011728356851670986,0.4667881855330919,0.857186447512225,0.7,0.28,0.02,0.0
5912,0.891893672446073,0.9624287238143716,0.07838067234152599,0.010762175369167494,0.4667881855330919,0.8571823216043755,0.7,0.24,0.06,0.0
5913,0.895440615828029,0.9631854299926267,0.08210318963466628,0.014705116081982843,0.4713331910097728,0.8571789817769523,0.48,0.44,0.08,0.0
5914,0.8946391051439765,0.9629923609265698,0.08335445880899804,0.01156565362950301,0.4713331910097728,0.8571764207357988,0.54,0.3,0.16,0.0
5915,0.9112799826830422,0.9980520624749699,0.08293807456430033,0.01293270100206417,0.4039896880396413,0.8571728474067324,0.06,0.44,0.5,0.75
5916,0.9171208544492598,0.9964297194015996,0.08675977217905297,0.01498250317689788,0.4039896880396413,0.8571690882013093,0.2,0.5,0.3,0.25
5917,0.8916248052408895,0.962352101025904,0.08103550425270324,0.009956187646205823,0.4713331910097728,0.8571670938241149,0.62,0.22,0.16,0.0
5918,0.8917264250649543,0.9624457011965761,0.07788132438090603,0.011325990355846654,0.4667881855330919,0.8571660123653275,0.72,0.26,0.02,0.0
5919,0.9170765309227199,0.9974269235231811,0.08740123675769987,0.014789562587017066,0.4039896880396413,0.8571588723262566,0.16,0.5,0.34,0.5
5920,0.916320217720613,0.9964047473790979,0.08606521896456626,0.014826181482957829,0.4039896880396413,0.8571568214137627,0.16,0.5,0.34,0.25
5921,0.8880819372970734,0.9628071966733912,0.07782792024711357,0.00970899598467118,0.4713331910097728,0.8571474492280199,0.08,0.3,0.62,0.0
5922,0.9176435469718831,0.9965176305023973,0.08770532385469047,0.014576928814284901,0.4039896880396413,0.8571473689530692,0.22,0.48,0.3,0.25
5923,0.8955700248311703,0.9631308448643044,0.08034779139584004,0.01414255582661667,0.4667881855330919,0.8571468788050054,0.58,0.4,0.02,0.0
5924,0.8947104622193763,0.9629692453373955,0.0836882806111719,0.011323480893220595,0.4713331910097728,0.8571464744555917,0.48,0.3,0.22,0.0
5925,0.8898521313001255,0.9628315997889055,0.08013344155140625,0.009065711483877498,0.4713331910097728,0.8571455919659481,0.16,0.26,0.58,0.0
5926,0.8954462657291862,0.9630555994295958,0.08302526264112395,0.013498016594509967,0.4713331910097728,0.8571365680295885,0.54,0.38,0.08,0.0
5927,0.9167110954475375,0.9964151074747641,0.08649905079209783,0.014904342329927855,0.4039896880396413,0.857134829171564,0.18,0.5,0.32,0.25
5928,0.890186295513871,0.9628395345442569,0.08048704521669353,0.00914643572930497,0.4713331910097728,0.8571288581434189,0.18,0.26,0.56,0.0
5929,0.9135090445944104,0.9981727006987825,0.08492143328169446,0.013782895398585323,0.4039896880396413,0.8571173464772328,0.16,0.46,0.38,0.75
5930,0.9154420454655586,0.9964179520097014,0.08607588994678393,0.01370238936985179,0.4039896880396413,0.8571170298598327,0.12,0.46,0.42,0.25
5931,0.8954716704529944,0.9631506368389732,0.08262314919443349,0.014302749586158538,0.4713331910097728,0.8571135238748909,0.5,0.42,0.08,0.0
5932,0.889023569707245,0.9628052803551177,0.07951150878090643,0.00890426299302256,0.4713331910097728,0.8571048171359399,0.12,0.26,0.62,0.0
5933,0.8894096268790379,0.9628174968841114,0.07988370353122659,0.008984987238450025,0.4713331910097728,0.8570989292136351,0.14,0.26,0.6,0.0
5934,0.8914520466991921,0.9623352134711186,0.08155585126016764,0.0093116484140991,0.4713331910097728,0.8570915005653672,0.58,0.2,0.22,0.0
5935,0.9184033459358689,0.9974519554306289,0.08895452725776345,0.014940757484042213,0.4039896880396413,0.8570822477366131,0.2,0.5,0.3,0.5
5936,0.8944653034784711,0.9629842764588534,0.0834654640972487,0.01164637787493048,0.4713331910097728,0.8570748933611299,0.56,0.3,0.14,0.0
5937,0.8944592112004646,0.9629643347718196,0.08401777475703144,0.010840390151968804,0.4713331910097728,0.8570719087992855,0.48,0.28,0.24,0.0
5938,0.9109499527422419,0.9980652371631004,0.08335147285442981,0.012374642805763501,0.4039896880396413,0.8570681447343557,0.04,0.42,0.54,0.75
5939,0.8899304403099715,0.9628452236141314,0.07978021307333893,0.010112617211808539,0.4713331910097728,0.8570636672918213,0.18,0.3,0.52,0.0
5940,0.9194481028557135,0.9974761489488321,0.0900337669605939,0.015091952381067374,0.4039896880396413,0.8570576621074513,0.24,0.5,0.26,0.5
5941,0.8953555215826953,0.963166835716879,0.08249369672850987,0.01462439183655537,0.4713331910097728,0.8570541326815314,0.46,0.44,0.1,0.0
5942,0.892096273516319,0.9626702996867269,0.08146443380133386,0.010922369128709305,0.4713331910097728,0.8570392649028266,0.62,0.26,0.12,0.0
5943,0.890083379371443,0.9628421395394099,0.08036729757924094,0.009629526470556754,0.4713331910097728,0.8570363077662553,0.18,0.28,0.54,0.0
5944,0.8954313183839758,0.9631307849793584,0.08290682374774068,0.014222025340731071,0.4713331910097728,0.8570327341500721,0.48,0.42,0.1,0.0
5945,0.8917179252503146,0.9623641079575865,0.0815502456506143,0.010036911891633289,0.4713331910097728,0.857032163045188,0.64,0.22,0.14,0.0
5946,0.9147862321963978,0.9963982498624517,0.08540404381885433,0.014107963732464751,0.4039896880396413,0.8570300694998754,0.1,0.48,0.42,0.25
5947,0.9147869727690922,0.9963987139707836,0.08507423066512562,0.014591698942047758,0.4039896880396413,0.8570287782062777,0.1,0.5,0.4,0.25
5948,0.8923748803552337,0.9626622451614835,0.08185854795591145,0.010841644883281827,0.4713331910097728,0.8570240663175293,0.6,0.26,0.14,0.0
5949,0.8896855838768938,0.9628324681206233,0.08004779642420229,0.009548802225129275,0.4713331910097728,0.8570238518005446,0.16,0.28,0.56,0.0
5950,0.8945289908418409,0.9629718203900756,0.08398897599213234,0.01124275664779312,0.4713331910097728,0.8570218018023326,0.46,0.3,0.24,0.0
5951,0.8868814819139199,0.9627642891095483,0.07812744821424786,0.008098275270060946,0.4713331910097728,0.8570165951188611,0.04,0.24,0.72,0.0
5952,0.9143763091144187,0.9963738467469374,0.08507221653655983,0.01402980288549474,0.4039896880396413,0.8570148093922679,0.08,0.48,0.44,0.25
5953,0.8947419931751196,0.9629871209937907,0.08408185640493594,0.011484929384075535,0.4713331910097728,0.8570127634234276,0.52,0.3,0.18,0.0
5954,0.8885917030680511,0.9628071068459721,0.07910938273228536,0.009306629488846864,0.4713331910097728,0.8570110868698767,0.1,0.28,0.62,0.0
5955,0.8947467780012813,0.9631831843071499,0.08142949103322096,0.015509849073631435,0.4713331910097728,0.8570039353040485,0.44,0.48,0.08,0.0
5956,0.8892198896210093,0.962823889602102,0.07935192406963389,0.00995116872095359,0.4713331910097728,0.8570031697658416,0.14,0.3,0.56,0.0
5957,0.9126425396557176,0.9981582983692581,0.08380956733259365,0.014679909641021173,0.4039896880396413,0.8569966484958893,0.14,0.5,0.36,0.75
5958,0.8895655334805952,0.96283342627976,0.07968830898532352,0.01003189296638106,0.4713331910097728,0.8569950884063416,0.16,0.3,0.54,0.0
5959,0.8943952748616751,0.962961011157314,0.08417343116220927,0.010921114397396275,0.4713331910097728,0.8569911715616207,0.5,0.28,0.22,0.0
5960,0.8951401715708733,0.9630236508108796,0.0838654233891525,0.01253183511200649,0.4713331910097728,0.8569907646368418,0.54,0.34,0.12,0.0
5961,0.891105333191316,0.9628478286092844,0.08249365190958217,0.008341702737656408,0.4713331910097728,0.8569877758497673,0.22,0.22,0.56,0.0
5962,0.9164730960287867,0.9964759505799483,0.08719086987414279,0.01434244627337483,0.4039896880396413,0.8569853182312553,0.16,0.48,0.36,0.25
5963,0.8951728700965502,0.9629940975900052,0.08387396605189178,0.012612559357433965,0.4713331910097728,0.8569775314708943,0.56,0.34,0.1,0.0
5964,0.9160269575428603,0.9964467267262771,0.08680215377692789,0.01426428542640481,0.4039896880396413,0.8569748850339738,0.14,0.48,0.38,0.25
5965,0.8910831450609485,0.9623272487732943,0.0816870375298368,0.009150199923244163,0.4713331910097728,0.8569740727112545,0.54,0.2,0.26,0.0
5966,0.8910775044954057,0.962859895425913,0.08218377282976062,0.008824793478908185,0.4713331910097728,0.8569740313175849,0.22,0.24,0.54,0.0
5967,0.9177275427510259,0.9965335299555729,0.08836317379272206,0.014655089661254927,0.4039896880396413,0.8569695050667449,0.24,0.48,0.28,0.25
5968,0.8919145701480994,0.962440581033689,0.07887934233591662,0.011164541864991719,0.4667881855330919,0.8569660104531267,0.68,0.26,0.06,0.0
5969,0.9189478608140675,0.9974649205214482,0.08988025192088812,0.015016354932554795,0.4039896880396413,0.8569653197978495,0.22,0.5,0.28,0.5
5970,0.8918132642858737,0.9624508513019362,0.07873219753122809,0.011245266110419186,0.4667881855330919,0.8569634714016139,0.7,0.26,0.04,0.0
5971,0.9175252868828825,0.9968460395465213,0.0888629686518919,0.013896400679701156,0.4039896880396413,0.8569632322282976,0.18,0.46,0.36,0.5
5972,0.8912761949399756,0.9628294439308479,0.08302921939818929,0.007939336241832115,0.4713331910097728,0.8569622178597895,0.24,0.2,0.56,0.0
5973,0.8942672131373558,0.9629526272648674,0.08408123924440444,0.011001838642823747,0.4713331910097728,0.8569619515758979,0.52,0.28,0.2,0.0
5974,0.8886889845070426,0.9624460754774888,0.07569666799386746,0.011004348105449908,0.4667881855330919,0.8569495233772958,0.76,0.24,0.0,0.0
5975,0.9106746404751124,0.9980463135201494,0.08314727747451295,0.012859666952009036,0.4039896880396413,0.8569446260109208,0.04,0.44,0.52,0.75
5976,0.894744328051434,0.9629765513008133,0.08437434203567566,0.011404205138648064,0.4713331910097728,0.8569436297676608,0.5,0.3,0.2,0.0
5977,0.9159548815214044,0.9964712196692105,0.08719567698440409,0.013780550216821813,0.4039896880396413,0.8569401364149135,0.14,0.46,0.4,0.25
5978,0.9129548451137183,0.9963374666422137,0.08461655266783538,0.012906010772388676,0.4039896880396413,0.8569391483997147,0.04,0.44,0.52,0.25
5979,0.8905933391566403,0.962844864304455,0.08153026018544211,0.009227159974732441,0.4713331910097728,0.8569346176387949,0.2,0.26,0.54,0.0
5980,0.8947049076219054,0.9631759981136242,0.08172951701357169,0.01542912482820396,0.4713331910097728,0.8569198719114944,0.42,0.48,0.1,0.0
5981,0.8917130533872255,0.9623931222139465,0.08161901520723175,0.010520002632885083,0.4713331910097728,0.8569185927768057,0.64,0.24,0.12,0.0
5982,0.895336358614281,0.9630295494780653,0.08400622306929208,0.013014925853258306,0.4713331910097728,0.8569132612016325,0.54,0.36,0.1,0.0
5983,0.9123684910100173,0.9962337459156595,0.08344860767550336,0.01379532034458466,0.4039896880396413,0.8569068198348757,0.02,0.48,0.5,0.25
5984,0.8887894663115995,0.9624207740877838,0.07621683564174665,0.010601981609625586,0.4667881855330919,0.8569062573521666,0.78,0.22,0.0,0.0
5985,0.894913744993439,0.9630111947421017,0.08421410794731896,0.012129468616182167,0.4713331910097728,0.8569008324558796,0.56,0.32,0.12,0.0
5986,0.89504750519644,0.9631880948727258,0.08244342672414753,0.015026758332379661,0.4713331910097728,0.8568989481970668,0.44,0.46,0.1,0.0
5987,0.8949182832618554,0.9631812081039304,0.08240504598710333,0.014946034086952192,0.4713331910097728,0.8568863677902575,0.42,0.46,0.12,0.0
5988,0.8916644263114776,0.9623745279381988,0.08175327102326778,0.010439278387457611,0.4713331910097728,0.8568786223218036,0.62,0.24,0.14,0.0
5989,0.9171490731577941,0.996911403965132,0.08852452925247048,0.014305182909102822,0.4039896880396413,0.8568760692963198,0.16,0.48,0.36,0.5
5990,0.8872946525684868,0.9628034239217903,0.0780214675036093,0.009628271739243712,0.4713331910097728,0.8568709968123644,0.06,0.3,0.64,0.0
5991,0.8976054334269689,0.993129310312562,0.08096657102918242,0.007912336982618598,0.42371414339073304,0.8568636665867441,0.0,0.24,0.76,0.25
5992,0.890930703812705,0.9628550447452832,0.08210662132742566,0.009307884220159908,0.4713331910097728,0.856854906580393,0.22,0.26,0.52,0.0
5993,0.8881698405767493,0.9627974653696585,0.0792644674593026,0.009225905243419395,0.4713331910097728,0.8568544787568075,0.08,0.28,0.64,0.0
5994,0.9124419179156575,0.9962970143611586,0.0840756780826908,0.01331158513500167,0.4039896880396413,0.8568541509419619,0.02,0.46,0.52,0.25
5995,0.8953974383640497,0.9630444907721041,0.08400933528852945,0.0134172923490825,0.4713331910097728,0.8568524550248521,0.52,0.38,0.1,0.0
5996,0.8908245741296436,0.9628572305458138,0.08168382284772739,0.009790974961411689,0.4713331910097728,0.8568487712512949,0.22,0.28,0.5,0.0
5997,0.8943925280227344,0.9629599631707582,0.0848129852242277,0.010759665906541333,0.4713331910097728,0.8568379437153952,0.46,0.28,0.26,0.0
5998,0.8904433440172621,0.9628525595200221,0.08139550654647339,0.00971025071598422,0.4713331910097728,0.8568330369124025,0.2,0.28,0.52,0.0
5999,0.9117937269094839,0.9980386482470553,0.08426088401821344,0.01349075919836481,0.4039896880396413,0.8568316647733774,0.08,0.46,0.46,0.75
6000,0.8912474518551778,0.9623245240082492,0.08233090391563401,0.009230924168671632,0.4713331910097728,0.8568210306173241,0.56,0.2,0.24,0.0
6001,0.8955285250856833,0.9630687741177263,0.08175397741006805,0.013659465085364912,0.4667881855330919,0.8568159968997641,0.58,0.38,0.04,0.0
6002,0.911001325814715,0.9980252789328503,0.08354088652206491,0.013417725148309679,0.4039896880396413,0.8568142932212562,0.06,0.46,0.48,0.75
6003,0.913254266396726,0.9962687786090972,0.08465859524599822,0.01387348119155468,0.4039896880396413,0.8568130465720121,0.04,0.48,0.48,0.25
6004,0.8916072043463913,0.9623660991320425,0.08198424118880447,0.010358554142030137,0.4713331910097728,0.8568096923579571,0.6,0.24,0.16,0.0
6005,0.9124455482112889,0.9961816759550713,0.08482404233330046,0.012422275562805639,0.4039896880396413,0.8567998689055507,0.04,0.42,0.54,0.25
6006,0.9174439456089266,0.9964582545783912,0.08812168271771235,0.015373307411747989,0.4039896880396413,0.8567991706627064,0.3,0.5,0.2,0.25
6007,0.8944513966069272,0.9631625539432366,0.08195280107346439,0.015348400582776495,0.4713331910097728,0.8567935206693449,0.4,0.48,0.12,0.0
6008,0.8939387470107701,0.962952118242826,0.08418716536044021,0.01124401137910616,0.4713331910097728,0.8567843370208985,0.58,0.28,0.14,0.0
6009,0.8953536464127662,0.9631274014799067,0.08374177764376435,0.014141301095303602,0.4713331910097728,0.856784153113844,0.46,0.42,0.12,0.0
6010,0.9122542748027417,0.9980540686206626,0.08488883442201198,0.013563793248419932,0.4039896880396413,0.8567763472006878,0.1,0.46,0.44,0.75
6011,0.9135881716676566,0.9963030327982364,0.0851276311666225,0.013951642038524715,0.4039896880396413,0.8567673889529314,0.06,0.48,0.46,0.25
6012,0.8918421802326284,0.9623816841892514,0.08012544257111252,0.010279084627915706,0.4667881855330919,0.8567530018732813,0.7,0.22,0.08,0.0
6013,0.9174632071467371,0.9964284019327866,0.08852876717161748,0.015060664023867902,0.4039896880396413,0.8567455401602104,0.22,0.5,0.28,0.25
6014,0.8975218072020826,0.9931207767077502,0.08164447477144704,0.007428601773035586,0.42371414339073304,0.85673844404704,0.0,0.22,0.78,0.25
6015,0.8864719091667451,0.9627636603176147,0.07833682075462926,0.008581366011312683,0.4713331910097728,0.8567365986825268,0.04,0.26,0.7,0.0
6016,0.8946828363451156,0.9631623144034523,0.08273625832968504,0.014865309841524727,0.4713331910097728,0.8567334768284245,0.4,0.46,0.14,0.0
6017,0.8924933751916494,0.963138405338743,0.0785410279515564,0.01422328007204413,0.4667881855330919,0.8567301948674549,0.6,0.4,0.0,0.0
6018,0.9130518870026394,0.9981293739403172,0.08584457111335309,0.01370986134853019,0.4039896880396413,0.8567219457215847,0.14,0.46,0.4,0.75
6019,0.9103596195006016,0.9980201737411997,0.08324934227820616,0.013344691098254553,0.4039896880396413,0.8567197442452485,0.04,0.46,0.5,0.75
6020,0.8918945612310637,0.9628506132592756,0.08436784267918812,0.008181508978114519,0.4713331910097728,0.8567162235653005,0.3,0.2,0.5,0.0
6021,0.892765894903122,0.9628184999569577,0.08392002599020931,0.010116381405747733,0.4713331910097728,0.856715044769327,0.54,0.24,0.22,0.0
6022,0.891802416176167,0.962403961389181,0.07995017342117287,0.010681451123740027,0.4667881855330919,0.8567145129238554,0.68,0.24,0.08,0.0
6023,0.8941286790739229,0.9629658917804169,0.0847620888167398,0.01108256288825122,0.4713331910097728,0.856709784524795,0.54,0.28,0.18,0.0
6024,0.8943342136662664,0.9631412947873897,0.08166821357261737,0.01599293981488317,0.4713331910097728,0.8567083836625825,0.44,0.5,0.06,0.0
6025,0.9122758605734617,0.9981451536236007,0.08447425330477779,0.014606875590966049,0.4039896880396413,0.8567074920382113,0.12,0.5,0.38,0.75
6026,0.9170006328290042,0.9965240681340973,0.08901026806683185,0.013936871910761855,0.4039896880396413,0.8567069444269666,0.18,0.46,0.36,0.25
6027,0.8952149817464857,0.9630058350394305,0.08464683492721638,0.012934201607830837,0.4713331910097728,0.8567045943144718,0.52,0.36,0.12,0.0
6028,0.9177185111880284,0.9964394207628594,0.08889980952938441,0.015138824870837926,0.4039896880396413,0.8567010918338127,0.24,0.5,0.26,0.25
6029,0.9123027609262174,0.9963182435745325,0.0848114884099623,0.012827849925418659,0.4039896880396413,0.8567000252870147,0.02,0.44,0.54,0.25
6030,0.9165159280450029,0.9974019515006793,0.08847379703298822,0.014713965138504485,0.4039896880396413,0.8566925896712263,0.14,0.5,0.36,0.5
6031,0.8941605542337694,0.9629678679836364,0.08482654183975351,0.011163287133678694,0.4713331910097728,0.856684901442812,0.56,0.28,0.16,0.0
6032,0.8938153549226776,0.9629593942637708,0.08459636712338833,0.011000583911510715,0.4713331910097728,0.8566790256203058,0.4,0.3,0.3,0.0
6033,0.8883093101839156,0.9628102508056396,0.07929930563297277,0.01027281097135034,0.4713331910097728,0.8566788041366908,0.1,0.32,0.58,0.0
6034,0.8952471037871312,0.9630389214721217,0.08452912136843299,0.01333656810365503,0.4713331910097728,0.8566726855459047,0.5,0.38,0.12,0.0
6035,0.8942290624329485,0.9631254252766872,0.08180587524562165,0.015831491324028245,0.4713331910097728,0.85666702680156,0.4,0.5,0.1,0.0
6036,0.8950809075880544,0.9630531740892809,0.08416255891507168,0.013658210354051865,0.4713331910097728,0.8566664036954041,0.46,0.4,0.14,0.0
6037,0.9153378393594955,0.9964234913672108,0.0872234556550637,0.014186124579434783,0.4039896880396413,0.8566587344184378,0.12,0.48,0.4,0.25
6038,0.8859222662129237,0.9627659060030915,0.07778714086275341,0.008983732507136986,0.4713331910097728,0.8566501734408543,0.02,0.28,0.7,0.0
6039,0.8936663936500625,0.9628987008709516,0.08481849143155684,0.010599472146999427,0.4713331910097728,0.8566413640549295,0.54,0.26,0.2,0.0
6040,0.8974216212094049,0.9931198484910865,0.08221801315905089,0.0069448665634525815,0.42371414339073304,0.8566395078611425,0.0,0.2,0.8,0.25
6041,0.8949446156258833,0.9629836476669199,0.08520250887439201,0.012048744370754701,0.4713331910097728,0.8566369142102414,0.54,0.32,0.14,0.0
6042,0.8952253421817417,0.9630650313085983,0.08440938380875275,0.013738934599479334,0.4713331910097728,0.8566241491973061,0.48,0.4,0.12,0.0
6043,0.8914850301230969,0.9623503643624686,0.08288646076058412,0.009794739155350878,0.4713331910097728,0.8566231173324687,0.58,0.22,0.2,0.0
6044,0.8968039941821552,0.9936145280879111,0.08192529190076164,0.0069190878302026896,0.42371414339073304,0.8566180389406807,0.0,0.2,0.8,0.5
6045,0.8863898844713217,0.9627867160218431,0.07834440355559197,0.009064456752564459,0.4713331910097728,0.8566166435474147,0.04,0.28,0.68,0.0
6046,0.912822999644891,0.9981614722713986,0.0856528107611739,0.014194885494775681,0.4039896880396413,0.8566164197764988,0.14,0.48,0.38,0.75
6047,0.9125610817302542,0.9980784118512308,0.08573571533675996,0.01363682729847506,0.4039896880396413,0.8566130757743297,0.12,0.46,0.42,0.75
6048,0.8875812386563274,0.9627921655519334,0.07954499488984298,0.009145180997991928,0.4713331910097728,0.856612304950533,0.06,0.28,0.66,0.0
6049,0.8943174905275671,0.9631332702046194,0.08204492957976443,0.015912215569455705,0.4713331910097728,0.8566096106195757,0.42,0.5,0.08,0.0
6050,0.8941039662942979,0.9629638556922513,0.08508605522129366,0.011081308156938183,0.4713331910097728,0.8566088392788924,0.42,0.3,0.28,0.0
6051,0.8939223426584972,0.9629452015315575,0.08544660988263962,0.010276575165289539,0.4713331910097728,0.8566084665779992,0.46,0.26,0.28,0.0
6052,0.8914350877912028,0.9628343544964237,0.08437249936758719,0.008020060487259584,0.4713331910097728,0.8566068887808335,0.26,0.2,0.54,0.0
6053,0.8917161968946201,0.9628463314856333,0.08463729643317743,0.008100784732687055,0.4713331910097728,0.8566004689284806,0.28,0.2,0.52,0.0
6054,0.8903159567750766,0.962857410200652,0.08174443560746283,0.010193341457236006,0.4713331910097728,0.8565982505484088,0.2,0.3,0.5,0.0
6055,0.8859317739449656,0.962753839186463,0.0783217153102245,0.008500641765885216,0.4713331910097728,0.8565935883053524,0.02,0.26,0.72,0.0
6056,0.8938662692366109,0.9629184928456204,0.08528144276060241,0.010518747901571951,0.4713331910097728,0.8565868608588625,0.52,0.26,0.22,0.0
6057,0.8894298541176607,0.9627511293926544,0.07705457883893405,0.01221144759292277,0.4667881855330919,0.8565843122018322,0.7,0.3,0.0,0.0
6058,0.8906509387861998,0.9628626201909581,0.08212332054607001,0.010274065702663473,0.4713331910097728,0.8565740587168069,0.22,0.3,0.48,0.0
6059,0.9095082739725516,0.9980628417652585,0.08361553058484245,0.012301608755708375,0.4039896880396413,0.8565736976481484,0.02,0.42,0.56,0.75
6060,0.8939406972974895,0.9629288229988135,0.08554867953754358,0.010357299410717015,0.4713331910097728,0.8565659202637088,0.48,0.26,0.26,0.0
6061,0.8942474384351449,0.9629608614449489,0.08570998201550228,0.01067894166111386,0.4713331910097728,0.8565518778648394,0.44,0.28,0.28,0.0
6062,0.8908415433986896,0.9623188349383747,0.08299615363755385,0.009069475677816692,0.4713331910097728,0.8565387439231142,0.52,0.2,0.28,0.0
6063,0.8942946253173087,0.9629686764304081,0.08547826911327266,0.011162032402365648,0.4713331910097728,0.8565374462400486,0.44,0.3,0.26,0.0
6064,0.8879049029211633,0.9628114784470336,0.07942694490636318,0.010192086725922872,0.4713331910097728,0.8565369820438112,0.08,0.32,0.6,0.0
6065,0.8947582033831161,0.9631404863406181,0.08384743991748296,0.014382219100272965,0.4713331910097728,0.8565288116454013,0.4,0.44,0.16,0.0
6066,0.8952353046798242,0.9631619251513031,0.08424664803113345,0.014543667591127895,0.4713331910097728,0.8565276810446761,0.44,0.44,0.12,0.0
6067,0.892096231725776,0.9630631898465074,0.07942147990117797,0.01341854708039565,0.4667881855330919,0.8565066713698952,0.64,0.36,0.0,0.0
6068,0.9168973758397846,0.9968056770928853,0.08982935020794433,0.013820803231188577,0.4039896880396413,0.8565050852613207,0.16,0.46,0.38,0.5
6069,0.9117717640482645,0.9960384311641259,0.08512799073051773,0.012344114715835615,0.4039896880396413,0.8565041781383254,0.02,0.42,0.56,0.25
6070,0.886281149385522,0.9627940818702069,0.07829138325199084,0.00954754749381624,0.4713331910097728,0.8565038081764934,0.04,0.3,0.66,0.0
6071,0.9132231280728357,0.9963476171405686,0.08541442198365048,0.014357216401137693,0.4039896880396413,0.8565006983154126,0.04,0.5,0.46,0.25
6072,0.9119727393402745,0.9981143128763862,0.08525325170294372,0.014048817394665427,0.4039896880396413,0.8564987697702543,0.1,0.48,0.42,0.75
6073,0.888650307796885,0.9628140235572407,0.08024291850515676,0.010353535216777817,0.4713331910097728,0.8564932553619925,0.12,0.32,0.56,0.0
6074,0.8920320174356854,0.9628480082641225,0.08522675896252425,0.008262233223541988,0.4713331910097728,0.8564930939758271,0.32,0.2,0.48,0.0
6075,0.912495408227782,0.998138027315021,0.08579481092218999,0.014121851444720548,0.4039896880396413,0.8564882598322998,0.12,0.48,0.4,0.75
6076,0.9092595471770835,0.9980454152459587,0.08331876502317598,0.012786632901953912,0.4039896880396413,0.8564850892431884,0.02,0.44,0.54,0.75
6077,0.8915889676765083,0.9630484581497797,0.07925469986373332,0.013016180584571305,0.4667881855330919,0.8564808782463587,0.66,0.34,0.0,0.0
6078,0.8932823825032259,0.9628822624532617,0.08543363794066366,0.009954932914892784,0.4713331910097728,0.8564751090310248,0.5,0.24,0.26,0.0
6079,0.9135661150899893,0.9963611511383754,0.08585822788758067,0.014435377248107721,0.4039896880396413,0.8564619370354922,0.06,0.5,0.44,0.25
6080,0.8939352511156526,0.9629606817901107,0.0857546495885214,0.010598217415686393,0.4713331910097728,0.856461451232635,0.42,0.28,0.3,0.0
6081,0.8923828340443825,0.9630888505458887,0.07961793148514573,0.013820913576219855,0.4667881855330919,0.8564593439260264,0.62,0.38,0.0,0.0
6082,0.9142937098425321,0.9963936387216061,0.08658963802843377,0.014513538095077742,0.4039896880396413,0.8564584160727329,0.08,0.5,0.42,0.25
6083,0.8950034390705067,0.9631540802233709,0.08432308640701039,0.014462943345700432,0.4713331910097728,0.8564510340186144,0.42,0.44,0.14,0.0
6084,0.8946420258810671,0.9629918818470015,0.08577451545826414,0.011725847389044808,0.4713331910097728,0.856446905597769,0.46,0.32,0.22,0.0
6085,0.91154826605449,0.9980919458490375,0.0850514202975739,0.013975783344610295,0.4039896880396413,0.8564409157739521,0.08,0.48,0.44,0.75
6086,0.8950499551279708,0.9630379034280389,0.08519797809131974,0.01325584385822756,0.4713331910097728,0.8564365418351949,0.48,0.38,0.14,0.0
6087,0.89144706504707,0.9623417708727108,0.08356860399397756,0.009714014909923411,0.4713331910097728,0.8564297587032839,0.56,0.22,0.22,0.0
6088,0.8921084288256368,0.9628541764135654,0.08547954146343636,0.008342957468969465,0.4713331910097728,0.8564278601540455,0.34,0.2,0.46,0.0
6089,0.8950933364509416,0.9629928400061382,0.0855324188153099,0.012853477362403358,0.4713331910097728,0.8564267708231712,0.5,0.36,0.14,0.0
6090,0.8887459275651352,0.962499343136998,0.07703768925258318,0.011809081097098453,0.4667881855330919,0.8564267129013851,0.72,0.28,0.0,0.0
6091,0.8974061657403025,0.9931105064395032,0.08328332940904984,0.006461131353869615,0.42371414339073304,0.8564228316604205,0.0,0.18,0.82,0.25
6092,0.8943055656281457,0.9631469539147912,0.08314210499691178,0.015267676337349021,0.4713331910097728,0.8564204156460357,0.38,0.48,0.14,0.0
6093,0.9159626850446808,0.997390243993727,0.08890220908456638,0.014638367689991919,0.4039896880396413,0.8564163665463356,0.12,0.5,0.38,0.5
6094,0.8932846114231364,0.9628711837382429,0.08515155985734536,0.010680196392426898,0.4713331910097728,0.8564104537346275,0.56,0.26,0.18,0.0
6095,0.8886455169515715,0.9624758682381475,0.07727676055033948,0.011406714601274126,0.4667881855330919,0.8564045603865149,0.74,0.26,0.0,0.0
6096,0.8920209917178872,0.9628391452921076,0.0854120872457275,0.008423681714396933,0.4713331910097728,0.8564026926774915,0.36,0.2,0.44,0.0
6097,0.8913907470286668,0.9628704651188903,0.08444035160793477,0.008905517724335657,0.4713331910097728,0.8564023336798948,0.24,0.24,0.52,0.0
6098,0.8940464034306561,0.9631299765325868,0.08298801449333082,0.015186952091921554,0.4713331910097728,0.8564007263496166,0.36,0.48,0.16,0.0
6099,0.8914264126120612,0.9628606439877385,0.08484839446377027,0.00842242698308388,0.4713331910097728,0.8563904420525739,0.24,0.22,0.54,0.0
6100,0.893329401361188,0.9629069649935063,0.08584989978641112,0.009874208669465317,0.4713331910097728,0.8563889571384213,0.48,0.24,0.28,0.0
6101,0.9089247859156793,0.9980151434057317,0.08297500126687998,0.01327165704819942,0.4039896880396413,0.8563823045127732,0.02,0.46,0.52,0.75
6102,0.8929315161132445,0.9628491161356244,0.08482034336274959,0.010760920637854363,0.4713331910097728,0.8563806390310246,0.58,0.26,0.16,0.0
6103,0.8944422205944509,0.963149259485214,0.08378632056279081,0.014784585596097253,0.4713331910097728,0.8563724947993095,0.38,0.46,0.16,0.0
6104,0.894051080818038,0.9629599332282851,0.0855317306079226,0.011564398898189871,0.4713331910097728,0.8563671723841421,0.42,0.32,0.26,0.0
6105,0.9117834774722996,0.9981345390169137,0.08520404437443399,0.01453384154091092,0.4039896880396413,0.856362218535455,0.1,0.5,0.4,0.75
6106,0.8948344073906245,0.9630026012523439,0.08623974948635874,0.011806571634472284,0.4713331910097728,0.8563558449473152,0.48,0.32,0.2,0.0
6107,0.9174991861350362,0.9964433132843524,0.0898335950587589,0.01521698571780794,0.4039896880396413,0.8563508124762486,0.26,0.5,0.24,0.25
6108,0.8917360227502942,0.9626340094094221,0.08393282283005525,0.010277829896602671,0.4713331910097728,0.8563424274557004,0.58,0.24,0.18,0.0
6109,0.9125584884193921,0.9963221360960255,0.08531931776039516,0.014279055554167672,0.4039896880396413,0.8563405577103438,0.02,0.5,0.48,0.25
6110,0.8920927274375802,0.9626278861736888,0.0843724150360187,0.0101971056511752,0.4713331910097728,0.8563378257265004,0.56,0.24,0.2,0.0
6111,0.894960521818582,0.9630209559883075,0.08638705155469383,0.011887295879899753,0.4713331910097728,0.8563377852443115,0.5,0.32,0.18,0.0
6112,0.8939099009909051,0.9629289727111786,0.08626919271648562,0.010438023656144485,0.4713331910097728,0.8563326628214718,0.5,0.26,0.24,0.0
6113,0.8908700661466379,0.9629588403280198,0.07925418030924919,0.012613814088746993,0.4667881855330919,0.8563323883250341,0.68,0.32,0.0,0.0
6114,0.8929472531164772,0.9628487268834751,0.08553777201782231,0.010035657160320257,0.4713331910097728,0.8563233482871058,0.52,0.24,0.24,0.0
6115,0.8919439045539984,0.9628760943038188,0.08518436109402189,0.009066966215190602,0.4713331910097728,0.8563221598578722,0.28,0.24,0.48,0.0
6116,0.8915392573812645,0.9625940960928816,0.08426840712175482,0.00963329066449594,0.4713331910097728,0.8563094895352448,0.54,0.22,0.24,0.0
6117,0.8949764302357963,0.9630067033711481,0.08645359153956464,0.011968020125327227,0.4713331910097728,0.8563050756465777,0.52,0.32,0.16,0.0
6118,0.8918509729206725,0.9628604044479544,0.08547701956660568,0.008583875473938822,0.4713331910097728,0.856304101652331,0.28,0.22,0.5,0.0
6119,0.8869795882992896,0.9628101909206936,0.07934664198766367,0.010111362480495406,0.4713331910097728,0.8562985099018989,0.06,0.32,0.62,0.0
6120,0.8857636902755147,0.9627907582557013,0.07853443664078608,0.009466823248388764,0.4713331910097728,0.8562940863666637,0.02,0.3,0.68,0.0
6121,0.8891841632844424,0.9627191358602285,0.0799328153083681,0.012528070918067296,0.4713331910097728,0.8562937485822842,0.18,0.4,0.42,0.0
6122,0.8912860342291443,0.9628657042656795,0.08437991257566088,0.00938860846558738,0.4713331910097728,0.8562910265822337,0.24,0.26,0.5,0.0
6123,0.8935961374626871,0.9629485251460631,0.08604727389942256,0.010517493170258926,0.4713331910097728,0.8562896049607875,0.4,0.28,0.32,0.0
6124,0.8920733827879674,0.9627762660987578,0.0851017340578911,0.009471842173640997,0.4713331910097728,0.8562888950286675,0.5,0.22,0.28,0.0
6125,0.8917002747761288,0.9628782501618764,0.08513162448636226,0.00898624196976313,0.4713331910097728,0.8562807557207741,0.26,0.24,0.5,0.0
6126,0.8937025105879398,0.962947057964885,0.08553721938380107,0.011483674652762406,0.4713331910097728,0.8562752311487398,0.4,0.32,0.28,0.0
6127,0.9165357563985174,0.9964938262363434,0.09006962891728262,0.013858711063791834,0.4039896880396413,0.85627291045346,0.16,0.46,0.38,0.25
6128,0.887664487487763,0.962796746750306,0.07977918431147206,0.010675177467174678,0.4713331910097728,0.8562643947024403,0.08,0.34,0.58,0.0
6129,0.8881260166750324,0.9627856380928141,0.08022902171643674,0.010755901712602144,0.4713331910097728,0.8562552466722421,0.1,0.34,0.56,0.0
6130,0.8941471395679617,0.9631413546723357,0.08394444941104832,0.014703861350669792,0.4713331910097728,0.8562533032774761,0.36,0.46,0.18,0.0
6131,0.8919061108428056,0.9628349832883573,0.08583222285836255,0.008504405959824402,0.4713331910097728,0.8562302337523491,0.38,0.2,0.42,0.0
6132,0.8933648579648485,0.962957088693348,0.08576426293568885,0.010919859666083238,0.4713331910097728,0.8562226920471429,0.38,0.3,0.32,0.0
6133,0.8905510817257147,0.9623044475800867,0.08384803051473753,0.008988751432389221,0.4713331910097728,0.8562197924573318,0.5,0.2,0.3,0.0
6134,0.8896718448695687,0.9628328573727726,0.08209932408842778,0.010595707953060233,0.4713331910097728,0.8562184615830983,0.18,0.32,0.5,0.0
6135,0.8867715168680964,0.9627985732411605,0.07910376297918532,0.010594453221747211,0.4713331910097728,0.8562078077405741,0.06,0.34,0.6,0.0
6136,0.9112736262985355,0.9981223973441027,0.08529399036506483,0.014460807490855793,0.4039896880396413,0.8561960958154891,0.08,0.5,0.42,0.75
6137,0.8914562291893856,0.9626035878568301,0.08465367946761365,0.009552566419068468,0.4713331910097728,0.8561909835908064,0.52,0.22,0.26,0.0
6138,0.8948901967190268,0.9629884983475497,0.08648924870455922,0.01237038662115155,0.4713331910097728,0.8561857130558203,0.5,0.34,0.16,0.0
6139,0.8950600170150994,0.963006463831364,0.08663101032985673,0.01245111086657902,0.4713331910097728,0.8561823053593677,0.52,0.34,0.14,0.0
6140,0.8884710867122744,0.9627889916497928,0.08078829698535668,0.010836625958029622,0.4713331910097728,0.8561817531364835,0.12,0.34,0.54,0.0
6141,0.894352448737046,0.9629767608981245,0.08644253424889953,0.01164512314361734,0.4713331910097728,0.8561811596820226,0.44,0.32,0.24,0.0
6142,0.8921649965387525,0.9628780405645653,0.0858608915777923,0.009147690460618068,0.4713331910097728,0.8561774291085358,0.3,0.24,0.46,0.0
6143,0.9165013969353072,0.9968859229205889,0.09031269279204258,0.014229585460590242,0.4039896880396413,0.8561771088284269,0.14,0.48,0.38,0.5
6144,0.8896792002277574,0.9627437336018175,0.08082145617981505,0.01260879516349476,0.4713331910097728,0.8561733969217581,0.2,0.4,0.4,0.0
6145,0.8939074032022539,0.9631197362068127,0.08333929160534215,0.015670042833173307,0.4713331910097728,0.8561595149344842,0.36,0.5,0.14,0.0
6146,0.8921604509411265,0.9628667522522354,0.08626620291209834,0.008664599719366289,0.4713331910097728,0.8561540422002449,0.3,0.22,0.48,0.0
6147,0.8921429410656725,0.962815760220676,0.08572251393585877,0.009391117928213526,0.4713331910097728,0.8561527122690666,0.48,0.22,0.3,0.0
6148,0.8893020050905784,0.9628202216491566,0.08202238761609969,0.010514983707632757,0.4713331910097728,0.8561439583133625,0.16,0.32,0.52,0.0
6149,0.8909981210911341,0.9628702255791062,0.08393286119025034,0.010354789948090944,0.4713331910097728,0.8561410863046948,0.24,0.3,0.46,0.0
6150,0.9152937051068877,0.9966633006336576,0.08985796777057455,0.013109631207736576,0.4039896880396413,0.8561366046941202,0.1,0.44,0.46,0.5
6151,0.8918756893348372,0.9628279468071966,0.08607372067574606,0.008585130205251876,0.4713331910097728,0.8561342254379941,0.4,0.2,0.4,0.0
6152,0.8889632244616815,0.9628196227996961,0.08175988195609049,0.010434259462205287,0.4713331910097728,0.8561341222691401,0.14,0.32,0.54,0.0
6153,0.9108228302779814,0.9980295457352562,0.0853817254028655,0.013902749294555164,0.4039896880396413,0.8561332259264666,0.06,0.48,0.46,0.75
6154,0.8938550703270566,0.9629402011385625,0.08711377755429256,0.010195850919862073,0.4713331910097728,0.8561226367622584,0.44,0.26,0.3,0.0
6155,0.8916481678580258,0.9628571856321043,0.08597927234710537,0.008503151228511353,0.4713331910097728,0.8561140026411049,0.26,0.22,0.52,0.0
6156,0.8932432126905087,0.9629145404391812,0.08677606216647697,0.009793484424037838,0.4713331910097728,0.8561131477285984,0.46,0.24,0.3,0.0
6157,0.8861643409655963,0.9628059091470512,0.07919912067824528,0.010030638235067937,0.4713331910097728,0.8561120039371346,0.04,0.32,0.64,0.0
6158,0.8969866986540255,0.9936134202164092,0.08319954883370444,0.0078878471860312,0.42371414339073304,0.8561112593987557,0.0,0.24,0.76,0.5
6159,0.8950644734779293,0.9631130590353284,0.08583670020443303,0.014060576849876123,0.4713331910097728,0.8561069278379272,0.44,0.42,0.14,0.0
6160,0.9162693459054595,0.9967524693183222,0.09060059313165165,0.013745205782675999,0.4039896880396413,0.8561012809362706,0.14,0.46,0.4,0.5
6161,0.8930523155244156,0.962950950486378,0.08592524988191609,0.01083913542065577,0.4713331910097728,0.8560977024192591,0.36,0.3,0.34,0.0
6162,0.9086010601749291,0.997986338746683,0.08328135658632546,0.013756681194444901,0.4039896880396413,0.8560954658024189,0.02,0.48,0.5,0.75
6163,0.9103714365361505,0.9980010405009375,0.08509667490747351,0.013829715244500027,0.4039896880396413,0.8560903870160014,0.04,0.48,0.48,0.75
6164,0.8940638252209518,0.9631193768971363,0.08370634355839607,0.01575076707860076,0.4713331910097728,0.8560843339880726,0.38,0.5,0.12,0.0
6165,0.8924201368189637,0.9631702940725132,0.08050075004757445,0.014625646567868428,0.4667881855330919,0.8560670770966607,0.58,0.42,0.0,0.0
6166,0.8921178818940158,0.9629184030182013,0.08523358620754698,0.010596962684373355,0.4713331910097728,0.8560604967077641,0.3,0.3,0.4,0.0
6167,0.8911378547114355,0.9628670367057292,0.08470151865624785,0.00987169920683916,0.4713331910097728,0.8560573585451616,0.24,0.28,0.48,0.0
6168,0.8946543700741525,0.9629499324422952,0.08680052183087178,0.012208938130296608,0.4713331910097728,0.856051655435602,0.46,0.34,0.2,0.0
6169,0.8916669307263356,0.9628759146489806,0.08561220337077358,0.00946933271101485,0.4713331910097728,0.8560351182759923,0.26,0.26,0.48,0.0
6170,0.8934754771860252,0.962947117849831,0.08623089356855945,0.01140295040733493,0.4713331910097728,0.8560231228987242,0.38,0.32,0.3,0.0
6171,0.8919708369052503,0.9628848674484147,0.08592465131578854,0.009550056956442322,0.4713331910097728,0.8560213347803345,0.28,0.26,0.46,0.0
6172,0.890074456944481,0.9627675228966348,0.08171739711672726,0.012689519408922231,0.4713331910097728,0.8560208835725897,0.22,0.4,0.38,0.0
6173,0.8873806854508652,0.9626587418921397,0.0792155886529951,0.012205173936357415,0.4713331910097728,0.8560151734011198,0.1,0.4,0.5,0.0
6174,0.8936482236156891,0.9629327155203066,0.08732705824961387,0.010115126674434602,0.4713331910097728,0.8560140649549038,0.42,0.26,0.32,0.0
6175,0.8901594383024017,0.9628492059630435,0.08328749829097261,0.010676432198487696,0.4713331910097728,0.8560082124464585,0.2,0.32,0.48,0.0
6176,0.8948368951861283,0.9629633466702099,0.08710527611886093,0.012289662375724075,0.4713331910097728,0.8560043467543021,0.48,0.34,0.18,0.0
6177,0.9159313530397102,0.996843838774754,0.0903932592654346,0.01415398801207767,0.4039896880396413,0.8559916559572502,0.12,0.48,0.4,0.5
6178,0.9151530033474214,0.9973795994445671,0.0895814272392381,0.014562770241479341,0.4039896880396413,0.8559910039118009,0.1,0.5,0.4,0.5
6179,0.8857293828027892,0.9627609355525696,0.07848011778970677,0.010996819717571531,0.4713331910097728,0.8559889945329555,0.04,0.36,0.6,0.0
6180,0.8922137018250549,0.96290789321017,0.08591431387760166,0.010113871943121567,0.4713331910097728,0.8559878678773649,0.3,0.28,0.42,0.0
6181,0.888689936767291,0.9626935051033202,0.08054554108075132,0.012447346672639824,0.4713331910097728,0.8559809855760397,0.16,0.4,0.44,0.0
6182,0.8946624411379753,0.9629563700739954,0.08674817004010339,0.012692028871548413,0.4713331910097728,0.8559735297850383,0.46,0.36,0.18,0.0
6183,0.8921685576714667,0.9631947570729735,0.08032601187967883,0.015028013063692724,0.4667881855330919,0.8559652182809712,0.56,0.44,0.0,0.0
6184,0.8968950279591891,0.9936214148567065,0.08395543262934162,0.0074034675081169395,0.42371414339073304,0.8559637313612416,0.0,0.22,0.78,0.5
6185,0.8936132300161883,0.9631081784122255,0.08376649109182423,0.015589318587745829,0.4713331910097728,0.8559624104424383,0.34,0.5,0.16,0.0
6186,0.8902143827596312,0.9627842906815282,0.08242731248135801,0.012206428667670442,0.4713331910097728,0.8559571563579185,0.22,0.38,0.4,0.0
6187,0.9174249111941484,0.9964518468891642,0.09107228859512564,0.015295146564777966,0.4039896880396413,0.8559567664608905,0.28,0.5,0.22,0.25
6188,0.8877882977223663,0.9627681217460953,0.08057337003249533,0.011238992453853933,0.4713331910097728,0.8559553274646008,0.1,0.36,0.54,0.0
6189,0.89310333596927,0.962910408377904,0.0874153076561907,0.009551311687755427,0.4713331910097728,0.8559345521907076,0.4,0.24,0.36,0.0
6190,0.8888448002760715,0.9626612271174007,0.08052081165774458,0.01293043741389153,0.4713331910097728,0.8559331201857228,0.16,0.42,0.42,0.0
6191,0.889122345353811,0.9628061486868355,0.08222492777300386,0.010998074448884558,0.4713331910097728,0.8559328905637446,0.16,0.34,0.5,0.0
6192,0.915132282591946,0.9966432391767317,0.09005634898925453,0.013594010885650846,0.4039896880396413,0.8559310520654368,0.1,0.46,0.44,0.5
6193,0.8918749615893999,0.962888999509692,0.08580826442817348,0.010033147697694101,0.4713331910097728,0.855930156003638,0.28,0.28,0.44,0.0
6194,0.8933009919570287,0.9629222057122753,0.08754985217396175,0.009712760178610367,0.4713331910097728,0.8559245075473064,0.44,0.24,0.32,0.0
6195,0.8888021643069038,0.9627986331261065,0.08198711635403488,0.010917350203457086,0.4713331910097728,0.855920471635611,0.14,0.34,0.52,0.0
6196,0.8930989264845033,0.9629550226627093,0.08593512898881972,0.011805316903159264,0.4713331910097728,0.8559162097295268,0.36,0.34,0.3,0.0
6197,0.8922394517761433,0.9628913649650609,0.08652085102912345,0.009630781201869786,0.4713331910097728,0.8559147221460524,0.3,0.26,0.44,0.0
6198,0.8891525612762073,0.9627537493590439,0.08156661918079997,0.012044980176815507,0.4713331910097728,0.8559146620039779,0.18,0.38,0.44,0.0
6199,0.889809009808585,0.9629027730472829,0.08093199497745077,0.01405806738725003,0.4713331910097728,0.85591444651304,0.2,0.46,0.34,0.0
6200,0.8917496652193729,0.962899060180628,0.08540809092263256,0.010516238438945889,0.4713331910097728,0.8559129237114077,0.28,0.3,0.42,0.0
6201,0.8901779768530728,0.9628350431733033,0.08290959868331213,0.011723337926418767,0.4713331910097728,0.8559113072255977,0.22,0.36,0.42,0.0
6202,0.8893151619396303,0.9628057294922131,0.08211070542531901,0.011561889435563827,0.4713331910097728,0.8559108672658738,0.18,0.36,0.46,0.0
6203,0.8856973449317912,0.9627974953121315,0.07947636286688077,0.009949913989640461,0.4713331910097728,0.8559067927147067,0.02,0.32,0.66,0.0
6204,0.8873239952527717,0.962765187383739,0.08031621911674977,0.01115826820842647,0.4713331910097728,0.8559059394886358,0.08,0.36,0.56,0.0
6205,0.9106447301756112,0.9981011082457828,0.08568830743333085,0.014387773440800672,0.4039896880396413,0.8559050645680898,0.06,0.5,0.44,0.75
6206,0.8895830394853245,0.9628201617642105,0.08275863695834364,0.011078798694312036,0.4713331910097728,0.855903059996726,0.18,0.34,0.48,0.0
6207,0.9152316494216272,0.9968134321933985,0.09001241838732048,0.01407839056356509,0.4039896880396413,0.8559021908235691,0.1,0.48,0.42,0.5
6208,0.885450876231873,0.9627714154181279,0.07855519288137806,0.010916095472144057,0.4713331910097728,0.8559014972981102,0.02,0.36,0.62,0.0
6209,0.8859013925570292,0.9627943214099911,0.07932509513488674,0.010513728976319739,0.4713331910097728,0.8558984145609801,0.04,0.34,0.62,0.0
6210,0.9142502379209334,0.9965539956358845,0.08959446729806597,0.013034033759224007,0.4039896880396413,0.8558983184433624,0.08,0.44,0.48,0.5
6211,0.8933863231413215,0.9629322064982652,0.08751977211079677,0.010034402429007137,0.4713331910097728,0.855895957842005,0.4,0.26,0.34,0.0
6212,0.8915501408435035,0.9628782801043495,0.08567435531159491,0.009952423452266629,0.4713331910097728,0.8558858847218367,0.26,0.28,0.46,0.0
6213,0.8890714869029939,0.962670389514146,0.08087916955921931,0.013011161659319004,0.4713331910097728,0.8558829554507615,0.18,0.42,0.4,0.0
6214,0.8904354076522804,0.9629647240239689,0.08166974614913061,0.014138791632677497,0.4713331910097728,0.8558826436722076,0.22,0.46,0.32,0.0
6215,0.8896654352844244,0.9627709962235056,0.08217519659946505,0.012125704422242973,0.4713331910097728,0.8558793680622457,0.2,0.38,0.42,0.0
6216,0.8864771955834337,0.9627678522638381,0.07960188815502353,0.011077543962999002,0.4713331910097728,0.8558745565161419,0.06,0.36,0.58,0.0
6217,0.8934450730795406,0.962944662567043,0.0863849988271501,0.011886041148586735,0.4713331910097728,0.8558725498476415,0.38,0.34,0.28,0.0
6218,0.8881783073868043,0.962772792771887,0.08121707593670674,0.011319716699281411,0.4713331910097728,0.8558711519055561,0.12,0.36,0.52,0.0
6219,0.9156890224268679,0.9966832123782183,0.09082656195820152,0.013669608334163428,0.4039896880396413,0.8558667140202882,0.12,0.46,0.42,0.5
6220,0.8905752738104435,0.962570651136504,0.08532922346807822,0.008908027186961752,0.4713331910097728,0.8558557435196218,0.48,0.2,0.32,0.0
6221,0.8927417831599197,0.9629493934777809,0.08651962013309282,0.010758411175228301,0.4713331910097728,0.8558489550049414,0.34,0.3,0.36,0.0
6222,0.8855656607161491,0.9627918960696762,0.07921070835243732,0.010433004730892266,0.4713331910097728,0.855846481105511,0.02,0.34,0.64,0.0
6223,0.8948329678671733,0.963096291250435,0.08656234326024856,0.013979852604448652,0.4713331910097728,0.8558417295084357,0.42,0.42,0.16,0.0
6224,0.8794118972487064,0.9884135504661669,0.07780155880690298,0.005390270040363522,0.4485350058444158,0.8558390140002965,0.84,0.0,0.16,0.25
6225,0.8938050030687943,0.9629525973223944,0.08682380951700933,0.011966765394014211,0.4713331910097728,0.855838960207405,0.4,0.34,0.26,0.0
6226,0.8924620242586088,0.9628399836813522,0.08721578881969234,0.009310393682786054,0.4713331910097728,0.8558373475412163,0.46,0.22,0.32,0.0
6227,0.8916140072473989,0.9627965371529948,0.08677730165369638,0.008665854450679343,0.4713331910097728,0.8558318539569962,0.42,0.2,0.38,0.0
6228,0.8928984542572591,0.9629118755590821,0.08737331418789454,0.00987295393815219,0.4713331910097728,0.8558210960578938,0.36,0.26,0.38,0.0
6229,0.8936788319825876,0.9631257845863634,0.08467669229417665,0.015106227846494078,0.4713331910097728,0.8558187215545601,0.34,0.48,0.18,0.0
6230,0.891316669754801,0.962885256700564,0.08533723000300966,0.010435514193518416,0.4713331910097728,0.8558175455385786,0.26,0.3,0.44,0.0
6231,0.8866861641148936,0.9626732639915562,0.07925379614390095,0.012124449690929946,0.4713331910097728,0.8558141158127953,0.08,0.4,0.52,0.0
6232,0.8877968308152652,0.9626602539870274,0.08029480024957489,0.01228589818178489,0.4713331910097728,0.8558127043318963,0.12,0.4,0.48,0.0
6233,0.8932316476979895,0.9629270863353782,0.08793487158308787,0.009632035933182894,0.4713331910097728,0.8558094880937073,0.42,0.24,0.34,0.0
6234,0.9101433225726062,0.9980952694635432,0.08554867586242347,0.014314739390745537,0.4039896880396413,0.8558086624348433,0.04,0.5,0.46,0.75
6235,0.8852457904597897,0.9627359934725409,0.07832293016786342,0.011399186213395734,0.4713331910097728,0.855805056979391,0.02,0.38,0.6,0.0
6236,0.8948507537355973,0.9630221536872284,0.08723873506349472,0.01317511961280009,0.4713331910097728,0.8558017258127634,0.46,0.38,0.16,0.0
6237,0.8905057379053866,0.9628604643329004,0.08432124831464385,0.010757156443915167,0.4713331910097728,0.8557993690272132,0.22,0.32,0.46,0.0
6238,0.8911997809844255,0.9627654868084692,0.08639272019948957,0.00874657869610681,0.4713331910097728,0.8557977504287003,0.44,0.2,0.36,0.0
6239,0.890499053429379,0.9627757271342433,0.08291307683451639,0.0127702436543497,0.4713331910097728,0.8557883480647457,0.24,0.4,0.36,0.0
6240,0.8921027509516595,0.962915558483264,0.08584451092451786,0.011080053425625049,0.4713331910097728,0.8557826369846604,0.3,0.32,0.38,0.0
6241,0.8879999870055917,0.9627447366746638,0.0810159038214248,0.011802807440533091,0.4713331910097728,0.855774875230975,0.12,0.38,0.5,0.0
6242,0.8948598125560325,0.9629842465163804,0.0876133115889266,0.012772753116975887,0.4713331910097728,0.8557711507432967,0.48,0.36,0.16,0.0
6243,0.8897319553969812,0.9628140834421867,0.08299457030718635,0.011642613680991296,0.4713331910097728,0.8557659840501124,0.2,0.36,0.44,0.0
6244,0.8882959062036087,0.9626555979324722,0.08058774072690009,0.012849713168464059,0.4713331910097728,0.8557644407880978,0.14,0.42,0.44,0.0
6245,0.8792702526774259,0.9884060349054379,0.07801991061841272,0.005233948346423475,0.4485350058444158,0.8557636546184643,0.8,0.0,0.2,0.25
6246,0.8929886968691179,0.9629047791929755,0.08794169976898436,0.009470587442327951,0.4713331910097728,0.8557635762738701,0.38,0.24,0.38,0.0
6247,0.8926041297001523,0.9628868436516343,0.08800901113128522,0.008826048210221236,0.4713331910097728,0.8557550016846832,0.34,0.22,0.44,0.0
6248,0.8931089345023363,0.9629512199686353,0.08685008890750087,0.011322226161907464,0.4713331910097728,0.8557512582515572,0.36,0.32,0.32,0.0
6249,0.8882159230949445,0.9626699104345776,0.08096688600012222,0.012366622427212356,0.4713331910097728,0.8557298126779738,0.14,0.4,0.46,0.0
6250,0.8933036555402596,0.9629407999880231,0.08774022624910051,0.010436768924831447,0.4713331910097728,0.8557283636675703,0.38,0.28,0.34,0.0
6251,0.8944776430782788,0.9629625082809652,0.08781719129305007,0.012128213884869133,0.4713331910097728,0.8557233197634644,0.44,0.34,0.22,0.0
6252,0.8949315683933289,0.9630553299473387,0.08733308829493475,0.013577486108624394,0.4713331910097728,0.8557232487621165,0.44,0.4,0.16,0.0
6253,0.8926928509196091,0.9628781303919844,0.08815646510793672,0.008906772455648701,0.4713331910097728,0.8557216199883124,0.36,0.22,0.42,0.0
6254,0.8924377282844613,0.9629375362584635,0.08669940087091486,0.010677686929800825,0.4713331910097728,0.855720231052711,0.32,0.3,0.38,0.0
6255,0.8793796492008686,0.9884125024796111,0.07825393654840265,0.005312109193393495,0.4485350058444158,0.8557142859325019,0.82,0.0,0.18,0.25
6256,0.8930968676988836,0.9629247208800092,0.08792372930034638,0.009953678183579662,0.4713331910097728,0.8557075858088017,0.38,0.26,0.36,0.0
6257,0.89169775171148,0.9628646562791238,0.08466515603722098,0.012529325649380318,0.4713331910097728,0.8557039373267046,0.3,0.38,0.32,0.0
6258,0.8925128042178321,0.9628926524914009,0.08785163479850425,0.00922841470604554,0.4713331910097728,0.8556934112777586,0.32,0.24,0.44,0.0
6259,0.8888966892083175,0.9627911175653775,0.08248162538675682,0.011481165190136351,0.4713331910097728,0.8556922536287536,0.16,0.36,0.48,0.0
6260,0.9142524561482969,0.9973553310701814,0.08972697743234138,0.014487172792966766,0.4039896880396413,0.8556903220772502,0.08,0.5,0.42,0.5
6261,0.8925913702016424,0.9630906321230336,0.08442831390756532,0.014461688614387385,0.4713331910097728,0.855687784850524,0.3,0.46,0.24,0.0
6262,0.9142001207167922,0.9966229681224946,0.08997585023711657,0.01351841343713828,0.4039896880396413,0.8556867093645592,0.08,0.46,0.46,0.5
6263,0.821905843363596,0.9338738598467694,0.0427784395000019,0.00213973788418492,0.5453465448805754,0.8556836176366193,0.0,0.0,1.0,0.0
6264,0.8944062359480967,0.9631321623331175,0.08647544624779065,0.014301494854845487,0.4713331910097728,0.8556798353228239,0.38,0.44,0.18,0.0
6265,0.8940729607631829,0.9629394226342639,0.08759474820472225,0.012047489639441673,0.4713331910097728,0.8556787805790981,0.42,0.34,0.24,0.0
6266,0.8870973677364974,0.9626303264852403,0.07974811340714984,0.012688264677609118,0.4713331910097728,0.8556756434631302,0.1,0.42,0.48,0.0
6267,0.8923964664440476,0.962878908896283,0.08812058242486456,0.00874532396479376,0.4713331910097728,0.8556754646732442,0.32,0.22,0.46,0.0
6268,0.8900101337233356,0.9627448564445559,0.08252095595081733,0.013172610150173939,0.4713331910097728,0.855669710421183,0.22,0.42,0.36,0.0
6269,0.8942894509687518,0.9630310466017165,0.0869556307603181,0.013416037617769463,0.4713331910097728,0.8556681719537385,0.4,0.4,0.2,0.0
6270,0.8918779597703423,0.9628724413221099,0.08532267475765022,0.012046234908128646,0.4713331910097728,0.8556660658496106,0.3,0.36,0.34,0.0
6271,0.8885671862269232,0.9627834223498104,0.0822841803610473,0.011400440944708884,0.4713331910097728,0.8556653638929734,0.14,0.36,0.5,0.0
6272,0.8875584429066352,0.9627370115166237,0.08100446216087719,0.011722083195105613,0.4713331910097728,0.8556606994420539,0.1,0.38,0.52,0.0
6273,0.8925355345142456,0.9628946885795665,0.08594937159710506,0.01220768339898359,0.4713331910097728,0.8556535591787446,0.34,0.36,0.3,0.0
6274,0.8938832500281153,0.9629441685162382,0.08726489937822215,0.012449856135266007,0.4713331910097728,0.8556372801949559,0.4,0.36,0.24,0.0
6275,0.8922265882985906,0.9630331126323551,0.08452984320511371,0.013978597873135613,0.4713331910097728,0.8556370453414415,0.3,0.44,0.26,0.0
6276,0.8928092905035571,0.962949603075092,0.08700011101724994,0.011241501916479988,0.4713331910097728,0.8556339801362257,0.34,0.32,0.34,0.0
6277,0.888740423033777,0.9627362030698521,0.08217101514230665,0.01196425593138803,0.4713331910097728,0.8556301416256757,0.16,0.38,0.46,0.0
6278,0.8916274739857771,0.9628419898270448,0.08450560967365496,0.013012416390632116,0.4713331910097728,0.8556288712424333,0.3,0.4,0.3,0.0
6279,0.8903314556694173,0.9628402082498999,0.0843979010650894,0.01124024718516697,0.4713331910097728,0.8556253104871343,0.22,0.34,0.44,0.0
6280,0.914150327136543,0.9967336055603172,0.08987994151390295,0.014002793115052517,0.4039896880396413,0.8556191643784465,0.08,0.48,0.44,0.5
6281,0.8894693956216269,0.9627143151220717,0.08217671362684402,0.013091885904746468,0.4713331910097728,0.8556183799801155,0.2,0.42,0.38,0.0
6282,0.8560611598384681,0.9949555915696967,0.055272398026484586,0.014638228196930836,0.45615374113536183,0.855608859311743,0.0,0.52,0.48,1.0
6283,0.8926862380332479,0.9628996590300885,0.08827496669366454,0.009309138951473013,0.4713331910097728,0.8556081997889413,0.34,0.24,0.42,0.0
6284,0.8877013948306837,0.9626344286040445,0.08056052119561143,0.01276898892303659,0.4713331910097728,0.8556069107226026,0.12,0.42,0.46,0.0
6285,0.8864154797991469,0.9626235894288099,0.07933562030932731,0.012607540432181652,0.4713331910097728,0.855605231721872,0.08,0.42,0.5,0.0
6286,0.8927937910215189,0.9629481957788598,0.08676790494776854,0.011724592657731799,0.4713331910097728,0.8555995015579101,0.34,0.34,0.32,0.0
6287,0.8926569214379336,0.9629235830660344,0.08762224755674378,0.010275320433976512,0.4713331910097728,0.8555980920516241,0.34,0.28,0.38,0.0
6288,0.8916651230109587,0.9629050037615232,0.08608562001716352,0.010999329180197578,0.4713331910097728,0.8555963408648198,0.28,0.32,0.4,0.0
6289,0.8926494109883272,0.9629032521268512,0.08794592159305371,0.009792229692724724,0.4713331910097728,0.8555960148387052,0.34,0.26,0.4,0.0
6290,0.9131819278181253,0.9965303560534323,0.08957845946692457,0.012958436310711438,0.4039896880396413,0.8555940178485753,0.06,0.44,0.5,0.5
6291,0.8900038932460764,0.9628332765673949,0.08422306236114901,0.0111595229397395,0.4713331910097728,0.8555925946430678,0.2,0.34,0.46,0.0
6292,0.8946732556653065,0.9630476646742446,0.08756936440851028,0.013496761863196927,0.4713331910097728,0.855592575126364,0.42,0.4,0.18,0.0
6293,0.8927080761668854,0.9631093461686734,0.08457647319318459,0.014944779355639143,0.4713331910097728,0.8555862358653675,0.3,0.48,0.22,0.0
6294,0.8928634280532285,0.9629056175822202,0.08848289291146724,0.009389863196900482,0.4713331910097728,0.8555861109040108,0.36,0.24,0.4,0.0
6295,0.8857744400962086,0.9626801507603516,0.07917397736600468,0.01204372544550248,0.4713331910097728,0.8555808073026028,0.06,0.4,0.54,0.0
6296,0.893061298406355,0.9629186725004585,0.08672279536105477,0.012288407644411066,0.4713331910097728,0.8555755781596746,0.36,0.36,0.28,0.0
6297,0.8937532957617605,0.9629972714921458,0.08678204327565521,0.013335313372341987,0.4713331910097728,0.8555684907349477,0.38,0.4,0.22,0.0
6298,0.8936450505555404,0.9631250360245378,0.08584786312777654,0.014623137105242316,0.4713331910097728,0.8555671645196887,0.34,0.46,0.2,0.0
6299,0.8929485480422649,0.9629296613880582,0.08799988288805603,0.010356044679403983,0.4713331910097728,0.8555613844081917,0.36,0.28,0.36,0.0
6300,0.894466608615146,0.9630710796881491,0.08723322620596743,0.013899128359021195,0.4713331910097728,0.8555506089478089,0.4,0.42,0.18,0.0
6301,0.8942244766629923,0.9629501120971334,0.08787962378539639,0.012530580380693476,0.4713331910097728,0.8555470229027192,0.42,0.36,0.22,0.0
6302,0.8924333592696835,0.9628951377166619,0.08795745321920813,0.009711505447297254,0.4713331910097728,0.8555427996866959,0.32,0.26,0.42,0.0
6303,0.8939786594731395,0.96293948251921,0.08735790049624224,0.01293294687651768,0.4713331910097728,0.8555417475303058,0.4,0.38,0.22,0.0
6304,0.8926846720990544,0.9628846279086305,0.0888144429908144,0.008987496701076174,0.4713331910097728,0.8555141438348288,0.38,0.22,0.4,0.0
6305,0.8924011333613032,0.9629146901515463,0.08770366494625353,0.010194596188549038,0.4713331910097728,0.8555126744477296,0.32,0.28,0.4,0.0
6306,0.8925137679009183,0.9628675906414801,0.08849861267225881,0.009229669437358583,0.4713331910097728,0.8555030118049275,0.44,0.22,0.34,0.0
6307,0.9129179479132741,0.9965629933490282,0.09003917052118662,0.01239845918428457,0.4039896880396413,0.8554987817860913,0.04,0.42,0.54,0.5
6308,0.8944212754588473,0.9629632568427908,0.08822524902038913,0.012611304626120945,0.4713331910097728,0.8554921630417327,0.44,0.36,0.2,0.0
6309,0.8912459452265633,0.9628336358770712,0.08465064485924484,0.012931692145204645,0.4713331910097728,0.8554874560626576,0.28,0.4,0.32,0.0
6310,0.8790537319023474,0.9883954951549336,0.07888326214125808,0.005077626652483431,0.4485350058444158,0.8554792711700425,0.76,0.0,0.24,0.25
6311,0.8925836586505725,0.9628819630285315,0.08878258789097561,0.009068220946503648,0.4713331910097728,0.855476486658097,0.4,0.22,0.38,0.0
6312,0.893209606752295,0.9631229400514262,0.08545943625932367,0.015025503601066604,0.4713331910097728,0.8554678199869565,0.32,0.48,0.2,0.0
6313,0.8899869735019416,0.9628299529528893,0.08292291548212535,0.013655700891425723,0.4713331910097728,0.8554629276782733,0.22,0.44,0.34,0.0
6314,0.8877969268636318,0.9625717590080058,0.08080676563065452,0.013252079664288381,0.4713331910097728,0.8554585006197742,0.12,0.44,0.44,0.0
6315,0.8792762023643171,0.9885585319205477,0.07920692408712493,0.005174786440075785,0.4485350058444158,0.8554576467691117,0.82,0.0,0.18,0.5
6316,0.8869907946947412,0.9627424909891871,0.08118168163952469,0.011641358949678148,0.4713331910097728,0.855456237015857,0.08,0.38,0.54,0.0
6317,0.8908298494836341,0.9625676269467286,0.08706157191428589,0.008827302941534278,0.4713331910097728,0.8554479573397109,0.46,0.2,0.34,0.0
6318,0.8931760524210628,0.9629531362869088,0.08665592622352523,0.013254589126914521,0.4713331910097728,0.8554412319901743,0.36,0.4,0.24,0.0
6319,0.9131303297152165,0.9966066045609872,0.08976389746003337,0.013442815988625699,0.4039896880396413,0.855439593663643,0.06,0.46,0.48,0.5
6320,0.892486692026987,0.9629337036219164,0.08741042014890818,0.011160777671052518,0.4713331910097728,0.8554325703344688,0.32,0.32,0.36,0.0
6321,0.9126858917242627,0.9965217925061476,0.08967047406646785,0.012882838862198856,0.4039896880396413,0.8554324921767362,0.04,0.44,0.52,0.5
6322,0.8883733095650959,0.9627344963488897,0.0825368815564273,0.011883531685960555,0.4713331910097728,0.8554303296937567,0.14,0.38,0.48,0.0
6323,0.8909361870621625,0.9629916722496903,0.08372992661586223,0.014219515878104974,0.4713331910097728,0.8554263324514071,0.24,0.46,0.3,0.0
6324,0.8907114943012387,0.9628531883119557,0.08511045701668446,0.01180406217184624,0.4713331910097728,0.8554229059011089,0.24,0.36,0.4,0.0
6325,0.8907398522050187,0.9628590869791414,0.0854912963356193,0.011320971430594443,0.4713331910097728,0.8554190292212105,0.24,0.34,0.42,0.0
6326,0.8935045074160638,0.9629289427687057,0.08767649669330337,0.01236913188983853,0.4713331910097728,0.8554187565172339,0.38,0.36,0.26,0.0
6327,0.8792126684525663,0.988555118478623,0.07939693676513539,0.005099188991563211,0.4485350058444158,0.855398367999346,0.8,0.0,0.2,0.5
6328,0.8920216416150127,0.9629183131907822,0.08676200012156146,0.011563144166876852,0.4713331910097728,0.8553973678186148,0.3,0.34,0.36,0.0
6329,0.8906584594652499,0.9627875693823242,0.08480484604622368,0.012287152913097909,0.4713331910097728,0.8553887151489222,0.24,0.38,0.38,0.0
6330,0.9086601797528405,0.9980863765490551,0.08552222593054036,0.014241705340690412,0.4039896880396413,0.8553846242988633,0.02,0.5,0.48,0.75
6331,0.8894058498738285,0.9627561597281223,0.08265722122110149,0.013574976645998256,0.4713331910097728,0.8553703296137642,0.2,0.44,0.36,0.0
6332,0.8918571669430175,0.9629383596764716,0.08543101748548851,0.01349550713188383,0.4713331910097728,0.8553486002065825,0.3,0.42,0.28,0.0
6333,0.8943878037998283,0.962980668390854,0.08843904239799105,0.013013671121945146,0.4713331910097728,0.8553425722479434,0.42,0.38,0.2,0.0
6334,0.892987809975004,0.962896574955367,0.0871126791074318,0.012771498385662734,0.4713331910097728,0.855341102180771,0.36,0.38,0.26,0.0
6335,0.8853766319485209,0.9626718267528511,0.07966831622417604,0.011963001200075015,0.4713331910097728,0.8553337250624163,0.04,0.4,0.56,0.0
6336,0.8881273847957484,0.9625861613375303,0.0815416861737172,0.013332803909715847,0.4713331910097728,0.8553316002551676,0.14,0.44,0.42,0.0
6337,0.9133782908122711,0.9973323651933722,0.09011925757145188,0.014411575344454195,0.4039896880396413,0.8553265589623567,0.06,0.5,0.44,0.5
6338,0.8924588640921893,0.9629346018961071,0.08744924407258384,0.01164386841230432,0.4713331910097728,0.8553165363304769,0.32,0.34,0.34,0.0
6339,0.8885862844603241,0.9626370335991975,0.08205371075810569,0.013413528155143318,0.4713331910097728,0.8553130170789629,0.16,0.44,0.4,0.0
6340,0.8888997862190632,0.962688175343122,0.08235159266116056,0.013494252400570792,0.4713331910097728,0.8553126434702262,0.18,0.44,0.38,0.0
6341,0.8913441274821728,0.9628323184082581,0.08569333325465862,0.012448601403952852,0.4713331910097728,0.8553124749918177,0.28,0.38,0.34,0.0
6342,0.8931089192175848,0.9631229999363723,0.08624484695486753,0.014542412859814847,0.4713331910097728,0.8553076192344313,0.32,0.46,0.22,0.0
6343,0.8938905028978626,0.9630917998794816,0.08728456028363131,0.01422077060941802,0.4713331910097728,0.8553017449273896,0.36,0.44,0.2,0.0
6344,0.8916195869608029,0.962897772654288,0.08672549526754889,0.011482419921449386,0.4713331910097728,0.8553003482653337,0.28,0.34,0.38,0.0
6345,0.912509320168296,0.9965485311345578,0.0903568474337395,0.012322861735771995,0.4039896880396413,0.8552974814388609,0.02,0.42,0.56,0.5
6346,0.8919830861148821,0.9630600908005494,0.08521405343846297,0.01438096436895991,0.4713331910097728,0.8552901467702774,0.28,0.46,0.26,0.0
6347,0.8935761259987892,0.9630346995834254,0.08731243479149743,0.013737679868166236,0.4713331910097728,0.8552874420786564,0.36,0.42,0.22,0.0
6348,0.9129401933525767,0.9973236818761954,0.08986610208054328,0.014335977895941614,0.4039896880396413,0.8552819919508359,0.04,0.5,0.46,0.5
6349,0.8921771761034997,0.9628854363554021,0.08693307147650864,0.012126959153556114,0.4713331910097728,0.855276972883434,0.32,0.36,0.32,0.0
6350,0.8917166963644749,0.9629932592007605,0.08528535831492398,0.013897873627708137,0.4713331910097728,0.855276249015105,0.28,0.44,0.28,0.0
6351,0.8908430762310687,0.9628002200771767,0.08501701723976966,0.01285096789977717,0.4713331910097728,0.8552720151198102,0.26,0.4,0.34,0.0
6352,0.8850555343091256,0.9626697607222124,0.07961443858092046,0.011882276954647539,0.4713331910097728,0.8552687765168354,0.02,0.4,0.58,0.0
6353,0.8909221140892873,0.9628676505264261,0.08654626148398331,0.010837880689342638,0.4713331910097728,0.8552672118692631,0.24,0.32,0.44,0.0
6354,0.9122367638894051,0.9965189779136834,0.08985013529975094,0.012807241413686284,0.4039896880396413,0.8552606118530522,0.02,0.44,0.54,0.5
6355,0.8791748737162448,0.9884019926715797,0.07973192225549983,0.005155787499453454,0.4485350058444158,0.8552560846246713,0.78,0.0,0.22,0.25
6356,0.8561651494505441,0.9949677482137443,0.056279672217213424,0.015123896811507592,0.45615374113536183,0.8552541080731015,0.0,0.54,0.46,1.0
6357,0.8560357943469551,0.9949489443406855,0.055802475341177056,0.015609565426084347,0.45615374113536183,0.8552530371514678,0.0,0.56,0.44,1.0
6358,0.8914095586322495,0.9630334419995583,0.08479832551827621,0.014300240123532442,0.4713331910097728,0.855250189776187,0.26,0.46,0.28,0.0
6359,0.8855818526008934,0.9627365024945823,0.08059937772005316,0.011479910458823208,0.4713331910097728,0.8552329632070652,0.04,0.38,0.58,0.0
6360,0.8924345380896537,0.9628766931532793,0.08941628062851702,0.009148945191931115,0.4713331910097728,0.8552319700854683,0.42,0.22,0.36,0.0
6361,0.9123704263356778,0.9964971199083761,0.08969833821270937,0.013367218540113125,0.4039896880396413,0.8552292358417919,0.04,0.46,0.5,0.5
6362,0.8930278421021133,0.9630195486920754,0.08699316240581519,0.013656955622738767,0.4713331910097728,0.8552289516625399,0.34,0.42,0.24,0.0
6363,0.8911928601772526,0.9628754655118853,0.08659518124278004,0.011401695676021908,0.4713331910097728,0.8552227296874523,0.26,0.34,0.4,0.0
6364,0.8934941483453916,0.9629284038041912,0.08802999806356475,0.0128522226310902,0.4713331910097728,0.85521695086834,0.38,0.38,0.24,0.0
6365,0.8920525290606458,0.962894059787633,0.08635918679383815,0.013093140636059581,0.4713331910097728,0.8552132241060579,0.32,0.4,0.28,0.0
6366,0.8911807698890228,0.9628714532205002,0.08629793577515989,0.011884786417273708,0.4713331910097728,0.8552076495214377,0.26,0.36,0.38,0.0
6367,0.8915949592389836,0.9628556136522706,0.08670939588683799,0.01196551066270118,0.4713331910097728,0.8551946632495776,0.28,0.36,0.36,0.0
6368,0.8946942365661267,0.9629949060367768,0.08922369969443208,0.013094395367372617,0.4713331910097728,0.8551940886375613,0.44,0.38,0.18,0.0
6369,0.8855323334024371,0.9626160738680809,0.07989855175812396,0.012526816186754183,0.4713331910097728,0.8551928776359272,0.06,0.42,0.52,0.0
6370,0.890574995920092,0.9628874724435678,0.08444905058589933,0.013736425136853199,0.4713331910097728,0.8551914679690464,0.24,0.44,0.32,0.0
6371,0.8940769066795842,0.963058294252168,0.08814879971282565,0.013818404113593707,0.4713331910097728,0.855183746729246,0.38,0.42,0.2,0.0
6372,0.9119017415503718,0.9964785555751013,0.08941989812857926,0.013291621091600547,0.4039896880396413,0.8551813060716233,0.02,0.46,0.52,0.5
6373,0.892090305405767,0.9628879814656092,0.08688647152848443,0.012610049894807783,0.4713331910097728,0.855168121195179,0.32,0.38,0.3,0.0
6374,0.8928339193239748,0.9630635940698932,0.08675109998696746,0.014059322118563073,0.4713331910097728,0.8551667527868576,0.32,0.44,0.24,0.0
6375,0.8912816760803538,0.9628804659048803,0.08727362834845225,0.01091860493477011,0.4713331910097728,0.8551509842106104,0.26,0.32,0.42,0.0
6376,0.8934561246809086,0.9630833860445619,0.08740717553198331,0.01414004636399055,0.4713331910097728,0.8551509349540041,0.34,0.44,0.22,0.0
6377,0.8903674330492725,0.9627713255907089,0.0846560147112139,0.013253334395601415,0.4713331910097728,0.8551486780046755,0.24,0.42,0.34,0.0
6378,0.9131472181911943,0.9966225489278723,0.09047439099196387,0.013927195666539932,0.4039896880396413,0.8551451708268663,0.06,0.48,0.46,0.5
6379,0.8925838270144224,0.9629292122509628,0.0872227491774651,0.01317386488148705,0.4713331910097728,0.8551125700789336,0.34,0.4,0.26,0.0
6380,0.8924576226169533,0.9629718203900756,0.08687784380380845,0.013576231377311294,0.4713331910097728,0.8551001453358249,0.32,0.42,0.26,0.0
6381,0.9123549634988827,0.997314309882139,0.08993951329478787,0.014260380447429041,0.4039896880396413,0.8550989546863744,0.02,0.5,0.48,0.5
6382,0.8860282830233727,0.9627415927149963,0.08152243366567814,0.01156063470425068,0.4713331910097728,0.8550851733707423,0.06,0.38,0.56,0.0
6383,0.8913279901368502,0.9628996290876154,0.08588160740861507,0.013414782886456355,0.4713331910097728,0.8550701696559757,0.28,0.42,0.3,0.0
6384,0.8921588175593339,0.9630876678182043,0.08585574700495634,0.014864055110211672,0.4713331910097728,0.8550652309827809,0.28,0.48,0.24,0.0
6385,0.8791402253930825,0.988551495439387,0.08058714040188394,0.005023591543050639,0.4485350058444158,0.855047790938441,0.78,0.0,0.22,0.5
6386,0.8908268871287481,0.9628412712076923,0.08553064408078269,0.013334058641028884,0.4713331910097728,0.8550284965311616,0.26,0.42,0.32,0.0
6387,0.8911564910505945,0.9629485850310092,0.08560148300455112,0.013817149382280663,0.4713331910097728,0.8550264168401581,0.26,0.44,0.3,0.0
6388,0.8925042588267632,0.9628977127693419,0.08779607433735258,0.012690774140235263,0.4713331910097728,0.8550151661756457,0.34,0.38,0.28,0.0
6389,0.8916022600679623,0.9630704209537426,0.0856693757524595,0.014783330864784198,0.4713331910097728,0.8549655969311338,0.26,0.48,0.26,0.0
6390,0.8909727891576227,0.9628090830491918,0.08656828039634837,0.01236787715852538,0.4713331910097728,0.8549612766592071,0.26,0.38,0.36,0.0
6391,0.8790762875318222,0.9885469441834874,0.08092181518639321,0.004947994094538064,0.4485350058444158,0.8549464796509959,0.76,0.0,0.24,0.5
6392,0.9126112460416848,0.9965648198398827,0.09069464954871799,0.013851598218027356,0.4039896880396413,0.8549272861230088,0.04,0.48,0.48,0.5
6393,0.9116781553761734,0.9964303781360062,0.08973784992982879,0.01377600076951478,0.4039896880396413,0.8549183861705356,0.02,0.48,0.5,0.5
6394,0.8904405393279734,0.962093248346614,0.07406955167346027,0.005851798442535491,0.438893593265144,0.8547378733756146,0.8,0.02,0.18,0.0
6395,0.8902372267473143,0.9620824989987986,0.07583456537505207,0.00569034995168055,0.438893593265144,0.854198281594538,0.76,0.02,0.22,0.0
6396,0.8903855663674282,0.9620878886439428,0.07654459871005236,0.0057710741971080245,0.438893593265144,0.8540225747640042,0.78,0.02,0.2,0.0
6397,0.8676738384859729,0.9560585525059978,0.07746162505480413,0.005038282331695467,0.4910576463608645,0.8540112244443289,0.0,0.12,0.88,0.0
6398,0.8568594050947643,0.9949842165739073,0.05037656502000076,0.006867530363702902,0.42371414339073304,0.8539534653441095,0.0,0.2,0.8,1.0
6399,0.8508068397387418,0.9556562903521609,0.06642658838929785,0.0029469803384596233,0.5006990589401363,0.8539392963172927,0.2,0.0,0.8,0.0
6400,0.8676594291091274,0.9560773863215297,0.07784840499543608,0.005521373072947218,0.4910576463608645,0.8538015074549017,0.0,0.14,0.86,0.0
6401,0.8568546275598707,0.9949816115787543,0.05143849020753798,0.006381861749126189,0.42371414339073304,0.8537423682169131,0.0,0.18,0.82,1.0
6402,0.8509273272431951,0.9556687913346483,0.06748094703380685,0.0030277045838870945,0.5006990589401363,0.8536569492693661,0.22,0.0,0.78,0.0
6403,0.8902891466760389,0.9620953143772527,0.07769176631227434,0.006092716447504851,0.438893593265144,0.8535994316643457,0.74,0.04,0.22,0.0
6404,0.8676717236382545,0.9560829855639852,0.07848111914196411,0.006004463814198955,0.4910576463608645,0.8535268548394586,0.0,0.16,0.84,0.0
6405,0.8718709348586339,0.9978997750571714,0.0536194699559129,0.014442068135351845,0.4039896880396413,0.8534849776149436,0.22,0.48,0.3,1.0
6406,0.857045097831629,0.994996403160428,0.05165488776903048,0.007838867592856402,0.42371414339073304,0.8534478877291802,0.0,0.24,0.76,1.0
6407,0.8722043520523517,0.997913219227559,0.05411268876236149,0.014512538786949523,0.4039896880396413,0.8534306124030703,0.24,0.48,0.28,1.0
6408,0.8569534646925039,0.9949912231125949,0.052255261511107494,0.0073531989782796466,0.42371414339073304,0.8533435232591082,0.0,0.22,0.78,1.0
6409,0.8893125764079535,0.9629460249495656,0.0806870259389283,0.015345891120150343,0.45615374113536183,0.853308205173861,0.16,0.52,0.32,0.0
6410,0.871540191560775,0.9978855224400122,0.05395391158709875,0.014371597483754163,0.4039896880396413,0.8533012114067758,0.2,0.48,0.32,1.0
6411,0.872858136651769,0.9979104944625139,0.054898184488437654,0.015139148704721628,0.4039896880396413,0.8532743709268543,0.28,0.5,0.22,1.0
6412,0.8898476943491935,0.9629681973508397,0.08139096251907464,0.015426615365577809,0.45615374113536183,0.853252808404683,0.18,0.52,0.3,0.0
6413,0.89032607850643,0.9629932891432336,0.08192284083280682,0.01550733961100527,0.45615374113536183,0.853230474930512,0.2,0.52,0.28,0.0
6414,0.871151736962006,0.9978612690368629,0.053577443045776246,0.014786795446733223,0.4039896880396413,0.8532066232836003,0.18,0.5,0.32,1.0
6415,0.8725062551972612,0.9979042065431789,0.05489375065399081,0.015068678053123945,0.4039896880396413,0.853183236767115,0.26,0.5,0.24,1.0
6416,0.8715040353665329,0.9978738748180059,0.05407902366588895,0.014857266098330903,0.4039896880396413,0.8531553839671617,0.2,0.5,0.3,1.0
6417,0.8888965115884097,0.9629273258751624,0.080851126261083,0.015265166874722864,0.45615374113536183,0.8531493763717266,0.14,0.52,0.34,0.0
6418,0.8711298283337007,0.9978648920760987,0.0541073686868595,0.014301126832156482,0.4039896880396413,0.8531448236550232,0.18,0.48,0.34,1.0
6419,0.8721630608241855,0.9978949543190145,0.05472279719721381,0.014998207401526268,0.4039896880396413,0.8531423114927501,0.24,0.5,0.26,1.0
6420,0.8510572050837674,0.9556840919383635,0.06940633619354675,0.003108428829314565,0.5006990589401363,0.8531265129845018,0.24,0.0,0.76,0.0
6421,0.8693424714968205,0.9977353309953252,0.05330018369308444,0.012977436345014578,0.4039896880396413,0.8530868248967914,0.08,0.44,0.48,1.0
6422,0.8906502102269535,0.9630137997372548,0.08272715838258161,0.01558806385643274,0.45615374113536183,0.8530825691986147,0.22,0.52,0.26,0.0
6423,0.8707750749095028,0.997851268250873,0.05376945070951323,0.01471632479513554,0.4039896880396413,0.8530508169794132,0.16,0.5,0.34,1.0
6424,0.8711825103648296,0.9978652813282481,0.05496888975868034,0.013815458217579749,0.4039896880396413,0.8530092379395122,0.18,0.46,0.36,1.0
6425,0.8687937632702398,0.9977301808899651,0.05304550222663383,0.0129069656934169,0.4039896880396413,0.8530090195810637,0.06,0.44,0.5,1.0
6426,0.8698226874018139,0.9977441340823942,0.054025497366916725,0.013047906996612254,0.4039896880396413,0.8530088347129648,0.1,0.44,0.46,1.0
6427,0.868559400297019,0.9977406607555235,0.053216687349725095,0.012350826427242435,0.4039896880396413,0.8530021169365346,0.04,0.42,0.54,1.0
6428,0.8718151764542174,0.9978852529577549,0.05494420233083593,0.014927736749928583,0.4039896880396413,0.8529867010902294,0.22,0.5,0.28,1.0
6429,0.8977426754770609,0.9937444185358879,0.08163151803782547,0.012247264287259422,0.4039896880396413,0.8529795885213141,0.0,0.42,0.58,0.5
6430,0.8684379789999594,0.9977244319351446,0.05303886390062337,0.012836495041819216,0.4039896880396413,0.852917431503079,0.04,0.44,0.52,1.0
6431,0.8975278564479326,0.993704115967198,0.08129698986773991,0.012731643965173707,0.4039896880396413,0.8529087459180933,0.0,0.44,0.56,0.5
6432,0.868460320049742,0.9977382653576815,0.05349516300439332,0.012280355775644755,0.4039896880396413,0.8529057765937951,0.02,0.42,0.56,1.0
6433,0.8971699953174108,0.9936755209054604,0.08060805132008887,0.013216023643087972,0.4039896880396413,0.8528990080293278,0.0,0.46,0.54,0.5
6434,0.8683255804651872,0.9977235336609539,0.05318397951847133,0.012766024390221538,0.4039896880396413,0.8528557998153934,0.02,0.44,0.54,1.0
6435,0.8708058075720365,0.9978531845691465,0.05482105725278712,0.014230656180558798,0.4039896880396413,0.8528540284398403,0.16,0.48,0.36,1.0
6436,0.8921007990983697,0.9630698520467552,0.08489592663280215,0.015830236592715156,0.45615374113536183,0.852851944919322,0.28,0.52,0.2,0.0
6437,0.8704572043327151,0.997838632527257,0.054183656854043874,0.014645854143537857,0.4039896880396413,0.85284813994803,0.14,0.5,0.36,1.0
6438,0.8674026476863504,0.9561802986013123,0.07992418583480823,0.01663246012173766,0.5037727887544016,0.8528260200747215,0.0,0.6,0.4,0.0
6439,0.8882383841768949,0.9629094502187672,0.08139800288077302,0.015184442629295398,0.45615374113536183,0.8528076064114574,0.12,0.52,0.36,0.0
6440,0.8681392650386172,0.9976949984841623,0.05283248889627273,0.013251693004798297,0.4039896880396413,0.8527999099435012,0.02,0.46,0.52,1.0
6441,0.8511980895276239,0.9557009794931488,0.07079842762830167,0.0031891530747420356,0.5006990589401363,0.8527534939199142,0.26,0.0,0.74,0.0
6442,0.8682970564156302,0.9977000288196303,0.05312030212355771,0.013322163656395979,0.4039896880396413,0.8527508624334645,0.04,0.46,0.5,1.0
6443,0.8687104214083338,0.9977050741263348,0.0536615657705158,0.013392634307993657,0.4039896880396413,0.8527053589211058,0.06,0.46,0.48,1.0
6444,0.8693458476967562,0.9977184434405398,0.054381563266664296,0.013463104959591342,0.4039896880396413,0.8526761507110144,0.08,0.46,0.46,1.0
6445,0.8708190591394606,0.9978366263815645,0.055810651066275405,0.013744987565982062,0.4039896880396413,0.8526671174874025,0.16,0.46,0.38,1.0
6446,0.8969307639898031,0.9936236904846564,0.08083614773339563,0.013700403321002199,0.4039896880396413,0.8526567734194775,0.0,0.48,0.52,0.5
6447,0.8911054673376413,0.9630356577425621,0.08473930549436479,0.015668788101860218,0.45615374113536183,0.8526256972515898,0.24,0.52,0.24,0.0
6448,0.8701121382532947,0.9978283023740638,0.054772659606024905,0.01457538349194018,0.4039896880396413,0.8525872144616738,0.12,0.5,0.38,1.0
6449,0.8697518158340655,0.9977339835840392,0.055073672220483844,0.013533575611189019,0.4039896880396413,0.8525864776123265,0.1,0.46,0.44,1.0
6450,0.8882245923303441,0.9628941795575251,0.08183658186213462,0.015667533370547177,0.45615374113536183,0.8525780129657659,0.12,0.54,0.34,0.0
6451,0.8680191681874854,0.9976697869218764,0.05313146922107663,0.013737361619375022,0.4039896880396413,0.8525766979445198,0.02,0.48,0.5,1.0
6452,0.8875829199871241,0.962896545012894,0.0817689700913142,0.015103718383867924,0.45615374113536183,0.8525181377117347,0.1,0.52,0.38,0.0
6453,0.870443917989854,0.9978063844838104,0.05602940891182496,0.013674516914384378,0.4039896880396413,0.852501012816391,0.14,0.46,0.4,1.0
6454,0.8915916003703408,0.9630533537441192,0.08570792783250086,0.015749512347287685,0.45615374113536183,0.8524785613838033,0.26,0.52,0.22,0.0
6455,0.8704902695758571,0.9978406686154226,0.055888264838064534,0.01416018552896112,0.4039896880396413,0.8524636527600715,0.14,0.48,0.38,1.0
6456,0.8700981271072264,0.9977569794033214,0.055920553135231796,0.013604046262786698,0.4039896880396413,0.8524353680576616,0.12,0.46,0.42,1.0
6457,0.8675017521203203,0.9562064683227349,0.08181102460443755,0.016149369380485855,0.5037727887544016,0.852411868424196,0.0,0.58,0.42,0.0
6458,0.8513282172098158,0.9556983146130497,0.07209679203914932,0.0032698773201695073,0.5006990589401363,0.852401358864112,0.28,0.0,0.72,0.0
6459,0.8697131345760704,0.9977978808214717,0.05545871608217449,0.014019244225765752,0.4039896880396413,0.8523762239236705,0.1,0.48,0.42,1.0
6460,0.8693740550993095,0.997775513794123,0.05517209954602476,0.013948773574168074,0.4039896880396413,0.8523679392079274,0.08,0.48,0.44,1.0
6461,0.8701785399690217,0.9978203077337665,0.05597964872066187,0.014089714877363433,0.4039896880396413,0.8523548060612439,0.12,0.48,0.4,1.0
6462,0.8675851530699061,0.956229284487179,0.08255617541993436,0.015666278639234116,0.5037727887544016,0.8523219242047424,0.0,0.56,0.44,0.0
6463,0.8515302649094391,0.9557170885436356,0.0726525073403326,0.0033506015655969767,0.5006990589401363,0.8522882988726688,0.3,0.0,0.7,0.0
6464,0.869676275868432,0.9978196040856504,0.0554518343972623,0.014504912840342495,0.4039896880396413,0.8522732767126295,0.1,0.5,0.4,1.0
6465,0.8974398102057041,0.9943023366357386,0.08272729630697792,0.014184782998916462,0.4039896880396413,0.8522687381375891,0.0,0.5,0.5,0.5
6466,0.8565418725614448,0.9560326822093054,0.07713312213115985,0.004803637983291444,0.5006990589401363,0.85225568078681,0.66,0.0,0.34,0.0
6467,0.8867059419568644,0.9628868137091613,0.08183937318963119,0.015022994138440462,0.45615374113536183,0.8522494154160213,0.08,0.52,0.4,0.0
6468,0.8867236806362603,0.9628680996635215,0.08152874465309834,0.015506084879692236,0.45615374113536183,0.8522449402145867,0.08,0.54,0.38,0.0
6469,0.8562509724432025,0.9560252265335225,0.07695094797847543,0.004722913737863975,0.5006990589401363,0.8522360015983866,0.64,0.0,0.36,0.0
6470,0.8572884685660725,0.9560584626785787,0.07784767836216883,0.005126534965001325,0.5006990589401363,0.8522127699160648,0.74,0.0,0.26,0.0
6471,0.8658833171284083,0.9560603490543793,0.07883674994057421,0.01904791382799635,0.5037727887544016,0.8521829054084266,0.0,0.7,0.3,0.0
6472,0.8668974157970999,0.9561338578256524,0.08096137441219603,0.01759864160424106,0.5037727887544016,0.8521749787316839,0.0,0.64,0.36,0.0
6473,0.8692339066206228,0.9978080013773537,0.05541862441826932,0.01443444218874482,0.4039896880396413,0.8521625020367621,0.08,0.5,0.42,1.0
6474,0.8683709714465077,0.997684488676131,0.054946787542224707,0.013807832270972705,0.4039896880396413,0.8521465599071342,0.04,0.48,0.48,1.0
6475,0.8874094579525821,0.9628823522806808,0.08254184575094972,0.015586809125119701,0.45615374113536183,0.8521443472670137,0.1,0.54,0.36,0.0
6476,0.8558946905517802,0.9560157347695739,0.07698827133867285,0.0046421894924365045,0.5006990589401363,0.8521330688701199,0.62,0.0,0.38,0.0
6477,0.8959193403993583,0.9952622024934594,0.08351326548861171,0.01222857470565325,0.4039896880396413,0.8521210359648692,0.0,0.42,0.58,0.75
6478,0.8671502510635941,0.9561562547954742,0.08178575771879412,0.017115550862989385,0.5037727887544016,0.8521129402637115,0.0,0.62,0.38,0.0
6479,0.8568179975919531,0.9560395689781008,0.07789769579060987,0.004884362228718917,0.5006990589401363,0.8521027971368198,0.68,0.0,0.32,0.0
6480,0.8974996979001776,0.9934297830293548,0.0832706976293904,0.01371715949761463,0.4039896880396413,0.8520925536266226,0.0,0.48,0.52,0.25
6481,0.8665641132689645,0.9561082570112172,0.08055644122338704,0.018081732345492946,0.5037727887544016,0.8520913687235048,0.0,0.66,0.34,0.0
6482,0.8687309669958021,0.9977129939104495,0.05550240465131639,0.013878302922570387,0.4039896880396413,0.8520844230171668,0.06,0.48,0.46,1.0
6483,0.8572061452247077,0.9560541210199903,0.07840084356135292,0.005045810719573855,0.5006990589401363,0.8520439567760214,0.72,0.0,0.28,0.0
6484,0.886194648257803,0.9628783998742416,0.0820784212092621,0.01494226989301299,0.45615374113536183,0.8520419354016593,0.06,0.52,0.42,0.0
6485,0.8859153139441948,0.9628723215522178,0.08204097851434324,0.014861545647585522,0.45615374113536183,0.8519841718864141,0.04,0.52,0.44,0.0
6486,0.8685094953676964,0.9977807537269022,0.05540663920044637,0.014293500885549457,0.4039896880396413,0.8519727379768189,0.04,0.5,0.46,1.0
6487,0.8956619408017515,0.9952456443058774,0.08342830397222865,0.012713598851898782,0.4039896880396413,0.8519688422398712,0.0,0.44,0.56,0.75
6488,0.8570605887551755,0.9560472342511949,0.0785885294291886,0.004965086474146387,0.5006990589401363,0.8519612469747737,0.7,0.0,0.3,0.0
6489,0.8517371895336412,0.9557415515440959,0.07402135474846293,0.0034313258110244466,0.5006990589401363,0.8519429349874243,0.32,0.0,0.68,0.0
6490,0.8555084660183067,0.9560080245827703,0.07732614468129177,0.004561465247009035,0.5006990589401363,0.8519347001919737,0.6,0.0,0.4,0.0
6491,0.8661664981375322,0.9560850515946239,0.08036785571723204,0.018564823086744675,0.5037727887544016,0.8519263994982385,0.0,0.68,0.32,0.0
6492,0.8682856293662785,0.9977718608124142,0.05538018926856326,0.01422303023395178,0.4039896880396413,0.8519259702066518,0.02,0.5,0.48,1.0
6493,0.8522072571502182,0.9557882917444859,0.07450873811213858,0.003592774301879386,0.5006990589401363,0.8519180474919276,0.36,0.0,0.64,0.0
6494,0.8687164147216233,0.9977867122790339,0.05577488788506391,0.014363971537147144,0.4039896880396413,0.8519153593252748,0.06,0.5,0.44,1.0
6495,0.8953009990198476,0.9952153724656504,0.08289281137012722,0.013198622998144295,0.4039896880396413,0.8519135246043138,0.0,0.46,0.54,0.75
6496,0.885489326832278,0.9628580988775315,0.08196706712877273,0.014780821402158044,0.45615374113536183,0.8518917135186072,0.02,0.52,0.46,0.0
6497,0.8975795134904132,0.9934951175054926,0.08449936548047635,0.013233424288031653,0.4039896880396413,0.8518685269138981,0.0,0.46,0.54,0.25
6498,0.8526461465640116,0.9558191923766464,0.07514728101352817,0.0037542227927343276,0.5006990589401363,0.8518378151772728,0.4,0.0,0.6,0.0
6499,0.8519576118266413,0.9557651462128386,0.07463355147202125,0.0035120500564519183,0.5006990589401363,0.851819813391125,0.34,0.0,0.66,0.0
6500,0.8523814896690769,0.9557935316772651,0.07501326145987866,0.0036734985473068594,0.5006990589401363,0.8518093837220572,0.38,0.0,0.62,0.0
6501,0.865268943518541,0.9559944456712541,0.07891797708208907,0.020014095310499958,0.5037727887544016,0.8517720343226469,0.0,0.74,0.26,0.0
6502,0.8862714623170865,0.9628596558861288,0.08283187432808378,0.015425360634264767,0.45615374113536183,0.8517481492573636,0.06,0.54,0.4,0.0
6503,0.886032850691284,0.9628551345727022,0.08264063241737757,0.015344636388837285,0.45615374113536183,0.8517472131729317,0.04,0.54,0.42,0.0
6504,0.8656075009806381,0.9560202261405275,0.079751244866262,0.01953100456924825,0.5037727887544016,0.8517336565199255,0.0,0.72,0.28,0.0
6505,0.8551062750797386,0.955998218422855,0.07773680571889156,0.004480741001581562,0.5006990589401363,0.8517102251070152,0.58,0.0,0.42,0.0
6506,0.8971932577592,0.993513262644145,0.08505086488626953,0.012749689078448631,0.4039896880396413,0.8516929899156905,0.0,0.44,0.56,0.25
6507,0.8949338146604272,0.9951863582092904,0.08309175047804877,0.013683647144389771,0.4039896880396413,0.851644610635897,0.0,0.48,0.52,0.75
6508,0.8856159776437078,0.9628477687243384,0.08274582570845855,0.01526391214340981,0.45615374113536183,0.8516068388626143,0.02,0.54,0.44,0.0
6509,0.896778668762126,0.9931983576553547,0.08513263950061553,0.012265953868865594,0.4039896880396413,0.8515945293440489,0.0,0.42,0.58,0.25
6510,0.854721582023697,0.9559826183944098,0.07784922370001429,0.004400016756154095,0.5006990589401363,0.851576185062247,0.56,0.0,0.44,0.0
6511,0.854065298496783,0.9559533945407386,0.07735363236436583,0.004238568265299151,0.5006990589401363,0.8515502035567426,0.52,0.0,0.48,0.0
6512,0.8543521312979375,0.9559680064675742,0.07765404417020925,0.004319292510726623,0.5006990589401363,0.8515356198125259,0.54,0.0,0.46,0.0
6513,0.8977056721422976,0.9934293039497865,0.08513945653927173,0.014200894707197646,0.4039896880396413,0.8515183171530261,0.0,0.5,0.5,0.25
6514,0.853132477713854,0.9558680884350941,0.07667374549154843,0.003915671283589269,0.5006990589401363,0.851518314686315,0.44,0.0,0.56,0.0
6515,0.852874106323647,0.9558447333061356,0.07657049985611018,0.0038349470381618,0.5006990589401363,0.8514832352422427,0.42,0.0,0.58,0.0
6516,0.8535918216821949,0.9559132267131774,0.07733605743440672,0.004077119774444211,0.5006990589401363,0.8514394960892623,0.48,0.0,0.52,0.0
6517,0.8533968020846886,0.95589201247104,0.07734364756688222,0.003996395529016741,0.5006990589401363,0.8513917628734788,0.46,0.0,0.54,0.0
6518,0.8538202552637754,0.9559342613004764,0.07799406943375997,0.0041578440198716815,0.5006990589401363,0.8513051743730833,0.5,0.0,0.5,0.0
6519,0.8905951986526267,0.9627801286777778,0.07829027481712614,0.007214072764297991,0.42371414339073304,0.8511200876075047,0.18,0.18,0.64,0.0
6520,0.8949651916671435,0.9952041140957935,0.08503330366206409,0.014168671290635279,0.4039896880396413,0.8509994684615982,0.0,0.5,0.5,0.75
6521,0.8901424024416013,0.9627851440420093,0.07800734858928729,0.00761643926012223,0.42371414339073304,0.850986163002835,0.16,0.2,0.64,0.0
6522,0.8907773989494895,0.9627887820524816,0.0791629740721019,0.007294797009725464,0.42371414339073304,0.8509080930762153,0.2,0.18,0.62,0.0
6523,0.889420857654415,0.9627660557154567,0.07780457836698408,0.007454990769267292,0.42371414339073304,0.8508576331346986,0.12,0.2,0.68,0.0
6524,0.889002244728862,0.9627536595316248,0.07761720407868711,0.007374266523839821,0.42371414339073304,0.8508003994698465,0.1,0.2,0.7,0.0
6525,0.8897860975913006,0.9627796196557364,0.07835540297877078,0.007535715014694765,0.42371414339073304,0.8507941604705559,0.14,0.2,0.66,0.0
6526,0.8902107716140943,0.9627663551401869,0.07952359096409657,0.007133348518870521,0.42371414339073304,0.8506629784965752,0.16,0.18,0.66,0.0
6527,0.8909675843584576,0.9627950999142897,0.08023669470006858,0.007375521255152931,0.42371414339073304,0.8506401412440379,0.22,0.18,0.6,0.0
6528,0.888563421867312,0.9627444073074606,0.07786190087863457,0.007293542278412356,0.42371414339073304,0.8506129050548813,0.08,0.2,0.72,0.0
6529,0.8899408989607915,0.962751353961202,0.07955996068703995,0.007052624273443049,0.42371414339073304,0.8505854172890365,0.14,0.18,0.68,0.0
6530,0.8895526281172556,0.962748748966049,0.07934953692268845,0.006971900028015581,0.42371414339073304,0.8505454056000511,0.12,0.18,0.7,0.0
6531,0.8880447615612103,0.9627342568091055,0.07789698399485835,0.007212818032984886,0.42371414339073304,0.850461806389824,0.06,0.2,0.74,0.0
6532,0.8940633459033943,0.9629867916265874,0.0788257211179766,0.01188855061121289,0.41916913791405225,0.8504203876895914,0.62,0.3,0.08,0.0
6533,0.88911551139489,0.9627370714015697,0.07952234104976336,0.006891175782588104,0.42371414339073304,0.8503788030663199,0.1,0.18,0.72,0.0
6534,0.8678463525811603,0.9561596382949259,0.0774785360418325,0.008903008261709517,0.4713331910097728,0.8503416485731333,0.0,0.28,0.72,0.0
6535,0.8886253125665862,0.9627278790623515,0.07926355135260164,0.006810451537160636,0.42371414339073304,0.8503211803385772,0.08,0.18,0.74,0.0
6536,0.8918895144234511,0.962344465695283,0.07803993217990922,0.009795993886663926,0.41916913791405225,0.8503171314616496,0.7,0.2,0.1,0.0
6537,0.8884909743763788,0.9627607858402045,0.07849766103144541,0.0077766330196641165,0.42371414339073304,0.8503135678353315,0.08,0.22,0.7,0.0
6538,0.8888659727264191,0.9627714154181279,0.07890634635506011,0.007857357265091585,0.42371414339073304,0.850293595270014,0.1,0.22,0.68,0.0
6539,0.8677923492996368,0.9561905389270864,0.07734727571196984,0.009386099002961291,0.4713331910097728,0.8502713382606416,0.0,0.3,0.7,0.0
6540,0.8873083489640684,0.962700691296846,0.07819114669372373,0.006649003046305697,0.42371414339073304,0.8502637333678049,0.04,0.18,0.78,0.0
6541,0.8880218872904208,0.9627534199918407,0.07833309370024397,0.007695908774236645,0.42371414339073304,0.8502353657758984,0.06,0.22,0.72,0.0
6542,0.888139047743107,0.9627143151220717,0.07912697449808928,0.006729727291733168,0.42371414339073304,0.8502288188997181,0.06,0.18,0.76,0.0
6543,0.8871340266057473,0.9627324303182511,0.07790936339381244,0.007132093787557416,0.42371414339073304,0.8502008848391465,0.04,0.2,0.76,0.0
6544,0.8678751657136339,0.9561516436546286,0.07862877798361326,0.008419917520457745,0.4713331910097728,0.8501138217960352,0.0,0.26,0.74,0.0
6545,0.8918101206256365,0.9623380879485289,0.0788834087787935,0.00963454539580898,0.41916913791405225,0.8500812704571998,0.66,0.2,0.14,0.0
6546,0.8929473105046638,0.962854835147972,0.07923585875517072,0.011486184115388572,0.41916913791405225,0.8500279161902924,0.64,0.28,0.08,0.0
6547,0.8918328499477888,0.9623475797124774,0.07913711243209638,0.009715269641236457,0.41916913791405225,0.8500001647688572,0.68,0.2,0.12,0.0
6548,0.891239596761091,0.962805609722321,0.08315021564753441,0.007456245500580402,0.42371414339073304,0.8498665121424601,0.24,0.18,0.58,0.0
6549,0.8857948375118881,0.9626848816710895,0.07826067250727184,0.006568278800878227,0.42371414339073304,0.8498033924280889,0.02,0.18,0.8,0.0
6550,0.8858802643048577,0.9627175489091583,0.07844448450880509,0.007051369542129948,0.42371414339073304,0.8496842654708262,0.02,0.2,0.78,0.0
6551,0.8918878873234528,0.9624315982917819,0.07965789312518792,0.011083817619564243,0.41916913791405225,0.8496053036281238,0.66,0.26,0.08,0.0
6552,0.8918532256772558,0.9624087821273378,0.07998412458427732,0.010600726878312552,0.41916913791405225,0.8495939703562063,0.66,0.24,0.1,0.0
6553,0.867456590576199,0.9561907784668705,0.07868227622939335,0.010352280485464797,0.4713331910097728,0.8495922105528629,0.0,0.34,0.66,0.0
6554,0.8868458541574068,0.9627459942585308,0.07959475873188147,0.007615184528809174,0.42371414339073304,0.849533547248202,0.04,0.22,0.74,0.0
6555,0.8860282143616008,0.9627558153896826,0.0784847032496624,0.008017551024633474,0.42371414339073304,0.84952954948783,0.02,0.24,0.74,0.0
6556,0.86770940269407,0.9561958986297576,0.07956609449606442,0.00986918974421299,0.4713331910097728,0.849510424314833,0.0,0.32,0.68,0.0
6557,0.8920830057251271,0.9626741922082199,0.08038490035420749,0.011003093374136772,0.41916913791405225,0.8495066031403777,0.64,0.26,0.1,0.0
6558,0.86745539158142,0.9561763162524001,0.078673863241729,0.010835371226716588,0.4713331910097728,0.8494954908491249,0.0,0.36,0.64,0.0
6559,0.8859984049433517,0.9627401554762912,0.07920275802730294,0.007534460283381703,0.42371414339073304,0.8494076890102391,0.02,0.22,0.76,0.0
6560,0.8917812894693844,0.9623668027801586,0.08084247904239567,0.010198360382488234,0.41916913791405225,0.8493988971469224,0.68,0.22,0.1,0.0
6561,0.8673130594312779,0.9561541288798895,0.07868845479628862,0.011318461967968265,0.4713331910097728,0.8493486347172748,0.0,0.38,0.62,0.0
6562,0.8671800663325618,0.9561141257359298,0.07831823897049778,0.011801552709220066,0.4713331910097728,0.8493129398750012,0.0,0.4,0.6,0.0
6563,0.8917913231232678,0.9623550952732064,0.08129106921861559,0.010117636137060761,0.41916913791405225,0.8492868602016054,0.66,0.22,0.12,0.0
6564,0.8563771873581034,0.9949427761912426,0.05337227132740369,0.012209885124047077,0.4039896880396413,0.848911066584249,0.0,0.42,0.58,1.0
6565,0.8562229882849601,0.9949289427687056,0.05329351846752399,0.012695553738623857,0.4039896880396413,0.848788321398091,0.0,0.44,0.56,1.0
6566,0.8560141556337592,0.994900407591914,0.05275029899951997,0.013181222353200616,0.4039896880396413,0.8487809976098174,0.0,0.46,0.54,1.0
6567,0.8558446112705729,0.9948749864323169,0.052957088810713225,0.013666890967777337,0.4039896880396413,0.8485695204769836,0.0,0.48,0.52,1.0
6568,0.8560111887755372,0.9949013058661047,0.054891267000086966,0.014152559582354094,0.4039896880396413,0.8479682220642246,0.0,0.5,0.5,1.0
6569,0.8898386526125922,0.9629813720389702,0.0803978486920325,0.014943524624326066,0.4039896880396413,0.8458106343494768,0.18,0.5,0.32,0.0
6570,0.8577193520080441,0.956103017078438,0.07307412774698398,0.0056916046829936185,0.4485350058444158,0.8457884517606704,0.88,0.0,0.12,0.0
6571,0.8906077845495636,0.9630163448474618,0.08157299492602738,0.014621882373929262,0.4039896880396413,0.8457718727731005,0.22,0.48,0.3,0.0
6572,0.8895567688275189,0.962947087907358,0.08061336068820477,0.014460433883074313,0.4039896880396413,0.8457553611248374,0.18,0.48,0.34,0.0
6573,0.8901766925885576,0.9629794856631696,0.08131644430024781,0.014541158128501779,0.4039896880396413,0.8457271860193503,0.2,0.48,0.32,0.0
6574,0.8577797375351514,0.9561009809902724,0.07355492419335373,0.005610880437566149,0.4485350058444158,0.8456836783248923,0.86,0.0,0.14,0.0
6575,0.8903187581021479,0.9630032899292235,0.08137506025385323,0.01502424886975353,0.4039896880396413,0.8456598451759684,0.2,0.5,0.3,0.0
6576,0.8927115175113192,0.9630965008477462,0.08387385702282925,0.015427870096890891,0.4039896880396413,0.8455899300497125,0.3,0.5,0.2,0.0
6577,0.8893021197549752,0.9629613704669903,0.0807503220120267,0.014862800378898592,0.4039896880396413,0.8455611168033199,0.16,0.5,0.34,0.0
6578,0.8577514952116837,0.9560927168677179,0.07415276338785991,0.0055301561921386804,0.4485350058444158,0.8455176109303217,0.84,0.0,0.16,0.0
6579,0.8576170104402513,0.9560812189580767,0.07413706035974944,0.005368707701283736,0.4485350058444158,0.8455123614467732,0.8,0.0,0.2,0.0
6580,0.8932076103519494,0.9631072202530887,0.08470669439640646,0.015508594342318351,0.4039896880396413,0.845483914893872,0.32,0.5,0.18,0.0
6581,0.88923743078237,0.9628396094004394,0.08155960420210327,0.013977343141822564,0.4039896880396413,0.8454670279185104,0.18,0.46,0.36,0.0
6582,0.8890597587203575,0.9629155884257371,0.08116030009908873,0.014379709637646839,0.4039896880396413,0.8454598646643816,0.16,0.48,0.36,0.0
6583,0.8670801243244558,0.9562082948135894,0.0817790385196425,0.014700097156730579,0.45615374113536183,0.8454418805941422,0.0,0.52,0.48,0.0
6584,0.8576969543000418,0.9560875667623578,0.0744591648625748,0.005449431946711205,0.4485350058444158,0.8454282122124922,0.82,0.0,0.18,0.0
6585,0.8907371955812506,0.9630277828721568,0.08287521100594103,0.015104973115181006,0.4039896880396413,0.8453400535019291,0.22,0.5,0.28,0.0
6586,0.8870305899929566,0.9625573267360085,0.08040625643569205,0.013171355418860902,0.4039896880396413,0.8452566166472183,0.1,0.44,0.46,0.0
6587,0.8888048443920923,0.9629416982622138,0.08137362726821742,0.014782076133471116,0.4039896880396413,0.8452452803324109,0.14,0.5,0.36,0.0
6588,0.8675845477905048,0.9562462918118565,0.08274232743409392,0.015183187897982345,0.45615374113536183,0.8452243426074821,0.0,0.54,0.46,0.0
6589,0.8910943714516402,0.9630490719704767,0.08420897269538698,0.014702606619356727,0.4039896880396413,0.8451460306519405,0.24,0.48,0.28,0.0
6590,0.8862202050081539,0.9625161558356009,0.07975687652668219,0.01357372191468521,0.4039896880396413,0.8451142236524279,0.08,0.46,0.46,0.0
6591,0.8881915464270076,0.962916846009604,0.08131756640938678,0.014701351888043654,0.4039896880396413,0.845089883698684,0.12,0.5,0.38,0.0
6592,0.8869431702469789,0.9625540630064489,0.08062890351748853,0.013654446160112675,0.4039896880396413,0.8450690406475855,0.1,0.46,0.44,0.0
6593,0.8859867985852994,0.9625410829443931,0.08011087998480754,0.013090631173433436,0.4039896880396413,0.8450424151334417,0.08,0.44,0.48,0.0
6594,0.8886924262306063,0.9627774937401518,0.08251372735882205,0.01389661889639509,0.4039896880396413,0.8450350523037045,0.16,0.46,0.38,0.0
6595,0.857493564389751,0.9560745118441195,0.07578578317730067,0.005287983455856269,0.4485350058444158,0.8450147455670787,0.78,0.0,0.22,0.0
6596,0.857365324093114,0.9560665471462951,0.07584031809737715,0.0052072592104288,0.4485350058444158,0.8449754881707495,0.76,0.0,0.24,0.0
6597,0.8911999563279586,0.963048143753813,0.08464202140206013,0.015185697360608477,0.4039896880396413,0.84495599728977,0.24,0.5,0.26,0.0
6598,0.8853573350009911,0.9625474756623836,0.07991198238097115,0.013009906928005974,0.4039896880396413,0.8449280695322732,0.06,0.44,0.5,0.0
6599,0.8884919536236824,0.9628792981484323,0.08254140598595947,0.014298985392219372,0.4039896880396413,0.8449017215200825,0.14,0.48,0.38,0.0
6600,0.8851076471648636,0.962602270388017,0.08028414936256395,0.012446091941326709,0.4039896880396413,0.8448667606958704,0.04,0.42,0.54,0.0
6601,0.8849326217492405,0.9625594227091201,0.07992957789197472,0.012929182682578502,0.4039896880396413,0.8448135154715506,0.04,0.44,0.52,0.0
6602,0.8874922054429677,0.9626139778949693,0.08208548195192841,0.013735170405540153,0.4039896880396413,0.8448063138937684,0.12,0.46,0.42,0.0
6603,0.8879347183813489,0.9628262400862343,0.08261026766909267,0.014218261146791901,0.4039896880396413,0.8447228678053855,0.12,0.48,0.4,0.0
6604,0.8921479375799051,0.9630839549515493,0.08634640619329827,0.015347145851463413,0.4039896880396413,0.8447216921496262,0.28,0.5,0.22,0.0
6605,0.8880395220219304,0.9626890736173127,0.08294789127158761,0.01381589465096762,0.4039896880396413,0.8447167896469854,0.14,0.46,0.4,0.0
6606,0.891659325817515,0.9630679956134277,0.08594641667257778,0.015266421606035942,0.4039896880396413,0.8447042721488667,0.26,0.5,0.24,0.0
6607,0.8874855168892637,0.9628998536561632,0.08204680532425943,0.014620627642616176,0.4039896880396413,0.8446812569602082,0.1,0.5,0.4,0.0
6608,0.8846291891407192,0.9625704714816659,0.08018993439853966,0.01284845843715103,0.4039896880396413,0.8446651648457847,0.02,0.44,0.54,0.0
6609,0.8852503914245974,0.962483578424951,0.08035057426478084,0.013492997669257743,0.4039896880396413,0.8446632328583406,0.06,0.46,0.48,0.0
6610,0.8843549723859798,0.9624756137271268,0.07968456039762231,0.0133315491784028,0.4039896880396413,0.8446178731209152,0.02,0.46,0.52,0.0
6611,0.8870048224027497,0.9627625823885859,0.08207688231054432,0.014137536901364421,0.4039896880396413,0.8446043976885762,0.1,0.48,0.42,0.0
6612,0.8846995158546168,0.9624717810905797,0.08003513700789679,0.013412273423830272,0.4039896880396413,0.8446033613895199,0.04,0.46,0.5,0.0
6613,0.8847895663646594,0.9625989767159844,0.08095002440219076,0.012365367695899236,0.4039896880396413,0.8445948563305855,0.02,0.42,0.56,0.0
6614,0.8861361184767206,0.9626890137323667,0.08150031964206218,0.014056812655936958,0.4039896880396413,0.8445152568819363,0.08,0.48,0.44,0.0
6615,0.8850301160134048,0.9624519591734381,0.08038310190161067,0.013895364165082011,0.4039896880396413,0.8445025485560217,0.04,0.48,0.48,0.0
6616,0.8842058066372335,0.9624253702573929,0.0799916236632452,0.013814639919654537,0.4039896880396413,0.8443803689974703,0.02,0.48,0.5,0.0
6617,0.8865314438358045,0.9628818432586393,0.08232908338673503,0.014539903397188714,0.4039896880396413,0.8443270301014504,0.08,0.5,0.42,0.0
6618,0.8853048434584284,0.9625212460560149,0.08162650649774779,0.01397608841050949,0.4039896880396413,0.8442204442438968,0.06,0.48,0.46,0.0
6619,0.8857763646271917,0.9628526493474412,0.08236726244190058,0.01445917915176125,0.4039896880396413,0.8441012559545618,0.06,0.5,0.44,0.0
6620,0.8852272503107196,0.962843636663061,0.0819304750380331,0.01437845490633377,0.4039896880396413,0.8440773448103449,0.04,0.5,0.46,0.0
6621,0.8846134176563101,0.9628268688781678,0.08188089983624791,0.014297730660906303,0.4039896880396413,0.843921129074927,0.02,0.5,0.48,0.0
6622,0.8676687143248655,0.9561066700601469,0.07714971315951971,0.0069706452967024735,0.42371414339073304,0.8436189055395021,0.0,0.2,0.8,0.0
6623,0.8676607322089198,0.9560879859569802,0.07806084263476745,0.006487554555450754,0.42371414339073304,0.8434474300423842,0.0,0.18,0.82,0.0
6624,0.8679030554105233,0.9561481703277578,0.07845532072288929,0.007936826779205998,0.42371414339073304,0.8431254778974363,0.0,0.24,0.76,0.0
6625,0.8677830777356615,0.9561350255821004,0.0792195130618215,0.007453736037954232,0.42371414339073304,0.842963631731847,0.0,0.22,0.78,0.0
6626,0.8664031852895919,0.9558928808027577,0.07961691977767041,0.013250824932975329,0.4039896880396413,0.8382805888598225,0.0,0.46,0.54,0.0
6627,0.866854956695124,0.9560022007717672,0.08082035749818207,0.012284643450471767,0.4039896880396413,0.838278515847054,0.0,0.42,0.58,0.0
6628,0.8666432328542298,0.9559843251153721,0.07931384997371402,0.01421700641547883,0.4039896880396413,0.8382605309402476,0.0,0.5,0.5,0.0
6629,0.8666892825035001,0.9559747135815315,0.08037585939542279,0.012767734191723557,0.4039896880396413,0.8382563274044882,0.0,0.44,0.56,0.0
6630,0.8662150910025906,0.955840241935182,0.07982874186981538,0.01373391567422706,0.4039896880396413,0.8380585276589577,0.0,0.48,0.52,0.0
