rank_full,w_f1,w_decay,w_precision,w_recall,label,J_full,J_boot_mean,J_boot_sd,J_boot_lo,J_boot_hi,p_vs_best,in_plateau,in_practical_plateau,times_selected,J_oob_mean
1,0.0,0.7,0.0,0.3,,0.4214658222127768,0.3585502,0.027744142,0.30340517,0.41229144,1.0,True,True,2,0.33241257
2,0.35,0.1,0.1,0.45,,0.4191549043679834,0.36171252,0.026720334,0.31051385,0.4130171,0.588,True,True,2,0.33267373
3,0.4,0.1,0.05,0.45,,0.4191549043679834,0.3614234,0.026732666,0.31056976,0.4143849,0.569,True,True,0,0.3326937
4,0.05,0.6,0.25,0.1,,0.4190560778412817,0.35598028,0.027258184,0.30522197,0.40760425,0.371,True,True,0,0.3315689
5,0.0,0.6,0.0,0.4,,0.4186146391213,0.36038026,0.027572092,0.30625165,0.4128077,0.627,True,True,4,0.33459297
6,0.0,0.65,0.0,0.35,,0.418598438700232,0.3596807,0.027608238,0.30525747,0.41281605,0.641,True,True,5,0.33351088
7,0.1,0.6,0.2,0.1,,0.4185498374370283,0.35749704,0.027306175,0.30549306,0.40961757,0.448,True,True,1,0.33332232
8,0.0,0.1,0.0,0.9,,0.4183264298317133,0.35575345,0.027629979,0.30389404,0.40798196,0.433,True,True,3,0.3258162
9,0.2,0.0,0.5,0.3,,0.4183012057081959,0.3583626,0.027154054,0.3059528,0.4084198,0.492,True,True,0,0.32945186
10,0.35,0.05,0.1,0.5,,0.4177895214915022,0.35828042,0.027383445,0.30523378,0.40962392,0.483,True,True,0,0.32968873
11,0.25,0.25,0.1,0.4,,0.4177212126117111,0.36273962,0.026665272,0.31041938,0.4153548,0.641,True,True,0,0.33659527
12,0.45,0.15,0.0,0.4,,0.4177212126117111,0.3627176,0.026376834,0.3146124,0.41581547,0.606,True,True,0,0.334925
13,0.2,0.15,0.2,0.45,,0.4177212126117111,0.36274505,0.02628678,0.31387365,0.41409945,0.609,True,True,0,0.3346641
14,0.2,0.15,0.25,0.4,,0.4177212126117111,0.3628296,0.026324444,0.31299385,0.41296837,0.61,True,True,0,0.33476523
15,0.4,0.1,0.1,0.4,,0.4177212126117111,0.36211497,0.026776655,0.31112587,0.41444042,0.596,True,True,0,0.33307862
16,0.45,0.1,0.05,0.4,,0.4177212126117111,0.3621404,0.026754055,0.31276718,0.41325572,0.591,True,True,0,0.33321714
17,0.0,0.7,0.05,0.25,,0.4176223860850094,0.35762554,0.02792984,0.3046529,0.41022947,0.439,True,True,2,0.33159015
18,0.05,0.6,0.15,0.2,,0.4176223860850093,0.35790744,0.027348751,0.3034966,0.41120014,0.454,True,True,0,0.33388475
19,0.1,0.55,0.2,0.15,,0.4176223860850093,0.35979325,0.0272213,0.3069957,0.41226235,0.536,True,True,0,0.33566943
20,0.15,0.6,0.05,0.2,,0.4176223860850093,0.35920474,0.02748857,0.30589226,0.4125605,0.536,True,True,1,0.3344374
21,0.7,0.0,0.25,0.05,,0.4173656068775651,0.3624721,0.027106022,0.30909777,0.41274682,0.581,True,True,9,0.3327902
22,0.75,0.0,0.2,0.05,,0.4173656068775651,0.36243778,0.027034843,0.30927247,0.4122574,0.588,True,True,6,0.33292022
23,0.8,0.0,0.2,0.0,,0.4173656068775651,0.36295456,0.027041271,0.31048423,0.413886,0.598,True,True,11,0.3332905
24,0.85,0.0,0.15,0.0,,0.4173656068775651,0.36277577,0.027083423,0.30981332,0.41398454,0.596,True,True,5,0.33322468
25,0.3,0.0,0.45,0.25,,0.4173494064564972,0.35944328,0.027115447,0.3064639,0.40952787,0.515,True,True,1,0.33007774
26,0.0,0.15,0.05,0.8,,0.4173175331441668,0.3602394,0.026920017,0.3085592,0.41331166,0.534,True,True,6,0.3314734
27,0.05,0.15,0.0,0.8,,0.4173175331441668,0.36001816,0.027086087,0.30924445,0.4136256,0.532,True,True,0,0.33107808
28,0.15,0.1,0.0,0.75,,0.4173175331441668,0.3584247,0.027472718,0.30309737,0.41095653,0.488,True,True,0,0.32904628
29,0.0,0.75,0.0,0.25,,0.4171647469439596,0.35720393,0.02779898,0.3019998,0.4093317,0.41,True,True,0,0.33103114
30,0.0,0.45,0.0,0.55,,0.4171317842067471,0.36227873,0.027089717,0.3080782,0.41427368,0.676,True,True,8,0.3366103
31,0.0,0.25,0.4,0.35,,0.4168618779261209,0.36206043,0.026647992,0.31227222,0.41536775,0.608,True,True,2,0.33635288
32,0.3,0.25,0.1,0.35,,0.4167935690463297,0.36273023,0.026512371,0.3120556,0.41427952,0.635,True,True,0,0.33681744
33,0.35,0.25,0.05,0.35,,0.4167935690463297,0.3629814,0.026562648,0.31171897,0.41561872,0.641,True,True,0,0.33713
34,0.3,0.2,0.1,0.4,,0.4167935690463297,0.36316457,0.026418976,0.31334645,0.41642448,0.642,True,True,0,0.33621162
35,0.35,0.2,0.05,0.4,,0.4167935690463297,0.36316565,0.026424672,0.31374168,0.41500685,0.641,True,True,1,0.33621672
36,0.35,0.15,0.1,0.4,,0.4167935690463297,0.36285672,0.026295975,0.31387043,0.4135864,0.622,True,True,1,0.3350072
37,0.25,0.1,0.15,0.5,,0.4163558297352298,0.36152297,0.02677225,0.31016955,0.41482714,0.575,True,True,0,0.33262092
38,0.3,0.1,0.1,0.5,,0.4163558297352298,0.36120263,0.026810344,0.31071097,0.4140675,0.568,True,True,0,0.3326643
39,0.35,0.1,0.05,0.5,,0.4163558297352298,0.36120257,0.026843322,0.3099178,0.41392663,0.558,True,True,0,0.3325698
40,0.4,0.1,0.0,0.5,,0.4163558297352298,0.36096004,0.026834032,0.30979654,0.41296837,0.558,True,True,1,0.3324133
41,0.05,0.15,0.15,0.65,,0.4163558297352298,0.36123863,0.026697867,0.31157288,0.41318992,0.557,True,True,0,0.33363143
42,0.1,0.15,0.1,0.65,,0.4163558297352298,0.36124185,0.026747882,0.31059262,0.4138403,0.562,True,True,1,0.33347115
43,0.15,0.15,0.1,0.6,,0.4163558297352298,0.36168602,0.026690945,0.3120221,0.4138801,0.574,True,True,0,0.33386105
44,0.2,0.15,0.05,0.6,,0.4163558297352298,0.36155492,0.026743347,0.31093648,0.413863,0.57,True,True,3,0.33373043
45,0.3,0.05,0.15,0.5,,0.4163558297352298,0.35856363,0.027348086,0.30497098,0.41014346,0.5,True,True,0,0.32982996
46,0.2,0.05,0.25,0.5,,0.4163558297352298,0.3586303,0.02723458,0.30590484,0.4104864,0.497,True,True,0,0.32992038
47,0.25,0.05,0.2,0.5,,0.4163558297352298,0.3585224,0.027359648,0.30501217,0.409245,0.496,True,True,0,0.3299879
48,0.0,0.05,0.35,0.6,,0.4163558297352298,0.35792196,0.027371518,0.30354738,0.40794557,0.475,True,True,0,0.32909694
49,0.05,0.05,0.3,0.6,,0.4163558297352298,0.35782647,0.02751087,0.3040906,0.40927732,0.477,True,True,0,0.3291924
50,0.1,0.1,0.2,0.6,,0.4163558297352297,0.36070174,0.026946645,0.3084577,0.41086408,0.548,True,True,0,0.33189467
51,0.3,0.2,0.05,0.45,,0.4162875208554387,0.36271614,0.026461765,0.31307864,0.4149816,0.624,True,True,1,0.33580253
52,0.4,0.15,0.0,0.45,,0.4162875208554387,0.36221159,0.026412413,0.31283557,0.41317692,0.602,True,True,1,0.3346606
53,0.1,0.15,0.35,0.4,,0.4162875208554387,0.36279517,0.026384218,0.31292093,0.4131714,0.621,True,True,0,0.33468935
54,0.15,0.15,0.3,0.4,,0.4162875208554387,0.36288467,0.02641626,0.3130461,0.41519818,0.61,True,True,0,0.3350089
55,0.2,0.1,0.25,0.45,,0.4162875208554387,0.3618891,0.026624154,0.311435,0.4112668,0.588,True,True,0,0.33274835
56,0.25,0.1,0.2,0.45,,0.4162875208554387,0.36188883,0.02668725,0.31129444,0.41177568,0.588,True,True,1,0.33267686
57,0.45,0.1,0.0,0.45,,0.4162875208554387,0.36128205,0.026756106,0.3103437,0.41309807,0.571,True,True,1,0.33267844
58,0.05,0.05,0.5,0.4,,0.4162875208554387,0.35973096,0.026857836,0.30858943,0.41155335,0.514,True,True,1,0.33099863
59,0.1,0.05,0.45,0.4,,0.4162875208554387,0.35992867,0.02687733,0.30860373,0.41062078,0.521,True,True,0,0.33096603
60,0.15,0.05,0.4,0.4,,0.4162875208554387,0.35984415,0.027049221,0.30824277,0.41035467,0.515,True,True,0,0.3309386
61,0.5,0.1,0.0,0.4,,0.4162875208554387,0.36187577,0.02676403,0.31176046,0.41444862,0.576,True,True,0,0.33317497
62,0.05,0.05,0.45,0.45,,0.4162875208554387,0.35958764,0.02695917,0.30774876,0.41036594,0.511,True,True,0,0.33060974
63,0.5,0.1,0.05,0.35,,0.4162875208554386,0.36257055,0.02661895,0.31186894,0.41484562,0.596,True,True,1,0.33342564
64,0.55,0.1,0.0,0.35,,0.4162875208554386,0.36242345,0.026779672,0.31272534,0.4161327,0.585,True,True,0,0.33356288
65,0.05,0.7,0.0,0.25,,0.416188694328737,0.35802045,0.027711788,0.30467787,0.41023636,0.479,True,True,1,0.33186716
66,0.0,0.65,0.05,0.3,,0.416188694328737,0.3586817,0.027585875,0.30496755,0.41156122,0.518,True,True,2,0.33270788
67,0.05,0.65,0.0,0.3,,0.416188694328737,0.3592408,0.027653458,0.30498517,0.41245896,0.565,True,True,2,0.3329892
68,0.05,0.55,0.2,0.2,,0.4161886943287369,0.35919708,0.027292669,0.3052411,0.41062427,0.521,True,True,0,0.33499694
69,0.2,0.6,0.0,0.2,,0.4161886943287369,0.3594297,0.027385833,0.3056598,0.41180623,0.547,True,True,1,0.33475974
70,0.8,0.0,0.15,0.05,,0.4159319151212927,0.36216894,0.027020646,0.30911514,0.4125467,0.581,True,True,2,0.3328913
71,0.65,0.0,0.3,0.05,,0.4159319151212927,0.3619359,0.027151575,0.30792454,0.41389158,0.568,True,True,4,0.33229285
72,0.75,0.0,0.25,0.0,,0.4159319151212927,0.36274332,0.027066508,0.31053597,0.413256,0.586,True,True,3,0.33288455
73,0.45,0.0,0.4,0.15,,0.4159157147002248,0.36047658,0.027222773,0.30636942,0.41186556,0.533,True,True,2,0.33081022
74,0.5,0.0,0.35,0.15,,0.4159157147002248,0.36115226,0.027183471,0.30783612,0.4124113,0.546,True,True,3,0.33142886
75,0.55,0.0,0.3,0.15,,0.4159157147002248,0.3613839,0.027188336,0.30903238,0.4115169,0.556,True,True,2,0.33157867
76,0.55,0.0,0.35,0.1,,0.4159157147002248,0.36132652,0.02728021,0.30760005,0.41262415,0.549,True,True,1,0.33149156
77,0.6,0.0,0.3,0.1,,0.4159157147002248,0.361675,0.027191477,0.30903238,0.41231722,0.559,True,True,1,0.33192316
78,0.65,0.0,0.25,0.1,,0.4159157147002248,0.3619947,0.027150303,0.3093543,0.4117479,0.572,True,True,3,0.33235708
79,0.25,0.0,0.45,0.3,,0.4158995142791569,0.35908052,0.02728737,0.30682516,0.4086359,0.514,True,True,0,0.32995683
80,0.0,0.25,0.1,0.65,,0.4158676409668265,0.36209828,0.026779681,0.31026495,0.4141904,0.606,True,True,0,0.33525532
81,0.15,0.1,0.05,0.7,,0.4158676409668265,0.35930237,0.027437827,0.30615702,0.4114503,0.516,True,True,0,0.32974845
82,0.2,0.1,0.0,0.7,,0.4158676409668265,0.35909548,0.027389422,0.30592388,0.41065723,0.518,True,True,0,0.32972765
83,0.0,0.15,0.1,0.75,,0.4158676409668265,0.36069506,0.027057877,0.30934453,0.41441905,0.555,True,True,3,0.3323659
84,0.05,0.15,0.05,0.75,,0.4158676409668265,0.36055845,0.027079334,0.3079052,0.41302997,0.545,True,True,2,0.332097
85,0.0,0.55,0.0,0.45,,0.4157472556087551,0.3613975,0.027300213,0.30716786,0.41337958,0.651,True,True,7,0.33555752
86,0.2,0.5,0.2,0.1,,0.415649491187271,0.36073726,0.027070893,0.30973813,0.4130229,0.58,True,True,1,0.33647853
87,0.0,0.35,0.0,0.65,,0.4154661735296733,0.36318776,0.026874492,0.3117007,0.41180295,0.683,True,True,6,0.3369618
88,0.15,0.25,0.35,0.25,,0.4154281861698485,0.36306933,0.026583008,0.31287417,0.41456398,0.624,True,True,0,0.33763936
89,0.05,0.25,0.35,0.35,,0.4154281861698485,0.36234352,0.026612615,0.3131002,0.4139403,0.623,True,True,0,0.3367548
90,0.25,0.0,0.5,0.25,,0.4153770734538357,0.35847002,0.027165692,0.3063704,0.4078254,0.497,True,True,1,0.32954678
91,0.4,0.0,0.4,0.2,,0.4153770734538355,0.36037785,0.027087968,0.30782816,0.41013938,0.526,True,True,0,0.3307276
92,0.25,0.25,0.15,0.35,,0.4153598772900573,0.36249843,0.026576515,0.31145737,0.4142474,0.639,True,True,0,0.3364424
93,0.25,0.15,0.2,0.4,,0.4153598772900573,0.36302066,0.02635739,0.31389272,0.41337705,0.614,True,True,0,0.33467612
94,0.3,0.15,0.15,0.4,,0.4153598772900573,0.36301368,0.026284205,0.31353128,0.4131667,0.624,True,True,0,0.33480507
95,0.4,0.25,0.0,0.35,,0.4153598772900573,0.36294454,0.026528845,0.31172147,0.414604,0.634,True,True,1,0.33724
96,0.4,0.25,0.05,0.3,,0.4153598772900573,0.36322927,0.026589748,0.31166172,0.41480651,0.639,True,True,1,0.33755848
97,0.45,0.25,0.0,0.3,,0.4153598772900573,0.36315793,0.026589941,0.31109288,0.41618383,0.641,True,True,0,0.337739
98,0.4,0.2,0.05,0.35,,0.4153598772900573,0.3632811,0.026475979,0.31239837,0.41599375,0.638,True,True,0,0.3364483
99,0.45,0.2,0.0,0.35,,0.4153598772900573,0.36304393,0.026405655,0.31228188,0.41599506,0.627,True,True,0,0.3364019
100,0.25,0.15,0.15,0.45,,0.4153598772900573,0.36262837,0.026329203,0.31387365,0.4146074,0.616,True,True,0,0.33478326
101,0.3,0.15,0.1,0.45,,0.4153598772900573,0.36272633,0.026316209,0.31387877,0.4145736,0.613,True,True,0,0.33481866
102,0.4,0.15,0.05,0.4,,0.4153598772900573,0.36273217,0.026329093,0.31363368,0.41454402,0.61,True,True,0,0.33495912
103,0.6,0.15,0.0,0.25,,0.4153598772900573,0.3638926,0.026356539,0.31422573,0.4150721,0.631,True,True,1,0.3359898
104,0.35,0.6,0.05,0.0,,0.4152610507633557,0.3604462,0.027615711,0.30780852,0.41390154,0.594,True,True,4,0.33663604
105,0.2,0.6,0.15,0.05,,0.4152610507633557,0.35915002,0.027528657,0.30588558,0.4114152,0.517,True,True,1,0.3348044
106,0.3,0.6,0.1,0.0,,0.4152610507633557,0.36024988,0.027552387,0.30788317,0.4139849,0.573,True,True,1,0.33613312
107,0.1,0.6,0.15,0.15,,0.4152610507633557,0.35844663,0.02731054,0.30460796,0.41071978,0.478,True,True,1,0.33429256
108,0.0,0.4,0.0,0.6,,0.415155697286723,0.3626162,0.026944576,0.30872905,0.41353422,0.664,True,True,5,0.33676535
109,0.0,0.25,0.15,0.6,,0.4149904468587486,0.36207268,0.02673325,0.30929264,0.41459563,0.613,True,True,1,0.3357689
110,0.0,0.5,0.0,0.5,,0.4149818084674152,0.3621118,0.02725387,0.30853572,0.4148574,0.677,True,True,6,0.33650202
111,0.1,0.4,0.3,0.2,,0.4149633043468554,0.36112255,0.026881652,0.30995798,0.4120242,0.601,True,True,1,0.3369559
112,0.0,0.25,0.2,0.55,,0.4149221379789574,0.36244568,0.026656836,0.3102078,0.41419187,0.64,True,True,2,0.3360288
113,0.1,0.1,0.3,0.5,,0.4149221379789574,0.36152577,0.026556855,0.31148466,0.41047263,0.575,True,True,2,0.3326834
114,0.15,0.1,0.25,0.5,,0.4149221379789574,0.36162314,0.026605438,0.31188598,0.4117841,0.571,True,True,0,0.33265883
115,0.2,0.1,0.2,0.5,,0.4149221379789574,0.36156574,0.026725998,0.31088173,0.41313624,0.57,True,True,0,0.3325838
116,0.25,0.15,0.05,0.55,,0.4149221379789574,0.3618435,0.026709624,0.31139922,0.4153134,0.589,True,True,1,0.334206
117,0.0,0.15,0.25,0.6,,0.4149221379789574,0.36196014,0.026520964,0.31303656,0.41237503,0.589,True,True,1,0.3340246
118,0.0,0.05,0.4,0.55,,0.4149221379789574,0.3582983,0.027396895,0.30490705,0.4103622,0.483,True,True,1,0.32962322
119,0.05,0.05,0.35,0.55,,0.4149221379789574,0.35828426,0.02720346,0.3046961,0.40815914,0.48,True,True,0,0.32973936
120,0.1,0.05,0.3,0.55,,0.4149221379789574,0.3583249,0.027370708,0.30482218,0.40937006,0.485,True,True,0,0.32953888
121,0.1,0.05,0.35,0.5,,0.4149221379789574,0.35846448,0.02714016,0.30497825,0.40860555,0.491,True,True,0,0.32982782
122,0.15,0.05,0.25,0.55,,0.4149221379789574,0.35829064,0.027445428,0.30427074,0.40941826,0.491,True,True,0,0.32970193
123,0.15,0.05,0.3,0.5,,0.4149221379789574,0.35866028,0.027159946,0.30609074,0.41061643,0.502,True,True,0,0.32990178
124,0.2,0.05,0.2,0.55,,0.4149221379789574,0.3580149,0.027436782,0.30412802,0.41038853,0.485,True,True,0,0.32951006
125,0.0,0.15,0.15,0.7,,0.4149221379789574,0.36121595,0.026845485,0.3098269,0.41416532,0.572,True,True,2,0.33336133
126,0.05,0.15,0.1,0.7,,0.4149221379789574,0.36111623,0.02701283,0.31077966,0.4157426,0.571,True,True,0,0.33315346
127,0.1,0.15,0.05,0.7,,0.4149221379789574,0.36086437,0.026985954,0.30808756,0.41389102,0.562,True,True,0,0.3324804
128,0.15,0.15,0.0,0.7,,0.4149221379789574,0.36065596,0.027010022,0.30744308,0.41356516,0.545,True,True,1,0.33233532
129,0.15,0.15,0.05,0.65,,0.4149221379789574,0.3612308,0.026732933,0.31029126,0.41269583,0.572,True,True,0,0.3332207
130,0.2,0.15,0.0,0.65,,0.4149221379789574,0.36111242,0.02676482,0.31069678,0.41269764,0.563,True,True,1,0.33313206
131,0.25,0.15,0.0,0.6,,0.4149221379789574,0.36168644,0.026650023,0.31050682,0.41402483,0.576,True,True,1,0.33348614
132,0.0,0.15,0.2,0.65,,0.4149221379789574,0.3614939,0.026567308,0.31176353,0.41244683,0.576,True,True,0,0.33378205
133,0.1,0.15,0.15,0.6,,0.4149221379789574,0.36176047,0.026582368,0.3114231,0.41239324,0.582,True,True,0,0.33404166
134,0.05,0.15,0.2,0.6,,0.4149221379789574,0.3617994,0.026470052,0.31161147,0.41170824,0.586,True,True,1,0.33406946
135,0.25,0.05,0.15,0.55,,0.4149221379789574,0.3578937,0.027427617,0.30355185,0.40944818,0.477,True,True,0,0.32959
136,0.4,0.05,0.0,0.55,,0.4149221379789574,0.3571279,0.027427807,0.30418473,0.4087006,0.449,True,True,1,0.32912397
137,0.15,0.05,0.2,0.6,,0.4149221379789574,0.35760885,0.027494643,0.30286607,0.4097312,0.468,True,True,0,0.32910556
138,0.05,0.05,0.25,0.65,,0.4149221379789574,0.3571514,0.027498756,0.302164,0.40801364,0.466,True,True,2,0.32888913
139,0.0,0.1,0.35,0.55,,0.4149221379789573,0.36116958,0.026668673,0.3096004,0.41237918,0.568,True,True,0,0.33197835
140,0.4,0.05,0.1,0.45,,0.4149221379789573,0.35875672,0.027169012,0.30589283,0.40909556,0.497,True,True,0,0.33016318
141,0.45,0.05,0.05,0.45,,0.4149221379789573,0.3585199,0.027213898,0.30458632,0.40894812,0.487,True,True,0,0.33002552
142,0.0,0.1,0.3,0.6,,0.4149221379789573,0.36107093,0.026888903,0.30947417,0.41179967,0.559,True,True,1,0.3319695
143,0.05,0.1,0.25,0.6,,0.4149221379789573,0.3608972,0.026991775,0.30789468,0.4122978,0.559,True,True,1,0.33189014
144,0.4,0.05,0.05,0.5,,0.4149221379789573,0.35803446,0.027338268,0.30396876,0.40899262,0.475,True,True,0,0.3297606
145,0.45,0.05,0.0,0.5,,0.4149221379789573,0.35779876,0.027256744,0.30453363,0.4072696,0.469,True,True,0,0.32969755
146,0.0,0.1,0.25,0.65,,0.4149221379789573,0.36053264,0.0269695,0.30704394,0.4123821,0.552,True,True,0,0.33138958
147,0.0,0.1,0.2,0.7,,0.4149221379789573,0.35977468,0.027268723,0.30645865,0.41102043,0.526,True,True,0,0.33072957
148,0.05,0.1,0.15,0.7,,0.4149221379789573,0.3593811,0.027257876,0.30707684,0.4113698,0.518,True,True,0,0.33049512
149,0.2,0.25,0.15,0.4,,0.4148538290991663,0.36274388,0.026606811,0.31041262,0.41434932,0.635,True,True,1,0.33655956
150,0.25,0.2,0.1,0.45,,0.4148538290991663,0.36291066,0.026375148,0.31307453,0.41366667,0.633,True,True,0,0.33587474
151,0.35,0.2,0.0,0.45,,0.4148538290991663,0.3625411,0.026396519,0.31190735,0.4134069,0.615,True,True,0,0.33571672
152,0.3,0.25,0.05,0.4,,0.4148538290991663,0.36280045,0.026384512,0.31019148,0.41460103,0.64,True,True,1,0.33685324
153,0.35,0.25,0.0,0.4,,0.4148538290991663,0.36270422,0.026462087,0.3145288,0.4147883,0.628,True,True,1,0.3369579
154,0.0,0.15,0.35,0.5,,0.4148538290991663,0.36201844,0.026559582,0.31188688,0.41434306,0.588,True,True,1,0.33382428
155,0.05,0.15,0.3,0.5,,0.4148538290991663,0.36228406,0.026367985,0.3123919,0.41335914,0.588,True,True,0,0.3341388
156,0.1,0.15,0.25,0.5,,0.4148538290991663,0.3624243,0.026293147,0.31238437,0.41300038,0.596,True,True,0,0.33434287
157,0.15,0.15,0.2,0.5,,0.4148538290991663,0.36235327,0.026250308,0.31304437,0.41265613,0.595,True,True,0,0.33440226
158,0.15,0.05,0.45,0.35,,0.4148538290991663,0.3604113,0.026865918,0.3081391,0.41232356,0.531,True,True,1,0.3315993
159,0.0,0.05,0.5,0.45,,0.4148538290991663,0.3595082,0.026927164,0.3077522,0.40895492,0.513,True,True,1,0.33055276
160,0.45,0.05,0.1,0.4,,0.4148538290991662,0.35910007,0.027201252,0.30636778,0.40915686,0.501,True,True,0,0.33051008
161,0.5,0.05,0.05,0.4,,0.4148538290991662,0.35899726,0.027221613,0.3046886,0.4092143,0.503,True,True,0,0.3304482
162,0.55,0.1,0.05,0.3,,0.4148538290991662,0.36290136,0.026541108,0.31258848,0.41467127,0.597,True,True,1,0.33374378
163,0.6,0.1,0.0,0.3,,0.4148538290991662,0.3630289,0.02655084,0.31246445,0.41401103,0.599,True,True,3,0.33378667
164,0.65,0.1,0.0,0.25,,0.4148538290991662,0.36312914,0.026557876,0.3120554,0.4146919,0.609,True,True,1,0.33397454
165,0.05,0.55,0.0,0.4,,0.4147712029935325,0.36057046,0.027344326,0.30682153,0.41261253,0.596,True,True,1,0.33479536
166,0.0,0.6,0.05,0.35,,0.4147712029935325,0.3592497,0.027573675,0.3057181,0.4121249,0.539,True,True,2,0.33371657
167,0.1,0.75,0.0,0.15,,0.4147550025724645,0.35656095,0.027817845,0.3043952,0.40985352,0.373,True,True,4,0.33075732
168,0.0,0.75,0.05,0.2,,0.4147550025724645,0.3561202,0.027715722,0.30353242,0.40772283,0.343,True,True,0,0.33028525
169,0.1,0.7,0.0,0.2,,0.4147550025724645,0.35795015,0.027749779,0.3047977,0.40982372,0.45,True,True,0,0.3320528
170,0.1,0.55,0.15,0.2,,0.4147550025724645,0.35906178,0.027115827,0.30491602,0.40921456,0.509,True,True,1,0.3351545
171,0.1,0.55,0.25,0.1,,0.4147550025724645,0.35767877,0.027221559,0.30534384,0.40919322,0.448,True,True,0,0.33332273
172,0.25,0.6,0.0,0.15,,0.4147550025724645,0.35938916,0.027354041,0.3067558,0.41292453,0.551,True,True,1,0.33463916
173,0.1,0.6,0.1,0.2,,0.4147550025724645,0.35854626,0.0273864,0.30512303,0.4112179,0.495,True,True,0,0.33392859
174,0.05,0.6,0.0,0.35,,0.4147550025724645,0.35981318,0.027607892,0.30523697,0.41194162,0.588,True,True,2,0.33406588
175,0.2,0.55,0.15,0.1,,0.4147388021513966,0.36013132,0.027166788,0.30753165,0.4111651,0.573,True,True,0,0.33614615
176,0.15,0.55,0.15,0.15,,0.4147388021513966,0.35983527,0.027236326,0.30590302,0.41043854,0.551,True,True,0,0.33603194
177,0.2,0.55,0.05,0.2,,0.4147388021513966,0.3600395,0.027098687,0.30723837,0.41249233,0.563,True,True,0,0.33535725
178,0.25,0.55,0.0,0.2,,0.4147388021513966,0.3603261,0.027248753,0.30576655,0.4133083,0.58,True,True,0,0.3355269
179,0.1,0.5,0.25,0.15,,0.4147220398352521,0.35954058,0.027011326,0.3078106,0.41063327,0.52,True,True,0,0.3353292
180,0.4,0.4,0.0,0.2,,0.4147220398352521,0.3622417,0.026888667,0.3093549,0.41538402,0.647,True,True,2,0.33789822
181,0.25,0.45,0.05,0.25,,0.4147220398352521,0.36112645,0.027186371,0.3076515,0.41360772,0.613,True,True,0,0.336877
182,0.3,0.45,0.0,0.25,,0.4147220398352521,0.3612229,0.027236558,0.30959344,0.41292435,0.621,True,True,2,0.33706492
183,0.35,0.45,0.0,0.2,,0.4147220398352521,0.3614956,0.027148593,0.3079417,0.41406545,0.627,True,True,1,0.33743724
184,0.05,0.5,0.25,0.2,,0.4147220398352521,0.36002728,0.027088504,0.30767676,0.4125677,0.563,True,True,0,0.3356983
185,0.1,0.5,0.2,0.2,,0.4147220398352521,0.35997707,0.027121995,0.3068083,0.41243106,0.557,True,True,0,0.3359593
186,0.15,0.5,0.2,0.15,,0.4147220398352521,0.3607772,0.027140763,0.30826592,0.41352946,0.581,True,True,1,0.3368173
187,0.9,0.0,0.1,0.0,,0.4144982233650203,0.36264133,0.026989268,0.30902797,0.41367528,0.589,True,True,10,0.33317867
188,0.6,0.0,0.35,0.05,,0.4144982233650203,0.36110505,0.0271276,0.3076163,0.412844,0.557,True,True,3,0.33155185
189,0.7,0.0,0.3,0.0,,0.4144982233650203,0.36171252,0.027075605,0.3088454,0.41174945,0.571,True,True,2,0.3322191
190,0.45,0.0,0.35,0.2,,0.4144820229439525,0.36060518,0.027155435,0.3087699,0.41029108,0.534,True,True,1,0.33101606
191,0.35,0.0,0.45,0.2,,0.4144820229439525,0.3595109,0.027092636,0.30689555,0.40949225,0.52,True,True,1,0.33032474
192,0.15,0.0,0.55,0.3,,0.4144820229439525,0.35757563,0.027211342,0.30424532,0.40730286,0.476,True,True,0,0.32846314
193,0.1,0.0,0.65,0.25,,0.4144820229439525,0.3559007,0.027187461,0.30361068,0.4077623,0.446,True,True,0,0.32673627
194,0.1,0.0,0.6,0.3,,0.4144820229439525,0.3568394,0.027130159,0.3038204,0.40638027,0.456,True,True,0,0.3276711
195,0.3,0.0,0.4,0.3,,0.4144658225228845,0.3594581,0.02731664,0.30700174,0.4093044,0.514,True,True,0,0.33038622
196,0.35,0.0,0.4,0.25,,0.4144658225228845,0.35970178,0.02728108,0.3067257,0.40952975,0.519,True,True,2,0.33034658
197,0.1,0.2,0.0,0.7,,0.4144177487894862,0.36165652,0.026903879,0.30969462,0.4140304,0.578,True,True,1,0.33408514
198,0.05,0.25,0.1,0.6,,0.4144177487894862,0.36213955,0.026790513,0.30897063,0.41444418,0.608,True,True,0,0.33558944
199,0.1,0.25,0.05,0.6,,0.4144177487894862,0.362522,0.02674379,0.30997792,0.41444132,0.624,True,True,3,0.33571184
200,0.05,0.2,0.1,0.65,,0.4144177487894862,0.3616839,0.026513672,0.3110281,0.4124831,0.591,True,True,0,0.3346867
201,0.1,0.2,0.05,0.65,,0.4144177487894862,0.36166823,0.02662279,0.3111218,0.4124453,0.588,True,True,0,0.3345714
202,0.15,0.2,0.05,0.6,,0.4144177487894862,0.3619691,0.02650645,0.31075022,0.41297522,0.601,True,True,0,0.3349614
203,0.2,0.2,0.0,0.6,,0.4144177487894862,0.36193502,0.026527373,0.3116107,0.41368857,0.59,True,True,0,0.33500692
204,0.2,0.1,0.05,0.65,,0.4144177487894862,0.35957536,0.027207002,0.3062576,0.41020498,0.529,True,True,0,0.33060744
205,0.25,0.1,0.0,0.65,,0.4144177487894862,0.35968342,0.027281009,0.30643332,0.41043156,0.52,True,True,0,0.3302701
206,0.1,0.15,0.0,0.75,,0.4144177487894862,0.36040607,0.027042773,0.30903646,0.41272384,0.554,True,True,1,0.33189178
207,0.1,0.1,0.1,0.7,,0.4144177487894862,0.35928455,0.027409263,0.306826,0.41220373,0.514,True,True,0,0.33009616
208,0.05,0.25,0.0,0.7,,0.4144177487894861,0.36221373,0.026814817,0.31008297,0.41338244,0.619,True,True,0,0.33493736
209,0.15,0.55,0.2,0.1,,0.4142325617471432,0.3594025,0.027116667,0.3067178,0.41103932,0.536,True,True,0,0.33506775
210,0.0,0.45,0.05,0.5,,0.4142153895780382,0.36163673,0.027255906,0.30772915,0.41322494,0.651,True,True,2,0.3362961
211,0.05,0.45,0.0,0.5,,0.4142153895780382,0.36191162,0.02723932,0.30809504,0.41274843,0.669,True,True,2,0.33627817
212,0.0,0.05,0.45,0.5,,0.4141566908376174,0.35921195,0.027078038,0.3059004,0.40936023,0.5,True,True,1,0.33050698
213,0.05,0.25,0.4,0.3,,0.4139944944135761,0.36218387,0.026623156,0.31198907,0.41275936,0.599,True,True,0,0.3366666
214,0.1,0.25,0.35,0.3,,0.4139944944135761,0.36271977,0.026625061,0.3116422,0.41421312,0.619,True,True,0,0.33765957
215,0.2,0.25,0.3,0.25,,0.4139944944135761,0.36334127,0.026548387,0.3127132,0.41421312,0.635,True,True,0,0.33810812
216,0.7,0.0,0.2,0.1,,0.4139433816975632,0.3616046,0.027074452,0.3090702,0.41201892,0.558,True,True,3,0.33205917
217,0.35,0.25,0.1,0.3,,0.4139261855337849,0.36297852,0.026570123,0.31143892,0.4144157,0.643,True,True,0,0.33721313
218,0.25,0.2,0.15,0.4,,0.4139261855337849,0.36317512,0.026553487,0.31268725,0.41469744,0.645,True,True,1,0.3360177
219,0.4,0.2,0.0,0.4,,0.4139261855337849,0.3628995,0.026403686,0.31234658,0.4147883,0.627,True,True,0,0.33627692
220,0.45,0.25,0.05,0.25,,0.4139261855337849,0.36344776,0.026484344,0.31238183,0.41463563,0.654,True,True,1,0.33785248
221,0.5,0.25,0.0,0.25,,0.4139261855337849,0.36349317,0.026561957,0.31236988,0.41574395,0.661,True,True,1,0.33800405
222,0.55,0.25,0.0,0.2,,0.4139261855337849,0.36373183,0.026488945,0.31311247,0.41468167,0.662,True,True,0,0.33810115
223,0.35,0.2,0.1,0.35,,0.4139261855337849,0.3633571,0.026413238,0.31285903,0.4157243,0.645,True,True,0,0.33651507
224,0.45,0.15,0.05,0.35,,0.4139261855337849,0.36330765,0.026352942,0.31343576,0.41505146,0.623,True,True,0,0.33563054
225,0.5,0.15,0.05,0.3,,0.4139261855337849,0.36364225,0.026294157,0.3144092,0.4153926,0.624,True,True,1,0.33581278
226,0.55,0.15,0.0,0.3,,0.4139261855337849,0.36357504,0.026205564,0.3138834,0.4145834,0.632,True,True,0,0.33586624
227,0.2,0.15,0.4,0.25,,0.4139261855337849,0.36356243,0.02620688,0.31459647,0.4122777,0.621,True,True,0,0.33555657
228,0.25,0.15,0.35,0.25,,0.4139261855337849,0.36432087,0.026210558,0.31540373,0.41479915,0.639,True,True,1,0.3363218
229,0.3,0.15,0.3,0.25,,0.4139261855337849,0.364235,0.026193382,0.3156821,0.4159876,0.642,True,True,1,0.3365802
230,0.35,0.15,0.25,0.25,,0.4139261855337849,0.36403897,0.026220135,0.31510633,0.41392973,0.626,True,True,1,0.33658233
231,0.4,0.15,0.2,0.25,,0.4139261855337849,0.36385003,0.026174806,0.31522346,0.41477555,0.635,True,True,0,0.33662447
232,0.45,0.15,0.15,0.25,,0.4139261855337849,0.36374176,0.02635243,0.3143608,0.41205046,0.629,True,True,1,0.33621773
233,0.5,0.15,0.1,0.25,,0.4139261855337849,0.36371446,0.02635978,0.31356508,0.41417512,0.622,True,True,0,0.33584225
234,0.55,0.15,0.05,0.25,,0.4139261855337849,0.36382616,0.026414935,0.31386468,0.4158012,0.633,True,True,1,0.335882
235,0.15,0.6,0.1,0.15,,0.4138273590070833,0.35862702,0.02741301,0.30369464,0.41145068,0.506,True,True,1,0.33442932
236,0.15,0.6,0.2,0.05,,0.4138273590070833,0.35731748,0.027355082,0.30677104,0.40990344,0.457,True,True,0,0.33292565
237,0.1,0.6,0.25,0.05,,0.4138273590070833,0.35564604,0.02740473,0.303217,0.40959823,0.356,True,True,0,0.3312452
238,0.15,0.7,0.0,0.15,,0.4138273590070833,0.3578374,0.027828872,0.30462676,0.40959138,0.448,True,True,0,0.33249018
239,0.3,0.55,0.15,0.0,,0.4138111585860154,0.35993025,0.02719757,0.30773625,0.4129681,0.539,True,True,3,0.335644
240,0.15,0.45,0.25,0.15,,0.4137943962698708,0.36081383,0.026932035,0.30883282,0.4119634,0.586,True,True,1,0.3365722
241,0.1,0.45,0.25,0.2,,0.4137943962698708,0.36106616,0.026993873,0.30796865,0.4132393,0.601,True,True,1,0.33679047
242,0.35,0.5,0.15,0.0,,0.4137781958488029,0.36134005,0.027271297,0.30760738,0.4114883,0.608,True,True,2,0.3373421
243,0.15,0.4,0.25,0.2,,0.4135134121695151,0.3620116,0.02682448,0.31105494,0.41419274,0.639,True,True,1,0.33795953
244,0.3,0.15,0.0,0.55,,0.413488446222685,0.36186635,0.026644943,0.31184226,0.4150693,0.581,True,True,1,0.33375236
245,0.0,0.2,0.15,0.65,,0.413488446222685,0.3616728,0.026539654,0.31123993,0.4139276,0.587,True,True,1,0.33480102
246,0.05,0.2,0.15,0.6,,0.413488446222685,0.36200112,0.026600495,0.31176212,0.41345018,0.592,True,True,2,0.33516747
247,0.1,0.2,0.1,0.6,,0.413488446222685,0.36201173,0.026509596,0.31148133,0.4142995,0.599,True,True,2,0.3350138
248,0.2,0.15,0.1,0.55,,0.413488446222685,0.36196467,0.026492868,0.3118979,0.41319194,0.582,True,True,0,0.33429363
249,0.1,0.15,0.2,0.55,,0.413488446222685,0.3621231,0.026341354,0.31304374,0.41228527,0.586,True,True,0,0.33421227
250,0.3,0.1,0.0,0.6,,0.413488446222685,0.36003387,0.027179584,0.30758208,0.41186568,0.541,True,True,0,0.33109596
251,0.15,0.15,0.15,0.55,,0.413488446222685,0.36206698,0.026322441,0.31255612,0.4129667,0.585,True,True,0,0.33431792
252,0.1,0.05,0.25,0.6,,0.413488446222685,0.35769814,0.027374845,0.30328444,0.4086746,0.48,True,True,2,0.32912698
253,0.05,0.1,0.3,0.55,,0.4134884462226849,0.36131847,0.026637638,0.3103109,0.4110769,0.573,True,True,2,0.33206153
254,0.1,0.1,0.25,0.55,,0.4134884462226849,0.36134285,0.02666767,0.31004804,0.41125053,0.564,True,True,0,0.33228672
255,0.35,0.05,0.15,0.45,,0.4134884462226849,0.3587306,0.0271875,0.30589283,0.41010463,0.498,True,True,0,0.33027568
256,0.15,0.1,0.2,0.55,,0.4134884462226849,0.36109385,0.026794335,0.30910954,0.41323856,0.563,True,True,0,0.33221024
257,0.2,0.1,0.15,0.55,,0.4134884462226849,0.36098272,0.026858248,0.30944362,0.41404086,0.561,True,True,0,0.33219388
258,0.5,0.05,0.0,0.45,,0.4134884462226849,0.35832283,0.02723725,0.30460358,0.40894192,0.485,True,True,0,0.33000046
259,0.05,0.05,0.4,0.5,,0.4134884462226849,0.3588511,0.027036523,0.30500135,0.40960503,0.505,True,True,0,0.33026543
260,0.05,0.1,0.2,0.65,,0.4134884462226849,0.36029738,0.026983265,0.30667078,0.41140595,0.533,True,True,0,0.33146608
261,0.1,0.1,0.15,0.65,,0.4134884462226849,0.36006233,0.02716321,0.30769023,0.41175786,0.528,True,True,1,0.33131647
262,0.15,0.1,0.1,0.65,,0.4134884462226849,0.35973307,0.027126241,0.3071077,0.41079813,0.53,True,True,0,0.33096594
263,0.3,0.05,0.1,0.55,,0.4134884462226849,0.35768247,0.027313175,0.30354992,0.40795976,0.463,True,True,0,0.32939458
264,0.35,0.05,0.05,0.55,,0.4134884462226849,0.35732928,0.027492153,0.30321,0.4088336,0.462,True,True,0,0.32925737
265,0.0,0.05,0.3,0.65,,0.4134884462226849,0.35733032,0.027640814,0.3027272,0.4085397,0.468,True,True,0,0.32873747
266,0.3,0.3,0.05,0.35,,0.4134201373428939,0.3628711,0.026773326,0.31246543,0.41420984,0.661,True,True,0,0.33751723
267,0.35,0.15,0.0,0.5,,0.4134201373428939,0.36196715,0.026541142,0.31145042,0.41400173,0.587,True,True,0,0.33433098
268,0.2,0.15,0.15,0.5,,0.4134201373428939,0.36237305,0.026355123,0.31221735,0.41314572,0.6,True,True,0,0.33451357
269,0.15,0.25,0.15,0.45,,0.4134201373428937,0.36255777,0.026647132,0.31138825,0.4139618,0.64,True,True,0,0.33617547
270,0.2,0.25,0.1,0.45,,0.4134201373428937,0.36264086,0.026567431,0.31065562,0.41547722,0.641,True,True,0,0.33615217
271,0.25,0.05,0.3,0.4,,0.4134201373428937,0.3594559,0.027163146,0.3078325,0.41044095,0.514,True,True,0,0.33078223
272,0.3,0.05,0.25,0.4,,0.4134201373428937,0.35949564,0.027132362,0.30633724,0.4120483,0.512,True,True,0,0.33080584
273,0.35,0.05,0.2,0.4,,0.4134201373428937,0.3592299,0.027121443,0.30560175,0.41015545,0.502,True,True,0,0.33052334
274,0.4,0.05,0.15,0.4,,0.4134201373428937,0.35922024,0.027261956,0.30574337,0.41063955,0.507,True,True,0,0.3304469
275,0.55,0.05,0.0,0.4,,0.4134201373428937,0.35881805,0.0271385,0.30597568,0.41021955,0.509,True,True,0,0.3303447
276,0.0,0.0,0.4,0.6,,0.4133543456359908,0.35597333,0.02749902,0.30166167,0.4066366,0.435,True,True,1,0.32759693
277,0.15,0.0,0.2,0.65,,0.4133543456359908,0.3544688,0.027681012,0.29980767,0.40548846,0.41,True,True,1,0.3262471
278,0.3,0.0,0.25,0.45,,0.4133381452149228,0.35748184,0.027373988,0.30286762,0.40770438,0.468,True,True,1,0.32872787
279,0.0,0.0,0.55,0.45,,0.4133381452149228,0.3578315,0.027220365,0.30421057,0.4083289,0.479,True,True,2,0.3286676
280,0.05,0.0,0.5,0.45,,0.4133381452149228,0.3583985,0.027312933,0.30437526,0.40802717,0.494,True,True,1,0.3290889
281,0.1,0.0,0.45,0.45,,0.4133381452149228,0.35829076,0.027275609,0.3046476,0.40865707,0.488,True,True,2,0.3293389
282,0.15,0.8,0.0,0.05,,0.4133213108161921,0.3543817,0.027923524,0.29965958,0.40932965,0.282,True,True,1,0.32991964
283,0.05,0.75,0.0,0.2,,0.4133213108161921,0.35670406,0.02776996,0.30361357,0.40809387,0.364,True,True,2,0.3306313
284,0.05,0.6,0.2,0.15,,0.4133213108161921,0.3583038,0.027362207,0.3047749,0.4097782,0.478,True,True,0,0.33374456
285,0.15,0.5,0.1,0.25,,0.4133213108161921,0.3602272,0.027149837,0.3074036,0.41416517,0.574,True,True,0,0.33586517
286,0.0,0.6,0.25,0.15,,0.4133213108161921,0.35618117,0.027177198,0.30304143,0.40833136,0.391,True,True,0,0.3316148
287,0.0,0.55,0.25,0.2,,0.4133213108161921,0.35867137,0.027219279,0.30567873,0.4112836,0.498,True,True,0,0.33412686
288,0.2,0.5,0.05,0.25,,0.4133213108161921,0.3607311,0.027127197,0.30772325,0.41366455,0.6,True,True,0,0.33617947
289,0.25,0.5,0.05,0.2,,0.4133213108161921,0.36068565,0.027004777,0.3084133,0.41516468,0.596,True,True,0,0.3361773
290,0.25,0.55,0.1,0.1,,0.4133051103951242,0.35996604,0.027070582,0.30724356,0.4107344,0.559,True,True,0,0.33633938
291,0.35,0.55,0.0,0.1,,0.4133051103951242,0.36042306,0.027163256,0.3065062,0.41204286,0.587,True,True,0,0.33620343
292,0.15,0.55,0.1,0.2,,0.4133051103951242,0.3596041,0.027096039,0.30666128,0.4132572,0.546,True,True,0,0.33521518
293,0.3,0.55,0.0,0.15,,0.4133051103951242,0.36041868,0.027138395,0.30689305,0.4114955,0.582,True,True,0,0.33599332
294,0.3,0.7,0.0,0.0,,0.413304918181762,0.35772008,0.02784069,0.30504754,0.41108066,0.454,True,True,1,0.3345039
295,0.25,0.6,0.1,0.05,,0.413304918181762,0.35991666,0.027437951,0.30728117,0.41246828,0.557,True,True,0,0.33595806
296,0.1,0.45,0.2,0.25,,0.4132883480789797,0.36019915,0.027138844,0.30767524,0.41188827,0.57,True,True,1,0.33618143
297,0.0,0.45,0.3,0.25,,0.4132883480789797,0.36010197,0.027061692,0.3073435,0.41087386,0.572,True,True,0,0.33560574
298,0.05,0.45,0.25,0.25,,0.4132883480789797,0.36047968,0.027137522,0.30830333,0.41272026,0.582,True,True,1,0.3363042
299,0.2,0.45,0.05,0.3,,0.4132883480789797,0.36108553,0.027268637,0.30708697,0.41387546,0.621,True,True,0,0.33664274
300,0.45,0.4,0.0,0.15,,0.4132883480789797,0.36211836,0.026706982,0.31046078,0.4138239,0.644,True,True,1,0.33778724
301,0.3,0.4,0.05,0.25,,0.4132883480789797,0.3619613,0.026929198,0.30996913,0.41561145,0.628,True,True,1,0.3373386
302,0.25,0.45,0.2,0.1,,0.4132719554445495,0.3616758,0.027035812,0.30995667,0.4123468,0.63,True,True,0,0.33756903
303,0.95,0.0,0.05,0.0,,0.4130645316087479,0.36227366,0.02690801,0.30909213,0.41299996,0.589,True,True,2,0.33317265
304,0.55,0.0,0.4,0.05,,0.4130645316087479,0.36020333,0.026944473,0.30761313,0.4111881,0.525,True,True,0,0.3307101
305,0.65,0.0,0.35,0.0,,0.4130645316087479,0.36089656,0.027023392,0.3069476,0.41242245,0.551,True,True,3,0.33144805
306,0.15,0.0,0.6,0.25,,0.4130483311876801,0.35688797,0.027109357,0.30475858,0.40815923,0.458,True,True,0,0.3277903
307,0.2,0.0,0.55,0.25,,0.4130483311876801,0.35771513,0.027214026,0.30426648,0.40751788,0.482,True,True,1,0.32852465
308,0.05,0.0,0.65,0.3,,0.4130483311876801,0.35602075,0.027113132,0.30400318,0.4072013,0.439,True,True,0,0.32708442
309,0.4,0.0,0.35,0.25,,0.4130321307666121,0.3599464,0.02746491,0.30663133,0.40975302,0.53,True,True,3,0.33072224
310,0.35,0.0,0.35,0.3,,0.4130321307666121,0.35935518,0.027480105,0.30540618,0.40864253,0.517,True,True,0,0.33028543
311,0.2,0.4,0.1,0.3,,0.413001645738467,0.36197203,0.027114112,0.30862594,0.41580144,0.648,True,True,3,0.33725524
312,0.3,0.35,0.0,0.35,,0.4129683105291244,0.36226156,0.02680429,0.31262842,0.41322932,0.646,True,True,0,0.3378249
313,0.0,0.25,0.05,0.7,,0.4129678566121459,0.36225563,0.026760709,0.31233117,0.41291752,0.611,True,True,1,0.33513066
314,0.05,0.25,0.05,0.65,,0.4129678566121459,0.36229867,0.02667027,0.3107096,0.41348076,0.617,True,True,1,0.3355273
315,0.1,0.25,0.0,0.65,,0.4129678566121459,0.3623208,0.02661294,0.31027088,0.41216022,0.615,True,True,1,0.33550698
316,0.25,0.2,0.0,0.55,,0.4129678566121459,0.36214972,0.026669685,0.31006393,0.41413134,0.603,True,True,0,0.33508822
317,0.05,0.2,0.05,0.7,,0.4129678566121459,0.36166832,0.026971921,0.31134802,0.41364667,0.586,True,True,1,0.33416593
318,0.15,0.2,0.0,0.65,,0.4129678566121459,0.36172414,0.02675669,0.31112936,0.41387564,0.587,True,True,0,0.3347441
319,0.0,0.1,0.1,0.8,,0.4129678566121459,0.3583326,0.027596643,0.30398864,0.41075596,0.479,True,True,1,0.32863992
320,0.0,0.05,0.2,0.75,,0.4129674513915354,0.35534808,0.027960192,0.3004392,0.40728688,0.424,True,True,1,0.3267638
321,0.05,0.05,0.15,0.75,,0.4129674513915354,0.35515302,0.02792193,0.29965547,0.40729877,0.415,True,True,0,0.32643783
322,0.0,0.8,0.0,0.2,,0.4128636716751424,0.35540235,0.027701484,0.30387536,0.407898,0.302,True,True,6,0.32982314
323,0.0,0.5,0.05,0.45,,0.4127988326100406,0.3610512,0.027295103,0.30765164,0.41269207,0.622,True,True,2,0.3356081
324,0.5,0.0,0.5,0.0,,0.4126392933098339,0.3584916,0.026952455,0.30646962,0.40923968,0.482,True,True,1,0.32896665
325,0.0,0.1,0.05,0.85,,0.4125892840273594,0.35717016,0.027528092,0.30463803,0.40882608,0.464,True,True,2,0.32732987
326,0.05,0.1,0.0,0.85,,0.4125892840273594,0.35673764,0.027591491,0.30336133,0.4079937,0.453,True,True,2,0.326842
327,0.6,0.0,0.25,0.15,,0.4125664386831063,0.36089092,0.027178988,0.30686992,0.4106796,0.541,True,True,0,0.33141556
328,0.2,0.25,0.35,0.2,,0.4125608026573037,0.3627089,0.026519332,0.3121104,0.4139338,0.618,True,True,0,0.33706027
329,0.1,0.25,0.45,0.2,,0.4125608026573037,0.36058274,0.026462605,0.3110261,0.4103349,0.559,True,True,0,0.33518162
330,0.35,0.25,0.4,0.0,,0.4125608026573037,0.36015624,0.026307182,0.3096513,0.410369,0.539,True,True,0,0.3352718
331,0.0,0.25,0.45,0.3,,0.4125608026573037,0.36089274,0.026567183,0.30968043,0.41142857,0.56,True,True,0,0.33554995
332,0.05,0.15,0.55,0.25,,0.4125608026573037,0.36047563,0.026338007,0.31136844,0.4129815,0.552,True,True,0,0.33230686
333,0.1,0.25,0.3,0.35,,0.4125608026573037,0.36207253,0.026631843,0.31124076,0.41334397,0.626,True,True,1,0.33661693
334,0.15,0.25,0.25,0.35,,0.4125608026573037,0.36219865,0.026719466,0.31136033,0.4146019,0.63,True,True,0,0.33704615
335,0.1,0.25,0.2,0.45,,0.4125608026573037,0.3626384,0.026669715,0.30998877,0.4133381,0.648,True,True,0,0.33635685
336,0.0,0.2,0.3,0.5,,0.4125608026573037,0.3622653,0.02652129,0.31093404,0.41437918,0.611,True,True,1,0.33449563
337,0.0,0.2,0.2,0.6,,0.4125608026573037,0.36211804,0.026623804,0.31216854,0.41340095,0.612,True,True,2,0.33493283
338,0.85,0.0,0.1,0.05,,0.4125258903623587,0.36162657,0.026988484,0.30834806,0.41373423,0.563,True,True,0,0.33237714
339,0.5,0.25,0.05,0.2,,0.4124924937775125,0.36330894,0.026580473,0.31323138,0.41434765,0.648,True,True,0,0.33784005
340,0.15,0.2,0.25,0.4,,0.4124924937775125,0.3625941,0.02633596,0.31281227,0.41396162,0.622,True,True,0,0.33559558
341,0.2,0.2,0.2,0.4,,0.4124924937775125,0.36291826,0.0264712,0.31266597,0.41425574,0.628,True,True,0,0.33581588
342,0.25,0.2,0.2,0.35,,0.4124924937775125,0.36298156,0.026452193,0.31205082,0.41537306,0.626,True,True,0,0.33607212
343,0.3,0.2,0.15,0.35,,0.4124924937775125,0.3633497,0.026517935,0.31239673,0.41599095,0.64,True,True,0,0.33631724
344,0.2,0.2,0.15,0.45,,0.4124924937775125,0.36293396,0.02643008,0.313754,0.4160349,0.628,True,True,1,0.33574948
345,0.15,0.15,0.4,0.3,,0.4124924937775125,0.36378044,0.026212446,0.31461358,0.41356653,0.628,True,True,4,0.3356213
346,0.2,0.15,0.35,0.3,,0.4124924937775125,0.36397925,0.026320703,0.31441516,0.41480964,0.631,True,True,0,0.33617747
347,0.2,0.15,0.3,0.35,,0.4124924937775125,0.3632056,0.026309954,0.31378523,0.41430205,0.621,True,True,2,0.33538625
348,0.25,0.15,0.25,0.35,,0.4124924937775125,0.36340955,0.0263016,0.31296682,0.41460446,0.62,True,True,1,0.33559564
349,0.3,0.15,0.2,0.35,,0.4124924937775125,0.3630975,0.026308255,0.31363252,0.41569746,0.611,True,True,0,0.33525574
350,0.3,0.15,0.25,0.3,,0.4124924937775125,0.36353788,0.026228676,0.31351662,0.41364327,0.616,True,True,0,0.33574417
351,0.35,0.15,0.15,0.35,,0.4124924937775125,0.36341688,0.02633737,0.31389272,0.41459313,0.62,True,True,0,0.33542067
352,0.35,0.15,0.2,0.3,,0.4124924937775125,0.36360005,0.026336823,0.31382215,0.41462994,0.618,True,True,0,0.33595282
353,0.4,0.15,0.1,0.35,,0.4124924937775125,0.36322615,0.026266264,0.31381646,0.41441056,0.627,True,True,1,0.3355055
354,0.4,0.15,0.15,0.3,,0.4124924937775125,0.36341247,0.026370602,0.3133373,0.41438475,0.612,True,True,0,0.3355375
355,0.45,0.15,0.1,0.3,,0.4124924937775125,0.3635611,0.026351266,0.3138433,0.41588646,0.617,True,True,0,0.33581302
356,0.5,0.2,0.0,0.3,,0.4124924937775125,0.3634905,0.026499538,0.31262693,0.41651064,0.642,True,True,1,0.33688486
357,0.55,0.2,0.0,0.25,,0.4124924937775125,0.3636214,0.026257098,0.31138328,0.41605297,0.645,True,True,0,0.33702347
358,0.35,0.15,0.05,0.45,,0.4124924937775125,0.36254948,0.02633227,0.3141148,0.4145589,0.606,True,True,0,0.3348769
359,0.65,0.15,0.0,0.2,,0.4124924937775125,0.3639611,0.026270619,0.3138183,0.4153642,0.637,True,True,0,0.33630523
360,0.15,0.1,0.3,0.45,,0.4124924937775125,0.3616354,0.026504073,0.31097007,0.41056442,0.584,True,True,0,0.33263326
361,0.25,0.1,0.25,0.4,,0.4124924937775125,0.36220765,0.02642238,0.3118698,0.41296288,0.583,True,True,0,0.33305815
362,0.3,0.1,0.15,0.45,,0.4124924937775125,0.36176404,0.02674497,0.31057823,0.41324595,0.584,True,True,0,0.3325446
363,0.15,0.15,0.45,0.25,,0.4124924937775125,0.3623334,0.02625068,0.31304067,0.413596,0.593,True,True,0,0.33392128
364,0.5,0.15,0.0,0.35,,0.4124924937775125,0.36321032,0.026339103,0.31329498,0.41494,0.614,True,True,0,0.33550408
365,0.05,0.1,0.45,0.4,,0.4124924937775125,0.36264673,0.026460629,0.31232104,0.41327372,0.61,True,True,1,0.33341578
366,0.1,0.1,0.4,0.4,,0.4124924937775125,0.3626246,0.026455378,0.3117501,0.41317815,0.606,True,True,0,0.33359092
367,0.2,0.1,0.35,0.35,,0.4124924937775125,0.36281472,0.026401283,0.312573,0.41252413,0.606,True,True,0,0.33394098
368,0.0,0.6,0.1,0.3,,0.4124098676718789,0.35894454,0.027468946,0.30579013,0.41353828,0.536,True,True,1,0.33368346
369,0.25,0.7,0.0,0.05,,0.412393667250811,0.35764378,0.027760474,0.3046264,0.41085064,0.432,True,True,2,0.334174
370,0.15,0.75,0.0,0.1,,0.4123936672508109,0.3561439,0.027969677,0.30363673,0.4096163,0.35,True,True,2,0.3312033
371,0.2,0.75,0.05,0.0,,0.4123936672508109,0.35663947,0.028026544,0.30235818,0.41095868,0.4,True,True,4,0.33345944
372,0.25,0.7,0.05,0.0,,0.4123936672508109,0.35802495,0.027794408,0.30408177,0.41111138,0.463,True,True,1,0.3347376
373,0.2,0.7,0.0,0.1,,0.4123936672508109,0.35766172,0.027724124,0.30541396,0.41011962,0.422,True,True,0,0.33282837
374,0.3,0.65,0.05,0.0,,0.4123936672508109,0.3595572,0.027630249,0.30706495,0.41309953,0.546,True,True,3,0.33562446
375,0.05,0.65,0.1,0.2,,0.4123936672508109,0.35793296,0.027557934,0.3033196,0.41155022,0.443,True,True,0,0.33267412
376,0.2,0.6,0.1,0.1,,0.4123936672508109,0.35908917,0.027377391,0.3059356,0.4115437,0.519,True,True,1,0.3354267
377,0.0,0.65,0.1,0.25,,0.4123936672508109,0.3582249,0.027764365,0.30381054,0.41347286,0.479,True,True,1,0.3326585
378,0.15,0.6,0.15,0.1,,0.4123936672508109,0.3592137,0.02728473,0.30727723,0.41263884,0.513,True,True,0,0.33499348
379,0.25,0.6,0.15,0.0,,0.4123936672508109,0.35846752,0.027429339,0.30679974,0.41149142,0.507,True,True,0,0.33418143
380,0.3,0.6,0.0,0.1,,0.4123936672508109,0.3594462,0.027369713,0.30726025,0.412047,0.549,True,True,0,0.33498675
381,0.2,0.6,0.05,0.15,,0.4123936672508109,0.35907787,0.027355243,0.3060739,0.41337478,0.538,True,True,0,0.33437595
382,0.0,0.6,0.15,0.25,,0.4123936672508109,0.35819313,0.027360698,0.30531943,0.41179472,0.472,True,True,1,0.33319324
383,0.05,0.55,0.3,0.1,,0.4123936672508109,0.35628316,0.027100416,0.30379796,0.40865675,0.38,True,True,0,0.33199015
384,0.0,0.6,0.2,0.2,,0.4123936672508109,0.35821685,0.027310647,0.30522695,0.41141075,0.475,True,True,1,0.3337337
385,0.0,0.55,0.35,0.1,,0.4123936672508109,0.35357562,0.027032267,0.3000752,0.4047917,0.293,True,True,0,0.32945105
386,0.0,0.6,0.3,0.1,,0.4123936672508109,0.35387492,0.027236464,0.30241725,0.40453845,0.278,True,True,0,0.32946765
387,0.1,0.7,0.05,0.15,,0.4123936672508109,0.35726252,0.02781936,0.30408615,0.40957713,0.405,True,True,1,0.33193785
388,0.05,0.7,0.05,0.2,,0.4123936672508109,0.35746202,0.027834915,0.30467656,0.40924624,0.42,True,True,0,0.33181074
389,0.25,0.55,0.2,0.0,,0.412377466829743,0.35866007,0.027100137,0.30699477,0.41045985,0.484,True,True,0,0.3346056
390,0.35,0.55,0.1,0.0,,0.412377466829743,0.36128736,0.027315622,0.3100019,0.4140256,0.598,True,True,4,0.33727264
391,0.2,0.55,0.25,0.0,,0.412377466829743,0.3571337,0.027115993,0.30460408,0.40880474,0.426,True,True,0,0.3330404
392,0.3,0.45,0.2,0.05,,0.4123607045135984,0.36131203,0.02708056,0.30978993,0.41238156,0.605,True,True,0,0.33758566
393,0.15,0.45,0.2,0.2,,0.4123607045135984,0.36093777,0.026980054,0.3081846,0.4123537,0.595,True,True,0,0.33719534
394,0.2,0.45,0.15,0.2,,0.4123607045135984,0.36093906,0.02711861,0.3085245,0.41331792,0.593,True,True,0,0.33692172
395,0.3,0.4,0.1,0.2,,0.4123607045135984,0.36185226,0.02685884,0.30962762,0.41447845,0.63,True,True,0,0.3379739
396,0.35,0.4,0.05,0.2,,0.4123607045135984,0.3621096,0.026843332,0.3097607,0.41448683,0.638,True,True,0,0.33775407
397,0.2,0.45,0.2,0.15,,0.4123607045135984,0.36151624,0.026822016,0.3086262,0.41200435,0.623,True,True,0,0.3375845
398,0.35,0.35,0.25,0.05,,0.4120635199921748,0.36222866,0.026828548,0.31262466,0.41256446,0.641,True,True,0,0.3381566
399,0.4,0.35,0.2,0.05,,0.4120635199921748,0.36337128,0.026926707,0.31231725,0.41460365,0.671,True,True,3,0.33928505
400,0.2,0.45,0.25,0.1,,0.4120635199921748,0.36037767,0.026976364,0.3085855,0.4109546,0.577,True,True,0,0.33634487
401,0.2,0.4,0.25,0.15,,0.4120635199921748,0.3618075,0.026779972,0.31048,0.41326857,0.631,True,True,0,0.33776927
402,0.25,0.4,0.25,0.1,,0.4120635199921748,0.36160684,0.026937064,0.31167197,0.41219136,0.612,True,True,0,0.3375884
403,0.35,0.4,0.2,0.05,,0.4120635199921748,0.36241382,0.027026763,0.31084582,0.41417646,0.644,True,True,2,0.33842006
404,0.35,0.1,0.0,0.55,,0.4120547544664126,0.36054212,0.026995605,0.30760515,0.41224843,0.542,True,True,0,0.33183667
405,0.1,0.1,0.0,0.8,,0.4120547544664126,0.35782006,0.027546195,0.30355403,0.41005272,0.469,True,True,1,0.3280551
406,0.2,0.2,0.05,0.55,,0.4120547544664125,0.3621864,0.026703844,0.31152946,0.41401744,0.596,True,True,0,0.3352084
407,0.25,0.1,0.1,0.55,,0.4120547544664125,0.36074844,0.026972163,0.30868772,0.41404086,0.549,True,True,0,0.33224156
408,0.15,0.1,0.15,0.6,,0.4120547544664125,0.36050385,0.026969401,0.30789468,0.41176134,0.542,True,True,0,0.33185887
409,0.2,0.1,0.1,0.6,,0.4120547544664125,0.36037645,0.027087415,0.30766118,0.4120874,0.534,True,True,1,0.33172274
410,0.25,0.1,0.05,0.6,,0.4120547544664125,0.3602501,0.027172094,0.30625582,0.41225216,0.54,True,True,0,0.3315158
411,0.0,0.05,0.25,0.7,,0.4120547544664125,0.35638314,0.027632141,0.3018199,0.4070756,0.442,True,True,2,0.32828447
412,0.1,0.05,0.2,0.65,,0.4120547544664125,0.3568106,0.02763236,0.3016038,0.4086456,0.458,True,True,0,0.32861203
413,0.15,0.05,0.15,0.65,,0.4120547544664125,0.35655198,0.027707761,0.30136734,0.407751,0.458,True,True,0,0.3283627
414,0.2,0.05,0.15,0.6,,0.4120547544664125,0.35724726,0.02752235,0.30302984,0.40830398,0.461,True,True,0,0.32889423
415,0.25,0.05,0.0,0.7,,0.4120547544664125,0.3550765,0.027868861,0.29884458,0.40658742,0.402,True,True,1,0.32649726
416,0.15,0.25,0.4,0.2,,0.4120059609898466,0.36174273,0.026549058,0.31068075,0.41250595,0.6,True,True,0,0.33609226
417,0.1,0.25,0.15,0.5,,0.4119864455866214,0.36248985,0.026648505,0.30997288,0.4143303,0.639,True,True,0,0.33599785
418,0.3,0.15,0.05,0.5,,0.4119864455866214,0.36196804,0.026510911,0.31094125,0.4131261,0.591,True,True,0,0.33451548
419,0.05,0.25,0.15,0.55,,0.4119864455866214,0.36222202,0.02661752,0.31101424,0.41414282,0.621,True,True,0,0.33584622
420,0.1,0.25,0.1,0.55,,0.4119864455866214,0.3622105,0.026703529,0.31038964,0.41385287,0.627,True,True,0,0.33577773
421,0.25,0.15,0.1,0.5,,0.4119864455866214,0.362195,0.026369555,0.31331083,0.41354358,0.593,True,True,1,0.3346268
422,0.2,0.05,0.35,0.4,,0.4119864455866213,0.35953835,0.027101172,0.30728865,0.41174218,0.519,True,True,0,0.33079362
423,0.3,0.05,0.2,0.45,,0.4119864455866213,0.358752,0.027177438,0.30497175,0.41036016,0.489,True,True,2,0.3300942
424,0.7,0.1,0.0,0.2,,0.4119864455866213,0.36344534,0.026447631,0.31247702,0.41336635,0.613,True,True,0,0.3344055
425,0.1,0.05,0.4,0.45,,0.4119864455866213,0.3591672,0.026996287,0.30705962,0.41079783,0.502,True,True,1,0.33051267
426,0.55,0.05,0.05,0.35,,0.4119864455866213,0.3595375,0.027218977,0.30498752,0.41039,0.519,True,True,0,0.33074328
427,0.1,0.15,0.5,0.25,,0.4119376521100554,0.3614002,0.026301341,0.31249487,0.41214797,0.582,True,True,0,0.3330741
428,0.15,0.0,0.25,0.6,,0.4119206538797184,0.35544357,0.027704401,0.30171186,0.40592608,0.425,True,True,0,0.32727742
429,0.05,0.0,0.35,0.6,,0.4119206538797184,0.3559537,0.027434936,0.3011718,0.40736035,0.44,True,True,0,0.3275273
430,0.1,0.0,0.3,0.6,,0.4119206538797184,0.35574135,0.027575836,0.30006495,0.4066829,0.436,True,True,0,0.32749215
431,0.2,0.0,0.2,0.6,,0.4119206538797184,0.35518485,0.027755132,0.30085596,0.40636447,0.42,True,True,1,0.32696703
432,0.25,0.0,0.15,0.6,,0.4119206538797184,0.3547917,0.027770286,0.3016372,0.4066829,0.418,True,True,0,0.32671568
433,0.0,0.0,0.35,0.65,,0.4119206538797184,0.3553721,0.027543092,0.30129927,0.40584195,0.422,True,True,1,0.32710153
434,0.3,0.0,0.1,0.6,,0.4119206538797184,0.35433844,0.027839674,0.30091298,0.40651235,0.404,True,True,0,0.32643908
435,0.35,0.0,0.05,0.6,,0.4119206538797184,0.3539599,0.027798072,0.3001414,0.40565994,0.396,True,True,0,0.32608074
436,0.4,0.0,0.0,0.6,,0.4119206538797184,0.35372344,0.028017169,0.29816937,0.40735984,0.388,True,True,0,0.32551166
437,0.35,0.0,0.2,0.45,,0.4119044534586504,0.35739294,0.027543584,0.3017488,0.40887472,0.466,True,True,0,0.3285053
438,0.4,0.0,0.15,0.45,,0.4119044534586504,0.35732758,0.02757087,0.30184776,0.40883902,0.467,True,True,1,0.32843238
439,0.45,0.0,0.1,0.45,,0.4119044534586504,0.35701552,0.027655458,0.30257288,0.40927234,0.456,True,True,0,0.32848552
440,0.5,0.0,0.05,0.45,,0.4119044534586504,0.3565291,0.02773489,0.30221397,0.4075556,0.45,True,True,0,0.32826403
441,0.15,0.0,0.4,0.45,,0.4119044534586504,0.35794276,0.027351689,0.30358618,0.4085376,0.481,True,True,0,0.3292809
442,0.2,0.0,0.35,0.45,,0.4119044534586504,0.35789895,0.027384872,0.30338976,0.40878528,0.476,True,True,1,0.32911944
443,0.25,0.0,0.3,0.45,,0.4119044534586504,0.35802567,0.02726884,0.30404085,0.40778685,0.483,True,True,0,0.329293
444,0.0,0.0,0.45,0.55,,0.4119044534586504,0.3570217,0.02756973,0.30409196,0.40808266,0.461,True,True,1,0.3287017
445,0.05,0.0,0.4,0.55,,0.4119044534586504,0.3563755,0.027573796,0.3020544,0.40787786,0.449,True,True,0,0.32802156
446,0.1,0.0,0.35,0.55,,0.4119044534586504,0.35635945,0.02747635,0.3020329,0.40743893,0.44,True,True,0,0.3278869
447,0.15,0.0,0.3,0.55,,0.4119044534586504,0.35636544,0.027452083,0.30269805,0.40763208,0.446,True,True,0,0.32779953
448,0.4,0.0,0.05,0.55,,0.4119044534586504,0.35487133,0.027779324,0.3012434,0.40668362,0.416,True,True,0,0.3270365
449,0.45,0.0,0.0,0.55,,0.4119044534586504,0.35465002,0.027764723,0.30022752,0.406686,0.419,True,True,0,0.32687116
450,0.1,0.85,0.0,0.05,,0.4118876190599198,0.35298735,0.027880201,0.29975846,0.4041058,0.243,True,True,4,0.32825744
451,0.1,0.8,0.0,0.1,,0.4118876190599198,0.35497457,0.027996793,0.3017034,0.40985915,0.284,True,True,0,0.32963744
452,0.05,0.65,0.15,0.15,,0.4118876190599198,0.35751343,0.027521811,0.3038643,0.4115091,0.444,True,True,1,0.3332212
453,0.0,0.55,0.1,0.35,,0.4118876190599198,0.35972324,0.02732213,0.30394784,0.4125759,0.573,True,True,2,0.33480445
454,0.05,0.55,0.25,0.15,,0.4118876190599198,0.3581617,0.027131401,0.30691186,0.40948415,0.46,True,True,0,0.33382666
455,0.05,0.55,0.1,0.3,,0.4118876190599198,0.3598275,0.027329355,0.3062813,0.41211835,0.576,True,True,1,0.33505583
456,0.0,0.55,0.05,0.4,,0.4118876190599198,0.36017805,0.02747216,0.30572602,0.41309142,0.59,True,True,1,0.33448336
457,0.3,0.55,0.05,0.1,,0.4118714186388518,0.360171,0.027100174,0.30689657,0.41103292,0.577,True,True,1,0.33656624
458,0.2,0.55,0.1,0.15,,0.4118714186388518,0.35955054,0.027175335,0.30580005,0.41009772,0.537,True,True,0,0.33563137
459,0.25,0.55,0.05,0.15,,0.4118714186388518,0.36004212,0.027078114,0.3072299,0.4104252,0.562,True,True,0,0.33566454
460,0.3,0.5,0.0,0.2,,0.4118714186388518,0.36091837,0.026997836,0.30866617,0.4146012,0.61,True,True,0,0.33647028
461,0.2,0.65,0.1,0.05,,0.4118712264254896,0.3590394,0.027617933,0.30613992,0.41202807,0.516,True,True,0,0.33480716
462,0.15,0.7,0.1,0.05,,0.4118712264254896,0.35699603,0.027798986,0.30306825,0.40951338,0.407,True,True,1,0.3334865
463,0.05,0.65,0.2,0.1,,0.4118712264254896,0.35583952,0.027458305,0.3032331,0.4085797,0.341,True,True,0,0.3313117
464,0.0,0.5,0.1,0.4,,0.4118607068637482,0.36062285,0.02729593,0.3067081,0.4131908,0.607,True,True,2,0.33580494
465,0.35,0.4,0.0,0.25,,0.4118546563227073,0.36198175,0.026852606,0.30976087,0.41578662,0.633,True,True,0,0.33726156
466,0.25,0.4,0.1,0.25,,0.4118546563227073,0.36154306,0.026959669,0.309373,0.41393808,0.62,True,True,0,0.33716846
467,0.2,0.5,0.15,0.15,,0.4118546563227073,0.36065003,0.027071854,0.3087421,0.41226783,0.581,True,True,0,0.3369864
468,0.15,0.45,0.1,0.3,,0.4118546563227073,0.36081645,0.027086198,0.30717698,0.4127398,0.599,True,True,1,0.33658504
469,0.25,0.45,0.0,0.3,,0.4118546563227073,0.36107293,0.027201664,0.30803198,0.41494206,0.621,True,True,0,0.33681563
470,0.15,0.5,0.15,0.2,,0.4118546563227073,0.35999638,0.026992489,0.3070374,0.41206035,0.55,True,True,0,0.33618823
471,0.2,0.5,0.1,0.2,,0.4118546563227073,0.36028263,0.02696581,0.3079625,0.41309574,0.569,True,True,0,0.33606604
472,0.15,0.5,0.25,0.1,,0.4118546563227073,0.35914215,0.026963834,0.3071357,0.40965694,0.524,True,True,0,0.33505282
473,0.25,0.4,0.05,0.3,,0.4118546563227073,0.36199626,0.027044913,0.3092903,0.41620347,0.64,True,True,1,0.33726084
474,0.05,0.4,0.0,0.55,,0.4118546563227073,0.36214194,0.027107045,0.30781528,0.41303253,0.653,True,True,1,0.33639762
475,0.25,0.5,0.15,0.1,,0.4118384559016393,0.36125818,0.027074687,0.31002235,0.41277376,0.599,True,True,1,0.33730516
476,0.4,0.45,0.0,0.15,,0.4118384559016393,0.3615707,0.02705838,0.30848798,0.41268724,0.627,True,True,0,0.33726177
477,0.45,0.0,0.5,0.05,,0.4116308398524755,0.3586683,0.02695374,0.30561593,0.40868405,0.49,True,True,1,0.32903957
478,0.5,0.0,0.45,0.05,,0.4116308398524755,0.35936794,0.027018677,0.30661184,0.40938574,0.51,True,True,1,0.32972565
479,0.55,0.0,0.45,0.0,,0.4116308398524755,0.35952803,0.026921825,0.30748758,0.41116482,0.509,True,True,1,0.32996213
480,0.6,0.0,0.4,0.0,,0.4116308398524755,0.36016968,0.026955696,0.30807796,0.41179514,0.529,True,True,1,0.33060762
481,0.4,0.0,0.45,0.15,,0.4116146394314077,0.35954744,0.027252952,0.30636203,0.41006944,0.513,True,True,0,0.3302469
482,0.5,0.0,0.4,0.1,,0.4116146394314077,0.36041132,0.027123766,0.30661187,0.4109944,0.525,True,True,0,0.33074448
483,0.2,0.0,0.6,0.2,,0.4116146394314077,0.35677058,0.027120898,0.30350637,0.4081289,0.457,True,True,0,0.32753062
484,0.25,0.0,0.6,0.15,,0.4116146394314076,0.35684136,0.027166735,0.30366617,0.40831006,0.448,True,True,0,0.32733
485,0.15,0.0,0.65,0.2,,0.4116146394314076,0.355801,0.02710329,0.30374625,0.4057372,0.434,True,True,1,0.32635295
486,0.4,0.0,0.3,0.3,,0.4115984390103397,0.35913306,0.027264543,0.30486748,0.4094201,0.516,True,True,0,0.33036172
487,0.45,0.0,0.25,0.3,,0.4115984390103397,0.35896534,0.027176341,0.30512843,0.40797594,0.507,True,True,0,0.33004498
488,0.5,0.0,0.3,0.2,,0.4115984390103397,0.36036155,0.027204005,0.30767393,0.40997246,0.541,True,True,1,0.33080608
489,0.0,0.0,0.65,0.35,,0.4115984390103397,0.35596117,0.02705064,0.30323872,0.40574273,0.443,True,True,0,0.3269571
490,0.05,0.0,0.6,0.35,,0.4115984390103397,0.35691556,0.027004132,0.3049112,0.4070498,0.464,True,True,2,0.32798353
491,0.05,0.0,0.55,0.4,,0.4115822385892719,0.3577279,0.027160184,0.3044674,0.408532,0.481,True,True,0,0.3288253
492,0.15,0.0,0.5,0.35,,0.4115822385892719,0.3585207,0.027148629,0.3046485,0.40868637,0.496,True,True,0,0.32963204
493,0.2,0.0,0.45,0.35,,0.4115822385892719,0.3590793,0.02730628,0.30610573,0.4098379,0.506,True,True,1,0.33000147
494,0.25,0.0,0.4,0.35,,0.4115822385892719,0.3590537,0.02729373,0.3060811,0.40866035,0.506,True,True,0,0.3301392
495,0.1,0.0,0.55,0.35,,0.4115822385892719,0.3575556,0.027169887,0.3058495,0.40805855,0.47,True,True,0,0.32864878
496,0.0,0.45,0.35,0.2,,0.4115517535611268,0.35832617,0.026990382,0.30453205,0.40860707,0.491,True,True,1,0.33420765
497,0.05,0.45,0.3,0.2,,0.4115517535611268,0.35987175,0.026985774,0.30671978,0.41147676,0.561,True,True,0,0.33571
498,0.0,0.2,0.1,0.7,,0.4115179644348056,0.36161584,0.026864395,0.3109465,0.41477543,0.593,True,True,1,0.33440036
499,0.15,0.25,0.0,0.6,,0.4115179644348055,0.3625469,0.02662846,0.31139344,0.412992,0.624,True,True,2,0.33607012
500,0.1,0.05,0.05,0.8,,0.4115175592141951,0.35349643,0.028232155,0.2976632,0.40534356,0.389,True,True,0,0.3245255
501,0.15,0.05,0.0,0.8,,0.4115175592141951,0.35298958,0.02825109,0.29672256,0.40611413,0.381,True,True,0,0.32394153
502,0.05,0.8,0.1,0.05,,0.4114137794978021,0.35198417,0.027783921,0.29992,0.40383288,0.196,True,True,0,0.32936794
503,0.0,0.95,0.05,0.0,,0.4113813786556663,0.3416143,0.028105741,0.28590146,0.39468503,0.058,True,False,0,0.31408378
504,0.0,0.55,0.3,0.15,,0.4113813786556662,0.35670167,0.027065989,0.30282044,0.4080825,0.39,True,True,0,0.3320875
505,0.05,0.5,0.05,0.4,,0.4113489404327003,0.36086422,0.02713154,0.30838132,0.41292602,0.612,True,True,1,0.335621
506,0.1,0.5,0.0,0.4,,0.4113489404327003,0.36122656,0.027267748,0.30878365,0.4126961,0.629,True,True,0,0.33606154
507,0.05,0.45,0.05,0.45,,0.4113156052233576,0.36141932,0.027150506,0.30819944,0.4149489,0.632,True,True,0,0.3361802
508,0.0,0.2,0.0,0.8,,0.4111587724360792,0.3613796,0.02710209,0.3094616,0.4138757,0.579,True,True,7,0.33350194
509,0.15,0.3,0.3,0.25,,0.4111271109010314,0.36315197,0.026711212,0.31331065,0.41394717,0.655,True,True,2,0.33854282
510,0.1,0.3,0.3,0.3,,0.4111271109010314,0.3625851,0.026811356,0.31216344,0.41521376,0.631,True,True,2,0.33813646
511,0.3,0.25,0.4,0.05,,0.4111271109010314,0.3605597,0.026411712,0.31010938,0.41193068,0.559,True,True,2,0.33539078
512,0.05,0.25,0.45,0.25,,0.4111271109010314,0.36058125,0.026607022,0.31020468,0.410278,0.551,True,True,0,0.3349504
513,0.2,0.25,0.4,0.15,,0.4111271109010314,0.36137295,0.026564822,0.31122708,0.4104519,0.579,True,True,0,0.33585507
514,0.1,0.25,0.4,0.25,,0.4111271109010314,0.3617126,0.026476009,0.31183842,0.41172433,0.588,True,True,0,0.33636996
515,0.25,0.25,0.35,0.15,,0.4111271109010314,0.36242667,0.026384156,0.31257498,0.41249716,0.609,True,True,0,0.3371097
516,0.3,0.25,0.35,0.1,,0.4111271109010314,0.36189663,0.026501348,0.3112658,0.4115849,0.594,True,True,0,0.33674634
517,0.3,0.25,0.45,0.0,,0.4111271109010314,0.35864547,0.026438799,0.30883804,0.41013145,0.51,True,True,0,0.33372796
518,0.05,0.2,0.5,0.25,,0.4111271109010314,0.36044604,0.02650381,0.31051797,0.41064382,0.559,True,True,0,0.33383527
519,0.15,0.2,0.45,0.2,,0.4111271109010314,0.36134014,0.02645306,0.31135407,0.41024286,0.582,True,True,0,0.33481598
520,0.0,0.25,0.35,0.4,,0.4111271109010313,0.3621642,0.026734168,0.31185386,0.41284445,0.616,True,True,0,0.3362542
521,0.0,0.2,0.35,0.45,,0.4111271109010313,0.3621823,0.026565425,0.31089526,0.4141927,0.606,True,True,1,0.335027
522,0.05,0.2,0.35,0.4,,0.4111271109010313,0.36251336,0.026619587,0.3108951,0.41352928,0.617,True,True,1,0.33555496
523,0.05,0.25,0.2,0.5,,0.4111271109010313,0.3625557,0.026687104,0.31030223,0.41290197,0.642,True,True,0,0.33623323
524,0.05,0.25,0.25,0.45,,0.4111271109010313,0.36206442,0.026712412,0.308968,0.4143439,0.626,True,True,0,0.3358968
525,0.0,0.2,0.4,0.4,,0.4111271109010313,0.36279747,0.026542833,0.3123233,0.41383293,0.616,True,True,0,0.3356399
526,0.15,0.25,0.3,0.3,,0.4111271109010313,0.3627709,0.026516479,0.3125268,0.41557893,0.627,True,True,1,0.33742374
527,0.0,0.2,0.45,0.35,,0.4111271109010313,0.36238635,0.026307257,0.31180856,0.41174334,0.614,True,True,1,0.3353184
528,0.05,0.1,0.35,0.5,,0.4111271109010313,0.36134133,0.026585286,0.3107659,0.41189238,0.578,True,True,0,0.33231595
529,0.1,0.2,0.15,0.55,,0.4111271109010313,0.36233717,0.026562518,0.3123062,0.41342822,0.603,True,True,1,0.33544618
530,0.15,0.2,0.1,0.55,,0.4111271109010313,0.36230388,0.026576752,0.31150034,0.41392082,0.607,True,True,0,0.33542997
531,0.3,0.25,0.25,0.2,,0.4110588020212402,0.3636925,0.02662024,0.3137984,0.415537,0.656,True,True,0,0.33839962
532,0.4,0.25,0.1,0.25,,0.4110588020212401,0.36307484,0.026658146,0.31096107,0.41441232,0.641,True,True,0,0.33726543
533,0.2,0.25,0.2,0.35,,0.4110588020212401,0.36234778,0.026662663,0.31195527,0.41348612,0.626,True,True,0,0.33659068
534,0.1,0.2,0.3,0.4,,0.4110588020212401,0.3623958,0.02658577,0.3106492,0.41352928,0.621,True,True,0,0.3355955
535,0.35,0.3,0.05,0.3,,0.4110588020212401,0.36286417,0.026771517,0.31222245,0.41489476,0.646,True,True,1,0.33764142
536,0.45,0.3,0.0,0.25,,0.4110588020212401,0.3633357,0.026668971,0.31293488,0.41484946,0.667,True,True,0,0.33822167
537,0.05,0.2,0.3,0.45,,0.4110588020212401,0.3621433,0.02645443,0.31057066,0.41425994,0.604,True,True,0,0.33489776
538,0.1,0.2,0.25,0.45,,0.4110588020212401,0.36251017,0.026444368,0.31021327,0.41359988,0.613,True,True,0,0.33519006
539,0.15,0.2,0.2,0.45,,0.4110588020212401,0.3627149,0.026405362,0.31252,0.41460654,0.622,True,True,1,0.33555865
540,0.25,0.15,0.3,0.3,,0.4110588020212401,0.36389068,0.026241843,0.31430888,0.4154311,0.631,True,True,0,0.33614954
541,0.15,0.2,0.15,0.5,,0.4110588020212401,0.3625206,0.026485158,0.31310487,0.4145902,0.619,True,True,0,0.33539805
542,0.2,0.2,0.25,0.35,,0.4110588020212401,0.3630507,0.026446309,0.3116203,0.41447106,0.633,True,True,1,0.33643234
543,0.0,0.15,0.4,0.45,,0.4110588020212401,0.36263484,0.026383303,0.3128883,0.41467687,0.617,True,True,0,0.3344182
544,0.05,0.15,0.35,0.45,,0.4110588020212401,0.3625443,0.026334895,0.3123859,0.41461542,0.597,True,True,0,0.33456278
545,0.1,0.15,0.3,0.45,,0.4110588020212401,0.36244285,0.026418902,0.3131961,0.4141745,0.597,True,True,2,0.33447537
546,0.15,0.15,0.25,0.45,,0.4110588020212401,0.36260572,0.026387913,0.312856,0.4135288,0.603,True,True,0,0.3346385
547,0.05,0.2,0.2,0.55,,0.4110588020212401,0.36221677,0.026509358,0.3116143,0.4133275,0.607,True,True,1,0.33516407
548,0.0,0.15,0.45,0.4,,0.4110588020212401,0.36298224,0.02638592,0.31371942,0.41417235,0.615,True,True,0,0.33436275
549,0.05,0.15,0.4,0.4,,0.4110588020212401,0.36310568,0.026442647,0.31244034,0.41363865,0.624,True,True,0,0.3347957
550,0.35,0.15,0.35,0.15,,0.4110588020212401,0.36393416,0.02616096,0.31381842,0.41445673,0.633,True,True,4,0.33622223
551,0.45,0.2,0.05,0.3,,0.4110588020212401,0.3634267,0.02632765,0.31181657,0.41571987,0.647,True,True,0,0.33681485
552,0.6,0.2,0.0,0.2,,0.4110588020212401,0.3638451,0.026344996,0.31388602,0.41599452,0.655,True,True,0,0.33734414
553,0.7,0.1,0.15,0.05,,0.4110588020212401,0.36496595,0.026316391,0.31482115,0.4151486,0.651,True,True,4,0.33663762
554,0.0,0.1,0.5,0.4,,0.4110588020212401,0.36204135,0.026479693,0.3121106,0.41274175,0.599,True,True,0,0.3330331
555,0.1,0.1,0.35,0.45,,0.4110588020212401,0.36177537,0.026540969,0.31175128,0.4129623,0.585,True,True,0,0.33297142
556,0.15,0.1,0.35,0.4,,0.4110588020212401,0.3622681,0.026373254,0.31174415,0.41230935,0.597,True,True,1,0.33335605
557,0.2,0.1,0.3,0.4,,0.4110588020212401,0.36241966,0.026482759,0.31171954,0.41342553,0.597,True,True,0,0.33351788
558,0.25,0.1,0.35,0.3,,0.4110588020212401,0.36342987,0.026273752,0.31273985,0.41437176,0.619,True,True,1,0.33458635
559,0.35,0.1,0.3,0.25,,0.4110588020212401,0.36367664,0.026272375,0.3145635,0.41457546,0.625,True,True,0,0.3348747
560,0.25,0.1,0.3,0.35,,0.4110588020212401,0.36279526,0.0265995,0.3120544,0.4145764,0.612,True,True,0,0.3337299
561,0.3,0.1,0.25,0.35,,0.4110588020212401,0.3627835,0.026376484,0.31272823,0.41360122,0.61,True,True,0,0.3336515
562,0.35,0.1,0.2,0.35,,0.4110588020212401,0.36261272,0.02647284,0.3121427,0.41296777,0.599,True,True,1,0.33333725
563,0.3,0.1,0.2,0.4,,0.4110588020212401,0.36234578,0.026460174,0.31290147,0.4119343,0.592,True,True,0,0.33326864
564,0.35,0.1,0.15,0.4,,0.4110588020212401,0.36229417,0.026678687,0.31220102,0.41443864,0.59,True,True,0,0.3330098
565,0.6,0.1,0.3,0.0,,0.4110588020212401,0.3640634,0.026291218,0.31347078,0.4154672,0.627,True,True,3,0.33527973
566,0.65,0.1,0.25,0.0,,0.4110588020212401,0.3647541,0.0263172,0.31430474,0.41462657,0.644,True,True,4,0.33604473
567,0.7,0.1,0.2,0.0,,0.4110588020212401,0.36538965,0.026278792,0.31505248,0.41600606,0.66,True,True,2,0.33661446
568,0.15,0.15,0.5,0.2,,0.4110588020212401,0.36123353,0.026394434,0.31153005,0.41274226,0.584,True,True,0,0.33313963
569,0.2,0.15,0.5,0.15,,0.4110588020212401,0.3608595,0.026270626,0.31053782,0.4127074,0.57,True,True,0,0.33306468
570,0.3,0.15,0.4,0.15,,0.4110588020212401,0.36266693,0.026097301,0.312976,0.4139604,0.611,True,True,1,0.33534205
571,0.0,0.1,0.45,0.45,,0.4110588020212401,0.36225867,0.02653042,0.31174415,0.412691,0.59,True,True,0,0.3332181
572,0.2,0.05,0.4,0.35,,0.4110588020212401,0.36055624,0.026882704,0.30816504,0.41402626,0.529,True,True,0,0.33183014
573,0.15,0.1,0.4,0.35,,0.4110588020212401,0.3632488,0.026389824,0.31383407,0.41570187,0.604,True,True,0,0.33422095
574,0.1,0.1,0.55,0.25,,0.4110588020212401,0.36027697,0.026363572,0.309738,0.40981412,0.536,True,True,0,0.33119875
575,0.1,0.8,0.05,0.05,,0.4109599754945386,0.3535491,0.027875202,0.2993971,0.40588978,0.24,True,True,0,0.3306195
576,0.2,0.75,0.0,0.05,,0.4109599754945386,0.35601535,0.027966598,0.3021363,0.40940824,0.345,True,True,0,0.33202827
577,0.05,0.75,0.1,0.1,,0.4109599754945385,0.35474733,0.02765978,0.30080652,0.40843776,0.286,True,True,1,0.33110252
578,0.15,0.7,0.05,0.1,,0.4109599754945385,0.35686278,0.027770763,0.30397618,0.40967068,0.386,True,True,0,0.3327749
579,0.2,0.7,0.05,0.05,,0.4109599754945385,0.35689992,0.0277463,0.3039569,0.4094055,0.388,True,True,1,0.33383718
580,0.25,0.65,0.1,0.0,,0.4109599754945385,0.35889655,0.027614282,0.3050131,0.41243476,0.514,True,True,3,0.3345545
581,0.1,0.65,0.15,0.1,,0.4109599754945385,0.35785004,0.027488017,0.30467916,0.4108546,0.447,True,True,0,0.33362812
582,0.3,0.6,0.05,0.05,,0.4109599754945385,0.3593353,0.027346656,0.30687734,0.41233087,0.541,True,True,1,0.33576986
583,0.25,0.6,0.05,0.1,,0.4109599754945385,0.35917452,0.027282469,0.30768567,0.41155124,0.532,True,True,0,0.33553264
584,0.0,0.65,0.2,0.15,,0.4109599754945385,0.35662124,0.027387029,0.30298463,0.40948886,0.384,True,True,0,0.33197922
585,0.05,0.65,0.05,0.25,,0.4109599754945385,0.358716,0.02770162,0.30455458,0.4113415,0.509,True,True,0,0.333048
586,0.2,0.6,0.2,0.0,,0.4109599754945385,0.35709026,0.027370332,0.30491227,0.40964663,0.435,True,True,0,0.33279473
587,0.05,0.6,0.3,0.05,,0.4109599754945385,0.35283297,0.027296858,0.30099612,0.40556625,0.246,True,True,0,0.32842314
588,0.15,0.6,0.25,0.0,,0.4109599754945385,0.35497117,0.02750201,0.30316722,0.4084344,0.341,True,True,0,0.33073127
589,0.1,0.65,0.1,0.15,,0.4109599754945385,0.35762638,0.0276211,0.3041705,0.41193584,0.448,True,True,0,0.33341897
590,0.2,0.65,0.0,0.15,,0.4109599754945385,0.3587486,0.027580993,0.3042794,0.4119789,0.501,True,True,1,0.33377388
591,0.15,0.55,0.3,0.0,,0.4109437750734706,0.3548909,0.027177481,0.30246246,0.40540138,0.342,True,True,0,0.33076894
592,0.2,0.5,0.25,0.05,,0.410927012757326,0.35900992,0.027215868,0.30666748,0.41112766,0.497,True,True,1,0.3346065
593,0.25,0.4,0.15,0.2,,0.410927012757326,0.3615138,0.02678624,0.31019458,0.41361263,0.618,True,True,0,0.33772737
594,0.35,0.45,0.15,0.05,,0.410927012757326,0.36238733,0.027037157,0.31090406,0.41401404,0.643,True,True,0,0.33869264
595,0.25,0.45,0.15,0.15,,0.410927012757326,0.36135224,0.026997598,0.30862957,0.41143325,0.61,True,True,1,0.33774105
596,0.3,0.45,0.1,0.15,,0.410927012757326,0.3612469,0.027061082,0.30837655,0.41186708,0.603,True,True,0,0.33766842
597,0.15,0.45,0.15,0.25,,0.410927012757326,0.3605325,0.027088093,0.3079625,0.41229948,0.583,True,True,1,0.33628583
598,0.2,0.45,0.1,0.25,,0.410927012757326,0.36081007,0.027026689,0.30774415,0.41179502,0.6,True,True,0,0.3364521
599,0.25,0.45,0.1,0.2,,0.410927012757326,0.3611351,0.027081937,0.30773094,0.41239515,0.614,True,True,0,0.33677033
600,0.3,0.45,0.05,0.2,,0.410927012757326,0.36138266,0.027038896,0.30804887,0.41302478,0.633,True,True,0,0.33715764
601,0.15,0.5,0.3,0.05,,0.410927012757326,0.3575892,0.027205972,0.30467156,0.4118253,0.454,True,True,1,0.33331084
602,0.3,0.45,0.15,0.1,,0.410927012757326,0.36185455,0.026985923,0.30976495,0.41287196,0.631,True,True,1,0.33807373
603,0.0,0.5,0.25,0.25,,0.410927012757326,0.35983515,0.027203823,0.3071142,0.41185212,0.567,True,True,0,0.33552724
604,0.4,0.5,0.1,0.0,,0.4109108123362581,0.3624258,0.027172087,0.3099978,0.4139922,0.655,True,True,2,0.3383184
605,0.25,0.5,0.25,0.0,,0.4109108123362581,0.3588459,0.027188428,0.30616805,0.41245747,0.509,True,True,0,0.33477306
606,0.3,0.5,0.2,0.0,,0.4109108123362581,0.35994208,0.027107706,0.30726287,0.41331804,0.543,True,True,0,0.3358392
607,0.3,0.5,0.15,0.05,,0.4109108123362581,0.36157945,0.02721399,0.30999216,0.41328433,0.615,True,True,0,0.3373913
608,0.0,0.15,0.0,0.85,,0.410907812058123,0.35954484,0.027135326,0.30781627,0.4103048,0.517,True,True,4,0.33070394
609,0.0,0.25,0.0,0.75,,0.4106595557202842,0.3625563,0.026946813,0.311551,0.41447914,0.632,True,True,7,0.3353632
610,0.05,0.1,0.05,0.8,,0.4106210627101402,0.35817763,0.027622182,0.30298868,0.41006353,0.483,True,True,2,0.32839915
611,0.2,0.3,0.1,0.4,,0.4106210627101401,0.36255357,0.026735224,0.31103697,0.41275302,0.652,True,True,0,0.33724877
612,0.3,0.1,0.05,0.55,,0.4106210627101401,0.36063606,0.026966872,0.3090147,0.41314164,0.546,True,True,1,0.33192128
613,0.25,0.05,0.1,0.6,,0.4106210627101401,0.3569134,0.027444545,0.3030936,0.40685955,0.45,True,True,1,0.3288859
614,0.05,0.05,0.2,0.7,,0.4106210627101401,0.35594925,0.02776767,0.3004292,0.40741336,0.433,True,True,1,0.32776967
615,0.1,0.05,0.15,0.7,,0.4106210627101401,0.35571364,0.027778948,0.30082497,0.40721208,0.434,True,True,0,0.32731244
616,0.15,0.05,0.1,0.7,,0.4106210627101401,0.3554995,0.027825551,0.3003904,0.407228,0.438,True,True,0,0.3271788
617,0.2,0.05,0.1,0.65,,0.4106210627101401,0.35628295,0.027715603,0.301035,0.4077646,0.451,True,True,0,0.32787552
618,0.25,0.05,0.05,0.65,,0.4106210627101401,0.35601276,0.027750773,0.3015507,0.40760028,0.441,True,True,0,0.32767868
619,0.3,0.05,0.05,0.6,,0.4106210627101401,0.35664666,0.027500857,0.30339023,0.4071956,0.453,True,True,0,0.32855666
620,0.35,0.05,0.0,0.6,,0.4106210627101401,0.35645872,0.027584812,0.3023534,0.40666053,0.443,True,True,0,0.32819167
621,0.35,0.35,0.3,0.0,,0.4106136278148345,0.36093318,0.026879013,0.30990767,0.4125896,0.571,True,True,0,0.3374078
622,0.25,0.4,0.2,0.15,,0.4106136278148345,0.3621929,0.026670065,0.31065246,0.41330406,0.646,True,True,0,0.3382322
623,0.25,0.45,0.25,0.05,,0.4106136278148344,0.35973874,0.027208354,0.30726287,0.41081694,0.535,True,True,0,0.33604166
624,0.4,0.4,0.2,0.0,,0.4106136278148344,0.3619782,0.027047185,0.3102285,0.41380385,0.617,True,True,0,0.33804843
625,0.3,0.35,0.3,0.05,,0.4106136278148344,0.36102945,0.026908593,0.30870435,0.41237298,0.579,True,True,0,0.33724326
626,0.1,0.45,0.3,0.15,,0.4106136278148344,0.3592686,0.026997248,0.3067187,0.41082224,0.517,True,True,0,0.33530474
627,1.0,0.0,0.0,0.0,only_f1,0.4106103061015126,0.36198568,0.026987845,0.30923462,0.41321853,0.58,True,True,7,0.33269513
628,0.15,0.25,0.1,0.5,,0.4105527538303489,0.3623479,0.026624344,0.3107163,0.4133496,0.627,True,True,0,0.33593538
629,0.2,0.25,0.05,0.5,,0.4105527538303489,0.3624825,0.026796447,0.31210974,0.4133092,0.634,True,True,2,0.3362227
630,0.25,0.25,0.0,0.5,,0.4105527538303489,0.36241668,0.02667013,0.31171083,0.414595,0.62,True,True,1,0.33626857
631,0.3,0.2,0.0,0.5,,0.4105527538303489,0.3623905,0.026647985,0.3102075,0.41513008,0.603,True,True,0,0.335422
632,0.15,0.05,0.35,0.45,,0.4105527538303489,0.35886732,0.027131064,0.30642027,0.410762,0.498,True,True,0,0.33048347
633,0.2,0.05,0.3,0.45,,0.4105527538303489,0.3586446,0.027072534,0.30439493,0.40836757,0.486,True,True,1,0.32993978
634,0.25,0.05,0.25,0.45,,0.4105527538303489,0.35879597,0.027176032,0.30644587,0.41117376,0.486,True,True,0,0.33014944
635,0.3,0.05,0.3,0.35,,0.4105527538303489,0.3598821,0.027002342,0.30883408,0.41308764,0.53,True,True,0,0.3311445
636,0.35,0.05,0.25,0.35,,0.4105527538303489,0.3597891,0.027043508,0.30820894,0.41166183,0.521,True,True,0,0.3312966
637,0.4,0.05,0.2,0.35,,0.4105527538303489,0.35987312,0.027069177,0.30764237,0.41117734,0.525,True,True,0,0.33143952
638,0.4,0.05,0.25,0.3,,0.4105527538303489,0.36011627,0.026998471,0.30736274,0.4108251,0.532,True,True,1,0.33181274
639,0.45,0.05,0.15,0.35,,0.4105527538303489,0.35959318,0.027097777,0.30633098,0.41116285,0.516,True,True,0,0.3309159
640,0.45,0.05,0.2,0.3,,0.4105527538303489,0.3600037,0.027056001,0.3079818,0.40989116,0.537,True,True,0,0.33157116
641,0.5,0.05,0.1,0.35,,0.4105527538303489,0.35956785,0.027137557,0.30612385,0.41078046,0.517,True,True,0,0.33082387
642,0.5,0.05,0.15,0.3,,0.4105527538303489,0.3600959,0.027068634,0.30764815,0.40903538,0.537,True,True,0,0.33150685
643,0.15,0.25,0.05,0.55,,0.4105527538303489,0.36230886,0.026695214,0.31039512,0.4141904,0.623,True,True,0,0.3360382
644,0.6,0.05,0.0,0.35,,0.4105527538303489,0.35946944,0.02722267,0.30622053,0.4092087,0.511,True,True,0,0.330806
645,0.6,0.05,0.05,0.3,,0.4105527538303489,0.35987583,0.027082473,0.30734205,0.41019294,0.521,True,True,0,0.3311496
646,0.65,0.05,0.0,0.3,,0.4105527538303489,0.3598662,0.026958356,0.3074037,0.40957993,0.532,True,True,0,0.33107162
647,0.7,0.05,0.0,0.25,,0.4105527538303489,0.36019114,0.026976002,0.3069705,0.41035932,0.54,True,True,1,0.33124715
648,0.05,0.0,0.2,0.75,,0.410522308577213,0.35222274,0.027895236,0.29795057,0.4051183,0.362,True,True,0,0.3240732
649,0.4,0.15,0.3,0.15,,0.4105039603537829,0.36473906,0.026169047,0.31531787,0.4161364,0.649,True,True,0,0.3369822
650,0.1,0.0,0.25,0.65,,0.410486962123446,0.3546626,0.027811902,0.30017963,0.40549305,0.414,True,True,0,0.32644954
651,0.2,0.0,0.15,0.65,,0.410486962123446,0.35391667,0.027752804,0.2995856,0.40543193,0.39,True,True,0,0.3255745
652,0.25,0.0,0.1,0.65,,0.410486962123446,0.3534422,0.027831146,0.29840547,0.40538478,0.381,True,True,0,0.3251495
653,0.55,0.0,0.0,0.45,,0.410470761702378,0.35637423,0.027734311,0.30248705,0.40765378,0.454,True,True,0,0.32807782
654,0.6,0.0,0.0,0.4,,0.410470761702378,0.35711104,0.027704595,0.30318162,0.4074046,0.468,True,True,0,0.32859054
655,0.3,0.0,0.15,0.55,,0.410470761702378,0.35561574,0.027822886,0.30162063,0.40807724,0.439,True,True,0,0.32743704
656,0.35,0.0,0.1,0.55,,0.410470761702378,0.35522598,0.027796684,0.30078945,0.40683645,0.423,True,True,0,0.32711613
657,0.45,0.0,0.05,0.5,,0.4104545612813101,0.35584563,0.027687691,0.30210847,0.40822834,0.43,True,True,1,0.327768
658,0.35,0.0,0.15,0.5,,0.4104545612813101,0.3564536,0.027615678,0.30157956,0.4087744,0.45,True,True,0,0.3279326
659,0.4,0.0,0.1,0.5,,0.4104545612813101,0.35595146,0.027688589,0.30201402,0.40822834,0.436,True,True,0,0.32778692
660,0.15,0.0,0.35,0.5,,0.4104545612813101,0.35731506,0.027343074,0.3042324,0.40831038,0.459,True,True,0,0.32902563
661,0.2,0.0,0.3,0.5,,0.4104545612813101,0.35682768,0.027329035,0.30160287,0.40741694,0.455,True,True,0,0.32832444
662,0.25,0.0,0.25,0.5,,0.4104545612813101,0.35680237,0.027298994,0.30159825,0.4071265,0.46,True,True,0,0.32816413
663,0.0,0.0,0.5,0.5,,0.4104545612813101,0.3578903,0.027371718,0.30536845,0.40824738,0.48,True,True,2,0.32913113
664,0.5,0.0,0.0,0.5,,0.4104545612813101,0.35547563,0.027761925,0.30264658,0.40766037,0.425,True,True,1,0.3274898
665,0.05,0.85,0.0,0.1,,0.4104539273036474,0.3531692,0.027955396,0.30012012,0.40507922,0.234,True,True,0,0.32765004
666,0.05,0.55,0.05,0.35,,0.4104539273036474,0.35994485,0.027422111,0.30592895,0.41317815,0.581,True,True,0,0.33495772
667,0.1,0.55,0.05,0.3,,0.4104539273036474,0.36003187,0.02744319,0.30499652,0.41194093,0.58,True,True,0,0.33523428
668,0.1,0.5,0.1,0.3,,0.4104539273036474,0.3603297,0.02719709,0.30797648,0.41221502,0.572,True,True,0,0.3356608
669,0.25,0.5,0.0,0.25,,0.4104539273036474,0.36092278,0.027044246,0.3078924,0.41364336,0.598,True,True,1,0.33644342
670,0.1,0.6,0.0,0.3,,0.4104539273036474,0.35953367,0.027530303,0.30566958,0.41275546,0.573,True,True,2,0.33420497
671,0.0,0.8,0.15,0.05,,0.4104539273036473,0.34938943,0.027748747,0.29585266,0.40316847,0.137,True,True,0,0.32616767
672,0.2,0.55,0.2,0.05,,0.4104377268825794,0.35883418,0.027159048,0.30584404,0.41063228,0.495,True,True,1,0.33482522
673,0.35,0.5,0.0,0.15,,0.4104377268825794,0.36116636,0.027059224,0.30852965,0.41370285,0.608,True,True,0,0.33672094
674,0.15,0.55,0.05,0.25,,0.4104377268825794,0.36000094,0.027294619,0.30580556,0.41045925,0.571,True,True,1,0.33525738
675,0.2,0.55,0.0,0.25,,0.4104377268825794,0.36023286,0.027333675,0.3043365,0.41220474,0.58,True,True,1,0.33548898
676,0.1,0.75,0.1,0.05,,0.4104375346692173,0.35511664,0.02780488,0.30098912,0.40924624,0.311,True,True,0,0.33179465
677,0.25,0.75,0.0,0.0,,0.4104375346692172,0.35633832,0.02816507,0.30181164,0.4111042,0.38,True,True,2,0.33341336
678,0.35,0.65,0.0,0.0,,0.4104375346692172,0.35914826,0.02753692,0.30675805,0.41185743,0.524,True,True,2,0.3354638
679,0.4,0.6,0.0,0.0,,0.4104375346692172,0.3601114,0.027585242,0.30776328,0.41299927,0.574,True,True,3,0.3364643
680,0.3,0.55,0.1,0.05,,0.4104213342481493,0.36062247,0.027204668,0.3078728,0.41243142,0.576,True,True,1,0.33687955
681,0.2,0.4,0.15,0.25,,0.4104209645664348,0.361192,0.026912978,0.30937892,0.41477343,0.604,True,True,0,0.33668506
682,0.0,0.5,0.3,0.2,,0.4104209645664348,0.35846886,0.026912408,0.3054823,0.4090598,0.485,True,True,0,0.33413535
683,0.1,0.5,0.15,0.25,,0.4104209645664348,0.3598492,0.027220612,0.3069907,0.41333377,0.556,True,True,0,0.3355674
684,0.25,0.5,0.1,0.15,,0.4104209645664348,0.3605789,0.026919158,0.30850875,0.4130625,0.576,True,True,2,0.3370344
685,0.05,0.5,0.3,0.15,,0.4104209645664348,0.358033,0.026946055,0.30619562,0.40819862,0.464,True,True,0,0.3337484
686,0.0,0.4,0.05,0.55,,0.4104209645664348,0.36208156,0.027113464,0.3078607,0.41320804,0.638,True,True,4,0.3363099
687,0.1,0.45,0.0,0.45,,0.4103774794770652,0.36167964,0.027108071,0.30897766,0.4146156,0.651,True,True,1,0.3363714
688,0.0,0.0,0.2,0.8,,0.4102820162214344,0.35097903,0.028050035,0.29713646,0.40261048,0.338,True,True,1,0.32239318
689,0.9,0.0,0.05,0.05,,0.4101809476751353,0.36111748,0.02698286,0.30896607,0.41121614,0.556,True,True,1,0.33179516
690,0.95,0.0,0.0,0.05,,0.4101809476751353,0.3609877,0.027042255,0.30844083,0.41108495,0.553,True,True,0,0.33163816
691,0.25,0.0,0.55,0.2,,0.4101809476751352,0.3577199,0.027108058,0.30475447,0.40957138,0.474,True,True,0,0.32829294
692,0.3,0.0,0.5,0.2,,0.4101809476751352,0.35860136,0.027144618,0.30659428,0.40954363,0.494,True,True,0,0.32952708
693,0.3,0.0,0.55,0.15,,0.4101809476751352,0.35781872,0.027081855,0.3047544,0.40806162,0.479,True,True,0,0.32830507
694,0.35,0.0,0.5,0.15,,0.4101809476751352,0.35866314,0.027154844,0.30617788,0.4095486,0.493,True,True,0,0.32908788
695,0.35,0.0,0.55,0.1,,0.4101809476751352,0.3577131,0.027092615,0.3044519,0.40851027,0.466,True,True,1,0.3280968
696,0.4,0.0,0.5,0.1,,0.4101809476751352,0.35859978,0.027063001,0.3055153,0.40985048,0.489,True,True,0,0.3288674
697,0.45,0.0,0.45,0.1,,0.4101809476751352,0.35945874,0.027055563,0.3061857,0.4100188,0.512,True,True,0,0.32968953
698,0.65,0.0,0.05,0.3,,0.4101647472540673,0.35825175,0.027448906,0.30395806,0.40853783,0.496,True,True,0,0.32941788
699,0.7,0.0,0.0,0.3,,0.4101647472540673,0.35813278,0.02757243,0.3030764,0.40882885,0.493,True,True,0,0.32931072
700,0.5,0.0,0.2,0.3,,0.4101647472540673,0.3589546,0.027176308,0.30418324,0.4077452,0.506,True,True,1,0.33006802
701,0.55,0.0,0.15,0.3,,0.4101647472540673,0.35879564,0.027300792,0.3039683,0.40842003,0.51,True,True,1,0.3296237
702,0.45,0.0,0.3,0.25,,0.4101647472540673,0.35989544,0.027296705,0.30547425,0.40842375,0.54,True,True,0,0.3306601
703,0.5,0.0,0.1,0.4,,0.4101485468329995,0.35740423,0.027668646,0.30203706,0.41068602,0.481,True,True,0,0.328739
704,0.55,0.0,0.05,0.4,,0.4101485468329995,0.35727224,0.027731908,0.3023562,0.4088242,0.475,True,True,0,0.32867655
705,0.6,0.0,0.05,0.35,,0.4101485468329995,0.35787454,0.02753562,0.30251494,0.41026336,0.484,True,True,1,0.32902986
706,0.25,0.0,0.35,0.4,,0.4101485468329995,0.3579075,0.027350586,0.3032493,0.4070558,0.492,True,True,0,0.32945028
707,0.3,0.0,0.3,0.4,,0.4101485468329995,0.3580996,0.027375631,0.30365354,0.40708968,0.487,True,True,0,0.3293767
708,0.3,0.0,0.35,0.35,,0.4101485468329995,0.3586749,0.027366942,0.30384687,0.40858632,0.498,True,True,0,0.330056
709,0.35,0.0,0.25,0.4,,0.4101485468329995,0.3581428,0.027351175,0.30320245,0.4067311,0.484,True,True,0,0.32960966
710,0.35,0.0,0.3,0.35,,0.4101485468329995,0.35853094,0.027258737,0.30405557,0.40792257,0.509,True,True,1,0.32935756
711,0.4,0.0,0.2,0.4,,0.4101485468329995,0.35763955,0.027340984,0.30259284,0.4080418,0.48,True,True,2,0.32912874
712,0.4,0.0,0.25,0.35,,0.4101485468329995,0.35837686,0.02726531,0.30401942,0.40842122,0.491,True,True,0,0.32944947
713,0.45,0.0,0.2,0.35,,0.4101485468329995,0.3583443,0.027229289,0.30497047,0.4081511,0.491,True,True,0,0.3298101
714,0.1,0.0,0.5,0.4,,0.4101485468329995,0.3583629,0.027310058,0.30476984,0.40839776,0.493,True,True,1,0.32962477
715,0.15,0.0,0.45,0.4,,0.4101485468329995,0.35859317,0.027273405,0.30462736,0.4091266,0.496,True,True,1,0.32984275
716,0.2,0.0,0.4,0.4,,0.4101485468329995,0.35814834,0.027380235,0.3043399,0.4099649,0.486,True,True,0,0.3294569
717,0.0,0.0,0.6,0.4,,0.4101485468329995,0.35695642,0.026968956,0.30428788,0.40559062,0.457,True,True,0,0.32800868
718,0.05,0.3,0.0,0.65,,0.4101371530135057,0.36256093,0.026911499,0.3109799,0.41316855,0.635,True,True,1,0.33606032
719,0.05,0.95,0.0,0.0,,0.4099800877415297,0.3492389,0.027704077,0.2966166,0.40312588,0.148,True,True,0,0.32744652
720,0.0,0.05,0.15,0.8,,0.4098783807444616,0.35430312,0.028017048,0.29965252,0.40696537,0.408,True,True,1,0.3253622
721,0.15,0.35,0.25,0.25,,0.4097263818819715,0.36230442,0.026913816,0.31104255,0.41343355,0.641,True,True,0,0.33827323
722,0.2,0.3,0.25,0.25,,0.409693419144759,0.36302182,0.026644485,0.3130854,0.41477793,0.65,True,True,1,0.33867013
723,0.25,0.3,0.25,0.2,,0.409693419144759,0.3635233,0.026584296,0.31261614,0.41461983,0.658,True,True,0,0.33921793
724,0.05,0.3,0.35,0.3,,0.409693419144759,0.36245555,0.026784461,0.3122267,0.4134587,0.632,True,True,0,0.33765948
725,0.15,0.3,0.25,0.3,,0.409693419144759,0.36229053,0.026778946,0.3099365,0.4148823,0.63,True,True,0,0.33805734
726,0.0,0.3,0.35,0.35,,0.409693419144759,0.36230832,0.02689544,0.31086487,0.41375208,0.633,True,True,0,0.33735865
727,0.25,0.25,0.4,0.1,,0.409693419144759,0.36088508,0.026542543,0.3108759,0.4110291,0.568,True,True,0,0.3356139
728,0.25,0.25,0.45,0.05,,0.409693419144759,0.35913855,0.02663468,0.30737653,0.41033033,0.52,True,True,0,0.33412802
729,0.1,0.2,0.5,0.2,,0.409693419144759,0.36004302,0.026391678,0.31008476,0.40999907,0.545,True,True,1,0.33376068
730,0.2,0.25,0.5,0.05,,0.409693419144759,0.35748568,0.026564615,0.3068903,0.4088784,0.468,True,True,0,0.33235878
731,0.05,0.2,0.45,0.3,,0.409693419144759,0.36197412,0.0262581,0.3127124,0.4146558,0.6,True,True,0,0.3353752
732,0.1,0.2,0.45,0.25,,0.409693419144759,0.36138615,0.026354237,0.31159356,0.4111056,0.588,True,True,0,0.33473307
733,0.1,0.15,0.55,0.2,,0.409693419144759,0.36000457,0.026338762,0.31040087,0.41153565,0.538,True,True,0,0.33199638
734,0.0,0.15,0.55,0.3,,0.409693419144759,0.3605484,0.026219277,0.3113864,0.41174906,0.563,True,True,0,0.33215326
735,0.0,0.15,0.6,0.25,,0.409693419144759,0.35882547,0.026466137,0.30887452,0.4089064,0.5,True,True,0,0.33080974
736,0.2,0.3,0.2,0.3,,0.4096934191447589,0.36253276,0.026682658,0.3114292,0.4145646,0.625,True,True,0,0.33787525
737,0.25,0.3,0.15,0.3,,0.4096934191447589,0.36261827,0.02678937,0.31109434,0.41335085,0.641,True,True,1,0.3375774
738,0.0,0.25,0.3,0.45,,0.4096934191447589,0.36176386,0.026771106,0.31030503,0.41249472,0.607,True,True,1,0.33553168
739,0.05,0.25,0.3,0.4,,0.4096934191447589,0.36200094,0.026764885,0.31112197,0.41250595,0.613,True,True,0,0.33630514
740,0.1,0.25,0.25,0.4,,0.4096934191447589,0.36213452,0.026716538,0.30884972,0.41324362,0.62,True,True,0,0.33621135
741,0.0,0.25,0.25,0.5,,0.4096934191447589,0.362292,0.026673626,0.31032598,0.4144093,0.626,True,True,1,0.33600268
742,0.05,0.2,0.4,0.35,,0.4096934191447589,0.36299846,0.026402982,0.3116203,0.41400304,0.617,True,True,0,0.335818
743,0.0,0.15,0.5,0.35,,0.4096934191447589,0.36211386,0.026201181,0.31320465,0.4132149,0.599,True,True,1,0.3337519
744,0.0,0.15,0.3,0.55,,0.4096934191447589,0.36230353,0.02634323,0.31239092,0.41384375,0.593,True,True,2,0.33400112
745,0.0,0.05,0.1,0.85,,0.4096894996726788,0.35290027,0.028210305,0.29785594,0.40535635,0.375,True,True,0,0.3235268
746,0.55,0.25,0.2,0.0,,0.4096251102649678,0.36453834,0.026398031,0.3149182,0.41479465,0.686,True,True,2,0.3395421
747,0.6,0.25,0.15,0.0,,0.4096251102649678,0.3649272,0.02639575,0.3153302,0.41596916,0.693,True,True,5,0.33980092
748,0.4,0.25,0.3,0.05,,0.4096251102649678,0.36264914,0.02636243,0.313176,0.4125522,0.615,True,True,0,0.33735907
749,0.25,0.25,0.3,0.2,,0.4096251102649678,0.36354983,0.026503853,0.31306502,0.41467768,0.646,True,True,1,0.3381787
750,0.35,0.25,0.3,0.1,,0.4096251102649678,0.36299932,0.026418507,0.312863,0.41238648,0.63,True,True,0,0.33777627
751,0.4,0.25,0.25,0.1,,0.4096251102649678,0.3639251,0.026503619,0.31520545,0.41582635,0.651,True,True,1,0.33873004
752,0.45,0.25,0.25,0.05,,0.4096251102649678,0.36368018,0.026523283,0.31306434,0.41487345,0.654,True,True,1,0.33829615
753,0.5,0.25,0.2,0.05,,0.4096251102649678,0.36445093,0.026421526,0.31428206,0.41594514,0.665,True,True,1,0.33937296
754,0.55,0.25,0.15,0.05,,0.4096251102649678,0.3645205,0.026454335,0.31330267,0.41589582,0.658,True,True,2,0.33956474
755,0.15,0.2,0.4,0.25,,0.4096251102649678,0.36284143,0.026393002,0.3124372,0.41277763,0.612,True,True,1,0.3358993
756,0.5,0.15,0.3,0.05,,0.4096251102649678,0.3643103,0.026142288,0.31579003,0.41619635,0.647,True,True,0,0.3367689
757,0.35,0.1,0.45,0.1,,0.4096251102649678,0.36150855,0.026368184,0.31088042,0.41159758,0.569,True,True,1,0.332873
758,0.3,0.1,0.5,0.1,,0.4096251102649678,0.36067012,0.026316652,0.30960292,0.41242814,0.548,True,True,0,0.33208856
759,0.35,0.1,0.5,0.05,,0.4096251102649678,0.36051437,0.026402079,0.31029648,0.41241714,0.547,True,True,0,0.33194423
760,0.35,0.1,0.55,0.0,,0.4096251102649678,0.3585998,0.026550708,0.30871987,0.40934056,0.511,True,True,2,0.3297067
761,0.4,0.1,0.5,0.0,,0.4096251102649678,0.36024854,0.02645202,0.31079075,0.41103253,0.542,True,True,0,0.33153796
762,0.25,0.1,0.55,0.1,,0.4096251102649678,0.359479,0.02637592,0.30909237,0.4096341,0.53,True,True,0,0.33068603
763,0.4,0.3,0.0,0.3,,0.4096251102649677,0.36282903,0.026745807,0.3116929,0.41427794,0.654,True,True,1,0.3378608
764,0.25,0.3,0.1,0.35,,0.4096251102649677,0.36274335,0.026823664,0.3122132,0.4153744,0.648,True,True,0,0.33737448
765,0.4,0.3,0.05,0.25,,0.4096251102649677,0.36321378,0.02664287,0.31222206,0.4157191,0.665,True,True,0,0.33790833
766,0.2,0.25,0.25,0.3,,0.4096251102649677,0.3626008,0.02659359,0.31213108,0.4146512,0.632,True,True,1,0.33764526
767,0.25,0.25,0.2,0.3,,0.4096251102649677,0.36270073,0.026569635,0.31212306,0.41419736,0.621,True,True,0,0.33754653
768,0.25,0.25,0.25,0.25,uniform,0.4096251102649677,0.36324924,0.026505332,0.3128745,0.41466546,0.64,True,True,1,0.33822432
769,0.3,0.25,0.15,0.3,,0.4096251102649677,0.36265182,0.026688019,0.31286338,0.41479585,0.635,True,True,0,0.3369164
770,0.3,0.25,0.2,0.25,,0.4096251102649677,0.3628143,0.02669774,0.31237388,0.41410407,0.628,True,True,0,0.33777538
771,0.35,0.25,0.15,0.25,,0.4096251102649677,0.36296195,0.026655288,0.31198448,0.4141045,0.632,True,True,0,0.33773184
772,0.4,0.25,0.15,0.2,,0.4096251102649677,0.3631762,0.026724864,0.31346822,0.41536582,0.635,True,True,0,0.3382703
773,0.45,0.25,0.1,0.2,,0.4096251102649677,0.36329243,0.026589615,0.31325668,0.41338152,0.643,True,True,0,0.33830702
774,0.6,0.25,0.0,0.15,,0.4096251102649677,0.36370134,0.026476337,0.31325668,0.41514364,0.652,True,True,0,0.33828384
775,0.0,0.2,0.25,0.55,,0.4096251102649677,0.36231732,0.026517913,0.3114069,0.41385856,0.618,True,True,1,0.33496633
776,0.05,0.2,0.25,0.5,,0.4096251102649677,0.36257896,0.026510993,0.3112356,0.41478488,0.622,True,True,0,0.3350803
777,0.0,0.1,0.4,0.5,,0.4096251102649677,0.3615268,0.026581453,0.3109578,0.41188285,0.582,True,True,0,0.33277848
778,0.35,0.25,0.35,0.05,,0.4096251102649677,0.3615334,0.026405137,0.31086868,0.4115849,0.587,True,True,0,0.3362043
779,0.3,0.2,0.2,0.3,,0.4096251102649677,0.36333644,0.026517577,0.31303626,0.416306,0.642,True,True,0,0.33701646
780,0.35,0.2,0.15,0.3,,0.4096251102649677,0.36330447,0.026537966,0.31247798,0.41632172,0.645,True,True,0,0.33658415
781,0.4,0.2,0.1,0.3,,0.4096251102649677,0.36346865,0.026363594,0.31281695,0.41717383,0.642,True,True,0,0.3370061
782,0.45,0.2,0.1,0.25,,0.4096251102649677,0.3634831,0.02634785,0.31348175,0.41576016,0.647,True,True,1,0.33700994
783,0.5,0.2,0.05,0.25,,0.4096251102649677,0.36370188,0.026313944,0.31348175,0.41599655,0.65,True,True,0,0.33704475
784,0.55,0.2,0.05,0.2,,0.4096251102649677,0.3637034,0.026310762,0.31387615,0.41555223,0.646,True,True,1,0.3374877
785,0.3,0.15,0.35,0.2,,0.4096251102649677,0.3642499,0.026268266,0.3144409,0.4161343,0.637,True,True,0,0.3363029
786,0.35,0.15,0.3,0.2,,0.4096251102649677,0.36464152,0.026175775,0.31583112,0.41690844,0.646,True,True,2,0.33689788
787,0.4,0.15,0.25,0.2,,0.4096251102649677,0.3645796,0.026210606,0.31529388,0.4166428,0.648,True,True,0,0.3373005
788,0.45,0.15,0.25,0.15,,0.4096251102649677,0.3647972,0.026197702,0.31601954,0.41606888,0.652,True,True,4,0.33747616
789,0.65,0.1,0.2,0.05,,0.4096251102649677,0.3651158,0.02633018,0.31439397,0.4165245,0.659,True,True,1,0.33647656
790,0.15,0.1,0.45,0.3,,0.4096251102649677,0.36259696,0.026372407,0.3123328,0.41209328,0.61,True,True,1,0.33362004
791,0.2,0.1,0.4,0.3,,0.4096251102649677,0.36318204,0.02636556,0.3135025,0.41325617,0.613,True,True,1,0.33430126
792,0.25,0.1,0.4,0.25,,0.4096251102649677,0.36308524,0.026315007,0.3122552,0.41360754,0.602,True,True,0,0.33443907
793,0.3,0.1,0.35,0.25,,0.4096251102649677,0.3636806,0.026214821,0.31354386,0.4141045,0.621,True,True,2,0.33480307
794,0.05,0.15,0.45,0.35,,0.4096251102649677,0.363074,0.026276426,0.3147293,0.4139579,0.612,True,True,1,0.33460376
795,0.1,0.15,0.4,0.35,,0.4096251102649677,0.3634868,0.026317334,0.31441107,0.4155517,0.626,True,True,0,0.33539888
796,0.1,0.15,0.45,0.3,,0.4096251102649677,0.36269566,0.026068985,0.3137635,0.41195202,0.609,True,True,0,0.33438197
797,0.15,0.15,0.35,0.35,,0.4096251102649677,0.36345416,0.026286457,0.3136968,0.41438112,0.626,True,True,0,0.3354345
798,0.05,0.1,0.4,0.45,,0.4096251102649677,0.3619404,0.026612466,0.31234393,0.41284627,0.594,True,True,0,0.33321005
799,0.1,0.1,0.45,0.35,,0.4096251102649677,0.36267963,0.026290849,0.31269482,0.41328415,0.606,True,True,1,0.33378464
800,0.4,0.1,0.15,0.35,,0.4096251102649677,0.36260465,0.026421228,0.31149384,0.41462287,0.6,True,True,0,0.3335502
801,0.45,0.1,0.1,0.35,,0.4096251102649677,0.36265305,0.02656309,0.3118974,0.41479987,0.595,True,True,1,0.3335998
802,0.2,0.15,0.45,0.2,,0.4096251102649677,0.36211953,0.026125023,0.31232283,0.41111475,0.603,True,True,0,0.33432916
803,0.25,0.15,0.45,0.15,,0.4096251102649677,0.36199677,0.026262721,0.31239918,0.41183317,0.591,True,True,1,0.3342556
804,0.15,0.1,0.55,0.2,,0.4096251102649677,0.36002845,0.026448313,0.30945665,0.41177937,0.538,True,True,0,0.33109322
805,0.15,0.25,0.2,0.4,,0.4096251102649677,0.3622984,0.026648775,0.31171098,0.4143401,0.633,True,True,0,0.3362017
806,0.45,0.15,0.2,0.2,,0.4096251102649677,0.36422962,0.026207142,0.31460997,0.41416097,0.642,True,True,0,0.3371533
807,0.5,0.15,0.15,0.2,,0.4096251102649677,0.36398932,0.026205733,0.31440085,0.4140473,0.634,True,True,0,0.33702412
808,0.55,0.15,0.1,0.2,,0.4096251102649677,0.36420456,0.026266595,0.31402117,0.41461757,0.655,True,True,0,0.33721703
809,0.55,0.15,0.15,0.15,,0.4096251102649677,0.3643231,0.026101982,0.31529492,0.4144454,0.652,True,True,0,0.33727798
810,0.6,0.15,0.05,0.2,,0.4096251102649677,0.36435866,0.026238548,0.31402168,0.4157978,0.654,True,True,1,0.337328
811,0.6,0.15,0.1,0.15,,0.4096251102649677,0.3641501,0.026165323,0.31513533,0.41467568,0.646,True,True,1,0.3373891
812,0.65,0.15,0.05,0.15,,0.4096251102649677,0.364351,0.026268627,0.3152389,0.4153793,0.65,True,True,1,0.33743855
813,0.7,0.15,0.0,0.15,,0.4096251102649677,0.36450073,0.026313491,0.31538454,0.4159942,0.649,True,True,0,0.33755517
814,0.3,0.1,0.3,0.3,,0.4096251102649677,0.36324802,0.02633546,0.3124105,0.41383302,0.617,True,True,0,0.3346422
815,0.35,0.1,0.25,0.3,,0.4096251102649677,0.36303276,0.026432592,0.31123126,0.41321203,0.6,True,True,0,0.33436465
816,0.4,0.1,0.2,0.3,,0.4096251102649677,0.36298835,0.026442723,0.31244293,0.4142932,0.609,True,True,0,0.33408815
817,0.4,0.1,0.25,0.25,,0.4096251102649677,0.36344647,0.026357718,0.3131693,0.41442376,0.617,True,True,1,0.33485433
818,0.45,0.1,0.15,0.3,,0.4096251102649677,0.36306435,0.026442282,0.3123913,0.41322526,0.605,True,True,0,0.3341866
819,0.45,0.1,0.2,0.25,,0.4096251102649677,0.36332205,0.026408467,0.3117495,0.41299754,0.615,True,True,0,0.33475107
820,0.5,0.1,0.15,0.25,,0.4096251102649677,0.36342257,0.026282392,0.31207362,0.41298905,0.606,True,True,0,0.3347571
821,0.55,0.1,0.1,0.25,,0.4096251102649677,0.36333653,0.026414009,0.3126607,0.4124645,0.616,True,True,3,0.33460194
822,0.25,0.15,0.4,0.2,,0.4096251102649677,0.36325026,0.026126554,0.31296372,0.4133469,0.616,True,True,0,0.33546475
823,0.2,0.05,0.45,0.3,,0.4096251102649677,0.36014104,0.026829723,0.30930635,0.41163498,0.516,True,True,1,0.33162105
824,0.25,0.05,0.4,0.3,,0.4096251102649677,0.3607262,0.026825868,0.3088734,0.41247988,0.537,True,True,0,0.33204976
825,0.3,0.05,0.35,0.3,,0.4096251102649677,0.36067045,0.026931874,0.308059,0.41310668,0.531,True,True,1,0.3319671
826,0.3,0.05,0.4,0.25,,0.4096251102649677,0.3607024,0.026966052,0.30901203,0.4125907,0.539,True,True,0,0.3321882
827,0.35,0.05,0.35,0.25,,0.4096251102649677,0.36097124,0.026895063,0.30901614,0.41283047,0.539,True,True,0,0.3324009
828,0.15,0.75,0.05,0.05,,0.4095262837382662,0.35539654,0.027833108,0.30079484,0.40924677,0.332,True,True,0,0.33208117
829,0.1,0.75,0.05,0.1,,0.4095262837382661,0.35514355,0.027861044,0.30311456,0.40948322,0.295,True,True,0,0.3308649
830,0.05,0.75,0.05,0.15,,0.4095262837382661,0.3556825,0.027867539,0.30352697,0.40915403,0.319,True,True,2,0.330374
831,0.15,0.8,0.05,0.0,,0.4095262837382661,0.35464522,0.028036255,0.30037907,0.40792808,0.322,True,True,2,0.3320661
832,0.05,0.7,0.15,0.1,,0.4095262837382661,0.35558242,0.027627032,0.3012406,0.40814188,0.334,True,True,1,0.33169273
833,0.2,0.7,0.1,0.0,,0.4095262837382661,0.35651562,0.02792523,0.3024028,0.4090505,0.397,True,True,2,0.33294365
834,0.05,0.7,0.1,0.15,,0.4095262837382661,0.3561241,0.02777403,0.30254444,0.41091084,0.351,True,True,0,0.33164066
835,0.1,0.7,0.15,0.05,,0.4095262837382661,0.3547787,0.027588435,0.30106685,0.4061637,0.288,True,True,0,0.3312467
836,0.15,0.75,0.1,0.0,,0.4095262837382661,0.35423362,0.027839746,0.30042323,0.40615863,0.295,True,True,1,0.33109686
837,0.0,0.7,0.15,0.15,,0.4095262837382661,0.35603845,0.027654432,0.30307066,0.40888482,0.36,True,True,0,0.3317938
838,0.2,0.65,0.15,0.0,,0.4095262837382661,0.3569676,0.02748504,0.30430064,0.4098619,0.42,True,True,0,0.33258665
839,0.1,0.75,0.15,0.0,,0.4095262837382661,0.35206878,0.027925547,0.29751047,0.4047372,0.21,True,True,0,0.32864454
840,0.15,0.65,0.2,0.0,,0.4095262837382661,0.35520625,0.027598847,0.30269277,0.4087407,0.334,True,True,0,0.33078519
841,0.0,0.65,0.15,0.2,,0.4095262837382661,0.35707194,0.02751863,0.30311725,0.4097506,0.386,True,True,0,0.33228534
842,0.05,0.6,0.1,0.25,,0.4095262837382661,0.35891527,0.02756719,0.30525625,0.4125866,0.523,True,True,1,0.33383486
843,0.0,0.5,0.15,0.35,,0.4095262837382661,0.36011857,0.027277805,0.3079689,0.41320184,0.569,True,True,0,0.33535904
844,0.1,0.6,0.05,0.25,,0.4095262837382661,0.3593662,0.027545068,0.30524436,0.4129281,0.55,True,True,1,0.33434564
845,0.05,0.5,0.1,0.35,,0.4095262837382661,0.36050713,0.027226195,0.3072001,0.4132153,0.584,True,True,0,0.33559382
846,0.05,0.6,0.05,0.3,,0.4095262837382661,0.35924718,0.02740671,0.30786106,0.41178107,0.535,True,True,1,0.33395383
847,0.2,0.65,0.05,0.1,,0.4095262837382661,0.35841313,0.027512632,0.3054578,0.41055375,0.479,True,True,1,0.33428577
848,0.15,0.65,0.1,0.1,,0.4095262837382661,0.35804528,0.027566763,0.3044082,0.41022563,0.461,True,True,0,0.3344397
849,0.25,0.65,0.0,0.1,,0.4095262837382661,0.35884744,0.027602997,0.30546445,0.4123968,0.513,True,True,0,0.33414468
850,0.15,0.65,0.05,0.15,,0.4095262837382661,0.35841662,0.027625334,0.30420834,0.4105554,0.48,True,True,1,0.3333026
851,0.4,0.55,0.05,0.0,,0.4095100833171982,0.36128652,0.027347917,0.3101103,0.4148644,0.605,True,True,6,0.33754623
852,0.25,0.55,0.15,0.05,,0.4095100833171982,0.3604659,0.027182179,0.30845135,0.41227376,0.567,True,True,1,0.33633125
853,0.1,0.55,0.3,0.05,,0.4095100833171982,0.35566968,0.027124511,0.3041524,0.407768,0.365,True,True,0,0.33154827
854,0.0,0.45,0.25,0.3,,0.4094933210010537,0.36003646,0.027200477,0.30630827,0.41208392,0.559,True,True,0,0.3358213
855,0.35,0.45,0.2,0.0,,0.4094933210010537,0.36089733,0.027042199,0.30976206,0.4123827,0.578,True,True,2,0.33704236
856,0.35,0.45,0.1,0.1,,0.4094933210010537,0.36151233,0.02705483,0.30960357,0.41239318,0.633,True,True,0,0.3379469
857,0.05,0.45,0.2,0.3,,0.4094933210010537,0.36016956,0.027122242,0.3060341,0.41217595,0.567,True,True,0,0.3357251
858,0.35,0.4,0.1,0.15,,0.4094933210010537,0.36185706,0.026690677,0.30868143,0.41216844,0.637,True,True,0,0.33823848
859,0.4,0.4,0.05,0.15,,0.4094933210010537,0.36220974,0.026661979,0.30915612,0.4143694,0.643,True,True,0,0.3385813
860,0.35,0.45,0.05,0.15,,0.4094933210010537,0.36143994,0.02709464,0.30876294,0.41197246,0.618,True,True,1,0.3371557
861,0.2,0.5,0.3,0.0,,0.4094933210010537,0.35716248,0.027160877,0.3049175,0.40987843,0.437,True,True,0,0.3329705
862,0.4,0.45,0.15,0.0,,0.4094771205799857,0.36239952,0.02711803,0.3100373,0.4145694,0.662,True,True,1,0.33854842
863,0.05,0.35,0.3,0.3,,0.4092203336910803,0.36203367,0.026909094,0.30999273,0.41334382,0.618,True,True,1,0.3376272
864,0.3,0.05,0.0,0.65,,0.4091873709538677,0.35579184,0.02772329,0.30078387,0.40658358,0.437,True,True,0,0.32730323
865,0.1,0.05,0.1,0.75,,0.4091873709538677,0.35488018,0.028065445,0.30042666,0.40620986,0.408,True,True,1,0.3260373
866,0.2,0.05,0.05,0.7,,0.4091873709538677,0.35538152,0.027896248,0.30007535,0.40722683,0.427,True,True,0,0.32672265
867,0.15,0.05,0.05,0.75,,0.4091873709538677,0.35456818,0.028044026,0.29927137,0.40775958,0.402,True,True,0,0.32563698
868,0.2,0.05,0.0,0.75,,0.4091873709538677,0.3542204,0.028194113,0.2990987,0.40714118,0.4,True,True,0,0.32524276
869,0.4,0.4,0.15,0.05,,0.4091637356374941,0.36313802,0.02710192,0.3114567,0.41502103,0.674,True,True,0,0.33929732
870,0.45,0.4,0.15,0.0,,0.4091637356374941,0.3633055,0.02715156,0.31024945,0.41550726,0.675,True,True,1,0.3393185
871,0.25,0.35,0.25,0.15,,0.4091637356374941,0.36271033,0.026727416,0.31216943,0.41397455,0.656,True,True,0,0.3384541
872,0.05,0.45,0.35,0.15,,0.4091637356374941,0.35799634,0.027005,0.3043921,0.4084267,0.471,True,True,1,0.33416152
873,0.3,0.3,0.4,0.0,,0.4091637356374941,0.35909286,0.026670527,0.3079834,0.410554,0.516,True,True,0,0.33511457
874,0.2,0.3,0.45,0.05,,0.4091637356374941,0.3577665,0.026866606,0.3044497,0.41094482,0.469,True,True,0,0.33410233
875,0.15,0.3,0.45,0.1,,0.4091637356374941,0.35848135,0.026696075,0.30702394,0.412816,0.503,True,True,0,0.334351
876,0.0,0.3,0.4,0.3,,0.4091385774773018,0.36169982,0.026663132,0.3117529,0.4134607,0.612,True,True,0,0.33699366
877,0.35,0.3,0.0,0.35,,0.4091190620740766,0.36275253,0.02657892,0.31212005,0.41376218,0.644,True,True,0,0.33747905
878,0.25,0.25,0.05,0.45,,0.4091190620740765,0.36260232,0.026610553,0.31069493,0.4145856,0.637,True,True,0,0.33624542
879,0.2,0.25,0.0,0.55,,0.4091190620740765,0.362426,0.02664682,0.31032845,0.4141904,0.629,True,True,1,0.33622614
880,0.6,0.35,0.05,0.0,,0.4090946548814537,0.3637997,0.02677441,0.31309342,0.4156983,0.671,True,True,2,0.34011048
881,0.55,0.35,0.1,0.0,,0.4090946548814537,0.36404574,0.026780615,0.31292892,0.41569105,0.688,True,True,3,0.34028286
882,0.0,0.0,0.3,0.7,,0.4090724163998727,0.35407877,0.027833559,0.29946402,0.40602204,0.403,True,True,0,0.3258764
883,0.05,0.0,0.25,0.7,,0.4090724163998727,0.35380772,0.027789764,0.29931745,0.40602663,0.401,True,True,1,0.32545733
884,0.3,0.25,0.3,0.15,,0.4090702685975106,0.36347222,0.02645018,0.3137273,0.41513813,0.639,True,True,0,0.33801544
885,0.45,0.25,0.2,0.1,,0.4090702685975106,0.36411873,0.026449421,0.31523013,0.4155912,0.666,True,True,0,0.33907712
886,0.0,0.1,0.6,0.3,,0.4090702685975106,0.35941267,0.026400587,0.30899262,0.41139656,0.522,True,True,0,0.32999796
887,0.75,0.1,0.1,0.05,,0.4090702685975105,0.36453727,0.026318947,0.3136299,0.41548765,0.638,True,True,1,0.33612487
888,0.6,0.1,0.2,0.1,,0.4090702685975105,0.36463007,0.026499579,0.31318882,0.41653818,0.641,True,True,1,0.3359877
889,0.05,0.0,0.3,0.65,,0.4090532703671736,0.35499138,0.027672503,0.30088887,0.40645325,0.422,True,True,1,0.32667398
890,0.3,0.0,0.05,0.65,,0.4090532703671736,0.3531231,0.027913837,0.2981164,0.40538478,0.381,True,True,0,0.32465398
891,0.2,0.0,0.25,0.55,,0.4090370699461056,0.35618713,0.02760591,0.302056,0.40962118,0.443,True,True,1,0.32787204
892,0.25,0.0,0.2,0.55,,0.4090370699461056,0.35601324,0.027803661,0.301727,0.40909305,0.434,True,True,0,0.32763356
893,0.3,0.0,0.2,0.5,,0.4090208695250377,0.35670793,0.027567554,0.30262017,0.40975043,0.455,True,True,0,0.32796752
894,0.05,0.0,0.45,0.5,,0.4090208695250377,0.35744253,0.027405336,0.30418515,0.40743166,0.477,True,True,1,0.32895312
895,0.1,0.0,0.4,0.5,,0.4090208695250377,0.35716078,0.027505796,0.30358437,0.40722564,0.471,True,True,0,0.32881323
896,0.05,0.8,0.05,0.1,,0.409020235547375,0.35347563,0.02777345,0.30061725,0.40677372,0.235,True,True,0,0.3289975
897,0.0,0.8,0.05,0.15,,0.409020235547375,0.35410845,0.027987044,0.30103618,0.40712288,0.251,True,True,1,0.32862288
898,0.1,0.55,0.0,0.35,,0.409020235547375,0.36017606,0.027394487,0.30632928,0.41316265,0.59,True,True,0,0.33486184
899,0.05,0.5,0.0,0.45,,0.409020235547375,0.36150455,0.027287044,0.30847237,0.41246498,0.636,True,True,3,0.33584213
900,0.15,0.5,0.05,0.3,,0.409020235547375,0.36058536,0.027272826,0.30723718,0.4131576,0.598,True,True,1,0.33600107
901,0.0,0.75,0.15,0.1,,0.4090202355473749,0.35323724,0.027795523,0.29982442,0.40689152,0.232,True,True,0,0.3295654
902,0.05,0.9,0.05,0.0,,0.4090202355473749,0.348835,0.027901003,0.2953663,0.40235937,0.157,True,True,1,0.32642967
903,0.05,0.5,0.2,0.25,,0.4089872728101624,0.35945138,0.02721698,0.3066503,0.41183722,0.545,True,True,0,0.33566165
904,0.3,0.4,0.0,0.3,,0.4089872728101624,0.36210486,0.026941596,0.3092903,0.41674992,0.634,True,True,1,0.33739078
905,0.1,0.5,0.3,0.1,,0.4089872728101624,0.35796964,0.027162237,0.3048149,0.41009897,0.462,True,True,0,0.33351338
906,0.35,0.5,0.05,0.1,,0.4089710723890946,0.3609865,0.027043141,0.30887422,0.4126426,0.595,True,True,1,0.3373348
907,0.4,0.45,0.1,0.05,,0.4089546797546644,0.3620583,0.027147233,0.31002766,0.41372895,0.642,True,True,0,0.33856153
908,0.05,0.35,0.0,0.6,,0.4089543100729499,0.36254293,0.02697695,0.31131515,0.41286275,0.644,True,True,3,0.3366689
909,0.05,0.1,0.1,0.75,,0.4089534123827073,0.35879853,0.027366258,0.30478048,0.41288808,0.504,True,True,1,0.32951024
910,0.1,0.1,0.05,0.75,,0.4089534123827073,0.35873803,0.027481418,0.3041375,0.41173705,0.489,True,True,1,0.32938007
911,0.4,0.35,0.0,0.25,,0.4088495579958056,0.3625947,0.02673295,0.31061748,0.4143632,0.645,True,True,0,0.33837527
912,0.0,0.0,0.7,0.3,,0.4087472559188629,0.3549026,0.027095417,0.30216846,0.40482467,0.415,True,True,0,0.3256825
913,0.05,0.0,0.7,0.25,,0.4087472559188628,0.3546359,0.027109027,0.30180866,0.4041773,0.423,True,True,0,0.32535577
914,0.6,0.0,0.1,0.3,,0.4087310554977949,0.35842302,0.027418355,0.30367234,0.40867954,0.497,True,True,0,0.3294107
915,0.75,0.0,0.0,0.25,,0.4087310554977949,0.35868496,0.027396655,0.3047908,0.4097726,0.512,True,True,1,0.3296994
916,0.5,0.0,0.25,0.25,,0.4087310554977949,0.35958934,0.027198125,0.30627176,0.40750632,0.53,True,True,1,0.3304358
917,0.55,0.0,0.2,0.25,,0.4087310554977949,0.3593817,0.027235808,0.3051254,0.40661833,0.52,True,True,0,0.33045903
918,0.6,0.0,0.15,0.25,,0.4087310554977949,0.35941008,0.027280765,0.30453357,0.40748727,0.523,True,True,0,0.33029383
919,0.65,0.0,0.1,0.25,,0.4087310554977949,0.3592985,0.02739368,0.3047201,0.4085406,0.515,True,True,0,0.33057225
920,0.55,0.0,0.25,0.2,,0.4087310554977949,0.36020592,0.02713943,0.30486748,0.40925246,0.539,True,True,1,0.33084467
921,0.6,0.0,0.2,0.2,,0.4087310554977949,0.35990208,0.027134437,0.30594817,0.40781137,0.535,True,True,0,0.3307261
922,0.65,0.0,0.2,0.15,,0.4087310554977949,0.3603612,0.027211146,0.3078877,0.40998974,0.539,True,True,1,0.33096766
923,0.7,0.0,0.15,0.15,,0.4087310554977949,0.3602798,0.027180279,0.3070826,0.4089313,0.543,True,True,1,0.33105645
924,0.75,0.0,0.1,0.15,,0.4087310554977949,0.36011618,0.02723329,0.30704424,0.4089313,0.53,True,True,0,0.33107942
925,0.75,0.0,0.15,0.1,,0.4087310554977949,0.36081335,0.027064208,0.30895635,0.4110394,0.547,True,True,0,0.3313942
926,0.8,0.0,0.05,0.15,,0.4087310554977949,0.3601612,0.027206177,0.30648774,0.40916583,0.536,True,True,1,0.33106852
927,0.8,0.0,0.1,0.1,,0.4087310554977949,0.36056757,0.027061068,0.30836982,0.41030487,0.546,True,True,1,0.3313839
928,0.85,0.0,0.05,0.1,,0.4087310554977949,0.3605258,0.02710865,0.30759665,0.41030487,0.548,True,True,0,0.331245
929,0.65,0.0,0.0,0.35,,0.4087148550767271,0.3576248,0.02757715,0.30172092,0.40980208,0.471,True,True,1,0.328926
930,0.45,0.0,0.15,0.4,,0.4087148550767271,0.35763347,0.027547356,0.30284432,0.40914536,0.478,True,True,0,0.3288887
931,0.5,0.0,0.15,0.35,,0.4087148550767271,0.35793048,0.027382772,0.3025104,0.40881836,0.49,True,True,2,0.32914326
932,0.55,0.0,0.1,0.35,,0.4087148550767271,0.35784733,0.027357673,0.30393228,0.4088309,0.49,True,True,0,0.3290804
933,0.15,0.4,0.1,0.35,,0.4086519692064461,0.36184826,0.027073849,0.307702,0.41460794,0.635,True,True,1,0.33691248
934,0.05,0.35,0.05,0.55,,0.4086186339971035,0.36197937,0.026842829,0.31053877,0.4147373,0.633,True,True,0,0.33662787
935,0.0,0.85,0.0,0.15,,0.4085625964063252,0.35339808,0.027891997,0.29934588,0.405999,0.233,True,True,1,0.32846746
936,0.15,0.85,0.0,0.0,,0.4085463959852572,0.3529311,0.027984897,0.2990094,0.4048635,0.251,True,True,0,0.33037
937,0.1,0.9,0.0,0.0,,0.4085463959852572,0.35146016,0.027912555,0.29863334,0.40356374,0.224,True,True,0,0.32881653
938,0.0,0.0,0.75,0.25,,0.4084963523184164,0.35286564,0.027076403,0.29977354,0.40400982,0.386,True,True,0,0.3238624
939,0.05,0.05,0.1,0.8,,0.4084284885671213,0.3537831,0.02809793,0.29672298,0.4062225,0.399,True,True,0,0.32486963
940,0.45,0.35,0.15,0.05,,0.4082926901256991,0.36391947,0.02692769,0.31306887,0.41526487,0.69,True,True,0,0.33988366
941,0.2,0.35,0.2,0.25,,0.4082926901256991,0.36217138,0.026868021,0.31005841,0.41449752,0.632,True,True,0,0.33819318
942,0.35,0.3,0.3,0.05,,0.4082926901256991,0.361927,0.026637217,0.31057486,0.41312677,0.611,True,True,0,0.33767226
943,0.35,0.3,0.25,0.1,,0.4082597273884866,0.36342946,0.026584283,0.3128792,0.415235,0.661,True,True,0,0.3390101
944,0.4,0.3,0.25,0.05,,0.4082597273884866,0.36309218,0.026699359,0.31174055,0.41455984,0.648,True,True,0,0.33870727
945,0.25,0.3,0.2,0.25,,0.4082597273884866,0.3627175,0.026660874,0.31114382,0.41514215,0.632,True,True,0,0.33826888
946,0.3,0.3,0.2,0.2,,0.4082597273884866,0.3633463,0.026665874,0.31307012,0.41463295,0.661,True,True,0,0.33913776
947,0.05,0.3,0.3,0.35,,0.4082597273884866,0.36190468,0.027077455,0.31079486,0.41434646,0.62,True,True,0,0.3374068
948,0.05,0.3,0.4,0.25,,0.4082597273884866,0.3613058,0.026487699,0.3118194,0.41190144,0.59,True,True,0,0.3366242
949,0.2,0.3,0.35,0.15,,0.4082597273884866,0.36159083,0.02659026,0.31108215,0.4145668,0.603,True,True,0,0.3371496
950,0.1,0.3,0.35,0.25,,0.4082597273884866,0.36253476,0.026636105,0.3117533,0.41330144,0.634,True,True,0,0.3376879
951,0.2,0.3,0.3,0.2,,0.4082597273884866,0.36325014,0.026543772,0.3130496,0.41456044,0.656,True,True,0,0.33855945
952,0.25,0.3,0.3,0.15,,0.4082597273884866,0.3629722,0.026655525,0.31194824,0.41456765,0.639,True,True,1,0.33815953
953,0.0,0.25,0.5,0.25,,0.4082597273884866,0.35958877,0.026613344,0.3091885,0.41066423,0.529,True,True,0,0.33398533
954,0.15,0.25,0.45,0.15,,0.4082597273884866,0.36016372,0.026465075,0.3094796,0.40994588,0.544,True,True,0,0.33482003
955,0.2,0.25,0.45,0.1,,0.4082597273884866,0.3595361,0.02667582,0.30899888,0.41121283,0.535,True,True,0,0.3345097
956,0.05,0.25,0.5,0.2,,0.4082597273884866,0.3592034,0.026565922,0.3084108,0.4096729,0.515,True,True,0,0.3337405
957,0.25,0.25,0.5,0.0,,0.4082597273884866,0.35682175,0.026538843,0.30557102,0.40844327,0.446,True,True,0,0.3320452
958,0.1,0.15,0.6,0.15,,0.4082597273884866,0.35787252,0.026263464,0.30814612,0.40906808,0.482,True,True,0,0.3301985
959,0.0,0.2,0.55,0.25,,0.4082597273884866,0.35914886,0.026609385,0.30748498,0.40987998,0.519,True,True,0,0.3327991
960,0.05,0.15,0.6,0.2,,0.4082597273884866,0.35837927,0.026262531,0.3080872,0.40917164,0.501,True,True,0,0.33057556
961,0.2,0.15,0.65,0.0,,0.4082597273884866,0.35357797,0.02643339,0.30281147,0.40458414,0.367,True,True,0,0.32627413
962,0.05,0.3,0.25,0.4,,0.4082597273884865,0.36193964,0.026880752,0.31112352,0.41393068,0.613,True,True,1,0.33676758
963,0.15,0.3,0.2,0.35,,0.4082597273884865,0.36216652,0.026871638,0.31062347,0.41336688,0.626,True,True,0,0.33716255
964,0.2,0.3,0.15,0.35,,0.4082597273884865,0.36260566,0.026914462,0.31144238,0.41427535,0.649,True,True,0,0.33725572
965,0.1,0.3,0.25,0.35,,0.4082597273884865,0.3621312,0.026820831,0.31002188,0.41434646,0.619,True,True,0,0.3376485
966,0.1,0.2,0.4,0.3,,0.4082597273884865,0.36302835,0.026438415,0.31181693,0.41495812,0.62,True,True,1,0.3361577
967,0.05,0.15,0.25,0.55,,0.4082597273884865,0.36229238,0.026363082,0.3128633,0.41426542,0.597,True,True,0,0.33413708
968,0.05,0.05,0.05,0.85,,0.4082396074953386,0.35249874,0.028252041,0.2974476,0.40522462,0.368,True,True,1,0.32318488
969,0.05,0.05,0.0,0.9,,0.4082396074953386,0.35037947,0.028319841,0.29602626,0.40476814,0.325,True,True,1,0.3203895
970,0.65,0.25,0.1,0.0,,0.4081914185086954,0.3648369,0.0264363,0.31543803,0.41696924,0.677,True,True,2,0.3399724
971,0.45,0.25,0.3,0.0,,0.4081914185086954,0.3623594,0.026315112,0.31175104,0.41168177,0.613,True,True,0,0.3373274
972,0.5,0.25,0.25,0.0,,0.4081914185086954,0.36337447,0.026408833,0.31329238,0.414445,0.64,True,True,1,0.3382444
973,0.35,0.25,0.25,0.15,,0.4081914185086954,0.36392358,0.026423862,0.31449357,0.41582903,0.649,True,True,0,0.33837947
974,0.4,0.25,0.2,0.15,,0.4081914185086954,0.36391354,0.026525613,0.31373933,0.41604805,0.665,True,True,0,0.3387517
975,0.6,0.15,0.25,0.0,,0.4081914185086954,0.36512074,0.026075924,0.31577566,0.41732308,0.664,True,True,4,0.3376835
976,0.25,0.2,0.35,0.2,,0.4081914185086954,0.3633912,0.026316212,0.3133536,0.4145548,0.634,True,True,0,0.33669332
977,0.3,0.2,0.35,0.15,,0.4081914185086954,0.3631648,0.02636197,0.31282356,0.41382834,0.624,True,True,0,0.33672017
978,0.05,0.15,0.5,0.3,,0.4081914185086954,0.3616234,0.02618424,0.31236818,0.41114175,0.583,True,True,1,0.33338946
979,0.05,0.1,0.6,0.25,,0.4081914185086954,0.3589754,0.02658191,0.3079488,0.40986687,0.517,True,True,0,0.3299253
980,0.4,0.1,0.45,0.05,,0.4081914185086954,0.361431,0.026356572,0.3117233,0.41209278,0.572,True,True,0,0.33293286
981,0.3,0.1,0.55,0.05,,0.4081914185086954,0.35890648,0.0264354,0.3092298,0.40797585,0.523,True,True,0,0.33010897
982,0.15,0.05,0.6,0.2,,0.4081914185086954,0.35695103,0.026750011,0.30494493,0.4079877,0.457,True,True,0,0.32828248
983,0.3,0.05,0.55,0.1,,0.4081914185086954,0.35763857,0.026810415,0.30500728,0.40904105,0.48,True,True,0,0.32879376
984,0.25,0.15,0.6,0.0,,0.4081914185086954,0.35602102,0.026261944,0.30697,0.40693128,0.422,True,True,0,0.3285661
985,0.45,0.05,0.5,0.0,,0.4081914185086954,0.35845387,0.026628133,0.30794856,0.40824217,0.487,True,True,2,0.32974833
986,0.2,0.1,0.6,0.1,,0.4081914185086954,0.35791656,0.02643528,0.30762953,0.4078301,0.494,True,True,0,0.32902074
987,0.5,0.3,0.0,0.2,,0.4081914185086953,0.36338893,0.026533082,0.3130581,0.41465667,0.656,True,True,1,0.3383394
988,0.3,0.3,0.15,0.25,,0.4081914185086953,0.36302927,0.026622169,0.31064948,0.41409263,0.643,True,True,0,0.33836347
989,0.35,0.3,0.1,0.25,,0.4081914185086953,0.3630461,0.026774835,0.3106775,0.41523302,0.648,True,True,2,0.33795473
990,0.3,0.3,0.1,0.3,,0.4081914185086953,0.36272392,0.026904793,0.31166995,0.4154114,0.654,True,True,0,0.33744833
991,0.65,0.25,0.0,0.1,,0.4081914185086953,0.36399195,0.026386919,0.31443632,0.4141609,0.659,True,True,2,0.33917218
992,0.35,0.25,0.2,0.2,,0.4081914185086953,0.36337537,0.026617717,0.3123675,0.41440696,0.658,True,True,0,0.33849967
993,0.1,0.2,0.2,0.5,,0.4081914185086953,0.36257812,0.02649767,0.31157854,0.41342822,0.616,True,True,0,0.33529925
994,0.2,0.2,0.1,0.5,,0.4081914185086953,0.36251602,0.026523463,0.31300068,0.41419038,0.615,True,True,0,0.3353828
995,0.25,0.2,0.05,0.5,,0.4081914185086953,0.3623385,0.02656341,0.3115026,0.4153622,0.601,True,True,0,0.33550182
996,0.25,0.05,0.35,0.35,,0.4081914185086953,0.3602682,0.026894124,0.30764237,0.41302598,0.525,True,True,0,0.33156052
997,0.1,0.2,0.35,0.35,,0.4081914185086953,0.36302936,0.026571104,0.3130524,0.41679642,0.623,True,True,0,0.3361805
998,0.15,0.2,0.35,0.3,,0.4081914185086953,0.36354798,0.026424147,0.31302977,0.4148723,0.638,True,True,0,0.3368379
999,0.2,0.2,0.3,0.3,,0.4081914185086953,0.36318418,0.026563704,0.31282893,0.41591084,0.637,True,True,1,0.33649153
1000,0.2,0.2,0.35,0.25,,0.4081914185086953,0.36361817,0.026444847,0.31314564,0.41540995,0.644,True,True,0,0.3367807
1001,0.25,0.2,0.3,0.25,,0.4081914185086953,0.36370772,0.026422216,0.31379238,0.41583765,0.646,True,True,1,0.33715194
1002,0.75,0.1,0.15,0.0,,0.4081914185086953,0.36547175,0.026265983,0.31529835,0.41778433,0.666,True,True,2,0.3368976
1003,0.45,0.15,0.3,0.1,,0.4081914185086953,0.36456624,0.026166765,0.31481332,0.41618502,0.654,True,True,1,0.337214
1004,0.5,0.15,0.25,0.1,,0.4081914185086953,0.36535263,0.02612425,0.31525898,0.4164382,0.662,True,True,1,0.3379244
1005,0.55,0.15,0.25,0.05,,0.4081914185086953,0.3651369,0.026212066,0.31667522,0.41743937,0.661,True,True,2,0.33775148
1006,0.6,0.15,0.2,0.05,,0.4081914185086953,0.36559317,0.026035087,0.31748566,0.41738927,0.677,True,True,2,0.33837956
1007,0.65,0.15,0.15,0.05,,0.4081914185086953,0.36538643,0.025995543,0.3172637,0.41698074,0.67,True,True,1,0.33841825
1008,0.7,0.15,0.15,0.0,,0.4081914185086953,0.36606175,0.025986426,0.3181091,0.41891253,0.688,True,True,6,0.33857
1009,0.75,0.15,0.1,0.0,,0.4081914185086953,0.36560223,0.026016045,0.31779724,0.4161882,0.684,True,True,3,0.33863336
1010,0.05,0.1,0.5,0.35,,0.4081914185086953,0.361844,0.026203753,0.31106663,0.4117082,0.583,True,True,1,0.33273774
1011,0.4,0.15,0.45,0.0,,0.4081914185086953,0.3609474,0.026262358,0.31158975,0.41337034,0.572,True,True,5,0.33360067
1012,0.4,0.15,0.35,0.1,,0.4081914185086953,0.3636852,0.025886295,0.31457204,0.41474426,0.634,True,True,0,0.3360937
1013,0.2,0.1,0.5,0.2,,0.4081914185086953,0.36104673,0.026337603,0.31042743,0.41126248,0.567,True,True,2,0.3322634
1014,0.25,0.1,0.5,0.15,,0.4081914185086953,0.36086065,0.0262699,0.31030086,0.41084763,0.554,True,True,1,0.332051
1015,0.2,0.1,0.55,0.15,,0.4081914185086953,0.35980052,0.026322855,0.30905238,0.4102281,0.538,True,True,0,0.3308532
1016,0.45,0.1,0.4,0.05,,0.4081914185086953,0.36238873,0.026431192,0.31204668,0.41367075,0.594,True,True,0,0.33351114
1017,0.45,0.1,0.45,0.0,,0.4081914185086953,0.36136377,0.02640272,0.31161252,0.41170385,0.569,True,True,1,0.3326879
1018,0.6,0.05,0.25,0.1,,0.4081914185086953,0.36249444,0.026729982,0.31223613,0.41444623,0.579,True,True,3,0.3335904
1019,0.65,0.05,0.25,0.05,,0.4081914185086953,0.36288965,0.026720991,0.31225643,0.4137299,0.58,True,True,2,0.3338895
1020,0.7,0.05,0.2,0.05,,0.4081914185086953,0.36285996,0.026618028,0.3125875,0.4128091,0.598,True,True,0,0.33394188
1021,0.75,0.05,0.2,0.0,,0.4081914185086953,0.36331573,0.026727075,0.31114736,0.41347986,0.6,True,True,2,0.33418107
1022,0.3,0.15,0.55,0.0,,0.4081914185086953,0.35785872,0.026382659,0.30923402,0.40819094,0.486,True,True,0,0.3302874
1023,0.35,0.15,0.5,0.0,,0.4081914185086953,0.35955265,0.026415544,0.31074739,0.4105083,0.537,True,True,0,0.3319622
1024,0.1,0.05,0.6,0.25,,0.4081914185086953,0.35689208,0.026709134,0.30593514,0.40890214,0.462,True,True,0,0.3285697
1025,0.5,0.15,0.2,0.15,,0.4081914185086953,0.36456135,0.026166627,0.31583697,0.4141947,0.657,True,True,0,0.33734146
1026,0.7,0.1,0.05,0.15,,0.4081914185086953,0.36387512,0.026481852,0.31327945,0.41275582,0.618,True,True,2,0.3353889
1027,0.7,0.1,0.1,0.1,,0.4081914185086953,0.36387157,0.026310341,0.3131862,0.4137724,0.624,True,True,0,0.33567256
1028,0.75,0.1,0.0,0.15,,0.4081914185086953,0.36392298,0.02641717,0.31364343,0.41255736,0.619,True,True,0,0.3353311
1029,0.75,0.1,0.05,0.1,,0.4081914185086953,0.36393613,0.026334131,0.31297964,0.413833,0.618,True,True,0,0.335461
1030,0.8,0.1,0.0,0.1,,0.4081914185086953,0.36413926,0.026394619,0.31297383,0.41294554,0.632,True,True,1,0.33566943
1031,0.8,0.1,0.05,0.05,,0.4081914185086953,0.3643739,0.026219131,0.31348163,0.41551077,0.639,True,True,2,0.33602566
1032,0.85,0.1,0.0,0.05,,0.4081914185086953,0.36426523,0.026190357,0.3131862,0.41477543,0.634,True,True,3,0.33580935
1033,0.4,0.2,0.15,0.25,,0.4081914185086953,0.3636202,0.02651804,0.3124783,0.41698402,0.645,True,True,0,0.33734015
1034,0.5,0.2,0.1,0.2,,0.4081914185086953,0.363949,0.02638579,0.31243515,0.41606978,0.655,True,True,1,0.3381598
1035,0.2,0.1,0.45,0.25,,0.4081914185086953,0.36217833,0.026340216,0.31118304,0.41219094,0.585,True,True,1,0.33332384
1036,0.4,0.1,0.35,0.15,,0.4081914185086953,0.36387396,0.02646436,0.31238827,0.41470507,0.618,True,True,1,0.334867
1037,0.45,0.1,0.3,0.15,,0.4081914185086953,0.36427075,0.026517536,0.31342965,0.41594318,0.637,True,True,1,0.33523348
1038,0.45,0.1,0.35,0.1,,0.4081914185086953,0.36351413,0.026295902,0.3123831,0.4132136,0.612,True,True,0,0.3347336
1039,0.5,0.1,0.3,0.1,,0.4081914185086953,0.36430094,0.02646288,0.3130072,0.41404352,0.624,True,True,2,0.33561203
1040,0.55,0.1,0.25,0.1,,0.4081914185086953,0.36485794,0.026362836,0.31383666,0.41548514,0.648,True,True,0,0.3361087
1041,0.55,0.1,0.3,0.05,,0.4081914185086953,0.36418262,0.026293084,0.312378,0.41410273,0.628,True,True,1,0.33538255
1042,0.6,0.1,0.25,0.05,,0.4081914185086953,0.36506227,0.026427219,0.3135788,0.41620386,0.638,True,True,0,0.3362274
1043,0.8,0.1,0.1,0.0,,0.4081914185086953,0.36532336,0.026214886,0.3144709,0.4156949,0.664,True,True,2,0.33692652
1044,0.85,0.1,0.05,0.0,,0.4081914185086953,0.36508098,0.02620436,0.3153387,0.4150931,0.654,True,True,2,0.3366875
1045,0.5,0.1,0.1,0.3,,0.4081914185086953,0.36292323,0.02640764,0.31194595,0.41342023,0.609,True,True,0,0.3336909
1046,0.6,0.1,0.05,0.25,,0.4081914185086953,0.3630928,0.026516333,0.31086448,0.41428787,0.605,True,True,0,0.33391923
1047,0.15,0.1,0.5,0.25,,0.4081914185086953,0.36128345,0.026373174,0.3103954,0.41117403,0.565,True,True,0,0.3321827
1048,0.45,0.1,0.25,0.2,,0.4081914185086953,0.36382118,0.026291596,0.31460524,0.41325283,0.629,True,True,0,0.335441
1049,0.5,0.1,0.25,0.15,,0.4081914185086953,0.36425382,0.026383132,0.3138268,0.41536155,0.63,True,True,0,0.33561012
1050,0.8,0.15,0.05,0.0,,0.4081914185086953,0.365471,0.026108867,0.31687057,0.4174279,0.678,True,True,4,0.33860624
1051,0.0,0.05,0.55,0.4,,0.4081914185086953,0.3588191,0.026791152,0.30853155,0.41022235,0.491,True,True,1,0.3301055
1052,0.4,0.05,0.3,0.25,,0.4081914185086953,0.36102942,0.026834449,0.30816028,0.41192737,0.549,True,True,0,0.33253568
1053,0.1,0.05,0.5,0.35,,0.4081914185086953,0.35944805,0.026921717,0.30783334,0.41087747,0.508,True,True,1,0.33086386
1054,0.25,0.05,0.45,0.25,,0.4081914185086953,0.35981685,0.027049098,0.30844757,0.41221946,0.512,True,True,0,0.33115953
1055,0.5,0.1,0.35,0.05,,0.4081914185086953,0.36332977,0.026370952,0.31195733,0.41484934,0.606,True,True,0,0.3344651
1056,0.1,0.7,0.1,0.1,,0.4080925919819937,0.3565957,0.027664278,0.30466858,0.4096417,0.383,True,True,0,0.33305177
1057,0.25,0.65,0.05,0.05,,0.4080925919819937,0.35850042,0.027556393,0.30501932,0.41111445,0.481,True,True,1,0.33494538
1058,0.05,0.7,0.2,0.05,,0.4080925919819937,0.3529537,0.02764583,0.29897156,0.40616152,0.216,True,True,0,0.3291395
1059,0.1,0.65,0.2,0.05,,0.4080925919819937,0.3556311,0.027570033,0.30248728,0.40985087,0.334,True,True,0,0.33107388
1060,0.15,0.65,0.15,0.05,,0.4080925919819937,0.35740474,0.027455563,0.3044232,0.40964338,0.436,True,True,1,0.3329429
1061,0.1,0.65,0.25,0.0,,0.4080925919819937,0.3522297,0.027435808,0.2989495,0.40650323,0.222,True,True,0,0.32797587
1062,0.05,0.65,0.25,0.05,,0.4080925919819937,0.3533549,0.027295975,0.30179557,0.40499339,0.259,True,True,0,0.32891262
1063,0.0,0.65,0.25,0.1,,0.4080925919819937,0.35391167,0.027431447,0.30102557,0.40672827,0.253,True,True,0,0.32957467
1064,0.0,0.55,0.2,0.25,,0.4080925919819937,0.358689,0.027253985,0.3058775,0.4097029,0.501,True,True,0,0.3343518
1065,0.0,0.55,0.15,0.3,,0.4080925919819937,0.35933763,0.02722346,0.30611405,0.41103813,0.536,True,True,0,0.33449453
1066,0.1,0.55,0.1,0.25,,0.4080925919819937,0.35972542,0.027148902,0.3066622,0.41114032,0.55,True,True,0,0.33492437
1067,0.15,0.6,0.0,0.25,,0.4080925919819937,0.3594314,0.027497366,0.30611625,0.41225928,0.553,True,True,1,0.3345547
1068,0.1,0.6,0.3,0.0,,0.4080925919819937,0.35176447,0.027421858,0.2987086,0.40439132,0.22,True,True,0,0.32762876
1069,0.0,0.7,0.1,0.2,,0.4080925919819937,0.3566165,0.027730862,0.30326998,0.40959966,0.356,True,True,2,0.33136103
1070,0.35,0.6,0.0,0.05,,0.4080925919819937,0.35973027,0.027278354,0.3075405,0.41203892,0.555,True,True,0,0.33597544
1071,0.1,0.65,0.05,0.2,,0.4080925919819937,0.35849658,0.027698556,0.3042172,0.4120144,0.483,True,True,1,0.3331752
1072,0.15,0.65,0.0,0.2,,0.4080925919819937,0.35885984,0.027570099,0.30543083,0.41243327,0.516,True,True,1,0.33348235
1073,0.1,0.55,0.35,0.0,,0.4080763915609258,0.3515931,0.027242677,0.30064434,0.40453532,0.239,True,True,0,0.32747555
1074,0.25,0.45,0.3,0.0,,0.4080596292447812,0.3583903,0.027137605,0.30570555,0.41140738,0.488,True,True,0,0.33462542
1075,0.4,0.4,0.1,0.1,,0.4080596292447812,0.36225018,0.026905594,0.31052455,0.41429433,0.646,True,True,1,0.33861187
1076,0.45,0.4,0.05,0.1,,0.4080596292447812,0.3622616,0.026754709,0.31175938,0.4134482,0.647,True,True,0,0.33852813
1077,0.1,0.45,0.15,0.3,,0.4080596292447812,0.3605539,0.027102282,0.30635193,0.41190013,0.586,True,True,0,0.33597913
1078,0.0,0.5,0.2,0.3,,0.4080596292447812,0.35937712,0.02714771,0.30659932,0.4106597,0.531,True,True,0,0.33478415
1079,0.05,0.5,0.15,0.3,,0.4080596292447812,0.36000332,0.027256029,0.3065984,0.41188705,0.562,True,True,0,0.3354442
1080,0.4,0.35,0.25,0.0,,0.4080596292447812,0.3618349,0.026848149,0.31163543,0.41387862,0.604,True,True,0,0.33806112
1081,0.45,0.35,0.2,0.0,,0.4080596292447812,0.36300573,0.026876915,0.312648,0.4154899,0.651,True,True,1,0.33911574
1082,0.5,0.35,0.15,0.0,,0.4080596292447812,0.3642133,0.026948193,0.31241265,0.41575763,0.692,True,True,2,0.34011978
1083,0.25,0.5,0.2,0.05,,0.4080434288237133,0.36025897,0.027132822,0.30753896,0.41141954,0.558,True,True,0,0.33596045
1084,0.4,0.45,0.05,0.1,,0.4080434288237133,0.3616099,0.027027968,0.3092039,0.4130886,0.628,True,True,0,0.3380034
1085,0.45,0.45,0.1,0.0,,0.4080434288237133,0.3628179,0.027179679,0.3102447,0.41439787,0.678,True,True,2,0.3391172
1086,0.05,0.4,0.3,0.25,,0.4077866419348079,0.36132526,0.026932774,0.309209,0.41179258,0.602,True,True,1,0.33700958
1087,0.1,0.35,0.25,0.3,,0.4077866419348079,0.36166292,0.027049204,0.3086288,0.41189048,0.612,True,True,0,0.33755824
1088,0.35,0.0,0.6,0.05,,0.4077351030526225,0.3565154,0.027065001,0.30317628,0.4070376,0.436,True,True,1,0.32674348
1089,0.4,0.0,0.6,0.0,,0.4077351030526225,0.35621062,0.027040139,0.3029057,0.4082601,0.435,True,True,0,0.3264939
1090,0.45,0.0,0.55,0.0,,0.4077351030526225,0.35756397,0.027031805,0.30436984,0.40936533,0.464,True,True,0,0.32785925
1091,0.25,0.3,0.35,0.1,,0.4077329374998573,0.36125648,0.026666706,0.31030688,0.4138089,0.587,True,True,0,0.3369642
1092,0.25,0.3,0.45,0.0,,0.4077138434601539,0.3572784,0.026996741,0.3045725,0.41094482,0.454,True,True,0,0.33335456
1093,0.0,0.4,0.2,0.4,,0.4077138434601539,0.36129975,0.026961977,0.30719227,0.41378444,0.617,True,True,0,0.33628327
1094,0.2,0.35,0.35,0.1,,0.4077138434601539,0.3603501,0.026845617,0.3095831,0.41142187,0.556,True,True,0,0.33637193
1095,0.05,0.4,0.15,0.4,,0.4077138434601539,0.3616132,0.027091045,0.30786845,0.41531622,0.627,True,True,0,0.3365522
1096,0.1,0.3,0.4,0.2,,0.4077048857210294,0.36083937,0.026582303,0.31111872,0.41172343,0.587,True,True,0,0.33631384
1097,0.75,0.05,0.0,0.2,,0.4076853703178041,0.36063126,0.02697576,0.3074506,0.4116352,0.549,True,True,1,0.3319983
1098,0.05,0.35,0.15,0.45,,0.4076805082508112,0.36204347,0.026950147,0.30941603,0.41406336,0.64,True,True,1,0.33720016
1099,0.0,0.0,0.25,0.75,,0.4076549250646681,0.35279956,0.028000915,0.29806226,0.40655428,0.374,True,True,0,0.32454735
1100,0.1,0.0,0.15,0.75,,0.4076549250646681,0.35183167,0.027936352,0.29875094,0.40514746,0.35,True,True,0,0.32339272
1101,0.55,0.35,0.05,0.05,,0.4076447627041134,0.36308277,0.026776386,0.3120832,0.4154583,0.66,True,True,0,0.33943465
1102,0.35,0.2,0.3,0.15,,0.4076365768412382,0.3639861,0.026396938,0.31381494,0.41456613,0.644,True,True,1,0.33743694
1103,0.2,0.2,0.4,0.2,,0.4076365768412382,0.36223605,0.026373109,0.31164604,0.4125774,0.597,True,True,0,0.33591515
1104,0.3,0.1,0.4,0.2,,0.4076365768412381,0.36293757,0.026337827,0.31290978,0.41451395,0.606,True,True,0,0.33412018
1105,0.9,0.1,0.0,0.0,,0.4076365768412381,0.36484602,0.026244093,0.3149046,0.41564345,0.656,True,True,2,0.3364638
1106,0.55,0.15,0.2,0.1,,0.4076365768412381,0.36506647,0.02603196,0.3164122,0.4156284,0.655,True,True,0,0.33777547
1107,0.85,0.15,0.0,0.0,,0.4076365768412381,0.36520442,0.026072815,0.31720635,0.4170683,0.671,True,True,4,0.33852386
1108,0.1,0.0,0.2,0.7,,0.4076195786109012,0.35313773,0.027789151,0.29854596,0.4057677,0.381,True,True,2,0.32504255
1109,0.15,0.0,0.15,0.7,,0.4076195786109012,0.3528167,0.02789072,0.2981528,0.40489304,0.374,True,True,0,0.32478222
1110,0.2,0.0,0.1,0.7,,0.4076195786109012,0.35240796,0.027943928,0.29790005,0.40453762,0.364,True,True,0,0.32426217
1111,0.0,0.8,0.1,0.1,,0.4075865437911026,0.35296518,0.027826838,0.29906636,0.40545905,0.22,True,True,3,0.32933813
1112,0.05,0.8,0.0,0.15,,0.4075865437911026,0.35498887,0.027807528,0.30209875,0.40883213,0.29,True,True,2,0.32910877
1113,0.0,0.85,0.05,0.1,,0.4075865437911026,0.35192388,0.02794263,0.29925704,0.40350726,0.185,True,True,1,0.32723016
1114,0.05,0.9,0.0,0.05,,0.4075865437911026,0.35084522,0.027940657,0.29820892,0.40231377,0.185,True,True,0,0.32657322
1115,0.1,0.8,0.1,0.0,,0.4075865437911025,0.35155553,0.02776378,0.29768002,0.40264484,0.201,True,True,0,0.32926354
1116,0.0,0.7,0.2,0.1,,0.4075701511566724,0.3532827,0.027520884,0.29961082,0.40473133,0.222,True,True,0,0.3292046
1117,0.45,0.55,0.0,0.0,,0.4075539507356045,0.36105642,0.027249517,0.3089102,0.41296542,0.599,True,True,1,0.33742002
1118,0.0,0.45,0.1,0.45,,0.40755358105389,0.3610799,0.027218979,0.30800313,0.41491306,0.606,True,True,1,0.33607462
1119,0.0,0.5,0.35,0.15,,0.40755358105389,0.35656703,0.027017856,0.30348003,0.407774,0.404,True,True,0,0.33229017
1120,0.05,0.4,0.05,0.5,,0.40755358105389,0.36169827,0.02703192,0.30926207,0.41332662,0.629,True,True,3,0.33639193
1121,0.1,0.4,0.0,0.5,,0.40755358105389,0.36192608,0.027159266,0.3076822,0.41560638,0.633,True,True,4,0.3365352
1122,0.3,0.5,0.1,0.1,,0.4075373806328222,0.3608911,0.027060937,0.30912465,0.4138359,0.592,True,True,0,0.33726415
1123,0.4,0.5,0.0,0.1,,0.4075373806328222,0.3613603,0.027159989,0.30908373,0.41320425,0.625,True,True,0,0.33715832
1124,0.3,0.5,0.05,0.15,,0.4075373806328222,0.36074325,0.02706641,0.30876294,0.41353175,0.583,True,True,0,0.33651704
1125,0.3,0.4,0.2,0.1,,0.4075371884194598,0.362512,0.026933573,0.31167614,0.41417196,0.656,True,True,0,0.3384057
1126,0.0,0.35,0.1,0.55,,0.4075206183166776,0.36180508,0.02682001,0.30910984,0.4144122,0.622,True,True,2,0.3366442
1127,0.1,0.35,0.0,0.55,,0.4075206183166776,0.36235148,0.02684852,0.31143418,0.413584,0.642,True,True,2,0.33693555
1128,0.0,0.1,0.15,0.75,,0.4075197206264349,0.35904577,0.027394155,0.30585834,0.41210395,0.503,True,True,2,0.32976922
1129,0.1,0.05,0.0,0.85,,0.4073793366068555,0.35192263,0.028315606,0.29622135,0.40559298,0.352,True,True,1,0.3224501
1130,0.0,0.05,0.05,0.9,,0.4073793366068555,0.35124025,0.028199647,0.297509,0.4047591,0.336,True,True,0,0.32135394
1131,0.7,0.0,0.05,0.25,,0.4072973637415225,0.35880098,0.02746155,0.30448884,0.40853232,0.508,True,True,0,0.32984048
1132,0.65,0.0,0.15,0.2,,0.4072973637415225,0.3596754,0.027247086,0.30473864,0.40816614,0.527,True,True,0,0.33057582
1133,0.7,0.0,0.1,0.2,,0.4072973637415225,0.359644,0.02723819,0.30513865,0.40892094,0.534,True,True,1,0.3305804
1134,0.9,0.0,0.0,0.1,,0.4072973637415225,0.36068565,0.027091695,0.3079144,0.41095582,0.544,True,True,2,0.3311773
1135,0.2,0.4,0.05,0.35,,0.4072020770291058,0.36197263,0.02702859,0.30914795,0.41480437,0.637,True,True,0,0.33708358
1136,0.15,0.35,0.0,0.5,,0.4071687418197632,0.3621872,0.026899671,0.3091159,0.41350266,0.637,True,True,1,0.33706522
1137,0.2,0.35,0.0,0.45,,0.4071687418197632,0.3622658,0.02683119,0.31089267,0.41273534,0.649,True,True,1,0.3373405
1138,0.0,0.3,0.0,0.7,,0.4070979895230405,0.36295864,0.026962206,0.31170264,0.4140799,0.646,True,True,13,0.33613518
1139,0.15,0.5,0.0,0.35,,0.4069992639006794,0.36063755,0.027267976,0.30692577,0.41266045,0.611,True,True,0,0.3357594
1140,0.2,0.35,0.3,0.15,,0.4068589983694267,0.36191618,0.026778312,0.31204277,0.4140552,0.623,True,True,1,0.33789417
1141,0.05,0.35,0.35,0.25,,0.4068589983694267,0.36168322,0.02677698,0.31114918,0.4128611,0.612,True,True,0,0.3373245
1142,0.25,0.35,0.2,0.2,,0.4068589983694267,0.3625432,0.026857888,0.31072646,0.4144744,0.658,True,True,0,0.33872232
1143,0.3,0.35,0.15,0.2,,0.4068589983694267,0.36246282,0.026718915,0.31122586,0.4150481,0.644,True,True,0,0.33852056
1144,0.25,0.35,0.15,0.25,,0.4068589983694267,0.36252367,0.026709335,0.31074733,0.41365263,0.653,True,True,0,0.3384233
1145,0.0,0.35,0.3,0.35,,0.4068589983694267,0.36136675,0.027053388,0.30869016,0.41334382,0.616,True,True,0,0.33720332
1146,0.35,0.3,0.35,0.0,,0.4068589983694267,0.36044332,0.02668064,0.30887452,0.41455063,0.566,True,True,1,0.33649585
1147,0.1,0.35,0.3,0.25,,0.4068589983694267,0.36248413,0.026792325,0.31203803,0.4130316,0.638,True,True,1,0.3384702
1148,0.3,0.3,0.35,0.05,,0.4068589983694267,0.36102638,0.026607519,0.30995506,0.41279635,0.587,True,True,1,0.33690637
1149,0.3,0.3,0.3,0.1,,0.4068260356322142,0.36232018,0.026523963,0.31200233,0.41381156,0.625,True,True,0,0.3379453
1150,0.15,0.3,0.4,0.15,,0.4068260356322142,0.36054745,0.026502583,0.3103003,0.41145083,0.577,True,True,0,0.33607957
1151,0.15,0.3,0.35,0.2,,0.4068260356322142,0.3620632,0.026579982,0.31172585,0.4129325,0.621,True,True,0,0.33766833
1152,0.15,0.2,0.5,0.15,,0.4068260356322142,0.3600394,0.02661812,0.3089926,0.4104483,0.543,True,True,0,0.33358306
1153,0.2,0.2,0.45,0.15,,0.4068260356322142,0.3609905,0.026478147,0.30987072,0.4125112,0.573,True,True,0,0.33460832
1154,0.15,0.25,0.5,0.1,,0.4068260356322142,0.35806668,0.02675638,0.30643943,0.40884468,0.492,True,True,1,0.3329386
1155,0.2,0.2,0.5,0.1,,0.4068260356322142,0.35938996,0.026520623,0.30708456,0.40965536,0.529,True,True,0,0.3333054
1156,0.25,0.2,0.5,0.05,,0.4068260356322142,0.35890067,0.026453307,0.30781636,0.40875286,0.52,True,True,0,0.3325814
1157,0.15,0.15,0.6,0.1,,0.4068260356322142,0.35718852,0.026291754,0.305842,0.40872276,0.466,True,True,0,0.32967386
1158,0.0,0.2,0.5,0.3,,0.4068260356322142,0.36078432,0.026283996,0.30957502,0.41158688,0.572,True,True,0,0.33426142
1159,0.0,0.1,0.65,0.25,,0.4068260356322142,0.35737592,0.026567332,0.30589962,0.40795606,0.476,True,True,0,0.32836163
1160,0.15,0.15,0.65,0.05,,0.4068260356322142,0.35453105,0.026287345,0.30388346,0.40601698,0.391,True,True,0,0.32694155
1161,0.05,0.1,0.7,0.15,,0.4068260356322142,0.35421968,0.026420524,0.3023251,0.4045186,0.396,True,True,0,0.32524875
1162,0.0,0.3,0.25,0.45,,0.4068260356322141,0.36204624,0.026890637,0.31098628,0.41434693,0.624,True,True,1,0.33653852
1163,0.1,0.3,0.2,0.4,,0.4068260356322141,0.36218593,0.026870107,0.31139874,0.41316414,0.634,True,True,0,0.3366656
1164,0.15,0.3,0.15,0.4,,0.4068260356322141,0.36235008,0.026874268,0.31062347,0.41433847,0.646,True,True,0,0.3369152
1165,0.0,0.3,0.3,0.4,,0.4068260356322141,0.36161473,0.027040007,0.31074908,0.41326636,0.611,True,True,0,0.33655062
1166,0.0,0.3,0.2,0.5,,0.4068260356322141,0.3624125,0.026845377,0.30913424,0.41380572,0.646,True,True,0,0.33655506
1167,0.1,0.3,0.15,0.45,,0.4068260356322141,0.3623135,0.026756242,0.3097073,0.412753,0.642,True,True,0,0.33676806
1168,0.4,0.2,0.3,0.1,,0.406757726752423,0.36373112,0.026308745,0.31343514,0.41486725,0.643,True,True,1,0.33744785
1169,0.45,0.2,0.25,0.1,,0.406757726752423,0.36450216,0.026276415,0.31525844,0.4166898,0.662,True,True,0,0.3383394
1170,0.5,0.2,0.25,0.05,,0.406757726752423,0.3643399,0.026180219,0.31525782,0.41594136,0.658,True,True,0,0.3381439
1171,0.55,0.2,0.25,0.0,,0.406757726752423,0.36416066,0.02626913,0.3148845,0.4149027,0.659,True,True,2,0.33788463
1172,0.6,0.2,0.2,0.0,,0.406757726752423,0.36516067,0.026112927,0.31768018,0.41606417,0.678,True,True,7,0.33897284
1173,0.4,0.05,0.5,0.05,,0.406757726752423,0.3584824,0.02682141,0.3067846,0.40941396,0.496,True,True,0,0.3298354
1174,0.25,0.1,0.6,0.05,,0.406757726752423,0.35726702,0.026412908,0.30736378,0.40583807,0.481,True,True,0,0.3283593
1175,0.15,0.1,0.6,0.15,,0.406757726752423,0.3583396,0.026394846,0.30836976,0.4101502,0.499,True,True,0,0.32935923
1176,0.2,0.05,0.6,0.15,,0.406757726752423,0.35653555,0.026723126,0.3050287,0.40772572,0.451,True,True,0,0.32784358
1177,0.25,0.05,0.55,0.15,,0.406757726752423,0.35779896,0.026746223,0.30557978,0.40802357,0.483,True,True,0,0.3291471
1178,0.3,0.1,0.6,0.0,,0.406757726752423,0.35700536,0.026475128,0.30702433,0.40765378,0.47,True,True,0,0.32813752
1179,0.25,0.05,0.6,0.1,,0.406757726752423,0.3563083,0.026763042,0.30398607,0.40734655,0.442,True,True,1,0.32760957
1180,0.35,0.05,0.55,0.05,,0.406757726752423,0.35735837,0.026779635,0.30544657,0.40773636,0.466,True,True,0,0.3287052
1181,0.4,0.05,0.55,0.0,,0.406757726752423,0.35731143,0.02670681,0.30556867,0.40680927,0.463,True,True,1,0.3284635
1182,0.25,0.1,0.65,0.0,,0.406757726752423,0.35502946,0.02648564,0.30473498,0.40619805,0.412,True,True,0,0.32605642
1183,0.1,0.1,0.65,0.15,,0.406757726752423,0.3564309,0.026312804,0.30630434,0.4065248,0.454,True,True,0,0.32749763
1184,0.45,0.3,0.05,0.2,,0.4067577267524229,0.363293,0.02657674,0.3125793,0.41456044,0.66,True,True,0,0.3383227
1185,0.45,0.25,0.15,0.15,,0.4067577267524229,0.36352184,0.02663928,0.31185138,0.41641417,0.656,True,True,0,0.33862725
1186,0.5,0.25,0.1,0.15,,0.4067577267524229,0.36344066,0.026718073,0.31149772,0.41621843,0.641,True,True,1,0.33839104
1187,0.55,0.25,0.05,0.15,,0.4067577267524229,0.36384526,0.026385115,0.31326804,0.41478768,0.65,True,True,1,0.3389251
1188,0.4,0.25,0.35,0.0,,0.4067577267524229,0.36142132,0.026384197,0.30961025,0.41237634,0.582,True,True,0,0.33643988
1189,0.15,0.2,0.3,0.35,,0.4067577267524229,0.36263463,0.02657159,0.3127268,0.41536775,0.625,True,True,0,0.33593515
1190,0.65,0.2,0.0,0.15,,0.4067577267524229,0.3640739,0.026196001,0.3136376,0.41613394,0.643,True,True,3,0.33808762
1191,0.65,0.15,0.2,0.0,,0.4067577267524229,0.365844,0.02605753,0.31714714,0.41712222,0.686,True,True,3,0.33845365
1192,0.4,0.2,0.4,0.0,,0.4067577267524229,0.3610464,0.026322206,0.3102347,0.4113208,0.572,True,True,0,0.3350986
1193,0.3,0.2,0.3,0.2,,0.4067577267524229,0.36394075,0.02644912,0.3151946,0.4154334,0.647,True,True,1,0.33741087
1194,0.35,0.2,0.25,0.2,,0.4067577267524229,0.36409336,0.02630485,0.31532645,0.4155368,0.653,True,True,1,0.337913
1195,0.25,0.15,0.5,0.1,,0.4067577267524229,0.3604717,0.026120674,0.31081808,0.41396433,0.549,True,True,1,0.3329365
1196,0.3,0.15,0.45,0.1,,0.4067577267524229,0.36169988,0.026098618,0.31238994,0.4133333,0.586,True,True,0,0.33411536
1197,0.35,0.15,0.45,0.05,,0.4067577267524229,0.36146528,0.026129685,0.31159014,0.4133468,0.577,True,True,0,0.3340536
1198,0.45,0.15,0.35,0.05,,0.4067577267524229,0.36311337,0.026050894,0.3145481,0.41558558,0.62,True,True,1,0.33563185
1199,0.55,0.15,0.3,0.0,,0.4067577267524229,0.36390698,0.02593582,0.31435928,0.41489667,0.639,True,True,0,0.33651417
1200,0.3,0.2,0.5,0.0,,0.4067577267524229,0.35839468,0.026565548,0.3074472,0.40979785,0.502,True,True,0,0.33225197
1201,0.35,0.2,0.45,0.0,,0.4067577267524229,0.35997617,0.026510574,0.30985358,0.4111826,0.551,True,True,0,0.3339145
1202,0.15,0.15,0.55,0.15,,0.4067577267524229,0.3595269,0.02627068,0.3094042,0.41162598,0.534,True,True,1,0.33186242
1203,0.0,0.1,0.55,0.35,,0.4067577267524229,0.3609127,0.02635302,0.3094638,0.4117223,0.561,True,True,0,0.3316657
1204,0.4,0.05,0.4,0.15,,0.4067577267524229,0.3603436,0.026773063,0.3095769,0.41213986,0.518,True,True,0,0.33167425
1205,0.45,0.05,0.35,0.15,,0.4067577267524229,0.36133075,0.026958091,0.3095802,0.41356823,0.56,True,True,0,0.3326195
1206,0.5,0.05,0.35,0.1,,0.4067577267524229,0.36137778,0.026674325,0.31013674,0.41355428,0.551,True,True,0,0.3325192
1207,0.55,0.05,0.3,0.1,,0.4067577267524229,0.3619732,0.026726095,0.31101555,0.4120652,0.561,True,True,3,0.33333373
1208,0.6,0.05,0.3,0.05,,0.4067577267524229,0.36212155,0.02677146,0.31024155,0.41281173,0.567,True,True,0,0.33320516
1209,0.7,0.05,0.25,0.0,,0.4067577267524229,0.3629808,0.026810192,0.31200936,0.41346803,0.587,True,True,3,0.3339593
1210,0.35,0.15,0.4,0.1,,0.4067577267524229,0.3626186,0.02594864,0.31381437,0.41332898,0.606,True,True,1,0.33497193
1211,0.3,0.05,0.45,0.2,,0.4067577267524229,0.35968313,0.026791152,0.3084064,0.41032627,0.511,True,True,0,0.33119583
1212,0.0,0.05,0.65,0.3,,0.4067577267524229,0.3560959,0.026841309,0.30475032,0.40890214,0.434,True,True,0,0.32770392
1213,0.5,0.1,0.4,0.0,,0.4067577267524229,0.36221135,0.026344923,0.312113,0.41445088,0.586,True,True,2,0.3337153
1214,0.55,0.1,0.35,0.0,,0.4067577267524229,0.3631475,0.026250847,0.31219357,0.4146473,0.607,True,True,0,0.33435795
1215,0.45,0.05,0.4,0.1,,0.4067577267524229,0.3604084,0.026702443,0.3092421,0.41213453,0.535,True,True,1,0.33155578
1216,0.65,0.05,0.3,0.0,,0.4067577267524229,0.36200994,0.026780289,0.31100854,0.41138437,0.569,True,True,0,0.33310458
1217,0.35,0.3,0.15,0.2,,0.4067577267524229,0.36295626,0.026614584,0.3119803,0.41438475,0.643,True,True,0,0.33877006
1218,0.25,0.2,0.25,0.3,,0.4067577267524229,0.36327773,0.026576247,0.31239283,0.41642138,0.638,True,True,0,0.33691373
1219,0.3,0.2,0.25,0.25,,0.4067577267524229,0.36378816,0.026497534,0.31437775,0.4164141,0.65,True,True,0,0.3375152
1220,0.35,0.2,0.2,0.25,,0.4067577267524229,0.36349916,0.026436998,0.31243372,0.4155357,0.649,True,True,0,0.33761114
1221,0.3,0.25,0.0,0.45,,0.4067577267524229,0.36266115,0.026651267,0.31333584,0.4143126,0.629,True,True,1,0.3363914
1222,0.35,0.1,0.35,0.2,,0.4067577267524229,0.36368328,0.026481343,0.31382227,0.4140867,0.623,True,True,0,0.33471265
1223,0.4,0.1,0.3,0.2,,0.4067577267524229,0.36403993,0.026438897,0.31339103,0.41394672,0.633,True,True,1,0.33527175
1224,0.5,0.1,0.2,0.2,,0.4067577267524229,0.3635386,0.026219137,0.31317478,0.41376737,0.623,True,True,0,0.3354427
1225,0.55,0.1,0.15,0.2,,0.4067577267524229,0.36348486,0.02631557,0.31277454,0.4129914,0.615,True,True,0,0.33521506
1226,0.55,0.1,0.2,0.15,,0.4067577267524229,0.36391035,0.026283555,0.3132525,0.41372752,0.631,True,True,0,0.3354893
1227,0.6,0.1,0.1,0.2,,0.4067577267524229,0.36376926,0.026408168,0.3137903,0.4123994,0.625,True,True,0,0.3351606
1228,0.6,0.1,0.15,0.15,,0.4067577267524229,0.36358267,0.026385715,0.31317478,0.41315192,0.617,True,True,1,0.33543593
1229,0.65,0.1,0.05,0.2,,0.4067577267524229,0.3637485,0.026415465,0.3128693,0.41422087,0.621,True,True,1,0.33521706
1230,0.65,0.1,0.1,0.15,,0.4067577267524229,0.36360547,0.026315099,0.31331497,0.41261777,0.614,True,True,0,0.33538145
1231,0.65,0.1,0.15,0.1,,0.4067577267524229,0.36411202,0.026424894,0.3129782,0.4153895,0.632,True,True,0,0.33564094
1232,0.35,0.05,0.3,0.3,,0.4067577267524229,0.36034387,0.026948012,0.30849993,0.41165802,0.536,True,True,0,0.33194283
1233,0.45,0.05,0.25,0.25,,0.4067577267524229,0.3606594,0.026914895,0.30808488,0.4109713,0.543,True,True,0,0.33219236
1234,0.1,0.1,0.5,0.3,,0.4067577267524229,0.36154464,0.026343318,0.3105357,0.4136233,0.575,True,True,1,0.33240527
1235,0.25,0.1,0.45,0.2,,0.4067577267524229,0.36204538,0.026338777,0.31104913,0.41213176,0.584,True,True,0,0.33334467
1236,0.35,0.1,0.4,0.15,,0.4067577267524229,0.36275965,0.026332345,0.3123831,0.41340983,0.596,True,True,1,0.33380288
1237,0.4,0.1,0.4,0.1,,0.4067577267524229,0.3625298,0.0262151,0.3119779,0.41199,0.588,True,True,0,0.33390775
1238,0.65,0.15,0.1,0.1,,0.4067577267524229,0.36437726,0.025998162,0.31529835,0.41463396,0.655,True,True,1,0.33742097
1239,0.7,0.15,0.05,0.1,,0.4067577267524229,0.36435172,0.026136627,0.31523046,0.4156443,0.662,True,True,1,0.33745974
1240,0.75,0.15,0.0,0.1,,0.4067577267524229,0.3645846,0.026187321,0.31545344,0.41515362,0.656,True,True,1,0.33765042
1241,0.75,0.15,0.05,0.05,,0.4067577267524229,0.36475328,0.025970098,0.3156209,0.4162089,0.659,True,True,0,0.33785036
1242,0.8,0.15,0.0,0.05,,0.4067577267524229,0.3647801,0.026224801,0.3156835,0.41693053,0.665,True,True,1,0.33782285
1243,0.05,0.05,0.55,0.35,,0.4067577267524229,0.35833997,0.026851937,0.30601242,0.41115162,0.489,True,True,0,0.3298012
1244,0.15,0.05,0.5,0.3,,0.4067577267524229,0.359204,0.026838873,0.30793297,0.41033015,0.493,True,True,0,0.33050957
1245,0.35,0.05,0.4,0.2,,0.4067577267524229,0.36068273,0.026894882,0.30982494,0.41210437,0.531,True,True,0,0.33195454
1246,0.05,0.1,0.55,0.3,,0.4067577267524229,0.36055198,0.026264645,0.31004336,0.4122607,0.545,True,True,0,0.3311743
1247,0.15,0.05,0.55,0.25,,0.4067577267524229,0.35804486,0.026771946,0.30646083,0.41033584,0.477,True,True,0,0.32953522
1248,0.4,0.05,0.35,0.2,,0.4067577267524229,0.3611701,0.026922228,0.30757567,0.41325983,0.547,True,True,1,0.3323894
1249,0.75,0.05,0.15,0.05,,0.4067577267524229,0.36260507,0.026676308,0.31245017,0.4126868,0.587,True,True,0,0.333972
1250,0.8,0.05,0.15,0.0,,0.4067577267524229,0.36318418,0.026596064,0.3125422,0.4133621,0.602,True,True,0,0.33431756
1251,0.1,0.0,0.1,0.8,,0.406680639238776,0.3498217,0.028409287,0.2948254,0.4036321,0.316,True,True,1,0.32114828
1252,0.15,0.0,0.05,0.8,,0.406680639238776,0.34917858,0.02855159,0.29531112,0.4036337,0.311,True,True,0,0.32052112
1253,0.15,0.7,0.15,0.0,,0.4066589002257214,0.3545695,0.027771901,0.30098292,0.4083958,0.31,True,True,0,0.33079782
1254,0.1,0.7,0.2,0.0,,0.4066589002257214,0.35201055,0.027686914,0.2992433,0.4061709,0.208,True,True,0,0.3283366
1255,0.05,0.55,0.15,0.25,,0.4066589002257214,0.35919595,0.027134284,0.30569592,0.41009945,0.512,True,True,0,0.33440006
1256,0.05,0.55,0.35,0.05,,0.4066589002257214,0.35248032,0.02716066,0.29987904,0.4045482,0.256,True,True,0,0.32842603
1257,0.3,0.65,0.0,0.05,,0.4066589002257213,0.35903978,0.027552146,0.30597457,0.41084442,0.523,True,True,0,0.33501947
1258,0.1,0.65,0.0,0.25,,0.4066589002257213,0.35898337,0.027695082,0.30521923,0.4124337,0.538,True,True,0,0.33322507
1259,0.35,0.55,0.05,0.05,,0.4066426998046534,0.36020574,0.027054025,0.3071074,0.41157502,0.56,True,True,0,0.33675286
1260,0.4,0.55,0.0,0.05,,0.4066426998046534,0.3607579,0.027127277,0.30728438,0.41268724,0.591,True,True,2,0.3368504
1261,0.15,0.55,0.25,0.05,,0.4066426998046534,0.35756314,0.027155662,0.30469835,0.40889263,0.437,True,True,0,0.33326048
1262,0.15,0.55,0.0,0.3,,0.4066426998046534,0.36016607,0.027339028,0.30487695,0.41269258,0.577,True,True,0,0.33503583
1263,0.5,0.4,0.05,0.05,,0.4066259374885088,0.3625102,0.02687386,0.31142795,0.41425976,0.645,True,True,0,0.33876413
1264,0.2,0.45,0.3,0.05,,0.4066259374885088,0.3586605,0.027154632,0.30648035,0.4096352,0.489,True,True,0,0.3348935
1265,0.3,0.35,0.35,0.0,,0.4066259374885088,0.35965535,0.026776256,0.30805463,0.41116437,0.527,True,True,0,0.3362403
1266,0.5,0.4,0.0,0.1,,0.4066259374885088,0.36262542,0.026816977,0.31179523,0.41559932,0.655,True,True,0,0.33879814
1267,0.1,0.5,0.35,0.05,,0.4066259374885088,0.35535878,0.026979497,0.30343682,0.40667734,0.365,True,True,0,0.33114994
1268,0.35,0.4,0.25,0.0,,0.4066259374885088,0.3609523,0.027055128,0.30920377,0.4123739,0.58,True,True,0,0.33696383
1269,0.0,0.45,0.15,0.4,,0.4066259374885088,0.36081186,0.027243083,0.30808985,0.4139253,0.607,True,True,0,0.33625743
1270,0.1,0.45,0.1,0.35,,0.4066259374885088,0.36112016,0.027097924,0.30807254,0.41388184,0.607,True,True,0,0.3365044
1271,0.15,0.5,0.35,0.0,,0.4066259374885088,0.3548582,0.02703055,0.30314803,0.4056288,0.356,True,True,0,0.33057803
1272,0.1,0.45,0.35,0.1,,0.4066259374885088,0.3576619,0.027161954,0.30478394,0.40919387,0.472,True,True,0,0.3337427
1273,0.1,0.45,0.4,0.05,,0.4066259374885088,0.35474825,0.02690634,0.30113333,0.40643892,0.358,True,True,0,0.3306597
1274,0.15,0.45,0.3,0.1,,0.4066259374885088,0.35914156,0.027190257,0.30621433,0.41104466,0.515,True,True,0,0.33499095
1275,0.35,0.4,0.15,0.1,,0.4066259374885088,0.3624783,0.02689381,0.31173447,0.41466242,0.654,True,True,0,0.33859274
1276,0.2,0.4,0.3,0.1,,0.4066259374885088,0.36023295,0.026923956,0.3094886,0.41180682,0.556,True,True,0,0.3360572
1277,0.3,0.4,0.25,0.05,,0.4066259374885088,0.36111572,0.026892517,0.3097882,0.41199046,0.583,True,True,0,0.33713162
1278,0.45,0.5,0.05,0.0,,0.4066097370674409,0.3622039,0.027180899,0.30958074,0.41387197,0.644,True,True,2,0.33848602
1279,0.45,0.45,0.0,0.1,,0.4066097370674409,0.3620964,0.027021715,0.3100585,0.41573492,0.643,True,True,0,0.33833462
1280,0.5,0.45,0.05,0.0,,0.4066097370674409,0.36248246,0.027173245,0.31106243,0.4146465,0.65,True,True,1,0.33891782
1281,0.45,0.45,0.05,0.05,,0.4066097370674409,0.36165196,0.02702153,0.31002244,0.41443086,0.624,True,True,0,0.3382612
1282,0.5,0.45,0.0,0.05,,0.4066097370674409,0.36203673,0.026995515,0.30941874,0.4153094,0.648,True,True,2,0.33815166
1283,0.55,0.4,0.05,0.0,,0.4066097370674409,0.36334798,0.026918825,0.31208482,0.41502103,0.667,True,True,1,0.33953083
1284,0.5,0.4,0.1,0.0,,0.4066097370674408,0.36353636,0.027092133,0.312011,0.4157311,0.684,True,True,3,0.3395642
1285,0.2,0.35,0.15,0.3,,0.4063529501785355,0.36227137,0.026852444,0.30999765,0.41381815,0.64,True,True,1,0.33751824
1286,0.0,0.4,0.35,0.25,,0.4063529501785355,0.36015555,0.026933685,0.30784395,0.41119814,0.556,True,True,0,0.3358872
1287,0.1,0.4,0.25,0.25,,0.4063529501785355,0.36109984,0.026906332,0.30861855,0.41344762,0.598,True,True,0,0.33699012
1288,0.15,0.35,0.2,0.3,,0.4063529501785355,0.3618693,0.026884742,0.30977395,0.41267115,0.628,True,True,0,0.3378763
1289,0.35,0.35,0.05,0.25,,0.4063529501785354,0.3626599,0.026744684,0.31129295,0.4137977,0.646,True,True,1,0.33811316
1290,0.2,0.35,0.1,0.35,,0.4063199874413229,0.36224326,0.02697026,0.3106812,0.4134637,0.646,True,True,0,0.33763623
1291,0.0,0.3,0.1,0.6,,0.4063199874413229,0.36206618,0.02687559,0.30929062,0.4139482,0.61,True,True,1,0.33627087
1292,0.05,0.3,0.05,0.6,,0.4063199874413229,0.36221603,0.026880844,0.31029308,0.41421816,0.631,True,True,0,0.3362019
1293,0.4,0.0,0.55,0.05,,0.4063014112963501,0.35772273,0.02713768,0.30436984,0.40908426,0.465,True,True,0,0.32807413
1294,0.3,0.0,0.65,0.05,,0.4063014112963501,0.35505658,0.026981056,0.3015919,0.40527105,0.411,True,True,0,0.32530558
1295,0.35,0.0,0.65,0.0,,0.4063014112963501,0.35448352,0.026917819,0.30108276,0.4051174,0.412,True,True,0,0.32480407
1296,0.0,0.3,0.05,0.65,,0.4062992429125326,0.36253813,0.026869606,0.31206763,0.41338262,0.644,True,True,2,0.33608806
1297,0.3,0.0,0.6,0.1,,0.4062852108752822,0.356696,0.027208095,0.30263746,0.4067126,0.448,True,True,0,0.32703352
1298,0.45,0.35,0.0,0.2,,0.4062846412987443,0.3626362,0.026539825,0.3109505,0.41561964,0.654,True,True,0,0.33818075
1299,0.1,0.35,0.4,0.15,,0.4062639512828135,0.35936272,0.02686501,0.3081327,0.41142315,0.527,True,True,0,0.33534408
1300,0.15,0.35,0.4,0.1,,0.4062639512828135,0.3590197,0.026880674,0.30696434,0.41389877,0.518,True,True,0,0.33518592
1301,0.0,0.4,0.15,0.45,,0.4062639512828135,0.3615336,0.027120654,0.30747846,0.41440418,0.624,True,True,0,0.33626547
1302,0.05,0.3,0.55,0.1,,0.4062639512828135,0.3541619,0.026796814,0.30267933,0.40594906,0.37,True,True,0,0.32978162
1303,0.25,0.3,0.05,0.4,,0.4062516785615317,0.3627494,0.026631895,0.31145534,0.41332224,0.654,True,True,0,0.33736458
1304,0.3,0.3,0.0,0.4,,0.4062516785615317,0.36259177,0.026700739,0.31087157,0.4143073,0.645,True,True,0,0.3372907
1305,0.0,0.35,0.15,0.5,,0.4062306160734709,0.3618286,0.027021727,0.3100057,0.4129415,0.63,True,True,0,0.33688137
1306,0.1,0.35,0.1,0.45,,0.4062306160734709,0.36209375,0.026962442,0.31036782,0.41427624,0.643,True,True,0,0.3372554
1307,0.05,0.35,0.1,0.5,,0.4062306160734709,0.36188865,0.026894249,0.31083432,0.41298905,0.624,True,True,1,0.33687133
1308,0.0,0.35,0.05,0.6,,0.4062306160734709,0.36219546,0.026922094,0.31018242,0.4132345,0.636,True,True,0,0.33660242
1309,0.6,0.25,0.1,0.05,,0.4062028850849657,0.36412302,0.026428137,0.31450683,0.4159852,0.658,True,True,3,0.33929247
1310,0.7,0.15,0.1,0.05,,0.4062028850849657,0.36495057,0.026037652,0.31579816,0.4165559,0.666,True,True,0,0.3379841
1311,0.5,0.2,0.2,0.1,,0.4062028850849657,0.36469758,0.026264658,0.31525782,0.4181194,0.663,True,True,1,0.33867598
1312,0.2,0.05,0.5,0.25,,0.4062028850849657,0.35899004,0.026849566,0.30737418,0.41058743,0.499,True,True,0,0.33026767
1313,0.5,0.05,0.3,0.15,,0.4062028850849657,0.36171684,0.026910264,0.30927423,0.41209123,0.565,True,True,0,0.33276367
1314,0.65,0.05,0.2,0.1,,0.4062028850849657,0.36216804,0.026589617,0.31207895,0.41172236,0.582,True,True,1,0.333314
1315,0.6,0.35,0.0,0.05,,0.4061948705267731,0.36330226,0.026760826,0.31261978,0.41603053,0.674,True,True,1,0.33942583
1316,0.35,0.0,0.0,0.65,,0.4061858868546288,0.35273355,0.02794163,0.29817083,0.40564054,0.376,True,True,0,0.32424513
1317,0.1,0.85,0.05,0.0,,0.4061528520348302,0.35138318,0.027955381,0.29755026,0.40300223,0.214,True,True,0,0.3293774
1318,0.05,0.85,0.05,0.05,,0.4061528520348302,0.3518973,0.027814226,0.29961675,0.40423173,0.205,True,True,0,0.32910904
1319,0.0,0.9,0.05,0.05,,0.4061528520348301,0.34998718,0.027967034,0.29734802,0.4024126,0.169,True,True,2,0.3267138
1320,0.2,0.8,0.0,0.0,,0.4061364594004,0.3545213,0.028073205,0.30073857,0.40941206,0.306,True,True,1,0.33201098
1321,0.0,0.4,0.1,0.5,,0.4061198892976176,0.3614885,0.027148658,0.30817875,0.4143914,0.622,True,True,1,0.33637515
1322,0.15,0.4,0.0,0.45,,0.4061198892976176,0.3618327,0.027108865,0.30808958,0.4144198,0.637,True,True,0,0.3365459
1323,0.1,0.45,0.05,0.4,,0.4061198892976176,0.36110702,0.027238853,0.30810347,0.41444045,0.603,True,True,0,0.33652154
1324,0.2,0.45,0.0,0.35,,0.4061198892976176,0.36135858,0.027293155,0.30771586,0.41393143,0.615,True,True,0,0.3367948
1325,0.45,0.4,0.1,0.05,,0.4061034966631874,0.36271885,0.026915267,0.31195232,0.4151925,0.659,True,True,1,0.33892494
1326,0.5,0.5,0.0,0.0,,0.4060872962421196,0.36178172,0.02711809,0.31000644,0.4132266,0.628,True,True,2,0.33833128
1327,0.55,0.45,0.0,0.0,,0.4060872962421196,0.36241636,0.02715159,0.3105187,0.41505498,0.65,True,True,2,0.3388975
1328,0.35,0.5,0.1,0.05,,0.4060872962421196,0.36166146,0.027072614,0.30962804,0.4147431,0.621,True,True,1,0.33789256
1329,0.05,0.2,0.0,0.75,,0.4060860288701625,0.36124197,0.027134528,0.3088726,0.41457605,0.575,True,True,2,0.3332274
1330,0.0,0.2,0.05,0.75,,0.4060860288701625,0.36145785,0.027011896,0.30880544,0.4149503,0.576,True,True,1,0.33342412
1331,0.05,0.0,0.15,0.8,,0.4059809409526172,0.35041267,0.02822184,0.29633543,0.40196627,0.326,True,True,0,0.32179955
1332,0.75,0.0,0.05,0.2,,0.4058636719852501,0.35967115,0.027315075,0.30512962,0.40956163,0.527,True,True,4,0.33078426
1333,0.8,0.0,0.0,0.2,,0.4058636719852501,0.35938153,0.027290802,0.3051374,0.40954584,0.526,True,True,1,0.33033198
1334,0.85,0.0,0.0,0.15,,0.4058636719852501,0.36025327,0.027237786,0.30616158,0.4103663,0.538,True,True,0,0.3309556
1335,0.0,0.95,0.0,0.05,,0.4056952128937804,0.34939566,0.027654804,0.2970148,0.4023654,0.135,True,True,2,0.32558468
1336,0.2,0.4,0.2,0.2,,0.4054253066131543,0.36183393,0.026743108,0.31049946,0.4141702,0.627,True,True,0,0.33821607
1337,0.3,0.35,0.2,0.15,,0.4054253066131543,0.36297306,0.026828054,0.3116246,0.4147899,0.666,True,True,0,0.33884472
1338,0.4,0.35,0.15,0.1,,0.4054253066131543,0.3631634,0.02676155,0.3118805,0.41570526,0.671,True,True,0,0.33923125
1339,0.15,0.35,0.35,0.15,,0.4054253066131543,0.36049053,0.026698781,0.30857736,0.41151667,0.563,True,True,0,0.33652845
1340,0.25,0.35,0.3,0.1,,0.4054253066131543,0.3615805,0.026829358,0.3098964,0.4109956,0.608,True,True,0,0.33767378
1341,0.3,0.35,0.25,0.1,,0.4054253066131543,0.36280346,0.026737185,0.3119762,0.41407698,0.651,True,True,0,0.3384886
1342,0.2,0.35,0.25,0.2,,0.4054253066131543,0.36263856,0.026679605,0.3115205,0.41343355,0.646,True,True,0,0.3385907
1343,0.4,0.3,0.3,0.0,,0.4054253066131543,0.36189073,0.026577137,0.31189233,0.41455466,0.616,True,True,0,0.33787015
1344,0.05,0.35,0.25,0.35,,0.4054253066131543,0.36114648,0.026989529,0.30754644,0.41266003,0.594,True,True,0,0.33669776
1345,0.1,0.35,0.2,0.35,,0.4054253066131543,0.3618268,0.026902363,0.30892897,0.41269198,0.625,True,True,0,0.3372262
1346,0.2,0.3,0.4,0.1,,0.4054253066131543,0.36022034,0.026494393,0.30900028,0.41329992,0.561,True,True,1,0.33597913
1347,0.25,0.3,0.4,0.05,,0.4054253066131543,0.35952583,0.026609927,0.30743963,0.40955698,0.528,True,True,1,0.33553573
1348,0.0,0.35,0.35,0.3,,0.4054253066131543,0.36177415,0.02698082,0.31030288,0.41254297,0.618,True,True,1,0.33734906
1349,0.0,0.35,0.25,0.4,,0.4054253066131543,0.36138624,0.027107341,0.30825424,0.41362748,0.611,True,True,0,0.33672044
1350,0.1,0.3,0.45,0.15,,0.4054253066131543,0.35908884,0.026586764,0.3081092,0.4133238,0.526,True,True,0,0.3348262
1351,0.1,0.3,0.5,0.1,,0.4054253066131543,0.35653174,0.02676953,0.3032641,0.40761667,0.427,True,True,0,0.3325691
1352,0.3,0.3,0.25,0.15,,0.4053923438759418,0.3634681,0.026556468,0.31260544,0.41552576,0.654,True,True,0,0.33868578
1353,0.1,0.25,0.5,0.15,,0.4053923438759418,0.35889137,0.026622197,0.308409,0.40960225,0.512,True,True,0,0.33351257
1354,0.05,0.25,0.55,0.15,,0.4053923438759418,0.35691872,0.026520142,0.30581143,0.40741056,0.455,True,True,1,0.33161554
1355,0.1,0.2,0.55,0.15,,0.4053923438759418,0.3581954,0.026498294,0.30500925,0.40693063,0.49,True,True,0,0.33201325
1356,0.15,0.2,0.55,0.1,,0.4053923438759418,0.35782847,0.026448082,0.30487403,0.40679026,0.485,True,True,1,0.3314098
1357,0.05,0.25,0.6,0.1,,0.4053923438759418,0.35356826,0.026769755,0.30071098,0.40501317,0.356,True,True,0,0.3283512
1358,0.15,0.25,0.55,0.05,,0.4053923438759418,0.35539448,0.026597619,0.3026908,0.40686667,0.41,True,True,0,0.33029464
1359,0.0,0.25,0.55,0.2,,0.4053923438759418,0.35757354,0.02662249,0.30626538,0.40743235,0.461,True,True,0,0.33211306
1360,0.1,0.25,0.55,0.1,,0.4053923438759418,0.3559042,0.026586715,0.30559197,0.4074083,0.419,True,True,0,0.33070457
1361,0.25,0.2,0.55,0.0,,0.4053923438759418,0.35649964,0.026555713,0.3060093,0.40679106,0.434,True,True,0,0.3306393
1362,0.1,0.15,0.65,0.1,,0.4053923438759418,0.35501578,0.02628951,0.30306542,0.40468484,0.404,True,True,0,0.3274285
1363,0.1,0.15,0.7,0.05,,0.4053923438759418,0.3516143,0.026578289,0.30003822,0.40103838,0.317,True,True,0,0.32420102
1364,0.15,0.15,0.7,0.0,,0.4053923438759418,0.3505178,0.026861273,0.2966519,0.40054503,0.293,True,True,0,0.3236636
1365,0.05,0.3,0.2,0.45,,0.4053923438759417,0.3621263,0.026795805,0.3100242,0.41373235,0.634,True,True,0,0.33670056
1366,0.05,0.3,0.15,0.5,,0.4053923438759417,0.36242333,0.026851172,0.3103151,0.41375166,0.642,True,True,2,0.33667305
1367,0.15,0.3,0.1,0.45,,0.4053923438759417,0.36243704,0.026705021,0.31105277,0.4129168,0.637,True,True,0,0.33699983
1368,0.0,0.3,0.15,0.55,,0.4053923438759417,0.36216626,0.026846558,0.3107195,0.41417143,0.617,True,True,0,0.3365281
1369,0.6,0.3,0.05,0.05,,0.4053240349961506,0.36351442,0.026495012,0.312712,0.41443175,0.673,True,True,0,0.33949503
1370,0.45,0.3,0.2,0.05,,0.4053240349961506,0.36415154,0.026616663,0.3130609,0.41525832,0.686,True,True,0,0.33957765
1371,0.5,0.3,0.15,0.05,,0.4053240349961506,0.36430728,0.026643535,0.31348115,0.41745365,0.692,True,True,1,0.33992568
1372,0.35,0.05,0.5,0.1,,0.4053240349961506,0.35867646,0.026645508,0.30776682,0.41048503,0.494,True,True,0,0.3298132
1373,0.5,0.05,0.45,0.0,,0.4053240349961506,0.35935187,0.026679048,0.3074893,0.409346,0.51,True,True,1,0.33076677
1374,0.05,0.05,0.65,0.25,,0.4053240349961506,0.35581228,0.02682928,0.30318612,0.40654454,0.436,True,True,0,0.3271476
1375,0.3,0.05,0.6,0.05,,0.4053240349961506,0.3560213,0.026732428,0.30461422,0.40597478,0.43,True,True,0,0.32726005
1376,0.1,0.1,0.7,0.1,,0.4053240349961506,0.35366085,0.026512992,0.3016445,0.4044326,0.383,True,True,0,0.3247246
1377,0.1,0.05,0.65,0.2,,0.4053240349961506,0.35550734,0.02676115,0.3035771,0.40672216,0.418,True,True,1,0.32682842
1378,0.15,0.05,0.65,0.15,,0.4053240349961506,0.35511878,0.026855413,0.30391803,0.40619805,0.426,True,True,0,0.32649443
1379,0.2,0.05,0.65,0.1,,0.4053240349961506,0.35470656,0.02674918,0.30289277,0.40641624,0.413,True,True,0,0.32596967
1380,0.0,0.05,0.7,0.25,,0.4053240349961506,0.35423222,0.026791265,0.30178353,0.4034101,0.403,True,True,0,0.32567757
1381,0.7,0.25,0.05,0.0,,0.4053240349961505,0.36455813,0.026371876,0.31446952,0.41815016,0.673,True,True,2,0.33986127
1382,0.5,0.25,0.15,0.1,,0.4053240349961505,0.36380166,0.026487075,0.3125573,0.41695824,0.651,True,True,1,0.33875838
1383,0.55,0.25,0.1,0.1,,0.4053240349961505,0.36350754,0.026552618,0.3123728,0.41679806,0.639,True,True,0,0.3385661
1384,0.6,0.25,0.05,0.1,,0.4053240349961505,0.36376214,0.026505833,0.3134162,0.41486022,0.653,True,True,0,0.33884674
1385,0.65,0.25,0.05,0.05,,0.4053240349961505,0.36371973,0.026510235,0.3149725,0.4164362,0.646,True,True,0,0.3389486
1386,0.7,0.25,0.0,0.05,,0.4053240349961505,0.3637898,0.026392639,0.3149737,0.41579494,0.645,True,True,0,0.3389731
1387,0.55,0.2,0.2,0.05,,0.4053240349961505,0.36505365,0.026109248,0.3155404,0.4158775,0.673,True,True,2,0.33896464
1388,0.6,0.2,0.15,0.05,,0.4053240349961505,0.36504918,0.026196813,0.31760594,0.41668877,0.669,True,True,2,0.3392522
1389,0.4,0.2,0.25,0.15,,0.4053240349961505,0.3643201,0.026369097,0.3159201,0.415981,0.661,True,True,0,0.33807936
1390,0.45,0.2,0.2,0.15,,0.4053240349961505,0.36419296,0.026342094,0.3152259,0.41626588,0.663,True,True,0,0.3382981
1391,0.25,0.2,0.45,0.1,,0.4053240349961505,0.36064032,0.026336975,0.30989292,0.41031498,0.56,True,True,0,0.3344947
1392,0.3,0.2,0.4,0.1,,0.4053240349961505,0.3616494,0.026407233,0.31042725,0.41175675,0.592,True,True,0,0.33536628
1393,0.3,0.2,0.45,0.05,,0.4053240349961505,0.36009032,0.026440358,0.30904302,0.41156727,0.552,True,True,1,0.3340138
1394,0.35,0.2,0.4,0.05,,0.4053240349961505,0.36125383,0.026201447,0.31018034,0.41117352,0.582,True,True,0,0.33509713
1395,0.45,0.2,0.35,0.0,,0.4053240349961505,0.36210856,0.02614899,0.31207517,0.41296175,0.608,True,True,1,0.33598608
1396,0.35,0.2,0.35,0.1,,0.4053240349961505,0.362767,0.026235307,0.3118624,0.41383332,0.619,True,True,0,0.33641908
1397,0.45,0.2,0.3,0.05,,0.4053240349961505,0.3632818,0.026249921,0.31356505,0.41456643,0.626,True,True,0,0.33685818
1398,0.5,0.2,0.3,0.0,,0.4053240349961505,0.3628169,0.02622715,0.31415826,0.4145115,0.625,True,True,2,0.33677763
1399,0.4,0.15,0.4,0.05,,0.4053240349961505,0.362323,0.026083725,0.3139974,0.41310257,0.611,True,True,2,0.33479598
1400,0.45,0.15,0.4,0.0,,0.4053240349961505,0.36209342,0.0261875,0.3130643,0.41465354,0.598,True,True,0,0.33469945
1401,0.5,0.15,0.35,0.0,,0.4053240349961505,0.36293185,0.026049443,0.3146087,0.41465354,0.624,True,True,1,0.33545244
1402,0.25,0.05,0.5,0.2,,0.4053240349961505,0.35877448,0.0267488,0.30678537,0.41058463,0.492,True,True,0,0.33024585
1403,0.35,0.05,0.45,0.15,,0.4053240349961505,0.35963744,0.026807982,0.3085505,0.41069666,0.509,True,True,0,0.33079645
1404,0.55,0.05,0.35,0.05,,0.4053240349961505,0.3612636,0.026760636,0.309371,0.4121425,0.553,True,True,2,0.33229446
1405,0.6,0.05,0.35,0.0,,0.4053240349961505,0.36104336,0.026720377,0.30821815,0.411103,0.562,True,True,3,0.3323519
1406,0.2,0.15,0.6,0.05,,0.4053240349961505,0.35668394,0.026403332,0.3072704,0.40753675,0.453,True,True,1,0.32905316
1407,0.2,0.05,0.55,0.2,,0.4053240349961505,0.3579757,0.026807168,0.3056073,0.40942296,0.474,True,True,0,0.3294384
1408,0.3,0.05,0.5,0.15,,0.4053240349961505,0.35870984,0.026837893,0.307177,0.40890163,0.491,True,True,0,0.3298716
1409,0.35,0.05,0.6,0.0,,0.4053240349961505,0.3557033,0.026665747,0.3041516,0.40680388,0.426,True,True,1,0.32689163
1410,0.4,0.3,0.1,0.2,,0.4053240349961505,0.3630963,0.02662467,0.31168714,0.41323218,0.656,True,True,0,0.33887866
1411,0.4,0.2,0.2,0.2,,0.4053240349961505,0.36386254,0.02638164,0.3138842,0.41490877,0.646,True,True,1,0.3381254
1412,0.45,0.2,0.15,0.2,,0.4053240349961505,0.36375967,0.026434166,0.3131586,0.41679916,0.638,True,True,0,0.33794537
1413,0.6,0.15,0.15,0.1,,0.4053240349961505,0.3646605,0.026008258,0.31587437,0.416435,0.66,True,True,0,0.337498
1414,0.5,0.05,0.2,0.25,,0.4053240349961505,0.3605326,0.026957827,0.3076681,0.41075635,0.545,True,True,0,0.33205402
1415,0.6,0.2,0.05,0.15,,0.4053240349961505,0.36409864,0.026273487,0.31446928,0.4155459,0.658,True,True,0,0.33844265
1416,0.65,0.2,0.05,0.1,,0.4053240349961505,0.3640462,0.026434226,0.31368336,0.41606578,0.649,True,True,2,0.33853972
1417,0.7,0.2,0.0,0.1,,0.4053240349961505,0.364257,0.026270675,0.31443766,0.416131,0.648,True,True,1,0.3386919
1418,0.75,0.2,0.0,0.05,,0.4053240349961505,0.3644309,0.026324255,0.31578383,0.4162184,0.645,True,True,1,0.33878082
1419,0.3,0.1,0.45,0.15,,0.4053240349961505,0.36184233,0.026297241,0.3109351,0.41278234,0.579,True,True,0,0.3328175
1420,0.85,0.05,0.1,0.0,,0.4053240349961505,0.3630002,0.026712233,0.3127058,0.41249743,0.596,True,True,4,0.33437246
1421,0.9,0.05,0.05,0.0,,0.4053240349961505,0.36280346,0.02671325,0.31269172,0.41396067,0.582,True,True,1,0.3343515
1422,0.0,0.05,0.6,0.35,,0.4053240349961505,0.3573142,0.026800659,0.30650744,0.4091381,0.467,True,True,0,0.32865956
1423,0.45,0.05,0.3,0.2,,0.4053240349961505,0.36135754,0.026998805,0.3078537,0.41244116,0.546,True,True,1,0.33261853
1424,0.55,0.05,0.25,0.15,,0.4053240349961505,0.36178184,0.026799504,0.30843967,0.41185445,0.557,True,True,0,0.33301705
1425,0.0,0.75,0.1,0.15,,0.405225208469449,0.35427877,0.02770044,0.3021322,0.40685087,0.258,True,True,0,0.32954133
1426,0.05,0.75,0.15,0.05,,0.405225208469449,0.3525385,0.027685413,0.29767388,0.40377524,0.212,True,True,0,0.32910243
1427,0.05,0.8,0.15,0.0,,0.405225208469449,0.34806642,0.027831705,0.29408342,0.40240875,0.117,True,True,0,0.32549676
1428,0.2,0.5,0.0,0.3,,0.405225208469449,0.3607354,0.02726907,0.30866528,0.41364923,0.592,True,True,1,0.33612677
1429,0.1,0.5,0.05,0.35,,0.405225208469449,0.36049542,0.027283039,0.30720857,0.41286185,0.587,True,True,0,0.33570206
1430,0.0,0.6,0.35,0.05,,0.405225208469449,0.34816855,0.027669339,0.29429293,0.39990562,0.133,True,True,0,0.32376796
1431,0.3,0.45,0.25,0.0,,0.4051922457322364,0.35977834,0.027067957,0.30725718,0.41130292,0.539,True,True,1,0.33597174
1432,0.0,0.45,0.2,0.35,,0.4051922457322364,0.36054286,0.027045162,0.3069418,0.4124344,0.59,True,True,0,0.3358318
1433,0.05,0.45,0.15,0.35,,0.4051922457322364,0.36080906,0.027099919,0.3069385,0.41248325,0.587,True,True,0,0.33619368
1434,0.3,0.4,0.3,0.0,,0.4051922457322364,0.35975453,0.02698707,0.3081557,0.41310748,0.538,True,True,0,0.33600333
1435,0.05,0.45,0.1,0.4,,0.4051922457322364,0.3610786,0.027233979,0.30832458,0.413823,0.612,True,True,0,0.33645397
1436,0.15,0.45,0.05,0.35,,0.4051922457322364,0.36122385,0.027187236,0.3074687,0.41382107,0.616,True,True,0,0.3367986
1437,0.2,0.4,0.4,0.0,,0.4051922457322364,0.35625523,0.027000336,0.3058879,0.4080921,0.41,True,True,1,0.33247194
1438,0.1,0.35,0.45,0.1,,0.4051922457322364,0.35717547,0.026850441,0.30491403,0.40950623,0.449,True,True,0,0.33351818
1439,0.15,0.35,0.45,0.05,,0.4051922457322364,0.3565917,0.026893562,0.3036962,0.40841815,0.424,True,True,0,0.33268225
1440,0.2,0.35,0.4,0.05,,0.4051922457322364,0.35854086,0.026795143,0.3073966,0.41103157,0.481,True,True,0,0.33492735
1441,0.2,0.4,0.35,0.05,,0.4051922457322364,0.35875478,0.027014503,0.3077736,0.4109514,0.508,True,True,0,0.3348251
1442,0.1,0.4,0.4,0.1,,0.4051922457322364,0.35758305,0.027010305,0.30633283,0.40848106,0.453,True,True,0,0.3337889
1443,0.15,0.4,0.4,0.05,,0.4051922457322364,0.3569945,0.027038684,0.30587938,0.40952194,0.426,True,True,0,0.33314446
1444,0.05,0.5,0.35,0.1,,0.4051922457322364,0.3562981,0.027074812,0.30406925,0.40837848,0.39,True,True,1,0.33206084
1445,0.05,0.45,0.4,0.1,,0.4051922457322364,0.35554373,0.026829572,0.30255908,0.40615773,0.392,True,True,0,0.33165786
1446,0.25,0.35,0.35,0.05,,0.4051922457322364,0.360121,0.026832895,0.30991286,0.41173032,0.555,True,True,0,0.33626324
1447,0.0,0.05,0.0,0.95,,0.4051568446119655,0.34813952,0.02842591,0.29334235,0.4015908,0.283,True,True,0,0.31865314
1448,0.0,0.4,0.25,0.35,,0.4049192584222631,0.36064607,0.027093826,0.30658236,0.4132139,0.587,True,True,1,0.3360567
1449,0.15,0.4,0.2,0.25,,0.4049192584222631,0.3610213,0.026899928,0.30920634,0.41414478,0.604,True,True,0,0.33698756
1450,0.0,0.4,0.3,0.3,,0.4049192584222631,0.36132646,0.027066812,0.30883718,0.41317442,0.611,True,True,0,0.33707795
1451,0.35,0.35,0.2,0.1,,0.4048866653667651,0.36322904,0.026907897,0.31231293,0.41561386,0.678,True,True,0,0.3389851
1452,0.15,0.4,0.3,0.15,,0.4048866653667651,0.3605702,0.02674961,0.31138408,0.41074166,0.583,True,True,0,0.33639103
1453,0.25,0.35,0.05,0.35,,0.4048862956850505,0.36231393,0.026926748,0.312208,0.41336507,0.649,True,True,0,0.33772445
1454,0.3,0.35,0.05,0.3,,0.4048862956850505,0.362383,0.02679401,0.3106147,0.41471067,0.645,True,True,0,0.3379056
1455,0.1,0.3,0.05,0.55,,0.4048862956850505,0.36245212,0.026905213,0.31072867,0.4129316,0.622,True,True,1,0.33650866
1456,0.3,0.0,0.7,0.0,,0.4048677195400778,0.353085,0.026897868,0.3007995,0.4043482,0.382,True,True,0,0.32331458
1457,0.2,0.0,0.65,0.15,,0.4048515191190098,0.35563618,0.027200347,0.30206862,0.40516186,0.432,True,True,0,0.32609665
1458,0.25,0.0,0.65,0.1,,0.4048515191190098,0.35540614,0.027166834,0.3013575,0.4049447,0.417,True,True,0,0.3256534
1459,0.1,0.0,0.7,0.2,,0.4048515191190098,0.35431188,0.027084475,0.30226105,0.40400535,0.409,True,True,0,0.32498032
1460,0.35,0.3,0.2,0.15,,0.4048375022084846,0.36348176,0.026461214,0.31271535,0.4166225,0.665,True,True,0,0.33901474
1461,0.35,0.35,0.0,0.3,,0.4048179868052593,0.36234787,0.02683088,0.31090528,0.4143806,0.638,True,True,2,0.33788303
1462,0.0,0.45,0.4,0.15,,0.4048140591054732,0.35623857,0.026922647,0.30426458,0.40759093,0.407,True,True,0,0.33241358
1463,0.0,0.4,0.45,0.15,,0.4048140591054732,0.35597798,0.027007915,0.30398783,0.4075831,0.397,True,True,0,0.33189982
1464,0.15,0.0,0.1,0.75,,0.4047875415521234,0.3513205,0.028066663,0.29803455,0.40443945,0.339,True,True,2,0.32284248
1465,0.7,0.3,0.0,0.0,,0.4047853937497613,0.36398783,0.026539898,0.31205073,0.41630656,0.681,True,True,1,0.34004226
1466,0.15,0.25,0.6,0.0,,0.4047807238961307,0.3520629,0.026923671,0.29905745,0.4037185,0.318,True,True,0,0.32699293
1467,0.4,0.3,0.2,0.1,,0.4047691933286934,0.36386588,0.02672294,0.31358176,0.41666868,0.675,True,True,1,0.33930096
1468,0.75,0.25,0.0,0.0,,0.4047691933286934,0.36441916,0.02644254,0.31574762,0.41861388,0.661,True,True,3,0.3396788
1469,0.65,0.2,0.1,0.05,,0.4047691933286934,0.36478087,0.026325246,0.31686735,0.41742605,0.669,True,True,0,0.3389924
1470,0.8,0.05,0.1,0.05,,0.4047691933286934,0.3621047,0.026651142,0.31247061,0.41190276,0.575,True,True,0,0.3336317
1471,0.95,0.05,0.0,0.0,,0.4047691933286934,0.36257645,0.02672835,0.31208798,0.4120894,0.585,True,True,1,0.3340185
1472,0.05,0.05,0.6,0.3,,0.4047691933286934,0.35704863,0.02672719,0.3057452,0.40940073,0.463,True,True,0,0.32862574
1473,0.25,0.0,0.05,0.7,,0.4047521950983563,0.3519925,0.028064065,0.29707593,0.4054033,0.352,True,True,0,0.32358044
1474,0.0,0.9,0.1,0.0,,0.4047027676441275,0.3411037,0.028341176,0.28685138,0.39701015,0.052,True,False,0,0.31553385
1475,0.1,0.4,0.05,0.45,,0.4046861975413452,0.3616355,0.027150739,0.3073842,0.41321638,0.626,True,True,0,0.3365609
1476,0.15,0.45,0.0,0.4,,0.4046861975413452,0.36143795,0.027168829,0.30745775,0.4144036,0.635,True,True,1,0.3364591
1477,0.0,0.1,0.75,0.15,,0.404610696313534,0.35175204,0.026587436,0.2998244,0.40346482,0.328,True,True,0,0.32296458
1478,0.65,0.35,0.0,0.0,,0.404585295606056,0.36369452,0.026848316,0.31284893,0.41667998,0.667,True,True,0,0.34003195
1479,0.2,0.0,0.0,0.8,,0.4045472491963448,0.34863675,0.028499102,0.29405063,0.4023371,0.296,True,True,1,0.3201424
1480,0.0,1.0,0.0,0.0,only_decay,0.4042930119564413,0.34652123,0.027932514,0.29232046,0.4012931,0.133,True,True,2,0.3206408
1481,0.0,0.9,0.0,0.1,,0.404261521137508,0.35131332,0.027661,0.29733065,0.40234378,0.179,True,True,2,0.32708856
1482,0.0,0.85,0.1,0.05,,0.4042453207164401,0.3489827,0.027751025,0.29620275,0.40078604,0.14,True,True,0,0.32606602
1483,0.35,0.35,0.15,0.15,v1_original,0.4039916148568819,0.36282223,0.026695907,0.31117028,0.4129378,0.664,True,True,0,0.3388379
1484,0.4,0.35,0.1,0.15,,0.4039916148568819,0.36277628,0.026627708,0.31258088,0.4141802,0.659,True,True,1,0.339142
1485,0.1,0.35,0.35,0.2,,0.4039916148568819,0.36065802,0.026680233,0.30857736,0.41111976,0.565,True,True,0,0.33678702
1486,0.15,0.35,0.3,0.2,,0.4039916148568819,0.36224598,0.026786396,0.31203803,0.41254935,0.636,True,True,0,0.33806193
1487,0.35,0.35,0.1,0.2,,0.4039916148568819,0.36267757,0.026683304,0.31021792,0.41560078,0.658,True,True,0,0.33839822
1488,0.05,0.3,0.5,0.15,,0.4039916148568819,0.35721204,0.026683917,0.3044245,0.4086258,0.445,True,True,0,0.33306512
1489,0.3,0.35,0.1,0.25,,0.4039916148568818,0.36256206,0.026720447,0.3110372,0.4139006,0.661,True,True,0,0.33814764
1490,0.0,0.3,0.45,0.25,,0.4039586521196694,0.3601227,0.026639655,0.3108052,0.4104674,0.548,True,True,0,0.33526665
1491,0.05,0.3,0.45,0.2,,0.4039586521196694,0.3597067,0.0266905,0.30747467,0.4134787,0.546,True,True,0,0.33528754
1492,0.05,0.2,0.55,0.2,,0.4039586521196694,0.3588356,0.02653733,0.3072376,0.4089181,0.51,True,True,0,0.3323917
1493,0.2,0.25,0.55,0.0,,0.4039586521196694,0.3548946,0.026613869,0.30286103,0.4088452,0.391,True,True,0,0.330023
1494,0.0,0.2,0.6,0.2,,0.4039586521196694,0.35695592,0.02650868,0.30503914,0.40645057,0.453,True,True,1,0.33044672
1495,0.05,0.15,0.65,0.15,,0.4039586521196694,0.3557114,0.026270807,0.30419067,0.40722165,0.434,True,True,0,0.32817686
1496,0.2,0.2,0.55,0.05,,0.4039586521196694,0.35687274,0.026463361,0.30527735,0.40734467,0.461,True,True,0,0.33073658
1497,0.0,0.15,0.65,0.2,,0.4039586521196694,0.35649964,0.026285782,0.30682936,0.40824434,0.458,True,True,0,0.32900843
1498,0.05,0.15,0.7,0.1,,0.4039586521196694,0.3524095,0.02655374,0.30010945,0.40345287,0.343,True,True,0,0.32496503
1499,0.0,0.1,0.7,0.2,,0.4039586521196694,0.35503408,0.026583314,0.30388227,0.4057488,0.425,True,True,0,0.32603112
1500,0.05,0.1,0.75,0.1,,0.4039586521196694,0.350826,0.026777029,0.29846692,0.402205,0.311,True,True,0,0.32215193
1501,0.05,0.3,0.1,0.55,,0.4039586521196693,0.36226076,0.026849672,0.31087828,0.4128439,0.617,True,True,0,0.33641344
1502,0.1,0.3,0.1,0.5,,0.4039586521196693,0.3624095,0.026871756,0.31080675,0.41419655,0.641,True,True,0,0.33693865
1503,0.45,0.3,0.25,0.0,,0.4039233059770907,0.36266047,0.026590146,0.31155005,0.41456974,0.633,True,True,1,0.338581
1504,0.65,0.3,0.05,0.0,,0.4038903432398782,0.36418244,0.026557732,0.31451818,0.41552937,0.697,True,True,3,0.34021398
1505,0.55,0.3,0.15,0.0,,0.4038903432398782,0.3646462,0.026699256,0.3146097,0.4176087,0.704,True,True,2,0.34004503
1506,0.6,0.3,0.1,0.0,,0.4038903432398782,0.3646348,0.02659776,0.3145779,0.41622812,0.714,True,True,2,0.34018221
1507,0.2,0.1,0.65,0.05,,0.4038903432398782,0.3553523,0.026616894,0.3046676,0.40518662,0.424,True,True,0,0.32630092
1508,0.05,0.05,0.7,0.2,,0.4038903432398782,0.35377955,0.02669847,0.30113307,0.40422818,0.382,True,True,0,0.32531583
1509,0.25,0.05,0.65,0.05,,0.4038903432398782,0.3543235,0.026598426,0.30179217,0.40485275,0.39,True,True,0,0.3256528
1510,0.65,0.3,0.0,0.05,,0.4038903432398781,0.36374798,0.026415406,0.31170708,0.41473243,0.67,True,True,1,0.33942482
1511,0.55,0.3,0.0,0.15,,0.4038903432398781,0.36358076,0.02651441,0.31194362,0.41582954,0.667,True,True,0,0.33877575
1512,0.5,0.3,0.1,0.1,,0.4038903432398781,0.36336452,0.02647903,0.31148255,0.41488424,0.663,True,True,0,0.3393815
1513,0.65,0.2,0.15,0.0,,0.4038903432398781,0.36546475,0.026083669,0.3177396,0.41610795,0.677,True,True,1,0.33930606
1514,0.7,0.2,0.1,0.0,,0.4038903432398781,0.36516652,0.026085583,0.31705084,0.41776133,0.671,True,True,2,0.339304
1515,0.25,0.2,0.4,0.15,,0.4038903432398781,0.3619331,0.026353104,0.3117649,0.41248974,0.601,True,True,0,0.3355426
1516,0.4,0.2,0.35,0.05,,0.4038903432398781,0.36212233,0.02617269,0.31129062,0.41147184,0.595,True,True,1,0.33575168
1517,0.25,0.15,0.55,0.05,,0.4038903432398781,0.35823077,0.026363876,0.30914533,0.40939206,0.485,True,True,0,0.33094677
1518,0.3,0.15,0.5,0.05,,0.4038903432398781,0.35992685,0.026312627,0.31015643,0.41204518,0.542,True,True,0,0.33262032
1519,0.1,0.1,0.6,0.2,,0.4038903432398781,0.35870296,0.026553724,0.30818018,0.4102178,0.504,True,True,0,0.32958868
1520,0.4,0.05,0.45,0.1,,0.4038903432398781,0.35957775,0.026883526,0.30740842,0.41069666,0.509,True,True,0,0.33049217
1521,0.45,0.05,0.45,0.05,,0.4038903432398781,0.35944718,0.026830537,0.30781373,0.41077265,0.514,True,True,0,0.3306066
1522,0.5,0.05,0.4,0.05,,0.4038903432398781,0.36022902,0.026769662,0.30780604,0.41059843,0.539,True,True,0,0.33137113
1523,0.55,0.05,0.4,0.0,,0.4038903432398781,0.36040902,0.026692474,0.3089015,0.40994495,0.537,True,True,2,0.33153066
1524,0.05,0.1,0.65,0.2,,0.4038903432398781,0.35692993,0.02648252,0.30691186,0.4081839,0.463,True,True,0,0.3279416
1525,0.15,0.1,0.7,0.05,,0.4038903432398781,0.3530601,0.02659485,0.30065137,0.40311068,0.359,True,True,0,0.32412437
1526,0.2,0.1,0.7,0.0,,0.4038903432398781,0.35246623,0.026692998,0.30112368,0.40334418,0.345,True,True,0,0.32382154
1527,0.5,0.2,0.15,0.15,,0.4038903432398781,0.36392236,0.026458608,0.31459424,0.41651094,0.647,True,True,1,0.33835867
1528,0.55,0.2,0.1,0.15,,0.4038903432398781,0.3638711,0.02636015,0.3124505,0.4166847,0.641,True,True,0,0.33841598
1529,0.55,0.2,0.15,0.1,,0.4038903432398781,0.364307,0.026335351,0.31585416,0.41697174,0.654,True,True,1,0.33866394
1530,0.6,0.2,0.1,0.1,,0.4038903432398781,0.36407068,0.02643292,0.31462225,0.41648686,0.646,True,True,0,0.3386623
1531,0.7,0.2,0.05,0.05,,0.4038903432398781,0.36435935,0.026271228,0.3158067,0.41620767,0.649,True,True,1,0.3386552
1532,0.55,0.05,0.1,0.3,,0.4038903432398781,0.35981876,0.027080538,0.30670476,0.41022497,0.526,True,True,0,0.33126557
1533,0.55,0.05,0.15,0.25,,0.4038903432398781,0.36051416,0.026895316,0.30766878,0.4103898,0.541,True,True,0,0.33216223
1534,0.6,0.05,0.1,0.25,,0.4038903432398781,0.36071113,0.026950018,0.3081506,0.41018838,0.547,True,True,0,0.3323377
1535,0.65,0.05,0.05,0.25,,0.4038903432398781,0.3602049,0.027068665,0.3069887,0.4102194,0.539,True,True,0,0.33138993
1536,0.5,0.05,0.25,0.2,,0.4038903432398781,0.36135668,0.026751649,0.308293,0.4116576,0.552,True,True,1,0.3327714
1537,0.85,0.05,0.05,0.05,,0.4038903432398781,0.36208513,0.026628988,0.3106638,0.4116019,0.57,True,True,1,0.33344948
1538,0.1,0.05,0.55,0.3,,0.4038903432398781,0.3580572,0.026758531,0.3057438,0.41033584,0.474,True,True,0,0.3292702
1539,0.0,0.7,0.25,0.05,,0.4037915167131766,0.34887865,0.027734997,0.29585436,0.40161636,0.127,True,True,0,0.32525358
1540,0.05,0.75,0.2,0.0,,0.4037915167131766,0.34778655,0.027832843,0.29462743,0.4002527,0.107,True,True,0,0.3244093
1541,0.05,0.65,0.3,0.0,,0.4037915167131766,0.34701538,0.027554862,0.29462218,0.39943573,0.114,True,True,0,0.3227372
1542,0.05,0.85,0.1,0.0,,0.4037915167131765,0.34827766,0.027710496,0.29542765,0.40103877,0.131,True,True,0,0.32572997
1543,0.2,0.45,0.35,0.0,,0.403758553975964,0.35656625,0.027058216,0.3044896,0.40867358,0.422,True,True,1,0.33259708
1544,0.25,0.35,0.4,0.0,,0.403758553975964,0.3579549,0.02689759,0.30704546,0.41025138,0.472,True,True,0,0.33443657
1545,0.15,0.45,0.35,0.05,,0.403758553975964,0.35720983,0.02717126,0.30490345,0.40884945,0.439,True,True,0,0.33356023
1546,0.25,0.4,0.35,0.0,,0.403758553975964,0.35847348,0.027037982,0.3066905,0.4109661,0.481,True,True,1,0.33467618
1547,0.05,0.4,0.45,0.1,,0.403758553975964,0.35519186,0.027028194,0.30207232,0.4056972,0.382,True,True,0,0.33128685
1548,0.25,0.4,0.0,0.35,,0.403758553975964,0.36202285,0.027097316,0.30885258,0.41459313,0.635,True,True,0,0.3370947
1549,0.25,0.4,0.3,0.05,,0.403758553975964,0.35999405,0.02709913,0.30875716,0.41240373,0.557,True,True,0,0.3360642
1550,0.05,0.4,0.1,0.45,,0.403758553975964,0.36145216,0.027129706,0.3073369,0.41361004,0.635,True,True,1,0.33645743
1551,0.1,0.4,0.1,0.4,,0.403758553975964,0.36174092,0.027073845,0.30809745,0.41411394,0.62,True,True,0,0.33681443
1552,0.15,0.4,0.05,0.4,,0.403758553975964,0.36180043,0.026933962,0.30972245,0.41361496,0.624,True,True,1,0.33681327
1553,0.2,0.4,0.0,0.4,,0.403758553975964,0.36182493,0.02694401,0.30923137,0.4131613,0.627,True,True,0,0.33681908
1554,0.05,0.4,0.4,0.15,,0.403758553975964,0.35796982,0.026850652,0.30673498,0.4085709,0.475,True,True,1,0.33401763
1555,0.1,0.4,0.35,0.15,,0.403758553975964,0.35940894,0.026975194,0.30829898,0.4121572,0.531,True,True,0,0.33517608
1556,0.4,0.5,0.05,0.05,,0.4037423535548961,0.36115646,0.027078405,0.3086397,0.41343966,0.609,True,True,2,0.33762237
1557,0.45,0.5,0.0,0.05,,0.4037423535548961,0.36146572,0.027074924,0.3085843,0.41382793,0.612,True,True,0,0.3376765
1558,0.55,0.4,0.0,0.05,,0.4037423535548961,0.3627041,0.026832283,0.31016096,0.4155905,0.659,True,True,1,0.33880854
1559,0.05,0.4,0.2,0.35,,0.4034855666659907,0.36124146,0.027028238,0.30718136,0.41273534,0.617,True,True,0,0.336286
1560,0.1,0.4,0.2,0.3,,0.4034855666659907,0.36105356,0.02689957,0.30862626,0.4146672,0.585,True,True,1,0.33667794
1561,0.15,0.4,0.15,0.3,,0.4034855666659907,0.3615132,0.027004067,0.30832276,0.41333383,0.61,True,True,0,0.33695942
1562,0.05,0.4,0.25,0.3,,0.4034855666659907,0.36087668,0.027049322,0.3082001,0.41434655,0.578,True,True,0,0.33680418
1563,0.25,0.35,0.1,0.3,,0.40343186223104,0.36230642,0.026929993,0.31073886,0.41427988,0.641,True,True,0,0.3378228
1564,0.15,0.0,0.7,0.15,,0.4034178273627374,0.35404485,0.027080337,0.30090907,0.40427744,0.398,True,True,0,0.32455778
1565,0.1,0.3,0.0,0.6,,0.4033842950489869,0.36232078,0.026793674,0.31168002,0.41316193,0.632,True,True,1,0.33629522
1566,0.15,0.3,0.0,0.55,,0.4033842950489869,0.36239085,0.026883783,0.31079718,0.4137906,0.622,True,True,1,0.3365754
1567,0.5,0.3,0.2,0.0,,0.4033635533512489,0.36384374,0.026647834,0.31209335,0.41666868,0.67,True,True,2,0.3394807
1568,0.55,0.3,0.1,0.05,,0.403335501572421,0.3637728,0.026566176,0.3117534,0.41552937,0.68,True,True,0,0.3397064
1569,0.2,0.0,0.05,0.75,,0.4033347037631519,0.35078725,0.028225714,0.29696134,0.40437543,0.322,True,True,0,0.32210863
1570,0.25,0.0,0.0,0.75,,0.4033347037631519,0.35042524,0.028293531,0.2956801,0.40404645,0.318,True,True,0,0.32168287
1571,0.3,0.0,0.0,0.7,,0.4033185033420839,0.35163411,0.027964955,0.2961708,0.4045513,0.339,True,True,0,0.3231878
1572,0.6,0.4,0.0,0.0,,0.4031516038497836,0.36301857,0.026870882,0.3109643,0.41560334,0.666,True,True,1,0.33929345
1573,0.2,0.0,0.8,0.0,,0.4031230412640871,0.34817183,0.026971586,0.29463437,0.40010983,0.293,True,True,0,0.3184541
1574,0.15,0.0,0.0,0.85,,0.4031135574400724,0.34709382,0.02869128,0.29271182,0.4019387,0.276,True,True,1,0.31832498
1575,0.45,0.35,0.1,0.1,,0.4025579231006095,0.3628991,0.026831506,0.31072545,0.41560665,0.661,True,True,0,0.33918038
1576,0.3,0.4,0.15,0.15,,0.4025579231006095,0.36192146,0.026762884,0.3101773,0.41414768,0.64,True,True,0,0.338295
1577,0.0,0.35,0.4,0.25,,0.4025579231006095,0.36033884,0.026717918,0.30935556,0.41028368,0.563,True,True,0,0.33611423
1578,0.1,0.4,0.15,0.35,,0.4025579231006094,0.36177096,0.026924703,0.3084546,0.4138896,0.63,True,True,0,0.3367661
1579,0.8,0.2,0.0,0.0,,0.4025376535889452,0.36475238,0.0262047,0.31451923,0.41623572,0.664,True,True,0,0.33914575
1580,0.05,0.2,0.6,0.15,,0.402524960363397,0.35635546,0.026388276,0.30458274,0.40618008,0.44,True,True,0,0.33012396
1581,0.1,0.25,0.6,0.05,,0.402524960363397,0.3527257,0.026822668,0.30109578,0.404574,0.347,True,True,0,0.32769313
1582,0.2,0.2,0.6,0.0,,0.402524960363397,0.35419598,0.026589872,0.30258158,0.4056498,0.393,True,True,0,0.32831624
1583,0.0,0.15,0.7,0.15,,0.402524960363397,0.35306713,0.026500357,0.30125496,0.40578923,0.351,True,True,0,0.3257791
1584,0.1,0.1,0.75,0.05,,0.402524960363397,0.34999862,0.026825821,0.29705048,0.40181127,0.297,True,True,0,0.32150304
1585,0.15,0.35,0.15,0.35,,0.4025249603633969,0.3620867,0.026852539,0.30895272,0.41437268,0.634,True,True,0,0.33728462
1586,0.0,0.35,0.2,0.45,,0.4025249603633969,0.36173257,0.026984194,0.30918953,0.41303954,0.628,True,True,0,0.33684558
1587,0.05,0.35,0.2,0.4,,0.4025249603633969,0.36171365,0.02695628,0.30827653,0.4130427,0.629,True,True,0,0.3367999
1588,0.15,0.1,0.65,0.1,,0.4024566514836058,0.35583195,0.026484948,0.30417705,0.40630424,0.444,True,True,0,0.32678893
1589,0.3,0.05,0.65,0.0,,0.4024566514836058,0.35406122,0.02657613,0.3021787,0.40334424,0.387,True,True,0,0.32532373
1590,0.2,0.05,0.7,0.05,,0.4024566514836058,0.35246143,0.026647827,0.3000074,0.40282604,0.36,True,True,0,0.32372898
1591,0.4,0.3,0.15,0.15,,0.4024566514836057,0.36321545,0.026455717,0.31153974,0.414309,0.661,True,True,0,0.339015
1592,0.45,0.3,0.15,0.1,,0.4024566514836057,0.36358437,0.026621751,0.31258526,0.41525388,0.67,True,True,0,0.33928823
1593,0.2,0.15,0.55,0.1,,0.4024566514836057,0.35911,0.026175294,0.30969438,0.41176096,0.512,True,True,0,0.3314304
1594,0.45,0.3,0.1,0.15,,0.4024566514836057,0.36307892,0.026463497,0.3102792,0.41319826,0.651,True,True,0,0.33898246
1595,0.5,0.3,0.05,0.15,,0.4024566514836057,0.36351776,0.02640359,0.31121865,0.41436532,0.659,True,True,0,0.33916038
1596,0.55,0.3,0.05,0.1,,0.4024566514836057,0.36342427,0.026452359,0.31170973,0.4142682,0.661,True,True,0,0.33933192
1597,0.6,0.3,0.0,0.1,,0.4024566514836057,0.36366066,0.026491433,0.31142884,0.41569826,0.67,True,True,0,0.33933923
1598,0.75,0.2,0.05,0.0,,0.4024566514836057,0.36495733,0.026125992,0.31673807,0.41632965,0.675,True,True,0,0.33940798
1599,0.55,0.05,0.2,0.2,,0.4024566514836057,0.36101365,0.026799109,0.3084511,0.41082743,0.535,True,True,0,0.332708
1600,0.6,0.05,0.15,0.2,,0.4024566514836057,0.36105967,0.026841156,0.30777493,0.41191158,0.54,True,True,0,0.3324511
1601,0.6,0.05,0.2,0.15,,0.4024566514836057,0.36152625,0.026742736,0.30920282,0.4109557,0.548,True,True,0,0.3328564
1602,0.65,0.05,0.15,0.15,,0.4024566514836057,0.36125296,0.026777582,0.308293,0.41095373,0.546,True,True,0,0.33288297
1603,0.7,0.05,0.1,0.15,,0.4024566514836057,0.3611941,0.026777947,0.3088734,0.41040185,0.548,True,True,0,0.33280253
1604,0.7,0.05,0.15,0.1,,0.4024566514836057,0.36177394,0.026585745,0.31166956,0.4121763,0.572,True,True,1,0.33318606
1605,0.75,0.05,0.1,0.1,,0.4024566514836057,0.36166298,0.026661055,0.31030405,0.4113894,0.563,True,True,1,0.3330543
1606,0.8,0.05,0.05,0.1,,0.4024566514836057,0.36151215,0.02666482,0.3105282,0.41137853,0.565,True,True,0,0.3329471
1607,0.9,0.05,0.0,0.05,,0.4024566514836057,0.36208478,0.0267011,0.31134126,0.41190276,0.577,True,True,0,0.333478
1608,0.1,0.0,0.9,0.0,,0.402398666488306,0.34126994,0.027100109,0.28816986,0.39311358,0.179,True,False,0,0.3132798
1609,0.0,0.75,0.2,0.05,,0.4023578249569042,0.34937268,0.027723962,0.29618862,0.4021836,0.129,True,True,0,0.32583314
1610,0.0,0.55,0.4,0.05,,0.4023578249569042,0.34776494,0.027606385,0.29604006,0.4017801,0.138,True,True,0,0.32374954
1611,0.0,0.65,0.3,0.05,,0.4023578249569042,0.3488513,0.027622985,0.2964088,0.4032994,0.136,True,True,0,0.32410914
1612,0.05,0.6,0.35,0.0,,0.4023578249569042,0.34644318,0.027754316,0.2936226,0.3988084,0.122,True,True,0,0.32245496
1613,0.05,0.5,0.4,0.05,,0.4023248622196916,0.3523172,0.027237698,0.30008978,0.40579966,0.265,True,True,0,0.32810953
1614,0.2,0.35,0.45,0.0,,0.4023248622196916,0.35595295,0.026867716,0.30350792,0.4085671,0.416,True,True,0,0.33238098
1615,0.15,0.45,0.4,0.0,,0.4023248622196916,0.3542944,0.026916401,0.30236372,0.40741327,0.345,True,True,0,0.33015084
1616,0.15,0.4,0.45,0.0,,0.4023248622196916,0.35377535,0.027008401,0.30123547,0.40581006,0.339,True,True,0,0.33003765
1617,0.15,0.3,0.5,0.05,,0.4023248622196916,0.35579714,0.026943887,0.30325344,0.40951884,0.411,True,True,0,0.3318531
1618,0.0,0.5,0.4,0.1,,0.4023248622196916,0.35338658,0.027053103,0.3006398,0.40492624,0.296,True,True,0,0.32894528
1619,0.0,0.45,0.45,0.1,,0.4023248622196916,0.35277945,0.027043182,0.29911426,0.4039998,0.294,True,True,0,0.32872695
1620,0.05,0.45,0.45,0.05,,0.4023248622196916,0.35162935,0.027202034,0.2989329,0.40378946,0.263,True,True,0,0.32781708
1621,0.05,0.4,0.35,0.2,,0.4023248622196916,0.3596781,0.026907519,0.30831668,0.41041088,0.538,True,True,0,0.3354786
1622,0.15,0.4,0.35,0.1,,0.4023248622196916,0.35909647,0.027048832,0.30818692,0.41001084,0.512,True,True,1,0.33513522
1623,0.25,0.0,0.7,0.05,,0.4020003360275329,0.3532965,0.026992645,0.3000125,0.40366524,0.381,True,True,0,0.3236236
1624,0.2,0.0,0.75,0.05,,0.4020003360275329,0.35130847,0.02695716,0.29803863,0.4015482,0.352,True,True,0,0.32164028
1625,0.25,0.0,0.75,0.0,,0.4020003360275329,0.35090798,0.026744772,0.29873773,0.39999694,0.35,True,True,0,0.3210457
1626,0.0,0.3,0.5,0.2,,0.4019981704747677,0.35820785,0.026713606,0.30619404,0.41014206,0.484,True,True,1,0.33380896
1627,0.2,0.0,0.7,0.1,,0.401984135606465,0.3537611,0.027088715,0.30049053,0.40464246,0.393,True,True,0,0.32410365
1628,0.5,0.35,0.0,0.15,,0.4019835660299271,0.3628198,0.026611343,0.31172734,0.41563973,0.651,True,True,0,0.3383472
1629,0.2,0.3,0.0,0.5,,0.4019506032927145,0.36262256,0.026819808,0.3099514,0.41354403,0.637,True,True,0,0.33683604
1630,0.0,0.0,0.05,0.95,,0.4017122665259358,0.34265023,0.028776104,0.28693584,0.3974784,0.211,True,False,0,0.31412038
1631,0.0,0.0,0.15,0.85,,0.4016798656838,0.3491839,0.02841134,0.2953345,0.40377972,0.307,True,True,0,0.3203998
1632,0.05,0.0,0.1,0.85,,0.4016798656838,0.3484238,0.028561005,0.29270712,0.40146276,0.279,True,True,0,0.31954995
1633,0.1,0.0,0.05,0.85,,0.4016798656838,0.3477849,0.028608067,0.2924446,0.4015809,0.276,True,True,2,0.3189762
1634,0.0,0.35,0.45,0.2,,0.4011242313443371,0.3583458,0.026784029,0.30568448,0.40975598,0.48,True,True,0,0.3340936
1635,0.0,0.25,0.6,0.15,,0.4010912686071246,0.35462284,0.02687485,0.30254588,0.40534177,0.386,True,True,0,0.3290712
1636,0.0,0.25,0.65,0.1,,0.4010912686071246,0.35030597,0.027143542,0.29642105,0.40163028,0.278,True,True,0,0.32520896
1637,0.1,0.2,0.6,0.1,,0.4010912686071246,0.35561898,0.026476623,0.30379626,0.40706506,0.422,True,True,0,0.32931006
1638,0.15,0.2,0.6,0.05,,0.4010912686071246,0.35474187,0.026583944,0.30269694,0.40660486,0.406,True,True,0,0.32894564
1639,0.15,0.2,0.65,0.0,,0.4010912686071246,0.35129803,0.02691986,0.2984052,0.4030656,0.309,True,True,0,0.32550865
1640,0.15,0.35,0.1,0.4,,0.4010912686071246,0.36208075,0.026827546,0.31231025,0.41399482,0.645,True,True,0,0.3374811
1641,0.5,0.35,0.05,0.1,,0.4010559224645459,0.3631139,0.026782995,0.3117064,0.41571423,0.662,True,True,0,0.3392828
1642,0.55,0.35,0.0,0.1,,0.4010559224645458,0.3632987,0.026645252,0.31249955,0.41712472,0.662,True,True,0,0.33954555
1643,0.25,0.05,0.7,0.0,,0.4010229597273334,0.35205156,0.026592365,0.3000347,0.40059805,0.354,True,True,1,0.3233599
1644,0.05,0.05,0.75,0.15,,0.4010229597273334,0.35120466,0.026704812,0.29906914,0.4013814,0.331,True,True,0,0.3224733
1645,0.1,0.05,0.7,0.15,,0.4010229597273334,0.35326955,0.026667561,0.30030313,0.40421835,0.376,True,True,0,0.32480648
1646,0.15,0.05,0.7,0.1,,0.4010229597273334,0.35279432,0.026771454,0.30029443,0.4018987,0.368,True,True,0,0.32403827
1647,0.15,0.3,0.05,0.5,,0.4010229597273334,0.3624379,0.026909268,0.310814,0.414193,0.643,True,True,1,0.33693162
1648,0.2,0.3,0.05,0.45,,0.4010229597273334,0.3624039,0.026732717,0.3095891,0.41318825,0.641,True,True,0,0.33701497
1649,0.25,0.3,0.0,0.45,,0.4010229597273334,0.36250064,0.026748551,0.31016514,0.41337818,0.643,True,True,1,0.33705902
1650,0.0,0.05,0.8,0.15,,0.4010229597273334,0.34846568,0.027012173,0.29555,0.39853734,0.293,True,True,0,0.31971833
1651,0.15,0.1,0.75,0.0,,0.4010229597273334,0.3491379,0.02690278,0.298705,0.39867353,0.289,True,True,0,0.32096946
1652,0.05,0.05,0.8,0.1,,0.4010229597273334,0.3476182,0.026955161,0.29392576,0.3979088,0.269,True,True,0,0.31895956
1653,0.1,0.05,0.75,0.1,,0.4010229597273334,0.35063976,0.026623301,0.2983509,0.40061262,0.324,True,True,0,0.3219853
1654,0.65,0.05,0.1,0.2,,0.4010229597273333,0.36089474,0.026908813,0.30817002,0.41163462,0.546,True,True,0,0.3325998
1655,0.7,0.05,0.05,0.2,,0.4010229597273333,0.3609541,0.0269382,0.30746746,0.410503,0.548,True,True,0,0.332696
1656,0.75,0.05,0.05,0.15,,0.4010229597273333,0.36120152,0.026811847,0.30885154,0.4118235,0.55,True,True,1,0.3329537
1657,0.8,0.05,0.0,0.15,,0.4010229597273333,0.36125383,0.026827464,0.3087838,0.4119262,0.553,True,True,2,0.3329365
1658,0.85,0.05,0.0,0.1,,0.4010229597273333,0.36168957,0.026736716,0.31004357,0.41189975,0.573,True,True,0,0.3331445
1659,0.05,0.55,0.4,0.0,,0.4009241332006318,0.34628087,0.027624957,0.2931213,0.39894947,0.127,True,True,0,0.3223278
1660,0.15,0.35,0.5,0.0,,0.4008911704634192,0.35348392,0.027204953,0.3012833,0.40847066,0.345,True,True,0,0.32965502
1661,0.1,0.5,0.4,0.0,,0.4008911704634192,0.35133561,0.02726907,0.29971418,0.40506998,0.246,True,True,1,0.32717028
1662,0.1,0.45,0.45,0.0,,0.4008911704634192,0.35054636,0.027271628,0.2979217,0.4031193,0.239,True,True,0,0.3267283
1663,0.2,0.3,0.5,0.0,,0.4008911704634192,0.355391,0.026820047,0.30260125,0.40962934,0.401,True,True,0,0.33142102
1664,0.05,0.35,0.45,0.15,,0.4008911704634192,0.3578747,0.026815288,0.30514798,0.40897697,0.477,True,True,0,0.333955
1665,0.05,0.35,0.55,0.05,,0.4008911704634192,0.35071313,0.027300987,0.2969811,0.40454665,0.257,True,True,0,0.3270416
1666,0.05,0.35,0.5,0.1,,0.4008911704634192,0.35481948,0.026841229,0.3020235,0.4066352,0.363,True,True,0,0.33085716
1667,0.1,0.35,0.5,0.05,,0.4008911704634192,0.35409966,0.026972663,0.30109808,0.40829992,0.356,True,True,0,0.33042246
1668,0.05,0.4,0.5,0.05,,0.4008911704634192,0.3511941,0.02715153,0.29921007,0.40388176,0.263,True,True,0,0.32733688
1669,0.1,0.4,0.45,0.05,,0.4008911704634192,0.35435498,0.026979042,0.30113757,0.40714508,0.354,True,True,0,0.3307204
1670,0.05,0.35,0.4,0.2,,0.4005855900979479,0.35977927,0.026773581,0.30791888,0.41037712,0.531,True,True,0,0.33555853
1671,0.25,0.35,0.0,0.4,,0.4005852204162333,0.36219308,0.026812008,0.31070718,0.41265827,0.657,True,True,0,0.33746842
1672,0.5,0.35,0.1,0.05,,0.4005172812181566,0.36337537,0.0268117,0.31242892,0.41479453,0.67,True,True,0,0.33951676
1673,0.0,0.0,0.0,1.0,only_recall,0.4002771813513771,0.3378918,0.028708,0.28135335,0.3948646,0.152,True,False,0,0.30975848
1674,0.1,0.0,0.85,0.05,,0.4002556577515422,0.34564444,0.027105013,0.29294592,0.39800853,0.255,True,False,0,0.3163777
1675,0.0,0.3,0.55,0.15,,0.3996905395880647,0.3552272,0.02674384,0.3026969,0.40553227,0.389,True,True,0,0.3306515
1676,0.05,0.2,0.65,0.1,,0.3996575768508522,0.35320586,0.02664585,0.29979432,0.4030672,0.345,True,True,0,0.3270529
1677,0.1,0.2,0.65,0.05,,0.3996575768508522,0.35218644,0.026843147,0.29793924,0.4044545,0.323,True,True,0,0.3262758
1678,0.1,0.35,0.15,0.4,,0.3996575768508522,0.361947,0.026840365,0.30940068,0.4141894,0.627,True,True,0,0.3372262
1679,0.0,0.1,0.8,0.1,,0.3996575768508521,0.347338,0.027008712,0.2944051,0.39934054,0.245,True,True,0,0.31933442
1680,0.0,0.15,0.75,0.1,,0.3996575768508521,0.34877488,0.02690092,0.29626346,0.39977893,0.261,True,True,0,0.32228798
1681,0.05,0.15,0.75,0.05,,0.3996575768508521,0.34790426,0.027044948,0.2955426,0.39814234,0.243,True,True,0,0.3213451
1682,0.45,0.35,0.05,0.15,,0.3996222307082734,0.3630461,0.02663095,0.3116369,0.41459385,0.657,True,True,0,0.33926475
1683,0.4,0.35,0.05,0.2,,0.3996222307082734,0.36257255,0.026603803,0.3101961,0.41449717,0.654,True,True,0,0.338129
1684,0.15,0.05,0.75,0.05,,0.399589267971061,0.3500959,0.026636817,0.29743466,0.40017074,0.312,True,True,0,0.32145047
1685,0.1,0.05,0.8,0.05,,0.399589267971061,0.34682816,0.026997125,0.29576096,0.39881262,0.259,True,True,0,0.3183841
1686,0.2,0.05,0.75,0.0,,0.399589267971061,0.3496113,0.026737412,0.2974305,0.3996092,0.312,True,True,1,0.32083943
1687,0.0,0.05,0.75,0.2,,0.399589267971061,0.35159042,0.026738515,0.29887253,0.40133077,0.346,True,True,0,0.323245
1688,0.05,0.7,0.25,0.0,,0.3994904414443593,0.3471405,0.027829764,0.2934219,0.39965916,0.112,True,True,0,0.32346264
1689,0.0,0.45,0.5,0.05,,0.3994574787071469,0.34672424,0.027547978,0.2928992,0.39991346,0.146,True,True,0,0.32361028
1690,0.0,0.35,0.55,0.1,,0.3994574787071468,0.3518497,0.027164811,0.29864046,0.40378585,0.29,True,True,0,0.3277426
1691,0.0,0.4,0.5,0.1,,0.3994574787071468,0.35228246,0.027133068,0.2992158,0.40561023,0.299,True,True,0,0.32848603
1692,0.0,0.3,0.6,0.1,,0.3994574787071468,0.35106492,0.027116336,0.29741526,0.40343657,0.287,True,True,0,0.32661268
1693,0.0,0.4,0.4,0.2,,0.3991518983416754,0.35847712,0.026984375,0.30617952,0.41237426,0.486,True,True,0,0.33436984
1694,0.2,0.35,0.05,0.4,,0.3991515286599609,0.36216676,0.026914783,0.31207454,0.41397795,0.655,True,True,0,0.33756325
1695,0.1,0.35,0.05,0.5,,0.3991515286599609,0.36201745,0.026799312,0.3095829,0.41316587,0.63,True,True,0,0.33678573
1696,0.15,0.0,0.75,0.1,,0.3991167520939202,0.35177797,0.02710725,0.2985417,0.4007908,0.359,True,True,1,0.3221074
1697,0.05,0.0,0.75,0.2,,0.3991167520939202,0.352644,0.027109426,0.30049273,0.40208498,0.372,True,True,0,0.32331976
1698,0.05,0.0,0.0,0.95,,0.3988448830133909,0.3414208,0.028867487,0.2864527,0.39701015,0.202,True,False,0,0.31303042
1699,0.0,0.0,0.1,0.9,,0.3988124821712552,0.34643477,0.028591124,0.2915738,0.3996232,0.259,True,True,0,0.31759405
1700,0.1,0.0,0.0,0.9,,0.3988124821712552,0.34460214,0.028857134,0.2890006,0.3984242,0.228,True,False,0,0.31589115
1701,0.0,0.35,0.5,0.15,,0.3982568478317923,0.35569894,0.026852855,0.30311304,0.4066438,0.408,True,True,0,0.33174556
1702,0.0,0.2,0.65,0.15,,0.3982238850945798,0.35395014,0.026495919,0.30126843,0.40533066,0.372,True,True,0,0.32750243
1703,0.15,0.35,0.05,0.45,,0.3982238850945798,0.3620634,0.026914692,0.3100328,0.41290793,0.638,True,True,1,0.33727154
1704,0.05,0.1,0.8,0.05,,0.3982238850945797,0.34629393,0.027161542,0.29284203,0.3967122,0.231,True,True,0,0.31851318
1705,0.1,0.15,0.75,0.0,,0.3982238850945797,0.34685296,0.02714636,0.2928161,0.3981336,0.22,True,True,0,0.32080135
1706,0.1,0.1,0.8,0.0,,0.3982238850945797,0.345313,0.027148267,0.2929531,0.39647457,0.209,True,False,0,0.31795624
1707,0.15,0.3,0.55,0.0,,0.3980237869508745,0.35267937,0.02713357,0.30024713,0.4066536,0.322,True,True,0,0.3284073
1708,0.1,0.4,0.5,0.0,,0.3980237869508745,0.3503358,0.027406543,0.29662386,0.4017733,0.254,True,True,0,0.32653257
1709,0.0,0.35,0.6,0.05,,0.3980237869508745,0.34656706,0.027623346,0.2940263,0.4007683,0.169,True,True,0,0.32319346
1710,0.1,0.3,0.55,0.05,,0.3980237869508744,0.3535545,0.027023057,0.29973906,0.4066408,0.354,True,True,0,0.32933208
1711,0.15,0.0,0.8,0.05,,0.3976992607587157,0.3486441,0.026928728,0.29463437,0.39937532,0.304,True,True,0,0.31926405
1712,0.0,0.0,1.0,0.0,only_precision,0.3976836514887443,0.33538494,0.027438724,0.28101042,0.3862949,0.099,True,False,0,0.30691215
1713,0.1,0.0,0.75,0.15,,0.3976830603376478,0.35225832,0.02714744,0.29948533,0.40241548,0.367,True,True,0,0.3225694
1714,0.1,0.0,0.8,0.1,,0.3976830603376478,0.34932685,0.027065076,0.29639557,0.39942667,0.311,True,True,0,0.3198156
1715,0.0,0.0,0.8,0.2,,0.3976830603376478,0.350528,0.027107483,0.2974525,0.40064913,0.334,True,True,0,0.32108885
1716,0.05,0.0,0.8,0.15,,0.3976830603376478,0.35001877,0.026941916,0.2973349,0.3995379,0.329,True,True,0,0.32041603
1717,0.0,0.8,0.2,0.0,,0.3975343088627656,0.33852595,0.028369151,0.28549242,0.39314058,0.033,False,False,0,0.3163455
1718,0.05,0.0,0.05,0.9,,0.3973787904149828,0.34576118,0.028694065,0.29129353,0.39819148,0.246,True,False,1,0.31689027
1719,0.05,0.0,0.95,0.0,,0.3969829357700332,0.33857834,0.027204331,0.28469607,0.3888463,0.144,True,False,0,0.31101814
1720,0.0,0.2,0.7,0.1,,0.3967901933383074,0.34968412,0.027162503,0.2934944,0.40121606,0.272,True,True,0,0.32410908
1721,0.05,0.2,0.7,0.05,,0.3967901933383074,0.348571,0.02720107,0.2948999,0.39941862,0.252,True,True,0,0.32316303
1722,0.05,0.15,0.8,0.0,,0.3967901933383074,0.34335625,0.0271488,0.28962758,0.3952601,0.169,True,False,0,0.31825343
1723,0.05,0.45,0.5,0.0,,0.3965900951946021,0.34572643,0.027538853,0.29109895,0.3979115,0.132,True,False,0,0.3225508
1724,0.05,0.3,0.6,0.05,,0.396590095194602,0.3499622,0.027297448,0.29693985,0.40468648,0.253,True,True,0,0.32575363
1725,0.0,0.4,0.55,0.05,,0.396590095194602,0.34678826,0.027612504,0.2935218,0.39970982,0.166,True,True,0,0.32350472
1726,0.1,0.25,0.65,0.0,,0.3965571324573896,0.3485806,0.027261766,0.29487452,0.4016843,0.246,True,True,0,0.3239574
1727,0.0,0.15,0.85,0.0,,0.396267752512986,0.34082124,0.027068352,0.28655225,0.3938097,0.135,True,False,0,0.31496307
1728,0.0,0.0,0.85,0.15,,0.3962493685813754,0.34714603,0.027258758,0.29272076,0.3975792,0.271,True,True,0,0.31784675
1729,0.0,0.85,0.15,0.0,,0.3961006171064931,0.33926636,0.028459342,0.28471756,0.39428934,0.034,False,False,0,0.31625348
1730,0.0,0.6,0.4,0.0,,0.3961006171064931,0.3397166,0.027811136,0.28597736,0.3936709,0.047,False,False,0,0.31623664
1731,0.15,0.0,0.85,0.0,,0.395954582482725,0.34490517,0.027067758,0.29235238,0.39688465,0.242,True,False,0,0.31579965
1732,0.05,0.0,0.9,0.05,,0.395954582482725,0.34196934,0.027047781,0.29007068,0.39108923,0.19,True,False,0,0.3136217
1733,0.0,0.15,0.8,0.05,,0.3953565015820349,0.34417772,0.027078163,0.2899677,0.39527494,0.18,True,False,0,0.31871468
1734,0.15,0.05,0.8,0.0,,0.3952881927022437,0.3462833,0.02694525,0.29376748,0.39673558,0.245,True,True,0,0.31779787
1735,0.1,0.35,0.55,0.0,,0.3951564034383297,0.34972534,0.027448671,0.29553938,0.40250292,0.239,True,True,0,0.32613978
1736,0.05,0.5,0.45,0.0,,0.3951564034383297,0.3460941,0.027600566,0.29159588,0.39749217,0.122,True,True,0,0.32250756
1737,0.1,0.2,0.7,0.0,,0.3951234407011171,0.34765023,0.027417965,0.29353964,0.3998136,0.24,True,True,0,0.32248306
1738,0.0,0.0,0.9,0.1,,0.3939974305450133,0.34284347,0.027208114,0.29081726,0.39361903,0.207,True,False,0,0.31436673
1739,0.0,0.05,0.85,0.1,,0.3939228098257625,0.34384483,0.027185634,0.28889787,0.3940144,0.199,True,False,0,0.31603223
1740,0.0,0.1,0.85,0.05,,0.3939228098257625,0.3427815,0.027141973,0.2891129,0.39372408,0.176,True,False,0,0.31593993
1741,0.1,0.05,0.85,0.0,,0.3938545009459714,0.34225184,0.027233738,0.28845102,0.39289102,0.174,True,False,0,0.3148214
1742,0.0,0.2,0.8,0.0,,0.39380315189232,0.3409958,0.027375268,0.28627518,0.3936667,0.144,True,False,0,0.31618825
1743,0.05,0.35,0.6,0.0,,0.3937227116820573,0.34545082,0.027431445,0.29251894,0.39905387,0.153,True,False,0,0.32239988
1744,0.0,0.3,0.65,0.05,,0.3937227116820573,0.34574544,0.027394516,0.29278758,0.39902925,0.165,True,False,0,0.32238352
1745,0.05,0.4,0.55,0.0,,0.3937227116820572,0.3457802,0.027562598,0.291225,0.39903837,0.152,True,False,0,0.3225224
1746,0.05,0.25,0.65,0.05,,0.3936897489448447,0.3492695,0.027136207,0.29563475,0.40103835,0.249,True,True,0,0.3246492
1747,0.0,0.25,0.7,0.05,,0.3936897489448447,0.3452054,0.027280526,0.29067123,0.39881405,0.168,True,False,0,0.32144862
1748,0.0,0.2,0.75,0.05,,0.3936897489448447,0.34450892,0.027273653,0.29106498,0.3977025,0.176,True,False,0,0.3201786
1749,0.05,0.2,0.75,0.0,,0.3936897489448447,0.3440336,0.027328221,0.28985333,0.3967738,0.171,True,False,0,0.31961307
1750,0.0,0.1,0.9,0.0,,0.3934003690004412,0.33965027,0.027161852,0.2881915,0.3909996,0.123,True,False,0,0.312384
1751,0.05,0.0,0.85,0.1,,0.3933819850688306,0.34645873,0.027092455,0.29292583,0.39666605,0.265,True,True,0,0.31712407
1752,0.0,0.55,0.45,0.0,,0.3932332335939483,0.34046882,0.027694533,0.2865555,0.39534554,0.054,True,False,0,0.31678393
1753,0.05,0.1,0.85,0.0,,0.3924891180694901,0.34215757,0.027203595,0.28945485,0.3944742,0.153,True,False,0,0.31552407
1754,0.05,0.05,0.85,0.05,,0.3924208091896989,0.34298822,0.027157946,0.2898058,0.39426532,0.2,True,False,0,0.31532776
1755,0.1,0.3,0.6,0.0,,0.3922890199257849,0.34908596,0.027429182,0.29534766,0.40315777,0.243,True,True,0,0.3250408
1756,0.0,0.5,0.45,0.05,,0.3922890199257848,0.3475032,0.02765247,0.2931413,0.3992476,0.148,True,True,0,0.3236373
1757,0.05,0.25,0.7,0.0,,0.3922560571885723,0.3445087,0.027390642,0.28983924,0.3989531,0.153,True,False,0,0.32087743
1758,0.0,0.7,0.3,0.0,,0.3922027705553774,0.33871692,0.027848985,0.2848156,0.39285374,0.034,False,False,0,0.31582236
1759,0.0,0.75,0.25,0.0,,0.391799541837676,0.33851615,0.028012298,0.28549993,0.39331725,0.029,False,False,0,0.3160857
1760,0.0,0.65,0.35,0.0,,0.3917995418376759,0.3393482,0.02774521,0.2867855,0.39392322,0.03,False,False,0,0.31589174
1761,0.0,0.0,0.95,0.05,,0.391559155264662,0.3388634,0.027130194,0.28518426,0.3891373,0.137,True,False,0,0.3112665
1762,0.0,0.25,0.75,0.0,,0.3912079835156438,0.34140718,0.027400877,0.2859177,0.3963691,0.118,True,False,0,0.3172165
1763,0.05,0.05,0.9,0.0,,0.3910554263132178,0.33914125,0.027166545,0.28543967,0.39212266,0.133,True,False,0,0.3126203
1764,0.05,0.3,0.65,0.0,,0.3908553281695125,0.34476924,0.027432505,0.28997433,0.39860627,0.16,True,False,0,0.3219368
1765,0.0,0.05,0.9,0.05,,0.3896217345569453,0.3395387,0.027067536,0.28544977,0.39095196,0.126,True,False,0,0.31286988
1766,0.0,0.05,0.95,0.0,,0.389099293731624,0.33687004,0.02709527,0.2835601,0.3895273,0.103,True,False,0,0.30965522
1767,0.0,0.5,0.5,0.0,,0.3888991955879187,0.34086576,0.027551984,0.286783,0.3943353,0.065,True,False,0,0.31762576
1768,0.0,0.45,0.55,0.0,,0.3888991955879187,0.34090975,0.027570672,0.28605434,0.39580876,0.069,True,False,0,0.31781954
1769,0.0,0.4,0.6,0.0,,0.3888991955879187,0.34153676,0.027680825,0.28744078,0.3966147,0.083,True,False,0,0.317919
1770,0.0,0.35,0.65,0.0,,0.3874655038316463,0.34157094,0.02761337,0.28780502,0.39511937,0.085,True,False,0,0.31832486
1771,0.0,0.3,0.7,0.0,,0.386015611654306,0.34144738,0.027611716,0.28667322,0.39616612,0.102,True,False,0,0.31801054
