dataset,uid,atype,op,utility
finqa,AAL/2016/page_8.pdf-1,numeric,identity,1.0
finqa,AAL/2016/page_8.pdf-1,numeric,verbose,1.0
finqa,AAL/2016/page_8.pdf-1,numeric,tagged,1.0
finqa,AAL/2016/page_8.pdf-1,numeric,paraphrase,0.95
finqa,AAL/2016/page_8.pdf-1,numeric,unit_variant,1.0
finqa,AAL/2016/page_8.pdf-1,numeric,near_miss_small,0.75
finqa,AAL/2016/page_8.pdf-1,numeric,near_miss_medium,0.45
finqa,AAL/2016/page_8.pdf-1,numeric,near_miss_large,0.15
finqa,AAL/2016/page_8.pdf-1,numeric,digit_typo,0.2
finqa,AAL/2016/page_8.pdf-1,numeric,magnitude,0.05
finqa,AAL/2016/page_8.pdf-1,numeric,sign_flip,0.05
finqa,AAL/2016/page_8.pdf-1,numeric,wrong_random,0.0
finqa,AAL/2016/page_8.pdf-1,numeric,no_answer,0.0
finqa,AAL/2016/page_8.pdf-1,numeric,hedge,0.3
finqa,AAL/2016/page_8.pdf-1,numeric,list_dump,0.25
finqa,AAPL/2006/page_100.pdf-4,numeric,identity,1.0
finqa,AAPL/2006/page_100.pdf-4,numeric,verbose,1.0
finqa,AAPL/2006/page_100.pdf-4,numeric,tagged,1.0
finqa,AAPL/2006/page_100.pdf-4,numeric,paraphrase,0.95
finqa,AAPL/2006/page_100.pdf-4,numeric,unit_variant,1.0
finqa,AAPL/2006/page_100.pdf-4,numeric,near_miss_small,0.75
finqa,AAPL/2006/page_100.pdf-4,numeric,near_miss_medium,0.45
finqa,AAPL/2006/page_100.pdf-4,numeric,near_miss_large,0.15
finqa,AAPL/2006/page_100.pdf-4,numeric,digit_typo,0.2
finqa,AAPL/2006/page_100.pdf-4,numeric,magnitude,0.05
finqa,AAPL/2006/page_100.pdf-4,numeric,sign_flip,0.05
finqa,AAPL/2006/page_100.pdf-4,numeric,wrong_random,0.0
finqa,AAPL/2006/page_100.pdf-4,numeric,no_answer,0.0
finqa,AAPL/2006/page_100.pdf-4,numeric,hedge,0.3
finqa,AAPL/2006/page_100.pdf-4,numeric,list_dump,0.25
finqa,ABMD/2006/page_43.pdf-3,numeric,identity,1.0
finqa,ABMD/2006/page_43.pdf-3,numeric,verbose,1.0
finqa,ABMD/2006/page_43.pdf-3,numeric,tagged,1.0
finqa,ABMD/2006/page_43.pdf-3,numeric,paraphrase,0.95
finqa,ABMD/2006/page_43.pdf-3,numeric,unit_variant,1.0
finqa,ABMD/2006/page_43.pdf-3,numeric,near_miss_small,0.75
finqa,ABMD/2006/page_43.pdf-3,numeric,near_miss_medium,0.45
finqa,ABMD/2006/page_43.pdf-3,numeric,near_miss_large,0.15
finqa,ABMD/2006/page_43.pdf-3,numeric,digit_typo,0.2
finqa,ABMD/2006/page_43.pdf-3,numeric,magnitude,0.05
finqa,ABMD/2006/page_43.pdf-3,numeric,sign_flip,0.05
finqa,ABMD/2006/page_43.pdf-3,numeric,wrong_random,0.0
finqa,ABMD/2006/page_43.pdf-3,numeric,no_answer,0.0
finqa,ABMD/2006/page_43.pdf-3,numeric,hedge,0.3
finqa,ABMD/2006/page_43.pdf-3,numeric,list_dump,0.25
finqa,AES/2001/page_33.pdf-4,numeric,identity,1.0
finqa,AES/2001/page_33.pdf-4,numeric,verbose,1.0
finqa,AES/2001/page_33.pdf-4,numeric,tagged,1.0
finqa,AES/2001/page_33.pdf-4,numeric,paraphrase,0.95
finqa,AES/2001/page_33.pdf-4,numeric,unit_variant,1.0
finqa,AES/2001/page_33.pdf-4,numeric,near_miss_small,0.75
finqa,AES/2001/page_33.pdf-4,numeric,near_miss_medium,0.45
finqa,AES/2001/page_33.pdf-4,numeric,near_miss_large,0.15
finqa,AES/2001/page_33.pdf-4,numeric,digit_typo,0.2
finqa,AES/2001/page_33.pdf-4,numeric,magnitude,0.05
finqa,AES/2001/page_33.pdf-4,numeric,sign_flip,0.05
finqa,AES/2001/page_33.pdf-4,numeric,wrong_random,0.0
finqa,AES/2001/page_33.pdf-4,numeric,no_answer,0.0
finqa,AES/2001/page_33.pdf-4,numeric,hedge,0.3
finqa,AES/2001/page_33.pdf-4,numeric,list_dump,0.25
finqa,AES/2010/page_227.pdf-4,numeric,identity,1.0
finqa,AES/2010/page_227.pdf-4,numeric,verbose,1.0
finqa,AES/2010/page_227.pdf-4,numeric,tagged,1.0
finqa,AES/2010/page_227.pdf-4,numeric,paraphrase,0.95
finqa,AES/2010/page_227.pdf-4,numeric,unit_variant,1.0
finqa,AES/2010/page_227.pdf-4,numeric,near_miss_small,0.75
finqa,AES/2010/page_227.pdf-4,numeric,near_miss_medium,0.45
finqa,AES/2010/page_227.pdf-4,numeric,near_miss_large,0.15
finqa,AES/2010/page_227.pdf-4,numeric,digit_typo,0.2
finqa,AES/2010/page_227.pdf-4,numeric,magnitude,0.05
finqa,AES/2010/page_227.pdf-4,numeric,sign_flip,0.05
finqa,AES/2010/page_227.pdf-4,numeric,wrong_random,0.0
finqa,AES/2010/page_227.pdf-4,numeric,no_answer,0.0
finqa,AES/2010/page_227.pdf-4,numeric,hedge,0.3
finqa,AES/2010/page_227.pdf-4,numeric,list_dump,0.25
finqa,ALXN/2016/page_153.pdf-3,numeric,identity,1.0
finqa,ALXN/2016/page_153.pdf-3,numeric,verbose,1.0
finqa,ALXN/2016/page_153.pdf-3,numeric,tagged,1.0
finqa,ALXN/2016/page_153.pdf-3,numeric,paraphrase,0.95
finqa,ALXN/2016/page_153.pdf-3,numeric,unit_variant,1.0
finqa,ALXN/2016/page_153.pdf-3,numeric,near_miss_small,0.75
finqa,ALXN/2016/page_153.pdf-3,numeric,near_miss_medium,0.45
finqa,ALXN/2016/page_153.pdf-3,numeric,near_miss_large,0.15
finqa,ALXN/2016/page_153.pdf-3,numeric,digit_typo,0.2
finqa,ALXN/2016/page_153.pdf-3,numeric,magnitude,0.05
finqa,ALXN/2016/page_153.pdf-3,numeric,sign_flip,0.05
finqa,ALXN/2016/page_153.pdf-3,numeric,wrong_random,0.0
finqa,ALXN/2016/page_153.pdf-3,numeric,no_answer,0.0
finqa,ALXN/2016/page_153.pdf-3,numeric,hedge,0.3
finqa,ALXN/2016/page_153.pdf-3,numeric,list_dump,0.25
finqa,AMT/2007/page_29.pdf-2,numeric,identity,1.0
finqa,AMT/2007/page_29.pdf-2,numeric,verbose,1.0
finqa,AMT/2007/page_29.pdf-2,numeric,tagged,1.0
finqa,AMT/2007/page_29.pdf-2,numeric,paraphrase,0.95
finqa,AMT/2007/page_29.pdf-2,numeric,unit_variant,1.0
finqa,AMT/2007/page_29.pdf-2,numeric,near_miss_small,0.75
finqa,AMT/2007/page_29.pdf-2,numeric,near_miss_medium,0.45
finqa,AMT/2007/page_29.pdf-2,numeric,near_miss_large,0.15
finqa,AMT/2007/page_29.pdf-2,numeric,digit_typo,0.2
finqa,AMT/2007/page_29.pdf-2,numeric,magnitude,0.05
finqa,AMT/2007/page_29.pdf-2,numeric,sign_flip,0.05
finqa,AMT/2007/page_29.pdf-2,numeric,wrong_random,0.0
finqa,AMT/2007/page_29.pdf-2,numeric,no_answer,0.0
finqa,AMT/2007/page_29.pdf-2,numeric,hedge,0.3
finqa,AMT/2007/page_29.pdf-2,numeric,list_dump,0.25
finqa,ANSS/2012/page_93.pdf-4,numeric,identity,1.0
finqa,ANSS/2012/page_93.pdf-4,numeric,verbose,1.0
finqa,ANSS/2012/page_93.pdf-4,numeric,tagged,1.0
finqa,ANSS/2012/page_93.pdf-4,numeric,paraphrase,0.95
finqa,ANSS/2012/page_93.pdf-4,numeric,unit_variant,1.0
finqa,ANSS/2012/page_93.pdf-4,numeric,near_miss_small,0.75
finqa,ANSS/2012/page_93.pdf-4,numeric,near_miss_medium,0.45
finqa,ANSS/2012/page_93.pdf-4,numeric,near_miss_large,0.15
finqa,ANSS/2012/page_93.pdf-4,numeric,digit_typo,0.2
finqa,ANSS/2012/page_93.pdf-4,numeric,magnitude,0.05
finqa,ANSS/2012/page_93.pdf-4,numeric,sign_flip,0.05
finqa,ANSS/2012/page_93.pdf-4,numeric,wrong_random,0.0
finqa,ANSS/2012/page_93.pdf-4,numeric,no_answer,0.0
finqa,ANSS/2012/page_93.pdf-4,numeric,hedge,0.3
finqa,ANSS/2012/page_93.pdf-4,numeric,list_dump,0.25
finqa,BLK/2012/page_33.pdf-4,numeric,identity,1.0
finqa,BLK/2012/page_33.pdf-4,numeric,verbose,1.0
finqa,BLK/2012/page_33.pdf-4,numeric,tagged,1.0
finqa,BLK/2012/page_33.pdf-4,numeric,paraphrase,0.95
finqa,BLK/2012/page_33.pdf-4,numeric,unit_variant,1.0
finqa,BLK/2012/page_33.pdf-4,numeric,near_miss_small,0.75
finqa,BLK/2012/page_33.pdf-4,numeric,near_miss_medium,0.45
finqa,BLK/2012/page_33.pdf-4,numeric,near_miss_large,0.15
finqa,BLK/2012/page_33.pdf-4,numeric,digit_typo,0.2
finqa,BLK/2012/page_33.pdf-4,numeric,magnitude,0.05
finqa,BLK/2012/page_33.pdf-4,numeric,sign_flip,0.05
finqa,BLK/2012/page_33.pdf-4,numeric,wrong_random,0.0
finqa,BLK/2012/page_33.pdf-4,numeric,no_answer,0.0
finqa,BLK/2012/page_33.pdf-4,numeric,hedge,0.3
finqa,BLK/2012/page_33.pdf-4,numeric,list_dump,0.25
finqa,BLL/2010/page_35.pdf-3,numeric,identity,1.0
finqa,BLL/2010/page_35.pdf-3,numeric,verbose,1.0
finqa,BLL/2010/page_35.pdf-3,numeric,tagged,1.0
finqa,BLL/2010/page_35.pdf-3,numeric,paraphrase,0.95
finqa,BLL/2010/page_35.pdf-3,numeric,unit_variant,1.0
finqa,BLL/2010/page_35.pdf-3,numeric,near_miss_small,0.75
finqa,BLL/2010/page_35.pdf-3,numeric,near_miss_medium,0.45
finqa,BLL/2010/page_35.pdf-3,numeric,near_miss_large,0.15
finqa,BLL/2010/page_35.pdf-3,numeric,digit_typo,0.2
finqa,BLL/2010/page_35.pdf-3,numeric,magnitude,0.05
finqa,BLL/2010/page_35.pdf-3,numeric,sign_flip,0.05
finqa,BLL/2010/page_35.pdf-3,numeric,wrong_random,0.0
finqa,BLL/2010/page_35.pdf-3,numeric,no_answer,0.0
finqa,BLL/2010/page_35.pdf-3,numeric,hedge,0.3
finqa,BLL/2010/page_35.pdf-3,numeric,list_dump,0.25
finqa,DG/2005/page_44.pdf-2,numeric,identity,1.0
finqa,DG/2005/page_44.pdf-2,numeric,verbose,1.0
finqa,DG/2005/page_44.pdf-2,numeric,tagged,1.0
finqa,DG/2005/page_44.pdf-2,numeric,paraphrase,0.95
finqa,DG/2005/page_44.pdf-2,numeric,unit_variant,1.0
finqa,DG/2005/page_44.pdf-2,numeric,near_miss_small,0.75
finqa,DG/2005/page_44.pdf-2,numeric,near_miss_medium,0.45
finqa,DG/2005/page_44.pdf-2,numeric,near_miss_large,0.15
finqa,DG/2005/page_44.pdf-2,numeric,digit_typo,0.2
finqa,DG/2005/page_44.pdf-2,numeric,magnitude,0.05
finqa,DG/2005/page_44.pdf-2,numeric,sign_flip,0.05
finqa,DG/2005/page_44.pdf-2,numeric,wrong_random,0.0
finqa,DG/2005/page_44.pdf-2,numeric,no_answer,0.0
finqa,DG/2005/page_44.pdf-2,numeric,hedge,0.3
finqa,DG/2005/page_44.pdf-2,numeric,list_dump,0.25
finqa,DG/2010/page_136.pdf-2,numeric,identity,1.0
finqa,DG/2010/page_136.pdf-2,numeric,verbose,1.0
finqa,DG/2010/page_136.pdf-2,numeric,tagged,1.0
finqa,DG/2010/page_136.pdf-2,numeric,paraphrase,0.95
finqa,DG/2010/page_136.pdf-2,numeric,unit_variant,1.0
finqa,DG/2010/page_136.pdf-2,numeric,near_miss_small,0.75
finqa,DG/2010/page_136.pdf-2,numeric,near_miss_medium,0.45
finqa,DG/2010/page_136.pdf-2,numeric,near_miss_large,0.15
finqa,DG/2010/page_136.pdf-2,numeric,digit_typo,0.2
finqa,DG/2010/page_136.pdf-2,numeric,magnitude,0.05
finqa,DG/2010/page_136.pdf-2,numeric,sign_flip,0.05
finqa,DG/2010/page_136.pdf-2,numeric,wrong_random,0.0
finqa,DG/2010/page_136.pdf-2,numeric,no_answer,0.0
finqa,DG/2010/page_136.pdf-2,numeric,hedge,0.3
finqa,DG/2010/page_136.pdf-2,numeric,list_dump,0.25
finqa,DXC/2018/page_56.pdf-1,numeric,identity,1.0
finqa,DXC/2018/page_56.pdf-1,numeric,verbose,1.0
finqa,DXC/2018/page_56.pdf-1,numeric,tagged,1.0
finqa,DXC/2018/page_56.pdf-1,numeric,paraphrase,0.95
finqa,DXC/2018/page_56.pdf-1,numeric,unit_variant,1.0
finqa,DXC/2018/page_56.pdf-1,numeric,near_miss_small,0.75
finqa,DXC/2018/page_56.pdf-1,numeric,near_miss_medium,0.45
finqa,DXC/2018/page_56.pdf-1,numeric,near_miss_large,0.15
finqa,DXC/2018/page_56.pdf-1,numeric,digit_typo,0.2
finqa,DXC/2018/page_56.pdf-1,numeric,magnitude,0.05
finqa,DXC/2018/page_56.pdf-1,numeric,sign_flip,0.05
finqa,DXC/2018/page_56.pdf-1,numeric,wrong_random,0.0
finqa,DXC/2018/page_56.pdf-1,numeric,no_answer,0.0
finqa,DXC/2018/page_56.pdf-1,numeric,hedge,0.3
finqa,DXC/2018/page_56.pdf-1,numeric,list_dump,0.25
finqa,ECL/2016/page_52.pdf-3,numeric,identity,1.0
finqa,ECL/2016/page_52.pdf-3,numeric,verbose,1.0
finqa,ECL/2016/page_52.pdf-3,numeric,tagged,1.0
finqa,ECL/2016/page_52.pdf-3,numeric,paraphrase,0.95
finqa,ECL/2016/page_52.pdf-3,numeric,unit_variant,1.0
finqa,ECL/2016/page_52.pdf-3,numeric,near_miss_small,0.75
finqa,ECL/2016/page_52.pdf-3,numeric,near_miss_medium,0.45
finqa,ECL/2016/page_52.pdf-3,numeric,near_miss_large,0.15
finqa,ECL/2016/page_52.pdf-3,numeric,digit_typo,0.2
finqa,ECL/2016/page_52.pdf-3,numeric,magnitude,0.05
finqa,ECL/2016/page_52.pdf-3,numeric,sign_flip,0.05
finqa,ECL/2016/page_52.pdf-3,numeric,wrong_random,0.0
finqa,ECL/2016/page_52.pdf-3,numeric,no_answer,0.0
finqa,ECL/2016/page_52.pdf-3,numeric,hedge,0.3
finqa,ECL/2016/page_52.pdf-3,numeric,list_dump,0.25
finqa,FIS/2016/page_45.pdf-2,numeric,identity,1.0
finqa,FIS/2016/page_45.pdf-2,numeric,verbose,1.0
finqa,FIS/2016/page_45.pdf-2,numeric,tagged,1.0
finqa,FIS/2016/page_45.pdf-2,numeric,paraphrase,0.95
finqa,FIS/2016/page_45.pdf-2,numeric,unit_variant,1.0
finqa,FIS/2016/page_45.pdf-2,numeric,near_miss_small,0.75
finqa,FIS/2016/page_45.pdf-2,numeric,near_miss_medium,0.45
finqa,FIS/2016/page_45.pdf-2,numeric,near_miss_large,0.15
finqa,FIS/2016/page_45.pdf-2,numeric,digit_typo,0.2
finqa,FIS/2016/page_45.pdf-2,numeric,magnitude,0.05
finqa,FIS/2016/page_45.pdf-2,numeric,sign_flip,0.05
finqa,FIS/2016/page_45.pdf-2,numeric,wrong_random,0.0
finqa,FIS/2016/page_45.pdf-2,numeric,no_answer,0.0
finqa,FIS/2016/page_45.pdf-2,numeric,hedge,0.3
finqa,FIS/2016/page_45.pdf-2,numeric,list_dump,0.25
finqa,GPN/2013/page_87.pdf-2,numeric,identity,1.0
finqa,GPN/2013/page_87.pdf-2,numeric,verbose,1.0
finqa,GPN/2013/page_87.pdf-2,numeric,tagged,1.0
finqa,GPN/2013/page_87.pdf-2,numeric,paraphrase,0.95
finqa,GPN/2013/page_87.pdf-2,numeric,unit_variant,1.0
finqa,GPN/2013/page_87.pdf-2,numeric,near_miss_small,0.75
finqa,GPN/2013/page_87.pdf-2,numeric,near_miss_medium,0.45
finqa,GPN/2013/page_87.pdf-2,numeric,near_miss_large,0.15
finqa,GPN/2013/page_87.pdf-2,numeric,digit_typo,0.2
finqa,GPN/2013/page_87.pdf-2,numeric,magnitude,0.05
finqa,GPN/2013/page_87.pdf-2,numeric,sign_flip,0.05
finqa,GPN/2013/page_87.pdf-2,numeric,wrong_random,0.0
finqa,GPN/2013/page_87.pdf-2,numeric,no_answer,0.0
finqa,GPN/2013/page_87.pdf-2,numeric,hedge,0.3
finqa,GPN/2013/page_87.pdf-2,numeric,list_dump,0.25
finqa,GS/2012/page_189.pdf-2,numeric,identity,1.0
finqa,GS/2012/page_189.pdf-2,numeric,verbose,1.0
finqa,GS/2012/page_189.pdf-2,numeric,tagged,1.0
finqa,GS/2012/page_189.pdf-2,numeric,paraphrase,0.95
finqa,GS/2012/page_189.pdf-2,numeric,unit_variant,1.0
finqa,GS/2012/page_189.pdf-2,numeric,near_miss_small,0.75
finqa,GS/2012/page_189.pdf-2,numeric,near_miss_medium,0.45
finqa,GS/2012/page_189.pdf-2,numeric,near_miss_large,0.15
finqa,GS/2012/page_189.pdf-2,numeric,digit_typo,0.2
finqa,GS/2012/page_189.pdf-2,numeric,magnitude,0.05
finqa,GS/2012/page_189.pdf-2,numeric,sign_flip,0.05
finqa,GS/2012/page_189.pdf-2,numeric,wrong_random,0.0
finqa,GS/2012/page_189.pdf-2,numeric,no_answer,0.0
finqa,GS/2012/page_189.pdf-2,numeric,hedge,0.3
finqa,GS/2012/page_189.pdf-2,numeric,list_dump,0.25
finqa,GS/2013/page_85.pdf-2,numeric,identity,1.0
finqa,GS/2013/page_85.pdf-2,numeric,verbose,1.0
finqa,GS/2013/page_85.pdf-2,numeric,tagged,1.0
finqa,GS/2013/page_85.pdf-2,numeric,paraphrase,0.95
finqa,GS/2013/page_85.pdf-2,numeric,unit_variant,1.0
finqa,GS/2013/page_85.pdf-2,numeric,near_miss_small,0.75
finqa,GS/2013/page_85.pdf-2,numeric,near_miss_medium,0.45
finqa,GS/2013/page_85.pdf-2,numeric,near_miss_large,0.15
finqa,GS/2013/page_85.pdf-2,numeric,digit_typo,0.2
finqa,GS/2013/page_85.pdf-2,numeric,magnitude,0.05
finqa,GS/2013/page_85.pdf-2,numeric,sign_flip,0.05
finqa,GS/2013/page_85.pdf-2,numeric,wrong_random,0.0
finqa,GS/2013/page_85.pdf-2,numeric,no_answer,0.0
finqa,GS/2013/page_85.pdf-2,numeric,hedge,0.3
finqa,GS/2013/page_85.pdf-2,numeric,list_dump,0.25
finqa,GS/2014/page_74.pdf-1,numeric,identity,1.0
finqa,GS/2014/page_74.pdf-1,numeric,verbose,1.0
finqa,GS/2014/page_74.pdf-1,numeric,tagged,1.0
finqa,GS/2014/page_74.pdf-1,numeric,paraphrase,0.95
finqa,GS/2014/page_74.pdf-1,numeric,unit_variant,1.0
finqa,GS/2014/page_74.pdf-1,numeric,near_miss_small,0.75
finqa,GS/2014/page_74.pdf-1,numeric,near_miss_medium,0.45
finqa,GS/2014/page_74.pdf-1,numeric,near_miss_large,0.15
finqa,GS/2014/page_74.pdf-1,numeric,digit_typo,0.2
finqa,GS/2014/page_74.pdf-1,numeric,magnitude,0.05
finqa,GS/2014/page_74.pdf-1,numeric,sign_flip,0.05
finqa,GS/2014/page_74.pdf-1,numeric,wrong_random,0.0
finqa,GS/2014/page_74.pdf-1,numeric,no_answer,0.0
finqa,GS/2014/page_74.pdf-1,numeric,hedge,0.3
finqa,GS/2014/page_74.pdf-1,numeric,list_dump,0.25
finqa,HOLX/2006/page_100.pdf-1,numeric,identity,1.0
finqa,HOLX/2006/page_100.pdf-1,numeric,verbose,1.0
finqa,HOLX/2006/page_100.pdf-1,numeric,tagged,1.0
finqa,HOLX/2006/page_100.pdf-1,numeric,paraphrase,0.95
finqa,HOLX/2006/page_100.pdf-1,numeric,unit_variant,1.0
finqa,HOLX/2006/page_100.pdf-1,numeric,near_miss_small,0.75
finqa,HOLX/2006/page_100.pdf-1,numeric,near_miss_medium,0.45
finqa,HOLX/2006/page_100.pdf-1,numeric,near_miss_large,0.15
finqa,HOLX/2006/page_100.pdf-1,numeric,digit_typo,0.2
finqa,HOLX/2006/page_100.pdf-1,numeric,magnitude,0.05
finqa,HOLX/2006/page_100.pdf-1,numeric,sign_flip,0.05
finqa,HOLX/2006/page_100.pdf-1,numeric,wrong_random,0.0
finqa,HOLX/2006/page_100.pdf-1,numeric,no_answer,0.0
finqa,HOLX/2006/page_100.pdf-1,numeric,hedge,0.3
finqa,HOLX/2006/page_100.pdf-1,numeric,list_dump,0.25
finqa,ILMN/2008/page_82.pdf-2,numeric,identity,1.0
finqa,ILMN/2008/page_82.pdf-2,numeric,verbose,1.0
finqa,ILMN/2008/page_82.pdf-2,numeric,tagged,1.0
finqa,ILMN/2008/page_82.pdf-2,numeric,paraphrase,0.95
finqa,ILMN/2008/page_82.pdf-2,numeric,unit_variant,1.0
finqa,ILMN/2008/page_82.pdf-2,numeric,near_miss_small,0.75
finqa,ILMN/2008/page_82.pdf-2,numeric,near_miss_medium,0.45
finqa,ILMN/2008/page_82.pdf-2,numeric,near_miss_large,0.15
finqa,ILMN/2008/page_82.pdf-2,numeric,digit_typo,0.2
finqa,ILMN/2008/page_82.pdf-2,numeric,magnitude,0.05
finqa,ILMN/2008/page_82.pdf-2,numeric,sign_flip,0.05
finqa,ILMN/2008/page_82.pdf-2,numeric,wrong_random,0.0
finqa,ILMN/2008/page_82.pdf-2,numeric,no_answer,0.0
finqa,ILMN/2008/page_82.pdf-2,numeric,hedge,0.3
finqa,ILMN/2008/page_82.pdf-2,numeric,list_dump,0.25
finqa,JKHY/2017/page_26.pdf-3,numeric,identity,1.0
finqa,JKHY/2017/page_26.pdf-3,numeric,verbose,1.0
finqa,JKHY/2017/page_26.pdf-3,numeric,tagged,1.0
finqa,JKHY/2017/page_26.pdf-3,numeric,paraphrase,0.95
finqa,JKHY/2017/page_26.pdf-3,numeric,unit_variant,1.0
finqa,JKHY/2017/page_26.pdf-3,numeric,near_miss_small,0.75
finqa,JKHY/2017/page_26.pdf-3,numeric,near_miss_medium,0.45
finqa,JKHY/2017/page_26.pdf-3,numeric,near_miss_large,0.15
finqa,JKHY/2017/page_26.pdf-3,numeric,digit_typo,0.2
finqa,JKHY/2017/page_26.pdf-3,numeric,magnitude,0.05
finqa,JKHY/2017/page_26.pdf-3,numeric,sign_flip,0.05
finqa,JKHY/2017/page_26.pdf-3,numeric,wrong_random,0.0
finqa,JKHY/2017/page_26.pdf-3,numeric,no_answer,0.0
finqa,JKHY/2017/page_26.pdf-3,numeric,hedge,0.3
finqa,JKHY/2017/page_26.pdf-3,numeric,list_dump,0.25
finqa,JKHY/2019/page_18.pdf-1,numeric,identity,1.0
finqa,JKHY/2019/page_18.pdf-1,numeric,verbose,1.0
finqa,JKHY/2019/page_18.pdf-1,numeric,tagged,1.0
finqa,JKHY/2019/page_18.pdf-1,numeric,paraphrase,0.95
finqa,JKHY/2019/page_18.pdf-1,numeric,unit_variant,1.0
finqa,JKHY/2019/page_18.pdf-1,numeric,near_miss_small,0.75
finqa,JKHY/2019/page_18.pdf-1,numeric,near_miss_medium,0.45
finqa,JKHY/2019/page_18.pdf-1,numeric,near_miss_large,0.15
finqa,JKHY/2019/page_18.pdf-1,numeric,digit_typo,0.2
finqa,JKHY/2019/page_18.pdf-1,numeric,magnitude,0.05
finqa,JKHY/2019/page_18.pdf-1,numeric,sign_flip,0.05
finqa,JKHY/2019/page_18.pdf-1,numeric,wrong_random,0.0
finqa,JKHY/2019/page_18.pdf-1,numeric,no_answer,0.0
finqa,JKHY/2019/page_18.pdf-1,numeric,hedge,0.3
finqa,JKHY/2019/page_18.pdf-1,numeric,list_dump,0.25
finqa,JPM/2010/page_281.pdf-3,numeric,identity,1.0
finqa,JPM/2010/page_281.pdf-3,numeric,verbose,1.0
finqa,JPM/2010/page_281.pdf-3,numeric,tagged,1.0
finqa,JPM/2010/page_281.pdf-3,numeric,paraphrase,0.95
finqa,JPM/2010/page_281.pdf-3,numeric,unit_variant,1.0
finqa,JPM/2010/page_281.pdf-3,numeric,near_miss_small,0.75
finqa,JPM/2010/page_281.pdf-3,numeric,near_miss_medium,0.45
finqa,JPM/2010/page_281.pdf-3,numeric,near_miss_large,0.15
finqa,JPM/2010/page_281.pdf-3,numeric,digit_typo,0.2
finqa,JPM/2010/page_281.pdf-3,numeric,magnitude,0.05
finqa,JPM/2010/page_281.pdf-3,numeric,sign_flip,0.05
finqa,JPM/2010/page_281.pdf-3,numeric,wrong_random,0.0
finqa,JPM/2010/page_281.pdf-3,numeric,no_answer,0.0
finqa,JPM/2010/page_281.pdf-3,numeric,hedge,0.3
finqa,JPM/2010/page_281.pdf-3,numeric,list_dump,0.25
finqa,JPM/2018/page_90.pdf-1,numeric,identity,1.0
finqa,JPM/2018/page_90.pdf-1,numeric,verbose,1.0
finqa,JPM/2018/page_90.pdf-1,numeric,tagged,1.0
finqa,JPM/2018/page_90.pdf-1,numeric,paraphrase,0.95
finqa,JPM/2018/page_90.pdf-1,numeric,unit_variant,1.0
finqa,JPM/2018/page_90.pdf-1,numeric,near_miss_small,0.75
finqa,JPM/2018/page_90.pdf-1,numeric,near_miss_medium,0.45
finqa,JPM/2018/page_90.pdf-1,numeric,near_miss_large,0.15
finqa,JPM/2018/page_90.pdf-1,numeric,digit_typo,0.2
finqa,JPM/2018/page_90.pdf-1,numeric,magnitude,0.05
finqa,JPM/2018/page_90.pdf-1,numeric,sign_flip,0.05
finqa,JPM/2018/page_90.pdf-1,numeric,wrong_random,0.0
finqa,JPM/2018/page_90.pdf-1,numeric,no_answer,0.0
finqa,JPM/2018/page_90.pdf-1,numeric,hedge,0.3
finqa,JPM/2018/page_90.pdf-1,numeric,list_dump,0.25
finqa,MRK/2013/page_125.pdf-1,numeric,identity,1.0
finqa,MRK/2013/page_125.pdf-1,numeric,verbose,1.0
finqa,MRK/2013/page_125.pdf-1,numeric,tagged,1.0
finqa,MRK/2013/page_125.pdf-1,numeric,paraphrase,0.95
finqa,MRK/2013/page_125.pdf-1,numeric,unit_variant,1.0
finqa,MRK/2013/page_125.pdf-1,numeric,near_miss_small,0.75
finqa,MRK/2013/page_125.pdf-1,numeric,near_miss_medium,0.45
finqa,MRK/2013/page_125.pdf-1,numeric,near_miss_large,0.15
finqa,MRK/2013/page_125.pdf-1,numeric,digit_typo,0.2
finqa,MRK/2013/page_125.pdf-1,numeric,magnitude,0.05
finqa,MRK/2013/page_125.pdf-1,numeric,sign_flip,0.05
finqa,MRK/2013/page_125.pdf-1,numeric,wrong_random,0.0
finqa,MRK/2013/page_125.pdf-1,numeric,no_answer,0.0
finqa,MRK/2013/page_125.pdf-1,numeric,hedge,0.3
finqa,MRK/2013/page_125.pdf-1,numeric,list_dump,0.25
finqa,MRO/2004/page_46.pdf-3,numeric,identity,1.0
finqa,MRO/2004/page_46.pdf-3,numeric,verbose,1.0
finqa,MRO/2004/page_46.pdf-3,numeric,tagged,1.0
finqa,MRO/2004/page_46.pdf-3,numeric,paraphrase,0.95
finqa,MRO/2004/page_46.pdf-3,numeric,unit_variant,1.0
finqa,MRO/2004/page_46.pdf-3,numeric,near_miss_small,0.75
finqa,MRO/2004/page_46.pdf-3,numeric,near_miss_medium,0.45
finqa,MRO/2004/page_46.pdf-3,numeric,near_miss_large,0.15
finqa,MRO/2004/page_46.pdf-3,numeric,digit_typo,0.2
finqa,MRO/2004/page_46.pdf-3,numeric,magnitude,0.05
finqa,MRO/2004/page_46.pdf-3,numeric,sign_flip,0.05
finqa,MRO/2004/page_46.pdf-3,numeric,wrong_random,0.0
finqa,MRO/2004/page_46.pdf-3,numeric,no_answer,0.0
finqa,MRO/2004/page_46.pdf-3,numeric,hedge,0.3
finqa,MRO/2004/page_46.pdf-3,numeric,list_dump,0.25
finqa,MRO/2004/page_46.pdf-4,numeric,identity,1.0
finqa,MRO/2004/page_46.pdf-4,numeric,verbose,1.0
finqa,MRO/2004/page_46.pdf-4,numeric,tagged,1.0
finqa,MRO/2004/page_46.pdf-4,numeric,paraphrase,0.95
finqa,MRO/2004/page_46.pdf-4,numeric,unit_variant,1.0
finqa,MRO/2004/page_46.pdf-4,numeric,near_miss_small,0.75
finqa,MRO/2004/page_46.pdf-4,numeric,near_miss_medium,0.45
finqa,MRO/2004/page_46.pdf-4,numeric,near_miss_large,0.15
finqa,MRO/2004/page_46.pdf-4,numeric,digit_typo,0.2
finqa,MRO/2004/page_46.pdf-4,numeric,magnitude,0.05
finqa,MRO/2004/page_46.pdf-4,numeric,sign_flip,0.05
finqa,MRO/2004/page_46.pdf-4,numeric,wrong_random,0.0
finqa,MRO/2004/page_46.pdf-4,numeric,no_answer,0.0
finqa,MRO/2004/page_46.pdf-4,numeric,hedge,0.3
finqa,MRO/2004/page_46.pdf-4,numeric,list_dump,0.25
finqa,MSI/2007/page_70.pdf-1,numeric,identity,1.0
finqa,MSI/2007/page_70.pdf-1,numeric,verbose,1.0
finqa,MSI/2007/page_70.pdf-1,numeric,tagged,1.0
finqa,MSI/2007/page_70.pdf-1,numeric,paraphrase,0.95
finqa,MSI/2007/page_70.pdf-1,numeric,unit_variant,1.0
finqa,MSI/2007/page_70.pdf-1,numeric,near_miss_small,0.75
finqa,MSI/2007/page_70.pdf-1,numeric,near_miss_medium,0.45
finqa,MSI/2007/page_70.pdf-1,numeric,near_miss_large,0.15
finqa,MSI/2007/page_70.pdf-1,numeric,digit_typo,0.2
finqa,MSI/2007/page_70.pdf-1,numeric,magnitude,0.05
finqa,MSI/2007/page_70.pdf-1,numeric,sign_flip,0.05
finqa,MSI/2007/page_70.pdf-1,numeric,wrong_random,0.0
finqa,MSI/2007/page_70.pdf-1,numeric,no_answer,0.0
finqa,MSI/2007/page_70.pdf-1,numeric,hedge,0.3
finqa,MSI/2007/page_70.pdf-1,numeric,list_dump,0.25
finqa,PKG/2005/page_74.pdf-3,numeric,identity,1.0
finqa,PKG/2005/page_74.pdf-3,numeric,verbose,1.0
finqa,PKG/2005/page_74.pdf-3,numeric,tagged,1.0
finqa,PKG/2005/page_74.pdf-3,numeric,paraphrase,0.95
finqa,PKG/2005/page_74.pdf-3,numeric,unit_variant,1.0
finqa,PKG/2005/page_74.pdf-3,numeric,near_miss_small,0.75
finqa,PKG/2005/page_74.pdf-3,numeric,near_miss_medium,0.45
finqa,PKG/2005/page_74.pdf-3,numeric,near_miss_large,0.15
finqa,PKG/2005/page_74.pdf-3,numeric,digit_typo,0.2
finqa,PKG/2005/page_74.pdf-3,numeric,magnitude,0.05
finqa,PKG/2005/page_74.pdf-3,numeric,sign_flip,0.05
finqa,PKG/2005/page_74.pdf-3,numeric,wrong_random,0.0
finqa,PKG/2005/page_74.pdf-3,numeric,no_answer,0.0
finqa,PKG/2005/page_74.pdf-3,numeric,hedge,0.3
finqa,PKG/2005/page_74.pdf-3,numeric,list_dump,0.25
finqa,PNC/2008/page_122.pdf-2,numeric,identity,1.0
finqa,PNC/2008/page_122.pdf-2,numeric,verbose,1.0
finqa,PNC/2008/page_122.pdf-2,numeric,tagged,1.0
finqa,PNC/2008/page_122.pdf-2,numeric,paraphrase,0.95
finqa,PNC/2008/page_122.pdf-2,numeric,unit_variant,1.0
finqa,PNC/2008/page_122.pdf-2,numeric,near_miss_small,0.75
finqa,PNC/2008/page_122.pdf-2,numeric,near_miss_medium,0.45
finqa,PNC/2008/page_122.pdf-2,numeric,near_miss_large,0.15
finqa,PNC/2008/page_122.pdf-2,numeric,digit_typo,0.2
finqa,PNC/2008/page_122.pdf-2,numeric,magnitude,0.05
finqa,PNC/2008/page_122.pdf-2,numeric,sign_flip,0.05
finqa,PNC/2008/page_122.pdf-2,numeric,wrong_random,0.0
finqa,PNC/2008/page_122.pdf-2,numeric,no_answer,0.0
finqa,PNC/2008/page_122.pdf-2,numeric,hedge,0.3
finqa,PNC/2008/page_122.pdf-2,numeric,list_dump,0.25
finqa,PNC/2012/page_65.pdf-4,numeric,identity,1.0
finqa,PNC/2012/page_65.pdf-4,numeric,verbose,1.0
finqa,PNC/2012/page_65.pdf-4,numeric,tagged,1.0
finqa,PNC/2012/page_65.pdf-4,numeric,paraphrase,0.95
finqa,PNC/2012/page_65.pdf-4,numeric,unit_variant,1.0
finqa,PNC/2012/page_65.pdf-4,numeric,near_miss_small,0.75
finqa,PNC/2012/page_65.pdf-4,numeric,near_miss_medium,0.45
finqa,PNC/2012/page_65.pdf-4,numeric,near_miss_large,0.15
finqa,PNC/2012/page_65.pdf-4,numeric,digit_typo,0.2
finqa,PNC/2012/page_65.pdf-4,numeric,magnitude,0.05
finqa,PNC/2012/page_65.pdf-4,numeric,sign_flip,0.05
finqa,PNC/2012/page_65.pdf-4,numeric,wrong_random,0.0
finqa,PNC/2012/page_65.pdf-4,numeric,no_answer,0.0
finqa,PNC/2012/page_65.pdf-4,numeric,hedge,0.3
finqa,PNC/2012/page_65.pdf-4,numeric,list_dump,0.25
finqa,PPG/2008/page_52.pdf-1,numeric,identity,1.0
finqa,PPG/2008/page_52.pdf-1,numeric,verbose,1.0
finqa,PPG/2008/page_52.pdf-1,numeric,tagged,1.0
finqa,PPG/2008/page_52.pdf-1,numeric,paraphrase,0.95
finqa,PPG/2008/page_52.pdf-1,numeric,unit_variant,1.0
finqa,PPG/2008/page_52.pdf-1,numeric,near_miss_small,0.75
finqa,PPG/2008/page_52.pdf-1,numeric,near_miss_medium,0.45
finqa,PPG/2008/page_52.pdf-1,numeric,near_miss_large,0.15
finqa,PPG/2008/page_52.pdf-1,numeric,digit_typo,0.2
finqa,PPG/2008/page_52.pdf-1,numeric,magnitude,0.05
finqa,PPG/2008/page_52.pdf-1,numeric,sign_flip,0.05
finqa,PPG/2008/page_52.pdf-1,numeric,wrong_random,0.0
finqa,PPG/2008/page_52.pdf-1,numeric,no_answer,0.0
finqa,PPG/2008/page_52.pdf-1,numeric,hedge,0.3
finqa,PPG/2008/page_52.pdf-1,numeric,list_dump,0.25
finqa,PPG/2012/page_29.pdf-4,numeric,identity,1.0
finqa,PPG/2012/page_29.pdf-4,numeric,verbose,1.0
finqa,PPG/2012/page_29.pdf-4,numeric,tagged,1.0
finqa,PPG/2012/page_29.pdf-4,numeric,paraphrase,0.95
finqa,PPG/2012/page_29.pdf-4,numeric,unit_variant,1.0
finqa,PPG/2012/page_29.pdf-4,numeric,near_miss_small,0.75
finqa,PPG/2012/page_29.pdf-4,numeric,near_miss_medium,0.45
finqa,PPG/2012/page_29.pdf-4,numeric,near_miss_large,0.15
finqa,PPG/2012/page_29.pdf-4,numeric,digit_typo,0.2
finqa,PPG/2012/page_29.pdf-4,numeric,magnitude,0.05
finqa,PPG/2012/page_29.pdf-4,numeric,sign_flip,0.05
finqa,PPG/2012/page_29.pdf-4,numeric,wrong_random,0.0
finqa,PPG/2012/page_29.pdf-4,numeric,no_answer,0.0
finqa,PPG/2012/page_29.pdf-4,numeric,hedge,0.3
finqa,PPG/2012/page_29.pdf-4,numeric,list_dump,0.25
finqa,SNA/2013/page_34.pdf-2,numeric,identity,1.0
finqa,SNA/2013/page_34.pdf-2,numeric,verbose,1.0
finqa,SNA/2013/page_34.pdf-2,numeric,tagged,1.0
finqa,SNA/2013/page_34.pdf-2,numeric,paraphrase,0.95
finqa,SNA/2013/page_34.pdf-2,numeric,unit_variant,1.0
finqa,SNA/2013/page_34.pdf-2,numeric,near_miss_small,0.75
finqa,SNA/2013/page_34.pdf-2,numeric,near_miss_medium,0.45
finqa,SNA/2013/page_34.pdf-2,numeric,near_miss_large,0.15
finqa,SNA/2013/page_34.pdf-2,numeric,digit_typo,0.2
finqa,SNA/2013/page_34.pdf-2,numeric,magnitude,0.05
finqa,SNA/2013/page_34.pdf-2,numeric,sign_flip,0.05
finqa,SNA/2013/page_34.pdf-2,numeric,wrong_random,0.0
finqa,SNA/2013/page_34.pdf-2,numeric,no_answer,0.0
finqa,SNA/2013/page_34.pdf-2,numeric,hedge,0.3
finqa,SNA/2013/page_34.pdf-2,numeric,list_dump,0.25
finqa,UA/2007/page_70.pdf-1,numeric,identity,1.0
finqa,UA/2007/page_70.pdf-1,numeric,verbose,1.0
finqa,UA/2007/page_70.pdf-1,numeric,tagged,1.0
finqa,UA/2007/page_70.pdf-1,numeric,paraphrase,0.95
finqa,UA/2007/page_70.pdf-1,numeric,unit_variant,1.0
finqa,UA/2007/page_70.pdf-1,numeric,near_miss_small,0.75
finqa,UA/2007/page_70.pdf-1,numeric,near_miss_medium,0.45
finqa,UA/2007/page_70.pdf-1,numeric,near_miss_large,0.15
finqa,UA/2007/page_70.pdf-1,numeric,digit_typo,0.2
finqa,UA/2007/page_70.pdf-1,numeric,magnitude,0.05
finqa,UA/2007/page_70.pdf-1,numeric,sign_flip,0.05
finqa,UA/2007/page_70.pdf-1,numeric,wrong_random,0.0
finqa,UA/2007/page_70.pdf-1,numeric,no_answer,0.0
finqa,UA/2007/page_70.pdf-1,numeric,hedge,0.3
finqa,UA/2007/page_70.pdf-1,numeric,list_dump,0.25
finqa,UNP/2009/page_42.pdf-1,numeric,identity,1.0
finqa,UNP/2009/page_42.pdf-1,numeric,verbose,1.0
finqa,UNP/2009/page_42.pdf-1,numeric,tagged,1.0
finqa,UNP/2009/page_42.pdf-1,numeric,paraphrase,0.95
finqa,UNP/2009/page_42.pdf-1,numeric,unit_variant,1.0
finqa,UNP/2009/page_42.pdf-1,numeric,near_miss_small,0.75
finqa,UNP/2009/page_42.pdf-1,numeric,near_miss_medium,0.45
finqa,UNP/2009/page_42.pdf-1,numeric,near_miss_large,0.15
finqa,UNP/2009/page_42.pdf-1,numeric,digit_typo,0.2
finqa,UNP/2009/page_42.pdf-1,numeric,magnitude,0.05
finqa,UNP/2009/page_42.pdf-1,numeric,sign_flip,0.05
finqa,UNP/2009/page_42.pdf-1,numeric,wrong_random,0.0
finqa,UNP/2009/page_42.pdf-1,numeric,no_answer,0.0
finqa,UNP/2009/page_42.pdf-1,numeric,hedge,0.3
finqa,UNP/2009/page_42.pdf-1,numeric,list_dump,0.25
finqa,UNP/2011/page_24.pdf-1,boolean,identity,1.0
finqa,UNP/2011/page_24.pdf-1,boolean,verbose,1.0
finqa,UNP/2011/page_24.pdf-1,boolean,tagged,1.0
finqa,UNP/2011/page_24.pdf-1,boolean,paraphrase,0.95
finqa,UNP/2011/page_24.pdf-1,boolean,flip,0.0
finqa,UNP/2011/page_24.pdf-1,boolean,no_answer,0.0
finqa,UNP/2011/page_24.pdf-1,boolean,hedge,0.3
finqa,V/2008/page_180.pdf-1,numeric,identity,1.0
finqa,V/2008/page_180.pdf-1,numeric,verbose,1.0
finqa,V/2008/page_180.pdf-1,numeric,tagged,1.0
finqa,V/2008/page_180.pdf-1,numeric,paraphrase,0.95
finqa,V/2008/page_180.pdf-1,numeric,unit_variant,1.0
finqa,V/2008/page_180.pdf-1,numeric,near_miss_small,0.75
finqa,V/2008/page_180.pdf-1,numeric,near_miss_medium,0.45
finqa,V/2008/page_180.pdf-1,numeric,near_miss_large,0.15
finqa,V/2008/page_180.pdf-1,numeric,digit_typo,0.2
finqa,V/2008/page_180.pdf-1,numeric,magnitude,0.05
finqa,V/2008/page_180.pdf-1,numeric,sign_flip,0.05
finqa,V/2008/page_180.pdf-1,numeric,wrong_random,0.0
finqa,V/2008/page_180.pdf-1,numeric,no_answer,0.0
finqa,V/2008/page_180.pdf-1,numeric,hedge,0.3
finqa,V/2008/page_180.pdf-1,numeric,list_dump,0.25
finqa,ZBH/2008/page_57.pdf-4,numeric,identity,1.0
finqa,ZBH/2008/page_57.pdf-4,numeric,verbose,1.0
finqa,ZBH/2008/page_57.pdf-4,numeric,tagged,1.0
finqa,ZBH/2008/page_57.pdf-4,numeric,paraphrase,0.95
finqa,ZBH/2008/page_57.pdf-4,numeric,unit_variant,1.0
finqa,ZBH/2008/page_57.pdf-4,numeric,near_miss_small,0.75
finqa,ZBH/2008/page_57.pdf-4,numeric,near_miss_medium,0.45
finqa,ZBH/2008/page_57.pdf-4,numeric,near_miss_large,0.15
finqa,ZBH/2008/page_57.pdf-4,numeric,digit_typo,0.2
finqa,ZBH/2008/page_57.pdf-4,numeric,magnitude,0.05
finqa,ZBH/2008/page_57.pdf-4,numeric,sign_flip,0.05
finqa,ZBH/2008/page_57.pdf-4,numeric,wrong_random,0.0
finqa,ZBH/2008/page_57.pdf-4,numeric,no_answer,0.0
finqa,ZBH/2008/page_57.pdf-4,numeric,hedge,0.3
finqa,ZBH/2008/page_57.pdf-4,numeric,list_dump,0.25
tat_qa,0387cbd4-ca2d-46d5-a765-36a393525af8,numeric,identity,1.0
tat_qa,0387cbd4-ca2d-46d5-a765-36a393525af8,numeric,verbose,1.0
tat_qa,0387cbd4-ca2d-46d5-a765-36a393525af8,numeric,tagged,1.0
tat_qa,0387cbd4-ca2d-46d5-a765-36a393525af8,numeric,paraphrase,0.95
tat_qa,0387cbd4-ca2d-46d5-a765-36a393525af8,numeric,unit_variant,1.0
tat_qa,0387cbd4-ca2d-46d5-a765-36a393525af8,numeric,near_miss_small,0.75
tat_qa,0387cbd4-ca2d-46d5-a765-36a393525af8,numeric,near_miss_medium,0.45
tat_qa,0387cbd4-ca2d-46d5-a765-36a393525af8,numeric,near_miss_large,0.15
tat_qa,0387cbd4-ca2d-46d5-a765-36a393525af8,numeric,digit_typo,0.2
tat_qa,0387cbd4-ca2d-46d5-a765-36a393525af8,numeric,magnitude,0.05
tat_qa,0387cbd4-ca2d-46d5-a765-36a393525af8,numeric,sign_flip,0.05
tat_qa,0387cbd4-ca2d-46d5-a765-36a393525af8,numeric,wrong_random,0.0
tat_qa,0387cbd4-ca2d-46d5-a765-36a393525af8,numeric,no_answer,0.0
tat_qa,0387cbd4-ca2d-46d5-a765-36a393525af8,numeric,hedge,0.3
tat_qa,0387cbd4-ca2d-46d5-a765-36a393525af8,numeric,list_dump,0.25
tat_qa,05d737b5-d0be-42e8-9a20-0a0a413cb214,text,identity,1.0
tat_qa,05d737b5-d0be-42e8-9a20-0a0a413cb214,text,verbose,1.0
tat_qa,05d737b5-d0be-42e8-9a20-0a0a413cb214,text,tagged,1.0
tat_qa,05d737b5-d0be-42e8-9a20-0a0a413cb214,text,paraphrase,0.95
tat_qa,05d737b5-d0be-42e8-9a20-0a0a413cb214,text,partial,0.5
tat_qa,05d737b5-d0be-42e8-9a20-0a0a413cb214,text,superset,0.6
tat_qa,05d737b5-d0be-42e8-9a20-0a0a413cb214,text,typo,0.6
tat_qa,05d737b5-d0be-42e8-9a20-0a0a413cb214,text,wrong_random,0.0
tat_qa,05d737b5-d0be-42e8-9a20-0a0a413cb214,text,no_answer,0.0
tat_qa,05d737b5-d0be-42e8-9a20-0a0a413cb214,text,hedge,0.3
tat_qa,05d737b5-d0be-42e8-9a20-0a0a413cb214,text,list_dump,0.25
tat_qa,0a5e11e2-b5e8-4414-8b78-4c8106e84c89,text,identity,1.0
tat_qa,0a5e11e2-b5e8-4414-8b78-4c8106e84c89,text,verbose,1.0
tat_qa,0a5e11e2-b5e8-4414-8b78-4c8106e84c89,text,tagged,1.0
tat_qa,0a5e11e2-b5e8-4414-8b78-4c8106e84c89,text,paraphrase,0.95
tat_qa,0a5e11e2-b5e8-4414-8b78-4c8106e84c89,text,partial,0.5
tat_qa,0a5e11e2-b5e8-4414-8b78-4c8106e84c89,text,superset,0.6
tat_qa,0a5e11e2-b5e8-4414-8b78-4c8106e84c89,text,typo,0.6
tat_qa,0a5e11e2-b5e8-4414-8b78-4c8106e84c89,text,wrong_random,0.0
tat_qa,0a5e11e2-b5e8-4414-8b78-4c8106e84c89,text,no_answer,0.0
tat_qa,0a5e11e2-b5e8-4414-8b78-4c8106e84c89,text,hedge,0.3
tat_qa,0a5e11e2-b5e8-4414-8b78-4c8106e84c89,text,list_dump,0.25
tat_qa,1047c8b7-2102-4e24-a998-673c37cdc1d4,freeform,identity,1.0
tat_qa,1047c8b7-2102-4e24-a998-673c37cdc1d4,freeform,verbose,1.0
tat_qa,1047c8b7-2102-4e24-a998-673c37cdc1d4,freeform,tagged,1.0
tat_qa,1047c8b7-2102-4e24-a998-673c37cdc1d4,freeform,paraphrase,0.95
tat_qa,1047c8b7-2102-4e24-a998-673c37cdc1d4,freeform,partial,0.5
tat_qa,1047c8b7-2102-4e24-a998-673c37cdc1d4,freeform,superset,0.6
tat_qa,1047c8b7-2102-4e24-a998-673c37cdc1d4,freeform,shuffled,0.4
tat_qa,1047c8b7-2102-4e24-a998-673c37cdc1d4,freeform,wrong_random,0.0
tat_qa,1047c8b7-2102-4e24-a998-673c37cdc1d4,freeform,no_answer,0.0
tat_qa,1047c8b7-2102-4e24-a998-673c37cdc1d4,freeform,list_dump,0.25
tat_qa,123b178f-598e-4abe-8feb-b6c27bed9d25,text,identity,1.0
tat_qa,123b178f-598e-4abe-8feb-b6c27bed9d25,text,verbose,1.0
tat_qa,123b178f-598e-4abe-8feb-b6c27bed9d25,text,tagged,1.0
tat_qa,123b178f-598e-4abe-8feb-b6c27bed9d25,text,paraphrase,0.95
tat_qa,123b178f-598e-4abe-8feb-b6c27bed9d25,text,partial,0.5
tat_qa,123b178f-598e-4abe-8feb-b6c27bed9d25,text,superset,0.6
tat_qa,123b178f-598e-4abe-8feb-b6c27bed9d25,text,typo,0.6
tat_qa,123b178f-598e-4abe-8feb-b6c27bed9d25,text,wrong_random,0.0
tat_qa,123b178f-598e-4abe-8feb-b6c27bed9d25,text,no_answer,0.0
tat_qa,123b178f-598e-4abe-8feb-b6c27bed9d25,text,hedge,0.3
tat_qa,123b178f-598e-4abe-8feb-b6c27bed9d25,text,list_dump,0.25
tat_qa,174566c9-bab3-4db1-9695-ec42c36cfa74,text,identity,1.0
tat_qa,174566c9-bab3-4db1-9695-ec42c36cfa74,text,verbose,1.0
tat_qa,174566c9-bab3-4db1-9695-ec42c36cfa74,text,tagged,1.0
tat_qa,174566c9-bab3-4db1-9695-ec42c36cfa74,text,paraphrase,0.95
tat_qa,174566c9-bab3-4db1-9695-ec42c36cfa74,text,partial,0.5
tat_qa,174566c9-bab3-4db1-9695-ec42c36cfa74,text,superset,0.6
tat_qa,174566c9-bab3-4db1-9695-ec42c36cfa74,text,typo,0.6
tat_qa,174566c9-bab3-4db1-9695-ec42c36cfa74,text,wrong_random,0.0
tat_qa,174566c9-bab3-4db1-9695-ec42c36cfa74,text,no_answer,0.0
tat_qa,174566c9-bab3-4db1-9695-ec42c36cfa74,text,hedge,0.3
tat_qa,174566c9-bab3-4db1-9695-ec42c36cfa74,text,list_dump,0.25
tat_qa,1c88aed6-2b11-45e4-ba39-3c8c603e7af4,text,identity,1.0
tat_qa,1c88aed6-2b11-45e4-ba39-3c8c603e7af4,text,verbose,1.0
tat_qa,1c88aed6-2b11-45e4-ba39-3c8c603e7af4,text,tagged,1.0
tat_qa,1c88aed6-2b11-45e4-ba39-3c8c603e7af4,text,paraphrase,0.95
tat_qa,1c88aed6-2b11-45e4-ba39-3c8c603e7af4,text,partial,0.5
tat_qa,1c88aed6-2b11-45e4-ba39-3c8c603e7af4,text,superset,0.6
tat_qa,1c88aed6-2b11-45e4-ba39-3c8c603e7af4,text,typo,0.6
tat_qa,1c88aed6-2b11-45e4-ba39-3c8c603e7af4,text,wrong_random,0.0
tat_qa,1c88aed6-2b11-45e4-ba39-3c8c603e7af4,text,no_answer,0.0
tat_qa,1c88aed6-2b11-45e4-ba39-3c8c603e7af4,text,hedge,0.3
tat_qa,1c88aed6-2b11-45e4-ba39-3c8c603e7af4,text,list_dump,0.25
tat_qa,234fa3d2-2a72-4660-9bb6-fd82ff8da1a2,freeform,identity,1.0
tat_qa,234fa3d2-2a72-4660-9bb6-fd82ff8da1a2,freeform,verbose,1.0
tat_qa,234fa3d2-2a72-4660-9bb6-fd82ff8da1a2,freeform,tagged,1.0
tat_qa,234fa3d2-2a72-4660-9bb6-fd82ff8da1a2,freeform,paraphrase,0.95
tat_qa,234fa3d2-2a72-4660-9bb6-fd82ff8da1a2,freeform,partial,0.5
tat_qa,234fa3d2-2a72-4660-9bb6-fd82ff8da1a2,freeform,superset,0.6
tat_qa,234fa3d2-2a72-4660-9bb6-fd82ff8da1a2,freeform,shuffled,0.4
tat_qa,234fa3d2-2a72-4660-9bb6-fd82ff8da1a2,freeform,wrong_random,0.0
tat_qa,234fa3d2-2a72-4660-9bb6-fd82ff8da1a2,freeform,no_answer,0.0
tat_qa,234fa3d2-2a72-4660-9bb6-fd82ff8da1a2,freeform,list_dump,0.25
tat_qa,2a54850a-9dca-498b-a5f8-9672d7059994,text,identity,1.0
tat_qa,2a54850a-9dca-498b-a5f8-9672d7059994,text,verbose,1.0
tat_qa,2a54850a-9dca-498b-a5f8-9672d7059994,text,tagged,1.0
tat_qa,2a54850a-9dca-498b-a5f8-9672d7059994,text,paraphrase,0.95
tat_qa,2a54850a-9dca-498b-a5f8-9672d7059994,text,partial,0.5
tat_qa,2a54850a-9dca-498b-a5f8-9672d7059994,text,superset,0.6
tat_qa,2a54850a-9dca-498b-a5f8-9672d7059994,text,typo,0.6
tat_qa,2a54850a-9dca-498b-a5f8-9672d7059994,text,wrong_random,0.0
tat_qa,2a54850a-9dca-498b-a5f8-9672d7059994,text,no_answer,0.0
tat_qa,2a54850a-9dca-498b-a5f8-9672d7059994,text,hedge,0.3
tat_qa,2a54850a-9dca-498b-a5f8-9672d7059994,text,list_dump,0.25
tat_qa,2f016f6c-b7ce-4f97-8943-3f7e99b373fe,text,identity,1.0
tat_qa,2f016f6c-b7ce-4f97-8943-3f7e99b373fe,text,verbose,1.0
tat_qa,2f016f6c-b7ce-4f97-8943-3f7e99b373fe,text,tagged,1.0
tat_qa,2f016f6c-b7ce-4f97-8943-3f7e99b373fe,text,paraphrase,0.95
tat_qa,2f016f6c-b7ce-4f97-8943-3f7e99b373fe,text,partial,0.5
tat_qa,2f016f6c-b7ce-4f97-8943-3f7e99b373fe,text,superset,0.6
tat_qa,2f016f6c-b7ce-4f97-8943-3f7e99b373fe,text,typo,0.6
tat_qa,2f016f6c-b7ce-4f97-8943-3f7e99b373fe,text,wrong_random,0.0
tat_qa,2f016f6c-b7ce-4f97-8943-3f7e99b373fe,text,no_answer,0.0
tat_qa,2f016f6c-b7ce-4f97-8943-3f7e99b373fe,text,hedge,0.3
tat_qa,2f016f6c-b7ce-4f97-8943-3f7e99b373fe,text,list_dump,0.25
tat_qa,3007a32b-3699-4740-8412-586462354361,text,identity,1.0
tat_qa,3007a32b-3699-4740-8412-586462354361,text,verbose,1.0
tat_qa,3007a32b-3699-4740-8412-586462354361,text,tagged,1.0
tat_qa,3007a32b-3699-4740-8412-586462354361,text,paraphrase,0.95
tat_qa,3007a32b-3699-4740-8412-586462354361,text,partial,0.5
tat_qa,3007a32b-3699-4740-8412-586462354361,text,superset,0.6
tat_qa,3007a32b-3699-4740-8412-586462354361,text,typo,0.6
tat_qa,3007a32b-3699-4740-8412-586462354361,text,wrong_random,0.0
tat_qa,3007a32b-3699-4740-8412-586462354361,text,no_answer,0.0
tat_qa,3007a32b-3699-4740-8412-586462354361,text,hedge,0.3
tat_qa,3007a32b-3699-4740-8412-586462354361,text,list_dump,0.25
tat_qa,3264a669-9c5e-4821-b6f2-1f8002f47ffb,numeric,identity,1.0
tat_qa,3264a669-9c5e-4821-b6f2-1f8002f47ffb,numeric,verbose,1.0
tat_qa,3264a669-9c5e-4821-b6f2-1f8002f47ffb,numeric,tagged,1.0
tat_qa,3264a669-9c5e-4821-b6f2-1f8002f47ffb,numeric,paraphrase,0.95
tat_qa,3264a669-9c5e-4821-b6f2-1f8002f47ffb,numeric,unit_variant,1.0
tat_qa,3264a669-9c5e-4821-b6f2-1f8002f47ffb,numeric,near_miss_small,0.75
tat_qa,3264a669-9c5e-4821-b6f2-1f8002f47ffb,numeric,near_miss_medium,0.45
tat_qa,3264a669-9c5e-4821-b6f2-1f8002f47ffb,numeric,near_miss_large,0.15
tat_qa,3264a669-9c5e-4821-b6f2-1f8002f47ffb,numeric,digit_typo,0.2
tat_qa,3264a669-9c5e-4821-b6f2-1f8002f47ffb,numeric,magnitude,0.05
tat_qa,3264a669-9c5e-4821-b6f2-1f8002f47ffb,numeric,sign_flip,0.05
tat_qa,3264a669-9c5e-4821-b6f2-1f8002f47ffb,numeric,wrong_random,0.0
tat_qa,3264a669-9c5e-4821-b6f2-1f8002f47ffb,numeric,no_answer,0.0
tat_qa,3264a669-9c5e-4821-b6f2-1f8002f47ffb,numeric,hedge,0.3
tat_qa,3264a669-9c5e-4821-b6f2-1f8002f47ffb,numeric,list_dump,0.25
tat_qa,3b95b56f-3bf1-441f-ae58-a4f34d632d30,text,identity,1.0
tat_qa,3b95b56f-3bf1-441f-ae58-a4f34d632d30,text,verbose,1.0
tat_qa,3b95b56f-3bf1-441f-ae58-a4f34d632d30,text,tagged,1.0
tat_qa,3b95b56f-3bf1-441f-ae58-a4f34d632d30,text,paraphrase,0.95
tat_qa,3b95b56f-3bf1-441f-ae58-a4f34d632d30,text,partial,0.5
tat_qa,3b95b56f-3bf1-441f-ae58-a4f34d632d30,text,superset,0.6
tat_qa,3b95b56f-3bf1-441f-ae58-a4f34d632d30,text,typo,0.6
tat_qa,3b95b56f-3bf1-441f-ae58-a4f34d632d30,text,wrong_random,0.0
tat_qa,3b95b56f-3bf1-441f-ae58-a4f34d632d30,text,no_answer,0.0
tat_qa,3b95b56f-3bf1-441f-ae58-a4f34d632d30,text,hedge,0.3
tat_qa,3b95b56f-3bf1-441f-ae58-a4f34d632d30,text,list_dump,0.25
tat_qa,516cf531-262c-4318-aa5c-0ef6e2d9ac25,freeform,identity,1.0
tat_qa,516cf531-262c-4318-aa5c-0ef6e2d9ac25,freeform,verbose,1.0
tat_qa,516cf531-262c-4318-aa5c-0ef6e2d9ac25,freeform,tagged,1.0
tat_qa,516cf531-262c-4318-aa5c-0ef6e2d9ac25,freeform,paraphrase,0.95
tat_qa,516cf531-262c-4318-aa5c-0ef6e2d9ac25,freeform,partial,0.5
tat_qa,516cf531-262c-4318-aa5c-0ef6e2d9ac25,freeform,superset,0.6
tat_qa,516cf531-262c-4318-aa5c-0ef6e2d9ac25,freeform,shuffled,0.4
tat_qa,516cf531-262c-4318-aa5c-0ef6e2d9ac25,freeform,wrong_random,0.0
tat_qa,516cf531-262c-4318-aa5c-0ef6e2d9ac25,freeform,no_answer,0.0
tat_qa,516cf531-262c-4318-aa5c-0ef6e2d9ac25,freeform,list_dump,0.25
tat_qa,54f75d2c-ccef-4948-9312-ea7c84264dfa,text,identity,1.0
tat_qa,54f75d2c-ccef-4948-9312-ea7c84264dfa,text,verbose,1.0
tat_qa,54f75d2c-ccef-4948-9312-ea7c84264dfa,text,tagged,1.0
tat_qa,54f75d2c-ccef-4948-9312-ea7c84264dfa,text,paraphrase,0.95
tat_qa,54f75d2c-ccef-4948-9312-ea7c84264dfa,text,partial,0.5
tat_qa,54f75d2c-ccef-4948-9312-ea7c84264dfa,text,superset,0.6
tat_qa,54f75d2c-ccef-4948-9312-ea7c84264dfa,text,typo,0.6
tat_qa,54f75d2c-ccef-4948-9312-ea7c84264dfa,text,wrong_random,0.0
tat_qa,54f75d2c-ccef-4948-9312-ea7c84264dfa,text,no_answer,0.0
tat_qa,54f75d2c-ccef-4948-9312-ea7c84264dfa,text,hedge,0.3
tat_qa,54f75d2c-ccef-4948-9312-ea7c84264dfa,text,list_dump,0.25
tat_qa,57f38b17-ccdb-4d57-b075-9d1ff7dfb5e7,numeric,identity,1.0
tat_qa,57f38b17-ccdb-4d57-b075-9d1ff7dfb5e7,numeric,verbose,1.0
tat_qa,57f38b17-ccdb-4d57-b075-9d1ff7dfb5e7,numeric,tagged,1.0
tat_qa,57f38b17-ccdb-4d57-b075-9d1ff7dfb5e7,numeric,paraphrase,0.95
tat_qa,57f38b17-ccdb-4d57-b075-9d1ff7dfb5e7,numeric,unit_variant,1.0
tat_qa,57f38b17-ccdb-4d57-b075-9d1ff7dfb5e7,numeric,near_miss_small,0.75
tat_qa,57f38b17-ccdb-4d57-b075-9d1ff7dfb5e7,numeric,near_miss_medium,0.45
tat_qa,57f38b17-ccdb-4d57-b075-9d1ff7dfb5e7,numeric,near_miss_large,0.15
tat_qa,57f38b17-ccdb-4d57-b075-9d1ff7dfb5e7,numeric,digit_typo,0.2
tat_qa,57f38b17-ccdb-4d57-b075-9d1ff7dfb5e7,numeric,magnitude,0.05
tat_qa,57f38b17-ccdb-4d57-b075-9d1ff7dfb5e7,numeric,sign_flip,0.05
tat_qa,57f38b17-ccdb-4d57-b075-9d1ff7dfb5e7,numeric,wrong_random,0.0
tat_qa,57f38b17-ccdb-4d57-b075-9d1ff7dfb5e7,numeric,no_answer,0.0
tat_qa,57f38b17-ccdb-4d57-b075-9d1ff7dfb5e7,numeric,hedge,0.3
tat_qa,57f38b17-ccdb-4d57-b075-9d1ff7dfb5e7,numeric,list_dump,0.25
tat_qa,617cd0f0-5fac-4c34-b9b6-425a0d353491,text,identity,1.0
tat_qa,617cd0f0-5fac-4c34-b9b6-425a0d353491,text,verbose,1.0
tat_qa,617cd0f0-5fac-4c34-b9b6-425a0d353491,text,tagged,1.0
tat_qa,617cd0f0-5fac-4c34-b9b6-425a0d353491,text,paraphrase,0.95
tat_qa,617cd0f0-5fac-4c34-b9b6-425a0d353491,text,partial,0.5
tat_qa,617cd0f0-5fac-4c34-b9b6-425a0d353491,text,superset,0.6
tat_qa,617cd0f0-5fac-4c34-b9b6-425a0d353491,text,typo,0.6
tat_qa,617cd0f0-5fac-4c34-b9b6-425a0d353491,text,wrong_random,0.0
tat_qa,617cd0f0-5fac-4c34-b9b6-425a0d353491,text,no_answer,0.0
tat_qa,617cd0f0-5fac-4c34-b9b6-425a0d353491,text,hedge,0.3
tat_qa,617cd0f0-5fac-4c34-b9b6-425a0d353491,text,list_dump,0.25
tat_qa,6a70bb28-60b3-435f-8d11-f97dc8ddad6d,freeform,identity,1.0
tat_qa,6a70bb28-60b3-435f-8d11-f97dc8ddad6d,freeform,verbose,1.0
tat_qa,6a70bb28-60b3-435f-8d11-f97dc8ddad6d,freeform,tagged,1.0
tat_qa,6a70bb28-60b3-435f-8d11-f97dc8ddad6d,freeform,paraphrase,0.95
tat_qa,6a70bb28-60b3-435f-8d11-f97dc8ddad6d,freeform,partial,0.5
tat_qa,6a70bb28-60b3-435f-8d11-f97dc8ddad6d,freeform,superset,0.6
tat_qa,6a70bb28-60b3-435f-8d11-f97dc8ddad6d,freeform,shuffled,0.4
tat_qa,6a70bb28-60b3-435f-8d11-f97dc8ddad6d,freeform,wrong_random,0.0
tat_qa,6a70bb28-60b3-435f-8d11-f97dc8ddad6d,freeform,no_answer,0.0
tat_qa,6a70bb28-60b3-435f-8d11-f97dc8ddad6d,freeform,list_dump,0.25
tat_qa,6b289db7-2ee8-48ec-a257-e7e8f9640f1c,numeric,identity,1.0
tat_qa,6b289db7-2ee8-48ec-a257-e7e8f9640f1c,numeric,verbose,1.0
tat_qa,6b289db7-2ee8-48ec-a257-e7e8f9640f1c,numeric,tagged,1.0
tat_qa,6b289db7-2ee8-48ec-a257-e7e8f9640f1c,numeric,paraphrase,0.95
tat_qa,6b289db7-2ee8-48ec-a257-e7e8f9640f1c,numeric,unit_variant,1.0
tat_qa,6b289db7-2ee8-48ec-a257-e7e8f9640f1c,numeric,near_miss_small,0.75
tat_qa,6b289db7-2ee8-48ec-a257-e7e8f9640f1c,numeric,near_miss_medium,0.45
tat_qa,6b289db7-2ee8-48ec-a257-e7e8f9640f1c,numeric,near_miss_large,0.15
tat_qa,6b289db7-2ee8-48ec-a257-e7e8f9640f1c,numeric,digit_typo,0.2
tat_qa,6b289db7-2ee8-48ec-a257-e7e8f9640f1c,numeric,magnitude,0.05
tat_qa,6b289db7-2ee8-48ec-a257-e7e8f9640f1c,numeric,sign_flip,0.05
tat_qa,6b289db7-2ee8-48ec-a257-e7e8f9640f1c,numeric,wrong_random,0.0
tat_qa,6b289db7-2ee8-48ec-a257-e7e8f9640f1c,numeric,no_answer,0.0
tat_qa,6b289db7-2ee8-48ec-a257-e7e8f9640f1c,numeric,hedge,0.3
tat_qa,6b289db7-2ee8-48ec-a257-e7e8f9640f1c,numeric,list_dump,0.25
tat_qa,6fc46e0a-c688-4de3-81f6-f0f9063b1bd7,freeform,identity,1.0
tat_qa,6fc46e0a-c688-4de3-81f6-f0f9063b1bd7,freeform,verbose,1.0
tat_qa,6fc46e0a-c688-4de3-81f6-f0f9063b1bd7,freeform,tagged,1.0
tat_qa,6fc46e0a-c688-4de3-81f6-f0f9063b1bd7,freeform,paraphrase,0.95
tat_qa,6fc46e0a-c688-4de3-81f6-f0f9063b1bd7,freeform,partial,0.5
tat_qa,6fc46e0a-c688-4de3-81f6-f0f9063b1bd7,freeform,superset,0.6
tat_qa,6fc46e0a-c688-4de3-81f6-f0f9063b1bd7,freeform,shuffled,0.4
tat_qa,6fc46e0a-c688-4de3-81f6-f0f9063b1bd7,freeform,wrong_random,0.0
tat_qa,6fc46e0a-c688-4de3-81f6-f0f9063b1bd7,freeform,no_answer,0.0
tat_qa,6fc46e0a-c688-4de3-81f6-f0f9063b1bd7,freeform,list_dump,0.25
tat_qa,74f778d2-8a07-4b39-92d9-4a3c36af6f50,numeric,identity,1.0
tat_qa,74f778d2-8a07-4b39-92d9-4a3c36af6f50,numeric,verbose,1.0
tat_qa,74f778d2-8a07-4b39-92d9-4a3c36af6f50,numeric,tagged,1.0
tat_qa,74f778d2-8a07-4b39-92d9-4a3c36af6f50,numeric,paraphrase,0.95
tat_qa,74f778d2-8a07-4b39-92d9-4a3c36af6f50,numeric,unit_variant,1.0
tat_qa,74f778d2-8a07-4b39-92d9-4a3c36af6f50,numeric,near_miss_small,0.75
tat_qa,74f778d2-8a07-4b39-92d9-4a3c36af6f50,numeric,near_miss_medium,0.45
tat_qa,74f778d2-8a07-4b39-92d9-4a3c36af6f50,numeric,near_miss_large,0.15
tat_qa,74f778d2-8a07-4b39-92d9-4a3c36af6f50,numeric,digit_typo,0.2
tat_qa,74f778d2-8a07-4b39-92d9-4a3c36af6f50,numeric,magnitude,0.05
tat_qa,74f778d2-8a07-4b39-92d9-4a3c36af6f50,numeric,sign_flip,0.05
tat_qa,74f778d2-8a07-4b39-92d9-4a3c36af6f50,numeric,wrong_random,0.0
tat_qa,74f778d2-8a07-4b39-92d9-4a3c36af6f50,numeric,no_answer,0.0
tat_qa,74f778d2-8a07-4b39-92d9-4a3c36af6f50,numeric,hedge,0.3
tat_qa,74f778d2-8a07-4b39-92d9-4a3c36af6f50,numeric,list_dump,0.25
tat_qa,78523190-61da-490f-b019-b065c317bfd3,freeform,identity,1.0
tat_qa,78523190-61da-490f-b019-b065c317bfd3,freeform,verbose,1.0
tat_qa,78523190-61da-490f-b019-b065c317bfd3,freeform,tagged,1.0
tat_qa,78523190-61da-490f-b019-b065c317bfd3,freeform,paraphrase,0.95
tat_qa,78523190-61da-490f-b019-b065c317bfd3,freeform,partial,0.5
tat_qa,78523190-61da-490f-b019-b065c317bfd3,freeform,superset,0.6
tat_qa,78523190-61da-490f-b019-b065c317bfd3,freeform,shuffled,0.4
tat_qa,78523190-61da-490f-b019-b065c317bfd3,freeform,wrong_random,0.0
tat_qa,78523190-61da-490f-b019-b065c317bfd3,freeform,no_answer,0.0
tat_qa,78523190-61da-490f-b019-b065c317bfd3,freeform,list_dump,0.25
tat_qa,921426ff-bd1b-433c-886c-e38c4deaf900,numeric,identity,1.0
tat_qa,921426ff-bd1b-433c-886c-e38c4deaf900,numeric,verbose,1.0
tat_qa,921426ff-bd1b-433c-886c-e38c4deaf900,numeric,tagged,1.0
tat_qa,921426ff-bd1b-433c-886c-e38c4deaf900,numeric,paraphrase,0.95
tat_qa,921426ff-bd1b-433c-886c-e38c4deaf900,numeric,unit_variant,1.0
tat_qa,921426ff-bd1b-433c-886c-e38c4deaf900,numeric,near_miss_small,0.75
tat_qa,921426ff-bd1b-433c-886c-e38c4deaf900,numeric,near_miss_medium,0.45
tat_qa,921426ff-bd1b-433c-886c-e38c4deaf900,numeric,near_miss_large,0.15
tat_qa,921426ff-bd1b-433c-886c-e38c4deaf900,numeric,digit_typo,0.2
tat_qa,921426ff-bd1b-433c-886c-e38c4deaf900,numeric,magnitude,0.05
tat_qa,921426ff-bd1b-433c-886c-e38c4deaf900,numeric,sign_flip,0.05
tat_qa,921426ff-bd1b-433c-886c-e38c4deaf900,numeric,wrong_random,0.0
tat_qa,921426ff-bd1b-433c-886c-e38c4deaf900,numeric,no_answer,0.0
tat_qa,921426ff-bd1b-433c-886c-e38c4deaf900,numeric,hedge,0.3
tat_qa,921426ff-bd1b-433c-886c-e38c4deaf900,numeric,list_dump,0.25
tat_qa,9551fa01-dfe4-4bbb-bd0f-cb4ec1c83d3b,numeric,identity,1.0
tat_qa,9551fa01-dfe4-4bbb-bd0f-cb4ec1c83d3b,numeric,verbose,1.0
tat_qa,9551fa01-dfe4-4bbb-bd0f-cb4ec1c83d3b,numeric,tagged,1.0
tat_qa,9551fa01-dfe4-4bbb-bd0f-cb4ec1c83d3b,numeric,paraphrase,0.95
tat_qa,9551fa01-dfe4-4bbb-bd0f-cb4ec1c83d3b,numeric,unit_variant,1.0
tat_qa,9551fa01-dfe4-4bbb-bd0f-cb4ec1c83d3b,numeric,near_miss_small,0.75
tat_qa,9551fa01-dfe4-4bbb-bd0f-cb4ec1c83d3b,numeric,near_miss_medium,0.45
tat_qa,9551fa01-dfe4-4bbb-bd0f-cb4ec1c83d3b,numeric,near_miss_large,0.15
tat_qa,9551fa01-dfe4-4bbb-bd0f-cb4ec1c83d3b,numeric,digit_typo,0.2
tat_qa,9551fa01-dfe4-4bbb-bd0f-cb4ec1c83d3b,numeric,magnitude,0.05
tat_qa,9551fa01-dfe4-4bbb-bd0f-cb4ec1c83d3b,numeric,sign_flip,0.05
tat_qa,9551fa01-dfe4-4bbb-bd0f-cb4ec1c83d3b,numeric,wrong_random,0.0
tat_qa,9551fa01-dfe4-4bbb-bd0f-cb4ec1c83d3b,numeric,no_answer,0.0
tat_qa,9551fa01-dfe4-4bbb-bd0f-cb4ec1c83d3b,numeric,hedge,0.3
tat_qa,9551fa01-dfe4-4bbb-bd0f-cb4ec1c83d3b,numeric,list_dump,0.25
tat_qa,9696e1f9-a7de-485b-b34d-727577fc5e0f,text,identity,1.0
tat_qa,9696e1f9-a7de-485b-b34d-727577fc5e0f,text,verbose,1.0
tat_qa,9696e1f9-a7de-485b-b34d-727577fc5e0f,text,tagged,1.0
tat_qa,9696e1f9-a7de-485b-b34d-727577fc5e0f,text,paraphrase,0.95
tat_qa,9696e1f9-a7de-485b-b34d-727577fc5e0f,text,partial,0.5
tat_qa,9696e1f9-a7de-485b-b34d-727577fc5e0f,text,superset,0.6
tat_qa,9696e1f9-a7de-485b-b34d-727577fc5e0f,text,typo,0.6
tat_qa,9696e1f9-a7de-485b-b34d-727577fc5e0f,text,wrong_random,0.0
tat_qa,9696e1f9-a7de-485b-b34d-727577fc5e0f,text,no_answer,0.0
tat_qa,9696e1f9-a7de-485b-b34d-727577fc5e0f,text,hedge,0.3
tat_qa,9696e1f9-a7de-485b-b34d-727577fc5e0f,text,list_dump,0.25
tat_qa,9e3493de-9a29-4db8-ad06-52dc6ff1fdaf,numeric,identity,1.0
tat_qa,9e3493de-9a29-4db8-ad06-52dc6ff1fdaf,numeric,verbose,1.0
tat_qa,9e3493de-9a29-4db8-ad06-52dc6ff1fdaf,numeric,tagged,1.0
tat_qa,9e3493de-9a29-4db8-ad06-52dc6ff1fdaf,numeric,paraphrase,0.95
tat_qa,9e3493de-9a29-4db8-ad06-52dc6ff1fdaf,numeric,unit_variant,1.0
tat_qa,9e3493de-9a29-4db8-ad06-52dc6ff1fdaf,numeric,near_miss_small,0.75
tat_qa,9e3493de-9a29-4db8-ad06-52dc6ff1fdaf,numeric,near_miss_medium,0.45
tat_qa,9e3493de-9a29-4db8-ad06-52dc6ff1fdaf,numeric,near_miss_large,0.15
tat_qa,9e3493de-9a29-4db8-ad06-52dc6ff1fdaf,numeric,digit_typo,0.2
tat_qa,9e3493de-9a29-4db8-ad06-52dc6ff1fdaf,numeric,magnitude,0.05
tat_qa,9e3493de-9a29-4db8-ad06-52dc6ff1fdaf,numeric,sign_flip,0.05
tat_qa,9e3493de-9a29-4db8-ad06-52dc6ff1fdaf,numeric,wrong_random,0.0
tat_qa,9e3493de-9a29-4db8-ad06-52dc6ff1fdaf,numeric,no_answer,0.0
tat_qa,9e3493de-9a29-4db8-ad06-52dc6ff1fdaf,numeric,hedge,0.3
tat_qa,9e3493de-9a29-4db8-ad06-52dc6ff1fdaf,numeric,list_dump,0.25
tat_qa,a5babbf2-2a11-4864-bb84-8f06acf54e9f,freeform,identity,1.0
tat_qa,a5babbf2-2a11-4864-bb84-8f06acf54e9f,freeform,verbose,1.0
tat_qa,a5babbf2-2a11-4864-bb84-8f06acf54e9f,freeform,tagged,1.0
tat_qa,a5babbf2-2a11-4864-bb84-8f06acf54e9f,freeform,paraphrase,0.95
tat_qa,a5babbf2-2a11-4864-bb84-8f06acf54e9f,freeform,partial,0.5
tat_qa,a5babbf2-2a11-4864-bb84-8f06acf54e9f,freeform,superset,0.6
tat_qa,a5babbf2-2a11-4864-bb84-8f06acf54e9f,freeform,shuffled,0.4
tat_qa,a5babbf2-2a11-4864-bb84-8f06acf54e9f,freeform,wrong_random,0.0
tat_qa,a5babbf2-2a11-4864-bb84-8f06acf54e9f,freeform,no_answer,0.0
tat_qa,a5babbf2-2a11-4864-bb84-8f06acf54e9f,freeform,list_dump,0.25
tat_qa,a75830fe-acba-4751-98cd-de697fe03b30,numeric,identity,1.0
tat_qa,a75830fe-acba-4751-98cd-de697fe03b30,numeric,verbose,1.0
tat_qa,a75830fe-acba-4751-98cd-de697fe03b30,numeric,tagged,1.0
tat_qa,a75830fe-acba-4751-98cd-de697fe03b30,numeric,paraphrase,0.95
tat_qa,a75830fe-acba-4751-98cd-de697fe03b30,numeric,unit_variant,1.0
tat_qa,a75830fe-acba-4751-98cd-de697fe03b30,numeric,near_miss_small,0.75
tat_qa,a75830fe-acba-4751-98cd-de697fe03b30,numeric,near_miss_medium,0.45
tat_qa,a75830fe-acba-4751-98cd-de697fe03b30,numeric,near_miss_large,0.15
tat_qa,a75830fe-acba-4751-98cd-de697fe03b30,numeric,digit_typo,0.2
tat_qa,a75830fe-acba-4751-98cd-de697fe03b30,numeric,magnitude,0.05
tat_qa,a75830fe-acba-4751-98cd-de697fe03b30,numeric,sign_flip,0.05
tat_qa,a75830fe-acba-4751-98cd-de697fe03b30,numeric,wrong_random,0.0
tat_qa,a75830fe-acba-4751-98cd-de697fe03b30,numeric,no_answer,0.0
tat_qa,a75830fe-acba-4751-98cd-de697fe03b30,numeric,hedge,0.3
tat_qa,a75830fe-acba-4751-98cd-de697fe03b30,numeric,list_dump,0.25
tat_qa,b1018041-1c58-47f2-94db-fa8df0a631cb,text,identity,1.0
tat_qa,b1018041-1c58-47f2-94db-fa8df0a631cb,text,verbose,1.0
tat_qa,b1018041-1c58-47f2-94db-fa8df0a631cb,text,tagged,1.0
tat_qa,b1018041-1c58-47f2-94db-fa8df0a631cb,text,paraphrase,0.95
tat_qa,b1018041-1c58-47f2-94db-fa8df0a631cb,text,partial,0.5
tat_qa,b1018041-1c58-47f2-94db-fa8df0a631cb,text,superset,0.6
tat_qa,b1018041-1c58-47f2-94db-fa8df0a631cb,text,typo,0.6
tat_qa,b1018041-1c58-47f2-94db-fa8df0a631cb,text,wrong_random,0.0
tat_qa,b1018041-1c58-47f2-94db-fa8df0a631cb,text,no_answer,0.0
tat_qa,b1018041-1c58-47f2-94db-fa8df0a631cb,text,hedge,0.3
tat_qa,b1018041-1c58-47f2-94db-fa8df0a631cb,text,list_dump,0.25
tat_qa,bada4e72-a9a8-4c01-9b6b-0f1d760a1fca,numeric,identity,1.0
tat_qa,bada4e72-a9a8-4c01-9b6b-0f1d760a1fca,numeric,verbose,1.0
tat_qa,bada4e72-a9a8-4c01-9b6b-0f1d760a1fca,numeric,tagged,1.0
tat_qa,bada4e72-a9a8-4c01-9b6b-0f1d760a1fca,numeric,paraphrase,0.95
tat_qa,bada4e72-a9a8-4c01-9b6b-0f1d760a1fca,numeric,unit_variant,1.0
tat_qa,bada4e72-a9a8-4c01-9b6b-0f1d760a1fca,numeric,near_miss_small,0.75
tat_qa,bada4e72-a9a8-4c01-9b6b-0f1d760a1fca,numeric,near_miss_medium,0.45
tat_qa,bada4e72-a9a8-4c01-9b6b-0f1d760a1fca,numeric,near_miss_large,0.15
tat_qa,bada4e72-a9a8-4c01-9b6b-0f1d760a1fca,numeric,digit_typo,0.2
tat_qa,bada4e72-a9a8-4c01-9b6b-0f1d760a1fca,numeric,magnitude,0.05
tat_qa,bada4e72-a9a8-4c01-9b6b-0f1d760a1fca,numeric,sign_flip,0.05
tat_qa,bada4e72-a9a8-4c01-9b6b-0f1d760a1fca,numeric,wrong_random,0.0
tat_qa,bada4e72-a9a8-4c01-9b6b-0f1d760a1fca,numeric,no_answer,0.0
tat_qa,bada4e72-a9a8-4c01-9b6b-0f1d760a1fca,numeric,hedge,0.3
tat_qa,bada4e72-a9a8-4c01-9b6b-0f1d760a1fca,numeric,list_dump,0.25
tat_qa,c6d15acd-4fd8-4419-a04e-c69487836f86,numeric,identity,1.0
tat_qa,c6d15acd-4fd8-4419-a04e-c69487836f86,numeric,verbose,1.0
tat_qa,c6d15acd-4fd8-4419-a04e-c69487836f86,numeric,tagged,1.0
tat_qa,c6d15acd-4fd8-4419-a04e-c69487836f86,numeric,paraphrase,0.95
tat_qa,c6d15acd-4fd8-4419-a04e-c69487836f86,numeric,unit_variant,1.0
tat_qa,c6d15acd-4fd8-4419-a04e-c69487836f86,numeric,near_miss_small,0.75
tat_qa,c6d15acd-4fd8-4419-a04e-c69487836f86,numeric,near_miss_medium,0.45
tat_qa,c6d15acd-4fd8-4419-a04e-c69487836f86,numeric,near_miss_large,0.15
tat_qa,c6d15acd-4fd8-4419-a04e-c69487836f86,numeric,digit_typo,0.2
tat_qa,c6d15acd-4fd8-4419-a04e-c69487836f86,numeric,magnitude,0.05
tat_qa,c6d15acd-4fd8-4419-a04e-c69487836f86,numeric,sign_flip,0.05
tat_qa,c6d15acd-4fd8-4419-a04e-c69487836f86,numeric,wrong_random,0.0
tat_qa,c6d15acd-4fd8-4419-a04e-c69487836f86,numeric,no_answer,0.0
tat_qa,c6d15acd-4fd8-4419-a04e-c69487836f86,numeric,hedge,0.3
tat_qa,c6d15acd-4fd8-4419-a04e-c69487836f86,numeric,list_dump,0.25
tat_qa,ca3c4add-5d49-4078-bc6f-7b38a842c06e,numeric,identity,1.0
tat_qa,ca3c4add-5d49-4078-bc6f-7b38a842c06e,numeric,verbose,1.0
tat_qa,ca3c4add-5d49-4078-bc6f-7b38a842c06e,numeric,tagged,1.0
tat_qa,ca3c4add-5d49-4078-bc6f-7b38a842c06e,numeric,paraphrase,0.95
tat_qa,ca3c4add-5d49-4078-bc6f-7b38a842c06e,numeric,unit_variant,1.0
tat_qa,ca3c4add-5d49-4078-bc6f-7b38a842c06e,numeric,near_miss_small,0.75
tat_qa,ca3c4add-5d49-4078-bc6f-7b38a842c06e,numeric,near_miss_medium,0.45
tat_qa,ca3c4add-5d49-4078-bc6f-7b38a842c06e,numeric,near_miss_large,0.15
tat_qa,ca3c4add-5d49-4078-bc6f-7b38a842c06e,numeric,digit_typo,0.2
tat_qa,ca3c4add-5d49-4078-bc6f-7b38a842c06e,numeric,magnitude,0.05
tat_qa,ca3c4add-5d49-4078-bc6f-7b38a842c06e,numeric,sign_flip,0.05
tat_qa,ca3c4add-5d49-4078-bc6f-7b38a842c06e,numeric,wrong_random,0.0
tat_qa,ca3c4add-5d49-4078-bc6f-7b38a842c06e,numeric,no_answer,0.0
tat_qa,ca3c4add-5d49-4078-bc6f-7b38a842c06e,numeric,hedge,0.3
tat_qa,ca3c4add-5d49-4078-bc6f-7b38a842c06e,numeric,list_dump,0.25
tat_qa,cf9ea7bd-d26e-4ba9-a2a9-b1e1c73ec11c,numeric,identity,1.0
tat_qa,cf9ea7bd-d26e-4ba9-a2a9-b1e1c73ec11c,numeric,verbose,1.0
tat_qa,cf9ea7bd-d26e-4ba9-a2a9-b1e1c73ec11c,numeric,tagged,1.0
tat_qa,cf9ea7bd-d26e-4ba9-a2a9-b1e1c73ec11c,numeric,paraphrase,0.95
tat_qa,cf9ea7bd-d26e-4ba9-a2a9-b1e1c73ec11c,numeric,unit_variant,1.0
tat_qa,cf9ea7bd-d26e-4ba9-a2a9-b1e1c73ec11c,numeric,near_miss_small,0.75
tat_qa,cf9ea7bd-d26e-4ba9-a2a9-b1e1c73ec11c,numeric,near_miss_medium,0.45
tat_qa,cf9ea7bd-d26e-4ba9-a2a9-b1e1c73ec11c,numeric,near_miss_large,0.15
tat_qa,cf9ea7bd-d26e-4ba9-a2a9-b1e1c73ec11c,numeric,digit_typo,0.2
tat_qa,cf9ea7bd-d26e-4ba9-a2a9-b1e1c73ec11c,numeric,magnitude,0.05
tat_qa,cf9ea7bd-d26e-4ba9-a2a9-b1e1c73ec11c,numeric,sign_flip,0.05
tat_qa,cf9ea7bd-d26e-4ba9-a2a9-b1e1c73ec11c,numeric,wrong_random,0.0
tat_qa,cf9ea7bd-d26e-4ba9-a2a9-b1e1c73ec11c,numeric,no_answer,0.0
tat_qa,cf9ea7bd-d26e-4ba9-a2a9-b1e1c73ec11c,numeric,hedge,0.3
tat_qa,cf9ea7bd-d26e-4ba9-a2a9-b1e1c73ec11c,numeric,list_dump,0.25
tat_qa,d47306cf-e276-4836-a827-ebebdc47e078,text,identity,1.0
tat_qa,d47306cf-e276-4836-a827-ebebdc47e078,text,verbose,1.0
tat_qa,d47306cf-e276-4836-a827-ebebdc47e078,text,tagged,1.0
tat_qa,d47306cf-e276-4836-a827-ebebdc47e078,text,paraphrase,0.95
tat_qa,d47306cf-e276-4836-a827-ebebdc47e078,text,partial,0.5
tat_qa,d47306cf-e276-4836-a827-ebebdc47e078,text,superset,0.6
tat_qa,d47306cf-e276-4836-a827-ebebdc47e078,text,typo,0.6
tat_qa,d47306cf-e276-4836-a827-ebebdc47e078,text,wrong_random,0.0
tat_qa,d47306cf-e276-4836-a827-ebebdc47e078,text,no_answer,0.0
tat_qa,d47306cf-e276-4836-a827-ebebdc47e078,text,hedge,0.3
tat_qa,d47306cf-e276-4836-a827-ebebdc47e078,text,list_dump,0.25
tat_qa,eb726f13-31b9-4a5a-9747-f6dcd0cf6b81,text,identity,1.0
tat_qa,eb726f13-31b9-4a5a-9747-f6dcd0cf6b81,text,verbose,1.0
tat_qa,eb726f13-31b9-4a5a-9747-f6dcd0cf6b81,text,tagged,1.0
tat_qa,eb726f13-31b9-4a5a-9747-f6dcd0cf6b81,text,paraphrase,0.95
tat_qa,eb726f13-31b9-4a5a-9747-f6dcd0cf6b81,text,partial,0.5
tat_qa,eb726f13-31b9-4a5a-9747-f6dcd0cf6b81,text,superset,0.6
tat_qa,eb726f13-31b9-4a5a-9747-f6dcd0cf6b81,text,typo,0.6
tat_qa,eb726f13-31b9-4a5a-9747-f6dcd0cf6b81,text,wrong_random,0.0
tat_qa,eb726f13-31b9-4a5a-9747-f6dcd0cf6b81,text,no_answer,0.0
tat_qa,eb726f13-31b9-4a5a-9747-f6dcd0cf6b81,text,hedge,0.3
tat_qa,eb726f13-31b9-4a5a-9747-f6dcd0cf6b81,text,list_dump,0.25
tat_qa,edc88710-38a6-47d8-bf2b-f4ebc52f7ea0,numeric,identity,1.0
tat_qa,edc88710-38a6-47d8-bf2b-f4ebc52f7ea0,numeric,verbose,1.0
tat_qa,edc88710-38a6-47d8-bf2b-f4ebc52f7ea0,numeric,tagged,1.0
tat_qa,edc88710-38a6-47d8-bf2b-f4ebc52f7ea0,numeric,paraphrase,0.95
tat_qa,edc88710-38a6-47d8-bf2b-f4ebc52f7ea0,numeric,unit_variant,1.0
tat_qa,edc88710-38a6-47d8-bf2b-f4ebc52f7ea0,numeric,near_miss_small,0.75
tat_qa,edc88710-38a6-47d8-bf2b-f4ebc52f7ea0,numeric,near_miss_medium,0.45
tat_qa,edc88710-38a6-47d8-bf2b-f4ebc52f7ea0,numeric,near_miss_large,0.15
tat_qa,edc88710-38a6-47d8-bf2b-f4ebc52f7ea0,numeric,digit_typo,0.2
tat_qa,edc88710-38a6-47d8-bf2b-f4ebc52f7ea0,numeric,magnitude,0.05
tat_qa,edc88710-38a6-47d8-bf2b-f4ebc52f7ea0,numeric,sign_flip,0.05
tat_qa,edc88710-38a6-47d8-bf2b-f4ebc52f7ea0,numeric,wrong_random,0.0
tat_qa,edc88710-38a6-47d8-bf2b-f4ebc52f7ea0,numeric,no_answer,0.0
tat_qa,edc88710-38a6-47d8-bf2b-f4ebc52f7ea0,numeric,hedge,0.3
tat_qa,edc88710-38a6-47d8-bf2b-f4ebc52f7ea0,numeric,list_dump,0.25
tat_qa,ef7c9be8-022f-418a-8a6f-841187811abd,freeform,identity,1.0
tat_qa,ef7c9be8-022f-418a-8a6f-841187811abd,freeform,verbose,1.0
tat_qa,ef7c9be8-022f-418a-8a6f-841187811abd,freeform,tagged,1.0
tat_qa,ef7c9be8-022f-418a-8a6f-841187811abd,freeform,paraphrase,0.95
tat_qa,ef7c9be8-022f-418a-8a6f-841187811abd,freeform,partial,0.5
tat_qa,ef7c9be8-022f-418a-8a6f-841187811abd,freeform,superset,0.6
tat_qa,ef7c9be8-022f-418a-8a6f-841187811abd,freeform,shuffled,0.4
tat_qa,ef7c9be8-022f-418a-8a6f-841187811abd,freeform,wrong_random,0.0
tat_qa,ef7c9be8-022f-418a-8a6f-841187811abd,freeform,no_answer,0.0
tat_qa,ef7c9be8-022f-418a-8a6f-841187811abd,freeform,list_dump,0.25
tat_qa,efbff294-365a-47c4-b530-7de812c65bf3,text,identity,1.0
tat_qa,efbff294-365a-47c4-b530-7de812c65bf3,text,verbose,1.0
tat_qa,efbff294-365a-47c4-b530-7de812c65bf3,text,tagged,1.0
tat_qa,efbff294-365a-47c4-b530-7de812c65bf3,text,paraphrase,0.95
tat_qa,efbff294-365a-47c4-b530-7de812c65bf3,text,partial,0.5
tat_qa,efbff294-365a-47c4-b530-7de812c65bf3,text,superset,0.6
tat_qa,efbff294-365a-47c4-b530-7de812c65bf3,text,typo,0.6
tat_qa,efbff294-365a-47c4-b530-7de812c65bf3,text,wrong_random,0.0
tat_qa,efbff294-365a-47c4-b530-7de812c65bf3,text,no_answer,0.0
tat_qa,efbff294-365a-47c4-b530-7de812c65bf3,text,hedge,0.3
tat_qa,efbff294-365a-47c4-b530-7de812c65bf3,text,list_dump,0.25
tat_qa,f5eb2ada-9a3c-4bbd-b96d-a83844cef935,numeric,identity,1.0
tat_qa,f5eb2ada-9a3c-4bbd-b96d-a83844cef935,numeric,verbose,1.0
tat_qa,f5eb2ada-9a3c-4bbd-b96d-a83844cef935,numeric,tagged,1.0
tat_qa,f5eb2ada-9a3c-4bbd-b96d-a83844cef935,numeric,paraphrase,0.95
tat_qa,f5eb2ada-9a3c-4bbd-b96d-a83844cef935,numeric,unit_variant,1.0
tat_qa,f5eb2ada-9a3c-4bbd-b96d-a83844cef935,numeric,near_miss_small,0.75
tat_qa,f5eb2ada-9a3c-4bbd-b96d-a83844cef935,numeric,near_miss_medium,0.45
tat_qa,f5eb2ada-9a3c-4bbd-b96d-a83844cef935,numeric,near_miss_large,0.15
tat_qa,f5eb2ada-9a3c-4bbd-b96d-a83844cef935,numeric,digit_typo,0.2
tat_qa,f5eb2ada-9a3c-4bbd-b96d-a83844cef935,numeric,magnitude,0.05
tat_qa,f5eb2ada-9a3c-4bbd-b96d-a83844cef935,numeric,sign_flip,0.05
tat_qa,f5eb2ada-9a3c-4bbd-b96d-a83844cef935,numeric,wrong_random,0.0
tat_qa,f5eb2ada-9a3c-4bbd-b96d-a83844cef935,numeric,no_answer,0.0
tat_qa,f5eb2ada-9a3c-4bbd-b96d-a83844cef935,numeric,hedge,0.3
tat_qa,f5eb2ada-9a3c-4bbd-b96d-a83844cef935,numeric,list_dump,0.25
tat_qa,fbf1fd1f-12d5-4ffc-b121-51cb10e6a9c8,numeric,identity,1.0
tat_qa,fbf1fd1f-12d5-4ffc-b121-51cb10e6a9c8,numeric,verbose,1.0
tat_qa,fbf1fd1f-12d5-4ffc-b121-51cb10e6a9c8,numeric,tagged,1.0
tat_qa,fbf1fd1f-12d5-4ffc-b121-51cb10e6a9c8,numeric,paraphrase,0.95
tat_qa,fbf1fd1f-12d5-4ffc-b121-51cb10e6a9c8,numeric,unit_variant,1.0
tat_qa,fbf1fd1f-12d5-4ffc-b121-51cb10e6a9c8,numeric,near_miss_small,0.75
tat_qa,fbf1fd1f-12d5-4ffc-b121-51cb10e6a9c8,numeric,near_miss_medium,0.45
tat_qa,fbf1fd1f-12d5-4ffc-b121-51cb10e6a9c8,numeric,near_miss_large,0.15
tat_qa,fbf1fd1f-12d5-4ffc-b121-51cb10e6a9c8,numeric,digit_typo,0.2
tat_qa,fbf1fd1f-12d5-4ffc-b121-51cb10e6a9c8,numeric,magnitude,0.05
tat_qa,fbf1fd1f-12d5-4ffc-b121-51cb10e6a9c8,numeric,sign_flip,0.05
tat_qa,fbf1fd1f-12d5-4ffc-b121-51cb10e6a9c8,numeric,wrong_random,0.0
tat_qa,fbf1fd1f-12d5-4ffc-b121-51cb10e6a9c8,numeric,no_answer,0.0
tat_qa,fbf1fd1f-12d5-4ffc-b121-51cb10e6a9c8,numeric,hedge,0.3
tat_qa,fbf1fd1f-12d5-4ffc-b121-51cb10e6a9c8,numeric,list_dump,0.25
tab_fact,tabfact_1-1360997-3.html.csv_45,boolean,identity,1.0
tab_fact,tabfact_1-1360997-3.html.csv_45,boolean,verbose,1.0
tab_fact,tabfact_1-1360997-3.html.csv_45,boolean,tagged,1.0
tab_fact,tabfact_1-1360997-3.html.csv_45,boolean,paraphrase,0.95
tab_fact,tabfact_1-1360997-3.html.csv_45,boolean,flip,0.0
tab_fact,tabfact_1-1360997-3.html.csv_45,boolean,no_answer,0.0
tab_fact,tabfact_1-1360997-3.html.csv_45,boolean,hedge,0.3
tab_fact,tabfact_1-1566850-9.html.csv_53,boolean,identity,1.0
tab_fact,tabfact_1-1566850-9.html.csv_53,boolean,verbose,1.0
tab_fact,tabfact_1-1566850-9.html.csv_53,boolean,tagged,1.0
tab_fact,tabfact_1-1566850-9.html.csv_53,boolean,paraphrase,0.95
tab_fact,tabfact_1-1566850-9.html.csv_53,boolean,flip,0.0
tab_fact,tabfact_1-1566850-9.html.csv_53,boolean,no_answer,0.0
tab_fact,tabfact_1-1566850-9.html.csv_53,boolean,hedge,0.3
tab_fact,tabfact_1-1566850-9.html.csv_54,boolean,identity,1.0
tab_fact,tabfact_1-1566850-9.html.csv_54,boolean,verbose,1.0
tab_fact,tabfact_1-1566850-9.html.csv_54,boolean,tagged,1.0
tab_fact,tabfact_1-1566850-9.html.csv_54,boolean,paraphrase,0.95
tab_fact,tabfact_1-1566850-9.html.csv_54,boolean,flip,0.0
tab_fact,tabfact_1-1566850-9.html.csv_54,boolean,no_answer,0.0
tab_fact,tabfact_1-1566850-9.html.csv_54,boolean,hedge,0.3
tab_fact,tabfact_1-16729071-1.html.csv_19,boolean,identity,1.0
tab_fact,tabfact_1-16729071-1.html.csv_19,boolean,verbose,1.0
tab_fact,tabfact_1-16729071-1.html.csv_19,boolean,tagged,1.0
tab_fact,tabfact_1-16729071-1.html.csv_19,boolean,paraphrase,0.95
tab_fact,tabfact_1-16729071-1.html.csv_19,boolean,flip,0.0
tab_fact,tabfact_1-16729071-1.html.csv_19,boolean,no_answer,0.0
tab_fact,tabfact_1-16729071-1.html.csv_19,boolean,hedge,0.3
tab_fact,tabfact_1-16729071-1.html.csv_20,boolean,identity,1.0
tab_fact,tabfact_1-16729071-1.html.csv_20,boolean,verbose,1.0
tab_fact,tabfact_1-16729071-1.html.csv_20,boolean,tagged,1.0
tab_fact,tabfact_1-16729071-1.html.csv_20,boolean,paraphrase,0.95
tab_fact,tabfact_1-16729071-1.html.csv_20,boolean,flip,0.0
tab_fact,tabfact_1-16729071-1.html.csv_20,boolean,no_answer,0.0
tab_fact,tabfact_1-16729071-1.html.csv_20,boolean,hedge,0.3
tab_fact,tabfact_1-18498743-1.html.csv_7,boolean,identity,1.0
tab_fact,tabfact_1-18498743-1.html.csv_7,boolean,verbose,1.0
tab_fact,tabfact_1-18498743-1.html.csv_7,boolean,tagged,1.0
tab_fact,tabfact_1-18498743-1.html.csv_7,boolean,paraphrase,0.95
tab_fact,tabfact_1-18498743-1.html.csv_7,boolean,flip,0.0
tab_fact,tabfact_1-18498743-1.html.csv_7,boolean,no_answer,0.0
tab_fact,tabfact_1-18498743-1.html.csv_7,boolean,hedge,0.3
tab_fact,tabfact_1-18914438-1.html.csv_101,boolean,identity,1.0
tab_fact,tabfact_1-18914438-1.html.csv_101,boolean,verbose,1.0
tab_fact,tabfact_1-18914438-1.html.csv_101,boolean,tagged,1.0
tab_fact,tabfact_1-18914438-1.html.csv_101,boolean,paraphrase,0.95
tab_fact,tabfact_1-18914438-1.html.csv_101,boolean,flip,0.0
tab_fact,tabfact_1-18914438-1.html.csv_101,boolean,no_answer,0.0
tab_fact,tabfact_1-18914438-1.html.csv_101,boolean,hedge,0.3
tab_fact,tabfact_1-25277363-2.html.csv_113,boolean,identity,1.0
tab_fact,tabfact_1-25277363-2.html.csv_113,boolean,verbose,1.0
tab_fact,tabfact_1-25277363-2.html.csv_113,boolean,tagged,1.0
tab_fact,tabfact_1-25277363-2.html.csv_113,boolean,paraphrase,0.95
tab_fact,tabfact_1-25277363-2.html.csv_113,boolean,flip,0.0
tab_fact,tabfact_1-25277363-2.html.csv_113,boolean,no_answer,0.0
tab_fact,tabfact_1-25277363-2.html.csv_113,boolean,hedge,0.3
tab_fact,tabfact_1-25277363-2.html.csv_114,boolean,identity,1.0
tab_fact,tabfact_1-25277363-2.html.csv_114,boolean,verbose,1.0
tab_fact,tabfact_1-25277363-2.html.csv_114,boolean,tagged,1.0
tab_fact,tabfact_1-25277363-2.html.csv_114,boolean,paraphrase,0.95
tab_fact,tabfact_1-25277363-2.html.csv_114,boolean,flip,0.0
tab_fact,tabfact_1-25277363-2.html.csv_114,boolean,no_answer,0.0
tab_fact,tabfact_1-25277363-2.html.csv_114,boolean,hedge,0.3
tab_fact,tabfact_1-25438110-5.html.csv_13,boolean,identity,1.0
tab_fact,tabfact_1-25438110-5.html.csv_13,boolean,verbose,1.0
tab_fact,tabfact_1-25438110-5.html.csv_13,boolean,tagged,1.0
tab_fact,tabfact_1-25438110-5.html.csv_13,boolean,paraphrase,0.95
tab_fact,tabfact_1-25438110-5.html.csv_13,boolean,flip,0.0
tab_fact,tabfact_1-25438110-5.html.csv_13,boolean,no_answer,0.0
tab_fact,tabfact_1-25438110-5.html.csv_13,boolean,hedge,0.3
tab_fact,tabfact_1-28138035-20.html.csv_75,boolean,identity,1.0
tab_fact,tabfact_1-28138035-20.html.csv_75,boolean,verbose,1.0
tab_fact,tabfact_1-28138035-20.html.csv_75,boolean,tagged,1.0
tab_fact,tabfact_1-28138035-20.html.csv_75,boolean,paraphrase,0.95
tab_fact,tabfact_1-28138035-20.html.csv_75,boolean,flip,0.0
tab_fact,tabfact_1-28138035-20.html.csv_75,boolean,no_answer,0.0
tab_fact,tabfact_1-28138035-20.html.csv_75,boolean,hedge,0.3
tab_fact,tabfact_2-10277-6.html.csv_111,boolean,identity,1.0
tab_fact,tabfact_2-10277-6.html.csv_111,boolean,verbose,1.0
tab_fact,tabfact_2-10277-6.html.csv_111,boolean,tagged,1.0
tab_fact,tabfact_2-10277-6.html.csv_111,boolean,paraphrase,0.95
tab_fact,tabfact_2-10277-6.html.csv_111,boolean,flip,0.0
tab_fact,tabfact_2-10277-6.html.csv_111,boolean,no_answer,0.0
tab_fact,tabfact_2-10277-6.html.csv_111,boolean,hedge,0.3
tab_fact,tabfact_2-10747009-18.html.csv_51,boolean,identity,1.0
tab_fact,tabfact_2-10747009-18.html.csv_51,boolean,verbose,1.0
tab_fact,tabfact_2-10747009-18.html.csv_51,boolean,tagged,1.0
tab_fact,tabfact_2-10747009-18.html.csv_51,boolean,paraphrase,0.95
tab_fact,tabfact_2-10747009-18.html.csv_51,boolean,flip,0.0
tab_fact,tabfact_2-10747009-18.html.csv_51,boolean,no_answer,0.0
tab_fact,tabfact_2-10747009-18.html.csv_51,boolean,hedge,0.3
tab_fact,tabfact_2-11097420-1.html.csv_66,boolean,identity,1.0
tab_fact,tabfact_2-11097420-1.html.csv_66,boolean,verbose,1.0
tab_fact,tabfact_2-11097420-1.html.csv_66,boolean,tagged,1.0
tab_fact,tabfact_2-11097420-1.html.csv_66,boolean,paraphrase,0.95
tab_fact,tabfact_2-11097420-1.html.csv_66,boolean,flip,0.0
tab_fact,tabfact_2-11097420-1.html.csv_66,boolean,no_answer,0.0
tab_fact,tabfact_2-11097420-1.html.csv_66,boolean,hedge,0.3
tab_fact,tabfact_2-1139087-2.html.csv_17,boolean,identity,1.0
tab_fact,tabfact_2-1139087-2.html.csv_17,boolean,verbose,1.0
tab_fact,tabfact_2-1139087-2.html.csv_17,boolean,tagged,1.0
tab_fact,tabfact_2-1139087-2.html.csv_17,boolean,paraphrase,0.95
tab_fact,tabfact_2-1139087-2.html.csv_17,boolean,flip,0.0
tab_fact,tabfact_2-1139087-2.html.csv_17,boolean,no_answer,0.0
tab_fact,tabfact_2-1139087-2.html.csv_17,boolean,hedge,0.3
tab_fact,tabfact_2-12988799-9.html.csv_30,boolean,identity,1.0
tab_fact,tabfact_2-12988799-9.html.csv_30,boolean,verbose,1.0
tab_fact,tabfact_2-12988799-9.html.csv_30,boolean,tagged,1.0
tab_fact,tabfact_2-12988799-9.html.csv_30,boolean,paraphrase,0.95
tab_fact,tabfact_2-12988799-9.html.csv_30,boolean,flip,0.0
tab_fact,tabfact_2-12988799-9.html.csv_30,boolean,no_answer,0.0
tab_fact,tabfact_2-12988799-9.html.csv_30,boolean,hedge,0.3
tab_fact,tabfact_2-13594823-1.html.csv_105,boolean,identity,1.0
tab_fact,tabfact_2-13594823-1.html.csv_105,boolean,verbose,1.0
tab_fact,tabfact_2-13594823-1.html.csv_105,boolean,tagged,1.0
tab_fact,tabfact_2-13594823-1.html.csv_105,boolean,paraphrase,0.95
tab_fact,tabfact_2-13594823-1.html.csv_105,boolean,flip,0.0
tab_fact,tabfact_2-13594823-1.html.csv_105,boolean,no_answer,0.0
tab_fact,tabfact_2-13594823-1.html.csv_105,boolean,hedge,0.3
tab_fact,tabfact_2-13848348-5.html.csv_55,boolean,identity,1.0
tab_fact,tabfact_2-13848348-5.html.csv_55,boolean,verbose,1.0
tab_fact,tabfact_2-13848348-5.html.csv_55,boolean,tagged,1.0
tab_fact,tabfact_2-13848348-5.html.csv_55,boolean,paraphrase,0.95
tab_fact,tabfact_2-13848348-5.html.csv_55,boolean,flip,0.0
tab_fact,tabfact_2-13848348-5.html.csv_55,boolean,no_answer,0.0
tab_fact,tabfact_2-13848348-5.html.csv_55,boolean,hedge,0.3
tab_fact,tabfact_2-13848348-5.html.csv_56,boolean,identity,1.0
tab_fact,tabfact_2-13848348-5.html.csv_56,boolean,verbose,1.0
tab_fact,tabfact_2-13848348-5.html.csv_56,boolean,tagged,1.0
tab_fact,tabfact_2-13848348-5.html.csv_56,boolean,paraphrase,0.95
tab_fact,tabfact_2-13848348-5.html.csv_56,boolean,flip,0.0
tab_fact,tabfact_2-13848348-5.html.csv_56,boolean,no_answer,0.0
tab_fact,tabfact_2-13848348-5.html.csv_56,boolean,hedge,0.3
tab_fact,tabfact_2-14208862-7.html.csv_79,boolean,identity,1.0
tab_fact,tabfact_2-14208862-7.html.csv_79,boolean,verbose,1.0
tab_fact,tabfact_2-14208862-7.html.csv_79,boolean,tagged,1.0
tab_fact,tabfact_2-14208862-7.html.csv_79,boolean,paraphrase,0.95
tab_fact,tabfact_2-14208862-7.html.csv_79,boolean,flip,0.0
tab_fact,tabfact_2-14208862-7.html.csv_79,boolean,no_answer,0.0
tab_fact,tabfact_2-14208862-7.html.csv_79,boolean,hedge,0.3
tab_fact,tabfact_2-14208862-7.html.csv_80,boolean,identity,1.0
tab_fact,tabfact_2-14208862-7.html.csv_80,boolean,verbose,1.0
tab_fact,tabfact_2-14208862-7.html.csv_80,boolean,tagged,1.0
tab_fact,tabfact_2-14208862-7.html.csv_80,boolean,paraphrase,0.95
tab_fact,tabfact_2-14208862-7.html.csv_80,boolean,flip,0.0
tab_fact,tabfact_2-14208862-7.html.csv_80,boolean,no_answer,0.0
tab_fact,tabfact_2-14208862-7.html.csv_80,boolean,hedge,0.3
tab_fact,tabfact_2-14783550-1.html.csv_92,boolean,identity,1.0
tab_fact,tabfact_2-14783550-1.html.csv_92,boolean,verbose,1.0
tab_fact,tabfact_2-14783550-1.html.csv_92,boolean,tagged,1.0
tab_fact,tabfact_2-14783550-1.html.csv_92,boolean,paraphrase,0.95
tab_fact,tabfact_2-14783550-1.html.csv_92,boolean,flip,0.0
tab_fact,tabfact_2-14783550-1.html.csv_92,boolean,no_answer,0.0
tab_fact,tabfact_2-14783550-1.html.csv_92,boolean,hedge,0.3
tab_fact,tabfact_2-15987146-1.html.csv_49,boolean,identity,1.0
tab_fact,tabfact_2-15987146-1.html.csv_49,boolean,verbose,1.0
tab_fact,tabfact_2-15987146-1.html.csv_49,boolean,tagged,1.0
tab_fact,tabfact_2-15987146-1.html.csv_49,boolean,paraphrase,0.95
tab_fact,tabfact_2-15987146-1.html.csv_49,boolean,flip,0.0
tab_fact,tabfact_2-15987146-1.html.csv_49,boolean,no_answer,0.0
tab_fact,tabfact_2-15987146-1.html.csv_49,boolean,hedge,0.3
tab_fact,tabfact_2-15987146-1.html.csv_50,boolean,identity,1.0
tab_fact,tabfact_2-15987146-1.html.csv_50,boolean,verbose,1.0
tab_fact,tabfact_2-15987146-1.html.csv_50,boolean,tagged,1.0
tab_fact,tabfact_2-15987146-1.html.csv_50,boolean,paraphrase,0.95
tab_fact,tabfact_2-15987146-1.html.csv_50,boolean,flip,0.0
tab_fact,tabfact_2-15987146-1.html.csv_50,boolean,no_answer,0.0
tab_fact,tabfact_2-15987146-1.html.csv_50,boolean,hedge,0.3
tab_fact,tabfact_2-16055831-2.html.csv_59,boolean,identity,1.0
tab_fact,tabfact_2-16055831-2.html.csv_59,boolean,verbose,1.0
tab_fact,tabfact_2-16055831-2.html.csv_59,boolean,tagged,1.0
tab_fact,tabfact_2-16055831-2.html.csv_59,boolean,paraphrase,0.95
tab_fact,tabfact_2-16055831-2.html.csv_59,boolean,flip,0.0
tab_fact,tabfact_2-16055831-2.html.csv_59,boolean,no_answer,0.0
tab_fact,tabfact_2-16055831-2.html.csv_59,boolean,hedge,0.3
tab_fact,tabfact_2-16909120-1.html.csv_69,boolean,identity,1.0
tab_fact,tabfact_2-16909120-1.html.csv_69,boolean,verbose,1.0
tab_fact,tabfact_2-16909120-1.html.csv_69,boolean,tagged,1.0
tab_fact,tabfact_2-16909120-1.html.csv_69,boolean,paraphrase,0.95
tab_fact,tabfact_2-16909120-1.html.csv_69,boolean,flip,0.0
tab_fact,tabfact_2-16909120-1.html.csv_69,boolean,no_answer,0.0
tab_fact,tabfact_2-16909120-1.html.csv_69,boolean,hedge,0.3
tab_fact,tabfact_2-170969-2.html.csv_73,boolean,identity,1.0
tab_fact,tabfact_2-170969-2.html.csv_73,boolean,verbose,1.0
tab_fact,tabfact_2-170969-2.html.csv_73,boolean,tagged,1.0
tab_fact,tabfact_2-170969-2.html.csv_73,boolean,paraphrase,0.95
tab_fact,tabfact_2-170969-2.html.csv_73,boolean,flip,0.0
tab_fact,tabfact_2-170969-2.html.csv_73,boolean,no_answer,0.0
tab_fact,tabfact_2-170969-2.html.csv_73,boolean,hedge,0.3
tab_fact,tabfact_2-1762882-13.html.csv_61,boolean,identity,1.0
tab_fact,tabfact_2-1762882-13.html.csv_61,boolean,verbose,1.0
tab_fact,tabfact_2-1762882-13.html.csv_61,boolean,tagged,1.0
tab_fact,tabfact_2-1762882-13.html.csv_61,boolean,paraphrase,0.95
tab_fact,tabfact_2-1762882-13.html.csv_61,boolean,flip,0.0
tab_fact,tabfact_2-1762882-13.html.csv_61,boolean,no_answer,0.0
tab_fact,tabfact_2-1762882-13.html.csv_61,boolean,hedge,0.3
tab_fact,tabfact_2-1762882-13.html.csv_62,boolean,identity,1.0
tab_fact,tabfact_2-1762882-13.html.csv_62,boolean,verbose,1.0
tab_fact,tabfact_2-1762882-13.html.csv_62,boolean,tagged,1.0
tab_fact,tabfact_2-1762882-13.html.csv_62,boolean,paraphrase,0.95
tab_fact,tabfact_2-1762882-13.html.csv_62,boolean,flip,0.0
tab_fact,tabfact_2-1762882-13.html.csv_62,boolean,no_answer,0.0
tab_fact,tabfact_2-1762882-13.html.csv_62,boolean,hedge,0.3
tab_fact,tabfact_2-17786294-1.html.csv_83,boolean,identity,1.0
tab_fact,tabfact_2-17786294-1.html.csv_83,boolean,verbose,1.0
tab_fact,tabfact_2-17786294-1.html.csv_83,boolean,tagged,1.0
tab_fact,tabfact_2-17786294-1.html.csv_83,boolean,paraphrase,0.95
tab_fact,tabfact_2-17786294-1.html.csv_83,boolean,flip,0.0
tab_fact,tabfact_2-17786294-1.html.csv_83,boolean,no_answer,0.0
tab_fact,tabfact_2-17786294-1.html.csv_83,boolean,hedge,0.3
tab_fact,tabfact_2-17786294-1.html.csv_84,boolean,identity,1.0
tab_fact,tabfact_2-17786294-1.html.csv_84,boolean,verbose,1.0
tab_fact,tabfact_2-17786294-1.html.csv_84,boolean,tagged,1.0
tab_fact,tabfact_2-17786294-1.html.csv_84,boolean,paraphrase,0.95
tab_fact,tabfact_2-17786294-1.html.csv_84,boolean,flip,0.0
tab_fact,tabfact_2-17786294-1.html.csv_84,boolean,no_answer,0.0
tab_fact,tabfact_2-17786294-1.html.csv_84,boolean,hedge,0.3
tab_fact,tabfact_2-17823320-3.html.csv_32,boolean,identity,1.0
tab_fact,tabfact_2-17823320-3.html.csv_32,boolean,verbose,1.0
tab_fact,tabfact_2-17823320-3.html.csv_32,boolean,tagged,1.0
tab_fact,tabfact_2-17823320-3.html.csv_32,boolean,paraphrase,0.95
tab_fact,tabfact_2-17823320-3.html.csv_32,boolean,flip,0.0
tab_fact,tabfact_2-17823320-3.html.csv_32,boolean,no_answer,0.0
tab_fact,tabfact_2-17823320-3.html.csv_32,boolean,hedge,0.3
tab_fact,tabfact_2-17889598-1.html.csv_57,boolean,identity,1.0
tab_fact,tabfact_2-17889598-1.html.csv_57,boolean,verbose,1.0
tab_fact,tabfact_2-17889598-1.html.csv_57,boolean,tagged,1.0
tab_fact,tabfact_2-17889598-1.html.csv_57,boolean,paraphrase,0.95
tab_fact,tabfact_2-17889598-1.html.csv_57,boolean,flip,0.0
tab_fact,tabfact_2-17889598-1.html.csv_57,boolean,no_answer,0.0
tab_fact,tabfact_2-17889598-1.html.csv_57,boolean,hedge,0.3
tab_fact,tabfact_2-17889598-1.html.csv_58,boolean,identity,1.0
tab_fact,tabfact_2-17889598-1.html.csv_58,boolean,verbose,1.0
tab_fact,tabfact_2-17889598-1.html.csv_58,boolean,tagged,1.0
tab_fact,tabfact_2-17889598-1.html.csv_58,boolean,paraphrase,0.95
tab_fact,tabfact_2-17889598-1.html.csv_58,boolean,flip,0.0
tab_fact,tabfact_2-17889598-1.html.csv_58,boolean,no_answer,0.0
tab_fact,tabfact_2-17889598-1.html.csv_58,boolean,hedge,0.3
tab_fact,tabfact_2-18045845-2.html.csv_12,boolean,identity,1.0
tab_fact,tabfact_2-18045845-2.html.csv_12,boolean,verbose,1.0
tab_fact,tabfact_2-18045845-2.html.csv_12,boolean,tagged,1.0
tab_fact,tabfact_2-18045845-2.html.csv_12,boolean,paraphrase,0.95
tab_fact,tabfact_2-18045845-2.html.csv_12,boolean,flip,0.0
tab_fact,tabfact_2-18045845-2.html.csv_12,boolean,no_answer,0.0
tab_fact,tabfact_2-18045845-2.html.csv_12,boolean,hedge,0.3
tab_fact,tabfact_2-18087075-2.html.csv_47,boolean,identity,1.0
tab_fact,tabfact_2-18087075-2.html.csv_47,boolean,verbose,1.0
tab_fact,tabfact_2-18087075-2.html.csv_47,boolean,tagged,1.0
tab_fact,tabfact_2-18087075-2.html.csv_47,boolean,paraphrase,0.95
tab_fact,tabfact_2-18087075-2.html.csv_47,boolean,flip,0.0
tab_fact,tabfact_2-18087075-2.html.csv_47,boolean,no_answer,0.0
tab_fact,tabfact_2-18087075-2.html.csv_47,boolean,hedge,0.3
tab_fact,tabfact_2-18772558-15.html.csv_119,boolean,identity,1.0
tab_fact,tabfact_2-18772558-15.html.csv_119,boolean,verbose,1.0
tab_fact,tabfact_2-18772558-15.html.csv_119,boolean,tagged,1.0
tab_fact,tabfact_2-18772558-15.html.csv_119,boolean,paraphrase,0.95
tab_fact,tabfact_2-18772558-15.html.csv_119,boolean,flip,0.0
tab_fact,tabfact_2-18772558-15.html.csv_119,boolean,no_answer,0.0
tab_fact,tabfact_2-18772558-15.html.csv_119,boolean,hedge,0.3
tab_fact,tabfact_2-18772558-15.html.csv_120,boolean,identity,1.0
tab_fact,tabfact_2-18772558-15.html.csv_120,boolean,verbose,1.0
tab_fact,tabfact_2-18772558-15.html.csv_120,boolean,tagged,1.0
tab_fact,tabfact_2-18772558-15.html.csv_120,boolean,paraphrase,0.95
tab_fact,tabfact_2-18772558-15.html.csv_120,boolean,flip,0.0
tab_fact,tabfact_2-18772558-15.html.csv_120,boolean,no_answer,0.0
tab_fact,tabfact_2-18772558-15.html.csv_120,boolean,hedge,0.3
tab_fact,tabfact_2-18908447-1.html.csv_77,boolean,identity,1.0
tab_fact,tabfact_2-18908447-1.html.csv_77,boolean,verbose,1.0
tab_fact,tabfact_2-18908447-1.html.csv_77,boolean,tagged,1.0
tab_fact,tabfact_2-18908447-1.html.csv_77,boolean,paraphrase,0.95
tab_fact,tabfact_2-18908447-1.html.csv_77,boolean,flip,0.0
tab_fact,tabfact_2-18908447-1.html.csv_77,boolean,no_answer,0.0
tab_fact,tabfact_2-18908447-1.html.csv_77,boolean,hedge,0.3
tab_fact,tabfact_2-18975610-3.html.csv_100,boolean,identity,1.0
tab_fact,tabfact_2-18975610-3.html.csv_100,boolean,verbose,1.0
tab_fact,tabfact_2-18975610-3.html.csv_100,boolean,tagged,1.0
tab_fact,tabfact_2-18975610-3.html.csv_100,boolean,paraphrase,0.95
tab_fact,tabfact_2-18975610-3.html.csv_100,boolean,flip,0.0
tab_fact,tabfact_2-18975610-3.html.csv_100,boolean,no_answer,0.0
tab_fact,tabfact_2-18975610-3.html.csv_100,boolean,hedge,0.3
financebench,financebench_id_00283,numeric,identity,1.0
financebench,financebench_id_00283,numeric,verbose,1.0
financebench,financebench_id_00283,numeric,tagged,1.0
financebench,financebench_id_00283,numeric,paraphrase,0.95
financebench,financebench_id_00283,numeric,unit_variant,1.0
financebench,financebench_id_00283,numeric,near_miss_small,0.75
financebench,financebench_id_00283,numeric,near_miss_medium,0.45
financebench,financebench_id_00283,numeric,near_miss_large,0.15
financebench,financebench_id_00283,numeric,digit_typo,0.2
financebench,financebench_id_00283,numeric,magnitude,0.05
financebench,financebench_id_00283,numeric,sign_flip,0.05
financebench,financebench_id_00283,numeric,wrong_random,0.0
financebench,financebench_id_00283,numeric,no_answer,0.0
financebench,financebench_id_00283,numeric,hedge,0.3
financebench,financebench_id_00283,numeric,list_dump,0.25
financebench,financebench_id_00299,text,identity,1.0
financebench,financebench_id_00299,text,verbose,1.0
financebench,financebench_id_00299,text,tagged,1.0
financebench,financebench_id_00299,text,paraphrase,0.95
financebench,financebench_id_00299,text,partial,0.5
financebench,financebench_id_00299,text,superset,0.6
financebench,financebench_id_00299,text,typo,0.6
financebench,financebench_id_00299,text,wrong_random,0.0
financebench,financebench_id_00299,text,no_answer,0.0
financebench,financebench_id_00299,text,hedge,0.3
financebench,financebench_id_00299,text,list_dump,0.25
financebench,financebench_id_00407,freeform,identity,1.0
financebench,financebench_id_00407,freeform,verbose,1.0
financebench,financebench_id_00407,freeform,tagged,1.0
financebench,financebench_id_00407,freeform,paraphrase,0.95
financebench,financebench_id_00407,freeform,partial,0.5
financebench,financebench_id_00407,freeform,superset,0.6
financebench,financebench_id_00407,freeform,shuffled,0.4
financebench,financebench_id_00407,freeform,wrong_random,0.0
financebench,financebench_id_00407,freeform,no_answer,0.0
financebench,financebench_id_00407,freeform,list_dump,0.25
financebench,financebench_id_00438,freeform,identity,1.0
financebench,financebench_id_00438,freeform,verbose,1.0
financebench,financebench_id_00438,freeform,tagged,1.0
financebench,financebench_id_00438,freeform,paraphrase,0.95
financebench,financebench_id_00438,freeform,partial,0.5
financebench,financebench_id_00438,freeform,superset,0.6
financebench,financebench_id_00438,freeform,shuffled,0.4
financebench,financebench_id_00438,freeform,wrong_random,0.0
financebench,financebench_id_00438,freeform,no_answer,0.0
financebench,financebench_id_00438,freeform,list_dump,0.25
financebench,financebench_id_00476,text,identity,1.0
financebench,financebench_id_00476,text,verbose,1.0
financebench,financebench_id_00476,text,tagged,1.0
financebench,financebench_id_00476,text,paraphrase,0.95
financebench,financebench_id_00476,text,partial,0.5
financebench,financebench_id_00476,text,superset,0.6
financebench,financebench_id_00476,text,typo,0.6
financebench,financebench_id_00476,text,wrong_random,0.0
financebench,financebench_id_00476,text,no_answer,0.0
financebench,financebench_id_00476,text,hedge,0.3
financebench,financebench_id_00476,text,list_dump,0.25
financebench,financebench_id_00499,freeform,identity,1.0
financebench,financebench_id_00499,freeform,verbose,1.0
financebench,financebench_id_00499,freeform,tagged,1.0
financebench,financebench_id_00499,freeform,paraphrase,0.95
financebench,financebench_id_00499,freeform,partial,0.5
financebench,financebench_id_00499,freeform,superset,0.6
financebench,financebench_id_00499,freeform,shuffled,0.4
financebench,financebench_id_00499,freeform,wrong_random,0.0
financebench,financebench_id_00499,freeform,no_answer,0.0
financebench,financebench_id_00499,freeform,list_dump,0.25
financebench,financebench_id_00563,text,identity,1.0
financebench,financebench_id_00563,text,verbose,1.0
financebench,financebench_id_00563,text,tagged,1.0
financebench,financebench_id_00563,text,paraphrase,0.95
financebench,financebench_id_00563,text,partial,0.5
financebench,financebench_id_00563,text,superset,0.6
financebench,financebench_id_00563,text,typo,0.6
financebench,financebench_id_00563,text,wrong_random,0.0
financebench,financebench_id_00563,text,no_answer,0.0
financebench,financebench_id_00563,text,hedge,0.3
financebench,financebench_id_00563,text,list_dump,0.25
financebench,financebench_id_00566,text,identity,1.0
financebench,financebench_id_00566,text,verbose,1.0
financebench,financebench_id_00566,text,tagged,1.0
financebench,financebench_id_00566,text,paraphrase,0.95
financebench,financebench_id_00566,text,partial,0.5
financebench,financebench_id_00566,text,superset,0.6
financebench,financebench_id_00566,text,typo,0.6
financebench,financebench_id_00566,text,wrong_random,0.0
financebench,financebench_id_00566,text,no_answer,0.0
financebench,financebench_id_00566,text,hedge,0.3
financebench,financebench_id_00566,text,list_dump,0.25
financebench,financebench_id_00601,freeform,identity,1.0
financebench,financebench_id_00601,freeform,verbose,1.0
financebench,financebench_id_00601,freeform,tagged,1.0
financebench,financebench_id_00601,freeform,paraphrase,0.95
financebench,financebench_id_00601,freeform,partial,0.5
financebench,financebench_id_00601,freeform,superset,0.6
financebench,financebench_id_00601,freeform,shuffled,0.4
financebench,financebench_id_00601,freeform,wrong_random,0.0
financebench,financebench_id_00601,freeform,no_answer,0.0
financebench,financebench_id_00601,freeform,list_dump,0.25
financebench,financebench_id_00651,freeform,identity,1.0
financebench,financebench_id_00651,freeform,verbose,1.0
financebench,financebench_id_00651,freeform,tagged,1.0
financebench,financebench_id_00651,freeform,paraphrase,0.95
financebench,financebench_id_00651,freeform,partial,0.5
financebench,financebench_id_00651,freeform,superset,0.6
financebench,financebench_id_00651,freeform,shuffled,0.4
financebench,financebench_id_00651,freeform,wrong_random,0.0
financebench,financebench_id_00651,freeform,no_answer,0.0
financebench,financebench_id_00651,freeform,list_dump,0.25
financebench,financebench_id_00702,freeform,identity,1.0
financebench,financebench_id_00702,freeform,verbose,1.0
financebench,financebench_id_00702,freeform,tagged,1.0
financebench,financebench_id_00702,freeform,paraphrase,0.95
financebench,financebench_id_00702,freeform,partial,0.5
financebench,financebench_id_00702,freeform,superset,0.6
financebench,financebench_id_00702,freeform,shuffled,0.4
financebench,financebench_id_00702,freeform,wrong_random,0.0
financebench,financebench_id_00702,freeform,no_answer,0.0
financebench,financebench_id_00702,freeform,list_dump,0.25
financebench,financebench_id_00711,freeform,identity,1.0
financebench,financebench_id_00711,freeform,verbose,1.0
financebench,financebench_id_00711,freeform,tagged,1.0
financebench,financebench_id_00711,freeform,paraphrase,0.95
financebench,financebench_id_00711,freeform,partial,0.5
financebench,financebench_id_00711,freeform,superset,0.6
financebench,financebench_id_00711,freeform,shuffled,0.4
financebench,financebench_id_00711,freeform,wrong_random,0.0
financebench,financebench_id_00711,freeform,no_answer,0.0
financebench,financebench_id_00711,freeform,list_dump,0.25
financebench,financebench_id_00720,text,identity,1.0
financebench,financebench_id_00720,text,verbose,1.0
financebench,financebench_id_00720,text,tagged,1.0
financebench,financebench_id_00720,text,paraphrase,0.95
financebench,financebench_id_00720,text,partial,0.5
financebench,financebench_id_00720,text,superset,0.6
financebench,financebench_id_00720,text,typo,0.6
financebench,financebench_id_00720,text,wrong_random,0.0
financebench,financebench_id_00720,text,no_answer,0.0
financebench,financebench_id_00720,text,hedge,0.3
financebench,financebench_id_00720,text,list_dump,0.25
financebench,financebench_id_00723,text,identity,1.0
financebench,financebench_id_00723,text,verbose,1.0
financebench,financebench_id_00723,text,tagged,1.0
financebench,financebench_id_00723,text,paraphrase,0.95
financebench,financebench_id_00723,text,partial,0.5
financebench,financebench_id_00723,text,superset,0.6
financebench,financebench_id_00723,text,typo,0.6
financebench,financebench_id_00723,text,wrong_random,0.0
financebench,financebench_id_00723,text,no_answer,0.0
financebench,financebench_id_00723,text,hedge,0.3
financebench,financebench_id_00723,text,list_dump,0.25
financebench,financebench_id_00724,text,identity,1.0
financebench,financebench_id_00724,text,verbose,1.0
financebench,financebench_id_00724,text,tagged,1.0
financebench,financebench_id_00724,text,paraphrase,0.95
financebench,financebench_id_00724,text,partial,0.5
financebench,financebench_id_00724,text,superset,0.6
financebench,financebench_id_00724,text,typo,0.6
financebench,financebench_id_00724,text,wrong_random,0.0
financebench,financebench_id_00724,text,no_answer,0.0
financebench,financebench_id_00724,text,hedge,0.3
financebench,financebench_id_00724,text,list_dump,0.25
financebench,financebench_id_01028,text,identity,1.0
financebench,financebench_id_01028,text,verbose,1.0
financebench,financebench_id_01028,text,tagged,1.0
financebench,financebench_id_01028,text,paraphrase,0.95
financebench,financebench_id_01028,text,partial,0.5
financebench,financebench_id_01028,text,superset,0.6
financebench,financebench_id_01028,text,typo,0.6
financebench,financebench_id_01028,text,wrong_random,0.0
financebench,financebench_id_01028,text,no_answer,0.0
financebench,financebench_id_01028,text,hedge,0.3
financebench,financebench_id_01028,text,list_dump,0.25
financebench,financebench_id_01198,freeform,identity,1.0
financebench,financebench_id_01198,freeform,verbose,1.0
financebench,financebench_id_01198,freeform,tagged,1.0
financebench,financebench_id_01198,freeform,paraphrase,0.95
financebench,financebench_id_01198,freeform,partial,0.5
financebench,financebench_id_01198,freeform,superset,0.6
financebench,financebench_id_01198,freeform,shuffled,0.4
financebench,financebench_id_01198,freeform,wrong_random,0.0
financebench,financebench_id_01198,freeform,no_answer,0.0
financebench,financebench_id_01198,freeform,list_dump,0.25
financebench,financebench_id_01275,freeform,identity,1.0
financebench,financebench_id_01275,freeform,verbose,1.0
financebench,financebench_id_01275,freeform,tagged,1.0
financebench,financebench_id_01275,freeform,paraphrase,0.95
financebench,financebench_id_01275,freeform,partial,0.5
financebench,financebench_id_01275,freeform,superset,0.6
financebench,financebench_id_01275,freeform,shuffled,0.4
financebench,financebench_id_01275,freeform,wrong_random,0.0
financebench,financebench_id_01275,freeform,no_answer,0.0
financebench,financebench_id_01275,freeform,list_dump,0.25
financebench,financebench_id_01279,freeform,identity,1.0
financebench,financebench_id_01279,freeform,verbose,1.0
financebench,financebench_id_01279,freeform,tagged,1.0
financebench,financebench_id_01279,freeform,paraphrase,0.95
financebench,financebench_id_01279,freeform,partial,0.5
financebench,financebench_id_01279,freeform,superset,0.6
financebench,financebench_id_01279,freeform,shuffled,0.4
financebench,financebench_id_01279,freeform,wrong_random,0.0
financebench,financebench_id_01279,freeform,no_answer,0.0
financebench,financebench_id_01279,freeform,list_dump,0.25
financebench,financebench_id_01328,freeform,identity,1.0
financebench,financebench_id_01328,freeform,verbose,1.0
financebench,financebench_id_01328,freeform,tagged,1.0
financebench,financebench_id_01328,freeform,paraphrase,0.95
financebench,financebench_id_01328,freeform,partial,0.5
financebench,financebench_id_01328,freeform,superset,0.6
financebench,financebench_id_01328,freeform,shuffled,0.4
financebench,financebench_id_01328,freeform,wrong_random,0.0
financebench,financebench_id_01328,freeform,no_answer,0.0
financebench,financebench_id_01328,freeform,list_dump,0.25
financebench,financebench_id_01474,text,identity,1.0
financebench,financebench_id_01474,text,verbose,1.0
financebench,financebench_id_01474,text,tagged,1.0
financebench,financebench_id_01474,text,paraphrase,0.95
financebench,financebench_id_01474,text,partial,0.5
financebench,financebench_id_01474,text,superset,0.6
financebench,financebench_id_01474,text,typo,0.6
financebench,financebench_id_01474,text,wrong_random,0.0
financebench,financebench_id_01474,text,no_answer,0.0
financebench,financebench_id_01474,text,hedge,0.3
financebench,financebench_id_01474,text,list_dump,0.25
financebench,financebench_id_01482,freeform,identity,1.0
financebench,financebench_id_01482,freeform,verbose,1.0
financebench,financebench_id_01482,freeform,tagged,1.0
financebench,financebench_id_01482,freeform,paraphrase,0.95
financebench,financebench_id_01482,freeform,partial,0.5
financebench,financebench_id_01482,freeform,superset,0.6
financebench,financebench_id_01482,freeform,shuffled,0.4
financebench,financebench_id_01482,freeform,wrong_random,0.0
financebench,financebench_id_01482,freeform,no_answer,0.0
financebench,financebench_id_01482,freeform,list_dump,0.25
financebench,financebench_id_01490,freeform,identity,1.0
financebench,financebench_id_01490,freeform,verbose,1.0
financebench,financebench_id_01490,freeform,tagged,1.0
financebench,financebench_id_01490,freeform,paraphrase,0.95
financebench,financebench_id_01490,freeform,partial,0.5
financebench,financebench_id_01490,freeform,superset,0.6
financebench,financebench_id_01490,freeform,shuffled,0.4
financebench,financebench_id_01490,freeform,wrong_random,0.0
financebench,financebench_id_01490,freeform,no_answer,0.0
financebench,financebench_id_01490,freeform,list_dump,0.25
financebench,financebench_id_01865,text,identity,1.0
financebench,financebench_id_01865,text,verbose,1.0
financebench,financebench_id_01865,text,tagged,1.0
financebench,financebench_id_01865,text,paraphrase,0.95
financebench,financebench_id_01865,text,partial,0.5
financebench,financebench_id_01865,text,superset,0.6
financebench,financebench_id_01865,text,typo,0.6
financebench,financebench_id_01865,text,wrong_random,0.0
financebench,financebench_id_01865,text,no_answer,0.0
financebench,financebench_id_01865,text,hedge,0.3
financebench,financebench_id_01865,text,list_dump,0.25
financebench,financebench_id_01964,text,identity,1.0
financebench,financebench_id_01964,text,verbose,1.0
financebench,financebench_id_01964,text,tagged,1.0
financebench,financebench_id_01964,text,paraphrase,0.95
financebench,financebench_id_01964,text,partial,0.5
financebench,financebench_id_01964,text,superset,0.6
financebench,financebench_id_01964,text,typo,0.6
financebench,financebench_id_01964,text,wrong_random,0.0
financebench,financebench_id_01964,text,no_answer,0.0
financebench,financebench_id_01964,text,hedge,0.3
financebench,financebench_id_01964,text,list_dump,0.25
financebench,financebench_id_01981,boolean,identity,1.0
financebench,financebench_id_01981,boolean,verbose,1.0
financebench,financebench_id_01981,boolean,tagged,1.0
financebench,financebench_id_01981,boolean,paraphrase,0.95
financebench,financebench_id_01981,boolean,flip,0.0
financebench,financebench_id_01981,boolean,no_answer,0.0
financebench,financebench_id_01981,boolean,hedge,0.3
financebench,financebench_id_02049,text,identity,1.0
financebench,financebench_id_02049,text,verbose,1.0
financebench,financebench_id_02049,text,tagged,1.0
financebench,financebench_id_02049,text,paraphrase,0.95
financebench,financebench_id_02049,text,partial,0.5
financebench,financebench_id_02049,text,superset,0.6
financebench,financebench_id_02049,text,typo,0.6
financebench,financebench_id_02049,text,wrong_random,0.0
financebench,financebench_id_02049,text,no_answer,0.0
financebench,financebench_id_02049,text,hedge,0.3
financebench,financebench_id_02049,text,list_dump,0.25
financebench,financebench_id_02419,text,identity,1.0
financebench,financebench_id_02419,text,verbose,1.0
financebench,financebench_id_02419,text,tagged,1.0
financebench,financebench_id_02419,text,paraphrase,0.95
financebench,financebench_id_02419,text,partial,0.5
financebench,financebench_id_02419,text,superset,0.6
financebench,financebench_id_02419,text,typo,0.6
financebench,financebench_id_02419,text,wrong_random,0.0
financebench,financebench_id_02419,text,no_answer,0.0
financebench,financebench_id_02419,text,hedge,0.3
financebench,financebench_id_02419,text,list_dump,0.25
financebench,financebench_id_03718,numeric,identity,1.0
financebench,financebench_id_03718,numeric,verbose,1.0
financebench,financebench_id_03718,numeric,tagged,1.0
financebench,financebench_id_03718,numeric,paraphrase,0.95
financebench,financebench_id_03718,numeric,unit_variant,1.0
financebench,financebench_id_03718,numeric,near_miss_small,0.75
financebench,financebench_id_03718,numeric,near_miss_medium,0.45
financebench,financebench_id_03718,numeric,near_miss_large,0.15
financebench,financebench_id_03718,numeric,digit_typo,0.2
financebench,financebench_id_03718,numeric,magnitude,0.05
financebench,financebench_id_03718,numeric,sign_flip,0.05
financebench,financebench_id_03718,numeric,wrong_random,0.0
financebench,financebench_id_03718,numeric,no_answer,0.0
financebench,financebench_id_03718,numeric,hedge,0.3
financebench,financebench_id_03718,numeric,list_dump,0.25
financebench,financebench_id_03838,numeric,identity,1.0
financebench,financebench_id_03838,numeric,verbose,1.0
financebench,financebench_id_03838,numeric,tagged,1.0
financebench,financebench_id_03838,numeric,paraphrase,0.95
financebench,financebench_id_03838,numeric,unit_variant,1.0
financebench,financebench_id_03838,numeric,near_miss_small,0.75
financebench,financebench_id_03838,numeric,near_miss_medium,0.45
financebench,financebench_id_03838,numeric,near_miss_large,0.15
financebench,financebench_id_03838,numeric,digit_typo,0.2
financebench,financebench_id_03838,numeric,magnitude,0.05
financebench,financebench_id_03838,numeric,sign_flip,0.05
financebench,financebench_id_03838,numeric,wrong_random,0.0
financebench,financebench_id_03838,numeric,no_answer,0.0
financebench,financebench_id_03838,numeric,hedge,0.3
financebench,financebench_id_03838,numeric,list_dump,0.25
financebench,financebench_id_03849,numeric,identity,1.0
financebench,financebench_id_03849,numeric,verbose,1.0
financebench,financebench_id_03849,numeric,tagged,1.0
financebench,financebench_id_03849,numeric,paraphrase,0.95
financebench,financebench_id_03849,numeric,unit_variant,1.0
financebench,financebench_id_03849,numeric,near_miss_small,0.75
financebench,financebench_id_03849,numeric,near_miss_medium,0.45
financebench,financebench_id_03849,numeric,near_miss_large,0.15
financebench,financebench_id_03849,numeric,digit_typo,0.2
financebench,financebench_id_03849,numeric,magnitude,0.05
financebench,financebench_id_03849,numeric,sign_flip,0.05
financebench,financebench_id_03849,numeric,wrong_random,0.0
financebench,financebench_id_03849,numeric,no_answer,0.0
financebench,financebench_id_03849,numeric,hedge,0.3
financebench,financebench_id_03849,numeric,list_dump,0.25
financebench,financebench_id_03882,numeric,identity,1.0
financebench,financebench_id_03882,numeric,verbose,1.0
financebench,financebench_id_03882,numeric,tagged,1.0
financebench,financebench_id_03882,numeric,paraphrase,0.95
financebench,financebench_id_03882,numeric,unit_variant,1.0
financebench,financebench_id_03882,numeric,near_miss_small,0.75
financebench,financebench_id_03882,numeric,near_miss_medium,0.45
financebench,financebench_id_03882,numeric,near_miss_large,0.15
financebench,financebench_id_03882,numeric,digit_typo,0.2
financebench,financebench_id_03882,numeric,magnitude,0.05
financebench,financebench_id_03882,numeric,sign_flip,0.05
financebench,financebench_id_03882,numeric,wrong_random,0.0
financebench,financebench_id_03882,numeric,no_answer,0.0
financebench,financebench_id_03882,numeric,hedge,0.3
financebench,financebench_id_03882,numeric,list_dump,0.25
financebench,financebench_id_04103,numeric,identity,1.0
financebench,financebench_id_04103,numeric,verbose,1.0
financebench,financebench_id_04103,numeric,tagged,1.0
financebench,financebench_id_04103,numeric,paraphrase,0.95
financebench,financebench_id_04103,numeric,unit_variant,1.0
financebench,financebench_id_04103,numeric,near_miss_small,0.75
financebench,financebench_id_04103,numeric,near_miss_medium,0.45
financebench,financebench_id_04103,numeric,near_miss_large,0.15
financebench,financebench_id_04103,numeric,digit_typo,0.2
financebench,financebench_id_04103,numeric,magnitude,0.05
financebench,financebench_id_04103,numeric,sign_flip,0.05
financebench,financebench_id_04103,numeric,wrong_random,0.0
financebench,financebench_id_04103,numeric,no_answer,0.0
financebench,financebench_id_04103,numeric,hedge,0.3
financebench,financebench_id_04103,numeric,list_dump,0.25
financebench,financebench_id_04302,numeric,identity,1.0
financebench,financebench_id_04302,numeric,verbose,1.0
financebench,financebench_id_04302,numeric,tagged,1.0
financebench,financebench_id_04302,numeric,paraphrase,0.95
financebench,financebench_id_04302,numeric,unit_variant,1.0
financebench,financebench_id_04302,numeric,near_miss_small,0.75
financebench,financebench_id_04302,numeric,near_miss_medium,0.45
financebench,financebench_id_04302,numeric,near_miss_large,0.15
financebench,financebench_id_04302,numeric,digit_typo,0.2
financebench,financebench_id_04302,numeric,magnitude,0.05
financebench,financebench_id_04302,numeric,sign_flip,0.05
financebench,financebench_id_04302,numeric,wrong_random,0.0
financebench,financebench_id_04302,numeric,no_answer,0.0
financebench,financebench_id_04302,numeric,hedge,0.3
financebench,financebench_id_04302,numeric,list_dump,0.25
financebench,financebench_id_04417,numeric,identity,1.0
financebench,financebench_id_04417,numeric,verbose,1.0
financebench,financebench_id_04417,numeric,tagged,1.0
financebench,financebench_id_04417,numeric,paraphrase,0.95
financebench,financebench_id_04417,numeric,unit_variant,1.0
financebench,financebench_id_04417,numeric,near_miss_small,0.75
financebench,financebench_id_04417,numeric,near_miss_medium,0.45
financebench,financebench_id_04417,numeric,near_miss_large,0.15
financebench,financebench_id_04417,numeric,digit_typo,0.2
financebench,financebench_id_04417,numeric,magnitude,0.05
financebench,financebench_id_04417,numeric,sign_flip,0.05
financebench,financebench_id_04417,numeric,wrong_random,0.0
financebench,financebench_id_04417,numeric,no_answer,0.0
financebench,financebench_id_04417,numeric,hedge,0.3
financebench,financebench_id_04417,numeric,list_dump,0.25
financebench,financebench_id_04672,numeric,identity,1.0
financebench,financebench_id_04672,numeric,verbose,1.0
financebench,financebench_id_04672,numeric,tagged,1.0
financebench,financebench_id_04672,numeric,paraphrase,0.95
financebench,financebench_id_04672,numeric,unit_variant,1.0
financebench,financebench_id_04672,numeric,near_miss_small,0.75
financebench,financebench_id_04672,numeric,near_miss_medium,0.45
financebench,financebench_id_04672,numeric,near_miss_large,0.15
financebench,financebench_id_04672,numeric,digit_typo,0.2
financebench,financebench_id_04672,numeric,magnitude,0.05
financebench,financebench_id_04672,numeric,sign_flip,0.05
financebench,financebench_id_04672,numeric,wrong_random,0.0
financebench,financebench_id_04672,numeric,no_answer,0.0
financebench,financebench_id_04672,numeric,hedge,0.3
financebench,financebench_id_04672,numeric,list_dump,0.25
financebench,financebench_id_04784,numeric,identity,1.0
financebench,financebench_id_04784,numeric,verbose,1.0
financebench,financebench_id_04784,numeric,tagged,1.0
financebench,financebench_id_04784,numeric,paraphrase,0.95
financebench,financebench_id_04784,numeric,unit_variant,1.0
financebench,financebench_id_04784,numeric,near_miss_small,0.75
financebench,financebench_id_04784,numeric,near_miss_medium,0.45
financebench,financebench_id_04784,numeric,near_miss_large,0.15
financebench,financebench_id_04784,numeric,digit_typo,0.2
financebench,financebench_id_04784,numeric,magnitude,0.05
financebench,financebench_id_04784,numeric,sign_flip,0.05
financebench,financebench_id_04784,numeric,wrong_random,0.0
financebench,financebench_id_04784,numeric,no_answer,0.0
financebench,financebench_id_04784,numeric,hedge,0.3
financebench,financebench_id_04784,numeric,list_dump,0.25
financebench,financebench_id_05915,numeric,identity,1.0
financebench,financebench_id_05915,numeric,verbose,1.0
financebench,financebench_id_05915,numeric,tagged,1.0
financebench,financebench_id_05915,numeric,paraphrase,0.95
financebench,financebench_id_05915,numeric,unit_variant,1.0
financebench,financebench_id_05915,numeric,near_miss_small,0.75
financebench,financebench_id_05915,numeric,near_miss_medium,0.45
financebench,financebench_id_05915,numeric,near_miss_large,0.15
financebench,financebench_id_05915,numeric,digit_typo,0.2
financebench,financebench_id_05915,numeric,magnitude,0.05
financebench,financebench_id_05915,numeric,sign_flip,0.05
financebench,financebench_id_05915,numeric,wrong_random,0.0
financebench,financebench_id_05915,numeric,no_answer,0.0
financebench,financebench_id_05915,numeric,hedge,0.3
financebench,financebench_id_05915,numeric,list_dump,0.25
financebench,financebench_id_10136,numeric,identity,1.0
financebench,financebench_id_10136,numeric,verbose,1.0
financebench,financebench_id_10136,numeric,tagged,1.0
financebench,financebench_id_10136,numeric,paraphrase,0.95
financebench,financebench_id_10136,numeric,unit_variant,1.0
financebench,financebench_id_10136,numeric,near_miss_small,0.75
financebench,financebench_id_10136,numeric,near_miss_medium,0.45
financebench,financebench_id_10136,numeric,near_miss_large,0.15
financebench,financebench_id_10136,numeric,digit_typo,0.2
financebench,financebench_id_10136,numeric,magnitude,0.05
financebench,financebench_id_10136,numeric,sign_flip,0.05
financebench,financebench_id_10136,numeric,wrong_random,0.0
financebench,financebench_id_10136,numeric,no_answer,0.0
financebench,financebench_id_10136,numeric,hedge,0.3
financebench,financebench_id_10136,numeric,list_dump,0.25
financebench,financebench_id_10420,numeric,identity,1.0
financebench,financebench_id_10420,numeric,verbose,1.0
financebench,financebench_id_10420,numeric,tagged,1.0
financebench,financebench_id_10420,numeric,paraphrase,0.95
financebench,financebench_id_10420,numeric,unit_variant,1.0
financebench,financebench_id_10420,numeric,near_miss_small,0.75
financebench,financebench_id_10420,numeric,near_miss_medium,0.45
financebench,financebench_id_10420,numeric,near_miss_large,0.15
financebench,financebench_id_10420,numeric,digit_typo,0.2
financebench,financebench_id_10420,numeric,magnitude,0.05
financebench,financebench_id_10420,numeric,sign_flip,0.05
financebench,financebench_id_10420,numeric,wrong_random,0.0
financebench,financebench_id_10420,numeric,no_answer,0.0
financebench,financebench_id_10420,numeric,hedge,0.3
financebench,financebench_id_10420,numeric,list_dump,0.25
fetaqa,10302,freeform,identity,1.0
fetaqa,10302,freeform,verbose,1.0
fetaqa,10302,freeform,tagged,1.0
fetaqa,10302,freeform,paraphrase,0.95
fetaqa,10302,freeform,partial,0.5
fetaqa,10302,freeform,superset,0.6
fetaqa,10302,freeform,shuffled,0.4
fetaqa,10302,freeform,wrong_random,0.0
fetaqa,10302,freeform,no_answer,0.0
fetaqa,10302,freeform,list_dump,0.25
fetaqa,10324,freeform,identity,1.0
fetaqa,10324,freeform,verbose,1.0
fetaqa,10324,freeform,tagged,1.0
fetaqa,10324,freeform,paraphrase,0.95
fetaqa,10324,freeform,partial,0.5
fetaqa,10324,freeform,superset,0.6
fetaqa,10324,freeform,shuffled,0.4
fetaqa,10324,freeform,wrong_random,0.0
fetaqa,10324,freeform,no_answer,0.0
fetaqa,10324,freeform,list_dump,0.25
fetaqa,10637,freeform,identity,1.0
fetaqa,10637,freeform,verbose,1.0
fetaqa,10637,freeform,tagged,1.0
fetaqa,10637,freeform,paraphrase,0.95
fetaqa,10637,freeform,partial,0.5
fetaqa,10637,freeform,superset,0.6
fetaqa,10637,freeform,shuffled,0.4
fetaqa,10637,freeform,wrong_random,0.0
fetaqa,10637,freeform,no_answer,0.0
fetaqa,10637,freeform,list_dump,0.25
fetaqa,10775,freeform,identity,1.0
fetaqa,10775,freeform,verbose,1.0
fetaqa,10775,freeform,tagged,1.0
fetaqa,10775,freeform,paraphrase,0.95
fetaqa,10775,freeform,partial,0.5
fetaqa,10775,freeform,superset,0.6
fetaqa,10775,freeform,shuffled,0.4
fetaqa,10775,freeform,wrong_random,0.0
fetaqa,10775,freeform,no_answer,0.0
fetaqa,10775,freeform,list_dump,0.25
fetaqa,11439,freeform,identity,1.0
fetaqa,11439,freeform,verbose,1.0
fetaqa,11439,freeform,tagged,1.0
fetaqa,11439,freeform,paraphrase,0.95
fetaqa,11439,freeform,partial,0.5
fetaqa,11439,freeform,superset,0.6
fetaqa,11439,freeform,shuffled,0.4
fetaqa,11439,freeform,wrong_random,0.0
fetaqa,11439,freeform,no_answer,0.0
fetaqa,11439,freeform,list_dump,0.25
fetaqa,11678,freeform,identity,1.0
fetaqa,11678,freeform,verbose,1.0
fetaqa,11678,freeform,tagged,1.0
fetaqa,11678,freeform,paraphrase,0.95
fetaqa,11678,freeform,partial,0.5
fetaqa,11678,freeform,superset,0.6
fetaqa,11678,freeform,shuffled,0.4
fetaqa,11678,freeform,wrong_random,0.0
fetaqa,11678,freeform,no_answer,0.0
fetaqa,11678,freeform,list_dump,0.25
fetaqa,12132,freeform,identity,1.0
fetaqa,12132,freeform,verbose,1.0
fetaqa,12132,freeform,tagged,1.0
fetaqa,12132,freeform,paraphrase,0.95
fetaqa,12132,freeform,partial,0.5
fetaqa,12132,freeform,superset,0.6
fetaqa,12132,freeform,shuffled,0.4
fetaqa,12132,freeform,wrong_random,0.0
fetaqa,12132,freeform,no_answer,0.0
fetaqa,12132,freeform,list_dump,0.25
fetaqa,12524,freeform,identity,1.0
fetaqa,12524,freeform,verbose,1.0
fetaqa,12524,freeform,tagged,1.0
fetaqa,12524,freeform,paraphrase,0.95
fetaqa,12524,freeform,partial,0.5
fetaqa,12524,freeform,superset,0.6
fetaqa,12524,freeform,shuffled,0.4
fetaqa,12524,freeform,wrong_random,0.0
fetaqa,12524,freeform,no_answer,0.0
fetaqa,12524,freeform,list_dump,0.25
fetaqa,1282,freeform,identity,1.0
fetaqa,1282,freeform,verbose,1.0
fetaqa,1282,freeform,tagged,1.0
fetaqa,1282,freeform,paraphrase,0.95
fetaqa,1282,freeform,partial,0.5
fetaqa,1282,freeform,superset,0.6
fetaqa,1282,freeform,shuffled,0.4
fetaqa,1282,freeform,wrong_random,0.0
fetaqa,1282,freeform,no_answer,0.0
fetaqa,1282,freeform,list_dump,0.25
fetaqa,12952,freeform,identity,1.0
fetaqa,12952,freeform,verbose,1.0
fetaqa,12952,freeform,tagged,1.0
fetaqa,12952,freeform,paraphrase,0.95
fetaqa,12952,freeform,partial,0.5
fetaqa,12952,freeform,superset,0.6
fetaqa,12952,freeform,shuffled,0.4
fetaqa,12952,freeform,wrong_random,0.0
fetaqa,12952,freeform,no_answer,0.0
fetaqa,12952,freeform,list_dump,0.25
fetaqa,14228,freeform,identity,1.0
fetaqa,14228,freeform,verbose,1.0
fetaqa,14228,freeform,tagged,1.0
fetaqa,14228,freeform,paraphrase,0.95
fetaqa,14228,freeform,partial,0.5
fetaqa,14228,freeform,superset,0.6
fetaqa,14228,freeform,shuffled,0.4
fetaqa,14228,freeform,wrong_random,0.0
fetaqa,14228,freeform,no_answer,0.0
fetaqa,14228,freeform,list_dump,0.25
fetaqa,1438,freeform,identity,1.0
fetaqa,1438,freeform,verbose,1.0
fetaqa,1438,freeform,tagged,1.0
fetaqa,1438,freeform,paraphrase,0.95
fetaqa,1438,freeform,partial,0.5
fetaqa,1438,freeform,superset,0.6
fetaqa,1438,freeform,shuffled,0.4
fetaqa,1438,freeform,wrong_random,0.0
fetaqa,1438,freeform,no_answer,0.0
fetaqa,1438,freeform,list_dump,0.25
fetaqa,1474,freeform,identity,1.0
fetaqa,1474,freeform,verbose,1.0
fetaqa,1474,freeform,tagged,1.0
fetaqa,1474,freeform,paraphrase,0.95
fetaqa,1474,freeform,partial,0.5
fetaqa,1474,freeform,superset,0.6
fetaqa,1474,freeform,shuffled,0.4
fetaqa,1474,freeform,wrong_random,0.0
fetaqa,1474,freeform,no_answer,0.0
fetaqa,1474,freeform,list_dump,0.25
fetaqa,17142,freeform,identity,1.0
fetaqa,17142,freeform,verbose,1.0
fetaqa,17142,freeform,tagged,1.0
fetaqa,17142,freeform,paraphrase,0.95
fetaqa,17142,freeform,partial,0.5
fetaqa,17142,freeform,superset,0.6
fetaqa,17142,freeform,shuffled,0.4
fetaqa,17142,freeform,wrong_random,0.0
fetaqa,17142,freeform,no_answer,0.0
fetaqa,17142,freeform,list_dump,0.25
fetaqa,1731,freeform,identity,1.0
fetaqa,1731,freeform,verbose,1.0
fetaqa,1731,freeform,tagged,1.0
fetaqa,1731,freeform,paraphrase,0.95
fetaqa,1731,freeform,partial,0.5
fetaqa,1731,freeform,superset,0.6
fetaqa,1731,freeform,shuffled,0.4
fetaqa,1731,freeform,wrong_random,0.0
fetaqa,1731,freeform,no_answer,0.0
fetaqa,1731,freeform,list_dump,0.25
fetaqa,1750,freeform,identity,1.0
fetaqa,1750,freeform,verbose,1.0
fetaqa,1750,freeform,tagged,1.0
fetaqa,1750,freeform,paraphrase,0.95
fetaqa,1750,freeform,partial,0.5
fetaqa,1750,freeform,superset,0.6
fetaqa,1750,freeform,shuffled,0.4
fetaqa,1750,freeform,wrong_random,0.0
fetaqa,1750,freeform,no_answer,0.0
fetaqa,1750,freeform,list_dump,0.25
fetaqa,17633,freeform,identity,1.0
fetaqa,17633,freeform,verbose,1.0
fetaqa,17633,freeform,tagged,1.0
fetaqa,17633,freeform,paraphrase,0.95
fetaqa,17633,freeform,partial,0.5
fetaqa,17633,freeform,superset,0.6
fetaqa,17633,freeform,shuffled,0.4
fetaqa,17633,freeform,wrong_random,0.0
fetaqa,17633,freeform,no_answer,0.0
fetaqa,17633,freeform,list_dump,0.25
fetaqa,1811,freeform,identity,1.0
fetaqa,1811,freeform,verbose,1.0
fetaqa,1811,freeform,tagged,1.0
fetaqa,1811,freeform,paraphrase,0.95
fetaqa,1811,freeform,partial,0.5
fetaqa,1811,freeform,superset,0.6
fetaqa,1811,freeform,shuffled,0.4
fetaqa,1811,freeform,wrong_random,0.0
fetaqa,1811,freeform,no_answer,0.0
fetaqa,1811,freeform,list_dump,0.25
fetaqa,20737,freeform,identity,1.0
fetaqa,20737,freeform,verbose,1.0
fetaqa,20737,freeform,tagged,1.0
fetaqa,20737,freeform,paraphrase,0.95
fetaqa,20737,freeform,partial,0.5
fetaqa,20737,freeform,superset,0.6
fetaqa,20737,freeform,shuffled,0.4
fetaqa,20737,freeform,wrong_random,0.0
fetaqa,20737,freeform,no_answer,0.0
fetaqa,20737,freeform,list_dump,0.25
fetaqa,20857,freeform,identity,1.0
fetaqa,20857,freeform,verbose,1.0
fetaqa,20857,freeform,tagged,1.0
fetaqa,20857,freeform,paraphrase,0.95
fetaqa,20857,freeform,partial,0.5
fetaqa,20857,freeform,superset,0.6
fetaqa,20857,freeform,shuffled,0.4
fetaqa,20857,freeform,wrong_random,0.0
fetaqa,20857,freeform,no_answer,0.0
fetaqa,20857,freeform,list_dump,0.25
fetaqa,21091,freeform,identity,1.0
fetaqa,21091,freeform,verbose,1.0
fetaqa,21091,freeform,tagged,1.0
fetaqa,21091,freeform,paraphrase,0.95
fetaqa,21091,freeform,partial,0.5
fetaqa,21091,freeform,superset,0.6
fetaqa,21091,freeform,shuffled,0.4
fetaqa,21091,freeform,wrong_random,0.0
fetaqa,21091,freeform,no_answer,0.0
fetaqa,21091,freeform,list_dump,0.25
fetaqa,21329,freeform,identity,1.0
fetaqa,21329,freeform,verbose,1.0
fetaqa,21329,freeform,tagged,1.0
fetaqa,21329,freeform,paraphrase,0.95
fetaqa,21329,freeform,partial,0.5
fetaqa,21329,freeform,superset,0.6
fetaqa,21329,freeform,shuffled,0.4
fetaqa,21329,freeform,wrong_random,0.0
fetaqa,21329,freeform,no_answer,0.0
fetaqa,21329,freeform,list_dump,0.25
fetaqa,21387,freeform,identity,1.0
fetaqa,21387,freeform,verbose,1.0
fetaqa,21387,freeform,tagged,1.0
fetaqa,21387,freeform,paraphrase,0.95
fetaqa,21387,freeform,partial,0.5
fetaqa,21387,freeform,superset,0.6
fetaqa,21387,freeform,shuffled,0.4
fetaqa,21387,freeform,wrong_random,0.0
fetaqa,21387,freeform,no_answer,0.0
fetaqa,21387,freeform,list_dump,0.25
fetaqa,21411,freeform,identity,1.0
fetaqa,21411,freeform,verbose,1.0
fetaqa,21411,freeform,tagged,1.0
fetaqa,21411,freeform,paraphrase,0.95
fetaqa,21411,freeform,partial,0.5
fetaqa,21411,freeform,superset,0.6
fetaqa,21411,freeform,shuffled,0.4
fetaqa,21411,freeform,wrong_random,0.0
fetaqa,21411,freeform,no_answer,0.0
fetaqa,21411,freeform,list_dump,0.25
fetaqa,21464,freeform,identity,1.0
fetaqa,21464,freeform,verbose,1.0
fetaqa,21464,freeform,tagged,1.0
fetaqa,21464,freeform,paraphrase,0.95
fetaqa,21464,freeform,partial,0.5
fetaqa,21464,freeform,superset,0.6
fetaqa,21464,freeform,shuffled,0.4
fetaqa,21464,freeform,wrong_random,0.0
fetaqa,21464,freeform,no_answer,0.0
fetaqa,21464,freeform,list_dump,0.25
fetaqa,21517,freeform,identity,1.0
fetaqa,21517,freeform,verbose,1.0
fetaqa,21517,freeform,tagged,1.0
fetaqa,21517,freeform,paraphrase,0.95
fetaqa,21517,freeform,partial,0.5
fetaqa,21517,freeform,superset,0.6
fetaqa,21517,freeform,shuffled,0.4
fetaqa,21517,freeform,wrong_random,0.0
fetaqa,21517,freeform,no_answer,0.0
fetaqa,21517,freeform,list_dump,0.25
fetaqa,21680,freeform,identity,1.0
fetaqa,21680,freeform,verbose,1.0
fetaqa,21680,freeform,tagged,1.0
fetaqa,21680,freeform,paraphrase,0.95
fetaqa,21680,freeform,partial,0.5
fetaqa,21680,freeform,superset,0.6
fetaqa,21680,freeform,shuffled,0.4
fetaqa,21680,freeform,wrong_random,0.0
fetaqa,21680,freeform,no_answer,0.0
fetaqa,21680,freeform,list_dump,0.25
fetaqa,2277,freeform,identity,1.0
fetaqa,2277,freeform,verbose,1.0
fetaqa,2277,freeform,tagged,1.0
fetaqa,2277,freeform,paraphrase,0.95
fetaqa,2277,freeform,partial,0.5
fetaqa,2277,freeform,superset,0.6
fetaqa,2277,freeform,shuffled,0.4
fetaqa,2277,freeform,wrong_random,0.0
fetaqa,2277,freeform,no_answer,0.0
fetaqa,2277,freeform,list_dump,0.25
fetaqa,403,freeform,identity,1.0
fetaqa,403,freeform,verbose,1.0
fetaqa,403,freeform,tagged,1.0
fetaqa,403,freeform,paraphrase,0.95
fetaqa,403,freeform,partial,0.5
fetaqa,403,freeform,superset,0.6
fetaqa,403,freeform,shuffled,0.4
fetaqa,403,freeform,wrong_random,0.0
fetaqa,403,freeform,no_answer,0.0
fetaqa,403,freeform,list_dump,0.25
fetaqa,550,freeform,identity,1.0
fetaqa,550,freeform,verbose,1.0
fetaqa,550,freeform,tagged,1.0
fetaqa,550,freeform,paraphrase,0.95
fetaqa,550,freeform,partial,0.5
fetaqa,550,freeform,superset,0.6
fetaqa,550,freeform,shuffled,0.4
fetaqa,550,freeform,wrong_random,0.0
fetaqa,550,freeform,no_answer,0.0
fetaqa,550,freeform,list_dump,0.25
fetaqa,554,freeform,identity,1.0
fetaqa,554,freeform,verbose,1.0
fetaqa,554,freeform,tagged,1.0
fetaqa,554,freeform,paraphrase,0.95
fetaqa,554,freeform,partial,0.5
fetaqa,554,freeform,superset,0.6
fetaqa,554,freeform,shuffled,0.4
fetaqa,554,freeform,wrong_random,0.0
fetaqa,554,freeform,no_answer,0.0
fetaqa,554,freeform,list_dump,0.25
fetaqa,674,freeform,identity,1.0
fetaqa,674,freeform,verbose,1.0
fetaqa,674,freeform,tagged,1.0
fetaqa,674,freeform,paraphrase,0.95
fetaqa,674,freeform,partial,0.5
fetaqa,674,freeform,superset,0.6
fetaqa,674,freeform,shuffled,0.4
fetaqa,674,freeform,wrong_random,0.0
fetaqa,674,freeform,no_answer,0.0
fetaqa,674,freeform,list_dump,0.25
fetaqa,761,freeform,identity,1.0
fetaqa,761,freeform,verbose,1.0
fetaqa,761,freeform,tagged,1.0
fetaqa,761,freeform,paraphrase,0.95
fetaqa,761,freeform,partial,0.5
fetaqa,761,freeform,superset,0.6
fetaqa,761,freeform,shuffled,0.4
fetaqa,761,freeform,wrong_random,0.0
fetaqa,761,freeform,no_answer,0.0
fetaqa,761,freeform,list_dump,0.25
fetaqa,8017,freeform,identity,1.0
fetaqa,8017,freeform,verbose,1.0
fetaqa,8017,freeform,tagged,1.0
fetaqa,8017,freeform,paraphrase,0.95
fetaqa,8017,freeform,partial,0.5
fetaqa,8017,freeform,superset,0.6
fetaqa,8017,freeform,shuffled,0.4
fetaqa,8017,freeform,wrong_random,0.0
fetaqa,8017,freeform,no_answer,0.0
fetaqa,8017,freeform,list_dump,0.25
fetaqa,815,freeform,identity,1.0
fetaqa,815,freeform,verbose,1.0
fetaqa,815,freeform,tagged,1.0
fetaqa,815,freeform,paraphrase,0.95
fetaqa,815,freeform,partial,0.5
fetaqa,815,freeform,superset,0.6
fetaqa,815,freeform,shuffled,0.4
fetaqa,815,freeform,wrong_random,0.0
fetaqa,815,freeform,no_answer,0.0
fetaqa,815,freeform,list_dump,0.25
fetaqa,8302,freeform,identity,1.0
fetaqa,8302,freeform,verbose,1.0
fetaqa,8302,freeform,tagged,1.0
fetaqa,8302,freeform,paraphrase,0.95
fetaqa,8302,freeform,partial,0.5
fetaqa,8302,freeform,superset,0.6
fetaqa,8302,freeform,shuffled,0.4
fetaqa,8302,freeform,wrong_random,0.0
fetaqa,8302,freeform,no_answer,0.0
fetaqa,8302,freeform,list_dump,0.25
fetaqa,8394,freeform,identity,1.0
fetaqa,8394,freeform,verbose,1.0
fetaqa,8394,freeform,tagged,1.0
fetaqa,8394,freeform,paraphrase,0.95
fetaqa,8394,freeform,partial,0.5
fetaqa,8394,freeform,superset,0.6
fetaqa,8394,freeform,shuffled,0.4
fetaqa,8394,freeform,wrong_random,0.0
fetaqa,8394,freeform,no_answer,0.0
fetaqa,8394,freeform,list_dump,0.25
fetaqa,9064,freeform,identity,1.0
fetaqa,9064,freeform,verbose,1.0
fetaqa,9064,freeform,tagged,1.0
fetaqa,9064,freeform,paraphrase,0.95
fetaqa,9064,freeform,partial,0.5
fetaqa,9064,freeform,superset,0.6
fetaqa,9064,freeform,shuffled,0.4
fetaqa,9064,freeform,wrong_random,0.0
fetaqa,9064,freeform,no_answer,0.0
fetaqa,9064,freeform,list_dump,0.25
fetaqa,989,freeform,identity,1.0
fetaqa,989,freeform,verbose,1.0
fetaqa,989,freeform,tagged,1.0
fetaqa,989,freeform,paraphrase,0.95
fetaqa,989,freeform,partial,0.5
fetaqa,989,freeform,superset,0.6
fetaqa,989,freeform,shuffled,0.4
fetaqa,989,freeform,wrong_random,0.0
fetaqa,989,freeform,no_answer,0.0
fetaqa,989,freeform,list_dump,0.25
fetaqa,992,freeform,identity,1.0
fetaqa,992,freeform,verbose,1.0
fetaqa,992,freeform,tagged,1.0
fetaqa,992,freeform,paraphrase,0.95
fetaqa,992,freeform,partial,0.5
fetaqa,992,freeform,superset,0.6
fetaqa,992,freeform,shuffled,0.4
fetaqa,992,freeform,wrong_random,0.0
fetaqa,992,freeform,no_answer,0.0
fetaqa,992,freeform,list_dump,0.25
wikitablequestions,nu-0,text,identity,1.0
wikitablequestions,nu-0,text,verbose,1.0
wikitablequestions,nu-0,text,tagged,1.0
wikitablequestions,nu-0,text,paraphrase,0.95
wikitablequestions,nu-0,text,partial,0.5
wikitablequestions,nu-0,text,superset,0.6
wikitablequestions,nu-0,text,typo,0.6
wikitablequestions,nu-0,text,wrong_random,0.0
wikitablequestions,nu-0,text,no_answer,0.0
wikitablequestions,nu-0,text,hedge,0.3
wikitablequestions,nu-0,text,list_dump,0.25
wikitablequestions,nu-1056,text,identity,1.0
wikitablequestions,nu-1056,text,verbose,1.0
wikitablequestions,nu-1056,text,tagged,1.0
wikitablequestions,nu-1056,text,paraphrase,0.95
wikitablequestions,nu-1056,text,partial,0.5
wikitablequestions,nu-1056,text,superset,0.6
wikitablequestions,nu-1056,text,typo,0.6
wikitablequestions,nu-1056,text,wrong_random,0.0
wikitablequestions,nu-1056,text,no_answer,0.0
wikitablequestions,nu-1056,text,hedge,0.3
wikitablequestions,nu-1056,text,list_dump,0.25
wikitablequestions,nu-1087,numeric,identity,1.0
wikitablequestions,nu-1087,numeric,verbose,1.0
wikitablequestions,nu-1087,numeric,tagged,1.0
wikitablequestions,nu-1087,numeric,paraphrase,0.95
wikitablequestions,nu-1087,numeric,unit_variant,1.0
wikitablequestions,nu-1087,numeric,near_miss_small,0.75
wikitablequestions,nu-1087,numeric,near_miss_medium,0.45
wikitablequestions,nu-1087,numeric,near_miss_large,0.15
wikitablequestions,nu-1087,numeric,digit_typo,0.2
wikitablequestions,nu-1087,numeric,magnitude,0.05
wikitablequestions,nu-1087,numeric,sign_flip,0.05
wikitablequestions,nu-1087,numeric,wrong_random,0.0
wikitablequestions,nu-1087,numeric,no_answer,0.0
wikitablequestions,nu-1087,numeric,hedge,0.3
wikitablequestions,nu-1087,numeric,list_dump,0.25
wikitablequestions,nu-1176,numeric,identity,1.0
wikitablequestions,nu-1176,numeric,verbose,1.0
wikitablequestions,nu-1176,numeric,tagged,1.0
wikitablequestions,nu-1176,numeric,paraphrase,0.95
wikitablequestions,nu-1176,numeric,unit_variant,1.0
wikitablequestions,nu-1176,numeric,near_miss_small,0.75
wikitablequestions,nu-1176,numeric,near_miss_medium,0.45
wikitablequestions,nu-1176,numeric,near_miss_large,0.15
wikitablequestions,nu-1176,numeric,digit_typo,0.2
wikitablequestions,nu-1176,numeric,magnitude,0.05
wikitablequestions,nu-1176,numeric,sign_flip,0.05
wikitablequestions,nu-1176,numeric,wrong_random,0.0
wikitablequestions,nu-1176,numeric,no_answer,0.0
wikitablequestions,nu-1176,numeric,hedge,0.3
wikitablequestions,nu-1176,numeric,list_dump,0.25
wikitablequestions,nu-1292,text,identity,1.0
wikitablequestions,nu-1292,text,verbose,1.0
wikitablequestions,nu-1292,text,tagged,1.0
wikitablequestions,nu-1292,text,paraphrase,0.95
wikitablequestions,nu-1292,text,partial,0.5
wikitablequestions,nu-1292,text,superset,0.6
wikitablequestions,nu-1292,text,typo,0.6
wikitablequestions,nu-1292,text,wrong_random,0.0
wikitablequestions,nu-1292,text,no_answer,0.0
wikitablequestions,nu-1292,text,hedge,0.3
wikitablequestions,nu-1292,text,list_dump,0.25
wikitablequestions,nu-1355,text,identity,1.0
wikitablequestions,nu-1355,text,verbose,1.0
wikitablequestions,nu-1355,text,tagged,1.0
wikitablequestions,nu-1355,text,paraphrase,0.95
wikitablequestions,nu-1355,text,partial,0.5
wikitablequestions,nu-1355,text,superset,0.6
wikitablequestions,nu-1355,text,typo,0.6
wikitablequestions,nu-1355,text,wrong_random,0.0
wikitablequestions,nu-1355,text,no_answer,0.0
wikitablequestions,nu-1355,text,hedge,0.3
wikitablequestions,nu-1355,text,list_dump,0.25
wikitablequestions,nu-1460,text,identity,1.0
wikitablequestions,nu-1460,text,verbose,1.0
wikitablequestions,nu-1460,text,tagged,1.0
wikitablequestions,nu-1460,text,paraphrase,0.95
wikitablequestions,nu-1460,text,partial,0.5
wikitablequestions,nu-1460,text,superset,0.6
wikitablequestions,nu-1460,text,typo,0.6
wikitablequestions,nu-1460,text,wrong_random,0.0
wikitablequestions,nu-1460,text,no_answer,0.0
wikitablequestions,nu-1460,text,hedge,0.3
wikitablequestions,nu-1460,text,list_dump,0.25
wikitablequestions,nu-1520,numeric,identity,1.0
wikitablequestions,nu-1520,numeric,verbose,1.0
wikitablequestions,nu-1520,numeric,tagged,1.0
wikitablequestions,nu-1520,numeric,paraphrase,0.95
wikitablequestions,nu-1520,numeric,unit_variant,1.0
wikitablequestions,nu-1520,numeric,near_miss_small,0.75
wikitablequestions,nu-1520,numeric,near_miss_medium,0.45
wikitablequestions,nu-1520,numeric,near_miss_large,0.15
wikitablequestions,nu-1520,numeric,digit_typo,0.2
wikitablequestions,nu-1520,numeric,magnitude,0.05
wikitablequestions,nu-1520,numeric,sign_flip,0.05
wikitablequestions,nu-1520,numeric,wrong_random,0.0
wikitablequestions,nu-1520,numeric,no_answer,0.0
wikitablequestions,nu-1520,numeric,hedge,0.3
wikitablequestions,nu-1520,numeric,list_dump,0.25
wikitablequestions,nu-1548,text,identity,1.0
wikitablequestions,nu-1548,text,verbose,1.0
wikitablequestions,nu-1548,text,tagged,1.0
wikitablequestions,nu-1548,text,paraphrase,0.95
wikitablequestions,nu-1548,text,partial,0.5
wikitablequestions,nu-1548,text,superset,0.6
wikitablequestions,nu-1548,text,typo,0.6
wikitablequestions,nu-1548,text,wrong_random,0.0
wikitablequestions,nu-1548,text,no_answer,0.0
wikitablequestions,nu-1548,text,hedge,0.3
wikitablequestions,nu-1548,text,list_dump,0.25
wikitablequestions,nu-158,numeric,identity,1.0
wikitablequestions,nu-158,numeric,verbose,1.0
wikitablequestions,nu-158,numeric,tagged,1.0
wikitablequestions,nu-158,numeric,paraphrase,0.95
wikitablequestions,nu-158,numeric,unit_variant,1.0
wikitablequestions,nu-158,numeric,near_miss_small,0.75
wikitablequestions,nu-158,numeric,near_miss_medium,0.45
wikitablequestions,nu-158,numeric,near_miss_large,0.15
wikitablequestions,nu-158,numeric,digit_typo,0.2
wikitablequestions,nu-158,numeric,magnitude,0.05
wikitablequestions,nu-158,numeric,sign_flip,0.05
wikitablequestions,nu-158,numeric,wrong_random,0.0
wikitablequestions,nu-158,numeric,no_answer,0.0
wikitablequestions,nu-158,numeric,hedge,0.3
wikitablequestions,nu-158,numeric,list_dump,0.25
wikitablequestions,nu-1664,text,identity,1.0
wikitablequestions,nu-1664,text,verbose,1.0
wikitablequestions,nu-1664,text,tagged,1.0
wikitablequestions,nu-1664,text,paraphrase,0.95
wikitablequestions,nu-1664,text,partial,0.5
wikitablequestions,nu-1664,text,superset,0.6
wikitablequestions,nu-1664,text,typo,0.6
wikitablequestions,nu-1664,text,wrong_random,0.0
wikitablequestions,nu-1664,text,no_answer,0.0
wikitablequestions,nu-1664,text,hedge,0.3
wikitablequestions,nu-1664,text,list_dump,0.25
wikitablequestions,nu-1991,text,identity,1.0
wikitablequestions,nu-1991,text,verbose,1.0
wikitablequestions,nu-1991,text,tagged,1.0
wikitablequestions,nu-1991,text,paraphrase,0.95
wikitablequestions,nu-1991,text,partial,0.5
wikitablequestions,nu-1991,text,superset,0.6
wikitablequestions,nu-1991,text,typo,0.6
wikitablequestions,nu-1991,text,wrong_random,0.0
wikitablequestions,nu-1991,text,no_answer,0.0
wikitablequestions,nu-1991,text,hedge,0.3
wikitablequestions,nu-1991,text,list_dump,0.25
wikitablequestions,nu-2036,numeric,identity,1.0
wikitablequestions,nu-2036,numeric,verbose,1.0
wikitablequestions,nu-2036,numeric,tagged,1.0
wikitablequestions,nu-2036,numeric,paraphrase,0.95
wikitablequestions,nu-2036,numeric,unit_variant,1.0
wikitablequestions,nu-2036,numeric,near_miss_small,0.75
wikitablequestions,nu-2036,numeric,near_miss_medium,0.45
wikitablequestions,nu-2036,numeric,near_miss_large,0.15
wikitablequestions,nu-2036,numeric,digit_typo,0.2
wikitablequestions,nu-2036,numeric,magnitude,0.05
wikitablequestions,nu-2036,numeric,sign_flip,0.05
wikitablequestions,nu-2036,numeric,wrong_random,0.0
wikitablequestions,nu-2036,numeric,no_answer,0.0
wikitablequestions,nu-2036,numeric,hedge,0.3
wikitablequestions,nu-2036,numeric,list_dump,0.25
wikitablequestions,nu-209,numeric,identity,1.0
wikitablequestions,nu-209,numeric,verbose,1.0
wikitablequestions,nu-209,numeric,tagged,1.0
wikitablequestions,nu-209,numeric,paraphrase,0.95
wikitablequestions,nu-209,numeric,unit_variant,1.0
wikitablequestions,nu-209,numeric,near_miss_small,0.75
wikitablequestions,nu-209,numeric,near_miss_medium,0.45
wikitablequestions,nu-209,numeric,near_miss_large,0.15
wikitablequestions,nu-209,numeric,digit_typo,0.2
wikitablequestions,nu-209,numeric,magnitude,0.05
wikitablequestions,nu-209,numeric,sign_flip,0.05
wikitablequestions,nu-209,numeric,wrong_random,0.0
wikitablequestions,nu-209,numeric,no_answer,0.0
wikitablequestions,nu-209,numeric,hedge,0.3
wikitablequestions,nu-209,numeric,list_dump,0.25
wikitablequestions,nu-2177,numeric,identity,1.0
wikitablequestions,nu-2177,numeric,verbose,1.0
wikitablequestions,nu-2177,numeric,tagged,1.0
wikitablequestions,nu-2177,numeric,paraphrase,0.95
wikitablequestions,nu-2177,numeric,unit_variant,1.0
wikitablequestions,nu-2177,numeric,near_miss_small,0.75
wikitablequestions,nu-2177,numeric,near_miss_medium,0.45
wikitablequestions,nu-2177,numeric,near_miss_large,0.15
wikitablequestions,nu-2177,numeric,digit_typo,0.2
wikitablequestions,nu-2177,numeric,magnitude,0.05
wikitablequestions,nu-2177,numeric,sign_flip,0.05
wikitablequestions,nu-2177,numeric,wrong_random,0.0
wikitablequestions,nu-2177,numeric,no_answer,0.0
wikitablequestions,nu-2177,numeric,hedge,0.3
wikitablequestions,nu-2177,numeric,list_dump,0.25
wikitablequestions,nu-2181,text,identity,1.0
wikitablequestions,nu-2181,text,verbose,1.0
wikitablequestions,nu-2181,text,tagged,1.0
wikitablequestions,nu-2181,text,paraphrase,0.95
wikitablequestions,nu-2181,text,partial,0.5
wikitablequestions,nu-2181,text,superset,0.6
wikitablequestions,nu-2181,text,typo,0.6
wikitablequestions,nu-2181,text,wrong_random,0.0
wikitablequestions,nu-2181,text,no_answer,0.0
wikitablequestions,nu-2181,text,hedge,0.3
wikitablequestions,nu-2181,text,list_dump,0.25
wikitablequestions,nu-2214,text,identity,1.0
wikitablequestions,nu-2214,text,verbose,1.0
wikitablequestions,nu-2214,text,tagged,1.0
wikitablequestions,nu-2214,text,paraphrase,0.95
wikitablequestions,nu-2214,text,partial,0.5
wikitablequestions,nu-2214,text,superset,0.6
wikitablequestions,nu-2214,text,typo,0.6
wikitablequestions,nu-2214,text,wrong_random,0.0
wikitablequestions,nu-2214,text,no_answer,0.0
wikitablequestions,nu-2214,text,hedge,0.3
wikitablequestions,nu-2214,text,list_dump,0.25
wikitablequestions,nu-234,numeric,identity,1.0
wikitablequestions,nu-234,numeric,verbose,1.0
wikitablequestions,nu-234,numeric,tagged,1.0
wikitablequestions,nu-234,numeric,paraphrase,0.95
wikitablequestions,nu-234,numeric,unit_variant,1.0
wikitablequestions,nu-234,numeric,near_miss_small,0.75
wikitablequestions,nu-234,numeric,near_miss_medium,0.45
wikitablequestions,nu-234,numeric,near_miss_large,0.15
wikitablequestions,nu-234,numeric,digit_typo,0.2
wikitablequestions,nu-234,numeric,magnitude,0.05
wikitablequestions,nu-234,numeric,sign_flip,0.05
wikitablequestions,nu-234,numeric,wrong_random,0.0
wikitablequestions,nu-234,numeric,no_answer,0.0
wikitablequestions,nu-234,numeric,hedge,0.3
wikitablequestions,nu-234,numeric,list_dump,0.25
wikitablequestions,nu-2357,text,identity,1.0
wikitablequestions,nu-2357,text,verbose,1.0
wikitablequestions,nu-2357,text,tagged,1.0
wikitablequestions,nu-2357,text,paraphrase,0.95
wikitablequestions,nu-2357,text,partial,0.5
wikitablequestions,nu-2357,text,superset,0.6
wikitablequestions,nu-2357,text,typo,0.6
wikitablequestions,nu-2357,text,wrong_random,0.0
wikitablequestions,nu-2357,text,no_answer,0.0
wikitablequestions,nu-2357,text,hedge,0.3
wikitablequestions,nu-2357,text,list_dump,0.25
wikitablequestions,nu-2381,text,identity,1.0
wikitablequestions,nu-2381,text,verbose,1.0
wikitablequestions,nu-2381,text,tagged,1.0
wikitablequestions,nu-2381,text,paraphrase,0.95
wikitablequestions,nu-2381,text,partial,0.5
wikitablequestions,nu-2381,text,superset,0.6
wikitablequestions,nu-2381,text,typo,0.6
wikitablequestions,nu-2381,text,wrong_random,0.0
wikitablequestions,nu-2381,text,no_answer,0.0
wikitablequestions,nu-2381,text,hedge,0.3
wikitablequestions,nu-2381,text,list_dump,0.25
wikitablequestions,nu-2426,text,identity,1.0
wikitablequestions,nu-2426,text,verbose,1.0
wikitablequestions,nu-2426,text,tagged,1.0
wikitablequestions,nu-2426,text,paraphrase,0.95
wikitablequestions,nu-2426,text,partial,0.5
wikitablequestions,nu-2426,text,superset,0.6
wikitablequestions,nu-2426,text,typo,0.6
wikitablequestions,nu-2426,text,wrong_random,0.0
wikitablequestions,nu-2426,text,no_answer,0.0
wikitablequestions,nu-2426,text,hedge,0.3
wikitablequestions,nu-2426,text,list_dump,0.25
wikitablequestions,nu-2663,numeric,identity,1.0
wikitablequestions,nu-2663,numeric,verbose,1.0
wikitablequestions,nu-2663,numeric,tagged,1.0
wikitablequestions,nu-2663,numeric,paraphrase,0.95
wikitablequestions,nu-2663,numeric,unit_variant,1.0
wikitablequestions,nu-2663,numeric,near_miss_small,0.75
wikitablequestions,nu-2663,numeric,near_miss_medium,0.45
wikitablequestions,nu-2663,numeric,near_miss_large,0.15
wikitablequestions,nu-2663,numeric,digit_typo,0.2
wikitablequestions,nu-2663,numeric,magnitude,0.05
wikitablequestions,nu-2663,numeric,sign_flip,0.05
wikitablequestions,nu-2663,numeric,wrong_random,0.0
wikitablequestions,nu-2663,numeric,no_answer,0.0
wikitablequestions,nu-2663,numeric,hedge,0.3
wikitablequestions,nu-2663,numeric,list_dump,0.25
wikitablequestions,nu-2775,numeric,identity,1.0
wikitablequestions,nu-2775,numeric,verbose,1.0
wikitablequestions,nu-2775,numeric,tagged,1.0
wikitablequestions,nu-2775,numeric,paraphrase,0.95
wikitablequestions,nu-2775,numeric,unit_variant,1.0
wikitablequestions,nu-2775,numeric,near_miss_small,0.75
wikitablequestions,nu-2775,numeric,near_miss_medium,0.45
wikitablequestions,nu-2775,numeric,near_miss_large,0.15
wikitablequestions,nu-2775,numeric,digit_typo,0.2
wikitablequestions,nu-2775,numeric,magnitude,0.05
wikitablequestions,nu-2775,numeric,sign_flip,0.05
wikitablequestions,nu-2775,numeric,wrong_random,0.0
wikitablequestions,nu-2775,numeric,no_answer,0.0
wikitablequestions,nu-2775,numeric,hedge,0.3
wikitablequestions,nu-2775,numeric,list_dump,0.25
wikitablequestions,nu-2784,numeric,identity,1.0
wikitablequestions,nu-2784,numeric,verbose,1.0
wikitablequestions,nu-2784,numeric,tagged,1.0
wikitablequestions,nu-2784,numeric,paraphrase,0.95
wikitablequestions,nu-2784,numeric,unit_variant,1.0
wikitablequestions,nu-2784,numeric,near_miss_small,0.75
wikitablequestions,nu-2784,numeric,near_miss_medium,0.45
wikitablequestions,nu-2784,numeric,near_miss_large,0.15
wikitablequestions,nu-2784,numeric,digit_typo,0.2
wikitablequestions,nu-2784,numeric,magnitude,0.05
wikitablequestions,nu-2784,numeric,sign_flip,0.05
wikitablequestions,nu-2784,numeric,wrong_random,0.0
wikitablequestions,nu-2784,numeric,no_answer,0.0
wikitablequestions,nu-2784,numeric,hedge,0.3
wikitablequestions,nu-2784,numeric,list_dump,0.25
wikitablequestions,nu-3024,numeric,identity,1.0
wikitablequestions,nu-3024,numeric,verbose,1.0
wikitablequestions,nu-3024,numeric,tagged,1.0
wikitablequestions,nu-3024,numeric,paraphrase,0.95
wikitablequestions,nu-3024,numeric,unit_variant,1.0
wikitablequestions,nu-3024,numeric,near_miss_small,0.75
wikitablequestions,nu-3024,numeric,near_miss_medium,0.45
wikitablequestions,nu-3024,numeric,near_miss_large,0.15
wikitablequestions,nu-3024,numeric,digit_typo,0.2
wikitablequestions,nu-3024,numeric,magnitude,0.05
wikitablequestions,nu-3024,numeric,sign_flip,0.05
wikitablequestions,nu-3024,numeric,wrong_random,0.0
wikitablequestions,nu-3024,numeric,no_answer,0.0
wikitablequestions,nu-3024,numeric,hedge,0.3
wikitablequestions,nu-3024,numeric,list_dump,0.25
wikitablequestions,nu-3083,text,identity,1.0
wikitablequestions,nu-3083,text,verbose,1.0
wikitablequestions,nu-3083,text,tagged,1.0
wikitablequestions,nu-3083,text,paraphrase,0.95
wikitablequestions,nu-3083,text,partial,0.5
wikitablequestions,nu-3083,text,superset,0.6
wikitablequestions,nu-3083,text,typo,0.6
wikitablequestions,nu-3083,text,wrong_random,0.0
wikitablequestions,nu-3083,text,no_answer,0.0
wikitablequestions,nu-3083,text,hedge,0.3
wikitablequestions,nu-3083,text,list_dump,0.25
wikitablequestions,nu-3182,numeric,identity,1.0
wikitablequestions,nu-3182,numeric,verbose,1.0
wikitablequestions,nu-3182,numeric,tagged,1.0
wikitablequestions,nu-3182,numeric,paraphrase,0.95
wikitablequestions,nu-3182,numeric,unit_variant,1.0
wikitablequestions,nu-3182,numeric,near_miss_small,0.75
wikitablequestions,nu-3182,numeric,near_miss_medium,0.45
wikitablequestions,nu-3182,numeric,near_miss_large,0.15
wikitablequestions,nu-3182,numeric,digit_typo,0.2
wikitablequestions,nu-3182,numeric,magnitude,0.05
wikitablequestions,nu-3182,numeric,sign_flip,0.05
wikitablequestions,nu-3182,numeric,wrong_random,0.0
wikitablequestions,nu-3182,numeric,no_answer,0.0
wikitablequestions,nu-3182,numeric,hedge,0.3
wikitablequestions,nu-3182,numeric,list_dump,0.25
wikitablequestions,nu-3216,boolean,identity,1.0
wikitablequestions,nu-3216,boolean,verbose,1.0
wikitablequestions,nu-3216,boolean,tagged,1.0
wikitablequestions,nu-3216,boolean,paraphrase,0.95
wikitablequestions,nu-3216,boolean,flip,0.0
wikitablequestions,nu-3216,boolean,no_answer,0.0
wikitablequestions,nu-3216,boolean,hedge,0.3
wikitablequestions,nu-3255,numeric,identity,1.0
wikitablequestions,nu-3255,numeric,verbose,1.0
wikitablequestions,nu-3255,numeric,tagged,1.0
wikitablequestions,nu-3255,numeric,paraphrase,0.95
wikitablequestions,nu-3255,numeric,unit_variant,1.0
wikitablequestions,nu-3255,numeric,near_miss_small,0.75
wikitablequestions,nu-3255,numeric,near_miss_medium,0.45
wikitablequestions,nu-3255,numeric,near_miss_large,0.15
wikitablequestions,nu-3255,numeric,digit_typo,0.2
wikitablequestions,nu-3255,numeric,magnitude,0.05
wikitablequestions,nu-3255,numeric,sign_flip,0.05
wikitablequestions,nu-3255,numeric,wrong_random,0.0
wikitablequestions,nu-3255,numeric,no_answer,0.0
wikitablequestions,nu-3255,numeric,hedge,0.3
wikitablequestions,nu-3255,numeric,list_dump,0.25
wikitablequestions,nu-3335,numeric,identity,1.0
wikitablequestions,nu-3335,numeric,verbose,1.0
wikitablequestions,nu-3335,numeric,tagged,1.0
wikitablequestions,nu-3335,numeric,paraphrase,0.95
wikitablequestions,nu-3335,numeric,unit_variant,1.0
wikitablequestions,nu-3335,numeric,near_miss_small,0.75
wikitablequestions,nu-3335,numeric,near_miss_medium,0.45
wikitablequestions,nu-3335,numeric,near_miss_large,0.15
wikitablequestions,nu-3335,numeric,digit_typo,0.2
wikitablequestions,nu-3335,numeric,magnitude,0.05
wikitablequestions,nu-3335,numeric,sign_flip,0.05
wikitablequestions,nu-3335,numeric,wrong_random,0.0
wikitablequestions,nu-3335,numeric,no_answer,0.0
wikitablequestions,nu-3335,numeric,hedge,0.3
wikitablequestions,nu-3335,numeric,list_dump,0.25
wikitablequestions,nu-3442,numeric,identity,1.0
wikitablequestions,nu-3442,numeric,verbose,1.0
wikitablequestions,nu-3442,numeric,tagged,1.0
wikitablequestions,nu-3442,numeric,paraphrase,0.95
wikitablequestions,nu-3442,numeric,unit_variant,1.0
wikitablequestions,nu-3442,numeric,near_miss_small,0.75
wikitablequestions,nu-3442,numeric,near_miss_medium,0.45
wikitablequestions,nu-3442,numeric,near_miss_large,0.15
wikitablequestions,nu-3442,numeric,digit_typo,0.2
wikitablequestions,nu-3442,numeric,magnitude,0.05
wikitablequestions,nu-3442,numeric,sign_flip,0.05
wikitablequestions,nu-3442,numeric,wrong_random,0.0
wikitablequestions,nu-3442,numeric,no_answer,0.0
wikitablequestions,nu-3442,numeric,hedge,0.3
wikitablequestions,nu-3442,numeric,list_dump,0.25
wikitablequestions,nu-3486,text,identity,1.0
wikitablequestions,nu-3486,text,verbose,1.0
wikitablequestions,nu-3486,text,tagged,1.0
wikitablequestions,nu-3486,text,paraphrase,0.95
wikitablequestions,nu-3486,text,partial,0.5
wikitablequestions,nu-3486,text,superset,0.6
wikitablequestions,nu-3486,text,typo,0.6
wikitablequestions,nu-3486,text,wrong_random,0.0
wikitablequestions,nu-3486,text,no_answer,0.0
wikitablequestions,nu-3486,text,hedge,0.3
wikitablequestions,nu-3486,text,list_dump,0.25
wikitablequestions,nu-3746,boolean,identity,1.0
wikitablequestions,nu-3746,boolean,verbose,1.0
wikitablequestions,nu-3746,boolean,tagged,1.0
wikitablequestions,nu-3746,boolean,paraphrase,0.95
wikitablequestions,nu-3746,boolean,flip,0.0
wikitablequestions,nu-3746,boolean,no_answer,0.0
wikitablequestions,nu-3746,boolean,hedge,0.3
wikitablequestions,nu-3782,numeric,identity,1.0
wikitablequestions,nu-3782,numeric,verbose,1.0
wikitablequestions,nu-3782,numeric,tagged,1.0
wikitablequestions,nu-3782,numeric,paraphrase,0.95
wikitablequestions,nu-3782,numeric,unit_variant,1.0
wikitablequestions,nu-3782,numeric,near_miss_small,0.75
wikitablequestions,nu-3782,numeric,near_miss_medium,0.45
wikitablequestions,nu-3782,numeric,near_miss_large,0.15
wikitablequestions,nu-3782,numeric,digit_typo,0.2
wikitablequestions,nu-3782,numeric,magnitude,0.05
wikitablequestions,nu-3782,numeric,sign_flip,0.05
wikitablequestions,nu-3782,numeric,wrong_random,0.0
wikitablequestions,nu-3782,numeric,no_answer,0.0
wikitablequestions,nu-3782,numeric,hedge,0.3
wikitablequestions,nu-3782,numeric,list_dump,0.25
wikitablequestions,nu-401,text,identity,1.0
wikitablequestions,nu-401,text,verbose,1.0
wikitablequestions,nu-401,text,tagged,1.0
wikitablequestions,nu-401,text,paraphrase,0.95
wikitablequestions,nu-401,text,partial,0.5
wikitablequestions,nu-401,text,superset,0.6
wikitablequestions,nu-401,text,typo,0.6
wikitablequestions,nu-401,text,wrong_random,0.0
wikitablequestions,nu-401,text,no_answer,0.0
wikitablequestions,nu-401,text,hedge,0.3
wikitablequestions,nu-401,text,list_dump,0.25
wikitablequestions,nu-4115,numeric,identity,1.0
wikitablequestions,nu-4115,numeric,verbose,1.0
wikitablequestions,nu-4115,numeric,tagged,1.0
wikitablequestions,nu-4115,numeric,paraphrase,0.95
wikitablequestions,nu-4115,numeric,unit_variant,1.0
wikitablequestions,nu-4115,numeric,near_miss_small,0.75
wikitablequestions,nu-4115,numeric,near_miss_medium,0.45
wikitablequestions,nu-4115,numeric,near_miss_large,0.15
wikitablequestions,nu-4115,numeric,digit_typo,0.2
wikitablequestions,nu-4115,numeric,magnitude,0.05
wikitablequestions,nu-4115,numeric,sign_flip,0.05
wikitablequestions,nu-4115,numeric,wrong_random,0.0
wikitablequestions,nu-4115,numeric,no_answer,0.0
wikitablequestions,nu-4115,numeric,hedge,0.3
wikitablequestions,nu-4115,numeric,list_dump,0.25
wikitablequestions,nu-4253,text,identity,1.0
wikitablequestions,nu-4253,text,verbose,1.0
wikitablequestions,nu-4253,text,tagged,1.0
wikitablequestions,nu-4253,text,paraphrase,0.95
wikitablequestions,nu-4253,text,partial,0.5
wikitablequestions,nu-4253,text,superset,0.6
wikitablequestions,nu-4253,text,typo,0.6
wikitablequestions,nu-4253,text,wrong_random,0.0
wikitablequestions,nu-4253,text,no_answer,0.0
wikitablequestions,nu-4253,text,hedge,0.3
wikitablequestions,nu-4253,text,list_dump,0.25
wikitablequestions,nu-597,text,identity,1.0
wikitablequestions,nu-597,text,verbose,1.0
wikitablequestions,nu-597,text,tagged,1.0
wikitablequestions,nu-597,text,paraphrase,0.95
wikitablequestions,nu-597,text,partial,0.5
wikitablequestions,nu-597,text,superset,0.6
wikitablequestions,nu-597,text,typo,0.6
wikitablequestions,nu-597,text,wrong_random,0.0
wikitablequestions,nu-597,text,no_answer,0.0
wikitablequestions,nu-597,text,hedge,0.3
wikitablequestions,nu-597,text,list_dump,0.25
wikitablequestions,nu-633,text,identity,1.0
wikitablequestions,nu-633,text,verbose,1.0
wikitablequestions,nu-633,text,tagged,1.0
wikitablequestions,nu-633,text,paraphrase,0.95
wikitablequestions,nu-633,text,partial,0.5
wikitablequestions,nu-633,text,superset,0.6
wikitablequestions,nu-633,text,typo,0.6
wikitablequestions,nu-633,text,wrong_random,0.0
wikitablequestions,nu-633,text,no_answer,0.0
wikitablequestions,nu-633,text,hedge,0.3
wikitablequestions,nu-633,text,list_dump,0.25
wikitablequestions,nu-837,numeric,identity,1.0
wikitablequestions,nu-837,numeric,verbose,1.0
wikitablequestions,nu-837,numeric,tagged,1.0
wikitablequestions,nu-837,numeric,paraphrase,0.95
wikitablequestions,nu-837,numeric,unit_variant,1.0
wikitablequestions,nu-837,numeric,near_miss_small,0.75
wikitablequestions,nu-837,numeric,near_miss_medium,0.45
wikitablequestions,nu-837,numeric,near_miss_large,0.15
wikitablequestions,nu-837,numeric,digit_typo,0.2
wikitablequestions,nu-837,numeric,magnitude,0.05
wikitablequestions,nu-837,numeric,sign_flip,0.05
wikitablequestions,nu-837,numeric,wrong_random,0.0
wikitablequestions,nu-837,numeric,no_answer,0.0
wikitablequestions,nu-837,numeric,hedge,0.3
wikitablequestions,nu-837,numeric,list_dump,0.25
hitab,hitab_03c9e16805ea51611fa700eb5fdd6680,numeric,identity,1.0
hitab,hitab_03c9e16805ea51611fa700eb5fdd6680,numeric,verbose,1.0
hitab,hitab_03c9e16805ea51611fa700eb5fdd6680,numeric,tagged,1.0
hitab,hitab_03c9e16805ea51611fa700eb5fdd6680,numeric,paraphrase,0.95
hitab,hitab_03c9e16805ea51611fa700eb5fdd6680,numeric,unit_variant,1.0
hitab,hitab_03c9e16805ea51611fa700eb5fdd6680,numeric,near_miss_small,0.75
hitab,hitab_03c9e16805ea51611fa700eb5fdd6680,numeric,near_miss_medium,0.45
hitab,hitab_03c9e16805ea51611fa700eb5fdd6680,numeric,near_miss_large,0.15
hitab,hitab_03c9e16805ea51611fa700eb5fdd6680,numeric,digit_typo,0.2
hitab,hitab_03c9e16805ea51611fa700eb5fdd6680,numeric,magnitude,0.05
hitab,hitab_03c9e16805ea51611fa700eb5fdd6680,numeric,sign_flip,0.05
hitab,hitab_03c9e16805ea51611fa700eb5fdd6680,numeric,wrong_random,0.0
hitab,hitab_03c9e16805ea51611fa700eb5fdd6680,numeric,no_answer,0.0
hitab,hitab_03c9e16805ea51611fa700eb5fdd6680,numeric,hedge,0.3
hitab,hitab_03c9e16805ea51611fa700eb5fdd6680,numeric,list_dump,0.25
hitab,hitab_06e47fc12e39a89455f86f74aee140dc,numeric,identity,1.0
hitab,hitab_06e47fc12e39a89455f86f74aee140dc,numeric,verbose,1.0
hitab,hitab_06e47fc12e39a89455f86f74aee140dc,numeric,tagged,1.0
hitab,hitab_06e47fc12e39a89455f86f74aee140dc,numeric,paraphrase,0.95
hitab,hitab_06e47fc12e39a89455f86f74aee140dc,numeric,unit_variant,1.0
hitab,hitab_06e47fc12e39a89455f86f74aee140dc,numeric,near_miss_small,0.75
hitab,hitab_06e47fc12e39a89455f86f74aee140dc,numeric,near_miss_medium,0.45
hitab,hitab_06e47fc12e39a89455f86f74aee140dc,numeric,near_miss_large,0.15
hitab,hitab_06e47fc12e39a89455f86f74aee140dc,numeric,digit_typo,0.2
hitab,hitab_06e47fc12e39a89455f86f74aee140dc,numeric,magnitude,0.05
hitab,hitab_06e47fc12e39a89455f86f74aee140dc,numeric,sign_flip,0.05
hitab,hitab_06e47fc12e39a89455f86f74aee140dc,numeric,wrong_random,0.0
hitab,hitab_06e47fc12e39a89455f86f74aee140dc,numeric,no_answer,0.0
hitab,hitab_06e47fc12e39a89455f86f74aee140dc,numeric,hedge,0.3
hitab,hitab_06e47fc12e39a89455f86f74aee140dc,numeric,list_dump,0.25
hitab,hitab_08708efa7393dc18711fc45f412ef8d6,numeric,identity,1.0
hitab,hitab_08708efa7393dc18711fc45f412ef8d6,numeric,verbose,1.0
hitab,hitab_08708efa7393dc18711fc45f412ef8d6,numeric,tagged,1.0
hitab,hitab_08708efa7393dc18711fc45f412ef8d6,numeric,paraphrase,0.95
hitab,hitab_08708efa7393dc18711fc45f412ef8d6,numeric,unit_variant,1.0
hitab,hitab_08708efa7393dc18711fc45f412ef8d6,numeric,near_miss_small,0.75
hitab,hitab_08708efa7393dc18711fc45f412ef8d6,numeric,near_miss_medium,0.45
hitab,hitab_08708efa7393dc18711fc45f412ef8d6,numeric,near_miss_large,0.15
hitab,hitab_08708efa7393dc18711fc45f412ef8d6,numeric,digit_typo,0.2
hitab,hitab_08708efa7393dc18711fc45f412ef8d6,numeric,magnitude,0.05
hitab,hitab_08708efa7393dc18711fc45f412ef8d6,numeric,sign_flip,0.05
hitab,hitab_08708efa7393dc18711fc45f412ef8d6,numeric,wrong_random,0.0
hitab,hitab_08708efa7393dc18711fc45f412ef8d6,numeric,no_answer,0.0
hitab,hitab_08708efa7393dc18711fc45f412ef8d6,numeric,hedge,0.3
hitab,hitab_08708efa7393dc18711fc45f412ef8d6,numeric,list_dump,0.25
hitab,hitab_092f766f1264cb0d89ff2f495e281307,numeric,identity,1.0
hitab,hitab_092f766f1264cb0d89ff2f495e281307,numeric,verbose,1.0
hitab,hitab_092f766f1264cb0d89ff2f495e281307,numeric,tagged,1.0
hitab,hitab_092f766f1264cb0d89ff2f495e281307,numeric,paraphrase,0.95
hitab,hitab_092f766f1264cb0d89ff2f495e281307,numeric,unit_variant,1.0
hitab,hitab_092f766f1264cb0d89ff2f495e281307,numeric,near_miss_small,0.75
hitab,hitab_092f766f1264cb0d89ff2f495e281307,numeric,near_miss_medium,0.45
hitab,hitab_092f766f1264cb0d89ff2f495e281307,numeric,near_miss_large,0.15
hitab,hitab_092f766f1264cb0d89ff2f495e281307,numeric,digit_typo,0.2
hitab,hitab_092f766f1264cb0d89ff2f495e281307,numeric,magnitude,0.05
hitab,hitab_092f766f1264cb0d89ff2f495e281307,numeric,sign_flip,0.05
hitab,hitab_092f766f1264cb0d89ff2f495e281307,numeric,wrong_random,0.0
hitab,hitab_092f766f1264cb0d89ff2f495e281307,numeric,no_answer,0.0
hitab,hitab_092f766f1264cb0d89ff2f495e281307,numeric,hedge,0.3
hitab,hitab_092f766f1264cb0d89ff2f495e281307,numeric,list_dump,0.25
hitab,hitab_098a10fc3e91f99daffeceeb0a644028,numeric,identity,1.0
hitab,hitab_098a10fc3e91f99daffeceeb0a644028,numeric,verbose,1.0
hitab,hitab_098a10fc3e91f99daffeceeb0a644028,numeric,tagged,1.0
hitab,hitab_098a10fc3e91f99daffeceeb0a644028,numeric,paraphrase,0.95
hitab,hitab_098a10fc3e91f99daffeceeb0a644028,numeric,unit_variant,1.0
hitab,hitab_098a10fc3e91f99daffeceeb0a644028,numeric,near_miss_small,0.75
hitab,hitab_098a10fc3e91f99daffeceeb0a644028,numeric,near_miss_medium,0.45
hitab,hitab_098a10fc3e91f99daffeceeb0a644028,numeric,near_miss_large,0.15
hitab,hitab_098a10fc3e91f99daffeceeb0a644028,numeric,digit_typo,0.2
hitab,hitab_098a10fc3e91f99daffeceeb0a644028,numeric,magnitude,0.05
hitab,hitab_098a10fc3e91f99daffeceeb0a644028,numeric,sign_flip,0.05
hitab,hitab_098a10fc3e91f99daffeceeb0a644028,numeric,wrong_random,0.0
hitab,hitab_098a10fc3e91f99daffeceeb0a644028,numeric,no_answer,0.0
hitab,hitab_098a10fc3e91f99daffeceeb0a644028,numeric,hedge,0.3
hitab,hitab_098a10fc3e91f99daffeceeb0a644028,numeric,list_dump,0.25
hitab,hitab_098d4a8b691396caebed15a7844c00f8,numeric,identity,1.0
hitab,hitab_098d4a8b691396caebed15a7844c00f8,numeric,verbose,1.0
hitab,hitab_098d4a8b691396caebed15a7844c00f8,numeric,tagged,1.0
hitab,hitab_098d4a8b691396caebed15a7844c00f8,numeric,paraphrase,0.95
hitab,hitab_098d4a8b691396caebed15a7844c00f8,numeric,unit_variant,1.0
hitab,hitab_098d4a8b691396caebed15a7844c00f8,numeric,near_miss_small,0.75
hitab,hitab_098d4a8b691396caebed15a7844c00f8,numeric,near_miss_medium,0.45
hitab,hitab_098d4a8b691396caebed15a7844c00f8,numeric,near_miss_large,0.15
hitab,hitab_098d4a8b691396caebed15a7844c00f8,numeric,digit_typo,0.2
hitab,hitab_098d4a8b691396caebed15a7844c00f8,numeric,magnitude,0.05
hitab,hitab_098d4a8b691396caebed15a7844c00f8,numeric,sign_flip,0.05
hitab,hitab_098d4a8b691396caebed15a7844c00f8,numeric,wrong_random,0.0
hitab,hitab_098d4a8b691396caebed15a7844c00f8,numeric,no_answer,0.0
hitab,hitab_098d4a8b691396caebed15a7844c00f8,numeric,hedge,0.3
hitab,hitab_098d4a8b691396caebed15a7844c00f8,numeric,list_dump,0.25
hitab,hitab_0b1861a08ec699c36197279d2a3198a6,numeric,identity,1.0
hitab,hitab_0b1861a08ec699c36197279d2a3198a6,numeric,verbose,1.0
hitab,hitab_0b1861a08ec699c36197279d2a3198a6,numeric,tagged,1.0
hitab,hitab_0b1861a08ec699c36197279d2a3198a6,numeric,paraphrase,0.95
hitab,hitab_0b1861a08ec699c36197279d2a3198a6,numeric,unit_variant,1.0
hitab,hitab_0b1861a08ec699c36197279d2a3198a6,numeric,near_miss_small,0.75
hitab,hitab_0b1861a08ec699c36197279d2a3198a6,numeric,near_miss_medium,0.45
hitab,hitab_0b1861a08ec699c36197279d2a3198a6,numeric,near_miss_large,0.15
hitab,hitab_0b1861a08ec699c36197279d2a3198a6,numeric,digit_typo,0.2
hitab,hitab_0b1861a08ec699c36197279d2a3198a6,numeric,magnitude,0.05
hitab,hitab_0b1861a08ec699c36197279d2a3198a6,numeric,sign_flip,0.05
hitab,hitab_0b1861a08ec699c36197279d2a3198a6,numeric,wrong_random,0.0
hitab,hitab_0b1861a08ec699c36197279d2a3198a6,numeric,no_answer,0.0
hitab,hitab_0b1861a08ec699c36197279d2a3198a6,numeric,hedge,0.3
hitab,hitab_0b1861a08ec699c36197279d2a3198a6,numeric,list_dump,0.25
hitab,hitab_0c221c1ce1ef03c3f187b4c5b5ab7c1d,numeric,identity,1.0
hitab,hitab_0c221c1ce1ef03c3f187b4c5b5ab7c1d,numeric,verbose,1.0
hitab,hitab_0c221c1ce1ef03c3f187b4c5b5ab7c1d,numeric,tagged,1.0
hitab,hitab_0c221c1ce1ef03c3f187b4c5b5ab7c1d,numeric,paraphrase,0.95
hitab,hitab_0c221c1ce1ef03c3f187b4c5b5ab7c1d,numeric,unit_variant,1.0
hitab,hitab_0c221c1ce1ef03c3f187b4c5b5ab7c1d,numeric,near_miss_small,0.75
hitab,hitab_0c221c1ce1ef03c3f187b4c5b5ab7c1d,numeric,near_miss_medium,0.45
hitab,hitab_0c221c1ce1ef03c3f187b4c5b5ab7c1d,numeric,near_miss_large,0.15
hitab,hitab_0c221c1ce1ef03c3f187b4c5b5ab7c1d,numeric,digit_typo,0.2
hitab,hitab_0c221c1ce1ef03c3f187b4c5b5ab7c1d,numeric,magnitude,0.05
hitab,hitab_0c221c1ce1ef03c3f187b4c5b5ab7c1d,numeric,sign_flip,0.05
hitab,hitab_0c221c1ce1ef03c3f187b4c5b5ab7c1d,numeric,wrong_random,0.0
hitab,hitab_0c221c1ce1ef03c3f187b4c5b5ab7c1d,numeric,no_answer,0.0
hitab,hitab_0c221c1ce1ef03c3f187b4c5b5ab7c1d,numeric,hedge,0.3
hitab,hitab_0c221c1ce1ef03c3f187b4c5b5ab7c1d,numeric,list_dump,0.25
hitab,hitab_0c87c1fb770e48785607ed4a9da70534,numeric,identity,1.0
hitab,hitab_0c87c1fb770e48785607ed4a9da70534,numeric,verbose,1.0
hitab,hitab_0c87c1fb770e48785607ed4a9da70534,numeric,tagged,1.0
hitab,hitab_0c87c1fb770e48785607ed4a9da70534,numeric,paraphrase,0.95
hitab,hitab_0c87c1fb770e48785607ed4a9da70534,numeric,unit_variant,1.0
hitab,hitab_0c87c1fb770e48785607ed4a9da70534,numeric,near_miss_small,0.75
hitab,hitab_0c87c1fb770e48785607ed4a9da70534,numeric,near_miss_medium,0.45
hitab,hitab_0c87c1fb770e48785607ed4a9da70534,numeric,near_miss_large,0.15
hitab,hitab_0c87c1fb770e48785607ed4a9da70534,numeric,digit_typo,0.2
hitab,hitab_0c87c1fb770e48785607ed4a9da70534,numeric,magnitude,0.05
hitab,hitab_0c87c1fb770e48785607ed4a9da70534,numeric,sign_flip,0.05
hitab,hitab_0c87c1fb770e48785607ed4a9da70534,numeric,wrong_random,0.0
hitab,hitab_0c87c1fb770e48785607ed4a9da70534,numeric,no_answer,0.0
hitab,hitab_0c87c1fb770e48785607ed4a9da70534,numeric,hedge,0.3
hitab,hitab_0c87c1fb770e48785607ed4a9da70534,numeric,list_dump,0.25
hitab,hitab_0cccdff1ef488b341ac6eb13875d7d77,numeric,identity,1.0
hitab,hitab_0cccdff1ef488b341ac6eb13875d7d77,numeric,verbose,1.0
hitab,hitab_0cccdff1ef488b341ac6eb13875d7d77,numeric,tagged,1.0
hitab,hitab_0cccdff1ef488b341ac6eb13875d7d77,numeric,paraphrase,0.95
hitab,hitab_0cccdff1ef488b341ac6eb13875d7d77,numeric,unit_variant,1.0
hitab,hitab_0cccdff1ef488b341ac6eb13875d7d77,numeric,near_miss_small,0.75
hitab,hitab_0cccdff1ef488b341ac6eb13875d7d77,numeric,near_miss_medium,0.45
hitab,hitab_0cccdff1ef488b341ac6eb13875d7d77,numeric,near_miss_large,0.15
hitab,hitab_0cccdff1ef488b341ac6eb13875d7d77,numeric,digit_typo,0.2
hitab,hitab_0cccdff1ef488b341ac6eb13875d7d77,numeric,magnitude,0.05
hitab,hitab_0cccdff1ef488b341ac6eb13875d7d77,numeric,sign_flip,0.05
hitab,hitab_0cccdff1ef488b341ac6eb13875d7d77,numeric,wrong_random,0.0
hitab,hitab_0cccdff1ef488b341ac6eb13875d7d77,numeric,no_answer,0.0
hitab,hitab_0cccdff1ef488b341ac6eb13875d7d77,numeric,hedge,0.3
hitab,hitab_0cccdff1ef488b341ac6eb13875d7d77,numeric,list_dump,0.25
hitab,hitab_0d5a890a5fcb7a4d5c8c219219c88ff9,numeric,identity,1.0
hitab,hitab_0d5a890a5fcb7a4d5c8c219219c88ff9,numeric,verbose,1.0
hitab,hitab_0d5a890a5fcb7a4d5c8c219219c88ff9,numeric,tagged,1.0
hitab,hitab_0d5a890a5fcb7a4d5c8c219219c88ff9,numeric,paraphrase,0.95
hitab,hitab_0d5a890a5fcb7a4d5c8c219219c88ff9,numeric,unit_variant,1.0
hitab,hitab_0d5a890a5fcb7a4d5c8c219219c88ff9,numeric,near_miss_small,0.75
hitab,hitab_0d5a890a5fcb7a4d5c8c219219c88ff9,numeric,near_miss_medium,0.45
hitab,hitab_0d5a890a5fcb7a4d5c8c219219c88ff9,numeric,near_miss_large,0.15
hitab,hitab_0d5a890a5fcb7a4d5c8c219219c88ff9,numeric,digit_typo,0.2
hitab,hitab_0d5a890a5fcb7a4d5c8c219219c88ff9,numeric,magnitude,0.05
hitab,hitab_0d5a890a5fcb7a4d5c8c219219c88ff9,numeric,sign_flip,0.05
hitab,hitab_0d5a890a5fcb7a4d5c8c219219c88ff9,numeric,wrong_random,0.0
hitab,hitab_0d5a890a5fcb7a4d5c8c219219c88ff9,numeric,no_answer,0.0
hitab,hitab_0d5a890a5fcb7a4d5c8c219219c88ff9,numeric,hedge,0.3
hitab,hitab_0d5a890a5fcb7a4d5c8c219219c88ff9,numeric,list_dump,0.25
hitab,hitab_0edb0c487809c68313f220288ec0ab52,numeric,identity,1.0
hitab,hitab_0edb0c487809c68313f220288ec0ab52,numeric,verbose,1.0
hitab,hitab_0edb0c487809c68313f220288ec0ab52,numeric,tagged,1.0
hitab,hitab_0edb0c487809c68313f220288ec0ab52,numeric,paraphrase,0.95
hitab,hitab_0edb0c487809c68313f220288ec0ab52,numeric,unit_variant,1.0
hitab,hitab_0edb0c487809c68313f220288ec0ab52,numeric,near_miss_small,0.75
hitab,hitab_0edb0c487809c68313f220288ec0ab52,numeric,near_miss_medium,0.45
hitab,hitab_0edb0c487809c68313f220288ec0ab52,numeric,near_miss_large,0.15
hitab,hitab_0edb0c487809c68313f220288ec0ab52,numeric,digit_typo,0.2
hitab,hitab_0edb0c487809c68313f220288ec0ab52,numeric,magnitude,0.05
hitab,hitab_0edb0c487809c68313f220288ec0ab52,numeric,sign_flip,0.05
hitab,hitab_0edb0c487809c68313f220288ec0ab52,numeric,wrong_random,0.0
hitab,hitab_0edb0c487809c68313f220288ec0ab52,numeric,no_answer,0.0
hitab,hitab_0edb0c487809c68313f220288ec0ab52,numeric,hedge,0.3
hitab,hitab_0edb0c487809c68313f220288ec0ab52,numeric,list_dump,0.25
hitab,hitab_0fcf6f2ecae64dad79efc051cc7c20ac,numeric,identity,1.0
hitab,hitab_0fcf6f2ecae64dad79efc051cc7c20ac,numeric,verbose,1.0
hitab,hitab_0fcf6f2ecae64dad79efc051cc7c20ac,numeric,tagged,1.0
hitab,hitab_0fcf6f2ecae64dad79efc051cc7c20ac,numeric,paraphrase,0.95
hitab,hitab_0fcf6f2ecae64dad79efc051cc7c20ac,numeric,unit_variant,1.0
hitab,hitab_0fcf6f2ecae64dad79efc051cc7c20ac,numeric,near_miss_small,0.75
hitab,hitab_0fcf6f2ecae64dad79efc051cc7c20ac,numeric,near_miss_medium,0.45
hitab,hitab_0fcf6f2ecae64dad79efc051cc7c20ac,numeric,near_miss_large,0.15
hitab,hitab_0fcf6f2ecae64dad79efc051cc7c20ac,numeric,digit_typo,0.2
hitab,hitab_0fcf6f2ecae64dad79efc051cc7c20ac,numeric,magnitude,0.05
hitab,hitab_0fcf6f2ecae64dad79efc051cc7c20ac,numeric,sign_flip,0.05
hitab,hitab_0fcf6f2ecae64dad79efc051cc7c20ac,numeric,wrong_random,0.0
hitab,hitab_0fcf6f2ecae64dad79efc051cc7c20ac,numeric,no_answer,0.0
hitab,hitab_0fcf6f2ecae64dad79efc051cc7c20ac,numeric,hedge,0.3
hitab,hitab_0fcf6f2ecae64dad79efc051cc7c20ac,numeric,list_dump,0.25
hitab,hitab_11aebedafce25dc38fe6666a556327bb,text,identity,1.0
hitab,hitab_11aebedafce25dc38fe6666a556327bb,text,verbose,1.0
hitab,hitab_11aebedafce25dc38fe6666a556327bb,text,tagged,1.0
hitab,hitab_11aebedafce25dc38fe6666a556327bb,text,paraphrase,0.95
hitab,hitab_11aebedafce25dc38fe6666a556327bb,text,partial,0.5
hitab,hitab_11aebedafce25dc38fe6666a556327bb,text,superset,0.6
hitab,hitab_11aebedafce25dc38fe6666a556327bb,text,typo,0.6
hitab,hitab_11aebedafce25dc38fe6666a556327bb,text,wrong_random,0.0
hitab,hitab_11aebedafce25dc38fe6666a556327bb,text,no_answer,0.0
hitab,hitab_11aebedafce25dc38fe6666a556327bb,text,hedge,0.3
hitab,hitab_11aebedafce25dc38fe6666a556327bb,text,list_dump,0.25
hitab,hitab_11c348abb48b7bdf1157539fba45fde5,text,identity,1.0
hitab,hitab_11c348abb48b7bdf1157539fba45fde5,text,verbose,1.0
hitab,hitab_11c348abb48b7bdf1157539fba45fde5,text,tagged,1.0
hitab,hitab_11c348abb48b7bdf1157539fba45fde5,text,paraphrase,0.95
hitab,hitab_11c348abb48b7bdf1157539fba45fde5,text,partial,0.5
hitab,hitab_11c348abb48b7bdf1157539fba45fde5,text,superset,0.6
hitab,hitab_11c348abb48b7bdf1157539fba45fde5,text,typo,0.6
hitab,hitab_11c348abb48b7bdf1157539fba45fde5,text,wrong_random,0.0
hitab,hitab_11c348abb48b7bdf1157539fba45fde5,text,no_answer,0.0
hitab,hitab_11c348abb48b7bdf1157539fba45fde5,text,hedge,0.3
hitab,hitab_11c348abb48b7bdf1157539fba45fde5,text,list_dump,0.25
hitab,hitab_132116d22ce9f5842d5e23aa99197476,numeric,identity,1.0
hitab,hitab_132116d22ce9f5842d5e23aa99197476,numeric,verbose,1.0
hitab,hitab_132116d22ce9f5842d5e23aa99197476,numeric,tagged,1.0
hitab,hitab_132116d22ce9f5842d5e23aa99197476,numeric,paraphrase,0.95
hitab,hitab_132116d22ce9f5842d5e23aa99197476,numeric,unit_variant,1.0
hitab,hitab_132116d22ce9f5842d5e23aa99197476,numeric,near_miss_small,0.75
hitab,hitab_132116d22ce9f5842d5e23aa99197476,numeric,near_miss_medium,0.45
hitab,hitab_132116d22ce9f5842d5e23aa99197476,numeric,near_miss_large,0.15
hitab,hitab_132116d22ce9f5842d5e23aa99197476,numeric,digit_typo,0.2
hitab,hitab_132116d22ce9f5842d5e23aa99197476,numeric,magnitude,0.05
hitab,hitab_132116d22ce9f5842d5e23aa99197476,numeric,sign_flip,0.05
hitab,hitab_132116d22ce9f5842d5e23aa99197476,numeric,wrong_random,0.0
hitab,hitab_132116d22ce9f5842d5e23aa99197476,numeric,no_answer,0.0
hitab,hitab_132116d22ce9f5842d5e23aa99197476,numeric,hedge,0.3
hitab,hitab_132116d22ce9f5842d5e23aa99197476,numeric,list_dump,0.25
hitab,hitab_14ff164458c5511745cd57f63bfc79b4,numeric,identity,1.0
hitab,hitab_14ff164458c5511745cd57f63bfc79b4,numeric,verbose,1.0
hitab,hitab_14ff164458c5511745cd57f63bfc79b4,numeric,tagged,1.0
hitab,hitab_14ff164458c5511745cd57f63bfc79b4,numeric,paraphrase,0.95
hitab,hitab_14ff164458c5511745cd57f63bfc79b4,numeric,unit_variant,1.0
hitab,hitab_14ff164458c5511745cd57f63bfc79b4,numeric,near_miss_small,0.75
hitab,hitab_14ff164458c5511745cd57f63bfc79b4,numeric,near_miss_medium,0.45
hitab,hitab_14ff164458c5511745cd57f63bfc79b4,numeric,near_miss_large,0.15
hitab,hitab_14ff164458c5511745cd57f63bfc79b4,numeric,digit_typo,0.2
hitab,hitab_14ff164458c5511745cd57f63bfc79b4,numeric,magnitude,0.05
hitab,hitab_14ff164458c5511745cd57f63bfc79b4,numeric,sign_flip,0.05
hitab,hitab_14ff164458c5511745cd57f63bfc79b4,numeric,wrong_random,0.0
hitab,hitab_14ff164458c5511745cd57f63bfc79b4,numeric,no_answer,0.0
hitab,hitab_14ff164458c5511745cd57f63bfc79b4,numeric,hedge,0.3
hitab,hitab_14ff164458c5511745cd57f63bfc79b4,numeric,list_dump,0.25
hitab,hitab_16417ec8a3d47e874eeedd059390f099,numeric,identity,1.0
hitab,hitab_16417ec8a3d47e874eeedd059390f099,numeric,verbose,1.0
hitab,hitab_16417ec8a3d47e874eeedd059390f099,numeric,tagged,1.0
hitab,hitab_16417ec8a3d47e874eeedd059390f099,numeric,paraphrase,0.95
hitab,hitab_16417ec8a3d47e874eeedd059390f099,numeric,unit_variant,1.0
hitab,hitab_16417ec8a3d47e874eeedd059390f099,numeric,near_miss_small,0.75
hitab,hitab_16417ec8a3d47e874eeedd059390f099,numeric,near_miss_medium,0.45
hitab,hitab_16417ec8a3d47e874eeedd059390f099,numeric,near_miss_large,0.15
hitab,hitab_16417ec8a3d47e874eeedd059390f099,numeric,digit_typo,0.2
hitab,hitab_16417ec8a3d47e874eeedd059390f099,numeric,magnitude,0.05
hitab,hitab_16417ec8a3d47e874eeedd059390f099,numeric,sign_flip,0.05
hitab,hitab_16417ec8a3d47e874eeedd059390f099,numeric,wrong_random,0.0
hitab,hitab_16417ec8a3d47e874eeedd059390f099,numeric,no_answer,0.0
hitab,hitab_16417ec8a3d47e874eeedd059390f099,numeric,hedge,0.3
hitab,hitab_16417ec8a3d47e874eeedd059390f099,numeric,list_dump,0.25
hitab,hitab_17ab3070bb7894af7e02467ec6a19a88,numeric,identity,1.0
hitab,hitab_17ab3070bb7894af7e02467ec6a19a88,numeric,verbose,1.0
hitab,hitab_17ab3070bb7894af7e02467ec6a19a88,numeric,tagged,1.0
hitab,hitab_17ab3070bb7894af7e02467ec6a19a88,numeric,paraphrase,0.95
hitab,hitab_17ab3070bb7894af7e02467ec6a19a88,numeric,unit_variant,1.0
hitab,hitab_17ab3070bb7894af7e02467ec6a19a88,numeric,near_miss_small,0.75
hitab,hitab_17ab3070bb7894af7e02467ec6a19a88,numeric,near_miss_medium,0.45
hitab,hitab_17ab3070bb7894af7e02467ec6a19a88,numeric,near_miss_large,0.15
hitab,hitab_17ab3070bb7894af7e02467ec6a19a88,numeric,digit_typo,0.2
hitab,hitab_17ab3070bb7894af7e02467ec6a19a88,numeric,magnitude,0.05
hitab,hitab_17ab3070bb7894af7e02467ec6a19a88,numeric,sign_flip,0.05
hitab,hitab_17ab3070bb7894af7e02467ec6a19a88,numeric,wrong_random,0.0
hitab,hitab_17ab3070bb7894af7e02467ec6a19a88,numeric,no_answer,0.0
hitab,hitab_17ab3070bb7894af7e02467ec6a19a88,numeric,hedge,0.3
hitab,hitab_17ab3070bb7894af7e02467ec6a19a88,numeric,list_dump,0.25
hitab,hitab_1ab4f719e494d967dc64eafafdd28138,text,identity,1.0
hitab,hitab_1ab4f719e494d967dc64eafafdd28138,text,verbose,1.0
hitab,hitab_1ab4f719e494d967dc64eafafdd28138,text,tagged,1.0
hitab,hitab_1ab4f719e494d967dc64eafafdd28138,text,paraphrase,0.95
hitab,hitab_1ab4f719e494d967dc64eafafdd28138,text,partial,0.5
hitab,hitab_1ab4f719e494d967dc64eafafdd28138,text,superset,0.6
hitab,hitab_1ab4f719e494d967dc64eafafdd28138,text,typo,0.6
hitab,hitab_1ab4f719e494d967dc64eafafdd28138,text,wrong_random,0.0
hitab,hitab_1ab4f719e494d967dc64eafafdd28138,text,no_answer,0.0
hitab,hitab_1ab4f719e494d967dc64eafafdd28138,text,hedge,0.3
hitab,hitab_1ab4f719e494d967dc64eafafdd28138,text,list_dump,0.25
hitab,hitab_1fd016eb443c0cc6b907e94e3c09d782,text,identity,1.0
hitab,hitab_1fd016eb443c0cc6b907e94e3c09d782,text,verbose,1.0
hitab,hitab_1fd016eb443c0cc6b907e94e3c09d782,text,tagged,1.0
hitab,hitab_1fd016eb443c0cc6b907e94e3c09d782,text,paraphrase,0.95
hitab,hitab_1fd016eb443c0cc6b907e94e3c09d782,text,partial,0.5
hitab,hitab_1fd016eb443c0cc6b907e94e3c09d782,text,superset,0.6
hitab,hitab_1fd016eb443c0cc6b907e94e3c09d782,text,typo,0.6
hitab,hitab_1fd016eb443c0cc6b907e94e3c09d782,text,wrong_random,0.0
hitab,hitab_1fd016eb443c0cc6b907e94e3c09d782,text,no_answer,0.0
hitab,hitab_1fd016eb443c0cc6b907e94e3c09d782,text,hedge,0.3
hitab,hitab_1fd016eb443c0cc6b907e94e3c09d782,text,list_dump,0.25
hitab,hitab_20633dafc9833ea6d1b786de6c8dc759,text,identity,1.0
hitab,hitab_20633dafc9833ea6d1b786de6c8dc759,text,verbose,1.0
hitab,hitab_20633dafc9833ea6d1b786de6c8dc759,text,tagged,1.0
hitab,hitab_20633dafc9833ea6d1b786de6c8dc759,text,paraphrase,0.95
hitab,hitab_20633dafc9833ea6d1b786de6c8dc759,text,partial,0.5
hitab,hitab_20633dafc9833ea6d1b786de6c8dc759,text,superset,0.6
hitab,hitab_20633dafc9833ea6d1b786de6c8dc759,text,typo,0.6
hitab,hitab_20633dafc9833ea6d1b786de6c8dc759,text,wrong_random,0.0
hitab,hitab_20633dafc9833ea6d1b786de6c8dc759,text,no_answer,0.0
hitab,hitab_20633dafc9833ea6d1b786de6c8dc759,text,hedge,0.3
hitab,hitab_20633dafc9833ea6d1b786de6c8dc759,text,list_dump,0.25
hitab,hitab_21eaa09fbad89354f6df048bcfa775e2,numeric,identity,1.0
hitab,hitab_21eaa09fbad89354f6df048bcfa775e2,numeric,verbose,1.0
hitab,hitab_21eaa09fbad89354f6df048bcfa775e2,numeric,tagged,1.0
hitab,hitab_21eaa09fbad89354f6df048bcfa775e2,numeric,paraphrase,0.95
hitab,hitab_21eaa09fbad89354f6df048bcfa775e2,numeric,unit_variant,1.0
hitab,hitab_21eaa09fbad89354f6df048bcfa775e2,numeric,near_miss_small,0.75
hitab,hitab_21eaa09fbad89354f6df048bcfa775e2,numeric,near_miss_medium,0.45
hitab,hitab_21eaa09fbad89354f6df048bcfa775e2,numeric,near_miss_large,0.15
hitab,hitab_21eaa09fbad89354f6df048bcfa775e2,numeric,digit_typo,0.2
hitab,hitab_21eaa09fbad89354f6df048bcfa775e2,numeric,magnitude,0.05
hitab,hitab_21eaa09fbad89354f6df048bcfa775e2,numeric,sign_flip,0.05
hitab,hitab_21eaa09fbad89354f6df048bcfa775e2,numeric,wrong_random,0.0
hitab,hitab_21eaa09fbad89354f6df048bcfa775e2,numeric,no_answer,0.0
hitab,hitab_21eaa09fbad89354f6df048bcfa775e2,numeric,hedge,0.3
hitab,hitab_21eaa09fbad89354f6df048bcfa775e2,numeric,list_dump,0.25
hitab,hitab_22199b508b96ade30f9456ef8c98993a,numeric,identity,1.0
hitab,hitab_22199b508b96ade30f9456ef8c98993a,numeric,verbose,1.0
hitab,hitab_22199b508b96ade30f9456ef8c98993a,numeric,tagged,1.0
hitab,hitab_22199b508b96ade30f9456ef8c98993a,numeric,paraphrase,0.95
hitab,hitab_22199b508b96ade30f9456ef8c98993a,numeric,unit_variant,1.0
hitab,hitab_22199b508b96ade30f9456ef8c98993a,numeric,near_miss_small,0.75
hitab,hitab_22199b508b96ade30f9456ef8c98993a,numeric,near_miss_medium,0.45
hitab,hitab_22199b508b96ade30f9456ef8c98993a,numeric,near_miss_large,0.15
hitab,hitab_22199b508b96ade30f9456ef8c98993a,numeric,digit_typo,0.2
hitab,hitab_22199b508b96ade30f9456ef8c98993a,numeric,magnitude,0.05
hitab,hitab_22199b508b96ade30f9456ef8c98993a,numeric,sign_flip,0.05
hitab,hitab_22199b508b96ade30f9456ef8c98993a,numeric,wrong_random,0.0
hitab,hitab_22199b508b96ade30f9456ef8c98993a,numeric,no_answer,0.0
hitab,hitab_22199b508b96ade30f9456ef8c98993a,numeric,hedge,0.3
hitab,hitab_22199b508b96ade30f9456ef8c98993a,numeric,list_dump,0.25
hitab,hitab_238854daacd49e750e33081ab0d8a2e6,text,identity,1.0
hitab,hitab_238854daacd49e750e33081ab0d8a2e6,text,verbose,1.0
hitab,hitab_238854daacd49e750e33081ab0d8a2e6,text,tagged,1.0
hitab,hitab_238854daacd49e750e33081ab0d8a2e6,text,paraphrase,0.95
hitab,hitab_238854daacd49e750e33081ab0d8a2e6,text,partial,0.5
hitab,hitab_238854daacd49e750e33081ab0d8a2e6,text,superset,0.6
hitab,hitab_238854daacd49e750e33081ab0d8a2e6,text,typo,0.6
hitab,hitab_238854daacd49e750e33081ab0d8a2e6,text,wrong_random,0.0
hitab,hitab_238854daacd49e750e33081ab0d8a2e6,text,no_answer,0.0
hitab,hitab_238854daacd49e750e33081ab0d8a2e6,text,hedge,0.3
hitab,hitab_238854daacd49e750e33081ab0d8a2e6,text,list_dump,0.25
hitab,hitab_286c628847718059b74a24e598e9369b,numeric,identity,1.0
hitab,hitab_286c628847718059b74a24e598e9369b,numeric,verbose,1.0
hitab,hitab_286c628847718059b74a24e598e9369b,numeric,tagged,1.0
hitab,hitab_286c628847718059b74a24e598e9369b,numeric,paraphrase,0.95
hitab,hitab_286c628847718059b74a24e598e9369b,numeric,unit_variant,1.0
hitab,hitab_286c628847718059b74a24e598e9369b,numeric,near_miss_small,0.75
hitab,hitab_286c628847718059b74a24e598e9369b,numeric,near_miss_medium,0.45
hitab,hitab_286c628847718059b74a24e598e9369b,numeric,near_miss_large,0.15
hitab,hitab_286c628847718059b74a24e598e9369b,numeric,digit_typo,0.2
hitab,hitab_286c628847718059b74a24e598e9369b,numeric,magnitude,0.05
hitab,hitab_286c628847718059b74a24e598e9369b,numeric,sign_flip,0.05
hitab,hitab_286c628847718059b74a24e598e9369b,numeric,wrong_random,0.0
hitab,hitab_286c628847718059b74a24e598e9369b,numeric,no_answer,0.0
hitab,hitab_286c628847718059b74a24e598e9369b,numeric,hedge,0.3
hitab,hitab_286c628847718059b74a24e598e9369b,numeric,list_dump,0.25
hitab,hitab_2945e077be811d932b56e4b72519bb2c,text,identity,1.0
hitab,hitab_2945e077be811d932b56e4b72519bb2c,text,verbose,1.0
hitab,hitab_2945e077be811d932b56e4b72519bb2c,text,tagged,1.0
hitab,hitab_2945e077be811d932b56e4b72519bb2c,text,paraphrase,0.95
hitab,hitab_2945e077be811d932b56e4b72519bb2c,text,partial,0.5
hitab,hitab_2945e077be811d932b56e4b72519bb2c,text,superset,0.6
hitab,hitab_2945e077be811d932b56e4b72519bb2c,text,typo,0.6
hitab,hitab_2945e077be811d932b56e4b72519bb2c,text,wrong_random,0.0
hitab,hitab_2945e077be811d932b56e4b72519bb2c,text,no_answer,0.0
hitab,hitab_2945e077be811d932b56e4b72519bb2c,text,hedge,0.3
hitab,hitab_2945e077be811d932b56e4b72519bb2c,text,list_dump,0.25
hitab,hitab_338c59dac5404fe28fdc38dbf06d8d98,text,identity,1.0
hitab,hitab_338c59dac5404fe28fdc38dbf06d8d98,text,verbose,1.0
hitab,hitab_338c59dac5404fe28fdc38dbf06d8d98,text,tagged,1.0
hitab,hitab_338c59dac5404fe28fdc38dbf06d8d98,text,paraphrase,0.95
hitab,hitab_338c59dac5404fe28fdc38dbf06d8d98,text,partial,0.5
hitab,hitab_338c59dac5404fe28fdc38dbf06d8d98,text,superset,0.6
hitab,hitab_338c59dac5404fe28fdc38dbf06d8d98,text,typo,0.6
hitab,hitab_338c59dac5404fe28fdc38dbf06d8d98,text,wrong_random,0.0
hitab,hitab_338c59dac5404fe28fdc38dbf06d8d98,text,no_answer,0.0
hitab,hitab_338c59dac5404fe28fdc38dbf06d8d98,text,hedge,0.3
hitab,hitab_338c59dac5404fe28fdc38dbf06d8d98,text,list_dump,0.25
hitab,hitab_33bae9f615e6a58c08c7decd820d2496,text,identity,1.0
hitab,hitab_33bae9f615e6a58c08c7decd820d2496,text,verbose,1.0
hitab,hitab_33bae9f615e6a58c08c7decd820d2496,text,tagged,1.0
hitab,hitab_33bae9f615e6a58c08c7decd820d2496,text,paraphrase,0.95
hitab,hitab_33bae9f615e6a58c08c7decd820d2496,text,partial,0.5
hitab,hitab_33bae9f615e6a58c08c7decd820d2496,text,superset,0.6
hitab,hitab_33bae9f615e6a58c08c7decd820d2496,text,typo,0.6
hitab,hitab_33bae9f615e6a58c08c7decd820d2496,text,wrong_random,0.0
hitab,hitab_33bae9f615e6a58c08c7decd820d2496,text,no_answer,0.0
hitab,hitab_33bae9f615e6a58c08c7decd820d2496,text,hedge,0.3
hitab,hitab_33bae9f615e6a58c08c7decd820d2496,text,list_dump,0.25
hitab,hitab_34a68ac803015ace67d2b57caf7c27e0,numeric,identity,1.0
hitab,hitab_34a68ac803015ace67d2b57caf7c27e0,numeric,verbose,1.0
hitab,hitab_34a68ac803015ace67d2b57caf7c27e0,numeric,tagged,1.0
hitab,hitab_34a68ac803015ace67d2b57caf7c27e0,numeric,paraphrase,0.95
hitab,hitab_34a68ac803015ace67d2b57caf7c27e0,numeric,unit_variant,1.0
hitab,hitab_34a68ac803015ace67d2b57caf7c27e0,numeric,near_miss_small,0.75
hitab,hitab_34a68ac803015ace67d2b57caf7c27e0,numeric,near_miss_medium,0.45
hitab,hitab_34a68ac803015ace67d2b57caf7c27e0,numeric,near_miss_large,0.15
hitab,hitab_34a68ac803015ace67d2b57caf7c27e0,numeric,digit_typo,0.2
hitab,hitab_34a68ac803015ace67d2b57caf7c27e0,numeric,magnitude,0.05
hitab,hitab_34a68ac803015ace67d2b57caf7c27e0,numeric,sign_flip,0.05
hitab,hitab_34a68ac803015ace67d2b57caf7c27e0,numeric,wrong_random,0.0
hitab,hitab_34a68ac803015ace67d2b57caf7c27e0,numeric,no_answer,0.0
hitab,hitab_34a68ac803015ace67d2b57caf7c27e0,numeric,hedge,0.3
hitab,hitab_34a68ac803015ace67d2b57caf7c27e0,numeric,list_dump,0.25
hitab,hitab_3589d98583725bd2c86783e2e2bda6f5,numeric,identity,1.0
hitab,hitab_3589d98583725bd2c86783e2e2bda6f5,numeric,verbose,1.0
hitab,hitab_3589d98583725bd2c86783e2e2bda6f5,numeric,tagged,1.0
hitab,hitab_3589d98583725bd2c86783e2e2bda6f5,numeric,paraphrase,0.95
hitab,hitab_3589d98583725bd2c86783e2e2bda6f5,numeric,unit_variant,1.0
hitab,hitab_3589d98583725bd2c86783e2e2bda6f5,numeric,near_miss_small,0.75
hitab,hitab_3589d98583725bd2c86783e2e2bda6f5,numeric,near_miss_medium,0.45
hitab,hitab_3589d98583725bd2c86783e2e2bda6f5,numeric,near_miss_large,0.15
hitab,hitab_3589d98583725bd2c86783e2e2bda6f5,numeric,digit_typo,0.2
hitab,hitab_3589d98583725bd2c86783e2e2bda6f5,numeric,magnitude,0.05
hitab,hitab_3589d98583725bd2c86783e2e2bda6f5,numeric,sign_flip,0.05
hitab,hitab_3589d98583725bd2c86783e2e2bda6f5,numeric,wrong_random,0.0
hitab,hitab_3589d98583725bd2c86783e2e2bda6f5,numeric,no_answer,0.0
hitab,hitab_3589d98583725bd2c86783e2e2bda6f5,numeric,hedge,0.3
hitab,hitab_3589d98583725bd2c86783e2e2bda6f5,numeric,list_dump,0.25
hitab,hitab_3a07bc66c4bf2c3b36023bda8f3081ae,numeric,identity,1.0
hitab,hitab_3a07bc66c4bf2c3b36023bda8f3081ae,numeric,verbose,1.0
hitab,hitab_3a07bc66c4bf2c3b36023bda8f3081ae,numeric,tagged,1.0
hitab,hitab_3a07bc66c4bf2c3b36023bda8f3081ae,numeric,paraphrase,0.95
hitab,hitab_3a07bc66c4bf2c3b36023bda8f3081ae,numeric,unit_variant,1.0
hitab,hitab_3a07bc66c4bf2c3b36023bda8f3081ae,numeric,near_miss_small,0.75
hitab,hitab_3a07bc66c4bf2c3b36023bda8f3081ae,numeric,near_miss_medium,0.45
hitab,hitab_3a07bc66c4bf2c3b36023bda8f3081ae,numeric,near_miss_large,0.15
hitab,hitab_3a07bc66c4bf2c3b36023bda8f3081ae,numeric,digit_typo,0.2
hitab,hitab_3a07bc66c4bf2c3b36023bda8f3081ae,numeric,magnitude,0.05
hitab,hitab_3a07bc66c4bf2c3b36023bda8f3081ae,numeric,sign_flip,0.05
hitab,hitab_3a07bc66c4bf2c3b36023bda8f3081ae,numeric,wrong_random,0.0
hitab,hitab_3a07bc66c4bf2c3b36023bda8f3081ae,numeric,no_answer,0.0
hitab,hitab_3a07bc66c4bf2c3b36023bda8f3081ae,numeric,hedge,0.3
hitab,hitab_3a07bc66c4bf2c3b36023bda8f3081ae,numeric,list_dump,0.25
hitab,hitab_40c58b7100f8a54dae4e305847fcca43,numeric,identity,1.0
hitab,hitab_40c58b7100f8a54dae4e305847fcca43,numeric,verbose,1.0
hitab,hitab_40c58b7100f8a54dae4e305847fcca43,numeric,tagged,1.0
hitab,hitab_40c58b7100f8a54dae4e305847fcca43,numeric,paraphrase,0.95
hitab,hitab_40c58b7100f8a54dae4e305847fcca43,numeric,unit_variant,1.0
hitab,hitab_40c58b7100f8a54dae4e305847fcca43,numeric,near_miss_small,0.75
hitab,hitab_40c58b7100f8a54dae4e305847fcca43,numeric,near_miss_medium,0.45
hitab,hitab_40c58b7100f8a54dae4e305847fcca43,numeric,near_miss_large,0.15
hitab,hitab_40c58b7100f8a54dae4e305847fcca43,numeric,digit_typo,0.2
hitab,hitab_40c58b7100f8a54dae4e305847fcca43,numeric,magnitude,0.05
hitab,hitab_40c58b7100f8a54dae4e305847fcca43,numeric,sign_flip,0.05
hitab,hitab_40c58b7100f8a54dae4e305847fcca43,numeric,wrong_random,0.0
hitab,hitab_40c58b7100f8a54dae4e305847fcca43,numeric,no_answer,0.0
hitab,hitab_40c58b7100f8a54dae4e305847fcca43,numeric,hedge,0.3
hitab,hitab_40c58b7100f8a54dae4e305847fcca43,numeric,list_dump,0.25
hitab,hitab_40f4821c052d7638502ecfde6d364016,numeric,identity,1.0
hitab,hitab_40f4821c052d7638502ecfde6d364016,numeric,verbose,1.0
hitab,hitab_40f4821c052d7638502ecfde6d364016,numeric,tagged,1.0
hitab,hitab_40f4821c052d7638502ecfde6d364016,numeric,paraphrase,0.95
hitab,hitab_40f4821c052d7638502ecfde6d364016,numeric,unit_variant,1.0
hitab,hitab_40f4821c052d7638502ecfde6d364016,numeric,near_miss_small,0.75
hitab,hitab_40f4821c052d7638502ecfde6d364016,numeric,near_miss_medium,0.45
hitab,hitab_40f4821c052d7638502ecfde6d364016,numeric,near_miss_large,0.15
hitab,hitab_40f4821c052d7638502ecfde6d364016,numeric,digit_typo,0.2
hitab,hitab_40f4821c052d7638502ecfde6d364016,numeric,magnitude,0.05
hitab,hitab_40f4821c052d7638502ecfde6d364016,numeric,sign_flip,0.05
hitab,hitab_40f4821c052d7638502ecfde6d364016,numeric,wrong_random,0.0
hitab,hitab_40f4821c052d7638502ecfde6d364016,numeric,no_answer,0.0
hitab,hitab_40f4821c052d7638502ecfde6d364016,numeric,hedge,0.3
hitab,hitab_40f4821c052d7638502ecfde6d364016,numeric,list_dump,0.25
hitab,hitab_41cbc5dfd57f24fc6d18c42a0a4fae24,numeric,identity,1.0
hitab,hitab_41cbc5dfd57f24fc6d18c42a0a4fae24,numeric,verbose,1.0
hitab,hitab_41cbc5dfd57f24fc6d18c42a0a4fae24,numeric,tagged,1.0
hitab,hitab_41cbc5dfd57f24fc6d18c42a0a4fae24,numeric,paraphrase,0.95
hitab,hitab_41cbc5dfd57f24fc6d18c42a0a4fae24,numeric,unit_variant,1.0
hitab,hitab_41cbc5dfd57f24fc6d18c42a0a4fae24,numeric,near_miss_small,0.75
hitab,hitab_41cbc5dfd57f24fc6d18c42a0a4fae24,numeric,near_miss_medium,0.45
hitab,hitab_41cbc5dfd57f24fc6d18c42a0a4fae24,numeric,near_miss_large,0.15
hitab,hitab_41cbc5dfd57f24fc6d18c42a0a4fae24,numeric,digit_typo,0.2
hitab,hitab_41cbc5dfd57f24fc6d18c42a0a4fae24,numeric,magnitude,0.05
hitab,hitab_41cbc5dfd57f24fc6d18c42a0a4fae24,numeric,sign_flip,0.05
hitab,hitab_41cbc5dfd57f24fc6d18c42a0a4fae24,numeric,wrong_random,0.0
hitab,hitab_41cbc5dfd57f24fc6d18c42a0a4fae24,numeric,no_answer,0.0
hitab,hitab_41cbc5dfd57f24fc6d18c42a0a4fae24,numeric,hedge,0.3
hitab,hitab_41cbc5dfd57f24fc6d18c42a0a4fae24,numeric,list_dump,0.25
hitab,hitab_422b0434e7c23c20e34e63aee911ca80,numeric,identity,1.0
hitab,hitab_422b0434e7c23c20e34e63aee911ca80,numeric,verbose,1.0
hitab,hitab_422b0434e7c23c20e34e63aee911ca80,numeric,tagged,1.0
hitab,hitab_422b0434e7c23c20e34e63aee911ca80,numeric,paraphrase,0.95
hitab,hitab_422b0434e7c23c20e34e63aee911ca80,numeric,unit_variant,1.0
hitab,hitab_422b0434e7c23c20e34e63aee911ca80,numeric,near_miss_small,0.75
hitab,hitab_422b0434e7c23c20e34e63aee911ca80,numeric,near_miss_medium,0.45
hitab,hitab_422b0434e7c23c20e34e63aee911ca80,numeric,near_miss_large,0.15
hitab,hitab_422b0434e7c23c20e34e63aee911ca80,numeric,digit_typo,0.2
hitab,hitab_422b0434e7c23c20e34e63aee911ca80,numeric,magnitude,0.05
hitab,hitab_422b0434e7c23c20e34e63aee911ca80,numeric,sign_flip,0.05
hitab,hitab_422b0434e7c23c20e34e63aee911ca80,numeric,wrong_random,0.0
hitab,hitab_422b0434e7c23c20e34e63aee911ca80,numeric,no_answer,0.0
hitab,hitab_422b0434e7c23c20e34e63aee911ca80,numeric,hedge,0.3
hitab,hitab_422b0434e7c23c20e34e63aee911ca80,numeric,list_dump,0.25
hitab,hitab_43cb01cfae80e7d2e541eba1181b78dd,numeric,identity,1.0
hitab,hitab_43cb01cfae80e7d2e541eba1181b78dd,numeric,verbose,1.0
hitab,hitab_43cb01cfae80e7d2e541eba1181b78dd,numeric,tagged,1.0
hitab,hitab_43cb01cfae80e7d2e541eba1181b78dd,numeric,paraphrase,0.95
hitab,hitab_43cb01cfae80e7d2e541eba1181b78dd,numeric,unit_variant,1.0
hitab,hitab_43cb01cfae80e7d2e541eba1181b78dd,numeric,near_miss_small,0.75
hitab,hitab_43cb01cfae80e7d2e541eba1181b78dd,numeric,near_miss_medium,0.45
hitab,hitab_43cb01cfae80e7d2e541eba1181b78dd,numeric,near_miss_large,0.15
hitab,hitab_43cb01cfae80e7d2e541eba1181b78dd,numeric,digit_typo,0.2
hitab,hitab_43cb01cfae80e7d2e541eba1181b78dd,numeric,magnitude,0.05
hitab,hitab_43cb01cfae80e7d2e541eba1181b78dd,numeric,sign_flip,0.05
hitab,hitab_43cb01cfae80e7d2e541eba1181b78dd,numeric,wrong_random,0.0
hitab,hitab_43cb01cfae80e7d2e541eba1181b78dd,numeric,no_answer,0.0
hitab,hitab_43cb01cfae80e7d2e541eba1181b78dd,numeric,hedge,0.3
hitab,hitab_43cb01cfae80e7d2e541eba1181b78dd,numeric,list_dump,0.25
hitab,hitab_45f4e650c5b11d304121c4977a5605c8,numeric,identity,1.0
hitab,hitab_45f4e650c5b11d304121c4977a5605c8,numeric,verbose,1.0
hitab,hitab_45f4e650c5b11d304121c4977a5605c8,numeric,tagged,1.0
hitab,hitab_45f4e650c5b11d304121c4977a5605c8,numeric,paraphrase,0.95
hitab,hitab_45f4e650c5b11d304121c4977a5605c8,numeric,unit_variant,1.0
hitab,hitab_45f4e650c5b11d304121c4977a5605c8,numeric,near_miss_small,0.75
hitab,hitab_45f4e650c5b11d304121c4977a5605c8,numeric,near_miss_medium,0.45
hitab,hitab_45f4e650c5b11d304121c4977a5605c8,numeric,near_miss_large,0.15
hitab,hitab_45f4e650c5b11d304121c4977a5605c8,numeric,digit_typo,0.2
hitab,hitab_45f4e650c5b11d304121c4977a5605c8,numeric,magnitude,0.05
hitab,hitab_45f4e650c5b11d304121c4977a5605c8,numeric,sign_flip,0.05
hitab,hitab_45f4e650c5b11d304121c4977a5605c8,numeric,wrong_random,0.0
hitab,hitab_45f4e650c5b11d304121c4977a5605c8,numeric,no_answer,0.0
hitab,hitab_45f4e650c5b11d304121c4977a5605c8,numeric,hedge,0.3
hitab,hitab_45f4e650c5b11d304121c4977a5605c8,numeric,list_dump,0.25
hitab,hitab_464c1c7e99fa567c06f86e5f510a7595,numeric,identity,1.0
hitab,hitab_464c1c7e99fa567c06f86e5f510a7595,numeric,verbose,1.0
hitab,hitab_464c1c7e99fa567c06f86e5f510a7595,numeric,tagged,1.0
hitab,hitab_464c1c7e99fa567c06f86e5f510a7595,numeric,paraphrase,0.95
hitab,hitab_464c1c7e99fa567c06f86e5f510a7595,numeric,unit_variant,1.0
hitab,hitab_464c1c7e99fa567c06f86e5f510a7595,numeric,near_miss_small,0.75
hitab,hitab_464c1c7e99fa567c06f86e5f510a7595,numeric,near_miss_medium,0.45
hitab,hitab_464c1c7e99fa567c06f86e5f510a7595,numeric,near_miss_large,0.15
hitab,hitab_464c1c7e99fa567c06f86e5f510a7595,numeric,digit_typo,0.2
hitab,hitab_464c1c7e99fa567c06f86e5f510a7595,numeric,magnitude,0.05
hitab,hitab_464c1c7e99fa567c06f86e5f510a7595,numeric,sign_flip,0.05
hitab,hitab_464c1c7e99fa567c06f86e5f510a7595,numeric,wrong_random,0.0
hitab,hitab_464c1c7e99fa567c06f86e5f510a7595,numeric,no_answer,0.0
hitab,hitab_464c1c7e99fa567c06f86e5f510a7595,numeric,hedge,0.3
hitab,hitab_464c1c7e99fa567c06f86e5f510a7595,numeric,list_dump,0.25
hitab,hitab_467f524d9022738347b63f09191ffbb4,numeric,identity,1.0
hitab,hitab_467f524d9022738347b63f09191ffbb4,numeric,verbose,1.0
hitab,hitab_467f524d9022738347b63f09191ffbb4,numeric,tagged,1.0
hitab,hitab_467f524d9022738347b63f09191ffbb4,numeric,paraphrase,0.95
hitab,hitab_467f524d9022738347b63f09191ffbb4,numeric,unit_variant,1.0
hitab,hitab_467f524d9022738347b63f09191ffbb4,numeric,near_miss_small,0.75
hitab,hitab_467f524d9022738347b63f09191ffbb4,numeric,near_miss_medium,0.45
hitab,hitab_467f524d9022738347b63f09191ffbb4,numeric,near_miss_large,0.15
hitab,hitab_467f524d9022738347b63f09191ffbb4,numeric,digit_typo,0.2
hitab,hitab_467f524d9022738347b63f09191ffbb4,numeric,magnitude,0.05
hitab,hitab_467f524d9022738347b63f09191ffbb4,numeric,sign_flip,0.05
hitab,hitab_467f524d9022738347b63f09191ffbb4,numeric,wrong_random,0.0
hitab,hitab_467f524d9022738347b63f09191ffbb4,numeric,no_answer,0.0
hitab,hitab_467f524d9022738347b63f09191ffbb4,numeric,hedge,0.3
hitab,hitab_467f524d9022738347b63f09191ffbb4,numeric,list_dump,0.25
hitab,hitab_4a44dc0029a067140a710eb572cfd33c,numeric,identity,1.0
hitab,hitab_4a44dc0029a067140a710eb572cfd33c,numeric,verbose,1.0
hitab,hitab_4a44dc0029a067140a710eb572cfd33c,numeric,tagged,1.0
hitab,hitab_4a44dc0029a067140a710eb572cfd33c,numeric,paraphrase,0.95
hitab,hitab_4a44dc0029a067140a710eb572cfd33c,numeric,unit_variant,1.0
hitab,hitab_4a44dc0029a067140a710eb572cfd33c,numeric,near_miss_small,0.75
hitab,hitab_4a44dc0029a067140a710eb572cfd33c,numeric,near_miss_medium,0.45
hitab,hitab_4a44dc0029a067140a710eb572cfd33c,numeric,near_miss_large,0.15
hitab,hitab_4a44dc0029a067140a710eb572cfd33c,numeric,digit_typo,0.2
hitab,hitab_4a44dc0029a067140a710eb572cfd33c,numeric,magnitude,0.05
hitab,hitab_4a44dc0029a067140a710eb572cfd33c,numeric,sign_flip,0.05
hitab,hitab_4a44dc0029a067140a710eb572cfd33c,numeric,wrong_random,0.0
hitab,hitab_4a44dc0029a067140a710eb572cfd33c,numeric,no_answer,0.0
hitab,hitab_4a44dc0029a067140a710eb572cfd33c,numeric,hedge,0.3
hitab,hitab_4a44dc0029a067140a710eb572cfd33c,numeric,list_dump,0.25
hitab,hitab_4bb068063e4a256a046afd012229b8d4,numeric,identity,1.0
hitab,hitab_4bb068063e4a256a046afd012229b8d4,numeric,verbose,1.0
hitab,hitab_4bb068063e4a256a046afd012229b8d4,numeric,tagged,1.0
hitab,hitab_4bb068063e4a256a046afd012229b8d4,numeric,paraphrase,0.95
hitab,hitab_4bb068063e4a256a046afd012229b8d4,numeric,unit_variant,1.0
hitab,hitab_4bb068063e4a256a046afd012229b8d4,numeric,near_miss_small,0.75
hitab,hitab_4bb068063e4a256a046afd012229b8d4,numeric,near_miss_medium,0.45
hitab,hitab_4bb068063e4a256a046afd012229b8d4,numeric,near_miss_large,0.15
hitab,hitab_4bb068063e4a256a046afd012229b8d4,numeric,digit_typo,0.2
hitab,hitab_4bb068063e4a256a046afd012229b8d4,numeric,magnitude,0.05
hitab,hitab_4bb068063e4a256a046afd012229b8d4,numeric,sign_flip,0.05
hitab,hitab_4bb068063e4a256a046afd012229b8d4,numeric,wrong_random,0.0
hitab,hitab_4bb068063e4a256a046afd012229b8d4,numeric,no_answer,0.0
hitab,hitab_4bb068063e4a256a046afd012229b8d4,numeric,hedge,0.3
hitab,hitab_4bb068063e4a256a046afd012229b8d4,numeric,list_dump,0.25
hitab,hitab_4c954e05148e5d4d4614a7931fada9dc,numeric,identity,1.0
hitab,hitab_4c954e05148e5d4d4614a7931fada9dc,numeric,verbose,1.0
hitab,hitab_4c954e05148e5d4d4614a7931fada9dc,numeric,tagged,1.0
hitab,hitab_4c954e05148e5d4d4614a7931fada9dc,numeric,paraphrase,0.95
hitab,hitab_4c954e05148e5d4d4614a7931fada9dc,numeric,unit_variant,1.0
hitab,hitab_4c954e05148e5d4d4614a7931fada9dc,numeric,near_miss_small,0.75
hitab,hitab_4c954e05148e5d4d4614a7931fada9dc,numeric,near_miss_medium,0.45
hitab,hitab_4c954e05148e5d4d4614a7931fada9dc,numeric,near_miss_large,0.15
hitab,hitab_4c954e05148e5d4d4614a7931fada9dc,numeric,digit_typo,0.2
hitab,hitab_4c954e05148e5d4d4614a7931fada9dc,numeric,magnitude,0.05
hitab,hitab_4c954e05148e5d4d4614a7931fada9dc,numeric,sign_flip,0.05
hitab,hitab_4c954e05148e5d4d4614a7931fada9dc,numeric,wrong_random,0.0
hitab,hitab_4c954e05148e5d4d4614a7931fada9dc,numeric,no_answer,0.0
hitab,hitab_4c954e05148e5d4d4614a7931fada9dc,numeric,hedge,0.3
hitab,hitab_4c954e05148e5d4d4614a7931fada9dc,numeric,list_dump,0.25
hitab,hitab_4eb711dd5fc158e33fdddb87e3bc8c7c,numeric,identity,1.0
hitab,hitab_4eb711dd5fc158e33fdddb87e3bc8c7c,numeric,verbose,1.0
hitab,hitab_4eb711dd5fc158e33fdddb87e3bc8c7c,numeric,tagged,1.0
hitab,hitab_4eb711dd5fc158e33fdddb87e3bc8c7c,numeric,paraphrase,0.95
hitab,hitab_4eb711dd5fc158e33fdddb87e3bc8c7c,numeric,unit_variant,1.0
hitab,hitab_4eb711dd5fc158e33fdddb87e3bc8c7c,numeric,near_miss_small,0.75
hitab,hitab_4eb711dd5fc158e33fdddb87e3bc8c7c,numeric,near_miss_medium,0.45
hitab,hitab_4eb711dd5fc158e33fdddb87e3bc8c7c,numeric,near_miss_large,0.15
hitab,hitab_4eb711dd5fc158e33fdddb87e3bc8c7c,numeric,digit_typo,0.2
hitab,hitab_4eb711dd5fc158e33fdddb87e3bc8c7c,numeric,magnitude,0.05
hitab,hitab_4eb711dd5fc158e33fdddb87e3bc8c7c,numeric,sign_flip,0.05
hitab,hitab_4eb711dd5fc158e33fdddb87e3bc8c7c,numeric,wrong_random,0.0
hitab,hitab_4eb711dd5fc158e33fdddb87e3bc8c7c,numeric,no_answer,0.0
hitab,hitab_4eb711dd5fc158e33fdddb87e3bc8c7c,numeric,hedge,0.3
hitab,hitab_4eb711dd5fc158e33fdddb87e3bc8c7c,numeric,list_dump,0.25
hitab,hitab_4f89c8540bfe179f1362f125c1a4d437,numeric,identity,1.0
hitab,hitab_4f89c8540bfe179f1362f125c1a4d437,numeric,verbose,1.0
hitab,hitab_4f89c8540bfe179f1362f125c1a4d437,numeric,tagged,1.0
hitab,hitab_4f89c8540bfe179f1362f125c1a4d437,numeric,paraphrase,0.95
hitab,hitab_4f89c8540bfe179f1362f125c1a4d437,numeric,unit_variant,1.0
hitab,hitab_4f89c8540bfe179f1362f125c1a4d437,numeric,near_miss_small,0.75
hitab,hitab_4f89c8540bfe179f1362f125c1a4d437,numeric,near_miss_medium,0.45
hitab,hitab_4f89c8540bfe179f1362f125c1a4d437,numeric,near_miss_large,0.15
hitab,hitab_4f89c8540bfe179f1362f125c1a4d437,numeric,digit_typo,0.2
hitab,hitab_4f89c8540bfe179f1362f125c1a4d437,numeric,magnitude,0.05
hitab,hitab_4f89c8540bfe179f1362f125c1a4d437,numeric,sign_flip,0.05
hitab,hitab_4f89c8540bfe179f1362f125c1a4d437,numeric,wrong_random,0.0
hitab,hitab_4f89c8540bfe179f1362f125c1a4d437,numeric,no_answer,0.0
hitab,hitab_4f89c8540bfe179f1362f125c1a4d437,numeric,hedge,0.3
hitab,hitab_4f89c8540bfe179f1362f125c1a4d437,numeric,list_dump,0.25
hitab,hitab_5200d6cbd72bc037fb7b6b31e55dfd7f,numeric,identity,1.0
hitab,hitab_5200d6cbd72bc037fb7b6b31e55dfd7f,numeric,verbose,1.0
hitab,hitab_5200d6cbd72bc037fb7b6b31e55dfd7f,numeric,tagged,1.0
hitab,hitab_5200d6cbd72bc037fb7b6b31e55dfd7f,numeric,paraphrase,0.95
hitab,hitab_5200d6cbd72bc037fb7b6b31e55dfd7f,numeric,unit_variant,1.0
hitab,hitab_5200d6cbd72bc037fb7b6b31e55dfd7f,numeric,near_miss_small,0.75
hitab,hitab_5200d6cbd72bc037fb7b6b31e55dfd7f,numeric,near_miss_medium,0.45
hitab,hitab_5200d6cbd72bc037fb7b6b31e55dfd7f,numeric,near_miss_large,0.15
hitab,hitab_5200d6cbd72bc037fb7b6b31e55dfd7f,numeric,digit_typo,0.2
hitab,hitab_5200d6cbd72bc037fb7b6b31e55dfd7f,numeric,magnitude,0.05
hitab,hitab_5200d6cbd72bc037fb7b6b31e55dfd7f,numeric,sign_flip,0.05
hitab,hitab_5200d6cbd72bc037fb7b6b31e55dfd7f,numeric,wrong_random,0.0
hitab,hitab_5200d6cbd72bc037fb7b6b31e55dfd7f,numeric,no_answer,0.0
hitab,hitab_5200d6cbd72bc037fb7b6b31e55dfd7f,numeric,hedge,0.3
hitab,hitab_5200d6cbd72bc037fb7b6b31e55dfd7f,numeric,list_dump,0.25
hitab,hitab_55992a23869dd653b3b818ccbcacd4a1,numeric,identity,1.0
hitab,hitab_55992a23869dd653b3b818ccbcacd4a1,numeric,verbose,1.0
hitab,hitab_55992a23869dd653b3b818ccbcacd4a1,numeric,tagged,1.0
hitab,hitab_55992a23869dd653b3b818ccbcacd4a1,numeric,paraphrase,0.95
hitab,hitab_55992a23869dd653b3b818ccbcacd4a1,numeric,unit_variant,1.0
hitab,hitab_55992a23869dd653b3b818ccbcacd4a1,numeric,near_miss_small,0.75
hitab,hitab_55992a23869dd653b3b818ccbcacd4a1,numeric,near_miss_medium,0.45
hitab,hitab_55992a23869dd653b3b818ccbcacd4a1,numeric,near_miss_large,0.15
hitab,hitab_55992a23869dd653b3b818ccbcacd4a1,numeric,digit_typo,0.2
hitab,hitab_55992a23869dd653b3b818ccbcacd4a1,numeric,magnitude,0.05
hitab,hitab_55992a23869dd653b3b818ccbcacd4a1,numeric,sign_flip,0.05
hitab,hitab_55992a23869dd653b3b818ccbcacd4a1,numeric,wrong_random,0.0
hitab,hitab_55992a23869dd653b3b818ccbcacd4a1,numeric,no_answer,0.0
hitab,hitab_55992a23869dd653b3b818ccbcacd4a1,numeric,hedge,0.3
hitab,hitab_55992a23869dd653b3b818ccbcacd4a1,numeric,list_dump,0.25
hitab,hitab_5995b7ddab790244673919b2ee8cc648,text,identity,1.0
hitab,hitab_5995b7ddab790244673919b2ee8cc648,text,verbose,1.0
hitab,hitab_5995b7ddab790244673919b2ee8cc648,text,tagged,1.0
hitab,hitab_5995b7ddab790244673919b2ee8cc648,text,paraphrase,0.95
hitab,hitab_5995b7ddab790244673919b2ee8cc648,text,partial,0.5
hitab,hitab_5995b7ddab790244673919b2ee8cc648,text,superset,0.6
hitab,hitab_5995b7ddab790244673919b2ee8cc648,text,typo,0.6
hitab,hitab_5995b7ddab790244673919b2ee8cc648,text,wrong_random,0.0
hitab,hitab_5995b7ddab790244673919b2ee8cc648,text,no_answer,0.0
hitab,hitab_5995b7ddab790244673919b2ee8cc648,text,hedge,0.3
hitab,hitab_5995b7ddab790244673919b2ee8cc648,text,list_dump,0.25
hitab,hitab_5c7efa085fc9c5bc294b9835459bb04e,text,identity,1.0
hitab,hitab_5c7efa085fc9c5bc294b9835459bb04e,text,verbose,1.0
hitab,hitab_5c7efa085fc9c5bc294b9835459bb04e,text,tagged,1.0
hitab,hitab_5c7efa085fc9c5bc294b9835459bb04e,text,paraphrase,0.95
hitab,hitab_5c7efa085fc9c5bc294b9835459bb04e,text,partial,0.5
hitab,hitab_5c7efa085fc9c5bc294b9835459bb04e,text,superset,0.6
hitab,hitab_5c7efa085fc9c5bc294b9835459bb04e,text,typo,0.6
hitab,hitab_5c7efa085fc9c5bc294b9835459bb04e,text,wrong_random,0.0
hitab,hitab_5c7efa085fc9c5bc294b9835459bb04e,text,no_answer,0.0
hitab,hitab_5c7efa085fc9c5bc294b9835459bb04e,text,hedge,0.3
hitab,hitab_5c7efa085fc9c5bc294b9835459bb04e,text,list_dump,0.25
hitab,hitab_5e0176fc5ef293e05e0adec1834e9ba1,numeric,identity,1.0
hitab,hitab_5e0176fc5ef293e05e0adec1834e9ba1,numeric,verbose,1.0
hitab,hitab_5e0176fc5ef293e05e0adec1834e9ba1,numeric,tagged,1.0
hitab,hitab_5e0176fc5ef293e05e0adec1834e9ba1,numeric,paraphrase,0.95
hitab,hitab_5e0176fc5ef293e05e0adec1834e9ba1,numeric,unit_variant,1.0
hitab,hitab_5e0176fc5ef293e05e0adec1834e9ba1,numeric,near_miss_small,0.75
hitab,hitab_5e0176fc5ef293e05e0adec1834e9ba1,numeric,near_miss_medium,0.45
hitab,hitab_5e0176fc5ef293e05e0adec1834e9ba1,numeric,near_miss_large,0.15
hitab,hitab_5e0176fc5ef293e05e0adec1834e9ba1,numeric,digit_typo,0.2
hitab,hitab_5e0176fc5ef293e05e0adec1834e9ba1,numeric,magnitude,0.05
hitab,hitab_5e0176fc5ef293e05e0adec1834e9ba1,numeric,sign_flip,0.05
hitab,hitab_5e0176fc5ef293e05e0adec1834e9ba1,numeric,wrong_random,0.0
hitab,hitab_5e0176fc5ef293e05e0adec1834e9ba1,numeric,no_answer,0.0
hitab,hitab_5e0176fc5ef293e05e0adec1834e9ba1,numeric,hedge,0.3
hitab,hitab_5e0176fc5ef293e05e0adec1834e9ba1,numeric,list_dump,0.25
hitab,hitab_6131fa89d356092f30638a4cfa87e672,numeric,identity,1.0
hitab,hitab_6131fa89d356092f30638a4cfa87e672,numeric,verbose,1.0
hitab,hitab_6131fa89d356092f30638a4cfa87e672,numeric,tagged,1.0
hitab,hitab_6131fa89d356092f30638a4cfa87e672,numeric,paraphrase,0.95
hitab,hitab_6131fa89d356092f30638a4cfa87e672,numeric,unit_variant,1.0
hitab,hitab_6131fa89d356092f30638a4cfa87e672,numeric,near_miss_small,0.75
hitab,hitab_6131fa89d356092f30638a4cfa87e672,numeric,near_miss_medium,0.45
hitab,hitab_6131fa89d356092f30638a4cfa87e672,numeric,near_miss_large,0.15
hitab,hitab_6131fa89d356092f30638a4cfa87e672,numeric,digit_typo,0.2
hitab,hitab_6131fa89d356092f30638a4cfa87e672,numeric,magnitude,0.05
hitab,hitab_6131fa89d356092f30638a4cfa87e672,numeric,sign_flip,0.05
hitab,hitab_6131fa89d356092f30638a4cfa87e672,numeric,wrong_random,0.0
hitab,hitab_6131fa89d356092f30638a4cfa87e672,numeric,no_answer,0.0
hitab,hitab_6131fa89d356092f30638a4cfa87e672,numeric,hedge,0.3
hitab,hitab_6131fa89d356092f30638a4cfa87e672,numeric,list_dump,0.25
hitab,hitab_616c7485444528e0c2e4b3a08ec733a2,numeric,identity,1.0
hitab,hitab_616c7485444528e0c2e4b3a08ec733a2,numeric,verbose,1.0
hitab,hitab_616c7485444528e0c2e4b3a08ec733a2,numeric,tagged,1.0
hitab,hitab_616c7485444528e0c2e4b3a08ec733a2,numeric,paraphrase,0.95
hitab,hitab_616c7485444528e0c2e4b3a08ec733a2,numeric,unit_variant,1.0
hitab,hitab_616c7485444528e0c2e4b3a08ec733a2,numeric,near_miss_small,0.75
hitab,hitab_616c7485444528e0c2e4b3a08ec733a2,numeric,near_miss_medium,0.45
hitab,hitab_616c7485444528e0c2e4b3a08ec733a2,numeric,near_miss_large,0.15
hitab,hitab_616c7485444528e0c2e4b3a08ec733a2,numeric,digit_typo,0.2
hitab,hitab_616c7485444528e0c2e4b3a08ec733a2,numeric,magnitude,0.05
hitab,hitab_616c7485444528e0c2e4b3a08ec733a2,numeric,sign_flip,0.05
hitab,hitab_616c7485444528e0c2e4b3a08ec733a2,numeric,wrong_random,0.0
hitab,hitab_616c7485444528e0c2e4b3a08ec733a2,numeric,no_answer,0.0
hitab,hitab_616c7485444528e0c2e4b3a08ec733a2,numeric,hedge,0.3
hitab,hitab_616c7485444528e0c2e4b3a08ec733a2,numeric,list_dump,0.25
hitab,hitab_637c262123e7d912080e2545ca9fb1b1,numeric,identity,1.0
hitab,hitab_637c262123e7d912080e2545ca9fb1b1,numeric,verbose,1.0
hitab,hitab_637c262123e7d912080e2545ca9fb1b1,numeric,tagged,1.0
hitab,hitab_637c262123e7d912080e2545ca9fb1b1,numeric,paraphrase,0.95
hitab,hitab_637c262123e7d912080e2545ca9fb1b1,numeric,unit_variant,1.0
hitab,hitab_637c262123e7d912080e2545ca9fb1b1,numeric,near_miss_small,0.75
hitab,hitab_637c262123e7d912080e2545ca9fb1b1,numeric,near_miss_medium,0.45
hitab,hitab_637c262123e7d912080e2545ca9fb1b1,numeric,near_miss_large,0.15
hitab,hitab_637c262123e7d912080e2545ca9fb1b1,numeric,digit_typo,0.2
hitab,hitab_637c262123e7d912080e2545ca9fb1b1,numeric,magnitude,0.05
hitab,hitab_637c262123e7d912080e2545ca9fb1b1,numeric,sign_flip,0.05
hitab,hitab_637c262123e7d912080e2545ca9fb1b1,numeric,wrong_random,0.0
hitab,hitab_637c262123e7d912080e2545ca9fb1b1,numeric,no_answer,0.0
hitab,hitab_637c262123e7d912080e2545ca9fb1b1,numeric,hedge,0.3
hitab,hitab_637c262123e7d912080e2545ca9fb1b1,numeric,list_dump,0.25
hitab,hitab_668eda5b3265c54110b4a8f9a2ef9347,numeric,identity,1.0
hitab,hitab_668eda5b3265c54110b4a8f9a2ef9347,numeric,verbose,1.0
hitab,hitab_668eda5b3265c54110b4a8f9a2ef9347,numeric,tagged,1.0
hitab,hitab_668eda5b3265c54110b4a8f9a2ef9347,numeric,paraphrase,0.95
hitab,hitab_668eda5b3265c54110b4a8f9a2ef9347,numeric,unit_variant,1.0
hitab,hitab_668eda5b3265c54110b4a8f9a2ef9347,numeric,near_miss_small,0.75
hitab,hitab_668eda5b3265c54110b4a8f9a2ef9347,numeric,near_miss_medium,0.45
hitab,hitab_668eda5b3265c54110b4a8f9a2ef9347,numeric,near_miss_large,0.15
hitab,hitab_668eda5b3265c54110b4a8f9a2ef9347,numeric,digit_typo,0.2
hitab,hitab_668eda5b3265c54110b4a8f9a2ef9347,numeric,magnitude,0.05
hitab,hitab_668eda5b3265c54110b4a8f9a2ef9347,numeric,sign_flip,0.05
hitab,hitab_668eda5b3265c54110b4a8f9a2ef9347,numeric,wrong_random,0.0
hitab,hitab_668eda5b3265c54110b4a8f9a2ef9347,numeric,no_answer,0.0
hitab,hitab_668eda5b3265c54110b4a8f9a2ef9347,numeric,hedge,0.3
hitab,hitab_668eda5b3265c54110b4a8f9a2ef9347,numeric,list_dump,0.25
hitab,hitab_671932699ecd8c4978cd6ffe5fc8b862,text,identity,1.0
hitab,hitab_671932699ecd8c4978cd6ffe5fc8b862,text,verbose,1.0
hitab,hitab_671932699ecd8c4978cd6ffe5fc8b862,text,tagged,1.0
hitab,hitab_671932699ecd8c4978cd6ffe5fc8b862,text,paraphrase,0.95
hitab,hitab_671932699ecd8c4978cd6ffe5fc8b862,text,partial,0.5
hitab,hitab_671932699ecd8c4978cd6ffe5fc8b862,text,superset,0.6
hitab,hitab_671932699ecd8c4978cd6ffe5fc8b862,text,typo,0.6
hitab,hitab_671932699ecd8c4978cd6ffe5fc8b862,text,wrong_random,0.0
hitab,hitab_671932699ecd8c4978cd6ffe5fc8b862,text,no_answer,0.0
hitab,hitab_671932699ecd8c4978cd6ffe5fc8b862,text,hedge,0.3
hitab,hitab_671932699ecd8c4978cd6ffe5fc8b862,text,list_dump,0.25
hitab,hitab_6799af69eface495e563a22f595654c2,numeric,identity,1.0
hitab,hitab_6799af69eface495e563a22f595654c2,numeric,verbose,1.0
hitab,hitab_6799af69eface495e563a22f595654c2,numeric,tagged,1.0
hitab,hitab_6799af69eface495e563a22f595654c2,numeric,paraphrase,0.95
hitab,hitab_6799af69eface495e563a22f595654c2,numeric,unit_variant,1.0
hitab,hitab_6799af69eface495e563a22f595654c2,numeric,near_miss_small,0.75
hitab,hitab_6799af69eface495e563a22f595654c2,numeric,near_miss_medium,0.45
hitab,hitab_6799af69eface495e563a22f595654c2,numeric,near_miss_large,0.15
hitab,hitab_6799af69eface495e563a22f595654c2,numeric,digit_typo,0.2
hitab,hitab_6799af69eface495e563a22f595654c2,numeric,magnitude,0.05
hitab,hitab_6799af69eface495e563a22f595654c2,numeric,sign_flip,0.05
hitab,hitab_6799af69eface495e563a22f595654c2,numeric,wrong_random,0.0
hitab,hitab_6799af69eface495e563a22f595654c2,numeric,no_answer,0.0
hitab,hitab_6799af69eface495e563a22f595654c2,numeric,hedge,0.3
hitab,hitab_6799af69eface495e563a22f595654c2,numeric,list_dump,0.25
hitab,hitab_680481e11f9663151e506cf0b23d597c,text,identity,1.0
hitab,hitab_680481e11f9663151e506cf0b23d597c,text,verbose,1.0
hitab,hitab_680481e11f9663151e506cf0b23d597c,text,tagged,1.0
hitab,hitab_680481e11f9663151e506cf0b23d597c,text,paraphrase,0.95
hitab,hitab_680481e11f9663151e506cf0b23d597c,text,partial,0.5
hitab,hitab_680481e11f9663151e506cf0b23d597c,text,superset,0.6
hitab,hitab_680481e11f9663151e506cf0b23d597c,text,typo,0.6
hitab,hitab_680481e11f9663151e506cf0b23d597c,text,wrong_random,0.0
hitab,hitab_680481e11f9663151e506cf0b23d597c,text,no_answer,0.0
hitab,hitab_680481e11f9663151e506cf0b23d597c,text,hedge,0.3
hitab,hitab_680481e11f9663151e506cf0b23d597c,text,list_dump,0.25
hitab,hitab_6939086016c92b318fe710ce09fcaea2,numeric,identity,1.0
hitab,hitab_6939086016c92b318fe710ce09fcaea2,numeric,verbose,1.0
hitab,hitab_6939086016c92b318fe710ce09fcaea2,numeric,tagged,1.0
hitab,hitab_6939086016c92b318fe710ce09fcaea2,numeric,paraphrase,0.95
hitab,hitab_6939086016c92b318fe710ce09fcaea2,numeric,unit_variant,1.0
hitab,hitab_6939086016c92b318fe710ce09fcaea2,numeric,near_miss_small,0.75
hitab,hitab_6939086016c92b318fe710ce09fcaea2,numeric,near_miss_medium,0.45
hitab,hitab_6939086016c92b318fe710ce09fcaea2,numeric,near_miss_large,0.15
hitab,hitab_6939086016c92b318fe710ce09fcaea2,numeric,digit_typo,0.2
hitab,hitab_6939086016c92b318fe710ce09fcaea2,numeric,magnitude,0.05
hitab,hitab_6939086016c92b318fe710ce09fcaea2,numeric,sign_flip,0.05
hitab,hitab_6939086016c92b318fe710ce09fcaea2,numeric,wrong_random,0.0
hitab,hitab_6939086016c92b318fe710ce09fcaea2,numeric,no_answer,0.0
hitab,hitab_6939086016c92b318fe710ce09fcaea2,numeric,hedge,0.3
hitab,hitab_6939086016c92b318fe710ce09fcaea2,numeric,list_dump,0.25
hitab,hitab_6c17b45e1310027c501ac9cabcac781f,text,identity,1.0
hitab,hitab_6c17b45e1310027c501ac9cabcac781f,text,verbose,1.0
hitab,hitab_6c17b45e1310027c501ac9cabcac781f,text,tagged,1.0
hitab,hitab_6c17b45e1310027c501ac9cabcac781f,text,paraphrase,0.95
hitab,hitab_6c17b45e1310027c501ac9cabcac781f,text,partial,0.5
hitab,hitab_6c17b45e1310027c501ac9cabcac781f,text,superset,0.6
hitab,hitab_6c17b45e1310027c501ac9cabcac781f,text,typo,0.6
hitab,hitab_6c17b45e1310027c501ac9cabcac781f,text,wrong_random,0.0
hitab,hitab_6c17b45e1310027c501ac9cabcac781f,text,no_answer,0.0
hitab,hitab_6c17b45e1310027c501ac9cabcac781f,text,hedge,0.3
hitab,hitab_6c17b45e1310027c501ac9cabcac781f,text,list_dump,0.25
hitab,hitab_6c5e3305e68a3d1e1565958ca0a55331,numeric,identity,1.0
hitab,hitab_6c5e3305e68a3d1e1565958ca0a55331,numeric,verbose,1.0
hitab,hitab_6c5e3305e68a3d1e1565958ca0a55331,numeric,tagged,1.0
hitab,hitab_6c5e3305e68a3d1e1565958ca0a55331,numeric,paraphrase,0.95
hitab,hitab_6c5e3305e68a3d1e1565958ca0a55331,numeric,unit_variant,1.0
hitab,hitab_6c5e3305e68a3d1e1565958ca0a55331,numeric,near_miss_small,0.75
hitab,hitab_6c5e3305e68a3d1e1565958ca0a55331,numeric,near_miss_medium,0.45
hitab,hitab_6c5e3305e68a3d1e1565958ca0a55331,numeric,near_miss_large,0.15
hitab,hitab_6c5e3305e68a3d1e1565958ca0a55331,numeric,digit_typo,0.2
hitab,hitab_6c5e3305e68a3d1e1565958ca0a55331,numeric,magnitude,0.05
hitab,hitab_6c5e3305e68a3d1e1565958ca0a55331,numeric,sign_flip,0.05
hitab,hitab_6c5e3305e68a3d1e1565958ca0a55331,numeric,wrong_random,0.0
hitab,hitab_6c5e3305e68a3d1e1565958ca0a55331,numeric,no_answer,0.0
hitab,hitab_6c5e3305e68a3d1e1565958ca0a55331,numeric,hedge,0.3
hitab,hitab_6c5e3305e68a3d1e1565958ca0a55331,numeric,list_dump,0.25
hitab,hitab_70e7b08c9a5687a469efce53af7f8ee8,numeric,identity,1.0
hitab,hitab_70e7b08c9a5687a469efce53af7f8ee8,numeric,verbose,1.0
hitab,hitab_70e7b08c9a5687a469efce53af7f8ee8,numeric,tagged,1.0
hitab,hitab_70e7b08c9a5687a469efce53af7f8ee8,numeric,paraphrase,0.95
hitab,hitab_70e7b08c9a5687a469efce53af7f8ee8,numeric,unit_variant,1.0
hitab,hitab_70e7b08c9a5687a469efce53af7f8ee8,numeric,near_miss_small,0.75
hitab,hitab_70e7b08c9a5687a469efce53af7f8ee8,numeric,near_miss_medium,0.45
hitab,hitab_70e7b08c9a5687a469efce53af7f8ee8,numeric,near_miss_large,0.15
hitab,hitab_70e7b08c9a5687a469efce53af7f8ee8,numeric,digit_typo,0.2
hitab,hitab_70e7b08c9a5687a469efce53af7f8ee8,numeric,magnitude,0.05
hitab,hitab_70e7b08c9a5687a469efce53af7f8ee8,numeric,sign_flip,0.05
hitab,hitab_70e7b08c9a5687a469efce53af7f8ee8,numeric,wrong_random,0.0
hitab,hitab_70e7b08c9a5687a469efce53af7f8ee8,numeric,no_answer,0.0
hitab,hitab_70e7b08c9a5687a469efce53af7f8ee8,numeric,hedge,0.3
hitab,hitab_70e7b08c9a5687a469efce53af7f8ee8,numeric,list_dump,0.25
hitab,hitab_76e51a7a2eedbe940d512a5283cd91a4,numeric,identity,1.0
hitab,hitab_76e51a7a2eedbe940d512a5283cd91a4,numeric,verbose,1.0
hitab,hitab_76e51a7a2eedbe940d512a5283cd91a4,numeric,tagged,1.0
hitab,hitab_76e51a7a2eedbe940d512a5283cd91a4,numeric,paraphrase,0.95
hitab,hitab_76e51a7a2eedbe940d512a5283cd91a4,numeric,unit_variant,1.0
hitab,hitab_76e51a7a2eedbe940d512a5283cd91a4,numeric,near_miss_small,0.75
hitab,hitab_76e51a7a2eedbe940d512a5283cd91a4,numeric,near_miss_medium,0.45
hitab,hitab_76e51a7a2eedbe940d512a5283cd91a4,numeric,near_miss_large,0.15
hitab,hitab_76e51a7a2eedbe940d512a5283cd91a4,numeric,digit_typo,0.2
hitab,hitab_76e51a7a2eedbe940d512a5283cd91a4,numeric,magnitude,0.05
hitab,hitab_76e51a7a2eedbe940d512a5283cd91a4,numeric,sign_flip,0.05
hitab,hitab_76e51a7a2eedbe940d512a5283cd91a4,numeric,wrong_random,0.0
hitab,hitab_76e51a7a2eedbe940d512a5283cd91a4,numeric,no_answer,0.0
hitab,hitab_76e51a7a2eedbe940d512a5283cd91a4,numeric,hedge,0.3
hitab,hitab_76e51a7a2eedbe940d512a5283cd91a4,numeric,list_dump,0.25
hitab,hitab_78eeb70f1e3f96f29aba0a206b1eeeaf,text,identity,1.0
hitab,hitab_78eeb70f1e3f96f29aba0a206b1eeeaf,text,verbose,1.0
hitab,hitab_78eeb70f1e3f96f29aba0a206b1eeeaf,text,tagged,1.0
hitab,hitab_78eeb70f1e3f96f29aba0a206b1eeeaf,text,paraphrase,0.95
hitab,hitab_78eeb70f1e3f96f29aba0a206b1eeeaf,text,partial,0.5
hitab,hitab_78eeb70f1e3f96f29aba0a206b1eeeaf,text,superset,0.6
hitab,hitab_78eeb70f1e3f96f29aba0a206b1eeeaf,text,typo,0.6
hitab,hitab_78eeb70f1e3f96f29aba0a206b1eeeaf,text,wrong_random,0.0
hitab,hitab_78eeb70f1e3f96f29aba0a206b1eeeaf,text,no_answer,0.0
hitab,hitab_78eeb70f1e3f96f29aba0a206b1eeeaf,text,hedge,0.3
hitab,hitab_78eeb70f1e3f96f29aba0a206b1eeeaf,text,list_dump,0.25
hitab,hitab_7ac85caccae15c880631966f7198328e,numeric,identity,1.0
hitab,hitab_7ac85caccae15c880631966f7198328e,numeric,verbose,1.0
hitab,hitab_7ac85caccae15c880631966f7198328e,numeric,tagged,1.0
hitab,hitab_7ac85caccae15c880631966f7198328e,numeric,paraphrase,0.95
hitab,hitab_7ac85caccae15c880631966f7198328e,numeric,unit_variant,1.0
hitab,hitab_7ac85caccae15c880631966f7198328e,numeric,near_miss_small,0.75
hitab,hitab_7ac85caccae15c880631966f7198328e,numeric,near_miss_medium,0.45
hitab,hitab_7ac85caccae15c880631966f7198328e,numeric,near_miss_large,0.15
hitab,hitab_7ac85caccae15c880631966f7198328e,numeric,digit_typo,0.2
hitab,hitab_7ac85caccae15c880631966f7198328e,numeric,magnitude,0.05
hitab,hitab_7ac85caccae15c880631966f7198328e,numeric,sign_flip,0.05
hitab,hitab_7ac85caccae15c880631966f7198328e,numeric,wrong_random,0.0
hitab,hitab_7ac85caccae15c880631966f7198328e,numeric,no_answer,0.0
hitab,hitab_7ac85caccae15c880631966f7198328e,numeric,hedge,0.3
hitab,hitab_7ac85caccae15c880631966f7198328e,numeric,list_dump,0.25
hitab,hitab_7b25085a01c39675a528f1bd4498c271,numeric,identity,1.0
hitab,hitab_7b25085a01c39675a528f1bd4498c271,numeric,verbose,1.0
hitab,hitab_7b25085a01c39675a528f1bd4498c271,numeric,tagged,1.0
hitab,hitab_7b25085a01c39675a528f1bd4498c271,numeric,paraphrase,0.95
hitab,hitab_7b25085a01c39675a528f1bd4498c271,numeric,unit_variant,1.0
hitab,hitab_7b25085a01c39675a528f1bd4498c271,numeric,near_miss_small,0.75
hitab,hitab_7b25085a01c39675a528f1bd4498c271,numeric,near_miss_medium,0.45
hitab,hitab_7b25085a01c39675a528f1bd4498c271,numeric,near_miss_large,0.15
hitab,hitab_7b25085a01c39675a528f1bd4498c271,numeric,digit_typo,0.2
hitab,hitab_7b25085a01c39675a528f1bd4498c271,numeric,magnitude,0.05
hitab,hitab_7b25085a01c39675a528f1bd4498c271,numeric,sign_flip,0.05
hitab,hitab_7b25085a01c39675a528f1bd4498c271,numeric,wrong_random,0.0
hitab,hitab_7b25085a01c39675a528f1bd4498c271,numeric,no_answer,0.0
hitab,hitab_7b25085a01c39675a528f1bd4498c271,numeric,hedge,0.3
hitab,hitab_7b25085a01c39675a528f1bd4498c271,numeric,list_dump,0.25
hitab,hitab_7d49dcc2e97d21c6d4f245d344139d2b,text,identity,1.0
hitab,hitab_7d49dcc2e97d21c6d4f245d344139d2b,text,verbose,1.0
hitab,hitab_7d49dcc2e97d21c6d4f245d344139d2b,text,tagged,1.0
hitab,hitab_7d49dcc2e97d21c6d4f245d344139d2b,text,paraphrase,0.95
hitab,hitab_7d49dcc2e97d21c6d4f245d344139d2b,text,partial,0.5
hitab,hitab_7d49dcc2e97d21c6d4f245d344139d2b,text,superset,0.6
hitab,hitab_7d49dcc2e97d21c6d4f245d344139d2b,text,typo,0.6
hitab,hitab_7d49dcc2e97d21c6d4f245d344139d2b,text,wrong_random,0.0
hitab,hitab_7d49dcc2e97d21c6d4f245d344139d2b,text,no_answer,0.0
hitab,hitab_7d49dcc2e97d21c6d4f245d344139d2b,text,hedge,0.3
hitab,hitab_7d49dcc2e97d21c6d4f245d344139d2b,text,list_dump,0.25
hitab,hitab_7f55393944537b77b8c647f96bf25cd7,text,identity,1.0
hitab,hitab_7f55393944537b77b8c647f96bf25cd7,text,verbose,1.0
hitab,hitab_7f55393944537b77b8c647f96bf25cd7,text,tagged,1.0
hitab,hitab_7f55393944537b77b8c647f96bf25cd7,text,paraphrase,0.95
hitab,hitab_7f55393944537b77b8c647f96bf25cd7,text,partial,0.5
hitab,hitab_7f55393944537b77b8c647f96bf25cd7,text,superset,0.6
hitab,hitab_7f55393944537b77b8c647f96bf25cd7,text,typo,0.6
hitab,hitab_7f55393944537b77b8c647f96bf25cd7,text,wrong_random,0.0
hitab,hitab_7f55393944537b77b8c647f96bf25cd7,text,no_answer,0.0
hitab,hitab_7f55393944537b77b8c647f96bf25cd7,text,hedge,0.3
hitab,hitab_7f55393944537b77b8c647f96bf25cd7,text,list_dump,0.25
hitab,hitab_7f620456dde5df5231418c03ef7bb862,numeric,identity,1.0
hitab,hitab_7f620456dde5df5231418c03ef7bb862,numeric,verbose,1.0
hitab,hitab_7f620456dde5df5231418c03ef7bb862,numeric,tagged,1.0
hitab,hitab_7f620456dde5df5231418c03ef7bb862,numeric,paraphrase,0.95
hitab,hitab_7f620456dde5df5231418c03ef7bb862,numeric,unit_variant,1.0
hitab,hitab_7f620456dde5df5231418c03ef7bb862,numeric,near_miss_small,0.75
hitab,hitab_7f620456dde5df5231418c03ef7bb862,numeric,near_miss_medium,0.45
hitab,hitab_7f620456dde5df5231418c03ef7bb862,numeric,near_miss_large,0.15
hitab,hitab_7f620456dde5df5231418c03ef7bb862,numeric,digit_typo,0.2
hitab,hitab_7f620456dde5df5231418c03ef7bb862,numeric,magnitude,0.05
hitab,hitab_7f620456dde5df5231418c03ef7bb862,numeric,sign_flip,0.05
hitab,hitab_7f620456dde5df5231418c03ef7bb862,numeric,wrong_random,0.0
hitab,hitab_7f620456dde5df5231418c03ef7bb862,numeric,no_answer,0.0
hitab,hitab_7f620456dde5df5231418c03ef7bb862,numeric,hedge,0.3
hitab,hitab_7f620456dde5df5231418c03ef7bb862,numeric,list_dump,0.25
hitab,hitab_803d32e45c643d77712e741720ae1937,numeric,identity,1.0
hitab,hitab_803d32e45c643d77712e741720ae1937,numeric,verbose,1.0
hitab,hitab_803d32e45c643d77712e741720ae1937,numeric,tagged,1.0
hitab,hitab_803d32e45c643d77712e741720ae1937,numeric,paraphrase,0.95
hitab,hitab_803d32e45c643d77712e741720ae1937,numeric,unit_variant,1.0
hitab,hitab_803d32e45c643d77712e741720ae1937,numeric,near_miss_small,0.75
hitab,hitab_803d32e45c643d77712e741720ae1937,numeric,near_miss_medium,0.45
hitab,hitab_803d32e45c643d77712e741720ae1937,numeric,near_miss_large,0.15
hitab,hitab_803d32e45c643d77712e741720ae1937,numeric,digit_typo,0.2
hitab,hitab_803d32e45c643d77712e741720ae1937,numeric,magnitude,0.05
hitab,hitab_803d32e45c643d77712e741720ae1937,numeric,sign_flip,0.05
hitab,hitab_803d32e45c643d77712e741720ae1937,numeric,wrong_random,0.0
hitab,hitab_803d32e45c643d77712e741720ae1937,numeric,no_answer,0.0
hitab,hitab_803d32e45c643d77712e741720ae1937,numeric,hedge,0.3
hitab,hitab_803d32e45c643d77712e741720ae1937,numeric,list_dump,0.25
hitab,hitab_827f7807986dc649ae09d63d933b857a,numeric,identity,1.0
hitab,hitab_827f7807986dc649ae09d63d933b857a,numeric,verbose,1.0
hitab,hitab_827f7807986dc649ae09d63d933b857a,numeric,tagged,1.0
hitab,hitab_827f7807986dc649ae09d63d933b857a,numeric,paraphrase,0.95
hitab,hitab_827f7807986dc649ae09d63d933b857a,numeric,unit_variant,1.0
hitab,hitab_827f7807986dc649ae09d63d933b857a,numeric,near_miss_small,0.75
hitab,hitab_827f7807986dc649ae09d63d933b857a,numeric,near_miss_medium,0.45
hitab,hitab_827f7807986dc649ae09d63d933b857a,numeric,near_miss_large,0.15
hitab,hitab_827f7807986dc649ae09d63d933b857a,numeric,digit_typo,0.2
hitab,hitab_827f7807986dc649ae09d63d933b857a,numeric,magnitude,0.05
hitab,hitab_827f7807986dc649ae09d63d933b857a,numeric,sign_flip,0.05
hitab,hitab_827f7807986dc649ae09d63d933b857a,numeric,wrong_random,0.0
hitab,hitab_827f7807986dc649ae09d63d933b857a,numeric,no_answer,0.0
hitab,hitab_827f7807986dc649ae09d63d933b857a,numeric,hedge,0.3
hitab,hitab_827f7807986dc649ae09d63d933b857a,numeric,list_dump,0.25
hitab,hitab_830f75a2858e7a6591a1e4a9555c2db0,numeric,identity,1.0
hitab,hitab_830f75a2858e7a6591a1e4a9555c2db0,numeric,verbose,1.0
hitab,hitab_830f75a2858e7a6591a1e4a9555c2db0,numeric,tagged,1.0
hitab,hitab_830f75a2858e7a6591a1e4a9555c2db0,numeric,paraphrase,0.95
hitab,hitab_830f75a2858e7a6591a1e4a9555c2db0,numeric,unit_variant,1.0
hitab,hitab_830f75a2858e7a6591a1e4a9555c2db0,numeric,near_miss_small,0.75
hitab,hitab_830f75a2858e7a6591a1e4a9555c2db0,numeric,near_miss_medium,0.45
hitab,hitab_830f75a2858e7a6591a1e4a9555c2db0,numeric,near_miss_large,0.15
hitab,hitab_830f75a2858e7a6591a1e4a9555c2db0,numeric,digit_typo,0.2
hitab,hitab_830f75a2858e7a6591a1e4a9555c2db0,numeric,magnitude,0.05
hitab,hitab_830f75a2858e7a6591a1e4a9555c2db0,numeric,sign_flip,0.05
hitab,hitab_830f75a2858e7a6591a1e4a9555c2db0,numeric,wrong_random,0.0
hitab,hitab_830f75a2858e7a6591a1e4a9555c2db0,numeric,no_answer,0.0
hitab,hitab_830f75a2858e7a6591a1e4a9555c2db0,numeric,hedge,0.3
hitab,hitab_830f75a2858e7a6591a1e4a9555c2db0,numeric,list_dump,0.25
hitab,hitab_840333fa78a4c9cf78a78bd7e97d3485,numeric,identity,1.0
hitab,hitab_840333fa78a4c9cf78a78bd7e97d3485,numeric,verbose,1.0
hitab,hitab_840333fa78a4c9cf78a78bd7e97d3485,numeric,tagged,1.0
hitab,hitab_840333fa78a4c9cf78a78bd7e97d3485,numeric,paraphrase,0.95
hitab,hitab_840333fa78a4c9cf78a78bd7e97d3485,numeric,unit_variant,1.0
hitab,hitab_840333fa78a4c9cf78a78bd7e97d3485,numeric,near_miss_small,0.75
hitab,hitab_840333fa78a4c9cf78a78bd7e97d3485,numeric,near_miss_medium,0.45
hitab,hitab_840333fa78a4c9cf78a78bd7e97d3485,numeric,near_miss_large,0.15
hitab,hitab_840333fa78a4c9cf78a78bd7e97d3485,numeric,digit_typo,0.2
hitab,hitab_840333fa78a4c9cf78a78bd7e97d3485,numeric,magnitude,0.05
hitab,hitab_840333fa78a4c9cf78a78bd7e97d3485,numeric,sign_flip,0.05
hitab,hitab_840333fa78a4c9cf78a78bd7e97d3485,numeric,wrong_random,0.0
hitab,hitab_840333fa78a4c9cf78a78bd7e97d3485,numeric,no_answer,0.0
hitab,hitab_840333fa78a4c9cf78a78bd7e97d3485,numeric,hedge,0.3
hitab,hitab_840333fa78a4c9cf78a78bd7e97d3485,numeric,list_dump,0.25
hitab,hitab_8450a42c4ee5f5ddf5e575ddbddb53a6,text,identity,1.0
hitab,hitab_8450a42c4ee5f5ddf5e575ddbddb53a6,text,verbose,1.0
hitab,hitab_8450a42c4ee5f5ddf5e575ddbddb53a6,text,tagged,1.0
hitab,hitab_8450a42c4ee5f5ddf5e575ddbddb53a6,text,paraphrase,0.95
hitab,hitab_8450a42c4ee5f5ddf5e575ddbddb53a6,text,partial,0.5
hitab,hitab_8450a42c4ee5f5ddf5e575ddbddb53a6,text,superset,0.6
hitab,hitab_8450a42c4ee5f5ddf5e575ddbddb53a6,text,typo,0.6
hitab,hitab_8450a42c4ee5f5ddf5e575ddbddb53a6,text,wrong_random,0.0
hitab,hitab_8450a42c4ee5f5ddf5e575ddbddb53a6,text,no_answer,0.0
hitab,hitab_8450a42c4ee5f5ddf5e575ddbddb53a6,text,hedge,0.3
hitab,hitab_8450a42c4ee5f5ddf5e575ddbddb53a6,text,list_dump,0.25
hitab,hitab_8a58a6662285feaed14c8d7cae5322a5,numeric,identity,1.0
hitab,hitab_8a58a6662285feaed14c8d7cae5322a5,numeric,verbose,1.0
hitab,hitab_8a58a6662285feaed14c8d7cae5322a5,numeric,tagged,1.0
hitab,hitab_8a58a6662285feaed14c8d7cae5322a5,numeric,paraphrase,0.95
hitab,hitab_8a58a6662285feaed14c8d7cae5322a5,numeric,unit_variant,1.0
hitab,hitab_8a58a6662285feaed14c8d7cae5322a5,numeric,near_miss_small,0.75
hitab,hitab_8a58a6662285feaed14c8d7cae5322a5,numeric,near_miss_medium,0.45
hitab,hitab_8a58a6662285feaed14c8d7cae5322a5,numeric,near_miss_large,0.15
hitab,hitab_8a58a6662285feaed14c8d7cae5322a5,numeric,digit_typo,0.2
hitab,hitab_8a58a6662285feaed14c8d7cae5322a5,numeric,magnitude,0.05
hitab,hitab_8a58a6662285feaed14c8d7cae5322a5,numeric,sign_flip,0.05
hitab,hitab_8a58a6662285feaed14c8d7cae5322a5,numeric,wrong_random,0.0
hitab,hitab_8a58a6662285feaed14c8d7cae5322a5,numeric,no_answer,0.0
hitab,hitab_8a58a6662285feaed14c8d7cae5322a5,numeric,hedge,0.3
hitab,hitab_8a58a6662285feaed14c8d7cae5322a5,numeric,list_dump,0.25
hitab,hitab_8c039042b37601085dc1bfbeeb75c684,numeric,identity,1.0
hitab,hitab_8c039042b37601085dc1bfbeeb75c684,numeric,verbose,1.0
hitab,hitab_8c039042b37601085dc1bfbeeb75c684,numeric,tagged,1.0
hitab,hitab_8c039042b37601085dc1bfbeeb75c684,numeric,paraphrase,0.95
hitab,hitab_8c039042b37601085dc1bfbeeb75c684,numeric,unit_variant,1.0
hitab,hitab_8c039042b37601085dc1bfbeeb75c684,numeric,near_miss_small,0.75
hitab,hitab_8c039042b37601085dc1bfbeeb75c684,numeric,near_miss_medium,0.45
hitab,hitab_8c039042b37601085dc1bfbeeb75c684,numeric,near_miss_large,0.15
hitab,hitab_8c039042b37601085dc1bfbeeb75c684,numeric,digit_typo,0.2
hitab,hitab_8c039042b37601085dc1bfbeeb75c684,numeric,magnitude,0.05
hitab,hitab_8c039042b37601085dc1bfbeeb75c684,numeric,sign_flip,0.05
hitab,hitab_8c039042b37601085dc1bfbeeb75c684,numeric,wrong_random,0.0
hitab,hitab_8c039042b37601085dc1bfbeeb75c684,numeric,no_answer,0.0
hitab,hitab_8c039042b37601085dc1bfbeeb75c684,numeric,hedge,0.3
hitab,hitab_8c039042b37601085dc1bfbeeb75c684,numeric,list_dump,0.25
hitab,hitab_8c07dd3fb14be97d86e5b6f33994e04a,numeric,identity,1.0
hitab,hitab_8c07dd3fb14be97d86e5b6f33994e04a,numeric,verbose,1.0
hitab,hitab_8c07dd3fb14be97d86e5b6f33994e04a,numeric,tagged,1.0
hitab,hitab_8c07dd3fb14be97d86e5b6f33994e04a,numeric,paraphrase,0.95
hitab,hitab_8c07dd3fb14be97d86e5b6f33994e04a,numeric,unit_variant,1.0
hitab,hitab_8c07dd3fb14be97d86e5b6f33994e04a,numeric,near_miss_small,0.75
hitab,hitab_8c07dd3fb14be97d86e5b6f33994e04a,numeric,near_miss_medium,0.45
hitab,hitab_8c07dd3fb14be97d86e5b6f33994e04a,numeric,near_miss_large,0.15
hitab,hitab_8c07dd3fb14be97d86e5b6f33994e04a,numeric,digit_typo,0.2
hitab,hitab_8c07dd3fb14be97d86e5b6f33994e04a,numeric,magnitude,0.05
hitab,hitab_8c07dd3fb14be97d86e5b6f33994e04a,numeric,sign_flip,0.05
hitab,hitab_8c07dd3fb14be97d86e5b6f33994e04a,numeric,wrong_random,0.0
hitab,hitab_8c07dd3fb14be97d86e5b6f33994e04a,numeric,no_answer,0.0
hitab,hitab_8c07dd3fb14be97d86e5b6f33994e04a,numeric,hedge,0.3
hitab,hitab_8c07dd3fb14be97d86e5b6f33994e04a,numeric,list_dump,0.25
hitab,hitab_8de0568a39ff7a040d3a85b767645b6b,numeric,identity,1.0
hitab,hitab_8de0568a39ff7a040d3a85b767645b6b,numeric,verbose,1.0
hitab,hitab_8de0568a39ff7a040d3a85b767645b6b,numeric,tagged,1.0
hitab,hitab_8de0568a39ff7a040d3a85b767645b6b,numeric,paraphrase,0.95
hitab,hitab_8de0568a39ff7a040d3a85b767645b6b,numeric,unit_variant,1.0
hitab,hitab_8de0568a39ff7a040d3a85b767645b6b,numeric,near_miss_small,0.75
hitab,hitab_8de0568a39ff7a040d3a85b767645b6b,numeric,near_miss_medium,0.45
hitab,hitab_8de0568a39ff7a040d3a85b767645b6b,numeric,near_miss_large,0.15
hitab,hitab_8de0568a39ff7a040d3a85b767645b6b,numeric,digit_typo,0.2
hitab,hitab_8de0568a39ff7a040d3a85b767645b6b,numeric,magnitude,0.05
hitab,hitab_8de0568a39ff7a040d3a85b767645b6b,numeric,sign_flip,0.05
hitab,hitab_8de0568a39ff7a040d3a85b767645b6b,numeric,wrong_random,0.0
hitab,hitab_8de0568a39ff7a040d3a85b767645b6b,numeric,no_answer,0.0
hitab,hitab_8de0568a39ff7a040d3a85b767645b6b,numeric,hedge,0.3
hitab,hitab_8de0568a39ff7a040d3a85b767645b6b,numeric,list_dump,0.25
hitab,hitab_8e8e18221bf2e490aad64e9718e09a4f,numeric,identity,1.0
hitab,hitab_8e8e18221bf2e490aad64e9718e09a4f,numeric,verbose,1.0
hitab,hitab_8e8e18221bf2e490aad64e9718e09a4f,numeric,tagged,1.0
hitab,hitab_8e8e18221bf2e490aad64e9718e09a4f,numeric,paraphrase,0.95
hitab,hitab_8e8e18221bf2e490aad64e9718e09a4f,numeric,unit_variant,1.0
hitab,hitab_8e8e18221bf2e490aad64e9718e09a4f,numeric,near_miss_small,0.75
hitab,hitab_8e8e18221bf2e490aad64e9718e09a4f,numeric,near_miss_medium,0.45
hitab,hitab_8e8e18221bf2e490aad64e9718e09a4f,numeric,near_miss_large,0.15
hitab,hitab_8e8e18221bf2e490aad64e9718e09a4f,numeric,digit_typo,0.2
hitab,hitab_8e8e18221bf2e490aad64e9718e09a4f,numeric,magnitude,0.05
hitab,hitab_8e8e18221bf2e490aad64e9718e09a4f,numeric,sign_flip,0.05
hitab,hitab_8e8e18221bf2e490aad64e9718e09a4f,numeric,wrong_random,0.0
hitab,hitab_8e8e18221bf2e490aad64e9718e09a4f,numeric,no_answer,0.0
hitab,hitab_8e8e18221bf2e490aad64e9718e09a4f,numeric,hedge,0.3
hitab,hitab_8e8e18221bf2e490aad64e9718e09a4f,numeric,list_dump,0.25
hitab,hitab_8e977e8fefe3d85b185dba51ccff2ea7,text,identity,1.0
hitab,hitab_8e977e8fefe3d85b185dba51ccff2ea7,text,verbose,1.0
hitab,hitab_8e977e8fefe3d85b185dba51ccff2ea7,text,tagged,1.0
hitab,hitab_8e977e8fefe3d85b185dba51ccff2ea7,text,paraphrase,0.95
hitab,hitab_8e977e8fefe3d85b185dba51ccff2ea7,text,partial,0.5
hitab,hitab_8e977e8fefe3d85b185dba51ccff2ea7,text,superset,0.6
hitab,hitab_8e977e8fefe3d85b185dba51ccff2ea7,text,typo,0.6
hitab,hitab_8e977e8fefe3d85b185dba51ccff2ea7,text,wrong_random,0.0
hitab,hitab_8e977e8fefe3d85b185dba51ccff2ea7,text,no_answer,0.0
hitab,hitab_8e977e8fefe3d85b185dba51ccff2ea7,text,hedge,0.3
hitab,hitab_8e977e8fefe3d85b185dba51ccff2ea7,text,list_dump,0.25
hitab,hitab_8efb9d4f286539e38cd2562c470fa426,numeric,identity,1.0
hitab,hitab_8efb9d4f286539e38cd2562c470fa426,numeric,verbose,1.0
hitab,hitab_8efb9d4f286539e38cd2562c470fa426,numeric,tagged,1.0
hitab,hitab_8efb9d4f286539e38cd2562c470fa426,numeric,paraphrase,0.95
hitab,hitab_8efb9d4f286539e38cd2562c470fa426,numeric,unit_variant,1.0
hitab,hitab_8efb9d4f286539e38cd2562c470fa426,numeric,near_miss_small,0.75
hitab,hitab_8efb9d4f286539e38cd2562c470fa426,numeric,near_miss_medium,0.45
hitab,hitab_8efb9d4f286539e38cd2562c470fa426,numeric,near_miss_large,0.15
hitab,hitab_8efb9d4f286539e38cd2562c470fa426,numeric,digit_typo,0.2
hitab,hitab_8efb9d4f286539e38cd2562c470fa426,numeric,magnitude,0.05
hitab,hitab_8efb9d4f286539e38cd2562c470fa426,numeric,sign_flip,0.05
hitab,hitab_8efb9d4f286539e38cd2562c470fa426,numeric,wrong_random,0.0
hitab,hitab_8efb9d4f286539e38cd2562c470fa426,numeric,no_answer,0.0
hitab,hitab_8efb9d4f286539e38cd2562c470fa426,numeric,hedge,0.3
hitab,hitab_8efb9d4f286539e38cd2562c470fa426,numeric,list_dump,0.25
hitab,hitab_92d10a230899b408acaca7f2ceba41b3,numeric,identity,1.0
hitab,hitab_92d10a230899b408acaca7f2ceba41b3,numeric,verbose,1.0
hitab,hitab_92d10a230899b408acaca7f2ceba41b3,numeric,tagged,1.0
hitab,hitab_92d10a230899b408acaca7f2ceba41b3,numeric,paraphrase,0.95
hitab,hitab_92d10a230899b408acaca7f2ceba41b3,numeric,unit_variant,1.0
hitab,hitab_92d10a230899b408acaca7f2ceba41b3,numeric,near_miss_small,0.75
hitab,hitab_92d10a230899b408acaca7f2ceba41b3,numeric,near_miss_medium,0.45
hitab,hitab_92d10a230899b408acaca7f2ceba41b3,numeric,near_miss_large,0.15
hitab,hitab_92d10a230899b408acaca7f2ceba41b3,numeric,digit_typo,0.2
hitab,hitab_92d10a230899b408acaca7f2ceba41b3,numeric,magnitude,0.05
hitab,hitab_92d10a230899b408acaca7f2ceba41b3,numeric,sign_flip,0.05
hitab,hitab_92d10a230899b408acaca7f2ceba41b3,numeric,wrong_random,0.0
hitab,hitab_92d10a230899b408acaca7f2ceba41b3,numeric,no_answer,0.0
hitab,hitab_92d10a230899b408acaca7f2ceba41b3,numeric,hedge,0.3
hitab,hitab_92d10a230899b408acaca7f2ceba41b3,numeric,list_dump,0.25
hitab,hitab_9b39b6b8cfb8dca922ed07efe790007e,numeric,identity,1.0
hitab,hitab_9b39b6b8cfb8dca922ed07efe790007e,numeric,verbose,1.0
hitab,hitab_9b39b6b8cfb8dca922ed07efe790007e,numeric,tagged,1.0
hitab,hitab_9b39b6b8cfb8dca922ed07efe790007e,numeric,paraphrase,0.95
hitab,hitab_9b39b6b8cfb8dca922ed07efe790007e,numeric,unit_variant,1.0
hitab,hitab_9b39b6b8cfb8dca922ed07efe790007e,numeric,near_miss_small,0.75
hitab,hitab_9b39b6b8cfb8dca922ed07efe790007e,numeric,near_miss_medium,0.45
hitab,hitab_9b39b6b8cfb8dca922ed07efe790007e,numeric,near_miss_large,0.15
hitab,hitab_9b39b6b8cfb8dca922ed07efe790007e,numeric,digit_typo,0.2
hitab,hitab_9b39b6b8cfb8dca922ed07efe790007e,numeric,magnitude,0.05
hitab,hitab_9b39b6b8cfb8dca922ed07efe790007e,numeric,sign_flip,0.05
hitab,hitab_9b39b6b8cfb8dca922ed07efe790007e,numeric,wrong_random,0.0
hitab,hitab_9b39b6b8cfb8dca922ed07efe790007e,numeric,no_answer,0.0
hitab,hitab_9b39b6b8cfb8dca922ed07efe790007e,numeric,hedge,0.3
hitab,hitab_9b39b6b8cfb8dca922ed07efe790007e,numeric,list_dump,0.25
hitab,hitab_9f39b6d8cc1cb119e605a419d556b8b1,numeric,identity,1.0
hitab,hitab_9f39b6d8cc1cb119e605a419d556b8b1,numeric,verbose,1.0
hitab,hitab_9f39b6d8cc1cb119e605a419d556b8b1,numeric,tagged,1.0
hitab,hitab_9f39b6d8cc1cb119e605a419d556b8b1,numeric,paraphrase,0.95
hitab,hitab_9f39b6d8cc1cb119e605a419d556b8b1,numeric,unit_variant,1.0
hitab,hitab_9f39b6d8cc1cb119e605a419d556b8b1,numeric,near_miss_small,0.75
hitab,hitab_9f39b6d8cc1cb119e605a419d556b8b1,numeric,near_miss_medium,0.45
hitab,hitab_9f39b6d8cc1cb119e605a419d556b8b1,numeric,near_miss_large,0.15
hitab,hitab_9f39b6d8cc1cb119e605a419d556b8b1,numeric,digit_typo,0.2
hitab,hitab_9f39b6d8cc1cb119e605a419d556b8b1,numeric,magnitude,0.05
hitab,hitab_9f39b6d8cc1cb119e605a419d556b8b1,numeric,sign_flip,0.05
hitab,hitab_9f39b6d8cc1cb119e605a419d556b8b1,numeric,wrong_random,0.0
hitab,hitab_9f39b6d8cc1cb119e605a419d556b8b1,numeric,no_answer,0.0
hitab,hitab_9f39b6d8cc1cb119e605a419d556b8b1,numeric,hedge,0.3
hitab,hitab_9f39b6d8cc1cb119e605a419d556b8b1,numeric,list_dump,0.25
hitab,hitab_9f4440c8282ad4482771828d6ea1f5b9,numeric,identity,1.0
hitab,hitab_9f4440c8282ad4482771828d6ea1f5b9,numeric,verbose,1.0
hitab,hitab_9f4440c8282ad4482771828d6ea1f5b9,numeric,tagged,1.0
hitab,hitab_9f4440c8282ad4482771828d6ea1f5b9,numeric,paraphrase,0.95
hitab,hitab_9f4440c8282ad4482771828d6ea1f5b9,numeric,unit_variant,1.0
hitab,hitab_9f4440c8282ad4482771828d6ea1f5b9,numeric,near_miss_small,0.75
hitab,hitab_9f4440c8282ad4482771828d6ea1f5b9,numeric,near_miss_medium,0.45
hitab,hitab_9f4440c8282ad4482771828d6ea1f5b9,numeric,near_miss_large,0.15
hitab,hitab_9f4440c8282ad4482771828d6ea1f5b9,numeric,digit_typo,0.2
hitab,hitab_9f4440c8282ad4482771828d6ea1f5b9,numeric,magnitude,0.05
hitab,hitab_9f4440c8282ad4482771828d6ea1f5b9,numeric,sign_flip,0.05
hitab,hitab_9f4440c8282ad4482771828d6ea1f5b9,numeric,wrong_random,0.0
hitab,hitab_9f4440c8282ad4482771828d6ea1f5b9,numeric,no_answer,0.0
hitab,hitab_9f4440c8282ad4482771828d6ea1f5b9,numeric,hedge,0.3
hitab,hitab_9f4440c8282ad4482771828d6ea1f5b9,numeric,list_dump,0.25
hitab,hitab_a042e5f82616f78403dd065eb78b7f66,text,identity,1.0
hitab,hitab_a042e5f82616f78403dd065eb78b7f66,text,verbose,1.0
hitab,hitab_a042e5f82616f78403dd065eb78b7f66,text,tagged,1.0
hitab,hitab_a042e5f82616f78403dd065eb78b7f66,text,paraphrase,0.95
hitab,hitab_a042e5f82616f78403dd065eb78b7f66,text,partial,0.5
hitab,hitab_a042e5f82616f78403dd065eb78b7f66,text,superset,0.6
hitab,hitab_a042e5f82616f78403dd065eb78b7f66,text,typo,0.6
hitab,hitab_a042e5f82616f78403dd065eb78b7f66,text,wrong_random,0.0
hitab,hitab_a042e5f82616f78403dd065eb78b7f66,text,no_answer,0.0
hitab,hitab_a042e5f82616f78403dd065eb78b7f66,text,hedge,0.3
hitab,hitab_a042e5f82616f78403dd065eb78b7f66,text,list_dump,0.25
hitab,hitab_a044a066bd98be81c4bc1c3ec643da69,text,identity,1.0
hitab,hitab_a044a066bd98be81c4bc1c3ec643da69,text,verbose,1.0
hitab,hitab_a044a066bd98be81c4bc1c3ec643da69,text,tagged,1.0
hitab,hitab_a044a066bd98be81c4bc1c3ec643da69,text,paraphrase,0.95
hitab,hitab_a044a066bd98be81c4bc1c3ec643da69,text,partial,0.5
hitab,hitab_a044a066bd98be81c4bc1c3ec643da69,text,superset,0.6
hitab,hitab_a044a066bd98be81c4bc1c3ec643da69,text,typo,0.6
hitab,hitab_a044a066bd98be81c4bc1c3ec643da69,text,wrong_random,0.0
hitab,hitab_a044a066bd98be81c4bc1c3ec643da69,text,no_answer,0.0
hitab,hitab_a044a066bd98be81c4bc1c3ec643da69,text,hedge,0.3
hitab,hitab_a044a066bd98be81c4bc1c3ec643da69,text,list_dump,0.25
hitab,hitab_a050593919496a1ca5f3cff60fb8e470,text,identity,1.0
hitab,hitab_a050593919496a1ca5f3cff60fb8e470,text,verbose,1.0
hitab,hitab_a050593919496a1ca5f3cff60fb8e470,text,tagged,1.0
hitab,hitab_a050593919496a1ca5f3cff60fb8e470,text,paraphrase,0.95
hitab,hitab_a050593919496a1ca5f3cff60fb8e470,text,partial,0.5
hitab,hitab_a050593919496a1ca5f3cff60fb8e470,text,superset,0.6
hitab,hitab_a050593919496a1ca5f3cff60fb8e470,text,typo,0.6
hitab,hitab_a050593919496a1ca5f3cff60fb8e470,text,wrong_random,0.0
hitab,hitab_a050593919496a1ca5f3cff60fb8e470,text,no_answer,0.0
hitab,hitab_a050593919496a1ca5f3cff60fb8e470,text,hedge,0.3
hitab,hitab_a050593919496a1ca5f3cff60fb8e470,text,list_dump,0.25
hitab,hitab_a26d78b9369e34ddbc16b0abb4062bb7,numeric,identity,1.0
hitab,hitab_a26d78b9369e34ddbc16b0abb4062bb7,numeric,verbose,1.0
hitab,hitab_a26d78b9369e34ddbc16b0abb4062bb7,numeric,tagged,1.0
hitab,hitab_a26d78b9369e34ddbc16b0abb4062bb7,numeric,paraphrase,0.95
hitab,hitab_a26d78b9369e34ddbc16b0abb4062bb7,numeric,unit_variant,1.0
hitab,hitab_a26d78b9369e34ddbc16b0abb4062bb7,numeric,near_miss_small,0.75
hitab,hitab_a26d78b9369e34ddbc16b0abb4062bb7,numeric,near_miss_medium,0.45
hitab,hitab_a26d78b9369e34ddbc16b0abb4062bb7,numeric,near_miss_large,0.15
hitab,hitab_a26d78b9369e34ddbc16b0abb4062bb7,numeric,digit_typo,0.2
hitab,hitab_a26d78b9369e34ddbc16b0abb4062bb7,numeric,magnitude,0.05
hitab,hitab_a26d78b9369e34ddbc16b0abb4062bb7,numeric,sign_flip,0.05
hitab,hitab_a26d78b9369e34ddbc16b0abb4062bb7,numeric,wrong_random,0.0
hitab,hitab_a26d78b9369e34ddbc16b0abb4062bb7,numeric,no_answer,0.0
hitab,hitab_a26d78b9369e34ddbc16b0abb4062bb7,numeric,hedge,0.3
hitab,hitab_a26d78b9369e34ddbc16b0abb4062bb7,numeric,list_dump,0.25
hitab,hitab_a350d6472416c0b01eef5a4ff46e59f4,numeric,identity,1.0
hitab,hitab_a350d6472416c0b01eef5a4ff46e59f4,numeric,verbose,1.0
hitab,hitab_a350d6472416c0b01eef5a4ff46e59f4,numeric,tagged,1.0
hitab,hitab_a350d6472416c0b01eef5a4ff46e59f4,numeric,paraphrase,0.95
hitab,hitab_a350d6472416c0b01eef5a4ff46e59f4,numeric,unit_variant,1.0
hitab,hitab_a350d6472416c0b01eef5a4ff46e59f4,numeric,near_miss_small,0.75
hitab,hitab_a350d6472416c0b01eef5a4ff46e59f4,numeric,near_miss_medium,0.45
hitab,hitab_a350d6472416c0b01eef5a4ff46e59f4,numeric,near_miss_large,0.15
hitab,hitab_a350d6472416c0b01eef5a4ff46e59f4,numeric,digit_typo,0.2
hitab,hitab_a350d6472416c0b01eef5a4ff46e59f4,numeric,magnitude,0.05
hitab,hitab_a350d6472416c0b01eef5a4ff46e59f4,numeric,sign_flip,0.05
hitab,hitab_a350d6472416c0b01eef5a4ff46e59f4,numeric,wrong_random,0.0
hitab,hitab_a350d6472416c0b01eef5a4ff46e59f4,numeric,no_answer,0.0
hitab,hitab_a350d6472416c0b01eef5a4ff46e59f4,numeric,hedge,0.3
hitab,hitab_a350d6472416c0b01eef5a4ff46e59f4,numeric,list_dump,0.25
hitab,hitab_a49aedf0036c8c9bc5b32b5705a9e92c,text,identity,1.0
hitab,hitab_a49aedf0036c8c9bc5b32b5705a9e92c,text,verbose,1.0
hitab,hitab_a49aedf0036c8c9bc5b32b5705a9e92c,text,tagged,1.0
hitab,hitab_a49aedf0036c8c9bc5b32b5705a9e92c,text,paraphrase,0.95
hitab,hitab_a49aedf0036c8c9bc5b32b5705a9e92c,text,partial,0.5
hitab,hitab_a49aedf0036c8c9bc5b32b5705a9e92c,text,superset,0.6
hitab,hitab_a49aedf0036c8c9bc5b32b5705a9e92c,text,typo,0.6
hitab,hitab_a49aedf0036c8c9bc5b32b5705a9e92c,text,wrong_random,0.0
hitab,hitab_a49aedf0036c8c9bc5b32b5705a9e92c,text,no_answer,0.0
hitab,hitab_a49aedf0036c8c9bc5b32b5705a9e92c,text,hedge,0.3
hitab,hitab_a49aedf0036c8c9bc5b32b5705a9e92c,text,list_dump,0.25
hitab,hitab_a5b0c7293244fa152aaec7086e2b3ead,numeric,identity,1.0
hitab,hitab_a5b0c7293244fa152aaec7086e2b3ead,numeric,verbose,1.0
hitab,hitab_a5b0c7293244fa152aaec7086e2b3ead,numeric,tagged,1.0
hitab,hitab_a5b0c7293244fa152aaec7086e2b3ead,numeric,paraphrase,0.95
hitab,hitab_a5b0c7293244fa152aaec7086e2b3ead,numeric,unit_variant,1.0
hitab,hitab_a5b0c7293244fa152aaec7086e2b3ead,numeric,near_miss_small,0.75
hitab,hitab_a5b0c7293244fa152aaec7086e2b3ead,numeric,near_miss_medium,0.45
hitab,hitab_a5b0c7293244fa152aaec7086e2b3ead,numeric,near_miss_large,0.15
hitab,hitab_a5b0c7293244fa152aaec7086e2b3ead,numeric,digit_typo,0.2
hitab,hitab_a5b0c7293244fa152aaec7086e2b3ead,numeric,magnitude,0.05
hitab,hitab_a5b0c7293244fa152aaec7086e2b3ead,numeric,sign_flip,0.05
hitab,hitab_a5b0c7293244fa152aaec7086e2b3ead,numeric,wrong_random,0.0
hitab,hitab_a5b0c7293244fa152aaec7086e2b3ead,numeric,no_answer,0.0
hitab,hitab_a5b0c7293244fa152aaec7086e2b3ead,numeric,hedge,0.3
hitab,hitab_a5b0c7293244fa152aaec7086e2b3ead,numeric,list_dump,0.25
hitab,hitab_a8e82b7da720a40a6c0ab38ef996b621,numeric,identity,1.0
hitab,hitab_a8e82b7da720a40a6c0ab38ef996b621,numeric,verbose,1.0
hitab,hitab_a8e82b7da720a40a6c0ab38ef996b621,numeric,tagged,1.0
hitab,hitab_a8e82b7da720a40a6c0ab38ef996b621,numeric,paraphrase,0.95
hitab,hitab_a8e82b7da720a40a6c0ab38ef996b621,numeric,unit_variant,1.0
hitab,hitab_a8e82b7da720a40a6c0ab38ef996b621,numeric,near_miss_small,0.75
hitab,hitab_a8e82b7da720a40a6c0ab38ef996b621,numeric,near_miss_medium,0.45
hitab,hitab_a8e82b7da720a40a6c0ab38ef996b621,numeric,near_miss_large,0.15
hitab,hitab_a8e82b7da720a40a6c0ab38ef996b621,numeric,digit_typo,0.2
hitab,hitab_a8e82b7da720a40a6c0ab38ef996b621,numeric,magnitude,0.05
hitab,hitab_a8e82b7da720a40a6c0ab38ef996b621,numeric,sign_flip,0.05
hitab,hitab_a8e82b7da720a40a6c0ab38ef996b621,numeric,wrong_random,0.0
hitab,hitab_a8e82b7da720a40a6c0ab38ef996b621,numeric,no_answer,0.0
hitab,hitab_a8e82b7da720a40a6c0ab38ef996b621,numeric,hedge,0.3
hitab,hitab_a8e82b7da720a40a6c0ab38ef996b621,numeric,list_dump,0.25
hitab,hitab_abaf598dc25817efcf67fcd0bac06a1c,numeric,identity,1.0
hitab,hitab_abaf598dc25817efcf67fcd0bac06a1c,numeric,verbose,1.0
hitab,hitab_abaf598dc25817efcf67fcd0bac06a1c,numeric,tagged,1.0
hitab,hitab_abaf598dc25817efcf67fcd0bac06a1c,numeric,paraphrase,0.95
hitab,hitab_abaf598dc25817efcf67fcd0bac06a1c,numeric,unit_variant,1.0
hitab,hitab_abaf598dc25817efcf67fcd0bac06a1c,numeric,near_miss_small,0.75
hitab,hitab_abaf598dc25817efcf67fcd0bac06a1c,numeric,near_miss_medium,0.45
hitab,hitab_abaf598dc25817efcf67fcd0bac06a1c,numeric,near_miss_large,0.15
hitab,hitab_abaf598dc25817efcf67fcd0bac06a1c,numeric,digit_typo,0.2
hitab,hitab_abaf598dc25817efcf67fcd0bac06a1c,numeric,magnitude,0.05
hitab,hitab_abaf598dc25817efcf67fcd0bac06a1c,numeric,sign_flip,0.05
hitab,hitab_abaf598dc25817efcf67fcd0bac06a1c,numeric,wrong_random,0.0
hitab,hitab_abaf598dc25817efcf67fcd0bac06a1c,numeric,no_answer,0.0
hitab,hitab_abaf598dc25817efcf67fcd0bac06a1c,numeric,hedge,0.3
hitab,hitab_abaf598dc25817efcf67fcd0bac06a1c,numeric,list_dump,0.25
hitab,hitab_ad4ae741363dd3f59446c3b8b4dbb2d2,numeric,identity,1.0
hitab,hitab_ad4ae741363dd3f59446c3b8b4dbb2d2,numeric,verbose,1.0
hitab,hitab_ad4ae741363dd3f59446c3b8b4dbb2d2,numeric,tagged,1.0
hitab,hitab_ad4ae741363dd3f59446c3b8b4dbb2d2,numeric,paraphrase,0.95
hitab,hitab_ad4ae741363dd3f59446c3b8b4dbb2d2,numeric,unit_variant,1.0
hitab,hitab_ad4ae741363dd3f59446c3b8b4dbb2d2,numeric,near_miss_small,0.75
hitab,hitab_ad4ae741363dd3f59446c3b8b4dbb2d2,numeric,near_miss_medium,0.45
hitab,hitab_ad4ae741363dd3f59446c3b8b4dbb2d2,numeric,near_miss_large,0.15
hitab,hitab_ad4ae741363dd3f59446c3b8b4dbb2d2,numeric,digit_typo,0.2
hitab,hitab_ad4ae741363dd3f59446c3b8b4dbb2d2,numeric,magnitude,0.05
hitab,hitab_ad4ae741363dd3f59446c3b8b4dbb2d2,numeric,sign_flip,0.05
hitab,hitab_ad4ae741363dd3f59446c3b8b4dbb2d2,numeric,wrong_random,0.0
hitab,hitab_ad4ae741363dd3f59446c3b8b4dbb2d2,numeric,no_answer,0.0
hitab,hitab_ad4ae741363dd3f59446c3b8b4dbb2d2,numeric,hedge,0.3
hitab,hitab_ad4ae741363dd3f59446c3b8b4dbb2d2,numeric,list_dump,0.25
hitab,hitab_aec8d28cb21f01cfe588dd337aace3b2,text,identity,1.0
hitab,hitab_aec8d28cb21f01cfe588dd337aace3b2,text,verbose,1.0
hitab,hitab_aec8d28cb21f01cfe588dd337aace3b2,text,tagged,1.0
hitab,hitab_aec8d28cb21f01cfe588dd337aace3b2,text,paraphrase,0.95
hitab,hitab_aec8d28cb21f01cfe588dd337aace3b2,text,partial,0.5
hitab,hitab_aec8d28cb21f01cfe588dd337aace3b2,text,superset,0.6
hitab,hitab_aec8d28cb21f01cfe588dd337aace3b2,text,typo,0.6
hitab,hitab_aec8d28cb21f01cfe588dd337aace3b2,text,wrong_random,0.0
hitab,hitab_aec8d28cb21f01cfe588dd337aace3b2,text,no_answer,0.0
hitab,hitab_aec8d28cb21f01cfe588dd337aace3b2,text,hedge,0.3
hitab,hitab_aec8d28cb21f01cfe588dd337aace3b2,text,list_dump,0.25
hitab,hitab_b06905508e5b9e1598265fcfb1229906,numeric,identity,1.0
hitab,hitab_b06905508e5b9e1598265fcfb1229906,numeric,verbose,1.0
hitab,hitab_b06905508e5b9e1598265fcfb1229906,numeric,tagged,1.0
hitab,hitab_b06905508e5b9e1598265fcfb1229906,numeric,paraphrase,0.95
hitab,hitab_b06905508e5b9e1598265fcfb1229906,numeric,unit_variant,1.0
hitab,hitab_b06905508e5b9e1598265fcfb1229906,numeric,near_miss_small,0.75
hitab,hitab_b06905508e5b9e1598265fcfb1229906,numeric,near_miss_medium,0.45
hitab,hitab_b06905508e5b9e1598265fcfb1229906,numeric,near_miss_large,0.15
hitab,hitab_b06905508e5b9e1598265fcfb1229906,numeric,digit_typo,0.2
hitab,hitab_b06905508e5b9e1598265fcfb1229906,numeric,magnitude,0.05
hitab,hitab_b06905508e5b9e1598265fcfb1229906,numeric,sign_flip,0.05
hitab,hitab_b06905508e5b9e1598265fcfb1229906,numeric,wrong_random,0.0
hitab,hitab_b06905508e5b9e1598265fcfb1229906,numeric,no_answer,0.0
hitab,hitab_b06905508e5b9e1598265fcfb1229906,numeric,hedge,0.3
hitab,hitab_b06905508e5b9e1598265fcfb1229906,numeric,list_dump,0.25
hitab,hitab_b114c75fea9a90194b3a43c412ce78f2,text,identity,1.0
hitab,hitab_b114c75fea9a90194b3a43c412ce78f2,text,verbose,1.0
hitab,hitab_b114c75fea9a90194b3a43c412ce78f2,text,tagged,1.0
hitab,hitab_b114c75fea9a90194b3a43c412ce78f2,text,paraphrase,0.95
hitab,hitab_b114c75fea9a90194b3a43c412ce78f2,text,partial,0.5
hitab,hitab_b114c75fea9a90194b3a43c412ce78f2,text,superset,0.6
hitab,hitab_b114c75fea9a90194b3a43c412ce78f2,text,typo,0.6
hitab,hitab_b114c75fea9a90194b3a43c412ce78f2,text,wrong_random,0.0
hitab,hitab_b114c75fea9a90194b3a43c412ce78f2,text,no_answer,0.0
hitab,hitab_b114c75fea9a90194b3a43c412ce78f2,text,hedge,0.3
hitab,hitab_b114c75fea9a90194b3a43c412ce78f2,text,list_dump,0.25
hitab,hitab_b3fcbb3bfd3837023892e036d76a9753,numeric,identity,1.0
hitab,hitab_b3fcbb3bfd3837023892e036d76a9753,numeric,verbose,1.0
hitab,hitab_b3fcbb3bfd3837023892e036d76a9753,numeric,tagged,1.0
hitab,hitab_b3fcbb3bfd3837023892e036d76a9753,numeric,paraphrase,0.95
hitab,hitab_b3fcbb3bfd3837023892e036d76a9753,numeric,unit_variant,1.0
hitab,hitab_b3fcbb3bfd3837023892e036d76a9753,numeric,near_miss_small,0.75
hitab,hitab_b3fcbb3bfd3837023892e036d76a9753,numeric,near_miss_medium,0.45
hitab,hitab_b3fcbb3bfd3837023892e036d76a9753,numeric,near_miss_large,0.15
hitab,hitab_b3fcbb3bfd3837023892e036d76a9753,numeric,digit_typo,0.2
hitab,hitab_b3fcbb3bfd3837023892e036d76a9753,numeric,magnitude,0.05
hitab,hitab_b3fcbb3bfd3837023892e036d76a9753,numeric,sign_flip,0.05
hitab,hitab_b3fcbb3bfd3837023892e036d76a9753,numeric,wrong_random,0.0
hitab,hitab_b3fcbb3bfd3837023892e036d76a9753,numeric,no_answer,0.0
hitab,hitab_b3fcbb3bfd3837023892e036d76a9753,numeric,hedge,0.3
hitab,hitab_b3fcbb3bfd3837023892e036d76a9753,numeric,list_dump,0.25
hitab,hitab_b48716927802af623de15881ab865abc,numeric,identity,1.0
hitab,hitab_b48716927802af623de15881ab865abc,numeric,verbose,1.0
hitab,hitab_b48716927802af623de15881ab865abc,numeric,tagged,1.0
hitab,hitab_b48716927802af623de15881ab865abc,numeric,paraphrase,0.95
hitab,hitab_b48716927802af623de15881ab865abc,numeric,unit_variant,1.0
hitab,hitab_b48716927802af623de15881ab865abc,numeric,near_miss_small,0.75
hitab,hitab_b48716927802af623de15881ab865abc,numeric,near_miss_medium,0.45
hitab,hitab_b48716927802af623de15881ab865abc,numeric,near_miss_large,0.15
hitab,hitab_b48716927802af623de15881ab865abc,numeric,digit_typo,0.2
hitab,hitab_b48716927802af623de15881ab865abc,numeric,magnitude,0.05
hitab,hitab_b48716927802af623de15881ab865abc,numeric,sign_flip,0.05
hitab,hitab_b48716927802af623de15881ab865abc,numeric,wrong_random,0.0
hitab,hitab_b48716927802af623de15881ab865abc,numeric,no_answer,0.0
hitab,hitab_b48716927802af623de15881ab865abc,numeric,hedge,0.3
hitab,hitab_b48716927802af623de15881ab865abc,numeric,list_dump,0.25
hitab,hitab_b996440119231357e1e3334a12cb2b64,numeric,identity,1.0
hitab,hitab_b996440119231357e1e3334a12cb2b64,numeric,verbose,1.0
hitab,hitab_b996440119231357e1e3334a12cb2b64,numeric,tagged,1.0
hitab,hitab_b996440119231357e1e3334a12cb2b64,numeric,paraphrase,0.95
hitab,hitab_b996440119231357e1e3334a12cb2b64,numeric,unit_variant,1.0
hitab,hitab_b996440119231357e1e3334a12cb2b64,numeric,near_miss_small,0.75
hitab,hitab_b996440119231357e1e3334a12cb2b64,numeric,near_miss_medium,0.45
hitab,hitab_b996440119231357e1e3334a12cb2b64,numeric,near_miss_large,0.15
hitab,hitab_b996440119231357e1e3334a12cb2b64,numeric,digit_typo,0.2
hitab,hitab_b996440119231357e1e3334a12cb2b64,numeric,magnitude,0.05
hitab,hitab_b996440119231357e1e3334a12cb2b64,numeric,sign_flip,0.05
hitab,hitab_b996440119231357e1e3334a12cb2b64,numeric,wrong_random,0.0
hitab,hitab_b996440119231357e1e3334a12cb2b64,numeric,no_answer,0.0
hitab,hitab_b996440119231357e1e3334a12cb2b64,numeric,hedge,0.3
hitab,hitab_b996440119231357e1e3334a12cb2b64,numeric,list_dump,0.25
hitab,hitab_ba49822ee491a40f8dcd070e921a26f6,text,identity,1.0
hitab,hitab_ba49822ee491a40f8dcd070e921a26f6,text,verbose,1.0
hitab,hitab_ba49822ee491a40f8dcd070e921a26f6,text,tagged,1.0
hitab,hitab_ba49822ee491a40f8dcd070e921a26f6,text,paraphrase,0.95
hitab,hitab_ba49822ee491a40f8dcd070e921a26f6,text,partial,0.5
hitab,hitab_ba49822ee491a40f8dcd070e921a26f6,text,superset,0.6
hitab,hitab_ba49822ee491a40f8dcd070e921a26f6,text,typo,0.6
hitab,hitab_ba49822ee491a40f8dcd070e921a26f6,text,wrong_random,0.0
hitab,hitab_ba49822ee491a40f8dcd070e921a26f6,text,no_answer,0.0
hitab,hitab_ba49822ee491a40f8dcd070e921a26f6,text,hedge,0.3
hitab,hitab_ba49822ee491a40f8dcd070e921a26f6,text,list_dump,0.25
hitab,hitab_bd9912bb5185dcdae9f07f3b03f37409,text,identity,1.0
hitab,hitab_bd9912bb5185dcdae9f07f3b03f37409,text,verbose,1.0
hitab,hitab_bd9912bb5185dcdae9f07f3b03f37409,text,tagged,1.0
hitab,hitab_bd9912bb5185dcdae9f07f3b03f37409,text,paraphrase,0.95
hitab,hitab_bd9912bb5185dcdae9f07f3b03f37409,text,partial,0.5
hitab,hitab_bd9912bb5185dcdae9f07f3b03f37409,text,superset,0.6
hitab,hitab_bd9912bb5185dcdae9f07f3b03f37409,text,typo,0.6
hitab,hitab_bd9912bb5185dcdae9f07f3b03f37409,text,wrong_random,0.0
hitab,hitab_bd9912bb5185dcdae9f07f3b03f37409,text,no_answer,0.0
hitab,hitab_bd9912bb5185dcdae9f07f3b03f37409,text,hedge,0.3
hitab,hitab_bd9912bb5185dcdae9f07f3b03f37409,text,list_dump,0.25
hitab,hitab_be4514eb57730b1bf6e6ce08e5945e5e,numeric,identity,1.0
hitab,hitab_be4514eb57730b1bf6e6ce08e5945e5e,numeric,verbose,1.0
hitab,hitab_be4514eb57730b1bf6e6ce08e5945e5e,numeric,tagged,1.0
hitab,hitab_be4514eb57730b1bf6e6ce08e5945e5e,numeric,paraphrase,0.95
hitab,hitab_be4514eb57730b1bf6e6ce08e5945e5e,numeric,unit_variant,1.0
hitab,hitab_be4514eb57730b1bf6e6ce08e5945e5e,numeric,near_miss_small,0.75
hitab,hitab_be4514eb57730b1bf6e6ce08e5945e5e,numeric,near_miss_medium,0.45
hitab,hitab_be4514eb57730b1bf6e6ce08e5945e5e,numeric,near_miss_large,0.15
hitab,hitab_be4514eb57730b1bf6e6ce08e5945e5e,numeric,digit_typo,0.2
hitab,hitab_be4514eb57730b1bf6e6ce08e5945e5e,numeric,magnitude,0.05
hitab,hitab_be4514eb57730b1bf6e6ce08e5945e5e,numeric,sign_flip,0.05
hitab,hitab_be4514eb57730b1bf6e6ce08e5945e5e,numeric,wrong_random,0.0
hitab,hitab_be4514eb57730b1bf6e6ce08e5945e5e,numeric,no_answer,0.0
hitab,hitab_be4514eb57730b1bf6e6ce08e5945e5e,numeric,hedge,0.3
hitab,hitab_be4514eb57730b1bf6e6ce08e5945e5e,numeric,list_dump,0.25
hitab,hitab_bebc81e240f762b8118c1a0bc7130d54,numeric,identity,1.0
hitab,hitab_bebc81e240f762b8118c1a0bc7130d54,numeric,verbose,1.0
hitab,hitab_bebc81e240f762b8118c1a0bc7130d54,numeric,tagged,1.0
hitab,hitab_bebc81e240f762b8118c1a0bc7130d54,numeric,paraphrase,0.95
hitab,hitab_bebc81e240f762b8118c1a0bc7130d54,numeric,unit_variant,1.0
hitab,hitab_bebc81e240f762b8118c1a0bc7130d54,numeric,near_miss_small,0.75
hitab,hitab_bebc81e240f762b8118c1a0bc7130d54,numeric,near_miss_medium,0.45
hitab,hitab_bebc81e240f762b8118c1a0bc7130d54,numeric,near_miss_large,0.15
hitab,hitab_bebc81e240f762b8118c1a0bc7130d54,numeric,digit_typo,0.2
hitab,hitab_bebc81e240f762b8118c1a0bc7130d54,numeric,magnitude,0.05
hitab,hitab_bebc81e240f762b8118c1a0bc7130d54,numeric,sign_flip,0.05
hitab,hitab_bebc81e240f762b8118c1a0bc7130d54,numeric,wrong_random,0.0
hitab,hitab_bebc81e240f762b8118c1a0bc7130d54,numeric,no_answer,0.0
hitab,hitab_bebc81e240f762b8118c1a0bc7130d54,numeric,hedge,0.3
hitab,hitab_bebc81e240f762b8118c1a0bc7130d54,numeric,list_dump,0.25
hitab,hitab_bf409b96536181e0d1d984c671125600,text,identity,1.0
hitab,hitab_bf409b96536181e0d1d984c671125600,text,verbose,1.0
hitab,hitab_bf409b96536181e0d1d984c671125600,text,tagged,1.0
hitab,hitab_bf409b96536181e0d1d984c671125600,text,paraphrase,0.95
hitab,hitab_bf409b96536181e0d1d984c671125600,text,partial,0.5
hitab,hitab_bf409b96536181e0d1d984c671125600,text,superset,0.6
hitab,hitab_bf409b96536181e0d1d984c671125600,text,typo,0.6
hitab,hitab_bf409b96536181e0d1d984c671125600,text,wrong_random,0.0
hitab,hitab_bf409b96536181e0d1d984c671125600,text,no_answer,0.0
hitab,hitab_bf409b96536181e0d1d984c671125600,text,hedge,0.3
hitab,hitab_bf409b96536181e0d1d984c671125600,text,list_dump,0.25
hitab,hitab_bf5e12a163c2d3928a2e69e0001b1a1d,numeric,identity,1.0
hitab,hitab_bf5e12a163c2d3928a2e69e0001b1a1d,numeric,verbose,1.0
hitab,hitab_bf5e12a163c2d3928a2e69e0001b1a1d,numeric,tagged,1.0
hitab,hitab_bf5e12a163c2d3928a2e69e0001b1a1d,numeric,paraphrase,0.95
hitab,hitab_bf5e12a163c2d3928a2e69e0001b1a1d,numeric,unit_variant,1.0
hitab,hitab_bf5e12a163c2d3928a2e69e0001b1a1d,numeric,near_miss_small,0.75
hitab,hitab_bf5e12a163c2d3928a2e69e0001b1a1d,numeric,near_miss_medium,0.45
hitab,hitab_bf5e12a163c2d3928a2e69e0001b1a1d,numeric,near_miss_large,0.15
hitab,hitab_bf5e12a163c2d3928a2e69e0001b1a1d,numeric,digit_typo,0.2
hitab,hitab_bf5e12a163c2d3928a2e69e0001b1a1d,numeric,magnitude,0.05
hitab,hitab_bf5e12a163c2d3928a2e69e0001b1a1d,numeric,sign_flip,0.05
hitab,hitab_bf5e12a163c2d3928a2e69e0001b1a1d,numeric,wrong_random,0.0
hitab,hitab_bf5e12a163c2d3928a2e69e0001b1a1d,numeric,no_answer,0.0
hitab,hitab_bf5e12a163c2d3928a2e69e0001b1a1d,numeric,hedge,0.3
hitab,hitab_bf5e12a163c2d3928a2e69e0001b1a1d,numeric,list_dump,0.25
hitab,hitab_c04bc7abb67c172b22b1e0a268113d5f,numeric,identity,1.0
hitab,hitab_c04bc7abb67c172b22b1e0a268113d5f,numeric,verbose,1.0
hitab,hitab_c04bc7abb67c172b22b1e0a268113d5f,numeric,tagged,1.0
hitab,hitab_c04bc7abb67c172b22b1e0a268113d5f,numeric,paraphrase,0.95
hitab,hitab_c04bc7abb67c172b22b1e0a268113d5f,numeric,unit_variant,1.0
hitab,hitab_c04bc7abb67c172b22b1e0a268113d5f,numeric,near_miss_small,0.75
hitab,hitab_c04bc7abb67c172b22b1e0a268113d5f,numeric,near_miss_medium,0.45
hitab,hitab_c04bc7abb67c172b22b1e0a268113d5f,numeric,near_miss_large,0.15
hitab,hitab_c04bc7abb67c172b22b1e0a268113d5f,numeric,digit_typo,0.2
hitab,hitab_c04bc7abb67c172b22b1e0a268113d5f,numeric,magnitude,0.05
hitab,hitab_c04bc7abb67c172b22b1e0a268113d5f,numeric,sign_flip,0.05
hitab,hitab_c04bc7abb67c172b22b1e0a268113d5f,numeric,wrong_random,0.0
hitab,hitab_c04bc7abb67c172b22b1e0a268113d5f,numeric,no_answer,0.0
hitab,hitab_c04bc7abb67c172b22b1e0a268113d5f,numeric,hedge,0.3
hitab,hitab_c04bc7abb67c172b22b1e0a268113d5f,numeric,list_dump,0.25
hitab,hitab_c16818cb84fdc3c87a1eeec3037e1b4b,numeric,identity,1.0
hitab,hitab_c16818cb84fdc3c87a1eeec3037e1b4b,numeric,verbose,1.0
hitab,hitab_c16818cb84fdc3c87a1eeec3037e1b4b,numeric,tagged,1.0
hitab,hitab_c16818cb84fdc3c87a1eeec3037e1b4b,numeric,paraphrase,0.95
hitab,hitab_c16818cb84fdc3c87a1eeec3037e1b4b,numeric,unit_variant,1.0
hitab,hitab_c16818cb84fdc3c87a1eeec3037e1b4b,numeric,near_miss_small,0.75
hitab,hitab_c16818cb84fdc3c87a1eeec3037e1b4b,numeric,near_miss_medium,0.45
hitab,hitab_c16818cb84fdc3c87a1eeec3037e1b4b,numeric,near_miss_large,0.15
hitab,hitab_c16818cb84fdc3c87a1eeec3037e1b4b,numeric,digit_typo,0.2
hitab,hitab_c16818cb84fdc3c87a1eeec3037e1b4b,numeric,magnitude,0.05
hitab,hitab_c16818cb84fdc3c87a1eeec3037e1b4b,numeric,sign_flip,0.05
hitab,hitab_c16818cb84fdc3c87a1eeec3037e1b4b,numeric,wrong_random,0.0
hitab,hitab_c16818cb84fdc3c87a1eeec3037e1b4b,numeric,no_answer,0.0
hitab,hitab_c16818cb84fdc3c87a1eeec3037e1b4b,numeric,hedge,0.3
hitab,hitab_c16818cb84fdc3c87a1eeec3037e1b4b,numeric,list_dump,0.25
hitab,hitab_c2fba962a6f79b970839cc3fe869f510,text,identity,1.0
hitab,hitab_c2fba962a6f79b970839cc3fe869f510,text,verbose,1.0
hitab,hitab_c2fba962a6f79b970839cc3fe869f510,text,tagged,1.0
hitab,hitab_c2fba962a6f79b970839cc3fe869f510,text,paraphrase,0.95
hitab,hitab_c2fba962a6f79b970839cc3fe869f510,text,partial,0.5
hitab,hitab_c2fba962a6f79b970839cc3fe869f510,text,superset,0.6
hitab,hitab_c2fba962a6f79b970839cc3fe869f510,text,typo,0.6
hitab,hitab_c2fba962a6f79b970839cc3fe869f510,text,wrong_random,0.0
hitab,hitab_c2fba962a6f79b970839cc3fe869f510,text,no_answer,0.0
hitab,hitab_c2fba962a6f79b970839cc3fe869f510,text,hedge,0.3
hitab,hitab_c2fba962a6f79b970839cc3fe869f510,text,list_dump,0.25
hitab,hitab_c4a688a7c0787700ab86fa295c5747b1,numeric,identity,1.0
hitab,hitab_c4a688a7c0787700ab86fa295c5747b1,numeric,verbose,1.0
hitab,hitab_c4a688a7c0787700ab86fa295c5747b1,numeric,tagged,1.0
hitab,hitab_c4a688a7c0787700ab86fa295c5747b1,numeric,paraphrase,0.95
hitab,hitab_c4a688a7c0787700ab86fa295c5747b1,numeric,unit_variant,1.0
hitab,hitab_c4a688a7c0787700ab86fa295c5747b1,numeric,near_miss_small,0.75
hitab,hitab_c4a688a7c0787700ab86fa295c5747b1,numeric,near_miss_medium,0.45
hitab,hitab_c4a688a7c0787700ab86fa295c5747b1,numeric,near_miss_large,0.15
hitab,hitab_c4a688a7c0787700ab86fa295c5747b1,numeric,digit_typo,0.2
hitab,hitab_c4a688a7c0787700ab86fa295c5747b1,numeric,magnitude,0.05
hitab,hitab_c4a688a7c0787700ab86fa295c5747b1,numeric,sign_flip,0.05
hitab,hitab_c4a688a7c0787700ab86fa295c5747b1,numeric,wrong_random,0.0
hitab,hitab_c4a688a7c0787700ab86fa295c5747b1,numeric,no_answer,0.0
hitab,hitab_c4a688a7c0787700ab86fa295c5747b1,numeric,hedge,0.3
hitab,hitab_c4a688a7c0787700ab86fa295c5747b1,numeric,list_dump,0.25
hitab,hitab_c53375d3ec90313b7c70f6b6502769c4,numeric,identity,1.0
hitab,hitab_c53375d3ec90313b7c70f6b6502769c4,numeric,verbose,1.0
hitab,hitab_c53375d3ec90313b7c70f6b6502769c4,numeric,tagged,1.0
hitab,hitab_c53375d3ec90313b7c70f6b6502769c4,numeric,paraphrase,0.95
hitab,hitab_c53375d3ec90313b7c70f6b6502769c4,numeric,unit_variant,1.0
hitab,hitab_c53375d3ec90313b7c70f6b6502769c4,numeric,near_miss_small,0.75
hitab,hitab_c53375d3ec90313b7c70f6b6502769c4,numeric,near_miss_medium,0.45
hitab,hitab_c53375d3ec90313b7c70f6b6502769c4,numeric,near_miss_large,0.15
hitab,hitab_c53375d3ec90313b7c70f6b6502769c4,numeric,digit_typo,0.2
hitab,hitab_c53375d3ec90313b7c70f6b6502769c4,numeric,magnitude,0.05
hitab,hitab_c53375d3ec90313b7c70f6b6502769c4,numeric,sign_flip,0.05
hitab,hitab_c53375d3ec90313b7c70f6b6502769c4,numeric,wrong_random,0.0
hitab,hitab_c53375d3ec90313b7c70f6b6502769c4,numeric,no_answer,0.0
hitab,hitab_c53375d3ec90313b7c70f6b6502769c4,numeric,hedge,0.3
hitab,hitab_c53375d3ec90313b7c70f6b6502769c4,numeric,list_dump,0.25
hitab,hitab_c66c503aa7514e698a8dad127bc43095,numeric,identity,1.0
hitab,hitab_c66c503aa7514e698a8dad127bc43095,numeric,verbose,1.0
hitab,hitab_c66c503aa7514e698a8dad127bc43095,numeric,tagged,1.0
hitab,hitab_c66c503aa7514e698a8dad127bc43095,numeric,paraphrase,0.95
hitab,hitab_c66c503aa7514e698a8dad127bc43095,numeric,unit_variant,1.0
hitab,hitab_c66c503aa7514e698a8dad127bc43095,numeric,near_miss_small,0.75
hitab,hitab_c66c503aa7514e698a8dad127bc43095,numeric,near_miss_medium,0.45
hitab,hitab_c66c503aa7514e698a8dad127bc43095,numeric,near_miss_large,0.15
hitab,hitab_c66c503aa7514e698a8dad127bc43095,numeric,digit_typo,0.2
hitab,hitab_c66c503aa7514e698a8dad127bc43095,numeric,magnitude,0.05
hitab,hitab_c66c503aa7514e698a8dad127bc43095,numeric,sign_flip,0.05
hitab,hitab_c66c503aa7514e698a8dad127bc43095,numeric,wrong_random,0.0
hitab,hitab_c66c503aa7514e698a8dad127bc43095,numeric,no_answer,0.0
hitab,hitab_c66c503aa7514e698a8dad127bc43095,numeric,hedge,0.3
hitab,hitab_c66c503aa7514e698a8dad127bc43095,numeric,list_dump,0.25
hitab,hitab_c720c316f80b2f9e0266f04b4d4cba67,numeric,identity,1.0
hitab,hitab_c720c316f80b2f9e0266f04b4d4cba67,numeric,verbose,1.0
hitab,hitab_c720c316f80b2f9e0266f04b4d4cba67,numeric,tagged,1.0
hitab,hitab_c720c316f80b2f9e0266f04b4d4cba67,numeric,paraphrase,0.95
hitab,hitab_c720c316f80b2f9e0266f04b4d4cba67,numeric,unit_variant,1.0
hitab,hitab_c720c316f80b2f9e0266f04b4d4cba67,numeric,near_miss_small,0.75
hitab,hitab_c720c316f80b2f9e0266f04b4d4cba67,numeric,near_miss_medium,0.45
hitab,hitab_c720c316f80b2f9e0266f04b4d4cba67,numeric,near_miss_large,0.15
hitab,hitab_c720c316f80b2f9e0266f04b4d4cba67,numeric,digit_typo,0.2
hitab,hitab_c720c316f80b2f9e0266f04b4d4cba67,numeric,magnitude,0.05
hitab,hitab_c720c316f80b2f9e0266f04b4d4cba67,numeric,sign_flip,0.05
hitab,hitab_c720c316f80b2f9e0266f04b4d4cba67,numeric,wrong_random,0.0
hitab,hitab_c720c316f80b2f9e0266f04b4d4cba67,numeric,no_answer,0.0
hitab,hitab_c720c316f80b2f9e0266f04b4d4cba67,numeric,hedge,0.3
hitab,hitab_c720c316f80b2f9e0266f04b4d4cba67,numeric,list_dump,0.25
hitab,hitab_c7f5678aeaa9979755228d03e7916b9a,numeric,identity,1.0
hitab,hitab_c7f5678aeaa9979755228d03e7916b9a,numeric,verbose,1.0
hitab,hitab_c7f5678aeaa9979755228d03e7916b9a,numeric,tagged,1.0
hitab,hitab_c7f5678aeaa9979755228d03e7916b9a,numeric,paraphrase,0.95
hitab,hitab_c7f5678aeaa9979755228d03e7916b9a,numeric,unit_variant,1.0
hitab,hitab_c7f5678aeaa9979755228d03e7916b9a,numeric,near_miss_small,0.75
hitab,hitab_c7f5678aeaa9979755228d03e7916b9a,numeric,near_miss_medium,0.45
hitab,hitab_c7f5678aeaa9979755228d03e7916b9a,numeric,near_miss_large,0.15
hitab,hitab_c7f5678aeaa9979755228d03e7916b9a,numeric,digit_typo,0.2
hitab,hitab_c7f5678aeaa9979755228d03e7916b9a,numeric,magnitude,0.05
hitab,hitab_c7f5678aeaa9979755228d03e7916b9a,numeric,sign_flip,0.05
hitab,hitab_c7f5678aeaa9979755228d03e7916b9a,numeric,wrong_random,0.0
hitab,hitab_c7f5678aeaa9979755228d03e7916b9a,numeric,no_answer,0.0
hitab,hitab_c7f5678aeaa9979755228d03e7916b9a,numeric,hedge,0.3
hitab,hitab_c7f5678aeaa9979755228d03e7916b9a,numeric,list_dump,0.25
hitab,hitab_c87eef2ef8123059d81b0939b1dff5d1,numeric,identity,1.0
hitab,hitab_c87eef2ef8123059d81b0939b1dff5d1,numeric,verbose,1.0
hitab,hitab_c87eef2ef8123059d81b0939b1dff5d1,numeric,tagged,1.0
hitab,hitab_c87eef2ef8123059d81b0939b1dff5d1,numeric,paraphrase,0.95
hitab,hitab_c87eef2ef8123059d81b0939b1dff5d1,numeric,unit_variant,1.0
hitab,hitab_c87eef2ef8123059d81b0939b1dff5d1,numeric,near_miss_small,0.75
hitab,hitab_c87eef2ef8123059d81b0939b1dff5d1,numeric,near_miss_medium,0.45
hitab,hitab_c87eef2ef8123059d81b0939b1dff5d1,numeric,near_miss_large,0.15
hitab,hitab_c87eef2ef8123059d81b0939b1dff5d1,numeric,digit_typo,0.2
hitab,hitab_c87eef2ef8123059d81b0939b1dff5d1,numeric,magnitude,0.05
hitab,hitab_c87eef2ef8123059d81b0939b1dff5d1,numeric,sign_flip,0.05
hitab,hitab_c87eef2ef8123059d81b0939b1dff5d1,numeric,wrong_random,0.0
hitab,hitab_c87eef2ef8123059d81b0939b1dff5d1,numeric,no_answer,0.0
hitab,hitab_c87eef2ef8123059d81b0939b1dff5d1,numeric,hedge,0.3
hitab,hitab_c87eef2ef8123059d81b0939b1dff5d1,numeric,list_dump,0.25
hitab,hitab_c954eb59a70f32a118f67efdc5325d43,numeric,identity,1.0
hitab,hitab_c954eb59a70f32a118f67efdc5325d43,numeric,verbose,1.0
hitab,hitab_c954eb59a70f32a118f67efdc5325d43,numeric,tagged,1.0
hitab,hitab_c954eb59a70f32a118f67efdc5325d43,numeric,paraphrase,0.95
hitab,hitab_c954eb59a70f32a118f67efdc5325d43,numeric,unit_variant,1.0
hitab,hitab_c954eb59a70f32a118f67efdc5325d43,numeric,near_miss_small,0.75
hitab,hitab_c954eb59a70f32a118f67efdc5325d43,numeric,near_miss_medium,0.45
hitab,hitab_c954eb59a70f32a118f67efdc5325d43,numeric,near_miss_large,0.15
hitab,hitab_c954eb59a70f32a118f67efdc5325d43,numeric,digit_typo,0.2
hitab,hitab_c954eb59a70f32a118f67efdc5325d43,numeric,magnitude,0.05
hitab,hitab_c954eb59a70f32a118f67efdc5325d43,numeric,sign_flip,0.05
hitab,hitab_c954eb59a70f32a118f67efdc5325d43,numeric,wrong_random,0.0
hitab,hitab_c954eb59a70f32a118f67efdc5325d43,numeric,no_answer,0.0
hitab,hitab_c954eb59a70f32a118f67efdc5325d43,numeric,hedge,0.3
hitab,hitab_c954eb59a70f32a118f67efdc5325d43,numeric,list_dump,0.25
hitab,hitab_cbed0f6b71f1285acb6d8eaf71ccfcd7,numeric,identity,1.0
hitab,hitab_cbed0f6b71f1285acb6d8eaf71ccfcd7,numeric,verbose,1.0
hitab,hitab_cbed0f6b71f1285acb6d8eaf71ccfcd7,numeric,tagged,1.0
hitab,hitab_cbed0f6b71f1285acb6d8eaf71ccfcd7,numeric,paraphrase,0.95
hitab,hitab_cbed0f6b71f1285acb6d8eaf71ccfcd7,numeric,unit_variant,1.0
hitab,hitab_cbed0f6b71f1285acb6d8eaf71ccfcd7,numeric,near_miss_small,0.75
hitab,hitab_cbed0f6b71f1285acb6d8eaf71ccfcd7,numeric,near_miss_medium,0.45
hitab,hitab_cbed0f6b71f1285acb6d8eaf71ccfcd7,numeric,near_miss_large,0.15
hitab,hitab_cbed0f6b71f1285acb6d8eaf71ccfcd7,numeric,digit_typo,0.2
hitab,hitab_cbed0f6b71f1285acb6d8eaf71ccfcd7,numeric,magnitude,0.05
hitab,hitab_cbed0f6b71f1285acb6d8eaf71ccfcd7,numeric,sign_flip,0.05
hitab,hitab_cbed0f6b71f1285acb6d8eaf71ccfcd7,numeric,wrong_random,0.0
hitab,hitab_cbed0f6b71f1285acb6d8eaf71ccfcd7,numeric,no_answer,0.0
hitab,hitab_cbed0f6b71f1285acb6d8eaf71ccfcd7,numeric,hedge,0.3
hitab,hitab_cbed0f6b71f1285acb6d8eaf71ccfcd7,numeric,list_dump,0.25
hitab,hitab_cdbb5cccecab77332b7d21739fb78206,numeric,identity,1.0
hitab,hitab_cdbb5cccecab77332b7d21739fb78206,numeric,verbose,1.0
hitab,hitab_cdbb5cccecab77332b7d21739fb78206,numeric,tagged,1.0
hitab,hitab_cdbb5cccecab77332b7d21739fb78206,numeric,paraphrase,0.95
hitab,hitab_cdbb5cccecab77332b7d21739fb78206,numeric,unit_variant,1.0
hitab,hitab_cdbb5cccecab77332b7d21739fb78206,numeric,near_miss_small,0.75
hitab,hitab_cdbb5cccecab77332b7d21739fb78206,numeric,near_miss_medium,0.45
hitab,hitab_cdbb5cccecab77332b7d21739fb78206,numeric,near_miss_large,0.15
hitab,hitab_cdbb5cccecab77332b7d21739fb78206,numeric,digit_typo,0.2
hitab,hitab_cdbb5cccecab77332b7d21739fb78206,numeric,magnitude,0.05
hitab,hitab_cdbb5cccecab77332b7d21739fb78206,numeric,sign_flip,0.05
hitab,hitab_cdbb5cccecab77332b7d21739fb78206,numeric,wrong_random,0.0
hitab,hitab_cdbb5cccecab77332b7d21739fb78206,numeric,no_answer,0.0
hitab,hitab_cdbb5cccecab77332b7d21739fb78206,numeric,hedge,0.3
hitab,hitab_cdbb5cccecab77332b7d21739fb78206,numeric,list_dump,0.25
hitab,hitab_cdc33097a93cd1c274b91a3bab9bd8c0,numeric,identity,1.0
hitab,hitab_cdc33097a93cd1c274b91a3bab9bd8c0,numeric,verbose,1.0
hitab,hitab_cdc33097a93cd1c274b91a3bab9bd8c0,numeric,tagged,1.0
hitab,hitab_cdc33097a93cd1c274b91a3bab9bd8c0,numeric,paraphrase,0.95
hitab,hitab_cdc33097a93cd1c274b91a3bab9bd8c0,numeric,unit_variant,1.0
hitab,hitab_cdc33097a93cd1c274b91a3bab9bd8c0,numeric,near_miss_small,0.75
hitab,hitab_cdc33097a93cd1c274b91a3bab9bd8c0,numeric,near_miss_medium,0.45
hitab,hitab_cdc33097a93cd1c274b91a3bab9bd8c0,numeric,near_miss_large,0.15
hitab,hitab_cdc33097a93cd1c274b91a3bab9bd8c0,numeric,digit_typo,0.2
hitab,hitab_cdc33097a93cd1c274b91a3bab9bd8c0,numeric,magnitude,0.05
hitab,hitab_cdc33097a93cd1c274b91a3bab9bd8c0,numeric,sign_flip,0.05
hitab,hitab_cdc33097a93cd1c274b91a3bab9bd8c0,numeric,wrong_random,0.0
hitab,hitab_cdc33097a93cd1c274b91a3bab9bd8c0,numeric,no_answer,0.0
hitab,hitab_cdc33097a93cd1c274b91a3bab9bd8c0,numeric,hedge,0.3
hitab,hitab_cdc33097a93cd1c274b91a3bab9bd8c0,numeric,list_dump,0.25
hitab,hitab_ce7b208b874447d69e561ef7d71e9ce1,numeric,identity,1.0
hitab,hitab_ce7b208b874447d69e561ef7d71e9ce1,numeric,verbose,1.0
hitab,hitab_ce7b208b874447d69e561ef7d71e9ce1,numeric,tagged,1.0
hitab,hitab_ce7b208b874447d69e561ef7d71e9ce1,numeric,paraphrase,0.95
hitab,hitab_ce7b208b874447d69e561ef7d71e9ce1,numeric,unit_variant,1.0
hitab,hitab_ce7b208b874447d69e561ef7d71e9ce1,numeric,near_miss_small,0.75
hitab,hitab_ce7b208b874447d69e561ef7d71e9ce1,numeric,near_miss_medium,0.45
hitab,hitab_ce7b208b874447d69e561ef7d71e9ce1,numeric,near_miss_large,0.15
hitab,hitab_ce7b208b874447d69e561ef7d71e9ce1,numeric,digit_typo,0.2
hitab,hitab_ce7b208b874447d69e561ef7d71e9ce1,numeric,magnitude,0.05
hitab,hitab_ce7b208b874447d69e561ef7d71e9ce1,numeric,sign_flip,0.05
hitab,hitab_ce7b208b874447d69e561ef7d71e9ce1,numeric,wrong_random,0.0
hitab,hitab_ce7b208b874447d69e561ef7d71e9ce1,numeric,no_answer,0.0
hitab,hitab_ce7b208b874447d69e561ef7d71e9ce1,numeric,hedge,0.3
hitab,hitab_ce7b208b874447d69e561ef7d71e9ce1,numeric,list_dump,0.25
hitab,hitab_cfeffba96fb54065bd921bca3db929be,numeric,identity,1.0
hitab,hitab_cfeffba96fb54065bd921bca3db929be,numeric,verbose,1.0
hitab,hitab_cfeffba96fb54065bd921bca3db929be,numeric,tagged,1.0
hitab,hitab_cfeffba96fb54065bd921bca3db929be,numeric,paraphrase,0.95
hitab,hitab_cfeffba96fb54065bd921bca3db929be,numeric,unit_variant,1.0
hitab,hitab_cfeffba96fb54065bd921bca3db929be,numeric,near_miss_small,0.75
hitab,hitab_cfeffba96fb54065bd921bca3db929be,numeric,near_miss_medium,0.45
hitab,hitab_cfeffba96fb54065bd921bca3db929be,numeric,near_miss_large,0.15
hitab,hitab_cfeffba96fb54065bd921bca3db929be,numeric,digit_typo,0.2
hitab,hitab_cfeffba96fb54065bd921bca3db929be,numeric,magnitude,0.05
hitab,hitab_cfeffba96fb54065bd921bca3db929be,numeric,sign_flip,0.05
hitab,hitab_cfeffba96fb54065bd921bca3db929be,numeric,wrong_random,0.0
hitab,hitab_cfeffba96fb54065bd921bca3db929be,numeric,no_answer,0.0
hitab,hitab_cfeffba96fb54065bd921bca3db929be,numeric,hedge,0.3
hitab,hitab_cfeffba96fb54065bd921bca3db929be,numeric,list_dump,0.25
hitab,hitab_d1486760e6bf61dfbad473e6cbee40f5,numeric,identity,1.0
hitab,hitab_d1486760e6bf61dfbad473e6cbee40f5,numeric,verbose,1.0
hitab,hitab_d1486760e6bf61dfbad473e6cbee40f5,numeric,tagged,1.0
hitab,hitab_d1486760e6bf61dfbad473e6cbee40f5,numeric,paraphrase,0.95
hitab,hitab_d1486760e6bf61dfbad473e6cbee40f5,numeric,unit_variant,1.0
hitab,hitab_d1486760e6bf61dfbad473e6cbee40f5,numeric,near_miss_small,0.75
hitab,hitab_d1486760e6bf61dfbad473e6cbee40f5,numeric,near_miss_medium,0.45
hitab,hitab_d1486760e6bf61dfbad473e6cbee40f5,numeric,near_miss_large,0.15
hitab,hitab_d1486760e6bf61dfbad473e6cbee40f5,numeric,digit_typo,0.2
hitab,hitab_d1486760e6bf61dfbad473e6cbee40f5,numeric,magnitude,0.05
hitab,hitab_d1486760e6bf61dfbad473e6cbee40f5,numeric,sign_flip,0.05
hitab,hitab_d1486760e6bf61dfbad473e6cbee40f5,numeric,wrong_random,0.0
hitab,hitab_d1486760e6bf61dfbad473e6cbee40f5,numeric,no_answer,0.0
hitab,hitab_d1486760e6bf61dfbad473e6cbee40f5,numeric,hedge,0.3
hitab,hitab_d1486760e6bf61dfbad473e6cbee40f5,numeric,list_dump,0.25
hitab,hitab_d3b16e0a68b172cf22ba780ddacc0dc0,numeric,identity,1.0
hitab,hitab_d3b16e0a68b172cf22ba780ddacc0dc0,numeric,verbose,1.0
hitab,hitab_d3b16e0a68b172cf22ba780ddacc0dc0,numeric,tagged,1.0
hitab,hitab_d3b16e0a68b172cf22ba780ddacc0dc0,numeric,paraphrase,0.95
hitab,hitab_d3b16e0a68b172cf22ba780ddacc0dc0,numeric,unit_variant,1.0
hitab,hitab_d3b16e0a68b172cf22ba780ddacc0dc0,numeric,near_miss_small,0.75
hitab,hitab_d3b16e0a68b172cf22ba780ddacc0dc0,numeric,near_miss_medium,0.45
hitab,hitab_d3b16e0a68b172cf22ba780ddacc0dc0,numeric,near_miss_large,0.15
hitab,hitab_d3b16e0a68b172cf22ba780ddacc0dc0,numeric,digit_typo,0.2
hitab,hitab_d3b16e0a68b172cf22ba780ddacc0dc0,numeric,magnitude,0.05
hitab,hitab_d3b16e0a68b172cf22ba780ddacc0dc0,numeric,sign_flip,0.05
hitab,hitab_d3b16e0a68b172cf22ba780ddacc0dc0,numeric,wrong_random,0.0
hitab,hitab_d3b16e0a68b172cf22ba780ddacc0dc0,numeric,no_answer,0.0
hitab,hitab_d3b16e0a68b172cf22ba780ddacc0dc0,numeric,hedge,0.3
hitab,hitab_d3b16e0a68b172cf22ba780ddacc0dc0,numeric,list_dump,0.25
hitab,hitab_d63219ea1fba81a0a73c943817c289c2,numeric,identity,1.0
hitab,hitab_d63219ea1fba81a0a73c943817c289c2,numeric,verbose,1.0
hitab,hitab_d63219ea1fba81a0a73c943817c289c2,numeric,tagged,1.0
hitab,hitab_d63219ea1fba81a0a73c943817c289c2,numeric,paraphrase,0.95
hitab,hitab_d63219ea1fba81a0a73c943817c289c2,numeric,unit_variant,1.0
hitab,hitab_d63219ea1fba81a0a73c943817c289c2,numeric,near_miss_small,0.75
hitab,hitab_d63219ea1fba81a0a73c943817c289c2,numeric,near_miss_medium,0.45
hitab,hitab_d63219ea1fba81a0a73c943817c289c2,numeric,near_miss_large,0.15
hitab,hitab_d63219ea1fba81a0a73c943817c289c2,numeric,digit_typo,0.2
hitab,hitab_d63219ea1fba81a0a73c943817c289c2,numeric,magnitude,0.05
hitab,hitab_d63219ea1fba81a0a73c943817c289c2,numeric,sign_flip,0.05
hitab,hitab_d63219ea1fba81a0a73c943817c289c2,numeric,wrong_random,0.0
hitab,hitab_d63219ea1fba81a0a73c943817c289c2,numeric,no_answer,0.0
hitab,hitab_d63219ea1fba81a0a73c943817c289c2,numeric,hedge,0.3
hitab,hitab_d63219ea1fba81a0a73c943817c289c2,numeric,list_dump,0.25
hitab,hitab_d74c36ebebc7ce3a636d237207a1603f,text,identity,1.0
hitab,hitab_d74c36ebebc7ce3a636d237207a1603f,text,verbose,1.0
hitab,hitab_d74c36ebebc7ce3a636d237207a1603f,text,tagged,1.0
hitab,hitab_d74c36ebebc7ce3a636d237207a1603f,text,paraphrase,0.95
hitab,hitab_d74c36ebebc7ce3a636d237207a1603f,text,partial,0.5
hitab,hitab_d74c36ebebc7ce3a636d237207a1603f,text,superset,0.6
hitab,hitab_d74c36ebebc7ce3a636d237207a1603f,text,typo,0.6
hitab,hitab_d74c36ebebc7ce3a636d237207a1603f,text,wrong_random,0.0
hitab,hitab_d74c36ebebc7ce3a636d237207a1603f,text,no_answer,0.0
hitab,hitab_d74c36ebebc7ce3a636d237207a1603f,text,hedge,0.3
hitab,hitab_d74c36ebebc7ce3a636d237207a1603f,text,list_dump,0.25
hitab,hitab_d7848bd4a92822affd40df34e647de7d,numeric,identity,1.0
hitab,hitab_d7848bd4a92822affd40df34e647de7d,numeric,verbose,1.0
hitab,hitab_d7848bd4a92822affd40df34e647de7d,numeric,tagged,1.0
hitab,hitab_d7848bd4a92822affd40df34e647de7d,numeric,paraphrase,0.95
hitab,hitab_d7848bd4a92822affd40df34e647de7d,numeric,unit_variant,1.0
hitab,hitab_d7848bd4a92822affd40df34e647de7d,numeric,near_miss_small,0.75
hitab,hitab_d7848bd4a92822affd40df34e647de7d,numeric,near_miss_medium,0.45
hitab,hitab_d7848bd4a92822affd40df34e647de7d,numeric,near_miss_large,0.15
hitab,hitab_d7848bd4a92822affd40df34e647de7d,numeric,digit_typo,0.2
hitab,hitab_d7848bd4a92822affd40df34e647de7d,numeric,magnitude,0.05
hitab,hitab_d7848bd4a92822affd40df34e647de7d,numeric,sign_flip,0.05
hitab,hitab_d7848bd4a92822affd40df34e647de7d,numeric,wrong_random,0.0
hitab,hitab_d7848bd4a92822affd40df34e647de7d,numeric,no_answer,0.0
hitab,hitab_d7848bd4a92822affd40df34e647de7d,numeric,hedge,0.3
hitab,hitab_d7848bd4a92822affd40df34e647de7d,numeric,list_dump,0.25
hitab,hitab_d8fd141e6cec690876f3d90502fdeef0,numeric,identity,1.0
hitab,hitab_d8fd141e6cec690876f3d90502fdeef0,numeric,verbose,1.0
hitab,hitab_d8fd141e6cec690876f3d90502fdeef0,numeric,tagged,1.0
hitab,hitab_d8fd141e6cec690876f3d90502fdeef0,numeric,paraphrase,0.95
hitab,hitab_d8fd141e6cec690876f3d90502fdeef0,numeric,unit_variant,1.0
hitab,hitab_d8fd141e6cec690876f3d90502fdeef0,numeric,near_miss_small,0.75
hitab,hitab_d8fd141e6cec690876f3d90502fdeef0,numeric,near_miss_medium,0.45
hitab,hitab_d8fd141e6cec690876f3d90502fdeef0,numeric,near_miss_large,0.15
hitab,hitab_d8fd141e6cec690876f3d90502fdeef0,numeric,digit_typo,0.2
hitab,hitab_d8fd141e6cec690876f3d90502fdeef0,numeric,magnitude,0.05
hitab,hitab_d8fd141e6cec690876f3d90502fdeef0,numeric,sign_flip,0.05
hitab,hitab_d8fd141e6cec690876f3d90502fdeef0,numeric,wrong_random,0.0
hitab,hitab_d8fd141e6cec690876f3d90502fdeef0,numeric,no_answer,0.0
hitab,hitab_d8fd141e6cec690876f3d90502fdeef0,numeric,hedge,0.3
hitab,hitab_d8fd141e6cec690876f3d90502fdeef0,numeric,list_dump,0.25
hitab,hitab_da6edacb01f2eec9794e667994aefdb4,numeric,identity,1.0
hitab,hitab_da6edacb01f2eec9794e667994aefdb4,numeric,verbose,1.0
hitab,hitab_da6edacb01f2eec9794e667994aefdb4,numeric,tagged,1.0
hitab,hitab_da6edacb01f2eec9794e667994aefdb4,numeric,paraphrase,0.95
hitab,hitab_da6edacb01f2eec9794e667994aefdb4,numeric,unit_variant,1.0
hitab,hitab_da6edacb01f2eec9794e667994aefdb4,numeric,near_miss_small,0.75
hitab,hitab_da6edacb01f2eec9794e667994aefdb4,numeric,near_miss_medium,0.45
hitab,hitab_da6edacb01f2eec9794e667994aefdb4,numeric,near_miss_large,0.15
hitab,hitab_da6edacb01f2eec9794e667994aefdb4,numeric,digit_typo,0.2
hitab,hitab_da6edacb01f2eec9794e667994aefdb4,numeric,magnitude,0.05
hitab,hitab_da6edacb01f2eec9794e667994aefdb4,numeric,sign_flip,0.05
hitab,hitab_da6edacb01f2eec9794e667994aefdb4,numeric,wrong_random,0.0
hitab,hitab_da6edacb01f2eec9794e667994aefdb4,numeric,no_answer,0.0
hitab,hitab_da6edacb01f2eec9794e667994aefdb4,numeric,hedge,0.3
hitab,hitab_da6edacb01f2eec9794e667994aefdb4,numeric,list_dump,0.25
hitab,hitab_dcadc31f634e2df848f25119cbf6b1b0,numeric,identity,1.0
hitab,hitab_dcadc31f634e2df848f25119cbf6b1b0,numeric,verbose,1.0
hitab,hitab_dcadc31f634e2df848f25119cbf6b1b0,numeric,tagged,1.0
hitab,hitab_dcadc31f634e2df848f25119cbf6b1b0,numeric,paraphrase,0.95
hitab,hitab_dcadc31f634e2df848f25119cbf6b1b0,numeric,unit_variant,1.0
hitab,hitab_dcadc31f634e2df848f25119cbf6b1b0,numeric,near_miss_small,0.75
hitab,hitab_dcadc31f634e2df848f25119cbf6b1b0,numeric,near_miss_medium,0.45
hitab,hitab_dcadc31f634e2df848f25119cbf6b1b0,numeric,near_miss_large,0.15
hitab,hitab_dcadc31f634e2df848f25119cbf6b1b0,numeric,digit_typo,0.2
hitab,hitab_dcadc31f634e2df848f25119cbf6b1b0,numeric,magnitude,0.05
hitab,hitab_dcadc31f634e2df848f25119cbf6b1b0,numeric,sign_flip,0.05
hitab,hitab_dcadc31f634e2df848f25119cbf6b1b0,numeric,wrong_random,0.0
hitab,hitab_dcadc31f634e2df848f25119cbf6b1b0,numeric,no_answer,0.0
hitab,hitab_dcadc31f634e2df848f25119cbf6b1b0,numeric,hedge,0.3
hitab,hitab_dcadc31f634e2df848f25119cbf6b1b0,numeric,list_dump,0.25
hitab,hitab_e548a3f7aa6323a686e17c6ad58e71aa,numeric,identity,1.0
hitab,hitab_e548a3f7aa6323a686e17c6ad58e71aa,numeric,verbose,1.0
hitab,hitab_e548a3f7aa6323a686e17c6ad58e71aa,numeric,tagged,1.0
hitab,hitab_e548a3f7aa6323a686e17c6ad58e71aa,numeric,paraphrase,0.95
hitab,hitab_e548a3f7aa6323a686e17c6ad58e71aa,numeric,unit_variant,1.0
hitab,hitab_e548a3f7aa6323a686e17c6ad58e71aa,numeric,near_miss_small,0.75
hitab,hitab_e548a3f7aa6323a686e17c6ad58e71aa,numeric,near_miss_medium,0.45
hitab,hitab_e548a3f7aa6323a686e17c6ad58e71aa,numeric,near_miss_large,0.15
hitab,hitab_e548a3f7aa6323a686e17c6ad58e71aa,numeric,digit_typo,0.2
hitab,hitab_e548a3f7aa6323a686e17c6ad58e71aa,numeric,magnitude,0.05
hitab,hitab_e548a3f7aa6323a686e17c6ad58e71aa,numeric,sign_flip,0.05
hitab,hitab_e548a3f7aa6323a686e17c6ad58e71aa,numeric,wrong_random,0.0
hitab,hitab_e548a3f7aa6323a686e17c6ad58e71aa,numeric,no_answer,0.0
hitab,hitab_e548a3f7aa6323a686e17c6ad58e71aa,numeric,hedge,0.3
hitab,hitab_e548a3f7aa6323a686e17c6ad58e71aa,numeric,list_dump,0.25
hitab,hitab_e586d5f09c789ec09384d6450c69419c,text,identity,1.0
hitab,hitab_e586d5f09c789ec09384d6450c69419c,text,verbose,1.0
hitab,hitab_e586d5f09c789ec09384d6450c69419c,text,tagged,1.0
hitab,hitab_e586d5f09c789ec09384d6450c69419c,text,paraphrase,0.95
hitab,hitab_e586d5f09c789ec09384d6450c69419c,text,partial,0.5
hitab,hitab_e586d5f09c789ec09384d6450c69419c,text,superset,0.6
hitab,hitab_e586d5f09c789ec09384d6450c69419c,text,typo,0.6
hitab,hitab_e586d5f09c789ec09384d6450c69419c,text,wrong_random,0.0
hitab,hitab_e586d5f09c789ec09384d6450c69419c,text,no_answer,0.0
hitab,hitab_e586d5f09c789ec09384d6450c69419c,text,hedge,0.3
hitab,hitab_e586d5f09c789ec09384d6450c69419c,text,list_dump,0.25
hitab,hitab_e6bd041d18f6694f31b6bac3bfb55472,numeric,identity,1.0
hitab,hitab_e6bd041d18f6694f31b6bac3bfb55472,numeric,verbose,1.0
hitab,hitab_e6bd041d18f6694f31b6bac3bfb55472,numeric,tagged,1.0
hitab,hitab_e6bd041d18f6694f31b6bac3bfb55472,numeric,paraphrase,0.95
hitab,hitab_e6bd041d18f6694f31b6bac3bfb55472,numeric,unit_variant,1.0
hitab,hitab_e6bd041d18f6694f31b6bac3bfb55472,numeric,near_miss_small,0.75
hitab,hitab_e6bd041d18f6694f31b6bac3bfb55472,numeric,near_miss_medium,0.45
hitab,hitab_e6bd041d18f6694f31b6bac3bfb55472,numeric,near_miss_large,0.15
hitab,hitab_e6bd041d18f6694f31b6bac3bfb55472,numeric,digit_typo,0.2
hitab,hitab_e6bd041d18f6694f31b6bac3bfb55472,numeric,magnitude,0.05
hitab,hitab_e6bd041d18f6694f31b6bac3bfb55472,numeric,sign_flip,0.05
hitab,hitab_e6bd041d18f6694f31b6bac3bfb55472,numeric,wrong_random,0.0
hitab,hitab_e6bd041d18f6694f31b6bac3bfb55472,numeric,no_answer,0.0
hitab,hitab_e6bd041d18f6694f31b6bac3bfb55472,numeric,hedge,0.3
hitab,hitab_e6bd041d18f6694f31b6bac3bfb55472,numeric,list_dump,0.25
hitab,hitab_e82f816d0289deb5ebbb5f97ba622fa0,numeric,identity,1.0
hitab,hitab_e82f816d0289deb5ebbb5f97ba622fa0,numeric,verbose,1.0
hitab,hitab_e82f816d0289deb5ebbb5f97ba622fa0,numeric,tagged,1.0
hitab,hitab_e82f816d0289deb5ebbb5f97ba622fa0,numeric,paraphrase,0.95
hitab,hitab_e82f816d0289deb5ebbb5f97ba622fa0,numeric,unit_variant,1.0
hitab,hitab_e82f816d0289deb5ebbb5f97ba622fa0,numeric,near_miss_small,0.75
hitab,hitab_e82f816d0289deb5ebbb5f97ba622fa0,numeric,near_miss_medium,0.45
hitab,hitab_e82f816d0289deb5ebbb5f97ba622fa0,numeric,near_miss_large,0.15
hitab,hitab_e82f816d0289deb5ebbb5f97ba622fa0,numeric,digit_typo,0.2
hitab,hitab_e82f816d0289deb5ebbb5f97ba622fa0,numeric,magnitude,0.05
hitab,hitab_e82f816d0289deb5ebbb5f97ba622fa0,numeric,sign_flip,0.05
hitab,hitab_e82f816d0289deb5ebbb5f97ba622fa0,numeric,wrong_random,0.0
hitab,hitab_e82f816d0289deb5ebbb5f97ba622fa0,numeric,no_answer,0.0
hitab,hitab_e82f816d0289deb5ebbb5f97ba622fa0,numeric,hedge,0.3
hitab,hitab_e82f816d0289deb5ebbb5f97ba622fa0,numeric,list_dump,0.25
hitab,hitab_ea0a009945e90eaa167908f54ee32af1,text,identity,1.0
hitab,hitab_ea0a009945e90eaa167908f54ee32af1,text,verbose,1.0
hitab,hitab_ea0a009945e90eaa167908f54ee32af1,text,tagged,1.0
hitab,hitab_ea0a009945e90eaa167908f54ee32af1,text,paraphrase,0.95
hitab,hitab_ea0a009945e90eaa167908f54ee32af1,text,partial,0.5
hitab,hitab_ea0a009945e90eaa167908f54ee32af1,text,superset,0.6
hitab,hitab_ea0a009945e90eaa167908f54ee32af1,text,typo,0.6
hitab,hitab_ea0a009945e90eaa167908f54ee32af1,text,wrong_random,0.0
hitab,hitab_ea0a009945e90eaa167908f54ee32af1,text,no_answer,0.0
hitab,hitab_ea0a009945e90eaa167908f54ee32af1,text,hedge,0.3
hitab,hitab_ea0a009945e90eaa167908f54ee32af1,text,list_dump,0.25
hitab,hitab_eaaef5af9689f28922f3d2862968a8d9,numeric,identity,1.0
hitab,hitab_eaaef5af9689f28922f3d2862968a8d9,numeric,verbose,1.0
hitab,hitab_eaaef5af9689f28922f3d2862968a8d9,numeric,tagged,1.0
hitab,hitab_eaaef5af9689f28922f3d2862968a8d9,numeric,paraphrase,0.95
hitab,hitab_eaaef5af9689f28922f3d2862968a8d9,numeric,unit_variant,1.0
hitab,hitab_eaaef5af9689f28922f3d2862968a8d9,numeric,near_miss_small,0.75
hitab,hitab_eaaef5af9689f28922f3d2862968a8d9,numeric,near_miss_medium,0.45
hitab,hitab_eaaef5af9689f28922f3d2862968a8d9,numeric,near_miss_large,0.15
hitab,hitab_eaaef5af9689f28922f3d2862968a8d9,numeric,digit_typo,0.2
hitab,hitab_eaaef5af9689f28922f3d2862968a8d9,numeric,magnitude,0.05
hitab,hitab_eaaef5af9689f28922f3d2862968a8d9,numeric,sign_flip,0.05
hitab,hitab_eaaef5af9689f28922f3d2862968a8d9,numeric,wrong_random,0.0
hitab,hitab_eaaef5af9689f28922f3d2862968a8d9,numeric,no_answer,0.0
hitab,hitab_eaaef5af9689f28922f3d2862968a8d9,numeric,hedge,0.3
hitab,hitab_eaaef5af9689f28922f3d2862968a8d9,numeric,list_dump,0.25
hitab,hitab_ecc556d6e6a1fb77a3f29eb7dc6ddb53,numeric,identity,1.0
hitab,hitab_ecc556d6e6a1fb77a3f29eb7dc6ddb53,numeric,verbose,1.0
hitab,hitab_ecc556d6e6a1fb77a3f29eb7dc6ddb53,numeric,tagged,1.0
hitab,hitab_ecc556d6e6a1fb77a3f29eb7dc6ddb53,numeric,paraphrase,0.95
hitab,hitab_ecc556d6e6a1fb77a3f29eb7dc6ddb53,numeric,unit_variant,1.0
hitab,hitab_ecc556d6e6a1fb77a3f29eb7dc6ddb53,numeric,near_miss_small,0.75
hitab,hitab_ecc556d6e6a1fb77a3f29eb7dc6ddb53,numeric,near_miss_medium,0.45
hitab,hitab_ecc556d6e6a1fb77a3f29eb7dc6ddb53,numeric,near_miss_large,0.15
hitab,hitab_ecc556d6e6a1fb77a3f29eb7dc6ddb53,numeric,digit_typo,0.2
hitab,hitab_ecc556d6e6a1fb77a3f29eb7dc6ddb53,numeric,magnitude,0.05
hitab,hitab_ecc556d6e6a1fb77a3f29eb7dc6ddb53,numeric,sign_flip,0.05
hitab,hitab_ecc556d6e6a1fb77a3f29eb7dc6ddb53,numeric,wrong_random,0.0
hitab,hitab_ecc556d6e6a1fb77a3f29eb7dc6ddb53,numeric,no_answer,0.0
hitab,hitab_ecc556d6e6a1fb77a3f29eb7dc6ddb53,numeric,hedge,0.3
hitab,hitab_ecc556d6e6a1fb77a3f29eb7dc6ddb53,numeric,list_dump,0.25
hitab,hitab_ef4f0532afdd4a69baf97515033fadb0,numeric,identity,1.0
hitab,hitab_ef4f0532afdd4a69baf97515033fadb0,numeric,verbose,1.0
hitab,hitab_ef4f0532afdd4a69baf97515033fadb0,numeric,tagged,1.0
hitab,hitab_ef4f0532afdd4a69baf97515033fadb0,numeric,paraphrase,0.95
hitab,hitab_ef4f0532afdd4a69baf97515033fadb0,numeric,unit_variant,1.0
hitab,hitab_ef4f0532afdd4a69baf97515033fadb0,numeric,near_miss_small,0.75
hitab,hitab_ef4f0532afdd4a69baf97515033fadb0,numeric,near_miss_medium,0.45
hitab,hitab_ef4f0532afdd4a69baf97515033fadb0,numeric,near_miss_large,0.15
hitab,hitab_ef4f0532afdd4a69baf97515033fadb0,numeric,digit_typo,0.2
hitab,hitab_ef4f0532afdd4a69baf97515033fadb0,numeric,magnitude,0.05
hitab,hitab_ef4f0532afdd4a69baf97515033fadb0,numeric,sign_flip,0.05
hitab,hitab_ef4f0532afdd4a69baf97515033fadb0,numeric,wrong_random,0.0
hitab,hitab_ef4f0532afdd4a69baf97515033fadb0,numeric,no_answer,0.0
hitab,hitab_ef4f0532afdd4a69baf97515033fadb0,numeric,hedge,0.3
hitab,hitab_ef4f0532afdd4a69baf97515033fadb0,numeric,list_dump,0.25
hitab,hitab_f0ecdf3973ffe24aca47e0a962381750,numeric,identity,1.0
hitab,hitab_f0ecdf3973ffe24aca47e0a962381750,numeric,verbose,1.0
hitab,hitab_f0ecdf3973ffe24aca47e0a962381750,numeric,tagged,1.0
hitab,hitab_f0ecdf3973ffe24aca47e0a962381750,numeric,paraphrase,0.95
hitab,hitab_f0ecdf3973ffe24aca47e0a962381750,numeric,unit_variant,1.0
hitab,hitab_f0ecdf3973ffe24aca47e0a962381750,numeric,near_miss_small,0.75
hitab,hitab_f0ecdf3973ffe24aca47e0a962381750,numeric,near_miss_medium,0.45
hitab,hitab_f0ecdf3973ffe24aca47e0a962381750,numeric,near_miss_large,0.15
hitab,hitab_f0ecdf3973ffe24aca47e0a962381750,numeric,digit_typo,0.2
hitab,hitab_f0ecdf3973ffe24aca47e0a962381750,numeric,magnitude,0.05
hitab,hitab_f0ecdf3973ffe24aca47e0a962381750,numeric,sign_flip,0.05
hitab,hitab_f0ecdf3973ffe24aca47e0a962381750,numeric,wrong_random,0.0
hitab,hitab_f0ecdf3973ffe24aca47e0a962381750,numeric,no_answer,0.0
hitab,hitab_f0ecdf3973ffe24aca47e0a962381750,numeric,hedge,0.3
hitab,hitab_f0ecdf3973ffe24aca47e0a962381750,numeric,list_dump,0.25
hitab,hitab_f3a26cbebccd182f98968cc1b6703719,numeric,identity,1.0
hitab,hitab_f3a26cbebccd182f98968cc1b6703719,numeric,verbose,1.0
hitab,hitab_f3a26cbebccd182f98968cc1b6703719,numeric,tagged,1.0
hitab,hitab_f3a26cbebccd182f98968cc1b6703719,numeric,paraphrase,0.95
hitab,hitab_f3a26cbebccd182f98968cc1b6703719,numeric,unit_variant,1.0
hitab,hitab_f3a26cbebccd182f98968cc1b6703719,numeric,near_miss_small,0.75
hitab,hitab_f3a26cbebccd182f98968cc1b6703719,numeric,near_miss_medium,0.45
hitab,hitab_f3a26cbebccd182f98968cc1b6703719,numeric,near_miss_large,0.15
hitab,hitab_f3a26cbebccd182f98968cc1b6703719,numeric,digit_typo,0.2
hitab,hitab_f3a26cbebccd182f98968cc1b6703719,numeric,magnitude,0.05
hitab,hitab_f3a26cbebccd182f98968cc1b6703719,numeric,sign_flip,0.05
hitab,hitab_f3a26cbebccd182f98968cc1b6703719,numeric,wrong_random,0.0
hitab,hitab_f3a26cbebccd182f98968cc1b6703719,numeric,no_answer,0.0
hitab,hitab_f3a26cbebccd182f98968cc1b6703719,numeric,hedge,0.3
hitab,hitab_f3a26cbebccd182f98968cc1b6703719,numeric,list_dump,0.25
hitab,hitab_f5b787f00b7440afad4d9c8300db1bef,numeric,identity,1.0
hitab,hitab_f5b787f00b7440afad4d9c8300db1bef,numeric,verbose,1.0
hitab,hitab_f5b787f00b7440afad4d9c8300db1bef,numeric,tagged,1.0
hitab,hitab_f5b787f00b7440afad4d9c8300db1bef,numeric,paraphrase,0.95
hitab,hitab_f5b787f00b7440afad4d9c8300db1bef,numeric,unit_variant,1.0
hitab,hitab_f5b787f00b7440afad4d9c8300db1bef,numeric,near_miss_small,0.75
hitab,hitab_f5b787f00b7440afad4d9c8300db1bef,numeric,near_miss_medium,0.45
hitab,hitab_f5b787f00b7440afad4d9c8300db1bef,numeric,near_miss_large,0.15
hitab,hitab_f5b787f00b7440afad4d9c8300db1bef,numeric,digit_typo,0.2
hitab,hitab_f5b787f00b7440afad4d9c8300db1bef,numeric,magnitude,0.05
hitab,hitab_f5b787f00b7440afad4d9c8300db1bef,numeric,sign_flip,0.05
hitab,hitab_f5b787f00b7440afad4d9c8300db1bef,numeric,wrong_random,0.0
hitab,hitab_f5b787f00b7440afad4d9c8300db1bef,numeric,no_answer,0.0
hitab,hitab_f5b787f00b7440afad4d9c8300db1bef,numeric,hedge,0.3
hitab,hitab_f5b787f00b7440afad4d9c8300db1bef,numeric,list_dump,0.25
hitab,hitab_f770aef7f1a10a28fac8ee84a9325f36,numeric,identity,1.0
hitab,hitab_f770aef7f1a10a28fac8ee84a9325f36,numeric,verbose,1.0
hitab,hitab_f770aef7f1a10a28fac8ee84a9325f36,numeric,tagged,1.0
hitab,hitab_f770aef7f1a10a28fac8ee84a9325f36,numeric,paraphrase,0.95
hitab,hitab_f770aef7f1a10a28fac8ee84a9325f36,numeric,unit_variant,1.0
hitab,hitab_f770aef7f1a10a28fac8ee84a9325f36,numeric,near_miss_small,0.75
hitab,hitab_f770aef7f1a10a28fac8ee84a9325f36,numeric,near_miss_medium,0.45
hitab,hitab_f770aef7f1a10a28fac8ee84a9325f36,numeric,near_miss_large,0.15
hitab,hitab_f770aef7f1a10a28fac8ee84a9325f36,numeric,digit_typo,0.2
hitab,hitab_f770aef7f1a10a28fac8ee84a9325f36,numeric,magnitude,0.05
hitab,hitab_f770aef7f1a10a28fac8ee84a9325f36,numeric,sign_flip,0.05
hitab,hitab_f770aef7f1a10a28fac8ee84a9325f36,numeric,wrong_random,0.0
hitab,hitab_f770aef7f1a10a28fac8ee84a9325f36,numeric,no_answer,0.0
hitab,hitab_f770aef7f1a10a28fac8ee84a9325f36,numeric,hedge,0.3
hitab,hitab_f770aef7f1a10a28fac8ee84a9325f36,numeric,list_dump,0.25
hitab,hitab_f7b07cbdb7e92ea7c2d42dd40cab85af,numeric,identity,1.0
hitab,hitab_f7b07cbdb7e92ea7c2d42dd40cab85af,numeric,verbose,1.0
hitab,hitab_f7b07cbdb7e92ea7c2d42dd40cab85af,numeric,tagged,1.0
hitab,hitab_f7b07cbdb7e92ea7c2d42dd40cab85af,numeric,paraphrase,0.95
hitab,hitab_f7b07cbdb7e92ea7c2d42dd40cab85af,numeric,unit_variant,1.0
hitab,hitab_f7b07cbdb7e92ea7c2d42dd40cab85af,numeric,near_miss_small,0.75
hitab,hitab_f7b07cbdb7e92ea7c2d42dd40cab85af,numeric,near_miss_medium,0.45
hitab,hitab_f7b07cbdb7e92ea7c2d42dd40cab85af,numeric,near_miss_large,0.15
hitab,hitab_f7b07cbdb7e92ea7c2d42dd40cab85af,numeric,digit_typo,0.2
hitab,hitab_f7b07cbdb7e92ea7c2d42dd40cab85af,numeric,magnitude,0.05
hitab,hitab_f7b07cbdb7e92ea7c2d42dd40cab85af,numeric,sign_flip,0.05
hitab,hitab_f7b07cbdb7e92ea7c2d42dd40cab85af,numeric,wrong_random,0.0
hitab,hitab_f7b07cbdb7e92ea7c2d42dd40cab85af,numeric,no_answer,0.0
hitab,hitab_f7b07cbdb7e92ea7c2d42dd40cab85af,numeric,hedge,0.3
hitab,hitab_f7b07cbdb7e92ea7c2d42dd40cab85af,numeric,list_dump,0.25
hitab,hitab_f836f7152e5e11692e1c479101e963df,numeric,identity,1.0
hitab,hitab_f836f7152e5e11692e1c479101e963df,numeric,verbose,1.0
hitab,hitab_f836f7152e5e11692e1c479101e963df,numeric,tagged,1.0
hitab,hitab_f836f7152e5e11692e1c479101e963df,numeric,paraphrase,0.95
hitab,hitab_f836f7152e5e11692e1c479101e963df,numeric,unit_variant,1.0
hitab,hitab_f836f7152e5e11692e1c479101e963df,numeric,near_miss_small,0.75
hitab,hitab_f836f7152e5e11692e1c479101e963df,numeric,near_miss_medium,0.45
hitab,hitab_f836f7152e5e11692e1c479101e963df,numeric,near_miss_large,0.15
hitab,hitab_f836f7152e5e11692e1c479101e963df,numeric,digit_typo,0.2
hitab,hitab_f836f7152e5e11692e1c479101e963df,numeric,magnitude,0.05
hitab,hitab_f836f7152e5e11692e1c479101e963df,numeric,sign_flip,0.05
hitab,hitab_f836f7152e5e11692e1c479101e963df,numeric,wrong_random,0.0
hitab,hitab_f836f7152e5e11692e1c479101e963df,numeric,no_answer,0.0
hitab,hitab_f836f7152e5e11692e1c479101e963df,numeric,hedge,0.3
hitab,hitab_f836f7152e5e11692e1c479101e963df,numeric,list_dump,0.25
hitab,hitab_fad63ffc85bc80e4fccda833458c6230,numeric,identity,1.0
hitab,hitab_fad63ffc85bc80e4fccda833458c6230,numeric,verbose,1.0
hitab,hitab_fad63ffc85bc80e4fccda833458c6230,numeric,tagged,1.0
hitab,hitab_fad63ffc85bc80e4fccda833458c6230,numeric,paraphrase,0.95
hitab,hitab_fad63ffc85bc80e4fccda833458c6230,numeric,unit_variant,1.0
hitab,hitab_fad63ffc85bc80e4fccda833458c6230,numeric,near_miss_small,0.75
hitab,hitab_fad63ffc85bc80e4fccda833458c6230,numeric,near_miss_medium,0.45
hitab,hitab_fad63ffc85bc80e4fccda833458c6230,numeric,near_miss_large,0.15
hitab,hitab_fad63ffc85bc80e4fccda833458c6230,numeric,digit_typo,0.2
hitab,hitab_fad63ffc85bc80e4fccda833458c6230,numeric,magnitude,0.05
hitab,hitab_fad63ffc85bc80e4fccda833458c6230,numeric,sign_flip,0.05
hitab,hitab_fad63ffc85bc80e4fccda833458c6230,numeric,wrong_random,0.0
hitab,hitab_fad63ffc85bc80e4fccda833458c6230,numeric,no_answer,0.0
hitab,hitab_fad63ffc85bc80e4fccda833458c6230,numeric,hedge,0.3
hitab,hitab_fad63ffc85bc80e4fccda833458c6230,numeric,list_dump,0.25
hitab,hitab_faf383d5b13691dbb702ef2ce59bd4f2,numeric,identity,1.0
hitab,hitab_faf383d5b13691dbb702ef2ce59bd4f2,numeric,verbose,1.0
hitab,hitab_faf383d5b13691dbb702ef2ce59bd4f2,numeric,tagged,1.0
hitab,hitab_faf383d5b13691dbb702ef2ce59bd4f2,numeric,paraphrase,0.95
hitab,hitab_faf383d5b13691dbb702ef2ce59bd4f2,numeric,unit_variant,1.0
hitab,hitab_faf383d5b13691dbb702ef2ce59bd4f2,numeric,near_miss_small,0.75
hitab,hitab_faf383d5b13691dbb702ef2ce59bd4f2,numeric,near_miss_medium,0.45
hitab,hitab_faf383d5b13691dbb702ef2ce59bd4f2,numeric,near_miss_large,0.15
hitab,hitab_faf383d5b13691dbb702ef2ce59bd4f2,numeric,digit_typo,0.2
hitab,hitab_faf383d5b13691dbb702ef2ce59bd4f2,numeric,magnitude,0.05
hitab,hitab_faf383d5b13691dbb702ef2ce59bd4f2,numeric,sign_flip,0.05
hitab,hitab_faf383d5b13691dbb702ef2ce59bd4f2,numeric,wrong_random,0.0
hitab,hitab_faf383d5b13691dbb702ef2ce59bd4f2,numeric,no_answer,0.0
hitab,hitab_faf383d5b13691dbb702ef2ce59bd4f2,numeric,hedge,0.3
hitab,hitab_faf383d5b13691dbb702ef2ce59bd4f2,numeric,list_dump,0.25
hitab,hitab_fc19803a968e7d3154f07c73aef6f51e,text,identity,1.0
hitab,hitab_fc19803a968e7d3154f07c73aef6f51e,text,verbose,1.0
hitab,hitab_fc19803a968e7d3154f07c73aef6f51e,text,tagged,1.0
hitab,hitab_fc19803a968e7d3154f07c73aef6f51e,text,paraphrase,0.95
hitab,hitab_fc19803a968e7d3154f07c73aef6f51e,text,partial,0.5
hitab,hitab_fc19803a968e7d3154f07c73aef6f51e,text,superset,0.6
hitab,hitab_fc19803a968e7d3154f07c73aef6f51e,text,typo,0.6
hitab,hitab_fc19803a968e7d3154f07c73aef6f51e,text,wrong_random,0.0
hitab,hitab_fc19803a968e7d3154f07c73aef6f51e,text,no_answer,0.0
hitab,hitab_fc19803a968e7d3154f07c73aef6f51e,text,hedge,0.3
hitab,hitab_fc19803a968e7d3154f07c73aef6f51e,text,list_dump,0.25
hitab,hitab_fca1123f84cf820bb41527eb509a5538,text,identity,1.0
hitab,hitab_fca1123f84cf820bb41527eb509a5538,text,verbose,1.0
hitab,hitab_fca1123f84cf820bb41527eb509a5538,text,tagged,1.0
hitab,hitab_fca1123f84cf820bb41527eb509a5538,text,paraphrase,0.95
hitab,hitab_fca1123f84cf820bb41527eb509a5538,text,partial,0.5
hitab,hitab_fca1123f84cf820bb41527eb509a5538,text,superset,0.6
hitab,hitab_fca1123f84cf820bb41527eb509a5538,text,typo,0.6
hitab,hitab_fca1123f84cf820bb41527eb509a5538,text,wrong_random,0.0
hitab,hitab_fca1123f84cf820bb41527eb509a5538,text,no_answer,0.0
hitab,hitab_fca1123f84cf820bb41527eb509a5538,text,hedge,0.3
hitab,hitab_fca1123f84cf820bb41527eb509a5538,text,list_dump,0.25
hitab,hitab_fef0ac47b830fe929bf7715aaf0f5a83,numeric,identity,1.0
hitab,hitab_fef0ac47b830fe929bf7715aaf0f5a83,numeric,verbose,1.0
hitab,hitab_fef0ac47b830fe929bf7715aaf0f5a83,numeric,tagged,1.0
hitab,hitab_fef0ac47b830fe929bf7715aaf0f5a83,numeric,paraphrase,0.95
hitab,hitab_fef0ac47b830fe929bf7715aaf0f5a83,numeric,unit_variant,1.0
hitab,hitab_fef0ac47b830fe929bf7715aaf0f5a83,numeric,near_miss_small,0.75
hitab,hitab_fef0ac47b830fe929bf7715aaf0f5a83,numeric,near_miss_medium,0.45
hitab,hitab_fef0ac47b830fe929bf7715aaf0f5a83,numeric,near_miss_large,0.15
hitab,hitab_fef0ac47b830fe929bf7715aaf0f5a83,numeric,digit_typo,0.2
hitab,hitab_fef0ac47b830fe929bf7715aaf0f5a83,numeric,magnitude,0.05
hitab,hitab_fef0ac47b830fe929bf7715aaf0f5a83,numeric,sign_flip,0.05
hitab,hitab_fef0ac47b830fe929bf7715aaf0f5a83,numeric,wrong_random,0.0
hitab,hitab_fef0ac47b830fe929bf7715aaf0f5a83,numeric,no_answer,0.0
hitab,hitab_fef0ac47b830fe929bf7715aaf0f5a83,numeric,hedge,0.3
hitab,hitab_fef0ac47b830fe929bf7715aaf0f5a83,numeric,list_dump,0.25
hitab,hitab_ff3654ef909452a1297ee646a5759d89,text,identity,1.0
hitab,hitab_ff3654ef909452a1297ee646a5759d89,text,verbose,1.0
hitab,hitab_ff3654ef909452a1297ee646a5759d89,text,tagged,1.0
hitab,hitab_ff3654ef909452a1297ee646a5759d89,text,paraphrase,0.95
hitab,hitab_ff3654ef909452a1297ee646a5759d89,text,partial,0.5
hitab,hitab_ff3654ef909452a1297ee646a5759d89,text,superset,0.6
hitab,hitab_ff3654ef909452a1297ee646a5759d89,text,typo,0.6
hitab,hitab_ff3654ef909452a1297ee646a5759d89,text,wrong_random,0.0
hitab,hitab_ff3654ef909452a1297ee646a5759d89,text,no_answer,0.0
hitab,hitab_ff3654ef909452a1297ee646a5759d89,text,hedge,0.3
hitab,hitab_ff3654ef909452a1297ee646a5759d89,text,list_dump,0.25
hitab,hitab_ffc50e079a319faf0b721b29bd3faada,text,identity,1.0
hitab,hitab_ffc50e079a319faf0b721b29bd3faada,text,verbose,1.0
hitab,hitab_ffc50e079a319faf0b721b29bd3faada,text,tagged,1.0
hitab,hitab_ffc50e079a319faf0b721b29bd3faada,text,paraphrase,0.95
hitab,hitab_ffc50e079a319faf0b721b29bd3faada,text,partial,0.5
hitab,hitab_ffc50e079a319faf0b721b29bd3faada,text,superset,0.6
hitab,hitab_ffc50e079a319faf0b721b29bd3faada,text,typo,0.6
hitab,hitab_ffc50e079a319faf0b721b29bd3faada,text,wrong_random,0.0
hitab,hitab_ffc50e079a319faf0b721b29bd3faada,text,no_answer,0.0
hitab,hitab_ffc50e079a319faf0b721b29bd3faada,text,hedge,0.3
hitab,hitab_ffc50e079a319faf0b721b29bd3faada,text,list_dump,0.25
abt_buy,abt_buy_1001_1058,boolean,identity,1.0
abt_buy,abt_buy_1001_1058,boolean,verbose,1.0
abt_buy,abt_buy_1001_1058,boolean,tagged,1.0
abt_buy,abt_buy_1001_1058,boolean,paraphrase,0.95
abt_buy,abt_buy_1001_1058,boolean,flip,0.0
abt_buy,abt_buy_1001_1058,boolean,no_answer,0.0
abt_buy,abt_buy_1001_1058,boolean,hedge,0.3
abt_buy,abt_buy_1001_661,boolean,identity,1.0
abt_buy,abt_buy_1001_661,boolean,verbose,1.0
abt_buy,abt_buy_1001_661,boolean,tagged,1.0
abt_buy,abt_buy_1001_661,boolean,paraphrase,0.95
abt_buy,abt_buy_1001_661,boolean,flip,0.0
abt_buy,abt_buy_1001_661,boolean,no_answer,0.0
abt_buy,abt_buy_1001_661,boolean,hedge,0.3
abt_buy,abt_buy_1009_60,boolean,identity,1.0
abt_buy,abt_buy_1009_60,boolean,verbose,1.0
abt_buy,abt_buy_1009_60,boolean,tagged,1.0
abt_buy,abt_buy_1009_60,boolean,paraphrase,0.95
abt_buy,abt_buy_1009_60,boolean,flip,0.0
abt_buy,abt_buy_1009_60,boolean,no_answer,0.0
abt_buy,abt_buy_1009_60,boolean,hedge,0.3
abt_buy,abt_buy_1019_171,boolean,identity,1.0
abt_buy,abt_buy_1019_171,boolean,verbose,1.0
abt_buy,abt_buy_1019_171,boolean,tagged,1.0
abt_buy,abt_buy_1019_171,boolean,paraphrase,0.95
abt_buy,abt_buy_1019_171,boolean,flip,0.0
abt_buy,abt_buy_1019_171,boolean,no_answer,0.0
abt_buy,abt_buy_1019_171,boolean,hedge,0.3
abt_buy,abt_buy_1034_463,boolean,identity,1.0
abt_buy,abt_buy_1034_463,boolean,verbose,1.0
abt_buy,abt_buy_1034_463,boolean,tagged,1.0
abt_buy,abt_buy_1034_463,boolean,paraphrase,0.95
abt_buy,abt_buy_1034_463,boolean,flip,0.0
abt_buy,abt_buy_1034_463,boolean,no_answer,0.0
abt_buy,abt_buy_1034_463,boolean,hedge,0.3
abt_buy,abt_buy_1050_332,boolean,identity,1.0
abt_buy,abt_buy_1050_332,boolean,verbose,1.0
abt_buy,abt_buy_1050_332,boolean,tagged,1.0
abt_buy,abt_buy_1050_332,boolean,paraphrase,0.95
abt_buy,abt_buy_1050_332,boolean,flip,0.0
abt_buy,abt_buy_1050_332,boolean,no_answer,0.0
abt_buy,abt_buy_1050_332,boolean,hedge,0.3
abt_buy,abt_buy_1053_357,boolean,identity,1.0
abt_buy,abt_buy_1053_357,boolean,verbose,1.0
abt_buy,abt_buy_1053_357,boolean,tagged,1.0
abt_buy,abt_buy_1053_357,boolean,paraphrase,0.95
abt_buy,abt_buy_1053_357,boolean,flip,0.0
abt_buy,abt_buy_1053_357,boolean,no_answer,0.0
abt_buy,abt_buy_1053_357,boolean,hedge,0.3
abt_buy,abt_buy_110_84,boolean,identity,1.0
abt_buy,abt_buy_110_84,boolean,verbose,1.0
abt_buy,abt_buy_110_84,boolean,tagged,1.0
abt_buy,abt_buy_110_84,boolean,paraphrase,0.95
abt_buy,abt_buy_110_84,boolean,flip,0.0
abt_buy,abt_buy_110_84,boolean,no_answer,0.0
abt_buy,abt_buy_110_84,boolean,hedge,0.3
abt_buy,abt_buy_114_124,boolean,identity,1.0
abt_buy,abt_buy_114_124,boolean,verbose,1.0
abt_buy,abt_buy_114_124,boolean,tagged,1.0
abt_buy,abt_buy_114_124,boolean,paraphrase,0.95
abt_buy,abt_buy_114_124,boolean,flip,0.0
abt_buy,abt_buy_114_124,boolean,no_answer,0.0
abt_buy,abt_buy_114_124,boolean,hedge,0.3
abt_buy,abt_buy_117_521,boolean,identity,1.0
abt_buy,abt_buy_117_521,boolean,verbose,1.0
abt_buy,abt_buy_117_521,boolean,tagged,1.0
abt_buy,abt_buy_117_521,boolean,paraphrase,0.95
abt_buy,abt_buy_117_521,boolean,flip,0.0
abt_buy,abt_buy_117_521,boolean,no_answer,0.0
abt_buy,abt_buy_117_521,boolean,hedge,0.3
abt_buy,abt_buy_156_190,boolean,identity,1.0
abt_buy,abt_buy_156_190,boolean,verbose,1.0
abt_buy,abt_buy_156_190,boolean,tagged,1.0
abt_buy,abt_buy_156_190,boolean,paraphrase,0.95
abt_buy,abt_buy_156_190,boolean,flip,0.0
abt_buy,abt_buy_156_190,boolean,no_answer,0.0
abt_buy,abt_buy_156_190,boolean,hedge,0.3
abt_buy,abt_buy_160_4,boolean,identity,1.0
abt_buy,abt_buy_160_4,boolean,verbose,1.0
abt_buy,abt_buy_160_4,boolean,tagged,1.0
abt_buy,abt_buy_160_4,boolean,paraphrase,0.95
abt_buy,abt_buy_160_4,boolean,flip,0.0
abt_buy,abt_buy_160_4,boolean,no_answer,0.0
abt_buy,abt_buy_160_4,boolean,hedge,0.3
abt_buy,abt_buy_189_267,boolean,identity,1.0
abt_buy,abt_buy_189_267,boolean,verbose,1.0
abt_buy,abt_buy_189_267,boolean,tagged,1.0
abt_buy,abt_buy_189_267,boolean,paraphrase,0.95
abt_buy,abt_buy_189_267,boolean,flip,0.0
abt_buy,abt_buy_189_267,boolean,no_answer,0.0
abt_buy,abt_buy_189_267,boolean,hedge,0.3
abt_buy,abt_buy_195_283,boolean,identity,1.0
abt_buy,abt_buy_195_283,boolean,verbose,1.0
abt_buy,abt_buy_195_283,boolean,tagged,1.0
abt_buy,abt_buy_195_283,boolean,paraphrase,0.95
abt_buy,abt_buy_195_283,boolean,flip,0.0
abt_buy,abt_buy_195_283,boolean,no_answer,0.0
abt_buy,abt_buy_195_283,boolean,hedge,0.3
abt_buy,abt_buy_200_133,boolean,identity,1.0
abt_buy,abt_buy_200_133,boolean,verbose,1.0
abt_buy,abt_buy_200_133,boolean,tagged,1.0
abt_buy,abt_buy_200_133,boolean,paraphrase,0.95
abt_buy,abt_buy_200_133,boolean,flip,0.0
abt_buy,abt_buy_200_133,boolean,no_answer,0.0
abt_buy,abt_buy_200_133,boolean,hedge,0.3
abt_buy,abt_buy_223_361,boolean,identity,1.0
abt_buy,abt_buy_223_361,boolean,verbose,1.0
abt_buy,abt_buy_223_361,boolean,tagged,1.0
abt_buy,abt_buy_223_361,boolean,paraphrase,0.95
abt_buy,abt_buy_223_361,boolean,flip,0.0
abt_buy,abt_buy_223_361,boolean,no_answer,0.0
abt_buy,abt_buy_223_361,boolean,hedge,0.3
abt_buy,abt_buy_231_253,boolean,identity,1.0
abt_buy,abt_buy_231_253,boolean,verbose,1.0
abt_buy,abt_buy_231_253,boolean,tagged,1.0
abt_buy,abt_buy_231_253,boolean,paraphrase,0.95
abt_buy,abt_buy_231_253,boolean,flip,0.0
abt_buy,abt_buy_231_253,boolean,no_answer,0.0
abt_buy,abt_buy_231_253,boolean,hedge,0.3
abt_buy,abt_buy_241_415,boolean,identity,1.0
abt_buy,abt_buy_241_415,boolean,verbose,1.0
abt_buy,abt_buy_241_415,boolean,tagged,1.0
abt_buy,abt_buy_241_415,boolean,paraphrase,0.95
abt_buy,abt_buy_241_415,boolean,flip,0.0
abt_buy,abt_buy_241_415,boolean,no_answer,0.0
abt_buy,abt_buy_241_415,boolean,hedge,0.3
abt_buy,abt_buy_244_328,boolean,identity,1.0
abt_buy,abt_buy_244_328,boolean,verbose,1.0
abt_buy,abt_buy_244_328,boolean,tagged,1.0
abt_buy,abt_buy_244_328,boolean,paraphrase,0.95
abt_buy,abt_buy_244_328,boolean,flip,0.0
abt_buy,abt_buy_244_328,boolean,no_answer,0.0
abt_buy,abt_buy_244_328,boolean,hedge,0.3
abt_buy,abt_buy_245_215,boolean,identity,1.0
abt_buy,abt_buy_245_215,boolean,verbose,1.0
abt_buy,abt_buy_245_215,boolean,tagged,1.0
abt_buy,abt_buy_245_215,boolean,paraphrase,0.95
abt_buy,abt_buy_245_215,boolean,flip,0.0
abt_buy,abt_buy_245_215,boolean,no_answer,0.0
abt_buy,abt_buy_245_215,boolean,hedge,0.3
abt_buy,abt_buy_250_633,boolean,identity,1.0
abt_buy,abt_buy_250_633,boolean,verbose,1.0
abt_buy,abt_buy_250_633,boolean,tagged,1.0
abt_buy,abt_buy_250_633,boolean,paraphrase,0.95
abt_buy,abt_buy_250_633,boolean,flip,0.0
abt_buy,abt_buy_250_633,boolean,no_answer,0.0
abt_buy,abt_buy_250_633,boolean,hedge,0.3
abt_buy,abt_buy_256_626,boolean,identity,1.0
abt_buy,abt_buy_256_626,boolean,verbose,1.0
abt_buy,abt_buy_256_626,boolean,tagged,1.0
abt_buy,abt_buy_256_626,boolean,paraphrase,0.95
abt_buy,abt_buy_256_626,boolean,flip,0.0
abt_buy,abt_buy_256_626,boolean,no_answer,0.0
abt_buy,abt_buy_256_626,boolean,hedge,0.3
abt_buy,abt_buy_264_390,boolean,identity,1.0
abt_buy,abt_buy_264_390,boolean,verbose,1.0
abt_buy,abt_buy_264_390,boolean,tagged,1.0
abt_buy,abt_buy_264_390,boolean,paraphrase,0.95
abt_buy,abt_buy_264_390,boolean,flip,0.0
abt_buy,abt_buy_264_390,boolean,no_answer,0.0
abt_buy,abt_buy_264_390,boolean,hedge,0.3
abt_buy,abt_buy_265_364,boolean,identity,1.0
abt_buy,abt_buy_265_364,boolean,verbose,1.0
abt_buy,abt_buy_265_364,boolean,tagged,1.0
abt_buy,abt_buy_265_364,boolean,paraphrase,0.95
abt_buy,abt_buy_265_364,boolean,flip,0.0
abt_buy,abt_buy_265_364,boolean,no_answer,0.0
abt_buy,abt_buy_265_364,boolean,hedge,0.3
abt_buy,abt_buy_280_302,boolean,identity,1.0
abt_buy,abt_buy_280_302,boolean,verbose,1.0
abt_buy,abt_buy_280_302,boolean,tagged,1.0
abt_buy,abt_buy_280_302,boolean,paraphrase,0.95
abt_buy,abt_buy_280_302,boolean,flip,0.0
abt_buy,abt_buy_280_302,boolean,no_answer,0.0
abt_buy,abt_buy_280_302,boolean,hedge,0.3
abt_buy,abt_buy_281_280,boolean,identity,1.0
abt_buy,abt_buy_281_280,boolean,verbose,1.0
abt_buy,abt_buy_281_280,boolean,tagged,1.0
abt_buy,abt_buy_281_280,boolean,paraphrase,0.95
abt_buy,abt_buy_281_280,boolean,flip,0.0
abt_buy,abt_buy_281_280,boolean,no_answer,0.0
abt_buy,abt_buy_281_280,boolean,hedge,0.3
abt_buy,abt_buy_28_40,boolean,identity,1.0
abt_buy,abt_buy_28_40,boolean,verbose,1.0
abt_buy,abt_buy_28_40,boolean,tagged,1.0
abt_buy,abt_buy_28_40,boolean,paraphrase,0.95
abt_buy,abt_buy_28_40,boolean,flip,0.0
abt_buy,abt_buy_28_40,boolean,no_answer,0.0
abt_buy,abt_buy_28_40,boolean,hedge,0.3
abt_buy,abt_buy_292_965,boolean,identity,1.0
abt_buy,abt_buy_292_965,boolean,verbose,1.0
abt_buy,abt_buy_292_965,boolean,tagged,1.0
abt_buy,abt_buy_292_965,boolean,paraphrase,0.95
abt_buy,abt_buy_292_965,boolean,flip,0.0
abt_buy,abt_buy_292_965,boolean,no_answer,0.0
abt_buy,abt_buy_292_965,boolean,hedge,0.3
abt_buy,abt_buy_295_439,boolean,identity,1.0
abt_buy,abt_buy_295_439,boolean,verbose,1.0
abt_buy,abt_buy_295_439,boolean,tagged,1.0
abt_buy,abt_buy_295_439,boolean,paraphrase,0.95
abt_buy,abt_buy_295_439,boolean,flip,0.0
abt_buy,abt_buy_295_439,boolean,no_answer,0.0
abt_buy,abt_buy_295_439,boolean,hedge,0.3
abt_buy,abt_buy_305_398,boolean,identity,1.0
abt_buy,abt_buy_305_398,boolean,verbose,1.0
abt_buy,abt_buy_305_398,boolean,tagged,1.0
abt_buy,abt_buy_305_398,boolean,paraphrase,0.95
abt_buy,abt_buy_305_398,boolean,flip,0.0
abt_buy,abt_buy_305_398,boolean,no_answer,0.0
abt_buy,abt_buy_305_398,boolean,hedge,0.3
abt_buy,abt_buy_328_139,boolean,identity,1.0
abt_buy,abt_buy_328_139,boolean,verbose,1.0
abt_buy,abt_buy_328_139,boolean,tagged,1.0
abt_buy,abt_buy_328_139,boolean,paraphrase,0.95
abt_buy,abt_buy_328_139,boolean,flip,0.0
abt_buy,abt_buy_328_139,boolean,no_answer,0.0
abt_buy,abt_buy_328_139,boolean,hedge,0.3
abt_buy,abt_buy_328_392,boolean,identity,1.0
abt_buy,abt_buy_328_392,boolean,verbose,1.0
abt_buy,abt_buy_328_392,boolean,tagged,1.0
abt_buy,abt_buy_328_392,boolean,paraphrase,0.95
abt_buy,abt_buy_328_392,boolean,flip,0.0
abt_buy,abt_buy_328_392,boolean,no_answer,0.0
abt_buy,abt_buy_328_392,boolean,hedge,0.3
abt_buy,abt_buy_329_883,boolean,identity,1.0
abt_buy,abt_buy_329_883,boolean,verbose,1.0
abt_buy,abt_buy_329_883,boolean,tagged,1.0
abt_buy,abt_buy_329_883,boolean,paraphrase,0.95
abt_buy,abt_buy_329_883,boolean,flip,0.0
abt_buy,abt_buy_329_883,boolean,no_answer,0.0
abt_buy,abt_buy_329_883,boolean,hedge,0.3
abt_buy,abt_buy_32_636,boolean,identity,1.0
abt_buy,abt_buy_32_636,boolean,verbose,1.0
abt_buy,abt_buy_32_636,boolean,tagged,1.0
abt_buy,abt_buy_32_636,boolean,paraphrase,0.95
abt_buy,abt_buy_32_636,boolean,flip,0.0
abt_buy,abt_buy_32_636,boolean,no_answer,0.0
abt_buy,abt_buy_32_636,boolean,hedge,0.3
abt_buy,abt_buy_331_389,boolean,identity,1.0
abt_buy,abt_buy_331_389,boolean,verbose,1.0
abt_buy,abt_buy_331_389,boolean,tagged,1.0
abt_buy,abt_buy_331_389,boolean,paraphrase,0.95
abt_buy,abt_buy_331_389,boolean,flip,0.0
abt_buy,abt_buy_331_389,boolean,no_answer,0.0
abt_buy,abt_buy_331_389,boolean,hedge,0.3
abt_buy,abt_buy_33_198,boolean,identity,1.0
abt_buy,abt_buy_33_198,boolean,verbose,1.0
abt_buy,abt_buy_33_198,boolean,tagged,1.0
abt_buy,abt_buy_33_198,boolean,paraphrase,0.95
abt_buy,abt_buy_33_198,boolean,flip,0.0
abt_buy,abt_buy_33_198,boolean,no_answer,0.0
abt_buy,abt_buy_33_198,boolean,hedge,0.3
abt_buy,abt_buy_345_661,boolean,identity,1.0
abt_buy,abt_buy_345_661,boolean,verbose,1.0
abt_buy,abt_buy_345_661,boolean,tagged,1.0
abt_buy,abt_buy_345_661,boolean,paraphrase,0.95
abt_buy,abt_buy_345_661,boolean,flip,0.0
abt_buy,abt_buy_345_661,boolean,no_answer,0.0
abt_buy,abt_buy_345_661,boolean,hedge,0.3
abt_buy,abt_buy_350_573,boolean,identity,1.0
abt_buy,abt_buy_350_573,boolean,verbose,1.0
abt_buy,abt_buy_350_573,boolean,tagged,1.0
abt_buy,abt_buy_350_573,boolean,paraphrase,0.95
abt_buy,abt_buy_350_573,boolean,flip,0.0
abt_buy,abt_buy_350_573,boolean,no_answer,0.0
abt_buy,abt_buy_350_573,boolean,hedge,0.3
abt_buy,abt_buy_356_861,boolean,identity,1.0
abt_buy,abt_buy_356_861,boolean,verbose,1.0
abt_buy,abt_buy_356_861,boolean,tagged,1.0
abt_buy,abt_buy_356_861,boolean,paraphrase,0.95
abt_buy,abt_buy_356_861,boolean,flip,0.0
abt_buy,abt_buy_356_861,boolean,no_answer,0.0
abt_buy,abt_buy_356_861,boolean,hedge,0.3
abt_buy,abt_buy_365_273,boolean,identity,1.0
abt_buy,abt_buy_365_273,boolean,verbose,1.0
abt_buy,abt_buy_365_273,boolean,tagged,1.0
abt_buy,abt_buy_365_273,boolean,paraphrase,0.95
abt_buy,abt_buy_365_273,boolean,flip,0.0
abt_buy,abt_buy_365_273,boolean,no_answer,0.0
abt_buy,abt_buy_365_273,boolean,hedge,0.3
abt_buy,abt_buy_369_464,boolean,identity,1.0
abt_buy,abt_buy_369_464,boolean,verbose,1.0
abt_buy,abt_buy_369_464,boolean,tagged,1.0
abt_buy,abt_buy_369_464,boolean,paraphrase,0.95
abt_buy,abt_buy_369_464,boolean,flip,0.0
abt_buy,abt_buy_369_464,boolean,no_answer,0.0
abt_buy,abt_buy_369_464,boolean,hedge,0.3
abt_buy,abt_buy_372_174,boolean,identity,1.0
abt_buy,abt_buy_372_174,boolean,verbose,1.0
abt_buy,abt_buy_372_174,boolean,tagged,1.0
abt_buy,abt_buy_372_174,boolean,paraphrase,0.95
abt_buy,abt_buy_372_174,boolean,flip,0.0
abt_buy,abt_buy_372_174,boolean,no_answer,0.0
abt_buy,abt_buy_372_174,boolean,hedge,0.3
abt_buy,abt_buy_41_811,boolean,identity,1.0
abt_buy,abt_buy_41_811,boolean,verbose,1.0
abt_buy,abt_buy_41_811,boolean,tagged,1.0
abt_buy,abt_buy_41_811,boolean,paraphrase,0.95
abt_buy,abt_buy_41_811,boolean,flip,0.0
abt_buy,abt_buy_41_811,boolean,no_answer,0.0
abt_buy,abt_buy_41_811,boolean,hedge,0.3
abt_buy,abt_buy_424_149,boolean,identity,1.0
abt_buy,abt_buy_424_149,boolean,verbose,1.0
abt_buy,abt_buy_424_149,boolean,tagged,1.0
abt_buy,abt_buy_424_149,boolean,paraphrase,0.95
abt_buy,abt_buy_424_149,boolean,flip,0.0
abt_buy,abt_buy_424_149,boolean,no_answer,0.0
abt_buy,abt_buy_424_149,boolean,hedge,0.3
abt_buy,abt_buy_427_1075,boolean,identity,1.0
abt_buy,abt_buy_427_1075,boolean,verbose,1.0
abt_buy,abt_buy_427_1075,boolean,tagged,1.0
abt_buy,abt_buy_427_1075,boolean,paraphrase,0.95
abt_buy,abt_buy_427_1075,boolean,flip,0.0
abt_buy,abt_buy_427_1075,boolean,no_answer,0.0
abt_buy,abt_buy_427_1075,boolean,hedge,0.3
abt_buy,abt_buy_427_21,boolean,identity,1.0
abt_buy,abt_buy_427_21,boolean,verbose,1.0
abt_buy,abt_buy_427_21,boolean,tagged,1.0
abt_buy,abt_buy_427_21,boolean,paraphrase,0.95
abt_buy,abt_buy_427_21,boolean,flip,0.0
abt_buy,abt_buy_427_21,boolean,no_answer,0.0
abt_buy,abt_buy_427_21,boolean,hedge,0.3
abt_buy,abt_buy_42_801,boolean,identity,1.0
abt_buy,abt_buy_42_801,boolean,verbose,1.0
abt_buy,abt_buy_42_801,boolean,tagged,1.0
abt_buy,abt_buy_42_801,boolean,paraphrase,0.95
abt_buy,abt_buy_42_801,boolean,flip,0.0
abt_buy,abt_buy_42_801,boolean,no_answer,0.0
abt_buy,abt_buy_42_801,boolean,hedge,0.3
abt_buy,abt_buy_434_6,boolean,identity,1.0
abt_buy,abt_buy_434_6,boolean,verbose,1.0
abt_buy,abt_buy_434_6,boolean,tagged,1.0
abt_buy,abt_buy_434_6,boolean,paraphrase,0.95
abt_buy,abt_buy_434_6,boolean,flip,0.0
abt_buy,abt_buy_434_6,boolean,no_answer,0.0
abt_buy,abt_buy_434_6,boolean,hedge,0.3
abt_buy,abt_buy_436_740,boolean,identity,1.0
abt_buy,abt_buy_436_740,boolean,verbose,1.0
abt_buy,abt_buy_436_740,boolean,tagged,1.0
abt_buy,abt_buy_436_740,boolean,paraphrase,0.95
abt_buy,abt_buy_436_740,boolean,flip,0.0
abt_buy,abt_buy_436_740,boolean,no_answer,0.0
abt_buy,abt_buy_436_740,boolean,hedge,0.3
abt_buy,abt_buy_442_581,boolean,identity,1.0
abt_buy,abt_buy_442_581,boolean,verbose,1.0
abt_buy,abt_buy_442_581,boolean,tagged,1.0
abt_buy,abt_buy_442_581,boolean,paraphrase,0.95
abt_buy,abt_buy_442_581,boolean,flip,0.0
abt_buy,abt_buy_442_581,boolean,no_answer,0.0
abt_buy,abt_buy_442_581,boolean,hedge,0.3
abt_buy,abt_buy_443_581,boolean,identity,1.0
abt_buy,abt_buy_443_581,boolean,verbose,1.0
abt_buy,abt_buy_443_581,boolean,tagged,1.0
abt_buy,abt_buy_443_581,boolean,paraphrase,0.95
abt_buy,abt_buy_443_581,boolean,flip,0.0
abt_buy,abt_buy_443_581,boolean,no_answer,0.0
abt_buy,abt_buy_443_581,boolean,hedge,0.3
abt_buy,abt_buy_444_573,boolean,identity,1.0
abt_buy,abt_buy_444_573,boolean,verbose,1.0
abt_buy,abt_buy_444_573,boolean,tagged,1.0
abt_buy,abt_buy_444_573,boolean,paraphrase,0.95
abt_buy,abt_buy_444_573,boolean,flip,0.0
abt_buy,abt_buy_444_573,boolean,no_answer,0.0
abt_buy,abt_buy_444_573,boolean,hedge,0.3
abt_buy,abt_buy_449_754,boolean,identity,1.0
abt_buy,abt_buy_449_754,boolean,verbose,1.0
abt_buy,abt_buy_449_754,boolean,tagged,1.0
abt_buy,abt_buy_449_754,boolean,paraphrase,0.95
abt_buy,abt_buy_449_754,boolean,flip,0.0
abt_buy,abt_buy_449_754,boolean,no_answer,0.0
abt_buy,abt_buy_449_754,boolean,hedge,0.3
abt_buy,abt_buy_458_980,boolean,identity,1.0
abt_buy,abt_buy_458_980,boolean,verbose,1.0
abt_buy,abt_buy_458_980,boolean,tagged,1.0
abt_buy,abt_buy_458_980,boolean,paraphrase,0.95
abt_buy,abt_buy_458_980,boolean,flip,0.0
abt_buy,abt_buy_458_980,boolean,no_answer,0.0
abt_buy,abt_buy_458_980,boolean,hedge,0.3
abt_buy,abt_buy_45_1085,boolean,identity,1.0
abt_buy,abt_buy_45_1085,boolean,verbose,1.0
abt_buy,abt_buy_45_1085,boolean,tagged,1.0
abt_buy,abt_buy_45_1085,boolean,paraphrase,0.95
abt_buy,abt_buy_45_1085,boolean,flip,0.0
abt_buy,abt_buy_45_1085,boolean,no_answer,0.0
abt_buy,abt_buy_45_1085,boolean,hedge,0.3
abt_buy,abt_buy_468_602,boolean,identity,1.0
abt_buy,abt_buy_468_602,boolean,verbose,1.0
abt_buy,abt_buy_468_602,boolean,tagged,1.0
abt_buy,abt_buy_468_602,boolean,paraphrase,0.95
abt_buy,abt_buy_468_602,boolean,flip,0.0
abt_buy,abt_buy_468_602,boolean,no_answer,0.0
abt_buy,abt_buy_468_602,boolean,hedge,0.3
abt_buy,abt_buy_476_578,boolean,identity,1.0
abt_buy,abt_buy_476_578,boolean,verbose,1.0
abt_buy,abt_buy_476_578,boolean,tagged,1.0
abt_buy,abt_buy_476_578,boolean,paraphrase,0.95
abt_buy,abt_buy_476_578,boolean,flip,0.0
abt_buy,abt_buy_476_578,boolean,no_answer,0.0
abt_buy,abt_buy_476_578,boolean,hedge,0.3
abt_buy,abt_buy_480_629,boolean,identity,1.0
abt_buy,abt_buy_480_629,boolean,verbose,1.0
abt_buy,abt_buy_480_629,boolean,tagged,1.0
abt_buy,abt_buy_480_629,boolean,paraphrase,0.95
abt_buy,abt_buy_480_629,boolean,flip,0.0
abt_buy,abt_buy_480_629,boolean,no_answer,0.0
abt_buy,abt_buy_480_629,boolean,hedge,0.3
abt_buy,abt_buy_485_551,boolean,identity,1.0
abt_buy,abt_buy_485_551,boolean,verbose,1.0
abt_buy,abt_buy_485_551,boolean,tagged,1.0
abt_buy,abt_buy_485_551,boolean,paraphrase,0.95
abt_buy,abt_buy_485_551,boolean,flip,0.0
abt_buy,abt_buy_485_551,boolean,no_answer,0.0
abt_buy,abt_buy_485_551,boolean,hedge,0.3
abt_buy,abt_buy_487_993,boolean,identity,1.0
abt_buy,abt_buy_487_993,boolean,verbose,1.0
abt_buy,abt_buy_487_993,boolean,tagged,1.0
abt_buy,abt_buy_487_993,boolean,paraphrase,0.95
abt_buy,abt_buy_487_993,boolean,flip,0.0
abt_buy,abt_buy_487_993,boolean,no_answer,0.0
abt_buy,abt_buy_487_993,boolean,hedge,0.3
abt_buy,abt_buy_488_494,boolean,identity,1.0
abt_buy,abt_buy_488_494,boolean,verbose,1.0
abt_buy,abt_buy_488_494,boolean,tagged,1.0
abt_buy,abt_buy_488_494,boolean,paraphrase,0.95
abt_buy,abt_buy_488_494,boolean,flip,0.0
abt_buy,abt_buy_488_494,boolean,no_answer,0.0
abt_buy,abt_buy_488_494,boolean,hedge,0.3
abt_buy,abt_buy_491_1058,boolean,identity,1.0
abt_buy,abt_buy_491_1058,boolean,verbose,1.0
abt_buy,abt_buy_491_1058,boolean,tagged,1.0
abt_buy,abt_buy_491_1058,boolean,paraphrase,0.95
abt_buy,abt_buy_491_1058,boolean,flip,0.0
abt_buy,abt_buy_491_1058,boolean,no_answer,0.0
abt_buy,abt_buy_491_1058,boolean,hedge,0.3
abt_buy,abt_buy_495_629,boolean,identity,1.0
abt_buy,abt_buy_495_629,boolean,verbose,1.0
abt_buy,abt_buy_495_629,boolean,tagged,1.0
abt_buy,abt_buy_495_629,boolean,paraphrase,0.95
abt_buy,abt_buy_495_629,boolean,flip,0.0
abt_buy,abt_buy_495_629,boolean,no_answer,0.0
abt_buy,abt_buy_495_629,boolean,hedge,0.3
abt_buy,abt_buy_498_556,boolean,identity,1.0
abt_buy,abt_buy_498_556,boolean,verbose,1.0
abt_buy,abt_buy_498_556,boolean,tagged,1.0
abt_buy,abt_buy_498_556,boolean,paraphrase,0.95
abt_buy,abt_buy_498_556,boolean,flip,0.0
abt_buy,abt_buy_498_556,boolean,no_answer,0.0
abt_buy,abt_buy_498_556,boolean,hedge,0.3
abt_buy,abt_buy_507_610,boolean,identity,1.0
abt_buy,abt_buy_507_610,boolean,verbose,1.0
abt_buy,abt_buy_507_610,boolean,tagged,1.0
abt_buy,abt_buy_507_610,boolean,paraphrase,0.95
abt_buy,abt_buy_507_610,boolean,flip,0.0
abt_buy,abt_buy_507_610,boolean,no_answer,0.0
abt_buy,abt_buy_507_610,boolean,hedge,0.3
abt_buy,abt_buy_522_535,boolean,identity,1.0
abt_buy,abt_buy_522_535,boolean,verbose,1.0
abt_buy,abt_buy_522_535,boolean,tagged,1.0
abt_buy,abt_buy_522_535,boolean,paraphrase,0.95
abt_buy,abt_buy_522_535,boolean,flip,0.0
abt_buy,abt_buy_522_535,boolean,no_answer,0.0
abt_buy,abt_buy_522_535,boolean,hedge,0.3
abt_buy,abt_buy_522_936,boolean,identity,1.0
abt_buy,abt_buy_522_936,boolean,verbose,1.0
abt_buy,abt_buy_522_936,boolean,tagged,1.0
abt_buy,abt_buy_522_936,boolean,paraphrase,0.95
abt_buy,abt_buy_522_936,boolean,flip,0.0
abt_buy,abt_buy_522_936,boolean,no_answer,0.0
abt_buy,abt_buy_522_936,boolean,hedge,0.3
abt_buy,abt_buy_526_468,boolean,identity,1.0
abt_buy,abt_buy_526_468,boolean,verbose,1.0
abt_buy,abt_buy_526_468,boolean,tagged,1.0
abt_buy,abt_buy_526_468,boolean,paraphrase,0.95
abt_buy,abt_buy_526_468,boolean,flip,0.0
abt_buy,abt_buy_526_468,boolean,no_answer,0.0
abt_buy,abt_buy_526_468,boolean,hedge,0.3
abt_buy,abt_buy_529_594,boolean,identity,1.0
abt_buy,abt_buy_529_594,boolean,verbose,1.0
abt_buy,abt_buy_529_594,boolean,tagged,1.0
abt_buy,abt_buy_529_594,boolean,paraphrase,0.95
abt_buy,abt_buy_529_594,boolean,flip,0.0
abt_buy,abt_buy_529_594,boolean,no_answer,0.0
abt_buy,abt_buy_529_594,boolean,hedge,0.3
abt_buy,abt_buy_533_528,boolean,identity,1.0
abt_buy,abt_buy_533_528,boolean,verbose,1.0
abt_buy,abt_buy_533_528,boolean,tagged,1.0
abt_buy,abt_buy_533_528,boolean,paraphrase,0.95
abt_buy,abt_buy_533_528,boolean,flip,0.0
abt_buy,abt_buy_533_528,boolean,no_answer,0.0
abt_buy,abt_buy_533_528,boolean,hedge,0.3
abt_buy,abt_buy_533_636,boolean,identity,1.0
abt_buy,abt_buy_533_636,boolean,verbose,1.0
abt_buy,abt_buy_533_636,boolean,tagged,1.0
abt_buy,abt_buy_533_636,boolean,paraphrase,0.95
abt_buy,abt_buy_533_636,boolean,flip,0.0
abt_buy,abt_buy_533_636,boolean,no_answer,0.0
abt_buy,abt_buy_533_636,boolean,hedge,0.3
abt_buy,abt_buy_541_725,boolean,identity,1.0
abt_buy,abt_buy_541_725,boolean,verbose,1.0
abt_buy,abt_buy_541_725,boolean,tagged,1.0
abt_buy,abt_buy_541_725,boolean,paraphrase,0.95
abt_buy,abt_buy_541_725,boolean,flip,0.0
abt_buy,abt_buy_541_725,boolean,no_answer,0.0
abt_buy,abt_buy_541_725,boolean,hedge,0.3
abt_buy,abt_buy_545_692,boolean,identity,1.0
abt_buy,abt_buy_545_692,boolean,verbose,1.0
abt_buy,abt_buy_545_692,boolean,tagged,1.0
abt_buy,abt_buy_545_692,boolean,paraphrase,0.95
abt_buy,abt_buy_545_692,boolean,flip,0.0
abt_buy,abt_buy_545_692,boolean,no_answer,0.0
abt_buy,abt_buy_545_692,boolean,hedge,0.3
abt_buy,abt_buy_546_831,boolean,identity,1.0
abt_buy,abt_buy_546_831,boolean,verbose,1.0
abt_buy,abt_buy_546_831,boolean,tagged,1.0
abt_buy,abt_buy_546_831,boolean,paraphrase,0.95
abt_buy,abt_buy_546_831,boolean,flip,0.0
abt_buy,abt_buy_546_831,boolean,no_answer,0.0
abt_buy,abt_buy_546_831,boolean,hedge,0.3
abt_buy,abt_buy_550_594,boolean,identity,1.0
abt_buy,abt_buy_550_594,boolean,verbose,1.0
abt_buy,abt_buy_550_594,boolean,tagged,1.0
abt_buy,abt_buy_550_594,boolean,paraphrase,0.95
abt_buy,abt_buy_550_594,boolean,flip,0.0
abt_buy,abt_buy_550_594,boolean,no_answer,0.0
abt_buy,abt_buy_550_594,boolean,hedge,0.3
abt_buy,abt_buy_567_657,boolean,identity,1.0
abt_buy,abt_buy_567_657,boolean,verbose,1.0
abt_buy,abt_buy_567_657,boolean,tagged,1.0
abt_buy,abt_buy_567_657,boolean,paraphrase,0.95
abt_buy,abt_buy_567_657,boolean,flip,0.0
abt_buy,abt_buy_567_657,boolean,no_answer,0.0
abt_buy,abt_buy_567_657,boolean,hedge,0.3
abt_buy,abt_buy_568_649,boolean,identity,1.0
abt_buy,abt_buy_568_649,boolean,verbose,1.0
abt_buy,abt_buy_568_649,boolean,tagged,1.0
abt_buy,abt_buy_568_649,boolean,paraphrase,0.95
abt_buy,abt_buy_568_649,boolean,flip,0.0
abt_buy,abt_buy_568_649,boolean,no_answer,0.0
abt_buy,abt_buy_568_649,boolean,hedge,0.3
abt_buy,abt_buy_568_714,boolean,identity,1.0
abt_buy,abt_buy_568_714,boolean,verbose,1.0
abt_buy,abt_buy_568_714,boolean,tagged,1.0
abt_buy,abt_buy_568_714,boolean,paraphrase,0.95
abt_buy,abt_buy_568_714,boolean,flip,0.0
abt_buy,abt_buy_568_714,boolean,no_answer,0.0
abt_buy,abt_buy_568_714,boolean,hedge,0.3
abt_buy,abt_buy_570_649,boolean,identity,1.0
abt_buy,abt_buy_570_649,boolean,verbose,1.0
abt_buy,abt_buy_570_649,boolean,tagged,1.0
abt_buy,abt_buy_570_649,boolean,paraphrase,0.95
abt_buy,abt_buy_570_649,boolean,flip,0.0
abt_buy,abt_buy_570_649,boolean,no_answer,0.0
abt_buy,abt_buy_570_649,boolean,hedge,0.3
abt_buy,abt_buy_572_658,boolean,identity,1.0
abt_buy,abt_buy_572_658,boolean,verbose,1.0
abt_buy,abt_buy_572_658,boolean,tagged,1.0
abt_buy,abt_buy_572_658,boolean,paraphrase,0.95
abt_buy,abt_buy_572_658,boolean,flip,0.0
abt_buy,abt_buy_572_658,boolean,no_answer,0.0
abt_buy,abt_buy_572_658,boolean,hedge,0.3
abt_buy,abt_buy_608_686,boolean,identity,1.0
abt_buy,abt_buy_608_686,boolean,verbose,1.0
abt_buy,abt_buy_608_686,boolean,tagged,1.0
abt_buy,abt_buy_608_686,boolean,paraphrase,0.95
abt_buy,abt_buy_608_686,boolean,flip,0.0
abt_buy,abt_buy_608_686,boolean,no_answer,0.0
abt_buy,abt_buy_608_686,boolean,hedge,0.3
abt_buy,abt_buy_608_697,boolean,identity,1.0
abt_buy,abt_buy_608_697,boolean,verbose,1.0
abt_buy,abt_buy_608_697,boolean,tagged,1.0
abt_buy,abt_buy_608_697,boolean,paraphrase,0.95
abt_buy,abt_buy_608_697,boolean,flip,0.0
abt_buy,abt_buy_608_697,boolean,no_answer,0.0
abt_buy,abt_buy_608_697,boolean,hedge,0.3
abt_buy,abt_buy_623_588,boolean,identity,1.0
abt_buy,abt_buy_623_588,boolean,verbose,1.0
abt_buy,abt_buy_623_588,boolean,tagged,1.0
abt_buy,abt_buy_623_588,boolean,paraphrase,0.95
abt_buy,abt_buy_623_588,boolean,flip,0.0
abt_buy,abt_buy_623_588,boolean,no_answer,0.0
abt_buy,abt_buy_623_588,boolean,hedge,0.3
abt_buy,abt_buy_626_471,boolean,identity,1.0
abt_buy,abt_buy_626_471,boolean,verbose,1.0
abt_buy,abt_buy_626_471,boolean,tagged,1.0
abt_buy,abt_buy_626_471,boolean,paraphrase,0.95
abt_buy,abt_buy_626_471,boolean,flip,0.0
abt_buy,abt_buy_626_471,boolean,no_answer,0.0
abt_buy,abt_buy_626_471,boolean,hedge,0.3
abt_buy,abt_buy_630_568,boolean,identity,1.0
abt_buy,abt_buy_630_568,boolean,verbose,1.0
abt_buy,abt_buy_630_568,boolean,tagged,1.0
abt_buy,abt_buy_630_568,boolean,paraphrase,0.95
abt_buy,abt_buy_630_568,boolean,flip,0.0
abt_buy,abt_buy_630_568,boolean,no_answer,0.0
abt_buy,abt_buy_630_568,boolean,hedge,0.3
abt_buy,abt_buy_638_839,boolean,identity,1.0
abt_buy,abt_buy_638_839,boolean,verbose,1.0
abt_buy,abt_buy_638_839,boolean,tagged,1.0
abt_buy,abt_buy_638_839,boolean,paraphrase,0.95
abt_buy,abt_buy_638_839,boolean,flip,0.0
abt_buy,abt_buy_638_839,boolean,no_answer,0.0
abt_buy,abt_buy_638_839,boolean,hedge,0.3
abt_buy,abt_buy_638_889,boolean,identity,1.0
abt_buy,abt_buy_638_889,boolean,verbose,1.0
abt_buy,abt_buy_638_889,boolean,tagged,1.0
abt_buy,abt_buy_638_889,boolean,paraphrase,0.95
abt_buy,abt_buy_638_889,boolean,flip,0.0
abt_buy,abt_buy_638_889,boolean,no_answer,0.0
abt_buy,abt_buy_638_889,boolean,hedge,0.3
abt_buy,abt_buy_640_37,boolean,identity,1.0
abt_buy,abt_buy_640_37,boolean,verbose,1.0
abt_buy,abt_buy_640_37,boolean,tagged,1.0
abt_buy,abt_buy_640_37,boolean,paraphrase,0.95
abt_buy,abt_buy_640_37,boolean,flip,0.0
abt_buy,abt_buy_640_37,boolean,no_answer,0.0
abt_buy,abt_buy_640_37,boolean,hedge,0.3
abt_buy,abt_buy_644_633,boolean,identity,1.0
abt_buy,abt_buy_644_633,boolean,verbose,1.0
abt_buy,abt_buy_644_633,boolean,tagged,1.0
abt_buy,abt_buy_644_633,boolean,paraphrase,0.95
abt_buy,abt_buy_644_633,boolean,flip,0.0
abt_buy,abt_buy_644_633,boolean,no_answer,0.0
abt_buy,abt_buy_644_633,boolean,hedge,0.3
abt_buy,abt_buy_656_989,boolean,identity,1.0
abt_buy,abt_buy_656_989,boolean,verbose,1.0
abt_buy,abt_buy_656_989,boolean,tagged,1.0
abt_buy,abt_buy_656_989,boolean,paraphrase,0.95
abt_buy,abt_buy_656_989,boolean,flip,0.0
abt_buy,abt_buy_656_989,boolean,no_answer,0.0
abt_buy,abt_buy_656_989,boolean,hedge,0.3
abt_buy,abt_buy_661_669,boolean,identity,1.0
abt_buy,abt_buy_661_669,boolean,verbose,1.0
abt_buy,abt_buy_661_669,boolean,tagged,1.0
abt_buy,abt_buy_661_669,boolean,paraphrase,0.95
abt_buy,abt_buy_661_669,boolean,flip,0.0
abt_buy,abt_buy_661_669,boolean,no_answer,0.0
abt_buy,abt_buy_661_669,boolean,hedge,0.3
abt_buy,abt_buy_663_255,boolean,identity,1.0
abt_buy,abt_buy_663_255,boolean,verbose,1.0
abt_buy,abt_buy_663_255,boolean,tagged,1.0
abt_buy,abt_buy_663_255,boolean,paraphrase,0.95
abt_buy,abt_buy_663_255,boolean,flip,0.0
abt_buy,abt_buy_663_255,boolean,no_answer,0.0
abt_buy,abt_buy_663_255,boolean,hedge,0.3
abt_buy,abt_buy_672_117,boolean,identity,1.0
abt_buy,abt_buy_672_117,boolean,verbose,1.0
abt_buy,abt_buy_672_117,boolean,tagged,1.0
abt_buy,abt_buy_672_117,boolean,paraphrase,0.95
abt_buy,abt_buy_672_117,boolean,flip,0.0
abt_buy,abt_buy_672_117,boolean,no_answer,0.0
abt_buy,abt_buy_672_117,boolean,hedge,0.3
abt_buy,abt_buy_675_834,boolean,identity,1.0
abt_buy,abt_buy_675_834,boolean,verbose,1.0
abt_buy,abt_buy_675_834,boolean,tagged,1.0
abt_buy,abt_buy_675_834,boolean,paraphrase,0.95
abt_buy,abt_buy_675_834,boolean,flip,0.0
abt_buy,abt_buy_675_834,boolean,no_answer,0.0
abt_buy,abt_buy_675_834,boolean,hedge,0.3
abt_buy,abt_buy_682_1077,boolean,identity,1.0
abt_buy,abt_buy_682_1077,boolean,verbose,1.0
abt_buy,abt_buy_682_1077,boolean,tagged,1.0
abt_buy,abt_buy_682_1077,boolean,paraphrase,0.95
abt_buy,abt_buy_682_1077,boolean,flip,0.0
abt_buy,abt_buy_682_1077,boolean,no_answer,0.0
abt_buy,abt_buy_682_1077,boolean,hedge,0.3
abt_buy,abt_buy_683_890,boolean,identity,1.0
abt_buy,abt_buy_683_890,boolean,verbose,1.0
abt_buy,abt_buy_683_890,boolean,tagged,1.0
abt_buy,abt_buy_683_890,boolean,paraphrase,0.95
abt_buy,abt_buy_683_890,boolean,flip,0.0
abt_buy,abt_buy_683_890,boolean,no_answer,0.0
abt_buy,abt_buy_683_890,boolean,hedge,0.3
abt_buy,abt_buy_689_787,boolean,identity,1.0
abt_buy,abt_buy_689_787,boolean,verbose,1.0
abt_buy,abt_buy_689_787,boolean,tagged,1.0
abt_buy,abt_buy_689_787,boolean,paraphrase,0.95
abt_buy,abt_buy_689_787,boolean,flip,0.0
abt_buy,abt_buy_689_787,boolean,no_answer,0.0
abt_buy,abt_buy_689_787,boolean,hedge,0.3
abt_buy,abt_buy_695_744,boolean,identity,1.0
abt_buy,abt_buy_695_744,boolean,verbose,1.0
abt_buy,abt_buy_695_744,boolean,tagged,1.0
abt_buy,abt_buy_695_744,boolean,paraphrase,0.95
abt_buy,abt_buy_695_744,boolean,flip,0.0
abt_buy,abt_buy_695_744,boolean,no_answer,0.0
abt_buy,abt_buy_695_744,boolean,hedge,0.3
abt_buy,abt_buy_708_758,boolean,identity,1.0
abt_buy,abt_buy_708_758,boolean,verbose,1.0
abt_buy,abt_buy_708_758,boolean,tagged,1.0
abt_buy,abt_buy_708_758,boolean,paraphrase,0.95
abt_buy,abt_buy_708_758,boolean,flip,0.0
abt_buy,abt_buy_708_758,boolean,no_answer,0.0
abt_buy,abt_buy_708_758,boolean,hedge,0.3
abt_buy,abt_buy_710_746,boolean,identity,1.0
abt_buy,abt_buy_710_746,boolean,verbose,1.0
abt_buy,abt_buy_710_746,boolean,tagged,1.0
abt_buy,abt_buy_710_746,boolean,paraphrase,0.95
abt_buy,abt_buy_710_746,boolean,flip,0.0
abt_buy,abt_buy_710_746,boolean,no_answer,0.0
abt_buy,abt_buy_710_746,boolean,hedge,0.3
abt_buy,abt_buy_713_849,boolean,identity,1.0
abt_buy,abt_buy_713_849,boolean,verbose,1.0
abt_buy,abt_buy_713_849,boolean,tagged,1.0
abt_buy,abt_buy_713_849,boolean,paraphrase,0.95
abt_buy,abt_buy_713_849,boolean,flip,0.0
abt_buy,abt_buy_713_849,boolean,no_answer,0.0
abt_buy,abt_buy_713_849,boolean,hedge,0.3
abt_buy,abt_buy_714_325,boolean,identity,1.0
abt_buy,abt_buy_714_325,boolean,verbose,1.0
abt_buy,abt_buy_714_325,boolean,tagged,1.0
abt_buy,abt_buy_714_325,boolean,paraphrase,0.95
abt_buy,abt_buy_714_325,boolean,flip,0.0
abt_buy,abt_buy_714_325,boolean,no_answer,0.0
abt_buy,abt_buy_714_325,boolean,hedge,0.3
abt_buy,abt_buy_737_983,boolean,identity,1.0
abt_buy,abt_buy_737_983,boolean,verbose,1.0
abt_buy,abt_buy_737_983,boolean,tagged,1.0
abt_buy,abt_buy_737_983,boolean,paraphrase,0.95
abt_buy,abt_buy_737_983,boolean,flip,0.0
abt_buy,abt_buy_737_983,boolean,no_answer,0.0
abt_buy,abt_buy_737_983,boolean,hedge,0.3
abt_buy,abt_buy_755_560,boolean,identity,1.0
abt_buy,abt_buy_755_560,boolean,verbose,1.0
abt_buy,abt_buy_755_560,boolean,tagged,1.0
abt_buy,abt_buy_755_560,boolean,paraphrase,0.95
abt_buy,abt_buy_755_560,boolean,flip,0.0
abt_buy,abt_buy_755_560,boolean,no_answer,0.0
abt_buy,abt_buy_755_560,boolean,hedge,0.3
abt_buy,abt_buy_759_912,boolean,identity,1.0
abt_buy,abt_buy_759_912,boolean,verbose,1.0
abt_buy,abt_buy_759_912,boolean,tagged,1.0
abt_buy,abt_buy_759_912,boolean,paraphrase,0.95
abt_buy,abt_buy_759_912,boolean,flip,0.0
abt_buy,abt_buy_759_912,boolean,no_answer,0.0
abt_buy,abt_buy_759_912,boolean,hedge,0.3
abt_buy,abt_buy_765_1047,boolean,identity,1.0
abt_buy,abt_buy_765_1047,boolean,verbose,1.0
abt_buy,abt_buy_765_1047,boolean,tagged,1.0
abt_buy,abt_buy_765_1047,boolean,paraphrase,0.95
abt_buy,abt_buy_765_1047,boolean,flip,0.0
abt_buy,abt_buy_765_1047,boolean,no_answer,0.0
abt_buy,abt_buy_765_1047,boolean,hedge,0.3
abt_buy,abt_buy_76_112,boolean,identity,1.0
abt_buy,abt_buy_76_112,boolean,verbose,1.0
abt_buy,abt_buy_76_112,boolean,tagged,1.0
abt_buy,abt_buy_76_112,boolean,paraphrase,0.95
abt_buy,abt_buy_76_112,boolean,flip,0.0
abt_buy,abt_buy_76_112,boolean,no_answer,0.0
abt_buy,abt_buy_76_112,boolean,hedge,0.3
abt_buy,abt_buy_772_797,boolean,identity,1.0
abt_buy,abt_buy_772_797,boolean,verbose,1.0
abt_buy,abt_buy_772_797,boolean,tagged,1.0
abt_buy,abt_buy_772_797,boolean,paraphrase,0.95
abt_buy,abt_buy_772_797,boolean,flip,0.0
abt_buy,abt_buy_772_797,boolean,no_answer,0.0
abt_buy,abt_buy_772_797,boolean,hedge,0.3
abt_buy,abt_buy_777_301,boolean,identity,1.0
abt_buy,abt_buy_777_301,boolean,verbose,1.0
abt_buy,abt_buy_777_301,boolean,tagged,1.0
abt_buy,abt_buy_777_301,boolean,paraphrase,0.95
abt_buy,abt_buy_777_301,boolean,flip,0.0
abt_buy,abt_buy_777_301,boolean,no_answer,0.0
abt_buy,abt_buy_777_301,boolean,hedge,0.3
abt_buy,abt_buy_788_627,boolean,identity,1.0
abt_buy,abt_buy_788_627,boolean,verbose,1.0
abt_buy,abt_buy_788_627,boolean,tagged,1.0
abt_buy,abt_buy_788_627,boolean,paraphrase,0.95
abt_buy,abt_buy_788_627,boolean,flip,0.0
abt_buy,abt_buy_788_627,boolean,no_answer,0.0
abt_buy,abt_buy_788_627,boolean,hedge,0.3
abt_buy,abt_buy_795_821,boolean,identity,1.0
abt_buy,abt_buy_795_821,boolean,verbose,1.0
abt_buy,abt_buy_795_821,boolean,tagged,1.0
abt_buy,abt_buy_795_821,boolean,paraphrase,0.95
abt_buy,abt_buy_795_821,boolean,flip,0.0
abt_buy,abt_buy_795_821,boolean,no_answer,0.0
abt_buy,abt_buy_795_821,boolean,hedge,0.3
abt_buy,abt_buy_799_961,boolean,identity,1.0
abt_buy,abt_buy_799_961,boolean,verbose,1.0
abt_buy,abt_buy_799_961,boolean,tagged,1.0
abt_buy,abt_buy_799_961,boolean,paraphrase,0.95
abt_buy,abt_buy_799_961,boolean,flip,0.0
abt_buy,abt_buy_799_961,boolean,no_answer,0.0
abt_buy,abt_buy_799_961,boolean,hedge,0.3
abt_buy,abt_buy_800_419,boolean,identity,1.0
abt_buy,abt_buy_800_419,boolean,verbose,1.0
abt_buy,abt_buy_800_419,boolean,tagged,1.0
abt_buy,abt_buy_800_419,boolean,paraphrase,0.95
abt_buy,abt_buy_800_419,boolean,flip,0.0
abt_buy,abt_buy_800_419,boolean,no_answer,0.0
abt_buy,abt_buy_800_419,boolean,hedge,0.3
abt_buy,abt_buy_800_67,boolean,identity,1.0
abt_buy,abt_buy_800_67,boolean,verbose,1.0
abt_buy,abt_buy_800_67,boolean,tagged,1.0
abt_buy,abt_buy_800_67,boolean,paraphrase,0.95
abt_buy,abt_buy_800_67,boolean,flip,0.0
abt_buy,abt_buy_800_67,boolean,no_answer,0.0
abt_buy,abt_buy_800_67,boolean,hedge,0.3
abt_buy,abt_buy_804_714,boolean,identity,1.0
abt_buy,abt_buy_804_714,boolean,verbose,1.0
abt_buy,abt_buy_804_714,boolean,tagged,1.0
abt_buy,abt_buy_804_714,boolean,paraphrase,0.95
abt_buy,abt_buy_804_714,boolean,flip,0.0
abt_buy,abt_buy_804_714,boolean,no_answer,0.0
abt_buy,abt_buy_804_714,boolean,hedge,0.3
abt_buy,abt_buy_805_470,boolean,identity,1.0
abt_buy,abt_buy_805_470,boolean,verbose,1.0
abt_buy,abt_buy_805_470,boolean,tagged,1.0
abt_buy,abt_buy_805_470,boolean,paraphrase,0.95
abt_buy,abt_buy_805_470,boolean,flip,0.0
abt_buy,abt_buy_805_470,boolean,no_answer,0.0
abt_buy,abt_buy_805_470,boolean,hedge,0.3
abt_buy,abt_buy_807_1049,boolean,identity,1.0
abt_buy,abt_buy_807_1049,boolean,verbose,1.0
abt_buy,abt_buy_807_1049,boolean,tagged,1.0
abt_buy,abt_buy_807_1049,boolean,paraphrase,0.95
abt_buy,abt_buy_807_1049,boolean,flip,0.0
abt_buy,abt_buy_807_1049,boolean,no_answer,0.0
abt_buy,abt_buy_807_1049,boolean,hedge,0.3
abt_buy,abt_buy_807_544,boolean,identity,1.0
abt_buy,abt_buy_807_544,boolean,verbose,1.0
abt_buy,abt_buy_807_544,boolean,tagged,1.0
abt_buy,abt_buy_807_544,boolean,paraphrase,0.95
abt_buy,abt_buy_807_544,boolean,flip,0.0
abt_buy,abt_buy_807_544,boolean,no_answer,0.0
abt_buy,abt_buy_807_544,boolean,hedge,0.3
abt_buy,abt_buy_811_684,boolean,identity,1.0
abt_buy,abt_buy_811_684,boolean,verbose,1.0
abt_buy,abt_buy_811_684,boolean,tagged,1.0
abt_buy,abt_buy_811_684,boolean,paraphrase,0.95
abt_buy,abt_buy_811_684,boolean,flip,0.0
abt_buy,abt_buy_811_684,boolean,no_answer,0.0
abt_buy,abt_buy_811_684,boolean,hedge,0.3
abt_buy,abt_buy_814_702,boolean,identity,1.0
abt_buy,abt_buy_814_702,boolean,verbose,1.0
abt_buy,abt_buy_814_702,boolean,tagged,1.0
abt_buy,abt_buy_814_702,boolean,paraphrase,0.95
abt_buy,abt_buy_814_702,boolean,flip,0.0
abt_buy,abt_buy_814_702,boolean,no_answer,0.0
abt_buy,abt_buy_814_702,boolean,hedge,0.3
abt_buy,abt_buy_827_5,boolean,identity,1.0
abt_buy,abt_buy_827_5,boolean,verbose,1.0
abt_buy,abt_buy_827_5,boolean,tagged,1.0
abt_buy,abt_buy_827_5,boolean,paraphrase,0.95
abt_buy,abt_buy_827_5,boolean,flip,0.0
abt_buy,abt_buy_827_5,boolean,no_answer,0.0
abt_buy,abt_buy_827_5,boolean,hedge,0.3
abt_buy,abt_buy_840_820,boolean,identity,1.0
abt_buy,abt_buy_840_820,boolean,verbose,1.0
abt_buy,abt_buy_840_820,boolean,tagged,1.0
abt_buy,abt_buy_840_820,boolean,paraphrase,0.95
abt_buy,abt_buy_840_820,boolean,flip,0.0
abt_buy,abt_buy_840_820,boolean,no_answer,0.0
abt_buy,abt_buy_840_820,boolean,hedge,0.3
abt_buy,abt_buy_841_736,boolean,identity,1.0
abt_buy,abt_buy_841_736,boolean,verbose,1.0
abt_buy,abt_buy_841_736,boolean,tagged,1.0
abt_buy,abt_buy_841_736,boolean,paraphrase,0.95
abt_buy,abt_buy_841_736,boolean,flip,0.0
abt_buy,abt_buy_841_736,boolean,no_answer,0.0
abt_buy,abt_buy_841_736,boolean,hedge,0.3
abt_buy,abt_buy_847_695,boolean,identity,1.0
abt_buy,abt_buy_847_695,boolean,verbose,1.0
abt_buy,abt_buy_847_695,boolean,tagged,1.0
abt_buy,abt_buy_847_695,boolean,paraphrase,0.95
abt_buy,abt_buy_847_695,boolean,flip,0.0
abt_buy,abt_buy_847_695,boolean,no_answer,0.0
abt_buy,abt_buy_847_695,boolean,hedge,0.3
abt_buy,abt_buy_848_816,boolean,identity,1.0
abt_buy,abt_buy_848_816,boolean,verbose,1.0
abt_buy,abt_buy_848_816,boolean,tagged,1.0
abt_buy,abt_buy_848_816,boolean,paraphrase,0.95
abt_buy,abt_buy_848_816,boolean,flip,0.0
abt_buy,abt_buy_848_816,boolean,no_answer,0.0
abt_buy,abt_buy_848_816,boolean,hedge,0.3
abt_buy,abt_buy_853_667,boolean,identity,1.0
abt_buy,abt_buy_853_667,boolean,verbose,1.0
abt_buy,abt_buy_853_667,boolean,tagged,1.0
abt_buy,abt_buy_853_667,boolean,paraphrase,0.95
abt_buy,abt_buy_853_667,boolean,flip,0.0
abt_buy,abt_buy_853_667,boolean,no_answer,0.0
abt_buy,abt_buy_853_667,boolean,hedge,0.3
abt_buy,abt_buy_875_1061,boolean,identity,1.0
abt_buy,abt_buy_875_1061,boolean,verbose,1.0
abt_buy,abt_buy_875_1061,boolean,tagged,1.0
abt_buy,abt_buy_875_1061,boolean,paraphrase,0.95
abt_buy,abt_buy_875_1061,boolean,flip,0.0
abt_buy,abt_buy_875_1061,boolean,no_answer,0.0
abt_buy,abt_buy_875_1061,boolean,hedge,0.3
abt_buy,abt_buy_896_946,boolean,identity,1.0
abt_buy,abt_buy_896_946,boolean,verbose,1.0
abt_buy,abt_buy_896_946,boolean,tagged,1.0
abt_buy,abt_buy_896_946,boolean,paraphrase,0.95
abt_buy,abt_buy_896_946,boolean,flip,0.0
abt_buy,abt_buy_896_946,boolean,no_answer,0.0
abt_buy,abt_buy_896_946,boolean,hedge,0.3
abt_buy,abt_buy_907_625,boolean,identity,1.0
abt_buy,abt_buy_907_625,boolean,verbose,1.0
abt_buy,abt_buy_907_625,boolean,tagged,1.0
abt_buy,abt_buy_907_625,boolean,paraphrase,0.95
abt_buy,abt_buy_907_625,boolean,flip,0.0
abt_buy,abt_buy_907_625,boolean,no_answer,0.0
abt_buy,abt_buy_907_625,boolean,hedge,0.3
abt_buy,abt_buy_907_947,boolean,identity,1.0
abt_buy,abt_buy_907_947,boolean,verbose,1.0
abt_buy,abt_buy_907_947,boolean,tagged,1.0
abt_buy,abt_buy_907_947,boolean,paraphrase,0.95
abt_buy,abt_buy_907_947,boolean,flip,0.0
abt_buy,abt_buy_907_947,boolean,no_answer,0.0
abt_buy,abt_buy_907_947,boolean,hedge,0.3
abt_buy,abt_buy_918_1005,boolean,identity,1.0
abt_buy,abt_buy_918_1005,boolean,verbose,1.0
abt_buy,abt_buy_918_1005,boolean,tagged,1.0
abt_buy,abt_buy_918_1005,boolean,paraphrase,0.95
abt_buy,abt_buy_918_1005,boolean,flip,0.0
abt_buy,abt_buy_918_1005,boolean,no_answer,0.0
abt_buy,abt_buy_918_1005,boolean,hedge,0.3
abt_buy,abt_buy_918_1011,boolean,identity,1.0
abt_buy,abt_buy_918_1011,boolean,verbose,1.0
abt_buy,abt_buy_918_1011,boolean,tagged,1.0
abt_buy,abt_buy_918_1011,boolean,paraphrase,0.95
abt_buy,abt_buy_918_1011,boolean,flip,0.0
abt_buy,abt_buy_918_1011,boolean,no_answer,0.0
abt_buy,abt_buy_918_1011,boolean,hedge,0.3
abt_buy,abt_buy_919_1008,boolean,identity,1.0
abt_buy,abt_buy_919_1008,boolean,verbose,1.0
abt_buy,abt_buy_919_1008,boolean,tagged,1.0
abt_buy,abt_buy_919_1008,boolean,paraphrase,0.95
abt_buy,abt_buy_919_1008,boolean,flip,0.0
abt_buy,abt_buy_919_1008,boolean,no_answer,0.0
abt_buy,abt_buy_919_1008,boolean,hedge,0.3
abt_buy,abt_buy_924_742,boolean,identity,1.0
abt_buy,abt_buy_924_742,boolean,verbose,1.0
abt_buy,abt_buy_924_742,boolean,tagged,1.0
abt_buy,abt_buy_924_742,boolean,paraphrase,0.95
abt_buy,abt_buy_924_742,boolean,flip,0.0
abt_buy,abt_buy_924_742,boolean,no_answer,0.0
abt_buy,abt_buy_924_742,boolean,hedge,0.3
abt_buy,abt_buy_925_864,boolean,identity,1.0
abt_buy,abt_buy_925_864,boolean,verbose,1.0
abt_buy,abt_buy_925_864,boolean,tagged,1.0
abt_buy,abt_buy_925_864,boolean,paraphrase,0.95
abt_buy,abt_buy_925_864,boolean,flip,0.0
abt_buy,abt_buy_925_864,boolean,no_answer,0.0
abt_buy,abt_buy_925_864,boolean,hedge,0.3
abt_buy,abt_buy_928_955,boolean,identity,1.0
abt_buy,abt_buy_928_955,boolean,verbose,1.0
abt_buy,abt_buy_928_955,boolean,tagged,1.0
abt_buy,abt_buy_928_955,boolean,paraphrase,0.95
abt_buy,abt_buy_928_955,boolean,flip,0.0
abt_buy,abt_buy_928_955,boolean,no_answer,0.0
abt_buy,abt_buy_928_955,boolean,hedge,0.3
abt_buy,abt_buy_938_566,boolean,identity,1.0
abt_buy,abt_buy_938_566,boolean,verbose,1.0
abt_buy,abt_buy_938_566,boolean,tagged,1.0
abt_buy,abt_buy_938_566,boolean,paraphrase,0.95
abt_buy,abt_buy_938_566,boolean,flip,0.0
abt_buy,abt_buy_938_566,boolean,no_answer,0.0
abt_buy,abt_buy_938_566,boolean,hedge,0.3
abt_buy,abt_buy_942_949,boolean,identity,1.0
abt_buy,abt_buy_942_949,boolean,verbose,1.0
abt_buy,abt_buy_942_949,boolean,tagged,1.0
abt_buy,abt_buy_942_949,boolean,paraphrase,0.95
abt_buy,abt_buy_942_949,boolean,flip,0.0
abt_buy,abt_buy_942_949,boolean,no_answer,0.0
abt_buy,abt_buy_942_949,boolean,hedge,0.3
abt_buy,abt_buy_948_736,boolean,identity,1.0
abt_buy,abt_buy_948_736,boolean,verbose,1.0
abt_buy,abt_buy_948_736,boolean,tagged,1.0
abt_buy,abt_buy_948_736,boolean,paraphrase,0.95
abt_buy,abt_buy_948_736,boolean,flip,0.0
abt_buy,abt_buy_948_736,boolean,no_answer,0.0
abt_buy,abt_buy_948_736,boolean,hedge,0.3
abt_buy,abt_buy_94_964,boolean,identity,1.0
abt_buy,abt_buy_94_964,boolean,verbose,1.0
abt_buy,abt_buy_94_964,boolean,tagged,1.0
abt_buy,abt_buy_94_964,boolean,paraphrase,0.95
abt_buy,abt_buy_94_964,boolean,flip,0.0
abt_buy,abt_buy_94_964,boolean,no_answer,0.0
abt_buy,abt_buy_94_964,boolean,hedge,0.3
abt_buy,abt_buy_952_856,boolean,identity,1.0
abt_buy,abt_buy_952_856,boolean,verbose,1.0
abt_buy,abt_buy_952_856,boolean,tagged,1.0
abt_buy,abt_buy_952_856,boolean,paraphrase,0.95
abt_buy,abt_buy_952_856,boolean,flip,0.0
abt_buy,abt_buy_952_856,boolean,no_answer,0.0
abt_buy,abt_buy_952_856,boolean,hedge,0.3
abt_buy,abt_buy_955_913,boolean,identity,1.0
abt_buy,abt_buy_955_913,boolean,verbose,1.0
abt_buy,abt_buy_955_913,boolean,tagged,1.0
abt_buy,abt_buy_955_913,boolean,paraphrase,0.95
abt_buy,abt_buy_955_913,boolean,flip,0.0
abt_buy,abt_buy_955_913,boolean,no_answer,0.0
abt_buy,abt_buy_955_913,boolean,hedge,0.3
abt_buy,abt_buy_960_963,boolean,identity,1.0
abt_buy,abt_buy_960_963,boolean,verbose,1.0
abt_buy,abt_buy_960_963,boolean,tagged,1.0
abt_buy,abt_buy_960_963,boolean,paraphrase,0.95
abt_buy,abt_buy_960_963,boolean,flip,0.0
abt_buy,abt_buy_960_963,boolean,no_answer,0.0
abt_buy,abt_buy_960_963,boolean,hedge,0.3
abt_buy,abt_buy_967_725,boolean,identity,1.0
abt_buy,abt_buy_967_725,boolean,verbose,1.0
abt_buy,abt_buy_967_725,boolean,tagged,1.0
abt_buy,abt_buy_967_725,boolean,paraphrase,0.95
abt_buy,abt_buy_967_725,boolean,flip,0.0
abt_buy,abt_buy_967_725,boolean,no_answer,0.0
abt_buy,abt_buy_967_725,boolean,hedge,0.3
abt_buy,abt_buy_96_100,boolean,identity,1.0
abt_buy,abt_buy_96_100,boolean,verbose,1.0
abt_buy,abt_buy_96_100,boolean,tagged,1.0
abt_buy,abt_buy_96_100,boolean,paraphrase,0.95
abt_buy,abt_buy_96_100,boolean,flip,0.0
abt_buy,abt_buy_96_100,boolean,no_answer,0.0
abt_buy,abt_buy_96_100,boolean,hedge,0.3
abt_buy,abt_buy_96_232,boolean,identity,1.0
abt_buy,abt_buy_96_232,boolean,verbose,1.0
abt_buy,abt_buy_96_232,boolean,tagged,1.0
abt_buy,abt_buy_96_232,boolean,paraphrase,0.95
abt_buy,abt_buy_96_232,boolean,flip,0.0
abt_buy,abt_buy_96_232,boolean,no_answer,0.0
abt_buy,abt_buy_96_232,boolean,hedge,0.3
abt_buy,abt_buy_985_607,boolean,identity,1.0
abt_buy,abt_buy_985_607,boolean,verbose,1.0
abt_buy,abt_buy_985_607,boolean,tagged,1.0
abt_buy,abt_buy_985_607,boolean,paraphrase,0.95
abt_buy,abt_buy_985_607,boolean,flip,0.0
abt_buy,abt_buy_985_607,boolean,no_answer,0.0
abt_buy,abt_buy_985_607,boolean,hedge,0.3
abt_buy,abt_buy_987_791,boolean,identity,1.0
abt_buy,abt_buy_987_791,boolean,verbose,1.0
abt_buy,abt_buy_987_791,boolean,tagged,1.0
abt_buy,abt_buy_987_791,boolean,paraphrase,0.95
abt_buy,abt_buy_987_791,boolean,flip,0.0
abt_buy,abt_buy_987_791,boolean,no_answer,0.0
abt_buy,abt_buy_987_791,boolean,hedge,0.3
abt_buy,abt_buy_987_992,boolean,identity,1.0
abt_buy,abt_buy_987_992,boolean,verbose,1.0
abt_buy,abt_buy_987_992,boolean,tagged,1.0
abt_buy,abt_buy_987_992,boolean,paraphrase,0.95
abt_buy,abt_buy_987_992,boolean,flip,0.0
abt_buy,abt_buy_987_992,boolean,no_answer,0.0
abt_buy,abt_buy_987_992,boolean,hedge,0.3
abt_buy,abt_buy_9_57,boolean,identity,1.0
abt_buy,abt_buy_9_57,boolean,verbose,1.0
abt_buy,abt_buy_9_57,boolean,tagged,1.0
abt_buy,abt_buy_9_57,boolean,paraphrase,0.95
abt_buy,abt_buy_9_57,boolean,flip,0.0
abt_buy,abt_buy_9_57,boolean,no_answer,0.0
abt_buy,abt_buy_9_57,boolean,hedge,0.3
amazon_google,amazon_google_1002_1440,boolean,identity,1.0
amazon_google,amazon_google_1002_1440,boolean,verbose,1.0
amazon_google,amazon_google_1002_1440,boolean,tagged,1.0
amazon_google,amazon_google_1002_1440,boolean,paraphrase,0.95
amazon_google,amazon_google_1002_1440,boolean,flip,0.0
amazon_google,amazon_google_1002_1440,boolean,no_answer,0.0
amazon_google,amazon_google_1002_1440,boolean,hedge,0.3
amazon_google,amazon_google_1014_773,boolean,identity,1.0
amazon_google,amazon_google_1014_773,boolean,verbose,1.0
amazon_google,amazon_google_1014_773,boolean,tagged,1.0
amazon_google,amazon_google_1014_773,boolean,paraphrase,0.95
amazon_google,amazon_google_1014_773,boolean,flip,0.0
amazon_google,amazon_google_1014_773,boolean,no_answer,0.0
amazon_google,amazon_google_1014_773,boolean,hedge,0.3
amazon_google,amazon_google_1046_2348,boolean,identity,1.0
amazon_google,amazon_google_1046_2348,boolean,verbose,1.0
amazon_google,amazon_google_1046_2348,boolean,tagged,1.0
amazon_google,amazon_google_1046_2348,boolean,paraphrase,0.95
amazon_google,amazon_google_1046_2348,boolean,flip,0.0
amazon_google,amazon_google_1046_2348,boolean,no_answer,0.0
amazon_google,amazon_google_1046_2348,boolean,hedge,0.3
amazon_google,amazon_google_1050_759,boolean,identity,1.0
amazon_google,amazon_google_1050_759,boolean,verbose,1.0
amazon_google,amazon_google_1050_759,boolean,tagged,1.0
amazon_google,amazon_google_1050_759,boolean,paraphrase,0.95
amazon_google,amazon_google_1050_759,boolean,flip,0.0
amazon_google,amazon_google_1050_759,boolean,no_answer,0.0
amazon_google,amazon_google_1050_759,boolean,hedge,0.3
amazon_google,amazon_google_1051_3062,boolean,identity,1.0
amazon_google,amazon_google_1051_3062,boolean,verbose,1.0
amazon_google,amazon_google_1051_3062,boolean,tagged,1.0
amazon_google,amazon_google_1051_3062,boolean,paraphrase,0.95
amazon_google,amazon_google_1051_3062,boolean,flip,0.0
amazon_google,amazon_google_1051_3062,boolean,no_answer,0.0
amazon_google,amazon_google_1051_3062,boolean,hedge,0.3
amazon_google,amazon_google_1053_759,boolean,identity,1.0
amazon_google,amazon_google_1053_759,boolean,verbose,1.0
amazon_google,amazon_google_1053_759,boolean,tagged,1.0
amazon_google,amazon_google_1053_759,boolean,paraphrase,0.95
amazon_google,amazon_google_1053_759,boolean,flip,0.0
amazon_google,amazon_google_1053_759,boolean,no_answer,0.0
amazon_google,amazon_google_1053_759,boolean,hedge,0.3
amazon_google,amazon_google_1071_1197,boolean,identity,1.0
amazon_google,amazon_google_1071_1197,boolean,verbose,1.0
amazon_google,amazon_google_1071_1197,boolean,tagged,1.0
amazon_google,amazon_google_1071_1197,boolean,paraphrase,0.95
amazon_google,amazon_google_1071_1197,boolean,flip,0.0
amazon_google,amazon_google_1071_1197,boolean,no_answer,0.0
amazon_google,amazon_google_1071_1197,boolean,hedge,0.3
amazon_google,amazon_google_1081_905,boolean,identity,1.0
amazon_google,amazon_google_1081_905,boolean,verbose,1.0
amazon_google,amazon_google_1081_905,boolean,tagged,1.0
amazon_google,amazon_google_1081_905,boolean,paraphrase,0.95
amazon_google,amazon_google_1081_905,boolean,flip,0.0
amazon_google,amazon_google_1081_905,boolean,no_answer,0.0
amazon_google,amazon_google_1081_905,boolean,hedge,0.3
amazon_google,amazon_google_1089_1372,boolean,identity,1.0
amazon_google,amazon_google_1089_1372,boolean,verbose,1.0
amazon_google,amazon_google_1089_1372,boolean,tagged,1.0
amazon_google,amazon_google_1089_1372,boolean,paraphrase,0.95
amazon_google,amazon_google_1089_1372,boolean,flip,0.0
amazon_google,amazon_google_1089_1372,boolean,no_answer,0.0
amazon_google,amazon_google_1089_1372,boolean,hedge,0.3
amazon_google,amazon_google_1102_967,boolean,identity,1.0
amazon_google,amazon_google_1102_967,boolean,verbose,1.0
amazon_google,amazon_google_1102_967,boolean,tagged,1.0
amazon_google,amazon_google_1102_967,boolean,paraphrase,0.95
amazon_google,amazon_google_1102_967,boolean,flip,0.0
amazon_google,amazon_google_1102_967,boolean,no_answer,0.0
amazon_google,amazon_google_1102_967,boolean,hedge,0.3
amazon_google,amazon_google_1124_878,boolean,identity,1.0
amazon_google,amazon_google_1124_878,boolean,verbose,1.0
amazon_google,amazon_google_1124_878,boolean,tagged,1.0
amazon_google,amazon_google_1124_878,boolean,paraphrase,0.95
amazon_google,amazon_google_1124_878,boolean,flip,0.0
amazon_google,amazon_google_1124_878,boolean,no_answer,0.0
amazon_google,amazon_google_1124_878,boolean,hedge,0.3
amazon_google,amazon_google_1138_934,boolean,identity,1.0
amazon_google,amazon_google_1138_934,boolean,verbose,1.0
amazon_google,amazon_google_1138_934,boolean,tagged,1.0
amazon_google,amazon_google_1138_934,boolean,paraphrase,0.95
amazon_google,amazon_google_1138_934,boolean,flip,0.0
amazon_google,amazon_google_1138_934,boolean,no_answer,0.0
amazon_google,amazon_google_1138_934,boolean,hedge,0.3
amazon_google,amazon_google_1139_2502,boolean,identity,1.0
amazon_google,amazon_google_1139_2502,boolean,verbose,1.0
amazon_google,amazon_google_1139_2502,boolean,tagged,1.0
amazon_google,amazon_google_1139_2502,boolean,paraphrase,0.95
amazon_google,amazon_google_1139_2502,boolean,flip,0.0
amazon_google,amazon_google_1139_2502,boolean,no_answer,0.0
amazon_google,amazon_google_1139_2502,boolean,hedge,0.3
amazon_google,amazon_google_1166_2167,boolean,identity,1.0
amazon_google,amazon_google_1166_2167,boolean,verbose,1.0
amazon_google,amazon_google_1166_2167,boolean,tagged,1.0
amazon_google,amazon_google_1166_2167,boolean,paraphrase,0.95
amazon_google,amazon_google_1166_2167,boolean,flip,0.0
amazon_google,amazon_google_1166_2167,boolean,no_answer,0.0
amazon_google,amazon_google_1166_2167,boolean,hedge,0.3
amazon_google,amazon_google_1177_1585,boolean,identity,1.0
amazon_google,amazon_google_1177_1585,boolean,verbose,1.0
amazon_google,amazon_google_1177_1585,boolean,tagged,1.0
amazon_google,amazon_google_1177_1585,boolean,paraphrase,0.95
amazon_google,amazon_google_1177_1585,boolean,flip,0.0
amazon_google,amazon_google_1177_1585,boolean,no_answer,0.0
amazon_google,amazon_google_1177_1585,boolean,hedge,0.3
amazon_google,amazon_google_1185_2926,boolean,identity,1.0
amazon_google,amazon_google_1185_2926,boolean,verbose,1.0
amazon_google,amazon_google_1185_2926,boolean,tagged,1.0
amazon_google,amazon_google_1185_2926,boolean,paraphrase,0.95
amazon_google,amazon_google_1185_2926,boolean,flip,0.0
amazon_google,amazon_google_1185_2926,boolean,no_answer,0.0
amazon_google,amazon_google_1185_2926,boolean,hedge,0.3
amazon_google,amazon_google_1185_562,boolean,identity,1.0
amazon_google,amazon_google_1185_562,boolean,verbose,1.0
amazon_google,amazon_google_1185_562,boolean,tagged,1.0
amazon_google,amazon_google_1185_562,boolean,paraphrase,0.95
amazon_google,amazon_google_1185_562,boolean,flip,0.0
amazon_google,amazon_google_1185_562,boolean,no_answer,0.0
amazon_google,amazon_google_1185_562,boolean,hedge,0.3
amazon_google,amazon_google_1190_2447,boolean,identity,1.0
amazon_google,amazon_google_1190_2447,boolean,verbose,1.0
amazon_google,amazon_google_1190_2447,boolean,tagged,1.0
amazon_google,amazon_google_1190_2447,boolean,paraphrase,0.95
amazon_google,amazon_google_1190_2447,boolean,flip,0.0
amazon_google,amazon_google_1190_2447,boolean,no_answer,0.0
amazon_google,amazon_google_1190_2447,boolean,hedge,0.3
amazon_google,amazon_google_1206_537,boolean,identity,1.0
amazon_google,amazon_google_1206_537,boolean,verbose,1.0
amazon_google,amazon_google_1206_537,boolean,tagged,1.0
amazon_google,amazon_google_1206_537,boolean,paraphrase,0.95
amazon_google,amazon_google_1206_537,boolean,flip,0.0
amazon_google,amazon_google_1206_537,boolean,no_answer,0.0
amazon_google,amazon_google_1206_537,boolean,hedge,0.3
amazon_google,amazon_google_1227_1088,boolean,identity,1.0
amazon_google,amazon_google_1227_1088,boolean,verbose,1.0
amazon_google,amazon_google_1227_1088,boolean,tagged,1.0
amazon_google,amazon_google_1227_1088,boolean,paraphrase,0.95
amazon_google,amazon_google_1227_1088,boolean,flip,0.0
amazon_google,amazon_google_1227_1088,boolean,no_answer,0.0
amazon_google,amazon_google_1227_1088,boolean,hedge,0.3
amazon_google,amazon_google_1255_1078,boolean,identity,1.0
amazon_google,amazon_google_1255_1078,boolean,verbose,1.0
amazon_google,amazon_google_1255_1078,boolean,tagged,1.0
amazon_google,amazon_google_1255_1078,boolean,paraphrase,0.95
amazon_google,amazon_google_1255_1078,boolean,flip,0.0
amazon_google,amazon_google_1255_1078,boolean,no_answer,0.0
amazon_google,amazon_google_1255_1078,boolean,hedge,0.3
amazon_google,amazon_google_1258_2273,boolean,identity,1.0
amazon_google,amazon_google_1258_2273,boolean,verbose,1.0
amazon_google,amazon_google_1258_2273,boolean,tagged,1.0
amazon_google,amazon_google_1258_2273,boolean,paraphrase,0.95
amazon_google,amazon_google_1258_2273,boolean,flip,0.0
amazon_google,amazon_google_1258_2273,boolean,no_answer,0.0
amazon_google,amazon_google_1258_2273,boolean,hedge,0.3
amazon_google,amazon_google_1264_2510,boolean,identity,1.0
amazon_google,amazon_google_1264_2510,boolean,verbose,1.0
amazon_google,amazon_google_1264_2510,boolean,tagged,1.0
amazon_google,amazon_google_1264_2510,boolean,paraphrase,0.95
amazon_google,amazon_google_1264_2510,boolean,flip,0.0
amazon_google,amazon_google_1264_2510,boolean,no_answer,0.0
amazon_google,amazon_google_1264_2510,boolean,hedge,0.3
amazon_google,amazon_google_1266_1060,boolean,identity,1.0
amazon_google,amazon_google_1266_1060,boolean,verbose,1.0
amazon_google,amazon_google_1266_1060,boolean,tagged,1.0
amazon_google,amazon_google_1266_1060,boolean,paraphrase,0.95
amazon_google,amazon_google_1266_1060,boolean,flip,0.0
amazon_google,amazon_google_1266_1060,boolean,no_answer,0.0
amazon_google,amazon_google_1266_1060,boolean,hedge,0.3
amazon_google,amazon_google_1268_1059,boolean,identity,1.0
amazon_google,amazon_google_1268_1059,boolean,verbose,1.0
amazon_google,amazon_google_1268_1059,boolean,tagged,1.0
amazon_google,amazon_google_1268_1059,boolean,paraphrase,0.95
amazon_google,amazon_google_1268_1059,boolean,flip,0.0
amazon_google,amazon_google_1268_1059,boolean,no_answer,0.0
amazon_google,amazon_google_1268_1059,boolean,hedge,0.3
amazon_google,amazon_google_1269_1433,boolean,identity,1.0
amazon_google,amazon_google_1269_1433,boolean,verbose,1.0
amazon_google,amazon_google_1269_1433,boolean,tagged,1.0
amazon_google,amazon_google_1269_1433,boolean,paraphrase,0.95
amazon_google,amazon_google_1269_1433,boolean,flip,0.0
amazon_google,amazon_google_1269_1433,boolean,no_answer,0.0
amazon_google,amazon_google_1269_1433,boolean,hedge,0.3
amazon_google,amazon_google_1275_2273,boolean,identity,1.0
amazon_google,amazon_google_1275_2273,boolean,verbose,1.0
amazon_google,amazon_google_1275_2273,boolean,tagged,1.0
amazon_google,amazon_google_1275_2273,boolean,paraphrase,0.95
amazon_google,amazon_google_1275_2273,boolean,flip,0.0
amazon_google,amazon_google_1275_2273,boolean,no_answer,0.0
amazon_google,amazon_google_1275_2273,boolean,hedge,0.3
amazon_google,amazon_google_1275_2937,boolean,identity,1.0
amazon_google,amazon_google_1275_2937,boolean,verbose,1.0
amazon_google,amazon_google_1275_2937,boolean,tagged,1.0
amazon_google,amazon_google_1275_2937,boolean,paraphrase,0.95
amazon_google,amazon_google_1275_2937,boolean,flip,0.0
amazon_google,amazon_google_1275_2937,boolean,no_answer,0.0
amazon_google,amazon_google_1275_2937,boolean,hedge,0.3
amazon_google,amazon_google_1284_1080,boolean,identity,1.0
amazon_google,amazon_google_1284_1080,boolean,verbose,1.0
amazon_google,amazon_google_1284_1080,boolean,tagged,1.0
amazon_google,amazon_google_1284_1080,boolean,paraphrase,0.95
amazon_google,amazon_google_1284_1080,boolean,flip,0.0
amazon_google,amazon_google_1284_1080,boolean,no_answer,0.0
amazon_google,amazon_google_1284_1080,boolean,hedge,0.3
amazon_google,amazon_google_1286_2336,boolean,identity,1.0
amazon_google,amazon_google_1286_2336,boolean,verbose,1.0
amazon_google,amazon_google_1286_2336,boolean,tagged,1.0
amazon_google,amazon_google_1286_2336,boolean,paraphrase,0.95
amazon_google,amazon_google_1286_2336,boolean,flip,0.0
amazon_google,amazon_google_1286_2336,boolean,no_answer,0.0
amazon_google,amazon_google_1286_2336,boolean,hedge,0.3
amazon_google,amazon_google_1295_702,boolean,identity,1.0
amazon_google,amazon_google_1295_702,boolean,verbose,1.0
amazon_google,amazon_google_1295_702,boolean,tagged,1.0
amazon_google,amazon_google_1295_702,boolean,paraphrase,0.95
amazon_google,amazon_google_1295_702,boolean,flip,0.0
amazon_google,amazon_google_1295_702,boolean,no_answer,0.0
amazon_google,amazon_google_1295_702,boolean,hedge,0.3
amazon_google,amazon_google_1296_692,boolean,identity,1.0
amazon_google,amazon_google_1296_692,boolean,verbose,1.0
amazon_google,amazon_google_1296_692,boolean,tagged,1.0
amazon_google,amazon_google_1296_692,boolean,paraphrase,0.95
amazon_google,amazon_google_1296_692,boolean,flip,0.0
amazon_google,amazon_google_1296_692,boolean,no_answer,0.0
amazon_google,amazon_google_1296_692,boolean,hedge,0.3
amazon_google,amazon_google_1305_1007,boolean,identity,1.0
amazon_google,amazon_google_1305_1007,boolean,verbose,1.0
amazon_google,amazon_google_1305_1007,boolean,tagged,1.0
amazon_google,amazon_google_1305_1007,boolean,paraphrase,0.95
amazon_google,amazon_google_1305_1007,boolean,flip,0.0
amazon_google,amazon_google_1305_1007,boolean,no_answer,0.0
amazon_google,amazon_google_1305_1007,boolean,hedge,0.3
amazon_google,amazon_google_1326_678,boolean,identity,1.0
amazon_google,amazon_google_1326_678,boolean,verbose,1.0
amazon_google,amazon_google_1326_678,boolean,tagged,1.0
amazon_google,amazon_google_1326_678,boolean,paraphrase,0.95
amazon_google,amazon_google_1326_678,boolean,flip,0.0
amazon_google,amazon_google_1326_678,boolean,no_answer,0.0
amazon_google,amazon_google_1326_678,boolean,hedge,0.3
amazon_google,amazon_google_132_344,boolean,identity,1.0
amazon_google,amazon_google_132_344,boolean,verbose,1.0
amazon_google,amazon_google_132_344,boolean,tagged,1.0
amazon_google,amazon_google_132_344,boolean,paraphrase,0.95
amazon_google,amazon_google_132_344,boolean,flip,0.0
amazon_google,amazon_google_132_344,boolean,no_answer,0.0
amazon_google,amazon_google_132_344,boolean,hedge,0.3
amazon_google,amazon_google_1331_638,boolean,identity,1.0
amazon_google,amazon_google_1331_638,boolean,verbose,1.0
amazon_google,amazon_google_1331_638,boolean,tagged,1.0
amazon_google,amazon_google_1331_638,boolean,paraphrase,0.95
amazon_google,amazon_google_1331_638,boolean,flip,0.0
amazon_google,amazon_google_1331_638,boolean,no_answer,0.0
amazon_google,amazon_google_1331_638,boolean,hedge,0.3
amazon_google,amazon_google_137_1890,boolean,identity,1.0
amazon_google,amazon_google_137_1890,boolean,verbose,1.0
amazon_google,amazon_google_137_1890,boolean,tagged,1.0
amazon_google,amazon_google_137_1890,boolean,paraphrase,0.95
amazon_google,amazon_google_137_1890,boolean,flip,0.0
amazon_google,amazon_google_137_1890,boolean,no_answer,0.0
amazon_google,amazon_google_137_1890,boolean,hedge,0.3
amazon_google,amazon_google_142_92,boolean,identity,1.0
amazon_google,amazon_google_142_92,boolean,verbose,1.0
amazon_google,amazon_google_142_92,boolean,tagged,1.0
amazon_google,amazon_google_142_92,boolean,paraphrase,0.95
amazon_google,amazon_google_142_92,boolean,flip,0.0
amazon_google,amazon_google_142_92,boolean,no_answer,0.0
amazon_google,amazon_google_142_92,boolean,hedge,0.3
amazon_google,amazon_google_162_1493,boolean,identity,1.0
amazon_google,amazon_google_162_1493,boolean,verbose,1.0
amazon_google,amazon_google_162_1493,boolean,tagged,1.0
amazon_google,amazon_google_162_1493,boolean,paraphrase,0.95
amazon_google,amazon_google_162_1493,boolean,flip,0.0
amazon_google,amazon_google_162_1493,boolean,no_answer,0.0
amazon_google,amazon_google_162_1493,boolean,hedge,0.3
amazon_google,amazon_google_172_1962,boolean,identity,1.0
amazon_google,amazon_google_172_1962,boolean,verbose,1.0
amazon_google,amazon_google_172_1962,boolean,tagged,1.0
amazon_google,amazon_google_172_1962,boolean,paraphrase,0.95
amazon_google,amazon_google_172_1962,boolean,flip,0.0
amazon_google,amazon_google_172_1962,boolean,no_answer,0.0
amazon_google,amazon_google_172_1962,boolean,hedge,0.3
amazon_google,amazon_google_188_1513,boolean,identity,1.0
amazon_google,amazon_google_188_1513,boolean,verbose,1.0
amazon_google,amazon_google_188_1513,boolean,tagged,1.0
amazon_google,amazon_google_188_1513,boolean,paraphrase,0.95
amazon_google,amazon_google_188_1513,boolean,flip,0.0
amazon_google,amazon_google_188_1513,boolean,no_answer,0.0
amazon_google,amazon_google_188_1513,boolean,hedge,0.3
amazon_google,amazon_google_195_405,boolean,identity,1.0
amazon_google,amazon_google_195_405,boolean,verbose,1.0
amazon_google,amazon_google_195_405,boolean,tagged,1.0
amazon_google,amazon_google_195_405,boolean,paraphrase,0.95
amazon_google,amazon_google_195_405,boolean,flip,0.0
amazon_google,amazon_google_195_405,boolean,no_answer,0.0
amazon_google,amazon_google_195_405,boolean,hedge,0.3
amazon_google,amazon_google_19_1237,boolean,identity,1.0
amazon_google,amazon_google_19_1237,boolean,verbose,1.0
amazon_google,amazon_google_19_1237,boolean,tagged,1.0
amazon_google,amazon_google_19_1237,boolean,paraphrase,0.95
amazon_google,amazon_google_19_1237,boolean,flip,0.0
amazon_google,amazon_google_19_1237,boolean,no_answer,0.0
amazon_google,amazon_google_19_1237,boolean,hedge,0.3
amazon_google,amazon_google_233_1153,boolean,identity,1.0
amazon_google,amazon_google_233_1153,boolean,verbose,1.0
amazon_google,amazon_google_233_1153,boolean,tagged,1.0
amazon_google,amazon_google_233_1153,boolean,paraphrase,0.95
amazon_google,amazon_google_233_1153,boolean,flip,0.0
amazon_google,amazon_google_233_1153,boolean,no_answer,0.0
amazon_google,amazon_google_233_1153,boolean,hedge,0.3
amazon_google,amazon_google_267_750,boolean,identity,1.0
amazon_google,amazon_google_267_750,boolean,verbose,1.0
amazon_google,amazon_google_267_750,boolean,tagged,1.0
amazon_google,amazon_google_267_750,boolean,paraphrase,0.95
amazon_google,amazon_google_267_750,boolean,flip,0.0
amazon_google,amazon_google_267_750,boolean,no_answer,0.0
amazon_google,amazon_google_267_750,boolean,hedge,0.3
amazon_google,amazon_google_273_8,boolean,identity,1.0
amazon_google,amazon_google_273_8,boolean,verbose,1.0
amazon_google,amazon_google_273_8,boolean,tagged,1.0
amazon_google,amazon_google_273_8,boolean,paraphrase,0.95
amazon_google,amazon_google_273_8,boolean,flip,0.0
amazon_google,amazon_google_273_8,boolean,no_answer,0.0
amazon_google,amazon_google_273_8,boolean,hedge,0.3
amazon_google,amazon_google_279_2108,boolean,identity,1.0
amazon_google,amazon_google_279_2108,boolean,verbose,1.0
amazon_google,amazon_google_279_2108,boolean,tagged,1.0
amazon_google,amazon_google_279_2108,boolean,paraphrase,0.95
amazon_google,amazon_google_279_2108,boolean,flip,0.0
amazon_google,amazon_google_279_2108,boolean,no_answer,0.0
amazon_google,amazon_google_279_2108,boolean,hedge,0.3
amazon_google,amazon_google_285_2856,boolean,identity,1.0
amazon_google,amazon_google_285_2856,boolean,verbose,1.0
amazon_google,amazon_google_285_2856,boolean,tagged,1.0
amazon_google,amazon_google_285_2856,boolean,paraphrase,0.95
amazon_google,amazon_google_285_2856,boolean,flip,0.0
amazon_google,amazon_google_285_2856,boolean,no_answer,0.0
amazon_google,amazon_google_285_2856,boolean,hedge,0.3
amazon_google,amazon_google_2_1881,boolean,identity,1.0
amazon_google,amazon_google_2_1881,boolean,verbose,1.0
amazon_google,amazon_google_2_1881,boolean,tagged,1.0
amazon_google,amazon_google_2_1881,boolean,paraphrase,0.95
amazon_google,amazon_google_2_1881,boolean,flip,0.0
amazon_google,amazon_google_2_1881,boolean,no_answer,0.0
amazon_google,amazon_google_2_1881,boolean,hedge,0.3
amazon_google,amazon_google_316_1171,boolean,identity,1.0
amazon_google,amazon_google_316_1171,boolean,verbose,1.0
amazon_google,amazon_google_316_1171,boolean,tagged,1.0
amazon_google,amazon_google_316_1171,boolean,paraphrase,0.95
amazon_google,amazon_google_316_1171,boolean,flip,0.0
amazon_google,amazon_google_316_1171,boolean,no_answer,0.0
amazon_google,amazon_google_316_1171,boolean,hedge,0.3
amazon_google,amazon_google_318_3039,boolean,identity,1.0
amazon_google,amazon_google_318_3039,boolean,verbose,1.0
amazon_google,amazon_google_318_3039,boolean,tagged,1.0
amazon_google,amazon_google_318_3039,boolean,paraphrase,0.95
amazon_google,amazon_google_318_3039,boolean,flip,0.0
amazon_google,amazon_google_318_3039,boolean,no_answer,0.0
amazon_google,amazon_google_318_3039,boolean,hedge,0.3
amazon_google,amazon_google_322_452,boolean,identity,1.0
amazon_google,amazon_google_322_452,boolean,verbose,1.0
amazon_google,amazon_google_322_452,boolean,tagged,1.0
amazon_google,amazon_google_322_452,boolean,paraphrase,0.95
amazon_google,amazon_google_322_452,boolean,flip,0.0
amazon_google,amazon_google_322_452,boolean,no_answer,0.0
amazon_google,amazon_google_322_452,boolean,hedge,0.3
amazon_google,amazon_google_322_893,boolean,identity,1.0
amazon_google,amazon_google_322_893,boolean,verbose,1.0
amazon_google,amazon_google_322_893,boolean,tagged,1.0
amazon_google,amazon_google_322_893,boolean,paraphrase,0.95
amazon_google,amazon_google_322_893,boolean,flip,0.0
amazon_google,amazon_google_322_893,boolean,no_answer,0.0
amazon_google,amazon_google_322_893,boolean,hedge,0.3
amazon_google,amazon_google_325_2619,boolean,identity,1.0
amazon_google,amazon_google_325_2619,boolean,verbose,1.0
amazon_google,amazon_google_325_2619,boolean,tagged,1.0
amazon_google,amazon_google_325_2619,boolean,paraphrase,0.95
amazon_google,amazon_google_325_2619,boolean,flip,0.0
amazon_google,amazon_google_325_2619,boolean,no_answer,0.0
amazon_google,amazon_google_325_2619,boolean,hedge,0.3
amazon_google,amazon_google_345_1520,boolean,identity,1.0
amazon_google,amazon_google_345_1520,boolean,verbose,1.0
amazon_google,amazon_google_345_1520,boolean,tagged,1.0
amazon_google,amazon_google_345_1520,boolean,paraphrase,0.95
amazon_google,amazon_google_345_1520,boolean,flip,0.0
amazon_google,amazon_google_345_1520,boolean,no_answer,0.0
amazon_google,amazon_google_345_1520,boolean,hedge,0.3
amazon_google,amazon_google_346_2865,boolean,identity,1.0
amazon_google,amazon_google_346_2865,boolean,verbose,1.0
amazon_google,amazon_google_346_2865,boolean,tagged,1.0
amazon_google,amazon_google_346_2865,boolean,paraphrase,0.95
amazon_google,amazon_google_346_2865,boolean,flip,0.0
amazon_google,amazon_google_346_2865,boolean,no_answer,0.0
amazon_google,amazon_google_346_2865,boolean,hedge,0.3
amazon_google,amazon_google_350_1763,boolean,identity,1.0
amazon_google,amazon_google_350_1763,boolean,verbose,1.0
amazon_google,amazon_google_350_1763,boolean,tagged,1.0
amazon_google,amazon_google_350_1763,boolean,paraphrase,0.95
amazon_google,amazon_google_350_1763,boolean,flip,0.0
amazon_google,amazon_google_350_1763,boolean,no_answer,0.0
amazon_google,amazon_google_350_1763,boolean,hedge,0.3
amazon_google,amazon_google_350_242,boolean,identity,1.0
amazon_google,amazon_google_350_242,boolean,verbose,1.0
amazon_google,amazon_google_350_242,boolean,tagged,1.0
amazon_google,amazon_google_350_242,boolean,paraphrase,0.95
amazon_google,amazon_google_350_242,boolean,flip,0.0
amazon_google,amazon_google_350_242,boolean,no_answer,0.0
amazon_google,amazon_google_350_242,boolean,hedge,0.3
amazon_google,amazon_google_350_3161,boolean,identity,1.0
amazon_google,amazon_google_350_3161,boolean,verbose,1.0
amazon_google,amazon_google_350_3161,boolean,tagged,1.0
amazon_google,amazon_google_350_3161,boolean,paraphrase,0.95
amazon_google,amazon_google_350_3161,boolean,flip,0.0
amazon_google,amazon_google_350_3161,boolean,no_answer,0.0
amazon_google,amazon_google_350_3161,boolean,hedge,0.3
amazon_google,amazon_google_361_558,boolean,identity,1.0
amazon_google,amazon_google_361_558,boolean,verbose,1.0
amazon_google,amazon_google_361_558,boolean,tagged,1.0
amazon_google,amazon_google_361_558,boolean,paraphrase,0.95
amazon_google,amazon_google_361_558,boolean,flip,0.0
amazon_google,amazon_google_361_558,boolean,no_answer,0.0
amazon_google,amazon_google_361_558,boolean,hedge,0.3
amazon_google,amazon_google_382_1089,boolean,identity,1.0
amazon_google,amazon_google_382_1089,boolean,verbose,1.0
amazon_google,amazon_google_382_1089,boolean,tagged,1.0
amazon_google,amazon_google_382_1089,boolean,paraphrase,0.95
amazon_google,amazon_google_382_1089,boolean,flip,0.0
amazon_google,amazon_google_382_1089,boolean,no_answer,0.0
amazon_google,amazon_google_382_1089,boolean,hedge,0.3
amazon_google,amazon_google_393_1852,boolean,identity,1.0
amazon_google,amazon_google_393_1852,boolean,verbose,1.0
amazon_google,amazon_google_393_1852,boolean,tagged,1.0
amazon_google,amazon_google_393_1852,boolean,paraphrase,0.95
amazon_google,amazon_google_393_1852,boolean,flip,0.0
amazon_google,amazon_google_393_1852,boolean,no_answer,0.0
amazon_google,amazon_google_393_1852,boolean,hedge,0.3
amazon_google,amazon_google_404_2890,boolean,identity,1.0
amazon_google,amazon_google_404_2890,boolean,verbose,1.0
amazon_google,amazon_google_404_2890,boolean,tagged,1.0
amazon_google,amazon_google_404_2890,boolean,paraphrase,0.95
amazon_google,amazon_google_404_2890,boolean,flip,0.0
amazon_google,amazon_google_404_2890,boolean,no_answer,0.0
amazon_google,amazon_google_404_2890,boolean,hedge,0.3
amazon_google,amazon_google_407_1647,boolean,identity,1.0
amazon_google,amazon_google_407_1647,boolean,verbose,1.0
amazon_google,amazon_google_407_1647,boolean,tagged,1.0
amazon_google,amazon_google_407_1647,boolean,paraphrase,0.95
amazon_google,amazon_google_407_1647,boolean,flip,0.0
amazon_google,amazon_google_407_1647,boolean,no_answer,0.0
amazon_google,amazon_google_407_1647,boolean,hedge,0.3
amazon_google,amazon_google_40_456,boolean,identity,1.0
amazon_google,amazon_google_40_456,boolean,verbose,1.0
amazon_google,amazon_google_40_456,boolean,tagged,1.0
amazon_google,amazon_google_40_456,boolean,paraphrase,0.95
amazon_google,amazon_google_40_456,boolean,flip,0.0
amazon_google,amazon_google_40_456,boolean,no_answer,0.0
amazon_google,amazon_google_40_456,boolean,hedge,0.3
amazon_google,amazon_google_412_182,boolean,identity,1.0
amazon_google,amazon_google_412_182,boolean,verbose,1.0
amazon_google,amazon_google_412_182,boolean,tagged,1.0
amazon_google,amazon_google_412_182,boolean,paraphrase,0.95
amazon_google,amazon_google_412_182,boolean,flip,0.0
amazon_google,amazon_google_412_182,boolean,no_answer,0.0
amazon_google,amazon_google_412_182,boolean,hedge,0.3
amazon_google,amazon_google_413_2873,boolean,identity,1.0
amazon_google,amazon_google_413_2873,boolean,verbose,1.0
amazon_google,amazon_google_413_2873,boolean,tagged,1.0
amazon_google,amazon_google_413_2873,boolean,paraphrase,0.95
amazon_google,amazon_google_413_2873,boolean,flip,0.0
amazon_google,amazon_google_413_2873,boolean,no_answer,0.0
amazon_google,amazon_google_413_2873,boolean,hedge,0.3
amazon_google,amazon_google_453_2076,boolean,identity,1.0
amazon_google,amazon_google_453_2076,boolean,verbose,1.0
amazon_google,amazon_google_453_2076,boolean,tagged,1.0
amazon_google,amazon_google_453_2076,boolean,paraphrase,0.95
amazon_google,amazon_google_453_2076,boolean,flip,0.0
amazon_google,amazon_google_453_2076,boolean,no_answer,0.0
amazon_google,amazon_google_453_2076,boolean,hedge,0.3
amazon_google,amazon_google_465_1146,boolean,identity,1.0
amazon_google,amazon_google_465_1146,boolean,verbose,1.0
amazon_google,amazon_google_465_1146,boolean,tagged,1.0
amazon_google,amazon_google_465_1146,boolean,paraphrase,0.95
amazon_google,amazon_google_465_1146,boolean,flip,0.0
amazon_google,amazon_google_465_1146,boolean,no_answer,0.0
amazon_google,amazon_google_465_1146,boolean,hedge,0.3
amazon_google,amazon_google_465_1213,boolean,identity,1.0
amazon_google,amazon_google_465_1213,boolean,verbose,1.0
amazon_google,amazon_google_465_1213,boolean,tagged,1.0
amazon_google,amazon_google_465_1213,boolean,paraphrase,0.95
amazon_google,amazon_google_465_1213,boolean,flip,0.0
amazon_google,amazon_google_465_1213,boolean,no_answer,0.0
amazon_google,amazon_google_465_1213,boolean,hedge,0.3
amazon_google,amazon_google_470_1980,boolean,identity,1.0
amazon_google,amazon_google_470_1980,boolean,verbose,1.0
amazon_google,amazon_google_470_1980,boolean,tagged,1.0
amazon_google,amazon_google_470_1980,boolean,paraphrase,0.95
amazon_google,amazon_google_470_1980,boolean,flip,0.0
amazon_google,amazon_google_470_1980,boolean,no_answer,0.0
amazon_google,amazon_google_470_1980,boolean,hedge,0.3
amazon_google,amazon_google_477_2466,boolean,identity,1.0
amazon_google,amazon_google_477_2466,boolean,verbose,1.0
amazon_google,amazon_google_477_2466,boolean,tagged,1.0
amazon_google,amazon_google_477_2466,boolean,paraphrase,0.95
amazon_google,amazon_google_477_2466,boolean,flip,0.0
amazon_google,amazon_google_477_2466,boolean,no_answer,0.0
amazon_google,amazon_google_477_2466,boolean,hedge,0.3
amazon_google,amazon_google_47_2987,boolean,identity,1.0
amazon_google,amazon_google_47_2987,boolean,verbose,1.0
amazon_google,amazon_google_47_2987,boolean,tagged,1.0
amazon_google,amazon_google_47_2987,boolean,paraphrase,0.95
amazon_google,amazon_google_47_2987,boolean,flip,0.0
amazon_google,amazon_google_47_2987,boolean,no_answer,0.0
amazon_google,amazon_google_47_2987,boolean,hedge,0.3
amazon_google,amazon_google_497_2877,boolean,identity,1.0
amazon_google,amazon_google_497_2877,boolean,verbose,1.0
amazon_google,amazon_google_497_2877,boolean,tagged,1.0
amazon_google,amazon_google_497_2877,boolean,paraphrase,0.95
amazon_google,amazon_google_497_2877,boolean,flip,0.0
amazon_google,amazon_google_497_2877,boolean,no_answer,0.0
amazon_google,amazon_google_497_2877,boolean,hedge,0.3
amazon_google,amazon_google_500_1157,boolean,identity,1.0
amazon_google,amazon_google_500_1157,boolean,verbose,1.0
amazon_google,amazon_google_500_1157,boolean,tagged,1.0
amazon_google,amazon_google_500_1157,boolean,paraphrase,0.95
amazon_google,amazon_google_500_1157,boolean,flip,0.0
amazon_google,amazon_google_500_1157,boolean,no_answer,0.0
amazon_google,amazon_google_500_1157,boolean,hedge,0.3
amazon_google,amazon_google_504_2292,boolean,identity,1.0
amazon_google,amazon_google_504_2292,boolean,verbose,1.0
amazon_google,amazon_google_504_2292,boolean,tagged,1.0
amazon_google,amazon_google_504_2292,boolean,paraphrase,0.95
amazon_google,amazon_google_504_2292,boolean,flip,0.0
amazon_google,amazon_google_504_2292,boolean,no_answer,0.0
amazon_google,amazon_google_504_2292,boolean,hedge,0.3
amazon_google,amazon_google_516_3017,boolean,identity,1.0
amazon_google,amazon_google_516_3017,boolean,verbose,1.0
amazon_google,amazon_google_516_3017,boolean,tagged,1.0
amazon_google,amazon_google_516_3017,boolean,paraphrase,0.95
amazon_google,amazon_google_516_3017,boolean,flip,0.0
amazon_google,amazon_google_516_3017,boolean,no_answer,0.0
amazon_google,amazon_google_516_3017,boolean,hedge,0.3
amazon_google,amazon_google_516_485,boolean,identity,1.0
amazon_google,amazon_google_516_485,boolean,verbose,1.0
amazon_google,amazon_google_516_485,boolean,tagged,1.0
amazon_google,amazon_google_516_485,boolean,paraphrase,0.95
amazon_google,amazon_google_516_485,boolean,flip,0.0
amazon_google,amazon_google_516_485,boolean,no_answer,0.0
amazon_google,amazon_google_516_485,boolean,hedge,0.3
amazon_google,amazon_google_516_70,boolean,identity,1.0
amazon_google,amazon_google_516_70,boolean,verbose,1.0
amazon_google,amazon_google_516_70,boolean,tagged,1.0
amazon_google,amazon_google_516_70,boolean,paraphrase,0.95
amazon_google,amazon_google_516_70,boolean,flip,0.0
amazon_google,amazon_google_516_70,boolean,no_answer,0.0
amazon_google,amazon_google_516_70,boolean,hedge,0.3
amazon_google,amazon_google_517_2649,boolean,identity,1.0
amazon_google,amazon_google_517_2649,boolean,verbose,1.0
amazon_google,amazon_google_517_2649,boolean,tagged,1.0
amazon_google,amazon_google_517_2649,boolean,paraphrase,0.95
amazon_google,amazon_google_517_2649,boolean,flip,0.0
amazon_google,amazon_google_517_2649,boolean,no_answer,0.0
amazon_google,amazon_google_517_2649,boolean,hedge,0.3
amazon_google,amazon_google_536_2839,boolean,identity,1.0
amazon_google,amazon_google_536_2839,boolean,verbose,1.0
amazon_google,amazon_google_536_2839,boolean,tagged,1.0
amazon_google,amazon_google_536_2839,boolean,paraphrase,0.95
amazon_google,amazon_google_536_2839,boolean,flip,0.0
amazon_google,amazon_google_536_2839,boolean,no_answer,0.0
amazon_google,amazon_google_536_2839,boolean,hedge,0.3
amazon_google,amazon_google_537_895,boolean,identity,1.0
amazon_google,amazon_google_537_895,boolean,verbose,1.0
amazon_google,amazon_google_537_895,boolean,tagged,1.0
amazon_google,amazon_google_537_895,boolean,paraphrase,0.95
amazon_google,amazon_google_537_895,boolean,flip,0.0
amazon_google,amazon_google_537_895,boolean,no_answer,0.0
amazon_google,amazon_google_537_895,boolean,hedge,0.3
amazon_google,amazon_google_540_5,boolean,identity,1.0
amazon_google,amazon_google_540_5,boolean,verbose,1.0
amazon_google,amazon_google_540_5,boolean,tagged,1.0
amazon_google,amazon_google_540_5,boolean,paraphrase,0.95
amazon_google,amazon_google_540_5,boolean,flip,0.0
amazon_google,amazon_google_540_5,boolean,no_answer,0.0
amazon_google,amazon_google_540_5,boolean,hedge,0.3
amazon_google,amazon_google_549_1738,boolean,identity,1.0
amazon_google,amazon_google_549_1738,boolean,verbose,1.0
amazon_google,amazon_google_549_1738,boolean,tagged,1.0
amazon_google,amazon_google_549_1738,boolean,paraphrase,0.95
amazon_google,amazon_google_549_1738,boolean,flip,0.0
amazon_google,amazon_google_549_1738,boolean,no_answer,0.0
amazon_google,amazon_google_549_1738,boolean,hedge,0.3
amazon_google,amazon_google_558_2851,boolean,identity,1.0
amazon_google,amazon_google_558_2851,boolean,verbose,1.0
amazon_google,amazon_google_558_2851,boolean,tagged,1.0
amazon_google,amazon_google_558_2851,boolean,paraphrase,0.95
amazon_google,amazon_google_558_2851,boolean,flip,0.0
amazon_google,amazon_google_558_2851,boolean,no_answer,0.0
amazon_google,amazon_google_558_2851,boolean,hedge,0.3
amazon_google,amazon_google_559_176,boolean,identity,1.0
amazon_google,amazon_google_559_176,boolean,verbose,1.0
amazon_google,amazon_google_559_176,boolean,tagged,1.0
amazon_google,amazon_google_559_176,boolean,paraphrase,0.95
amazon_google,amazon_google_559_176,boolean,flip,0.0
amazon_google,amazon_google_559_176,boolean,no_answer,0.0
amazon_google,amazon_google_559_176,boolean,hedge,0.3
amazon_google,amazon_google_55_2105,boolean,identity,1.0
amazon_google,amazon_google_55_2105,boolean,verbose,1.0
amazon_google,amazon_google_55_2105,boolean,tagged,1.0
amazon_google,amazon_google_55_2105,boolean,paraphrase,0.95
amazon_google,amazon_google_55_2105,boolean,flip,0.0
amazon_google,amazon_google_55_2105,boolean,no_answer,0.0
amazon_google,amazon_google_55_2105,boolean,hedge,0.3
amazon_google,amazon_google_562_954,boolean,identity,1.0
amazon_google,amazon_google_562_954,boolean,verbose,1.0
amazon_google,amazon_google_562_954,boolean,tagged,1.0
amazon_google,amazon_google_562_954,boolean,paraphrase,0.95
amazon_google,amazon_google_562_954,boolean,flip,0.0
amazon_google,amazon_google_562_954,boolean,no_answer,0.0
amazon_google,amazon_google_562_954,boolean,hedge,0.3
amazon_google,amazon_google_572_1564,boolean,identity,1.0
amazon_google,amazon_google_572_1564,boolean,verbose,1.0
amazon_google,amazon_google_572_1564,boolean,tagged,1.0
amazon_google,amazon_google_572_1564,boolean,paraphrase,0.95
amazon_google,amazon_google_572_1564,boolean,flip,0.0
amazon_google,amazon_google_572_1564,boolean,no_answer,0.0
amazon_google,amazon_google_572_1564,boolean,hedge,0.3
amazon_google,amazon_google_574_1975,boolean,identity,1.0
amazon_google,amazon_google_574_1975,boolean,verbose,1.0
amazon_google,amazon_google_574_1975,boolean,tagged,1.0
amazon_google,amazon_google_574_1975,boolean,paraphrase,0.95
amazon_google,amazon_google_574_1975,boolean,flip,0.0
amazon_google,amazon_google_574_1975,boolean,no_answer,0.0
amazon_google,amazon_google_574_1975,boolean,hedge,0.3
amazon_google,amazon_google_578_1687,boolean,identity,1.0
amazon_google,amazon_google_578_1687,boolean,verbose,1.0
amazon_google,amazon_google_578_1687,boolean,tagged,1.0
amazon_google,amazon_google_578_1687,boolean,paraphrase,0.95
amazon_google,amazon_google_578_1687,boolean,flip,0.0
amazon_google,amazon_google_578_1687,boolean,no_answer,0.0
amazon_google,amazon_google_578_1687,boolean,hedge,0.3
amazon_google,amazon_google_584_959,boolean,identity,1.0
amazon_google,amazon_google_584_959,boolean,verbose,1.0
amazon_google,amazon_google_584_959,boolean,tagged,1.0
amazon_google,amazon_google_584_959,boolean,paraphrase,0.95
amazon_google,amazon_google_584_959,boolean,flip,0.0
amazon_google,amazon_google_584_959,boolean,no_answer,0.0
amazon_google,amazon_google_584_959,boolean,hedge,0.3
amazon_google,amazon_google_587_1514,boolean,identity,1.0
amazon_google,amazon_google_587_1514,boolean,verbose,1.0
amazon_google,amazon_google_587_1514,boolean,tagged,1.0
amazon_google,amazon_google_587_1514,boolean,paraphrase,0.95
amazon_google,amazon_google_587_1514,boolean,flip,0.0
amazon_google,amazon_google_587_1514,boolean,no_answer,0.0
amazon_google,amazon_google_587_1514,boolean,hedge,0.3
amazon_google,amazon_google_588_430,boolean,identity,1.0
amazon_google,amazon_google_588_430,boolean,verbose,1.0
amazon_google,amazon_google_588_430,boolean,tagged,1.0
amazon_google,amazon_google_588_430,boolean,paraphrase,0.95
amazon_google,amazon_google_588_430,boolean,flip,0.0
amazon_google,amazon_google_588_430,boolean,no_answer,0.0
amazon_google,amazon_google_588_430,boolean,hedge,0.3
amazon_google,amazon_google_589_1138,boolean,identity,1.0
amazon_google,amazon_google_589_1138,boolean,verbose,1.0
amazon_google,amazon_google_589_1138,boolean,tagged,1.0
amazon_google,amazon_google_589_1138,boolean,paraphrase,0.95
amazon_google,amazon_google_589_1138,boolean,flip,0.0
amazon_google,amazon_google_589_1138,boolean,no_answer,0.0
amazon_google,amazon_google_589_1138,boolean,hedge,0.3
amazon_google,amazon_google_591_2176,boolean,identity,1.0
amazon_google,amazon_google_591_2176,boolean,verbose,1.0
amazon_google,amazon_google_591_2176,boolean,tagged,1.0
amazon_google,amazon_google_591_2176,boolean,paraphrase,0.95
amazon_google,amazon_google_591_2176,boolean,flip,0.0
amazon_google,amazon_google_591_2176,boolean,no_answer,0.0
amazon_google,amazon_google_591_2176,boolean,hedge,0.3
amazon_google,amazon_google_594_2853,boolean,identity,1.0
amazon_google,amazon_google_594_2853,boolean,verbose,1.0
amazon_google,amazon_google_594_2853,boolean,tagged,1.0
amazon_google,amazon_google_594_2853,boolean,paraphrase,0.95
amazon_google,amazon_google_594_2853,boolean,flip,0.0
amazon_google,amazon_google_594_2853,boolean,no_answer,0.0
amazon_google,amazon_google_594_2853,boolean,hedge,0.3
amazon_google,amazon_google_597_521,boolean,identity,1.0
amazon_google,amazon_google_597_521,boolean,verbose,1.0
amazon_google,amazon_google_597_521,boolean,tagged,1.0
amazon_google,amazon_google_597_521,boolean,paraphrase,0.95
amazon_google,amazon_google_597_521,boolean,flip,0.0
amazon_google,amazon_google_597_521,boolean,no_answer,0.0
amazon_google,amazon_google_597_521,boolean,hedge,0.3
amazon_google,amazon_google_601_2048,boolean,identity,1.0
amazon_google,amazon_google_601_2048,boolean,verbose,1.0
amazon_google,amazon_google_601_2048,boolean,tagged,1.0
amazon_google,amazon_google_601_2048,boolean,paraphrase,0.95
amazon_google,amazon_google_601_2048,boolean,flip,0.0
amazon_google,amazon_google_601_2048,boolean,no_answer,0.0
amazon_google,amazon_google_601_2048,boolean,hedge,0.3
amazon_google,amazon_google_609_3134,boolean,identity,1.0
amazon_google,amazon_google_609_3134,boolean,verbose,1.0
amazon_google,amazon_google_609_3134,boolean,tagged,1.0
amazon_google,amazon_google_609_3134,boolean,paraphrase,0.95
amazon_google,amazon_google_609_3134,boolean,flip,0.0
amazon_google,amazon_google_609_3134,boolean,no_answer,0.0
amazon_google,amazon_google_609_3134,boolean,hedge,0.3
amazon_google,amazon_google_620_190,boolean,identity,1.0
amazon_google,amazon_google_620_190,boolean,verbose,1.0
amazon_google,amazon_google_620_190,boolean,tagged,1.0
amazon_google,amazon_google_620_190,boolean,paraphrase,0.95
amazon_google,amazon_google_620_190,boolean,flip,0.0
amazon_google,amazon_google_620_190,boolean,no_answer,0.0
amazon_google,amazon_google_620_190,boolean,hedge,0.3
amazon_google,amazon_google_625_294,boolean,identity,1.0
amazon_google,amazon_google_625_294,boolean,verbose,1.0
amazon_google,amazon_google_625_294,boolean,tagged,1.0
amazon_google,amazon_google_625_294,boolean,paraphrase,0.95
amazon_google,amazon_google_625_294,boolean,flip,0.0
amazon_google,amazon_google_625_294,boolean,no_answer,0.0
amazon_google,amazon_google_625_294,boolean,hedge,0.3
amazon_google,amazon_google_630_274,boolean,identity,1.0
amazon_google,amazon_google_630_274,boolean,verbose,1.0
amazon_google,amazon_google_630_274,boolean,tagged,1.0
amazon_google,amazon_google_630_274,boolean,paraphrase,0.95
amazon_google,amazon_google_630_274,boolean,flip,0.0
amazon_google,amazon_google_630_274,boolean,no_answer,0.0
amazon_google,amazon_google_630_274,boolean,hedge,0.3
amazon_google,amazon_google_632_1169,boolean,identity,1.0
amazon_google,amazon_google_632_1169,boolean,verbose,1.0
amazon_google,amazon_google_632_1169,boolean,tagged,1.0
amazon_google,amazon_google_632_1169,boolean,paraphrase,0.95
amazon_google,amazon_google_632_1169,boolean,flip,0.0
amazon_google,amazon_google_632_1169,boolean,no_answer,0.0
amazon_google,amazon_google_632_1169,boolean,hedge,0.3
amazon_google,amazon_google_645_286,boolean,identity,1.0
amazon_google,amazon_google_645_286,boolean,verbose,1.0
amazon_google,amazon_google_645_286,boolean,tagged,1.0
amazon_google,amazon_google_645_286,boolean,paraphrase,0.95
amazon_google,amazon_google_645_286,boolean,flip,0.0
amazon_google,amazon_google_645_286,boolean,no_answer,0.0
amazon_google,amazon_google_645_286,boolean,hedge,0.3
amazon_google,amazon_google_652_318,boolean,identity,1.0
amazon_google,amazon_google_652_318,boolean,verbose,1.0
amazon_google,amazon_google_652_318,boolean,tagged,1.0
amazon_google,amazon_google_652_318,boolean,paraphrase,0.95
amazon_google,amazon_google_652_318,boolean,flip,0.0
amazon_google,amazon_google_652_318,boolean,no_answer,0.0
amazon_google,amazon_google_652_318,boolean,hedge,0.3
amazon_google,amazon_google_656_229,boolean,identity,1.0
amazon_google,amazon_google_656_229,boolean,verbose,1.0
amazon_google,amazon_google_656_229,boolean,tagged,1.0
amazon_google,amazon_google_656_229,boolean,paraphrase,0.95
amazon_google,amazon_google_656_229,boolean,flip,0.0
amazon_google,amazon_google_656_229,boolean,no_answer,0.0
amazon_google,amazon_google_656_229,boolean,hedge,0.3
amazon_google,amazon_google_664_211,boolean,identity,1.0
amazon_google,amazon_google_664_211,boolean,verbose,1.0
amazon_google,amazon_google_664_211,boolean,tagged,1.0
amazon_google,amazon_google_664_211,boolean,paraphrase,0.95
amazon_google,amazon_google_664_211,boolean,flip,0.0
amazon_google,amazon_google_664_211,boolean,no_answer,0.0
amazon_google,amazon_google_664_211,boolean,hedge,0.3
amazon_google,amazon_google_668_220,boolean,identity,1.0
amazon_google,amazon_google_668_220,boolean,verbose,1.0
amazon_google,amazon_google_668_220,boolean,tagged,1.0
amazon_google,amazon_google_668_220,boolean,paraphrase,0.95
amazon_google,amazon_google_668_220,boolean,flip,0.0
amazon_google,amazon_google_668_220,boolean,no_answer,0.0
amazon_google,amazon_google_668_220,boolean,hedge,0.3
amazon_google,amazon_google_695_2768,boolean,identity,1.0
amazon_google,amazon_google_695_2768,boolean,verbose,1.0
amazon_google,amazon_google_695_2768,boolean,tagged,1.0
amazon_google,amazon_google_695_2768,boolean,paraphrase,0.95
amazon_google,amazon_google_695_2768,boolean,flip,0.0
amazon_google,amazon_google_695_2768,boolean,no_answer,0.0
amazon_google,amazon_google_695_2768,boolean,hedge,0.3
amazon_google,amazon_google_700_412,boolean,identity,1.0
amazon_google,amazon_google_700_412,boolean,verbose,1.0
amazon_google,amazon_google_700_412,boolean,tagged,1.0
amazon_google,amazon_google_700_412,boolean,paraphrase,0.95
amazon_google,amazon_google_700_412,boolean,flip,0.0
amazon_google,amazon_google_700_412,boolean,no_answer,0.0
amazon_google,amazon_google_700_412,boolean,hedge,0.3
amazon_google,amazon_google_715_399,boolean,identity,1.0
amazon_google,amazon_google_715_399,boolean,verbose,1.0
amazon_google,amazon_google_715_399,boolean,tagged,1.0
amazon_google,amazon_google_715_399,boolean,paraphrase,0.95
amazon_google,amazon_google_715_399,boolean,flip,0.0
amazon_google,amazon_google_715_399,boolean,no_answer,0.0
amazon_google,amazon_google_715_399,boolean,hedge,0.3
amazon_google,amazon_google_722_2331,boolean,identity,1.0
amazon_google,amazon_google_722_2331,boolean,verbose,1.0
amazon_google,amazon_google_722_2331,boolean,tagged,1.0
amazon_google,amazon_google_722_2331,boolean,paraphrase,0.95
amazon_google,amazon_google_722_2331,boolean,flip,0.0
amazon_google,amazon_google_722_2331,boolean,no_answer,0.0
amazon_google,amazon_google_722_2331,boolean,hedge,0.3
amazon_google,amazon_google_726_2788,boolean,identity,1.0
amazon_google,amazon_google_726_2788,boolean,verbose,1.0
amazon_google,amazon_google_726_2788,boolean,tagged,1.0
amazon_google,amazon_google_726_2788,boolean,paraphrase,0.95
amazon_google,amazon_google_726_2788,boolean,flip,0.0
amazon_google,amazon_google_726_2788,boolean,no_answer,0.0
amazon_google,amazon_google_726_2788,boolean,hedge,0.3
amazon_google,amazon_google_731_3021,boolean,identity,1.0
amazon_google,amazon_google_731_3021,boolean,verbose,1.0
amazon_google,amazon_google_731_3021,boolean,tagged,1.0
amazon_google,amazon_google_731_3021,boolean,paraphrase,0.95
amazon_google,amazon_google_731_3021,boolean,flip,0.0
amazon_google,amazon_google_731_3021,boolean,no_answer,0.0
amazon_google,amazon_google_731_3021,boolean,hedge,0.3
amazon_google,amazon_google_736_3032,boolean,identity,1.0
amazon_google,amazon_google_736_3032,boolean,verbose,1.0
amazon_google,amazon_google_736_3032,boolean,tagged,1.0
amazon_google,amazon_google_736_3032,boolean,paraphrase,0.95
amazon_google,amazon_google_736_3032,boolean,flip,0.0
amazon_google,amazon_google_736_3032,boolean,no_answer,0.0
amazon_google,amazon_google_736_3032,boolean,hedge,0.3
amazon_google,amazon_google_738_2544,boolean,identity,1.0
amazon_google,amazon_google_738_2544,boolean,verbose,1.0
amazon_google,amazon_google_738_2544,boolean,tagged,1.0
amazon_google,amazon_google_738_2544,boolean,paraphrase,0.95
amazon_google,amazon_google_738_2544,boolean,flip,0.0
amazon_google,amazon_google_738_2544,boolean,no_answer,0.0
amazon_google,amazon_google_738_2544,boolean,hedge,0.3
amazon_google,amazon_google_753_2441,boolean,identity,1.0
amazon_google,amazon_google_753_2441,boolean,verbose,1.0
amazon_google,amazon_google_753_2441,boolean,tagged,1.0
amazon_google,amazon_google_753_2441,boolean,paraphrase,0.95
amazon_google,amazon_google_753_2441,boolean,flip,0.0
amazon_google,amazon_google_753_2441,boolean,no_answer,0.0
amazon_google,amazon_google_753_2441,boolean,hedge,0.3
amazon_google,amazon_google_760_397,boolean,identity,1.0
amazon_google,amazon_google_760_397,boolean,verbose,1.0
amazon_google,amazon_google_760_397,boolean,tagged,1.0
amazon_google,amazon_google_760_397,boolean,paraphrase,0.95
amazon_google,amazon_google_760_397,boolean,flip,0.0
amazon_google,amazon_google_760_397,boolean,no_answer,0.0
amazon_google,amazon_google_760_397,boolean,hedge,0.3
amazon_google,amazon_google_763_386,boolean,identity,1.0
amazon_google,amazon_google_763_386,boolean,verbose,1.0
amazon_google,amazon_google_763_386,boolean,tagged,1.0
amazon_google,amazon_google_763_386,boolean,paraphrase,0.95
amazon_google,amazon_google_763_386,boolean,flip,0.0
amazon_google,amazon_google_763_386,boolean,no_answer,0.0
amazon_google,amazon_google_763_386,boolean,hedge,0.3
amazon_google,amazon_google_768_382,boolean,identity,1.0
amazon_google,amazon_google_768_382,boolean,verbose,1.0
amazon_google,amazon_google_768_382,boolean,tagged,1.0
amazon_google,amazon_google_768_382,boolean,paraphrase,0.95
amazon_google,amazon_google_768_382,boolean,flip,0.0
amazon_google,amazon_google_768_382,boolean,no_answer,0.0
amazon_google,amazon_google_768_382,boolean,hedge,0.3
amazon_google,amazon_google_77_1606,boolean,identity,1.0
amazon_google,amazon_google_77_1606,boolean,verbose,1.0
amazon_google,amazon_google_77_1606,boolean,tagged,1.0
amazon_google,amazon_google_77_1606,boolean,paraphrase,0.95
amazon_google,amazon_google_77_1606,boolean,flip,0.0
amazon_google,amazon_google_77_1606,boolean,no_answer,0.0
amazon_google,amazon_google_77_1606,boolean,hedge,0.3
amazon_google,amazon_google_789_2562,boolean,identity,1.0
amazon_google,amazon_google_789_2562,boolean,verbose,1.0
amazon_google,amazon_google_789_2562,boolean,tagged,1.0
amazon_google,amazon_google_789_2562,boolean,paraphrase,0.95
amazon_google,amazon_google_789_2562,boolean,flip,0.0
amazon_google,amazon_google_789_2562,boolean,no_answer,0.0
amazon_google,amazon_google_789_2562,boolean,hedge,0.3
amazon_google,amazon_google_799_804,boolean,identity,1.0
amazon_google,amazon_google_799_804,boolean,verbose,1.0
amazon_google,amazon_google_799_804,boolean,tagged,1.0
amazon_google,amazon_google_799_804,boolean,paraphrase,0.95
amazon_google,amazon_google_799_804,boolean,flip,0.0
amazon_google,amazon_google_799_804,boolean,no_answer,0.0
amazon_google,amazon_google_799_804,boolean,hedge,0.3
amazon_google,amazon_google_804_2132,boolean,identity,1.0
amazon_google,amazon_google_804_2132,boolean,verbose,1.0
amazon_google,amazon_google_804_2132,boolean,tagged,1.0
amazon_google,amazon_google_804_2132,boolean,paraphrase,0.95
amazon_google,amazon_google_804_2132,boolean,flip,0.0
amazon_google,amazon_google_804_2132,boolean,no_answer,0.0
amazon_google,amazon_google_804_2132,boolean,hedge,0.3
amazon_google,amazon_google_808_2100,boolean,identity,1.0
amazon_google,amazon_google_808_2100,boolean,verbose,1.0
amazon_google,amazon_google_808_2100,boolean,tagged,1.0
amazon_google,amazon_google_808_2100,boolean,paraphrase,0.95
amazon_google,amazon_google_808_2100,boolean,flip,0.0
amazon_google,amazon_google_808_2100,boolean,no_answer,0.0
amazon_google,amazon_google_808_2100,boolean,hedge,0.3
amazon_google,amazon_google_817_2839,boolean,identity,1.0
amazon_google,amazon_google_817_2839,boolean,verbose,1.0
amazon_google,amazon_google_817_2839,boolean,tagged,1.0
amazon_google,amazon_google_817_2839,boolean,paraphrase,0.95
amazon_google,amazon_google_817_2839,boolean,flip,0.0
amazon_google,amazon_google_817_2839,boolean,no_answer,0.0
amazon_google,amazon_google_817_2839,boolean,hedge,0.3
amazon_google,amazon_google_820_691,boolean,identity,1.0
amazon_google,amazon_google_820_691,boolean,verbose,1.0
amazon_google,amazon_google_820_691,boolean,tagged,1.0
amazon_google,amazon_google_820_691,boolean,paraphrase,0.95
amazon_google,amazon_google_820_691,boolean,flip,0.0
amazon_google,amazon_google_820_691,boolean,no_answer,0.0
amazon_google,amazon_google_820_691,boolean,hedge,0.3
amazon_google,amazon_google_821_1561,boolean,identity,1.0
amazon_google,amazon_google_821_1561,boolean,verbose,1.0
amazon_google,amazon_google_821_1561,boolean,tagged,1.0
amazon_google,amazon_google_821_1561,boolean,paraphrase,0.95
amazon_google,amazon_google_821_1561,boolean,flip,0.0
amazon_google,amazon_google_821_1561,boolean,no_answer,0.0
amazon_google,amazon_google_821_1561,boolean,hedge,0.3
amazon_google,amazon_google_823_2877,boolean,identity,1.0
amazon_google,amazon_google_823_2877,boolean,verbose,1.0
amazon_google,amazon_google_823_2877,boolean,tagged,1.0
amazon_google,amazon_google_823_2877,boolean,paraphrase,0.95
amazon_google,amazon_google_823_2877,boolean,flip,0.0
amazon_google,amazon_google_823_2877,boolean,no_answer,0.0
amazon_google,amazon_google_823_2877,boolean,hedge,0.3
amazon_google,amazon_google_825_2620,boolean,identity,1.0
amazon_google,amazon_google_825_2620,boolean,verbose,1.0
amazon_google,amazon_google_825_2620,boolean,tagged,1.0
amazon_google,amazon_google_825_2620,boolean,paraphrase,0.95
amazon_google,amazon_google_825_2620,boolean,flip,0.0
amazon_google,amazon_google_825_2620,boolean,no_answer,0.0
amazon_google,amazon_google_825_2620,boolean,hedge,0.3
amazon_google,amazon_google_827_2756,boolean,identity,1.0
amazon_google,amazon_google_827_2756,boolean,verbose,1.0
amazon_google,amazon_google_827_2756,boolean,tagged,1.0
amazon_google,amazon_google_827_2756,boolean,paraphrase,0.95
amazon_google,amazon_google_827_2756,boolean,flip,0.0
amazon_google,amazon_google_827_2756,boolean,no_answer,0.0
amazon_google,amazon_google_827_2756,boolean,hedge,0.3
amazon_google,amazon_google_876_951,boolean,identity,1.0
amazon_google,amazon_google_876_951,boolean,verbose,1.0
amazon_google,amazon_google_876_951,boolean,tagged,1.0
amazon_google,amazon_google_876_951,boolean,paraphrase,0.95
amazon_google,amazon_google_876_951,boolean,flip,0.0
amazon_google,amazon_google_876_951,boolean,no_answer,0.0
amazon_google,amazon_google_876_951,boolean,hedge,0.3
amazon_google,amazon_google_877_195,boolean,identity,1.0
amazon_google,amazon_google_877_195,boolean,verbose,1.0
amazon_google,amazon_google_877_195,boolean,tagged,1.0
amazon_google,amazon_google_877_195,boolean,paraphrase,0.95
amazon_google,amazon_google_877_195,boolean,flip,0.0
amazon_google,amazon_google_877_195,boolean,no_answer,0.0
amazon_google,amazon_google_877_195,boolean,hedge,0.3
amazon_google,amazon_google_879_1060,boolean,identity,1.0
amazon_google,amazon_google_879_1060,boolean,verbose,1.0
amazon_google,amazon_google_879_1060,boolean,tagged,1.0
amazon_google,amazon_google_879_1060,boolean,paraphrase,0.95
amazon_google,amazon_google_879_1060,boolean,flip,0.0
amazon_google,amazon_google_879_1060,boolean,no_answer,0.0
amazon_google,amazon_google_879_1060,boolean,hedge,0.3
amazon_google,amazon_google_879_2812,boolean,identity,1.0
amazon_google,amazon_google_879_2812,boolean,verbose,1.0
amazon_google,amazon_google_879_2812,boolean,tagged,1.0
amazon_google,amazon_google_879_2812,boolean,paraphrase,0.95
amazon_google,amazon_google_879_2812,boolean,flip,0.0
amazon_google,amazon_google_879_2812,boolean,no_answer,0.0
amazon_google,amazon_google_879_2812,boolean,hedge,0.3
amazon_google,amazon_google_888_375,boolean,identity,1.0
amazon_google,amazon_google_888_375,boolean,verbose,1.0
amazon_google,amazon_google_888_375,boolean,tagged,1.0
amazon_google,amazon_google_888_375,boolean,paraphrase,0.95
amazon_google,amazon_google_888_375,boolean,flip,0.0
amazon_google,amazon_google_888_375,boolean,no_answer,0.0
amazon_google,amazon_google_888_375,boolean,hedge,0.3
amazon_google,amazon_google_88_3161,boolean,identity,1.0
amazon_google,amazon_google_88_3161,boolean,verbose,1.0
amazon_google,amazon_google_88_3161,boolean,tagged,1.0
amazon_google,amazon_google_88_3161,boolean,paraphrase,0.95
amazon_google,amazon_google_88_3161,boolean,flip,0.0
amazon_google,amazon_google_88_3161,boolean,no_answer,0.0
amazon_google,amazon_google_88_3161,boolean,hedge,0.3
amazon_google,amazon_google_896_159,boolean,identity,1.0
amazon_google,amazon_google_896_159,boolean,verbose,1.0
amazon_google,amazon_google_896_159,boolean,tagged,1.0
amazon_google,amazon_google_896_159,boolean,paraphrase,0.95
amazon_google,amazon_google_896_159,boolean,flip,0.0
amazon_google,amazon_google_896_159,boolean,no_answer,0.0
amazon_google,amazon_google_896_159,boolean,hedge,0.3
amazon_google,amazon_google_897_452,boolean,identity,1.0
amazon_google,amazon_google_897_452,boolean,verbose,1.0
amazon_google,amazon_google_897_452,boolean,tagged,1.0
amazon_google,amazon_google_897_452,boolean,paraphrase,0.95
amazon_google,amazon_google_897_452,boolean,flip,0.0
amazon_google,amazon_google_897_452,boolean,no_answer,0.0
amazon_google,amazon_google_897_452,boolean,hedge,0.3
amazon_google,amazon_google_901_150,boolean,identity,1.0
amazon_google,amazon_google_901_150,boolean,verbose,1.0
amazon_google,amazon_google_901_150,boolean,tagged,1.0
amazon_google,amazon_google_901_150,boolean,paraphrase,0.95
amazon_google,amazon_google_901_150,boolean,flip,0.0
amazon_google,amazon_google_901_150,boolean,no_answer,0.0
amazon_google,amazon_google_901_150,boolean,hedge,0.3
amazon_google,amazon_google_90_344,boolean,identity,1.0
amazon_google,amazon_google_90_344,boolean,verbose,1.0
amazon_google,amazon_google_90_344,boolean,tagged,1.0
amazon_google,amazon_google_90_344,boolean,paraphrase,0.95
amazon_google,amazon_google_90_344,boolean,flip,0.0
amazon_google,amazon_google_90_344,boolean,no_answer,0.0
amazon_google,amazon_google_90_344,boolean,hedge,0.3
amazon_google,amazon_google_910_1213,boolean,identity,1.0
amazon_google,amazon_google_910_1213,boolean,verbose,1.0
amazon_google,amazon_google_910_1213,boolean,tagged,1.0
amazon_google,amazon_google_910_1213,boolean,paraphrase,0.95
amazon_google,amazon_google_910_1213,boolean,flip,0.0
amazon_google,amazon_google_910_1213,boolean,no_answer,0.0
amazon_google,amazon_google_910_1213,boolean,hedge,0.3
amazon_google,amazon_google_91_3145,boolean,identity,1.0
amazon_google,amazon_google_91_3145,boolean,verbose,1.0
amazon_google,amazon_google_91_3145,boolean,tagged,1.0
amazon_google,amazon_google_91_3145,boolean,paraphrase,0.95
amazon_google,amazon_google_91_3145,boolean,flip,0.0
amazon_google,amazon_google_91_3145,boolean,no_answer,0.0
amazon_google,amazon_google_91_3145,boolean,hedge,0.3
amazon_google,amazon_google_943_880,boolean,identity,1.0
amazon_google,amazon_google_943_880,boolean,verbose,1.0
amazon_google,amazon_google_943_880,boolean,tagged,1.0
amazon_google,amazon_google_943_880,boolean,paraphrase,0.95
amazon_google,amazon_google_943_880,boolean,flip,0.0
amazon_google,amazon_google_943_880,boolean,no_answer,0.0
amazon_google,amazon_google_943_880,boolean,hedge,0.3
amazon_google,amazon_google_950_3032,boolean,identity,1.0
amazon_google,amazon_google_950_3032,boolean,verbose,1.0
amazon_google,amazon_google_950_3032,boolean,tagged,1.0
amazon_google,amazon_google_950_3032,boolean,paraphrase,0.95
amazon_google,amazon_google_950_3032,boolean,flip,0.0
amazon_google,amazon_google_950_3032,boolean,no_answer,0.0
amazon_google,amazon_google_950_3032,boolean,hedge,0.3
amazon_google,amazon_google_967_277,boolean,identity,1.0
amazon_google,amazon_google_967_277,boolean,verbose,1.0
amazon_google,amazon_google_967_277,boolean,tagged,1.0
amazon_google,amazon_google_967_277,boolean,paraphrase,0.95
amazon_google,amazon_google_967_277,boolean,flip,0.0
amazon_google,amazon_google_967_277,boolean,no_answer,0.0
amazon_google,amazon_google_967_277,boolean,hedge,0.3
amazon_google,amazon_google_991_423,boolean,identity,1.0
amazon_google,amazon_google_991_423,boolean,verbose,1.0
amazon_google,amazon_google_991_423,boolean,tagged,1.0
amazon_google,amazon_google_991_423,boolean,paraphrase,0.95
amazon_google,amazon_google_991_423,boolean,flip,0.0
amazon_google,amazon_google_991_423,boolean,no_answer,0.0
amazon_google,amazon_google_991_423,boolean,hedge,0.3
amazon_google,amazon_google_991_832,boolean,identity,1.0
amazon_google,amazon_google_991_832,boolean,verbose,1.0
amazon_google,amazon_google_991_832,boolean,tagged,1.0
amazon_google,amazon_google_991_832,boolean,paraphrase,0.95
amazon_google,amazon_google_991_832,boolean,flip,0.0
amazon_google,amazon_google_991_832,boolean,no_answer,0.0
amazon_google,amazon_google_991_832,boolean,hedge,0.3
amazon_google,amazon_google_997_2255,boolean,identity,1.0
amazon_google,amazon_google_997_2255,boolean,verbose,1.0
amazon_google,amazon_google_997_2255,boolean,tagged,1.0
amazon_google,amazon_google_997_2255,boolean,paraphrase,0.95
amazon_google,amazon_google_997_2255,boolean,flip,0.0
amazon_google,amazon_google_997_2255,boolean,no_answer,0.0
amazon_google,amazon_google_997_2255,boolean,hedge,0.3
dblp_scholar,dblp_scholar_1010_10586,boolean,identity,1.0
dblp_scholar,dblp_scholar_1010_10586,boolean,verbose,1.0
dblp_scholar,dblp_scholar_1010_10586,boolean,tagged,1.0
dblp_scholar,dblp_scholar_1010_10586,boolean,paraphrase,0.95
dblp_scholar,dblp_scholar_1010_10586,boolean,flip,0.0
dblp_scholar,dblp_scholar_1010_10586,boolean,no_answer,0.0
dblp_scholar,dblp_scholar_1010_10586,boolean,hedge,0.3
dblp_scholar,dblp_scholar_1023_41460,boolean,identity,1.0
dblp_scholar,dblp_scholar_1023_41460,boolean,verbose,1.0
dblp_scholar,dblp_scholar_1023_41460,boolean,tagged,1.0
dblp_scholar,dblp_scholar_1023_41460,boolean,paraphrase,0.95
dblp_scholar,dblp_scholar_1023_41460,boolean,flip,0.0
dblp_scholar,dblp_scholar_1023_41460,boolean,no_answer,0.0
dblp_scholar,dblp_scholar_1023_41460,boolean,hedge,0.3
dblp_scholar,dblp_scholar_1068_15622,boolean,identity,1.0
dblp_scholar,dblp_scholar_1068_15622,boolean,verbose,1.0
dblp_scholar,dblp_scholar_1068_15622,boolean,tagged,1.0
dblp_scholar,dblp_scholar_1068_15622,boolean,paraphrase,0.95
dblp_scholar,dblp_scholar_1068_15622,boolean,flip,0.0
dblp_scholar,dblp_scholar_1068_15622,boolean,no_answer,0.0
dblp_scholar,dblp_scholar_1068_15622,boolean,hedge,0.3
dblp_scholar,dblp_scholar_107_33199,boolean,identity,1.0
dblp_scholar,dblp_scholar_107_33199,boolean,verbose,1.0
dblp_scholar,dblp_scholar_107_33199,boolean,tagged,1.0
dblp_scholar,dblp_scholar_107_33199,boolean,paraphrase,0.95
dblp_scholar,dblp_scholar_107_33199,boolean,flip,0.0
dblp_scholar,dblp_scholar_107_33199,boolean,no_answer,0.0
dblp_scholar,dblp_scholar_107_33199,boolean,hedge,0.3
dblp_scholar,dblp_scholar_1090_49946,boolean,identity,1.0
dblp_scholar,dblp_scholar_1090_49946,boolean,verbose,1.0
dblp_scholar,dblp_scholar_1090_49946,boolean,tagged,1.0
dblp_scholar,dblp_scholar_1090_49946,boolean,paraphrase,0.95
dblp_scholar,dblp_scholar_1090_49946,boolean,flip,0.0
dblp_scholar,dblp_scholar_1090_49946,boolean,no_answer,0.0
dblp_scholar,dblp_scholar_1090_49946,boolean,hedge,0.3
dblp_scholar,dblp_scholar_1090_6805,boolean,identity,1.0
dblp_scholar,dblp_scholar_1090_6805,boolean,verbose,1.0
dblp_scholar,dblp_scholar_1090_6805,boolean,tagged,1.0
dblp_scholar,dblp_scholar_1090_6805,boolean,paraphrase,0.95
dblp_scholar,dblp_scholar_1090_6805,boolean,flip,0.0
dblp_scholar,dblp_scholar_1090_6805,boolean,no_answer,0.0
dblp_scholar,dblp_scholar_1090_6805,boolean,hedge,0.3
dblp_scholar,dblp_scholar_1098_60270,boolean,identity,1.0
dblp_scholar,dblp_scholar_1098_60270,boolean,verbose,1.0
dblp_scholar,dblp_scholar_1098_60270,boolean,tagged,1.0
dblp_scholar,dblp_scholar_1098_60270,boolean,paraphrase,0.95
dblp_scholar,dblp_scholar_1098_60270,boolean,flip,0.0
dblp_scholar,dblp_scholar_1098_60270,boolean,no_answer,0.0
dblp_scholar,dblp_scholar_1098_60270,boolean,hedge,0.3
dblp_scholar,dblp_scholar_1131_62999,boolean,identity,1.0
dblp_scholar,dblp_scholar_1131_62999,boolean,verbose,1.0
dblp_scholar,dblp_scholar_1131_62999,boolean,tagged,1.0
dblp_scholar,dblp_scholar_1131_62999,boolean,paraphrase,0.95
dblp_scholar,dblp_scholar_1131_62999,boolean,flip,0.0
dblp_scholar,dblp_scholar_1131_62999,boolean,no_answer,0.0
dblp_scholar,dblp_scholar_1131_62999,boolean,hedge,0.3
dblp_scholar,dblp_scholar_1148_63200,boolean,identity,1.0
dblp_scholar,dblp_scholar_1148_63200,boolean,verbose,1.0
dblp_scholar,dblp_scholar_1148_63200,boolean,tagged,1.0
dblp_scholar,dblp_scholar_1148_63200,boolean,paraphrase,0.95
dblp_scholar,dblp_scholar_1148_63200,boolean,flip,0.0
dblp_scholar,dblp_scholar_1148_63200,boolean,no_answer,0.0
dblp_scholar,dblp_scholar_1148_63200,boolean,hedge,0.3
dblp_scholar,dblp_scholar_1152_64210,boolean,identity,1.0
dblp_scholar,dblp_scholar_1152_64210,boolean,verbose,1.0
dblp_scholar,dblp_scholar_1152_64210,boolean,tagged,1.0
dblp_scholar,dblp_scholar_1152_64210,boolean,paraphrase,0.95
dblp_scholar,dblp_scholar_1152_64210,boolean,flip,0.0
dblp_scholar,dblp_scholar_1152_64210,boolean,no_answer,0.0
dblp_scholar,dblp_scholar_1152_64210,boolean,hedge,0.3
dblp_scholar,dblp_scholar_1158_36331,boolean,identity,1.0
dblp_scholar,dblp_scholar_1158_36331,boolean,verbose,1.0
dblp_scholar,dblp_scholar_1158_36331,boolean,tagged,1.0
dblp_scholar,dblp_scholar_1158_36331,boolean,paraphrase,0.95
dblp_scholar,dblp_scholar_1158_36331,boolean,flip,0.0
dblp_scholar,dblp_scholar_1158_36331,boolean,no_answer,0.0
dblp_scholar,dblp_scholar_1158_36331,boolean,hedge,0.3
dblp_scholar,dblp_scholar_115_25469,boolean,identity,1.0
dblp_scholar,dblp_scholar_115_25469,boolean,verbose,1.0
dblp_scholar,dblp_scholar_115_25469,boolean,tagged,1.0
dblp_scholar,dblp_scholar_115_25469,boolean,paraphrase,0.95
dblp_scholar,dblp_scholar_115_25469,boolean,flip,0.0
dblp_scholar,dblp_scholar_115_25469,boolean,no_answer,0.0
dblp_scholar,dblp_scholar_115_25469,boolean,hedge,0.3
dblp_scholar,dblp_scholar_1180_10641,boolean,identity,1.0
dblp_scholar,dblp_scholar_1180_10641,boolean,verbose,1.0
dblp_scholar,dblp_scholar_1180_10641,boolean,tagged,1.0
dblp_scholar,dblp_scholar_1180_10641,boolean,paraphrase,0.95
dblp_scholar,dblp_scholar_1180_10641,boolean,flip,0.0
dblp_scholar,dblp_scholar_1180_10641,boolean,no_answer,0.0
dblp_scholar,dblp_scholar_1180_10641,boolean,hedge,0.3
dblp_scholar,dblp_scholar_1200_28460,boolean,identity,1.0
dblp_scholar,dblp_scholar_1200_28460,boolean,verbose,1.0
dblp_scholar,dblp_scholar_1200_28460,boolean,tagged,1.0
dblp_scholar,dblp_scholar_1200_28460,boolean,paraphrase,0.95
dblp_scholar,dblp_scholar_1200_28460,boolean,flip,0.0
dblp_scholar,dblp_scholar_1200_28460,boolean,no_answer,0.0
dblp_scholar,dblp_scholar_1200_28460,boolean,hedge,0.3
dblp_scholar,dblp_scholar_120_20876,boolean,identity,1.0
dblp_scholar,dblp_scholar_120_20876,boolean,verbose,1.0
dblp_scholar,dblp_scholar_120_20876,boolean,tagged,1.0
dblp_scholar,dblp_scholar_120_20876,boolean,paraphrase,0.95
dblp_scholar,dblp_scholar_120_20876,boolean,flip,0.0
dblp_scholar,dblp_scholar_120_20876,boolean,no_answer,0.0
dblp_scholar,dblp_scholar_120_20876,boolean,hedge,0.3
dblp_scholar,dblp_scholar_1283_34544,boolean,identity,1.0
dblp_scholar,dblp_scholar_1283_34544,boolean,verbose,1.0
dblp_scholar,dblp_scholar_1283_34544,boolean,tagged,1.0
dblp_scholar,dblp_scholar_1283_34544,boolean,paraphrase,0.95
dblp_scholar,dblp_scholar_1283_34544,boolean,flip,0.0
dblp_scholar,dblp_scholar_1283_34544,boolean,no_answer,0.0
dblp_scholar,dblp_scholar_1283_34544,boolean,hedge,0.3
dblp_scholar,dblp_scholar_1288_7065,boolean,identity,1.0
dblp_scholar,dblp_scholar_1288_7065,boolean,verbose,1.0
dblp_scholar,dblp_scholar_1288_7065,boolean,tagged,1.0
dblp_scholar,dblp_scholar_1288_7065,boolean,paraphrase,0.95
dblp_scholar,dblp_scholar_1288_7065,boolean,flip,0.0
dblp_scholar,dblp_scholar_1288_7065,boolean,no_answer,0.0
dblp_scholar,dblp_scholar_1288_7065,boolean,hedge,0.3
dblp_scholar,dblp_scholar_1294_5597,boolean,identity,1.0
dblp_scholar,dblp_scholar_1294_5597,boolean,verbose,1.0
dblp_scholar,dblp_scholar_1294_5597,boolean,tagged,1.0
dblp_scholar,dblp_scholar_1294_5597,boolean,paraphrase,0.95
dblp_scholar,dblp_scholar_1294_5597,boolean,flip,0.0
dblp_scholar,dblp_scholar_1294_5597,boolean,no_answer,0.0
dblp_scholar,dblp_scholar_1294_5597,boolean,hedge,0.3
dblp_scholar,dblp_scholar_1298_46772,boolean,identity,1.0
dblp_scholar,dblp_scholar_1298_46772,boolean,verbose,1.0
dblp_scholar,dblp_scholar_1298_46772,boolean,tagged,1.0
dblp_scholar,dblp_scholar_1298_46772,boolean,paraphrase,0.95
dblp_scholar,dblp_scholar_1298_46772,boolean,flip,0.0
dblp_scholar,dblp_scholar_1298_46772,boolean,no_answer,0.0
dblp_scholar,dblp_scholar_1298_46772,boolean,hedge,0.3
dblp_scholar,dblp_scholar_1334_56891,boolean,identity,1.0
dblp_scholar,dblp_scholar_1334_56891,boolean,verbose,1.0
dblp_scholar,dblp_scholar_1334_56891,boolean,tagged,1.0
dblp_scholar,dblp_scholar_1334_56891,boolean,paraphrase,0.95
dblp_scholar,dblp_scholar_1334_56891,boolean,flip,0.0
dblp_scholar,dblp_scholar_1334_56891,boolean,no_answer,0.0
dblp_scholar,dblp_scholar_1334_56891,boolean,hedge,0.3
dblp_scholar,dblp_scholar_1342_39349,boolean,identity,1.0
dblp_scholar,dblp_scholar_1342_39349,boolean,verbose,1.0
dblp_scholar,dblp_scholar_1342_39349,boolean,tagged,1.0
dblp_scholar,dblp_scholar_1342_39349,boolean,paraphrase,0.95
dblp_scholar,dblp_scholar_1342_39349,boolean,flip,0.0
dblp_scholar,dblp_scholar_1342_39349,boolean,no_answer,0.0
dblp_scholar,dblp_scholar_1342_39349,boolean,hedge,0.3
dblp_scholar,dblp_scholar_1353_60746,boolean,identity,1.0
dblp_scholar,dblp_scholar_1353_60746,boolean,verbose,1.0
dblp_scholar,dblp_scholar_1353_60746,boolean,tagged,1.0
dblp_scholar,dblp_scholar_1353_60746,boolean,paraphrase,0.95
dblp_scholar,dblp_scholar_1353_60746,boolean,flip,0.0
dblp_scholar,dblp_scholar_1353_60746,boolean,no_answer,0.0
dblp_scholar,dblp_scholar_1353_60746,boolean,hedge,0.3
dblp_scholar,dblp_scholar_1362_26545,boolean,identity,1.0
dblp_scholar,dblp_scholar_1362_26545,boolean,verbose,1.0
dblp_scholar,dblp_scholar_1362_26545,boolean,tagged,1.0
dblp_scholar,dblp_scholar_1362_26545,boolean,paraphrase,0.95
dblp_scholar,dblp_scholar_1362_26545,boolean,flip,0.0
dblp_scholar,dblp_scholar_1362_26545,boolean,no_answer,0.0
dblp_scholar,dblp_scholar_1362_26545,boolean,hedge,0.3
dblp_scholar,dblp_scholar_1364_22725,boolean,identity,1.0
dblp_scholar,dblp_scholar_1364_22725,boolean,verbose,1.0
dblp_scholar,dblp_scholar_1364_22725,boolean,tagged,1.0
dblp_scholar,dblp_scholar_1364_22725,boolean,paraphrase,0.95
dblp_scholar,dblp_scholar_1364_22725,boolean,flip,0.0
dblp_scholar,dblp_scholar_1364_22725,boolean,no_answer,0.0
dblp_scholar,dblp_scholar_1364_22725,boolean,hedge,0.3
dblp_scholar,dblp_scholar_1377_43907,boolean,identity,1.0
dblp_scholar,dblp_scholar_1377_43907,boolean,verbose,1.0
dblp_scholar,dblp_scholar_1377_43907,boolean,tagged,1.0
dblp_scholar,dblp_scholar_1377_43907,boolean,paraphrase,0.95
dblp_scholar,dblp_scholar_1377_43907,boolean,flip,0.0
dblp_scholar,dblp_scholar_1377_43907,boolean,no_answer,0.0
dblp_scholar,dblp_scholar_1377_43907,boolean,hedge,0.3
dblp_scholar,dblp_scholar_1401_32020,boolean,identity,1.0
dblp_scholar,dblp_scholar_1401_32020,boolean,verbose,1.0
dblp_scholar,dblp_scholar_1401_32020,boolean,tagged,1.0
dblp_scholar,dblp_scholar_1401_32020,boolean,paraphrase,0.95
dblp_scholar,dblp_scholar_1401_32020,boolean,flip,0.0
dblp_scholar,dblp_scholar_1401_32020,boolean,no_answer,0.0
dblp_scholar,dblp_scholar_1401_32020,boolean,hedge,0.3
dblp_scholar,dblp_scholar_1401_34097,boolean,identity,1.0
dblp_scholar,dblp_scholar_1401_34097,boolean,verbose,1.0
dblp_scholar,dblp_scholar_1401_34097,boolean,tagged,1.0
dblp_scholar,dblp_scholar_1401_34097,boolean,paraphrase,0.95
dblp_scholar,dblp_scholar_1401_34097,boolean,flip,0.0
dblp_scholar,dblp_scholar_1401_34097,boolean,no_answer,0.0
dblp_scholar,dblp_scholar_1401_34097,boolean,hedge,0.3
dblp_scholar,dblp_scholar_1413_57260,boolean,identity,1.0
dblp_scholar,dblp_scholar_1413_57260,boolean,verbose,1.0
dblp_scholar,dblp_scholar_1413_57260,boolean,tagged,1.0
dblp_scholar,dblp_scholar_1413_57260,boolean,paraphrase,0.95
dblp_scholar,dblp_scholar_1413_57260,boolean,flip,0.0
dblp_scholar,dblp_scholar_1413_57260,boolean,no_answer,0.0
dblp_scholar,dblp_scholar_1413_57260,boolean,hedge,0.3
dblp_scholar,dblp_scholar_1435_62901,boolean,identity,1.0
dblp_scholar,dblp_scholar_1435_62901,boolean,verbose,1.0
dblp_scholar,dblp_scholar_1435_62901,boolean,tagged,1.0
dblp_scholar,dblp_scholar_1435_62901,boolean,paraphrase,0.95
dblp_scholar,dblp_scholar_1435_62901,boolean,flip,0.0
dblp_scholar,dblp_scholar_1435_62901,boolean,no_answer,0.0
dblp_scholar,dblp_scholar_1435_62901,boolean,hedge,0.3
dblp_scholar,dblp_scholar_1442_53354,boolean,identity,1.0
dblp_scholar,dblp_scholar_1442_53354,boolean,verbose,1.0
dblp_scholar,dblp_scholar_1442_53354,boolean,tagged,1.0
dblp_scholar,dblp_scholar_1442_53354,boolean,paraphrase,0.95
dblp_scholar,dblp_scholar_1442_53354,boolean,flip,0.0
dblp_scholar,dblp_scholar_1442_53354,boolean,no_answer,0.0
dblp_scholar,dblp_scholar_1442_53354,boolean,hedge,0.3
dblp_scholar,dblp_scholar_1472_61369,boolean,identity,1.0
dblp_scholar,dblp_scholar_1472_61369,boolean,verbose,1.0
dblp_scholar,dblp_scholar_1472_61369,boolean,tagged,1.0
dblp_scholar,dblp_scholar_1472_61369,boolean,paraphrase,0.95
dblp_scholar,dblp_scholar_1472_61369,boolean,flip,0.0
dblp_scholar,dblp_scholar_1472_61369,boolean,no_answer,0.0
dblp_scholar,dblp_scholar_1472_61369,boolean,hedge,0.3
dblp_scholar,dblp_scholar_1500_38615,boolean,identity,1.0
dblp_scholar,dblp_scholar_1500_38615,boolean,verbose,1.0
dblp_scholar,dblp_scholar_1500_38615,boolean,tagged,1.0
dblp_scholar,dblp_scholar_1500_38615,boolean,paraphrase,0.95
dblp_scholar,dblp_scholar_1500_38615,boolean,flip,0.0
dblp_scholar,dblp_scholar_1500_38615,boolean,no_answer,0.0
dblp_scholar,dblp_scholar_1500_38615,boolean,hedge,0.3
dblp_scholar,dblp_scholar_1518_28437,boolean,identity,1.0
dblp_scholar,dblp_scholar_1518_28437,boolean,verbose,1.0
dblp_scholar,dblp_scholar_1518_28437,boolean,tagged,1.0
dblp_scholar,dblp_scholar_1518_28437,boolean,paraphrase,0.95
dblp_scholar,dblp_scholar_1518_28437,boolean,flip,0.0
dblp_scholar,dblp_scholar_1518_28437,boolean,no_answer,0.0
dblp_scholar,dblp_scholar_1518_28437,boolean,hedge,0.3
dblp_scholar,dblp_scholar_1534_14197,boolean,identity,1.0
dblp_scholar,dblp_scholar_1534_14197,boolean,verbose,1.0
dblp_scholar,dblp_scholar_1534_14197,boolean,tagged,1.0
dblp_scholar,dblp_scholar_1534_14197,boolean,paraphrase,0.95
dblp_scholar,dblp_scholar_1534_14197,boolean,flip,0.0
dblp_scholar,dblp_scholar_1534_14197,boolean,no_answer,0.0
dblp_scholar,dblp_scholar_1534_14197,boolean,hedge,0.3
dblp_scholar,dblp_scholar_1534_34614,boolean,identity,1.0
dblp_scholar,dblp_scholar_1534_34614,boolean,verbose,1.0
dblp_scholar,dblp_scholar_1534_34614,boolean,tagged,1.0
dblp_scholar,dblp_scholar_1534_34614,boolean,paraphrase,0.95
dblp_scholar,dblp_scholar_1534_34614,boolean,flip,0.0
dblp_scholar,dblp_scholar_1534_34614,boolean,no_answer,0.0
dblp_scholar,dblp_scholar_1534_34614,boolean,hedge,0.3
dblp_scholar,dblp_scholar_1543_53201,boolean,identity,1.0
dblp_scholar,dblp_scholar_1543_53201,boolean,verbose,1.0
dblp_scholar,dblp_scholar_1543_53201,boolean,tagged,1.0
dblp_scholar,dblp_scholar_1543_53201,boolean,paraphrase,0.95
dblp_scholar,dblp_scholar_1543_53201,boolean,flip,0.0
dblp_scholar,dblp_scholar_1543_53201,boolean,no_answer,0.0
dblp_scholar,dblp_scholar_1543_53201,boolean,hedge,0.3
dblp_scholar,dblp_scholar_1566_60918,boolean,identity,1.0
dblp_scholar,dblp_scholar_1566_60918,boolean,verbose,1.0
dblp_scholar,dblp_scholar_1566_60918,boolean,tagged,1.0
dblp_scholar,dblp_scholar_1566_60918,boolean,paraphrase,0.95
dblp_scholar,dblp_scholar_1566_60918,boolean,flip,0.0
dblp_scholar,dblp_scholar_1566_60918,boolean,no_answer,0.0
dblp_scholar,dblp_scholar_1566_60918,boolean,hedge,0.3
dblp_scholar,dblp_scholar_1580_57158,boolean,identity,1.0
dblp_scholar,dblp_scholar_1580_57158,boolean,verbose,1.0
dblp_scholar,dblp_scholar_1580_57158,boolean,tagged,1.0
dblp_scholar,dblp_scholar_1580_57158,boolean,paraphrase,0.95
dblp_scholar,dblp_scholar_1580_57158,boolean,flip,0.0
dblp_scholar,dblp_scholar_1580_57158,boolean,no_answer,0.0
dblp_scholar,dblp_scholar_1580_57158,boolean,hedge,0.3
dblp_scholar,dblp_scholar_1589_40790,boolean,identity,1.0
dblp_scholar,dblp_scholar_1589_40790,boolean,verbose,1.0
dblp_scholar,dblp_scholar_1589_40790,boolean,tagged,1.0
dblp_scholar,dblp_scholar_1589_40790,boolean,paraphrase,0.95
dblp_scholar,dblp_scholar_1589_40790,boolean,flip,0.0
dblp_scholar,dblp_scholar_1589_40790,boolean,no_answer,0.0
dblp_scholar,dblp_scholar_1589_40790,boolean,hedge,0.3
dblp_scholar,dblp_scholar_1605_42356,boolean,identity,1.0
dblp_scholar,dblp_scholar_1605_42356,boolean,verbose,1.0
dblp_scholar,dblp_scholar_1605_42356,boolean,tagged,1.0
dblp_scholar,dblp_scholar_1605_42356,boolean,paraphrase,0.95
dblp_scholar,dblp_scholar_1605_42356,boolean,flip,0.0
dblp_scholar,dblp_scholar_1605_42356,boolean,no_answer,0.0
dblp_scholar,dblp_scholar_1605_42356,boolean,hedge,0.3
dblp_scholar,dblp_scholar_1619_44385,boolean,identity,1.0
dblp_scholar,dblp_scholar_1619_44385,boolean,verbose,1.0
dblp_scholar,dblp_scholar_1619_44385,boolean,tagged,1.0
dblp_scholar,dblp_scholar_1619_44385,boolean,paraphrase,0.95
dblp_scholar,dblp_scholar_1619_44385,boolean,flip,0.0
dblp_scholar,dblp_scholar_1619_44385,boolean,no_answer,0.0
dblp_scholar,dblp_scholar_1619_44385,boolean,hedge,0.3
dblp_scholar,dblp_scholar_1621_30211,boolean,identity,1.0
dblp_scholar,dblp_scholar_1621_30211,boolean,verbose,1.0
dblp_scholar,dblp_scholar_1621_30211,boolean,tagged,1.0
dblp_scholar,dblp_scholar_1621_30211,boolean,paraphrase,0.95
dblp_scholar,dblp_scholar_1621_30211,boolean,flip,0.0
dblp_scholar,dblp_scholar_1621_30211,boolean,no_answer,0.0
dblp_scholar,dblp_scholar_1621_30211,boolean,hedge,0.3
dblp_scholar,dblp_scholar_1625_26344,boolean,identity,1.0
dblp_scholar,dblp_scholar_1625_26344,boolean,verbose,1.0
dblp_scholar,dblp_scholar_1625_26344,boolean,tagged,1.0
dblp_scholar,dblp_scholar_1625_26344,boolean,paraphrase,0.95
dblp_scholar,dblp_scholar_1625_26344,boolean,flip,0.0
dblp_scholar,dblp_scholar_1625_26344,boolean,no_answer,0.0
dblp_scholar,dblp_scholar_1625_26344,boolean,hedge,0.3
dblp_scholar,dblp_scholar_1640_14087,boolean,identity,1.0
dblp_scholar,dblp_scholar_1640_14087,boolean,verbose,1.0
dblp_scholar,dblp_scholar_1640_14087,boolean,tagged,1.0
dblp_scholar,dblp_scholar_1640_14087,boolean,paraphrase,0.95
dblp_scholar,dblp_scholar_1640_14087,boolean,flip,0.0
dblp_scholar,dblp_scholar_1640_14087,boolean,no_answer,0.0
dblp_scholar,dblp_scholar_1640_14087,boolean,hedge,0.3
dblp_scholar,dblp_scholar_1640_15038,boolean,identity,1.0
dblp_scholar,dblp_scholar_1640_15038,boolean,verbose,1.0
dblp_scholar,dblp_scholar_1640_15038,boolean,tagged,1.0
dblp_scholar,dblp_scholar_1640_15038,boolean,paraphrase,0.95
dblp_scholar,dblp_scholar_1640_15038,boolean,flip,0.0
dblp_scholar,dblp_scholar_1640_15038,boolean,no_answer,0.0
dblp_scholar,dblp_scholar_1640_15038,boolean,hedge,0.3
dblp_scholar,dblp_scholar_1640_47315,boolean,identity,1.0
dblp_scholar,dblp_scholar_1640_47315,boolean,verbose,1.0
dblp_scholar,dblp_scholar_1640_47315,boolean,tagged,1.0
dblp_scholar,dblp_scholar_1640_47315,boolean,paraphrase,0.95
dblp_scholar,dblp_scholar_1640_47315,boolean,flip,0.0
dblp_scholar,dblp_scholar_1640_47315,boolean,no_answer,0.0
dblp_scholar,dblp_scholar_1640_47315,boolean,hedge,0.3
dblp_scholar,dblp_scholar_1643_11823,boolean,identity,1.0
dblp_scholar,dblp_scholar_1643_11823,boolean,verbose,1.0
dblp_scholar,dblp_scholar_1643_11823,boolean,tagged,1.0
dblp_scholar,dblp_scholar_1643_11823,boolean,paraphrase,0.95
dblp_scholar,dblp_scholar_1643_11823,boolean,flip,0.0
dblp_scholar,dblp_scholar_1643_11823,boolean,no_answer,0.0
dblp_scholar,dblp_scholar_1643_11823,boolean,hedge,0.3
dblp_scholar,dblp_scholar_1643_13790,boolean,identity,1.0
dblp_scholar,dblp_scholar_1643_13790,boolean,verbose,1.0
dblp_scholar,dblp_scholar_1643_13790,boolean,tagged,1.0
dblp_scholar,dblp_scholar_1643_13790,boolean,paraphrase,0.95
dblp_scholar,dblp_scholar_1643_13790,boolean,flip,0.0
dblp_scholar,dblp_scholar_1643_13790,boolean,no_answer,0.0
dblp_scholar,dblp_scholar_1643_13790,boolean,hedge,0.3
dblp_scholar,dblp_scholar_1644_19778,boolean,identity,1.0
dblp_scholar,dblp_scholar_1644_19778,boolean,verbose,1.0
dblp_scholar,dblp_scholar_1644_19778,boolean,tagged,1.0
dblp_scholar,dblp_scholar_1644_19778,boolean,paraphrase,0.95
dblp_scholar,dblp_scholar_1644_19778,boolean,flip,0.0
dblp_scholar,dblp_scholar_1644_19778,boolean,no_answer,0.0
dblp_scholar,dblp_scholar_1644_19778,boolean,hedge,0.3
dblp_scholar,dblp_scholar_1656_4547,boolean,identity,1.0
dblp_scholar,dblp_scholar_1656_4547,boolean,verbose,1.0
dblp_scholar,dblp_scholar_1656_4547,boolean,tagged,1.0
dblp_scholar,dblp_scholar_1656_4547,boolean,paraphrase,0.95
dblp_scholar,dblp_scholar_1656_4547,boolean,flip,0.0
dblp_scholar,dblp_scholar_1656_4547,boolean,no_answer,0.0
dblp_scholar,dblp_scholar_1656_4547,boolean,hedge,0.3
dblp_scholar,dblp_scholar_1657_11076,boolean,identity,1.0
dblp_scholar,dblp_scholar_1657_11076,boolean,verbose,1.0
dblp_scholar,dblp_scholar_1657_11076,boolean,tagged,1.0
dblp_scholar,dblp_scholar_1657_11076,boolean,paraphrase,0.95
dblp_scholar,dblp_scholar_1657_11076,boolean,flip,0.0
dblp_scholar,dblp_scholar_1657_11076,boolean,no_answer,0.0
dblp_scholar,dblp_scholar_1657_11076,boolean,hedge,0.3
dblp_scholar,dblp_scholar_1666_18835,boolean,identity,1.0
dblp_scholar,dblp_scholar_1666_18835,boolean,verbose,1.0
dblp_scholar,dblp_scholar_1666_18835,boolean,tagged,1.0
dblp_scholar,dblp_scholar_1666_18835,boolean,paraphrase,0.95
dblp_scholar,dblp_scholar_1666_18835,boolean,flip,0.0
dblp_scholar,dblp_scholar_1666_18835,boolean,no_answer,0.0
dblp_scholar,dblp_scholar_1666_18835,boolean,hedge,0.3
dblp_scholar,dblp_scholar_1669_57143,boolean,identity,1.0
dblp_scholar,dblp_scholar_1669_57143,boolean,verbose,1.0
dblp_scholar,dblp_scholar_1669_57143,boolean,tagged,1.0
dblp_scholar,dblp_scholar_1669_57143,boolean,paraphrase,0.95
dblp_scholar,dblp_scholar_1669_57143,boolean,flip,0.0
dblp_scholar,dblp_scholar_1669_57143,boolean,no_answer,0.0
dblp_scholar,dblp_scholar_1669_57143,boolean,hedge,0.3
dblp_scholar,dblp_scholar_1681_22890,boolean,identity,1.0
dblp_scholar,dblp_scholar_1681_22890,boolean,verbose,1.0
dblp_scholar,dblp_scholar_1681_22890,boolean,tagged,1.0
dblp_scholar,dblp_scholar_1681_22890,boolean,paraphrase,0.95
dblp_scholar,dblp_scholar_1681_22890,boolean,flip,0.0
dblp_scholar,dblp_scholar_1681_22890,boolean,no_answer,0.0
dblp_scholar,dblp_scholar_1681_22890,boolean,hedge,0.3
dblp_scholar,dblp_scholar_169_29979,boolean,identity,1.0
dblp_scholar,dblp_scholar_169_29979,boolean,verbose,1.0
dblp_scholar,dblp_scholar_169_29979,boolean,tagged,1.0
dblp_scholar,dblp_scholar_169_29979,boolean,paraphrase,0.95
dblp_scholar,dblp_scholar_169_29979,boolean,flip,0.0
dblp_scholar,dblp_scholar_169_29979,boolean,no_answer,0.0
dblp_scholar,dblp_scholar_169_29979,boolean,hedge,0.3
dblp_scholar,dblp_scholar_1702_28510,boolean,identity,1.0
dblp_scholar,dblp_scholar_1702_28510,boolean,verbose,1.0
dblp_scholar,dblp_scholar_1702_28510,boolean,tagged,1.0
dblp_scholar,dblp_scholar_1702_28510,boolean,paraphrase,0.95
dblp_scholar,dblp_scholar_1702_28510,boolean,flip,0.0
dblp_scholar,dblp_scholar_1702_28510,boolean,no_answer,0.0
dblp_scholar,dblp_scholar_1702_28510,boolean,hedge,0.3
dblp_scholar,dblp_scholar_1704_54837,boolean,identity,1.0
dblp_scholar,dblp_scholar_1704_54837,boolean,verbose,1.0
dblp_scholar,dblp_scholar_1704_54837,boolean,tagged,1.0
dblp_scholar,dblp_scholar_1704_54837,boolean,paraphrase,0.95
dblp_scholar,dblp_scholar_1704_54837,boolean,flip,0.0
dblp_scholar,dblp_scholar_1704_54837,boolean,no_answer,0.0
dblp_scholar,dblp_scholar_1704_54837,boolean,hedge,0.3
dblp_scholar,dblp_scholar_1722_14240,boolean,identity,1.0
dblp_scholar,dblp_scholar_1722_14240,boolean,verbose,1.0
dblp_scholar,dblp_scholar_1722_14240,boolean,tagged,1.0
dblp_scholar,dblp_scholar_1722_14240,boolean,paraphrase,0.95
dblp_scholar,dblp_scholar_1722_14240,boolean,flip,0.0
dblp_scholar,dblp_scholar_1722_14240,boolean,no_answer,0.0
dblp_scholar,dblp_scholar_1722_14240,boolean,hedge,0.3
dblp_scholar,dblp_scholar_1736_49048,boolean,identity,1.0
dblp_scholar,dblp_scholar_1736_49048,boolean,verbose,1.0
dblp_scholar,dblp_scholar_1736_49048,boolean,tagged,1.0
dblp_scholar,dblp_scholar_1736_49048,boolean,paraphrase,0.95
dblp_scholar,dblp_scholar_1736_49048,boolean,flip,0.0
dblp_scholar,dblp_scholar_1736_49048,boolean,no_answer,0.0
dblp_scholar,dblp_scholar_1736_49048,boolean,hedge,0.3
dblp_scholar,dblp_scholar_1742_24254,boolean,identity,1.0
dblp_scholar,dblp_scholar_1742_24254,boolean,verbose,1.0
dblp_scholar,dblp_scholar_1742_24254,boolean,tagged,1.0
dblp_scholar,dblp_scholar_1742_24254,boolean,paraphrase,0.95
dblp_scholar,dblp_scholar_1742_24254,boolean,flip,0.0
dblp_scholar,dblp_scholar_1742_24254,boolean,no_answer,0.0
dblp_scholar,dblp_scholar_1742_24254,boolean,hedge,0.3
dblp_scholar,dblp_scholar_1772_13051,boolean,identity,1.0
dblp_scholar,dblp_scholar_1772_13051,boolean,verbose,1.0
dblp_scholar,dblp_scholar_1772_13051,boolean,tagged,1.0
dblp_scholar,dblp_scholar_1772_13051,boolean,paraphrase,0.95
dblp_scholar,dblp_scholar_1772_13051,boolean,flip,0.0
dblp_scholar,dblp_scholar_1772_13051,boolean,no_answer,0.0
dblp_scholar,dblp_scholar_1772_13051,boolean,hedge,0.3
dblp_scholar,dblp_scholar_1782_36693,boolean,identity,1.0
dblp_scholar,dblp_scholar_1782_36693,boolean,verbose,1.0
dblp_scholar,dblp_scholar_1782_36693,boolean,tagged,1.0
dblp_scholar,dblp_scholar_1782_36693,boolean,paraphrase,0.95
dblp_scholar,dblp_scholar_1782_36693,boolean,flip,0.0
dblp_scholar,dblp_scholar_1782_36693,boolean,no_answer,0.0
dblp_scholar,dblp_scholar_1782_36693,boolean,hedge,0.3
dblp_scholar,dblp_scholar_17_52811,boolean,identity,1.0
dblp_scholar,dblp_scholar_17_52811,boolean,verbose,1.0
dblp_scholar,dblp_scholar_17_52811,boolean,tagged,1.0
dblp_scholar,dblp_scholar_17_52811,boolean,paraphrase,0.95
dblp_scholar,dblp_scholar_17_52811,boolean,flip,0.0
dblp_scholar,dblp_scholar_17_52811,boolean,no_answer,0.0
dblp_scholar,dblp_scholar_17_52811,boolean,hedge,0.3
dblp_scholar,dblp_scholar_1825_31210,boolean,identity,1.0
dblp_scholar,dblp_scholar_1825_31210,boolean,verbose,1.0
dblp_scholar,dblp_scholar_1825_31210,boolean,tagged,1.0
dblp_scholar,dblp_scholar_1825_31210,boolean,paraphrase,0.95
dblp_scholar,dblp_scholar_1825_31210,boolean,flip,0.0
dblp_scholar,dblp_scholar_1825_31210,boolean,no_answer,0.0
dblp_scholar,dblp_scholar_1825_31210,boolean,hedge,0.3
dblp_scholar,dblp_scholar_1829_35023,boolean,identity,1.0
dblp_scholar,dblp_scholar_1829_35023,boolean,verbose,1.0
dblp_scholar,dblp_scholar_1829_35023,boolean,tagged,1.0
dblp_scholar,dblp_scholar_1829_35023,boolean,paraphrase,0.95
dblp_scholar,dblp_scholar_1829_35023,boolean,flip,0.0
dblp_scholar,dblp_scholar_1829_35023,boolean,no_answer,0.0
dblp_scholar,dblp_scholar_1829_35023,boolean,hedge,0.3
dblp_scholar,dblp_scholar_1834_32134,boolean,identity,1.0
dblp_scholar,dblp_scholar_1834_32134,boolean,verbose,1.0
dblp_scholar,dblp_scholar_1834_32134,boolean,tagged,1.0
dblp_scholar,dblp_scholar_1834_32134,boolean,paraphrase,0.95
dblp_scholar,dblp_scholar_1834_32134,boolean,flip,0.0
dblp_scholar,dblp_scholar_1834_32134,boolean,no_answer,0.0
dblp_scholar,dblp_scholar_1834_32134,boolean,hedge,0.3
dblp_scholar,dblp_scholar_1835_40747,boolean,identity,1.0
dblp_scholar,dblp_scholar_1835_40747,boolean,verbose,1.0
dblp_scholar,dblp_scholar_1835_40747,boolean,tagged,1.0
dblp_scholar,dblp_scholar_1835_40747,boolean,paraphrase,0.95
dblp_scholar,dblp_scholar_1835_40747,boolean,flip,0.0
dblp_scholar,dblp_scholar_1835_40747,boolean,no_answer,0.0
dblp_scholar,dblp_scholar_1835_40747,boolean,hedge,0.3
dblp_scholar,dblp_scholar_183_49814,boolean,identity,1.0
dblp_scholar,dblp_scholar_183_49814,boolean,verbose,1.0
dblp_scholar,dblp_scholar_183_49814,boolean,tagged,1.0
dblp_scholar,dblp_scholar_183_49814,boolean,paraphrase,0.95
dblp_scholar,dblp_scholar_183_49814,boolean,flip,0.0
dblp_scholar,dblp_scholar_183_49814,boolean,no_answer,0.0
dblp_scholar,dblp_scholar_183_49814,boolean,hedge,0.3
dblp_scholar,dblp_scholar_1840_22340,boolean,identity,1.0
dblp_scholar,dblp_scholar_1840_22340,boolean,verbose,1.0
dblp_scholar,dblp_scholar_1840_22340,boolean,tagged,1.0
dblp_scholar,dblp_scholar_1840_22340,boolean,paraphrase,0.95
dblp_scholar,dblp_scholar_1840_22340,boolean,flip,0.0
dblp_scholar,dblp_scholar_1840_22340,boolean,no_answer,0.0
dblp_scholar,dblp_scholar_1840_22340,boolean,hedge,0.3
dblp_scholar,dblp_scholar_1840_3336,boolean,identity,1.0
dblp_scholar,dblp_scholar_1840_3336,boolean,verbose,1.0
dblp_scholar,dblp_scholar_1840_3336,boolean,tagged,1.0
dblp_scholar,dblp_scholar_1840_3336,boolean,paraphrase,0.95
dblp_scholar,dblp_scholar_1840_3336,boolean,flip,0.0
dblp_scholar,dblp_scholar_1840_3336,boolean,no_answer,0.0
dblp_scholar,dblp_scholar_1840_3336,boolean,hedge,0.3
dblp_scholar,dblp_scholar_1840_50005,boolean,identity,1.0
dblp_scholar,dblp_scholar_1840_50005,boolean,verbose,1.0
dblp_scholar,dblp_scholar_1840_50005,boolean,tagged,1.0
dblp_scholar,dblp_scholar_1840_50005,boolean,paraphrase,0.95
dblp_scholar,dblp_scholar_1840_50005,boolean,flip,0.0
dblp_scholar,dblp_scholar_1840_50005,boolean,no_answer,0.0
dblp_scholar,dblp_scholar_1840_50005,boolean,hedge,0.3
dblp_scholar,dblp_scholar_1840_54243,boolean,identity,1.0
dblp_scholar,dblp_scholar_1840_54243,boolean,verbose,1.0
dblp_scholar,dblp_scholar_1840_54243,boolean,tagged,1.0
dblp_scholar,dblp_scholar_1840_54243,boolean,paraphrase,0.95
dblp_scholar,dblp_scholar_1840_54243,boolean,flip,0.0
dblp_scholar,dblp_scholar_1840_54243,boolean,no_answer,0.0
dblp_scholar,dblp_scholar_1840_54243,boolean,hedge,0.3
dblp_scholar,dblp_scholar_184_31343,boolean,identity,1.0
dblp_scholar,dblp_scholar_184_31343,boolean,verbose,1.0
dblp_scholar,dblp_scholar_184_31343,boolean,tagged,1.0
dblp_scholar,dblp_scholar_184_31343,boolean,paraphrase,0.95
dblp_scholar,dblp_scholar_184_31343,boolean,flip,0.0
dblp_scholar,dblp_scholar_184_31343,boolean,no_answer,0.0
dblp_scholar,dblp_scholar_184_31343,boolean,hedge,0.3
dblp_scholar,dblp_scholar_1921_20209,boolean,identity,1.0
dblp_scholar,dblp_scholar_1921_20209,boolean,verbose,1.0
dblp_scholar,dblp_scholar_1921_20209,boolean,tagged,1.0
dblp_scholar,dblp_scholar_1921_20209,boolean,paraphrase,0.95
dblp_scholar,dblp_scholar_1921_20209,boolean,flip,0.0
dblp_scholar,dblp_scholar_1921_20209,boolean,no_answer,0.0
dblp_scholar,dblp_scholar_1921_20209,boolean,hedge,0.3
dblp_scholar,dblp_scholar_1926_26109,boolean,identity,1.0
dblp_scholar,dblp_scholar_1926_26109,boolean,verbose,1.0
dblp_scholar,dblp_scholar_1926_26109,boolean,tagged,1.0
dblp_scholar,dblp_scholar_1926_26109,boolean,paraphrase,0.95
dblp_scholar,dblp_scholar_1926_26109,boolean,flip,0.0
dblp_scholar,dblp_scholar_1926_26109,boolean,no_answer,0.0
dblp_scholar,dblp_scholar_1926_26109,boolean,hedge,0.3
dblp_scholar,dblp_scholar_1968_41358,boolean,identity,1.0
dblp_scholar,dblp_scholar_1968_41358,boolean,verbose,1.0
dblp_scholar,dblp_scholar_1968_41358,boolean,tagged,1.0
dblp_scholar,dblp_scholar_1968_41358,boolean,paraphrase,0.95
dblp_scholar,dblp_scholar_1968_41358,boolean,flip,0.0
dblp_scholar,dblp_scholar_1968_41358,boolean,no_answer,0.0
dblp_scholar,dblp_scholar_1968_41358,boolean,hedge,0.3
dblp_scholar,dblp_scholar_1969_31084,boolean,identity,1.0
dblp_scholar,dblp_scholar_1969_31084,boolean,verbose,1.0
dblp_scholar,dblp_scholar_1969_31084,boolean,tagged,1.0
dblp_scholar,dblp_scholar_1969_31084,boolean,paraphrase,0.95
dblp_scholar,dblp_scholar_1969_31084,boolean,flip,0.0
dblp_scholar,dblp_scholar_1969_31084,boolean,no_answer,0.0
dblp_scholar,dblp_scholar_1969_31084,boolean,hedge,0.3
dblp_scholar,dblp_scholar_1977_16923,boolean,identity,1.0
dblp_scholar,dblp_scholar_1977_16923,boolean,verbose,1.0
dblp_scholar,dblp_scholar_1977_16923,boolean,tagged,1.0
dblp_scholar,dblp_scholar_1977_16923,boolean,paraphrase,0.95
dblp_scholar,dblp_scholar_1977_16923,boolean,flip,0.0
dblp_scholar,dblp_scholar_1977_16923,boolean,no_answer,0.0
dblp_scholar,dblp_scholar_1977_16923,boolean,hedge,0.3
dblp_scholar,dblp_scholar_1981_24092,boolean,identity,1.0
dblp_scholar,dblp_scholar_1981_24092,boolean,verbose,1.0
dblp_scholar,dblp_scholar_1981_24092,boolean,tagged,1.0
dblp_scholar,dblp_scholar_1981_24092,boolean,paraphrase,0.95
dblp_scholar,dblp_scholar_1981_24092,boolean,flip,0.0
dblp_scholar,dblp_scholar_1981_24092,boolean,no_answer,0.0
dblp_scholar,dblp_scholar_1981_24092,boolean,hedge,0.3
dblp_scholar,dblp_scholar_1985_33646,boolean,identity,1.0
dblp_scholar,dblp_scholar_1985_33646,boolean,verbose,1.0
dblp_scholar,dblp_scholar_1985_33646,boolean,tagged,1.0
dblp_scholar,dblp_scholar_1985_33646,boolean,paraphrase,0.95
dblp_scholar,dblp_scholar_1985_33646,boolean,flip,0.0
dblp_scholar,dblp_scholar_1985_33646,boolean,no_answer,0.0
dblp_scholar,dblp_scholar_1985_33646,boolean,hedge,0.3
dblp_scholar,dblp_scholar_19_19231,boolean,identity,1.0
dblp_scholar,dblp_scholar_19_19231,boolean,verbose,1.0
dblp_scholar,dblp_scholar_19_19231,boolean,tagged,1.0
dblp_scholar,dblp_scholar_19_19231,boolean,paraphrase,0.95
dblp_scholar,dblp_scholar_19_19231,boolean,flip,0.0
dblp_scholar,dblp_scholar_19_19231,boolean,no_answer,0.0
dblp_scholar,dblp_scholar_19_19231,boolean,hedge,0.3
dblp_scholar,dblp_scholar_2005_468,boolean,identity,1.0
dblp_scholar,dblp_scholar_2005_468,boolean,verbose,1.0
dblp_scholar,dblp_scholar_2005_468,boolean,tagged,1.0
dblp_scholar,dblp_scholar_2005_468,boolean,paraphrase,0.95
dblp_scholar,dblp_scholar_2005_468,boolean,flip,0.0
dblp_scholar,dblp_scholar_2005_468,boolean,no_answer,0.0
dblp_scholar,dblp_scholar_2005_468,boolean,hedge,0.3
dblp_scholar,dblp_scholar_2005_49918,boolean,identity,1.0
dblp_scholar,dblp_scholar_2005_49918,boolean,verbose,1.0
dblp_scholar,dblp_scholar_2005_49918,boolean,tagged,1.0
dblp_scholar,dblp_scholar_2005_49918,boolean,paraphrase,0.95
dblp_scholar,dblp_scholar_2005_49918,boolean,flip,0.0
dblp_scholar,dblp_scholar_2005_49918,boolean,no_answer,0.0
dblp_scholar,dblp_scholar_2005_49918,boolean,hedge,0.3
dblp_scholar,dblp_scholar_2012_45419,boolean,identity,1.0
dblp_scholar,dblp_scholar_2012_45419,boolean,verbose,1.0
dblp_scholar,dblp_scholar_2012_45419,boolean,tagged,1.0
dblp_scholar,dblp_scholar_2012_45419,boolean,paraphrase,0.95
dblp_scholar,dblp_scholar_2012_45419,boolean,flip,0.0
dblp_scholar,dblp_scholar_2012_45419,boolean,no_answer,0.0
dblp_scholar,dblp_scholar_2012_45419,boolean,hedge,0.3
dblp_scholar,dblp_scholar_202_6703,boolean,identity,1.0
dblp_scholar,dblp_scholar_202_6703,boolean,verbose,1.0
dblp_scholar,dblp_scholar_202_6703,boolean,tagged,1.0
dblp_scholar,dblp_scholar_202_6703,boolean,paraphrase,0.95
dblp_scholar,dblp_scholar_202_6703,boolean,flip,0.0
dblp_scholar,dblp_scholar_202_6703,boolean,no_answer,0.0
dblp_scholar,dblp_scholar_202_6703,boolean,hedge,0.3
dblp_scholar,dblp_scholar_203_12466,boolean,identity,1.0
dblp_scholar,dblp_scholar_203_12466,boolean,verbose,1.0
dblp_scholar,dblp_scholar_203_12466,boolean,tagged,1.0
dblp_scholar,dblp_scholar_203_12466,boolean,paraphrase,0.95
dblp_scholar,dblp_scholar_203_12466,boolean,flip,0.0
dblp_scholar,dblp_scholar_203_12466,boolean,no_answer,0.0
dblp_scholar,dblp_scholar_203_12466,boolean,hedge,0.3
dblp_scholar,dblp_scholar_204_15622,boolean,identity,1.0
dblp_scholar,dblp_scholar_204_15622,boolean,verbose,1.0
dblp_scholar,dblp_scholar_204_15622,boolean,tagged,1.0
dblp_scholar,dblp_scholar_204_15622,boolean,paraphrase,0.95
dblp_scholar,dblp_scholar_204_15622,boolean,flip,0.0
dblp_scholar,dblp_scholar_204_15622,boolean,no_answer,0.0
dblp_scholar,dblp_scholar_204_15622,boolean,hedge,0.3
dblp_scholar,dblp_scholar_2050_18987,boolean,identity,1.0
dblp_scholar,dblp_scholar_2050_18987,boolean,verbose,1.0
dblp_scholar,dblp_scholar_2050_18987,boolean,tagged,1.0
dblp_scholar,dblp_scholar_2050_18987,boolean,paraphrase,0.95
dblp_scholar,dblp_scholar_2050_18987,boolean,flip,0.0
dblp_scholar,dblp_scholar_2050_18987,boolean,no_answer,0.0
dblp_scholar,dblp_scholar_2050_18987,boolean,hedge,0.3
dblp_scholar,dblp_scholar_2055_51699,boolean,identity,1.0
dblp_scholar,dblp_scholar_2055_51699,boolean,verbose,1.0
dblp_scholar,dblp_scholar_2055_51699,boolean,tagged,1.0
dblp_scholar,dblp_scholar_2055_51699,boolean,paraphrase,0.95
dblp_scholar,dblp_scholar_2055_51699,boolean,flip,0.0
dblp_scholar,dblp_scholar_2055_51699,boolean,no_answer,0.0
dblp_scholar,dblp_scholar_2055_51699,boolean,hedge,0.3
dblp_scholar,dblp_scholar_2081_37204,boolean,identity,1.0
dblp_scholar,dblp_scholar_2081_37204,boolean,verbose,1.0
dblp_scholar,dblp_scholar_2081_37204,boolean,tagged,1.0
dblp_scholar,dblp_scholar_2081_37204,boolean,paraphrase,0.95
dblp_scholar,dblp_scholar_2081_37204,boolean,flip,0.0
dblp_scholar,dblp_scholar_2081_37204,boolean,no_answer,0.0
dblp_scholar,dblp_scholar_2081_37204,boolean,hedge,0.3
dblp_scholar,dblp_scholar_210_33696,boolean,identity,1.0
dblp_scholar,dblp_scholar_210_33696,boolean,verbose,1.0
dblp_scholar,dblp_scholar_210_33696,boolean,tagged,1.0
dblp_scholar,dblp_scholar_210_33696,boolean,paraphrase,0.95
dblp_scholar,dblp_scholar_210_33696,boolean,flip,0.0
dblp_scholar,dblp_scholar_210_33696,boolean,no_answer,0.0
dblp_scholar,dblp_scholar_210_33696,boolean,hedge,0.3
dblp_scholar,dblp_scholar_2123_15377,boolean,identity,1.0
dblp_scholar,dblp_scholar_2123_15377,boolean,verbose,1.0
dblp_scholar,dblp_scholar_2123_15377,boolean,tagged,1.0
dblp_scholar,dblp_scholar_2123_15377,boolean,paraphrase,0.95
dblp_scholar,dblp_scholar_2123_15377,boolean,flip,0.0
dblp_scholar,dblp_scholar_2123_15377,boolean,no_answer,0.0
dblp_scholar,dblp_scholar_2123_15377,boolean,hedge,0.3
dblp_scholar,dblp_scholar_2132_26538,boolean,identity,1.0
dblp_scholar,dblp_scholar_2132_26538,boolean,verbose,1.0
dblp_scholar,dblp_scholar_2132_26538,boolean,tagged,1.0
dblp_scholar,dblp_scholar_2132_26538,boolean,paraphrase,0.95
dblp_scholar,dblp_scholar_2132_26538,boolean,flip,0.0
dblp_scholar,dblp_scholar_2132_26538,boolean,no_answer,0.0
dblp_scholar,dblp_scholar_2132_26538,boolean,hedge,0.3
dblp_scholar,dblp_scholar_2191_9091,boolean,identity,1.0
dblp_scholar,dblp_scholar_2191_9091,boolean,verbose,1.0
dblp_scholar,dblp_scholar_2191_9091,boolean,tagged,1.0
dblp_scholar,dblp_scholar_2191_9091,boolean,paraphrase,0.95
dblp_scholar,dblp_scholar_2191_9091,boolean,flip,0.0
dblp_scholar,dblp_scholar_2191_9091,boolean,no_answer,0.0
dblp_scholar,dblp_scholar_2191_9091,boolean,hedge,0.3
dblp_scholar,dblp_scholar_2212_52956,boolean,identity,1.0
dblp_scholar,dblp_scholar_2212_52956,boolean,verbose,1.0
dblp_scholar,dblp_scholar_2212_52956,boolean,tagged,1.0
dblp_scholar,dblp_scholar_2212_52956,boolean,paraphrase,0.95
dblp_scholar,dblp_scholar_2212_52956,boolean,flip,0.0
dblp_scholar,dblp_scholar_2212_52956,boolean,no_answer,0.0
dblp_scholar,dblp_scholar_2212_52956,boolean,hedge,0.3
dblp_scholar,dblp_scholar_2245_34903,boolean,identity,1.0
dblp_scholar,dblp_scholar_2245_34903,boolean,verbose,1.0
dblp_scholar,dblp_scholar_2245_34903,boolean,tagged,1.0
dblp_scholar,dblp_scholar_2245_34903,boolean,paraphrase,0.95
dblp_scholar,dblp_scholar_2245_34903,boolean,flip,0.0
dblp_scholar,dblp_scholar_2245_34903,boolean,no_answer,0.0
dblp_scholar,dblp_scholar_2245_34903,boolean,hedge,0.3
dblp_scholar,dblp_scholar_2256_10770,boolean,identity,1.0
dblp_scholar,dblp_scholar_2256_10770,boolean,verbose,1.0
dblp_scholar,dblp_scholar_2256_10770,boolean,tagged,1.0
dblp_scholar,dblp_scholar_2256_10770,boolean,paraphrase,0.95
dblp_scholar,dblp_scholar_2256_10770,boolean,flip,0.0
dblp_scholar,dblp_scholar_2256_10770,boolean,no_answer,0.0
dblp_scholar,dblp_scholar_2256_10770,boolean,hedge,0.3
dblp_scholar,dblp_scholar_2294_1950,boolean,identity,1.0
dblp_scholar,dblp_scholar_2294_1950,boolean,verbose,1.0
dblp_scholar,dblp_scholar_2294_1950,boolean,tagged,1.0
dblp_scholar,dblp_scholar_2294_1950,boolean,paraphrase,0.95
dblp_scholar,dblp_scholar_2294_1950,boolean,flip,0.0
dblp_scholar,dblp_scholar_2294_1950,boolean,no_answer,0.0
dblp_scholar,dblp_scholar_2294_1950,boolean,hedge,0.3
dblp_scholar,dblp_scholar_2295_8159,boolean,identity,1.0
dblp_scholar,dblp_scholar_2295_8159,boolean,verbose,1.0
dblp_scholar,dblp_scholar_2295_8159,boolean,tagged,1.0
dblp_scholar,dblp_scholar_2295_8159,boolean,paraphrase,0.95
dblp_scholar,dblp_scholar_2295_8159,boolean,flip,0.0
dblp_scholar,dblp_scholar_2295_8159,boolean,no_answer,0.0
dblp_scholar,dblp_scholar_2295_8159,boolean,hedge,0.3
dblp_scholar,dblp_scholar_2300_32963,boolean,identity,1.0
dblp_scholar,dblp_scholar_2300_32963,boolean,verbose,1.0
dblp_scholar,dblp_scholar_2300_32963,boolean,tagged,1.0
dblp_scholar,dblp_scholar_2300_32963,boolean,paraphrase,0.95
dblp_scholar,dblp_scholar_2300_32963,boolean,flip,0.0
dblp_scholar,dblp_scholar_2300_32963,boolean,no_answer,0.0
dblp_scholar,dblp_scholar_2300_32963,boolean,hedge,0.3
dblp_scholar,dblp_scholar_2320_30053,boolean,identity,1.0
dblp_scholar,dblp_scholar_2320_30053,boolean,verbose,1.0
dblp_scholar,dblp_scholar_2320_30053,boolean,tagged,1.0
dblp_scholar,dblp_scholar_2320_30053,boolean,paraphrase,0.95
dblp_scholar,dblp_scholar_2320_30053,boolean,flip,0.0
dblp_scholar,dblp_scholar_2320_30053,boolean,no_answer,0.0
dblp_scholar,dblp_scholar_2320_30053,boolean,hedge,0.3
dblp_scholar,dblp_scholar_2360_58868,boolean,identity,1.0
dblp_scholar,dblp_scholar_2360_58868,boolean,verbose,1.0
dblp_scholar,dblp_scholar_2360_58868,boolean,tagged,1.0
dblp_scholar,dblp_scholar_2360_58868,boolean,paraphrase,0.95
dblp_scholar,dblp_scholar_2360_58868,boolean,flip,0.0
dblp_scholar,dblp_scholar_2360_58868,boolean,no_answer,0.0
dblp_scholar,dblp_scholar_2360_58868,boolean,hedge,0.3
dblp_scholar,dblp_scholar_2365_8255,boolean,identity,1.0
dblp_scholar,dblp_scholar_2365_8255,boolean,verbose,1.0
dblp_scholar,dblp_scholar_2365_8255,boolean,tagged,1.0
dblp_scholar,dblp_scholar_2365_8255,boolean,paraphrase,0.95
dblp_scholar,dblp_scholar_2365_8255,boolean,flip,0.0
dblp_scholar,dblp_scholar_2365_8255,boolean,no_answer,0.0
dblp_scholar,dblp_scholar_2365_8255,boolean,hedge,0.3
dblp_scholar,dblp_scholar_2403_9731,boolean,identity,1.0
dblp_scholar,dblp_scholar_2403_9731,boolean,verbose,1.0
dblp_scholar,dblp_scholar_2403_9731,boolean,tagged,1.0
dblp_scholar,dblp_scholar_2403_9731,boolean,paraphrase,0.95
dblp_scholar,dblp_scholar_2403_9731,boolean,flip,0.0
dblp_scholar,dblp_scholar_2403_9731,boolean,no_answer,0.0
dblp_scholar,dblp_scholar_2403_9731,boolean,hedge,0.3
dblp_scholar,dblp_scholar_2459_9402,boolean,identity,1.0
dblp_scholar,dblp_scholar_2459_9402,boolean,verbose,1.0
dblp_scholar,dblp_scholar_2459_9402,boolean,tagged,1.0
dblp_scholar,dblp_scholar_2459_9402,boolean,paraphrase,0.95
dblp_scholar,dblp_scholar_2459_9402,boolean,flip,0.0
dblp_scholar,dblp_scholar_2459_9402,boolean,no_answer,0.0
dblp_scholar,dblp_scholar_2459_9402,boolean,hedge,0.3
dblp_scholar,dblp_scholar_2464_37102,boolean,identity,1.0
dblp_scholar,dblp_scholar_2464_37102,boolean,verbose,1.0
dblp_scholar,dblp_scholar_2464_37102,boolean,tagged,1.0
dblp_scholar,dblp_scholar_2464_37102,boolean,paraphrase,0.95
dblp_scholar,dblp_scholar_2464_37102,boolean,flip,0.0
dblp_scholar,dblp_scholar_2464_37102,boolean,no_answer,0.0
dblp_scholar,dblp_scholar_2464_37102,boolean,hedge,0.3
dblp_scholar,dblp_scholar_2472_53563,boolean,identity,1.0
dblp_scholar,dblp_scholar_2472_53563,boolean,verbose,1.0
dblp_scholar,dblp_scholar_2472_53563,boolean,tagged,1.0
dblp_scholar,dblp_scholar_2472_53563,boolean,paraphrase,0.95
dblp_scholar,dblp_scholar_2472_53563,boolean,flip,0.0
dblp_scholar,dblp_scholar_2472_53563,boolean,no_answer,0.0
dblp_scholar,dblp_scholar_2472_53563,boolean,hedge,0.3
dblp_scholar,dblp_scholar_2483_1113,boolean,identity,1.0
dblp_scholar,dblp_scholar_2483_1113,boolean,verbose,1.0
dblp_scholar,dblp_scholar_2483_1113,boolean,tagged,1.0
dblp_scholar,dblp_scholar_2483_1113,boolean,paraphrase,0.95
dblp_scholar,dblp_scholar_2483_1113,boolean,flip,0.0
dblp_scholar,dblp_scholar_2483_1113,boolean,no_answer,0.0
dblp_scholar,dblp_scholar_2483_1113,boolean,hedge,0.3
dblp_scholar,dblp_scholar_2487_42356,boolean,identity,1.0
dblp_scholar,dblp_scholar_2487_42356,boolean,verbose,1.0
dblp_scholar,dblp_scholar_2487_42356,boolean,tagged,1.0
dblp_scholar,dblp_scholar_2487_42356,boolean,paraphrase,0.95
dblp_scholar,dblp_scholar_2487_42356,boolean,flip,0.0
dblp_scholar,dblp_scholar_2487_42356,boolean,no_answer,0.0
dblp_scholar,dblp_scholar_2487_42356,boolean,hedge,0.3
dblp_scholar,dblp_scholar_2538_54174,boolean,identity,1.0
dblp_scholar,dblp_scholar_2538_54174,boolean,verbose,1.0
dblp_scholar,dblp_scholar_2538_54174,boolean,tagged,1.0
dblp_scholar,dblp_scholar_2538_54174,boolean,paraphrase,0.95
dblp_scholar,dblp_scholar_2538_54174,boolean,flip,0.0
dblp_scholar,dblp_scholar_2538_54174,boolean,no_answer,0.0
dblp_scholar,dblp_scholar_2538_54174,boolean,hedge,0.3
dblp_scholar,dblp_scholar_2588_10507,boolean,identity,1.0
dblp_scholar,dblp_scholar_2588_10507,boolean,verbose,1.0
dblp_scholar,dblp_scholar_2588_10507,boolean,tagged,1.0
dblp_scholar,dblp_scholar_2588_10507,boolean,paraphrase,0.95
dblp_scholar,dblp_scholar_2588_10507,boolean,flip,0.0
dblp_scholar,dblp_scholar_2588_10507,boolean,no_answer,0.0
dblp_scholar,dblp_scholar_2588_10507,boolean,hedge,0.3
dblp_scholar,dblp_scholar_2594_14733,boolean,identity,1.0
dblp_scholar,dblp_scholar_2594_14733,boolean,verbose,1.0
dblp_scholar,dblp_scholar_2594_14733,boolean,tagged,1.0
dblp_scholar,dblp_scholar_2594_14733,boolean,paraphrase,0.95
dblp_scholar,dblp_scholar_2594_14733,boolean,flip,0.0
dblp_scholar,dblp_scholar_2594_14733,boolean,no_answer,0.0
dblp_scholar,dblp_scholar_2594_14733,boolean,hedge,0.3
dblp_scholar,dblp_scholar_280_23948,boolean,identity,1.0
dblp_scholar,dblp_scholar_280_23948,boolean,verbose,1.0
dblp_scholar,dblp_scholar_280_23948,boolean,tagged,1.0
dblp_scholar,dblp_scholar_280_23948,boolean,paraphrase,0.95
dblp_scholar,dblp_scholar_280_23948,boolean,flip,0.0
dblp_scholar,dblp_scholar_280_23948,boolean,no_answer,0.0
dblp_scholar,dblp_scholar_280_23948,boolean,hedge,0.3
dblp_scholar,dblp_scholar_295_25469,boolean,identity,1.0
dblp_scholar,dblp_scholar_295_25469,boolean,verbose,1.0
dblp_scholar,dblp_scholar_295_25469,boolean,tagged,1.0
dblp_scholar,dblp_scholar_295_25469,boolean,paraphrase,0.95
dblp_scholar,dblp_scholar_295_25469,boolean,flip,0.0
dblp_scholar,dblp_scholar_295_25469,boolean,no_answer,0.0
dblp_scholar,dblp_scholar_295_25469,boolean,hedge,0.3
dblp_scholar,dblp_scholar_295_53053,boolean,identity,1.0
dblp_scholar,dblp_scholar_295_53053,boolean,verbose,1.0
dblp_scholar,dblp_scholar_295_53053,boolean,tagged,1.0
dblp_scholar,dblp_scholar_295_53053,boolean,paraphrase,0.95
dblp_scholar,dblp_scholar_295_53053,boolean,flip,0.0
dblp_scholar,dblp_scholar_295_53053,boolean,no_answer,0.0
dblp_scholar,dblp_scholar_295_53053,boolean,hedge,0.3
dblp_scholar,dblp_scholar_298_2914,boolean,identity,1.0
dblp_scholar,dblp_scholar_298_2914,boolean,verbose,1.0
dblp_scholar,dblp_scholar_298_2914,boolean,tagged,1.0
dblp_scholar,dblp_scholar_298_2914,boolean,paraphrase,0.95
dblp_scholar,dblp_scholar_298_2914,boolean,flip,0.0
dblp_scholar,dblp_scholar_298_2914,boolean,no_answer,0.0
dblp_scholar,dblp_scholar_298_2914,boolean,hedge,0.3
dblp_scholar,dblp_scholar_299_33156,boolean,identity,1.0
dblp_scholar,dblp_scholar_299_33156,boolean,verbose,1.0
dblp_scholar,dblp_scholar_299_33156,boolean,tagged,1.0
dblp_scholar,dblp_scholar_299_33156,boolean,paraphrase,0.95
dblp_scholar,dblp_scholar_299_33156,boolean,flip,0.0
dblp_scholar,dblp_scholar_299_33156,boolean,no_answer,0.0
dblp_scholar,dblp_scholar_299_33156,boolean,hedge,0.3
dblp_scholar,dblp_scholar_343_19518,boolean,identity,1.0
dblp_scholar,dblp_scholar_343_19518,boolean,verbose,1.0
dblp_scholar,dblp_scholar_343_19518,boolean,tagged,1.0
dblp_scholar,dblp_scholar_343_19518,boolean,paraphrase,0.95
dblp_scholar,dblp_scholar_343_19518,boolean,flip,0.0
dblp_scholar,dblp_scholar_343_19518,boolean,no_answer,0.0
dblp_scholar,dblp_scholar_343_19518,boolean,hedge,0.3
dblp_scholar,dblp_scholar_430_35208,boolean,identity,1.0
dblp_scholar,dblp_scholar_430_35208,boolean,verbose,1.0
dblp_scholar,dblp_scholar_430_35208,boolean,tagged,1.0
dblp_scholar,dblp_scholar_430_35208,boolean,paraphrase,0.95
dblp_scholar,dblp_scholar_430_35208,boolean,flip,0.0
dblp_scholar,dblp_scholar_430_35208,boolean,no_answer,0.0
dblp_scholar,dblp_scholar_430_35208,boolean,hedge,0.3
dblp_scholar,dblp_scholar_433_9343,boolean,identity,1.0
dblp_scholar,dblp_scholar_433_9343,boolean,verbose,1.0
dblp_scholar,dblp_scholar_433_9343,boolean,tagged,1.0
dblp_scholar,dblp_scholar_433_9343,boolean,paraphrase,0.95
dblp_scholar,dblp_scholar_433_9343,boolean,flip,0.0
dblp_scholar,dblp_scholar_433_9343,boolean,no_answer,0.0
dblp_scholar,dblp_scholar_433_9343,boolean,hedge,0.3
dblp_scholar,dblp_scholar_460_3858,boolean,identity,1.0
dblp_scholar,dblp_scholar_460_3858,boolean,verbose,1.0
dblp_scholar,dblp_scholar_460_3858,boolean,tagged,1.0
dblp_scholar,dblp_scholar_460_3858,boolean,paraphrase,0.95
dblp_scholar,dblp_scholar_460_3858,boolean,flip,0.0
dblp_scholar,dblp_scholar_460_3858,boolean,no_answer,0.0
dblp_scholar,dblp_scholar_460_3858,boolean,hedge,0.3
dblp_scholar,dblp_scholar_464_38585,boolean,identity,1.0
dblp_scholar,dblp_scholar_464_38585,boolean,verbose,1.0
dblp_scholar,dblp_scholar_464_38585,boolean,tagged,1.0
dblp_scholar,dblp_scholar_464_38585,boolean,paraphrase,0.95
dblp_scholar,dblp_scholar_464_38585,boolean,flip,0.0
dblp_scholar,dblp_scholar_464_38585,boolean,no_answer,0.0
dblp_scholar,dblp_scholar_464_38585,boolean,hedge,0.3
dblp_scholar,dblp_scholar_505_62246,boolean,identity,1.0
dblp_scholar,dblp_scholar_505_62246,boolean,verbose,1.0
dblp_scholar,dblp_scholar_505_62246,boolean,tagged,1.0
dblp_scholar,dblp_scholar_505_62246,boolean,paraphrase,0.95
dblp_scholar,dblp_scholar_505_62246,boolean,flip,0.0
dblp_scholar,dblp_scholar_505_62246,boolean,no_answer,0.0
dblp_scholar,dblp_scholar_505_62246,boolean,hedge,0.3
dblp_scholar,dblp_scholar_511_5337,boolean,identity,1.0
dblp_scholar,dblp_scholar_511_5337,boolean,verbose,1.0
dblp_scholar,dblp_scholar_511_5337,boolean,tagged,1.0
dblp_scholar,dblp_scholar_511_5337,boolean,paraphrase,0.95
dblp_scholar,dblp_scholar_511_5337,boolean,flip,0.0
dblp_scholar,dblp_scholar_511_5337,boolean,no_answer,0.0
dblp_scholar,dblp_scholar_511_5337,boolean,hedge,0.3
dblp_scholar,dblp_scholar_519_44664,boolean,identity,1.0
dblp_scholar,dblp_scholar_519_44664,boolean,verbose,1.0
dblp_scholar,dblp_scholar_519_44664,boolean,tagged,1.0
dblp_scholar,dblp_scholar_519_44664,boolean,paraphrase,0.95
dblp_scholar,dblp_scholar_519_44664,boolean,flip,0.0
dblp_scholar,dblp_scholar_519_44664,boolean,no_answer,0.0
dblp_scholar,dblp_scholar_519_44664,boolean,hedge,0.3
dblp_scholar,dblp_scholar_521_25737,boolean,identity,1.0
dblp_scholar,dblp_scholar_521_25737,boolean,verbose,1.0
dblp_scholar,dblp_scholar_521_25737,boolean,tagged,1.0
dblp_scholar,dblp_scholar_521_25737,boolean,paraphrase,0.95
dblp_scholar,dblp_scholar_521_25737,boolean,flip,0.0
dblp_scholar,dblp_scholar_521_25737,boolean,no_answer,0.0
dblp_scholar,dblp_scholar_521_25737,boolean,hedge,0.3
dblp_scholar,dblp_scholar_527_9099,boolean,identity,1.0
dblp_scholar,dblp_scholar_527_9099,boolean,verbose,1.0
dblp_scholar,dblp_scholar_527_9099,boolean,tagged,1.0
dblp_scholar,dblp_scholar_527_9099,boolean,paraphrase,0.95
dblp_scholar,dblp_scholar_527_9099,boolean,flip,0.0
dblp_scholar,dblp_scholar_527_9099,boolean,no_answer,0.0
dblp_scholar,dblp_scholar_527_9099,boolean,hedge,0.3
dblp_scholar,dblp_scholar_534_29717,boolean,identity,1.0
dblp_scholar,dblp_scholar_534_29717,boolean,verbose,1.0
dblp_scholar,dblp_scholar_534_29717,boolean,tagged,1.0
dblp_scholar,dblp_scholar_534_29717,boolean,paraphrase,0.95
dblp_scholar,dblp_scholar_534_29717,boolean,flip,0.0
dblp_scholar,dblp_scholar_534_29717,boolean,no_answer,0.0
dblp_scholar,dblp_scholar_534_29717,boolean,hedge,0.3
dblp_scholar,dblp_scholar_612_13240,boolean,identity,1.0
dblp_scholar,dblp_scholar_612_13240,boolean,verbose,1.0
dblp_scholar,dblp_scholar_612_13240,boolean,tagged,1.0
dblp_scholar,dblp_scholar_612_13240,boolean,paraphrase,0.95
dblp_scholar,dblp_scholar_612_13240,boolean,flip,0.0
dblp_scholar,dblp_scholar_612_13240,boolean,no_answer,0.0
dblp_scholar,dblp_scholar_612_13240,boolean,hedge,0.3
dblp_scholar,dblp_scholar_631_30305,boolean,identity,1.0
dblp_scholar,dblp_scholar_631_30305,boolean,verbose,1.0
dblp_scholar,dblp_scholar_631_30305,boolean,tagged,1.0
dblp_scholar,dblp_scholar_631_30305,boolean,paraphrase,0.95
dblp_scholar,dblp_scholar_631_30305,boolean,flip,0.0
dblp_scholar,dblp_scholar_631_30305,boolean,no_answer,0.0
dblp_scholar,dblp_scholar_631_30305,boolean,hedge,0.3
dblp_scholar,dblp_scholar_632_2892,boolean,identity,1.0
dblp_scholar,dblp_scholar_632_2892,boolean,verbose,1.0
dblp_scholar,dblp_scholar_632_2892,boolean,tagged,1.0
dblp_scholar,dblp_scholar_632_2892,boolean,paraphrase,0.95
dblp_scholar,dblp_scholar_632_2892,boolean,flip,0.0
dblp_scholar,dblp_scholar_632_2892,boolean,no_answer,0.0
dblp_scholar,dblp_scholar_632_2892,boolean,hedge,0.3
dblp_scholar,dblp_scholar_652_39677,boolean,identity,1.0
dblp_scholar,dblp_scholar_652_39677,boolean,verbose,1.0
dblp_scholar,dblp_scholar_652_39677,boolean,tagged,1.0
dblp_scholar,dblp_scholar_652_39677,boolean,paraphrase,0.95
dblp_scholar,dblp_scholar_652_39677,boolean,flip,0.0
dblp_scholar,dblp_scholar_652_39677,boolean,no_answer,0.0
dblp_scholar,dblp_scholar_652_39677,boolean,hedge,0.3
dblp_scholar,dblp_scholar_684_18119,boolean,identity,1.0
dblp_scholar,dblp_scholar_684_18119,boolean,verbose,1.0
dblp_scholar,dblp_scholar_684_18119,boolean,tagged,1.0
dblp_scholar,dblp_scholar_684_18119,boolean,paraphrase,0.95
dblp_scholar,dblp_scholar_684_18119,boolean,flip,0.0
dblp_scholar,dblp_scholar_684_18119,boolean,no_answer,0.0
dblp_scholar,dblp_scholar_684_18119,boolean,hedge,0.3
dblp_scholar,dblp_scholar_696_46108,boolean,identity,1.0
dblp_scholar,dblp_scholar_696_46108,boolean,verbose,1.0
dblp_scholar,dblp_scholar_696_46108,boolean,tagged,1.0
dblp_scholar,dblp_scholar_696_46108,boolean,paraphrase,0.95
dblp_scholar,dblp_scholar_696_46108,boolean,flip,0.0
dblp_scholar,dblp_scholar_696_46108,boolean,no_answer,0.0
dblp_scholar,dblp_scholar_696_46108,boolean,hedge,0.3
dblp_scholar,dblp_scholar_723_50024,boolean,identity,1.0
dblp_scholar,dblp_scholar_723_50024,boolean,verbose,1.0
dblp_scholar,dblp_scholar_723_50024,boolean,tagged,1.0
dblp_scholar,dblp_scholar_723_50024,boolean,paraphrase,0.95
dblp_scholar,dblp_scholar_723_50024,boolean,flip,0.0
dblp_scholar,dblp_scholar_723_50024,boolean,no_answer,0.0
dblp_scholar,dblp_scholar_723_50024,boolean,hedge,0.3
dblp_scholar,dblp_scholar_751_7073,boolean,identity,1.0
dblp_scholar,dblp_scholar_751_7073,boolean,verbose,1.0
dblp_scholar,dblp_scholar_751_7073,boolean,tagged,1.0
dblp_scholar,dblp_scholar_751_7073,boolean,paraphrase,0.95
dblp_scholar,dblp_scholar_751_7073,boolean,flip,0.0
dblp_scholar,dblp_scholar_751_7073,boolean,no_answer,0.0
dblp_scholar,dblp_scholar_751_7073,boolean,hedge,0.3
dblp_scholar,dblp_scholar_758_32362,boolean,identity,1.0
dblp_scholar,dblp_scholar_758_32362,boolean,verbose,1.0
dblp_scholar,dblp_scholar_758_32362,boolean,tagged,1.0
dblp_scholar,dblp_scholar_758_32362,boolean,paraphrase,0.95
dblp_scholar,dblp_scholar_758_32362,boolean,flip,0.0
dblp_scholar,dblp_scholar_758_32362,boolean,no_answer,0.0
dblp_scholar,dblp_scholar_758_32362,boolean,hedge,0.3
dblp_scholar,dblp_scholar_779_2968,boolean,identity,1.0
dblp_scholar,dblp_scholar_779_2968,boolean,verbose,1.0
dblp_scholar,dblp_scholar_779_2968,boolean,tagged,1.0
dblp_scholar,dblp_scholar_779_2968,boolean,paraphrase,0.95
dblp_scholar,dblp_scholar_779_2968,boolean,flip,0.0
dblp_scholar,dblp_scholar_779_2968,boolean,no_answer,0.0
dblp_scholar,dblp_scholar_779_2968,boolean,hedge,0.3
dblp_scholar,dblp_scholar_782_50143,boolean,identity,1.0
dblp_scholar,dblp_scholar_782_50143,boolean,verbose,1.0
dblp_scholar,dblp_scholar_782_50143,boolean,tagged,1.0
dblp_scholar,dblp_scholar_782_50143,boolean,paraphrase,0.95
dblp_scholar,dblp_scholar_782_50143,boolean,flip,0.0
dblp_scholar,dblp_scholar_782_50143,boolean,no_answer,0.0
dblp_scholar,dblp_scholar_782_50143,boolean,hedge,0.3
dblp_scholar,dblp_scholar_807_63951,boolean,identity,1.0
dblp_scholar,dblp_scholar_807_63951,boolean,verbose,1.0
dblp_scholar,dblp_scholar_807_63951,boolean,tagged,1.0
dblp_scholar,dblp_scholar_807_63951,boolean,paraphrase,0.95
dblp_scholar,dblp_scholar_807_63951,boolean,flip,0.0
dblp_scholar,dblp_scholar_807_63951,boolean,no_answer,0.0
dblp_scholar,dblp_scholar_807_63951,boolean,hedge,0.3
dblp_scholar,dblp_scholar_810_42860,boolean,identity,1.0
dblp_scholar,dblp_scholar_810_42860,boolean,verbose,1.0
dblp_scholar,dblp_scholar_810_42860,boolean,tagged,1.0
dblp_scholar,dblp_scholar_810_42860,boolean,paraphrase,0.95
dblp_scholar,dblp_scholar_810_42860,boolean,flip,0.0
dblp_scholar,dblp_scholar_810_42860,boolean,no_answer,0.0
dblp_scholar,dblp_scholar_810_42860,boolean,hedge,0.3
dblp_scholar,dblp_scholar_813_42580,boolean,identity,1.0
dblp_scholar,dblp_scholar_813_42580,boolean,verbose,1.0
dblp_scholar,dblp_scholar_813_42580,boolean,tagged,1.0
dblp_scholar,dblp_scholar_813_42580,boolean,paraphrase,0.95
dblp_scholar,dblp_scholar_813_42580,boolean,flip,0.0
dblp_scholar,dblp_scholar_813_42580,boolean,no_answer,0.0
dblp_scholar,dblp_scholar_813_42580,boolean,hedge,0.3
dblp_scholar,dblp_scholar_831_33337,boolean,identity,1.0
dblp_scholar,dblp_scholar_831_33337,boolean,verbose,1.0
dblp_scholar,dblp_scholar_831_33337,boolean,tagged,1.0
dblp_scholar,dblp_scholar_831_33337,boolean,paraphrase,0.95
dblp_scholar,dblp_scholar_831_33337,boolean,flip,0.0
dblp_scholar,dblp_scholar_831_33337,boolean,no_answer,0.0
dblp_scholar,dblp_scholar_831_33337,boolean,hedge,0.3
dblp_scholar,dblp_scholar_837_21161,boolean,identity,1.0
dblp_scholar,dblp_scholar_837_21161,boolean,verbose,1.0
dblp_scholar,dblp_scholar_837_21161,boolean,tagged,1.0
dblp_scholar,dblp_scholar_837_21161,boolean,paraphrase,0.95
dblp_scholar,dblp_scholar_837_21161,boolean,flip,0.0
dblp_scholar,dblp_scholar_837_21161,boolean,no_answer,0.0
dblp_scholar,dblp_scholar_837_21161,boolean,hedge,0.3
dblp_scholar,dblp_scholar_86_44630,boolean,identity,1.0
dblp_scholar,dblp_scholar_86_44630,boolean,verbose,1.0
dblp_scholar,dblp_scholar_86_44630,boolean,tagged,1.0
dblp_scholar,dblp_scholar_86_44630,boolean,paraphrase,0.95
dblp_scholar,dblp_scholar_86_44630,boolean,flip,0.0
dblp_scholar,dblp_scholar_86_44630,boolean,no_answer,0.0
dblp_scholar,dblp_scholar_86_44630,boolean,hedge,0.3
dblp_scholar,dblp_scholar_876_50041,boolean,identity,1.0
dblp_scholar,dblp_scholar_876_50041,boolean,verbose,1.0
dblp_scholar,dblp_scholar_876_50041,boolean,tagged,1.0
dblp_scholar,dblp_scholar_876_50041,boolean,paraphrase,0.95
dblp_scholar,dblp_scholar_876_50041,boolean,flip,0.0
dblp_scholar,dblp_scholar_876_50041,boolean,no_answer,0.0
dblp_scholar,dblp_scholar_876_50041,boolean,hedge,0.3
dblp_scholar,dblp_scholar_911_30077,boolean,identity,1.0
dblp_scholar,dblp_scholar_911_30077,boolean,verbose,1.0
dblp_scholar,dblp_scholar_911_30077,boolean,tagged,1.0
dblp_scholar,dblp_scholar_911_30077,boolean,paraphrase,0.95
dblp_scholar,dblp_scholar_911_30077,boolean,flip,0.0
dblp_scholar,dblp_scholar_911_30077,boolean,no_answer,0.0
dblp_scholar,dblp_scholar_911_30077,boolean,hedge,0.3
dblp_scholar,dblp_scholar_953_7625,boolean,identity,1.0
dblp_scholar,dblp_scholar_953_7625,boolean,verbose,1.0
dblp_scholar,dblp_scholar_953_7625,boolean,tagged,1.0
dblp_scholar,dblp_scholar_953_7625,boolean,paraphrase,0.95
dblp_scholar,dblp_scholar_953_7625,boolean,flip,0.0
dblp_scholar,dblp_scholar_953_7625,boolean,no_answer,0.0
dblp_scholar,dblp_scholar_953_7625,boolean,hedge,0.3
dblp_scholar,dblp_scholar_963_27232,boolean,identity,1.0
dblp_scholar,dblp_scholar_963_27232,boolean,verbose,1.0
dblp_scholar,dblp_scholar_963_27232,boolean,tagged,1.0
dblp_scholar,dblp_scholar_963_27232,boolean,paraphrase,0.95
dblp_scholar,dblp_scholar_963_27232,boolean,flip,0.0
dblp_scholar,dblp_scholar_963_27232,boolean,no_answer,0.0
dblp_scholar,dblp_scholar_963_27232,boolean,hedge,0.3
dblp_scholar,dblp_scholar_987_915,boolean,identity,1.0
dblp_scholar,dblp_scholar_987_915,boolean,verbose,1.0
dblp_scholar,dblp_scholar_987_915,boolean,tagged,1.0
dblp_scholar,dblp_scholar_987_915,boolean,paraphrase,0.95
dblp_scholar,dblp_scholar_987_915,boolean,flip,0.0
dblp_scholar,dblp_scholar_987_915,boolean,no_answer,0.0
dblp_scholar,dblp_scholar_987_915,boolean,hedge,0.3
walmart_amazon,walmart_amazon_1019_18881,boolean,identity,1.0
walmart_amazon,walmart_amazon_1019_18881,boolean,verbose,1.0
walmart_amazon,walmart_amazon_1019_18881,boolean,tagged,1.0
walmart_amazon,walmart_amazon_1019_18881,boolean,paraphrase,0.95
walmart_amazon,walmart_amazon_1019_18881,boolean,flip,0.0
walmart_amazon,walmart_amazon_1019_18881,boolean,no_answer,0.0
walmart_amazon,walmart_amazon_1019_18881,boolean,hedge,0.3
walmart_amazon,walmart_amazon_1022_14015,boolean,identity,1.0
walmart_amazon,walmart_amazon_1022_14015,boolean,verbose,1.0
walmart_amazon,walmart_amazon_1022_14015,boolean,tagged,1.0
walmart_amazon,walmart_amazon_1022_14015,boolean,paraphrase,0.95
walmart_amazon,walmart_amazon_1022_14015,boolean,flip,0.0
walmart_amazon,walmart_amazon_1022_14015,boolean,no_answer,0.0
walmart_amazon,walmart_amazon_1022_14015,boolean,hedge,0.3
walmart_amazon,walmart_amazon_1060_4728,boolean,identity,1.0
walmart_amazon,walmart_amazon_1060_4728,boolean,verbose,1.0
walmart_amazon,walmart_amazon_1060_4728,boolean,tagged,1.0
walmart_amazon,walmart_amazon_1060_4728,boolean,paraphrase,0.95
walmart_amazon,walmart_amazon_1060_4728,boolean,flip,0.0
walmart_amazon,walmart_amazon_1060_4728,boolean,no_answer,0.0
walmart_amazon,walmart_amazon_1060_4728,boolean,hedge,0.3
walmart_amazon,walmart_amazon_1067_16316,boolean,identity,1.0
walmart_amazon,walmart_amazon_1067_16316,boolean,verbose,1.0
walmart_amazon,walmart_amazon_1067_16316,boolean,tagged,1.0
walmart_amazon,walmart_amazon_1067_16316,boolean,paraphrase,0.95
walmart_amazon,walmart_amazon_1067_16316,boolean,flip,0.0
walmart_amazon,walmart_amazon_1067_16316,boolean,no_answer,0.0
walmart_amazon,walmart_amazon_1067_16316,boolean,hedge,0.3
walmart_amazon,walmart_amazon_1092_13747,boolean,identity,1.0
walmart_amazon,walmart_amazon_1092_13747,boolean,verbose,1.0
walmart_amazon,walmart_amazon_1092_13747,boolean,tagged,1.0
walmart_amazon,walmart_amazon_1092_13747,boolean,paraphrase,0.95
walmart_amazon,walmart_amazon_1092_13747,boolean,flip,0.0
walmart_amazon,walmart_amazon_1092_13747,boolean,no_answer,0.0
walmart_amazon,walmart_amazon_1092_13747,boolean,hedge,0.3
walmart_amazon,walmart_amazon_1107_12700,boolean,identity,1.0
walmart_amazon,walmart_amazon_1107_12700,boolean,verbose,1.0
walmart_amazon,walmart_amazon_1107_12700,boolean,tagged,1.0
walmart_amazon,walmart_amazon_1107_12700,boolean,paraphrase,0.95
walmart_amazon,walmart_amazon_1107_12700,boolean,flip,0.0
walmart_amazon,walmart_amazon_1107_12700,boolean,no_answer,0.0
walmart_amazon,walmart_amazon_1107_12700,boolean,hedge,0.3
walmart_amazon,walmart_amazon_1129_10598,boolean,identity,1.0
walmart_amazon,walmart_amazon_1129_10598,boolean,verbose,1.0
walmart_amazon,walmart_amazon_1129_10598,boolean,tagged,1.0
walmart_amazon,walmart_amazon_1129_10598,boolean,paraphrase,0.95
walmart_amazon,walmart_amazon_1129_10598,boolean,flip,0.0
walmart_amazon,walmart_amazon_1129_10598,boolean,no_answer,0.0
walmart_amazon,walmart_amazon_1129_10598,boolean,hedge,0.3
walmart_amazon,walmart_amazon_1132_17561,boolean,identity,1.0
walmart_amazon,walmart_amazon_1132_17561,boolean,verbose,1.0
walmart_amazon,walmart_amazon_1132_17561,boolean,tagged,1.0
walmart_amazon,walmart_amazon_1132_17561,boolean,paraphrase,0.95
walmart_amazon,walmart_amazon_1132_17561,boolean,flip,0.0
walmart_amazon,walmart_amazon_1132_17561,boolean,no_answer,0.0
walmart_amazon,walmart_amazon_1132_17561,boolean,hedge,0.3
walmart_amazon,walmart_amazon_1138_9085,boolean,identity,1.0
walmart_amazon,walmart_amazon_1138_9085,boolean,verbose,1.0
walmart_amazon,walmart_amazon_1138_9085,boolean,tagged,1.0
walmart_amazon,walmart_amazon_1138_9085,boolean,paraphrase,0.95
walmart_amazon,walmart_amazon_1138_9085,boolean,flip,0.0
walmart_amazon,walmart_amazon_1138_9085,boolean,no_answer,0.0
walmart_amazon,walmart_amazon_1138_9085,boolean,hedge,0.3
walmart_amazon,walmart_amazon_114_9223,boolean,identity,1.0
walmart_amazon,walmart_amazon_114_9223,boolean,verbose,1.0
walmart_amazon,walmart_amazon_114_9223,boolean,tagged,1.0
walmart_amazon,walmart_amazon_114_9223,boolean,paraphrase,0.95
walmart_amazon,walmart_amazon_114_9223,boolean,flip,0.0
walmart_amazon,walmart_amazon_114_9223,boolean,no_answer,0.0
walmart_amazon,walmart_amazon_114_9223,boolean,hedge,0.3
walmart_amazon,walmart_amazon_1155_4919,boolean,identity,1.0
walmart_amazon,walmart_amazon_1155_4919,boolean,verbose,1.0
walmart_amazon,walmart_amazon_1155_4919,boolean,tagged,1.0
walmart_amazon,walmart_amazon_1155_4919,boolean,paraphrase,0.95
walmart_amazon,walmart_amazon_1155_4919,boolean,flip,0.0
walmart_amazon,walmart_amazon_1155_4919,boolean,no_answer,0.0
walmart_amazon,walmart_amazon_1155_4919,boolean,hedge,0.3
walmart_amazon,walmart_amazon_1194_14916,boolean,identity,1.0
walmart_amazon,walmart_amazon_1194_14916,boolean,verbose,1.0
walmart_amazon,walmart_amazon_1194_14916,boolean,tagged,1.0
walmart_amazon,walmart_amazon_1194_14916,boolean,paraphrase,0.95
walmart_amazon,walmart_amazon_1194_14916,boolean,flip,0.0
walmart_amazon,walmart_amazon_1194_14916,boolean,no_answer,0.0
walmart_amazon,walmart_amazon_1194_14916,boolean,hedge,0.3
walmart_amazon,walmart_amazon_1207_6898,boolean,identity,1.0
walmart_amazon,walmart_amazon_1207_6898,boolean,verbose,1.0
walmart_amazon,walmart_amazon_1207_6898,boolean,tagged,1.0
walmart_amazon,walmart_amazon_1207_6898,boolean,paraphrase,0.95
walmart_amazon,walmart_amazon_1207_6898,boolean,flip,0.0
walmart_amazon,walmart_amazon_1207_6898,boolean,no_answer,0.0
walmart_amazon,walmart_amazon_1207_6898,boolean,hedge,0.3
walmart_amazon,walmart_amazon_1208_16352,boolean,identity,1.0
walmart_amazon,walmart_amazon_1208_16352,boolean,verbose,1.0
walmart_amazon,walmart_amazon_1208_16352,boolean,tagged,1.0
walmart_amazon,walmart_amazon_1208_16352,boolean,paraphrase,0.95
walmart_amazon,walmart_amazon_1208_16352,boolean,flip,0.0
walmart_amazon,walmart_amazon_1208_16352,boolean,no_answer,0.0
walmart_amazon,walmart_amazon_1208_16352,boolean,hedge,0.3
walmart_amazon,walmart_amazon_1223_2025,boolean,identity,1.0
walmart_amazon,walmart_amazon_1223_2025,boolean,verbose,1.0
walmart_amazon,walmart_amazon_1223_2025,boolean,tagged,1.0
walmart_amazon,walmart_amazon_1223_2025,boolean,paraphrase,0.95
walmart_amazon,walmart_amazon_1223_2025,boolean,flip,0.0
walmart_amazon,walmart_amazon_1223_2025,boolean,no_answer,0.0
walmart_amazon,walmart_amazon_1223_2025,boolean,hedge,0.3
walmart_amazon,walmart_amazon_1224_8070,boolean,identity,1.0
walmart_amazon,walmart_amazon_1224_8070,boolean,verbose,1.0
walmart_amazon,walmart_amazon_1224_8070,boolean,tagged,1.0
walmart_amazon,walmart_amazon_1224_8070,boolean,paraphrase,0.95
walmart_amazon,walmart_amazon_1224_8070,boolean,flip,0.0
walmart_amazon,walmart_amazon_1224_8070,boolean,no_answer,0.0
walmart_amazon,walmart_amazon_1224_8070,boolean,hedge,0.3
walmart_amazon,walmart_amazon_1244_10288,boolean,identity,1.0
walmart_amazon,walmart_amazon_1244_10288,boolean,verbose,1.0
walmart_amazon,walmart_amazon_1244_10288,boolean,tagged,1.0
walmart_amazon,walmart_amazon_1244_10288,boolean,paraphrase,0.95
walmart_amazon,walmart_amazon_1244_10288,boolean,flip,0.0
walmart_amazon,walmart_amazon_1244_10288,boolean,no_answer,0.0
walmart_amazon,walmart_amazon_1244_10288,boolean,hedge,0.3
walmart_amazon,walmart_amazon_1248_16298,boolean,identity,1.0
walmart_amazon,walmart_amazon_1248_16298,boolean,verbose,1.0
walmart_amazon,walmart_amazon_1248_16298,boolean,tagged,1.0
walmart_amazon,walmart_amazon_1248_16298,boolean,paraphrase,0.95
walmart_amazon,walmart_amazon_1248_16298,boolean,flip,0.0
walmart_amazon,walmart_amazon_1248_16298,boolean,no_answer,0.0
walmart_amazon,walmart_amazon_1248_16298,boolean,hedge,0.3
walmart_amazon,walmart_amazon_1257_805,boolean,identity,1.0
walmart_amazon,walmart_amazon_1257_805,boolean,verbose,1.0
walmart_amazon,walmart_amazon_1257_805,boolean,tagged,1.0
walmart_amazon,walmart_amazon_1257_805,boolean,paraphrase,0.95
walmart_amazon,walmart_amazon_1257_805,boolean,flip,0.0
walmart_amazon,walmart_amazon_1257_805,boolean,no_answer,0.0
walmart_amazon,walmart_amazon_1257_805,boolean,hedge,0.3
walmart_amazon,walmart_amazon_1296_12781,boolean,identity,1.0
walmart_amazon,walmart_amazon_1296_12781,boolean,verbose,1.0
walmart_amazon,walmart_amazon_1296_12781,boolean,tagged,1.0
walmart_amazon,walmart_amazon_1296_12781,boolean,paraphrase,0.95
walmart_amazon,walmart_amazon_1296_12781,boolean,flip,0.0
walmart_amazon,walmart_amazon_1296_12781,boolean,no_answer,0.0
walmart_amazon,walmart_amazon_1296_12781,boolean,hedge,0.3
walmart_amazon,walmart_amazon_1305_2558,boolean,identity,1.0
walmart_amazon,walmart_amazon_1305_2558,boolean,verbose,1.0
walmart_amazon,walmart_amazon_1305_2558,boolean,tagged,1.0
walmart_amazon,walmart_amazon_1305_2558,boolean,paraphrase,0.95
walmart_amazon,walmart_amazon_1305_2558,boolean,flip,0.0
walmart_amazon,walmart_amazon_1305_2558,boolean,no_answer,0.0
walmart_amazon,walmart_amazon_1305_2558,boolean,hedge,0.3
walmart_amazon,walmart_amazon_1325_10507,boolean,identity,1.0
walmart_amazon,walmart_amazon_1325_10507,boolean,verbose,1.0
walmart_amazon,walmart_amazon_1325_10507,boolean,tagged,1.0
walmart_amazon,walmart_amazon_1325_10507,boolean,paraphrase,0.95
walmart_amazon,walmart_amazon_1325_10507,boolean,flip,0.0
walmart_amazon,walmart_amazon_1325_10507,boolean,no_answer,0.0
walmart_amazon,walmart_amazon_1325_10507,boolean,hedge,0.3
walmart_amazon,walmart_amazon_1334_10549,boolean,identity,1.0
walmart_amazon,walmart_amazon_1334_10549,boolean,verbose,1.0
walmart_amazon,walmart_amazon_1334_10549,boolean,tagged,1.0
walmart_amazon,walmart_amazon_1334_10549,boolean,paraphrase,0.95
walmart_amazon,walmart_amazon_1334_10549,boolean,flip,0.0
walmart_amazon,walmart_amazon_1334_10549,boolean,no_answer,0.0
walmart_amazon,walmart_amazon_1334_10549,boolean,hedge,0.3
walmart_amazon,walmart_amazon_1345_20145,boolean,identity,1.0
walmart_amazon,walmart_amazon_1345_20145,boolean,verbose,1.0
walmart_amazon,walmart_amazon_1345_20145,boolean,tagged,1.0
walmart_amazon,walmart_amazon_1345_20145,boolean,paraphrase,0.95
walmart_amazon,walmart_amazon_1345_20145,boolean,flip,0.0
walmart_amazon,walmart_amazon_1345_20145,boolean,no_answer,0.0
walmart_amazon,walmart_amazon_1345_20145,boolean,hedge,0.3
walmart_amazon,walmart_amazon_1355_559,boolean,identity,1.0
walmart_amazon,walmart_amazon_1355_559,boolean,verbose,1.0
walmart_amazon,walmart_amazon_1355_559,boolean,tagged,1.0
walmart_amazon,walmart_amazon_1355_559,boolean,paraphrase,0.95
walmart_amazon,walmart_amazon_1355_559,boolean,flip,0.0
walmart_amazon,walmart_amazon_1355_559,boolean,no_answer,0.0
walmart_amazon,walmart_amazon_1355_559,boolean,hedge,0.3
walmart_amazon,walmart_amazon_1404_20002,boolean,identity,1.0
walmart_amazon,walmart_amazon_1404_20002,boolean,verbose,1.0
walmart_amazon,walmart_amazon_1404_20002,boolean,tagged,1.0
walmart_amazon,walmart_amazon_1404_20002,boolean,paraphrase,0.95
walmart_amazon,walmart_amazon_1404_20002,boolean,flip,0.0
walmart_amazon,walmart_amazon_1404_20002,boolean,no_answer,0.0
walmart_amazon,walmart_amazon_1404_20002,boolean,hedge,0.3
walmart_amazon,walmart_amazon_145_15891,boolean,identity,1.0
walmart_amazon,walmart_amazon_145_15891,boolean,verbose,1.0
walmart_amazon,walmart_amazon_145_15891,boolean,tagged,1.0
walmart_amazon,walmart_amazon_145_15891,boolean,paraphrase,0.95
walmart_amazon,walmart_amazon_145_15891,boolean,flip,0.0
walmart_amazon,walmart_amazon_145_15891,boolean,no_answer,0.0
walmart_amazon,walmart_amazon_145_15891,boolean,hedge,0.3
walmart_amazon,walmart_amazon_1475_12654,boolean,identity,1.0
walmart_amazon,walmart_amazon_1475_12654,boolean,verbose,1.0
walmart_amazon,walmart_amazon_1475_12654,boolean,tagged,1.0
walmart_amazon,walmart_amazon_1475_12654,boolean,paraphrase,0.95
walmart_amazon,walmart_amazon_1475_12654,boolean,flip,0.0
walmart_amazon,walmart_amazon_1475_12654,boolean,no_answer,0.0
walmart_amazon,walmart_amazon_1475_12654,boolean,hedge,0.3
walmart_amazon,walmart_amazon_1498_5234,boolean,identity,1.0
walmart_amazon,walmart_amazon_1498_5234,boolean,verbose,1.0
walmart_amazon,walmart_amazon_1498_5234,boolean,tagged,1.0
walmart_amazon,walmart_amazon_1498_5234,boolean,paraphrase,0.95
walmart_amazon,walmart_amazon_1498_5234,boolean,flip,0.0
walmart_amazon,walmart_amazon_1498_5234,boolean,no_answer,0.0
walmart_amazon,walmart_amazon_1498_5234,boolean,hedge,0.3
walmart_amazon,walmart_amazon_1499_4637,boolean,identity,1.0
walmart_amazon,walmart_amazon_1499_4637,boolean,verbose,1.0
walmart_amazon,walmart_amazon_1499_4637,boolean,tagged,1.0
walmart_amazon,walmart_amazon_1499_4637,boolean,paraphrase,0.95
walmart_amazon,walmart_amazon_1499_4637,boolean,flip,0.0
walmart_amazon,walmart_amazon_1499_4637,boolean,no_answer,0.0
walmart_amazon,walmart_amazon_1499_4637,boolean,hedge,0.3
walmart_amazon,walmart_amazon_1534_1090,boolean,identity,1.0
walmart_amazon,walmart_amazon_1534_1090,boolean,verbose,1.0
walmart_amazon,walmart_amazon_1534_1090,boolean,tagged,1.0
walmart_amazon,walmart_amazon_1534_1090,boolean,paraphrase,0.95
walmart_amazon,walmart_amazon_1534_1090,boolean,flip,0.0
walmart_amazon,walmart_amazon_1534_1090,boolean,no_answer,0.0
walmart_amazon,walmart_amazon_1534_1090,boolean,hedge,0.3
walmart_amazon,walmart_amazon_1565_19627,boolean,identity,1.0
walmart_amazon,walmart_amazon_1565_19627,boolean,verbose,1.0
walmart_amazon,walmart_amazon_1565_19627,boolean,tagged,1.0
walmart_amazon,walmart_amazon_1565_19627,boolean,paraphrase,0.95
walmart_amazon,walmart_amazon_1565_19627,boolean,flip,0.0
walmart_amazon,walmart_amazon_1565_19627,boolean,no_answer,0.0
walmart_amazon,walmart_amazon_1565_19627,boolean,hedge,0.3
walmart_amazon,walmart_amazon_1589_2645,boolean,identity,1.0
walmart_amazon,walmart_amazon_1589_2645,boolean,verbose,1.0
walmart_amazon,walmart_amazon_1589_2645,boolean,tagged,1.0
walmart_amazon,walmart_amazon_1589_2645,boolean,paraphrase,0.95
walmart_amazon,walmart_amazon_1589_2645,boolean,flip,0.0
walmart_amazon,walmart_amazon_1589_2645,boolean,no_answer,0.0
walmart_amazon,walmart_amazon_1589_2645,boolean,hedge,0.3
walmart_amazon,walmart_amazon_15_17810,boolean,identity,1.0
walmart_amazon,walmart_amazon_15_17810,boolean,verbose,1.0
walmart_amazon,walmart_amazon_15_17810,boolean,tagged,1.0
walmart_amazon,walmart_amazon_15_17810,boolean,paraphrase,0.95
walmart_amazon,walmart_amazon_15_17810,boolean,flip,0.0
walmart_amazon,walmart_amazon_15_17810,boolean,no_answer,0.0
walmart_amazon,walmart_amazon_15_17810,boolean,hedge,0.3
walmart_amazon,walmart_amazon_1600_10082,boolean,identity,1.0
walmart_amazon,walmart_amazon_1600_10082,boolean,verbose,1.0
walmart_amazon,walmart_amazon_1600_10082,boolean,tagged,1.0
walmart_amazon,walmart_amazon_1600_10082,boolean,paraphrase,0.95
walmart_amazon,walmart_amazon_1600_10082,boolean,flip,0.0
walmart_amazon,walmart_amazon_1600_10082,boolean,no_answer,0.0
walmart_amazon,walmart_amazon_1600_10082,boolean,hedge,0.3
walmart_amazon,walmart_amazon_1610_10450,boolean,identity,1.0
walmart_amazon,walmart_amazon_1610_10450,boolean,verbose,1.0
walmart_amazon,walmart_amazon_1610_10450,boolean,tagged,1.0
walmart_amazon,walmart_amazon_1610_10450,boolean,paraphrase,0.95
walmart_amazon,walmart_amazon_1610_10450,boolean,flip,0.0
walmart_amazon,walmart_amazon_1610_10450,boolean,no_answer,0.0
walmart_amazon,walmart_amazon_1610_10450,boolean,hedge,0.3
walmart_amazon,walmart_amazon_1624_5013,boolean,identity,1.0
walmart_amazon,walmart_amazon_1624_5013,boolean,verbose,1.0
walmart_amazon,walmart_amazon_1624_5013,boolean,tagged,1.0
walmart_amazon,walmart_amazon_1624_5013,boolean,paraphrase,0.95
walmart_amazon,walmart_amazon_1624_5013,boolean,flip,0.0
walmart_amazon,walmart_amazon_1624_5013,boolean,no_answer,0.0
walmart_amazon,walmart_amazon_1624_5013,boolean,hedge,0.3
walmart_amazon,walmart_amazon_1626_8661,boolean,identity,1.0
walmart_amazon,walmart_amazon_1626_8661,boolean,verbose,1.0
walmart_amazon,walmart_amazon_1626_8661,boolean,tagged,1.0
walmart_amazon,walmart_amazon_1626_8661,boolean,paraphrase,0.95
walmart_amazon,walmart_amazon_1626_8661,boolean,flip,0.0
walmart_amazon,walmart_amazon_1626_8661,boolean,no_answer,0.0
walmart_amazon,walmart_amazon_1626_8661,boolean,hedge,0.3
walmart_amazon,walmart_amazon_1653_1649,boolean,identity,1.0
walmart_amazon,walmart_amazon_1653_1649,boolean,verbose,1.0
walmart_amazon,walmart_amazon_1653_1649,boolean,tagged,1.0
walmart_amazon,walmart_amazon_1653_1649,boolean,paraphrase,0.95
walmart_amazon,walmart_amazon_1653_1649,boolean,flip,0.0
walmart_amazon,walmart_amazon_1653_1649,boolean,no_answer,0.0
walmart_amazon,walmart_amazon_1653_1649,boolean,hedge,0.3
walmart_amazon,walmart_amazon_166_13427,boolean,identity,1.0
walmart_amazon,walmart_amazon_166_13427,boolean,verbose,1.0
walmart_amazon,walmart_amazon_166_13427,boolean,tagged,1.0
walmart_amazon,walmart_amazon_166_13427,boolean,paraphrase,0.95
walmart_amazon,walmart_amazon_166_13427,boolean,flip,0.0
walmart_amazon,walmart_amazon_166_13427,boolean,no_answer,0.0
walmart_amazon,walmart_amazon_166_13427,boolean,hedge,0.3
walmart_amazon,walmart_amazon_1686_16123,boolean,identity,1.0
walmart_amazon,walmart_amazon_1686_16123,boolean,verbose,1.0
walmart_amazon,walmart_amazon_1686_16123,boolean,tagged,1.0
walmart_amazon,walmart_amazon_1686_16123,boolean,paraphrase,0.95
walmart_amazon,walmart_amazon_1686_16123,boolean,flip,0.0
walmart_amazon,walmart_amazon_1686_16123,boolean,no_answer,0.0
walmart_amazon,walmart_amazon_1686_16123,boolean,hedge,0.3
walmart_amazon,walmart_amazon_1695_21487,boolean,identity,1.0
walmart_amazon,walmart_amazon_1695_21487,boolean,verbose,1.0
walmart_amazon,walmart_amazon_1695_21487,boolean,tagged,1.0
walmart_amazon,walmart_amazon_1695_21487,boolean,paraphrase,0.95
walmart_amazon,walmart_amazon_1695_21487,boolean,flip,0.0
walmart_amazon,walmart_amazon_1695_21487,boolean,no_answer,0.0
walmart_amazon,walmart_amazon_1695_21487,boolean,hedge,0.3
walmart_amazon,walmart_amazon_1697_21667,boolean,identity,1.0
walmart_amazon,walmart_amazon_1697_21667,boolean,verbose,1.0
walmart_amazon,walmart_amazon_1697_21667,boolean,tagged,1.0
walmart_amazon,walmart_amazon_1697_21667,boolean,paraphrase,0.95
walmart_amazon,walmart_amazon_1697_21667,boolean,flip,0.0
walmart_amazon,walmart_amazon_1697_21667,boolean,no_answer,0.0
walmart_amazon,walmart_amazon_1697_21667,boolean,hedge,0.3
walmart_amazon,walmart_amazon_1698_17173,boolean,identity,1.0
walmart_amazon,walmart_amazon_1698_17173,boolean,verbose,1.0
walmart_amazon,walmart_amazon_1698_17173,boolean,tagged,1.0
walmart_amazon,walmart_amazon_1698_17173,boolean,paraphrase,0.95
walmart_amazon,walmart_amazon_1698_17173,boolean,flip,0.0
walmart_amazon,walmart_amazon_1698_17173,boolean,no_answer,0.0
walmart_amazon,walmart_amazon_1698_17173,boolean,hedge,0.3
walmart_amazon,walmart_amazon_1699_17103,boolean,identity,1.0
walmart_amazon,walmart_amazon_1699_17103,boolean,verbose,1.0
walmart_amazon,walmart_amazon_1699_17103,boolean,tagged,1.0
walmart_amazon,walmart_amazon_1699_17103,boolean,paraphrase,0.95
walmart_amazon,walmart_amazon_1699_17103,boolean,flip,0.0
walmart_amazon,walmart_amazon_1699_17103,boolean,no_answer,0.0
walmart_amazon,walmart_amazon_1699_17103,boolean,hedge,0.3
walmart_amazon,walmart_amazon_1699_17717,boolean,identity,1.0
walmart_amazon,walmart_amazon_1699_17717,boolean,verbose,1.0
walmart_amazon,walmart_amazon_1699_17717,boolean,tagged,1.0
walmart_amazon,walmart_amazon_1699_17717,boolean,paraphrase,0.95
walmart_amazon,walmart_amazon_1699_17717,boolean,flip,0.0
walmart_amazon,walmart_amazon_1699_17717,boolean,no_answer,0.0
walmart_amazon,walmart_amazon_1699_17717,boolean,hedge,0.3
walmart_amazon,walmart_amazon_1717_17261,boolean,identity,1.0
walmart_amazon,walmart_amazon_1717_17261,boolean,verbose,1.0
walmart_amazon,walmart_amazon_1717_17261,boolean,tagged,1.0
walmart_amazon,walmart_amazon_1717_17261,boolean,paraphrase,0.95
walmart_amazon,walmart_amazon_1717_17261,boolean,flip,0.0
walmart_amazon,walmart_amazon_1717_17261,boolean,no_answer,0.0
walmart_amazon,walmart_amazon_1717_17261,boolean,hedge,0.3
walmart_amazon,walmart_amazon_1728_12125,boolean,identity,1.0
walmart_amazon,walmart_amazon_1728_12125,boolean,verbose,1.0
walmart_amazon,walmart_amazon_1728_12125,boolean,tagged,1.0
walmart_amazon,walmart_amazon_1728_12125,boolean,paraphrase,0.95
walmart_amazon,walmart_amazon_1728_12125,boolean,flip,0.0
walmart_amazon,walmart_amazon_1728_12125,boolean,no_answer,0.0
walmart_amazon,walmart_amazon_1728_12125,boolean,hedge,0.3
walmart_amazon,walmart_amazon_1758_13845,boolean,identity,1.0
walmart_amazon,walmart_amazon_1758_13845,boolean,verbose,1.0
walmart_amazon,walmart_amazon_1758_13845,boolean,tagged,1.0
walmart_amazon,walmart_amazon_1758_13845,boolean,paraphrase,0.95
walmart_amazon,walmart_amazon_1758_13845,boolean,flip,0.0
walmart_amazon,walmart_amazon_1758_13845,boolean,no_answer,0.0
walmart_amazon,walmart_amazon_1758_13845,boolean,hedge,0.3
walmart_amazon,walmart_amazon_1761_12647,boolean,identity,1.0
walmart_amazon,walmart_amazon_1761_12647,boolean,verbose,1.0
walmart_amazon,walmart_amazon_1761_12647,boolean,tagged,1.0
walmart_amazon,walmart_amazon_1761_12647,boolean,paraphrase,0.95
walmart_amazon,walmart_amazon_1761_12647,boolean,flip,0.0
walmart_amazon,walmart_amazon_1761_12647,boolean,no_answer,0.0
walmart_amazon,walmart_amazon_1761_12647,boolean,hedge,0.3
walmart_amazon,walmart_amazon_1810_577,boolean,identity,1.0
walmart_amazon,walmart_amazon_1810_577,boolean,verbose,1.0
walmart_amazon,walmart_amazon_1810_577,boolean,tagged,1.0
walmart_amazon,walmart_amazon_1810_577,boolean,paraphrase,0.95
walmart_amazon,walmart_amazon_1810_577,boolean,flip,0.0
walmart_amazon,walmart_amazon_1810_577,boolean,no_answer,0.0
walmart_amazon,walmart_amazon_1810_577,boolean,hedge,0.3
walmart_amazon,walmart_amazon_1831_14644,boolean,identity,1.0
walmart_amazon,walmart_amazon_1831_14644,boolean,verbose,1.0
walmart_amazon,walmart_amazon_1831_14644,boolean,tagged,1.0
walmart_amazon,walmart_amazon_1831_14644,boolean,paraphrase,0.95
walmart_amazon,walmart_amazon_1831_14644,boolean,flip,0.0
walmart_amazon,walmart_amazon_1831_14644,boolean,no_answer,0.0
walmart_amazon,walmart_amazon_1831_14644,boolean,hedge,0.3
walmart_amazon,walmart_amazon_1853_20767,boolean,identity,1.0
walmart_amazon,walmart_amazon_1853_20767,boolean,verbose,1.0
walmart_amazon,walmart_amazon_1853_20767,boolean,tagged,1.0
walmart_amazon,walmart_amazon_1853_20767,boolean,paraphrase,0.95
walmart_amazon,walmart_amazon_1853_20767,boolean,flip,0.0
walmart_amazon,walmart_amazon_1853_20767,boolean,no_answer,0.0
walmart_amazon,walmart_amazon_1853_20767,boolean,hedge,0.3
walmart_amazon,walmart_amazon_186_1928,boolean,identity,1.0
walmart_amazon,walmart_amazon_186_1928,boolean,verbose,1.0
walmart_amazon,walmart_amazon_186_1928,boolean,tagged,1.0
walmart_amazon,walmart_amazon_186_1928,boolean,paraphrase,0.95
walmart_amazon,walmart_amazon_186_1928,boolean,flip,0.0
walmart_amazon,walmart_amazon_186_1928,boolean,no_answer,0.0
walmart_amazon,walmart_amazon_186_1928,boolean,hedge,0.3
walmart_amazon,walmart_amazon_1888_14169,boolean,identity,1.0
walmart_amazon,walmart_amazon_1888_14169,boolean,verbose,1.0
walmart_amazon,walmart_amazon_1888_14169,boolean,tagged,1.0
walmart_amazon,walmart_amazon_1888_14169,boolean,paraphrase,0.95
walmart_amazon,walmart_amazon_1888_14169,boolean,flip,0.0
walmart_amazon,walmart_amazon_1888_14169,boolean,no_answer,0.0
walmart_amazon,walmart_amazon_1888_14169,boolean,hedge,0.3
walmart_amazon,walmart_amazon_1888_6729,boolean,identity,1.0
walmart_amazon,walmart_amazon_1888_6729,boolean,verbose,1.0
walmart_amazon,walmart_amazon_1888_6729,boolean,tagged,1.0
walmart_amazon,walmart_amazon_1888_6729,boolean,paraphrase,0.95
walmart_amazon,walmart_amazon_1888_6729,boolean,flip,0.0
walmart_amazon,walmart_amazon_1888_6729,boolean,no_answer,0.0
walmart_amazon,walmart_amazon_1888_6729,boolean,hedge,0.3
walmart_amazon,walmart_amazon_1931_11214,boolean,identity,1.0
walmart_amazon,walmart_amazon_1931_11214,boolean,verbose,1.0
walmart_amazon,walmart_amazon_1931_11214,boolean,tagged,1.0
walmart_amazon,walmart_amazon_1931_11214,boolean,paraphrase,0.95
walmart_amazon,walmart_amazon_1931_11214,boolean,flip,0.0
walmart_amazon,walmart_amazon_1931_11214,boolean,no_answer,0.0
walmart_amazon,walmart_amazon_1931_11214,boolean,hedge,0.3
walmart_amazon,walmart_amazon_194_5431,boolean,identity,1.0
walmart_amazon,walmart_amazon_194_5431,boolean,verbose,1.0
walmart_amazon,walmart_amazon_194_5431,boolean,tagged,1.0
walmart_amazon,walmart_amazon_194_5431,boolean,paraphrase,0.95
walmart_amazon,walmart_amazon_194_5431,boolean,flip,0.0
walmart_amazon,walmart_amazon_194_5431,boolean,no_answer,0.0
walmart_amazon,walmart_amazon_194_5431,boolean,hedge,0.3
walmart_amazon,walmart_amazon_1972_3590,boolean,identity,1.0
walmart_amazon,walmart_amazon_1972_3590,boolean,verbose,1.0
walmart_amazon,walmart_amazon_1972_3590,boolean,tagged,1.0
walmart_amazon,walmart_amazon_1972_3590,boolean,paraphrase,0.95
walmart_amazon,walmart_amazon_1972_3590,boolean,flip,0.0
walmart_amazon,walmart_amazon_1972_3590,boolean,no_answer,0.0
walmart_amazon,walmart_amazon_1972_3590,boolean,hedge,0.3
walmart_amazon,walmart_amazon_1992_20767,boolean,identity,1.0
walmart_amazon,walmart_amazon_1992_20767,boolean,verbose,1.0
walmart_amazon,walmart_amazon_1992_20767,boolean,tagged,1.0
walmart_amazon,walmart_amazon_1992_20767,boolean,paraphrase,0.95
walmart_amazon,walmart_amazon_1992_20767,boolean,flip,0.0
walmart_amazon,walmart_amazon_1992_20767,boolean,no_answer,0.0
walmart_amazon,walmart_amazon_1992_20767,boolean,hedge,0.3
walmart_amazon,walmart_amazon_2004_1747,boolean,identity,1.0
walmart_amazon,walmart_amazon_2004_1747,boolean,verbose,1.0
walmart_amazon,walmart_amazon_2004_1747,boolean,tagged,1.0
walmart_amazon,walmart_amazon_2004_1747,boolean,paraphrase,0.95
walmart_amazon,walmart_amazon_2004_1747,boolean,flip,0.0
walmart_amazon,walmart_amazon_2004_1747,boolean,no_answer,0.0
walmart_amazon,walmart_amazon_2004_1747,boolean,hedge,0.3
walmart_amazon,walmart_amazon_2018_11227,boolean,identity,1.0
walmart_amazon,walmart_amazon_2018_11227,boolean,verbose,1.0
walmart_amazon,walmart_amazon_2018_11227,boolean,tagged,1.0
walmart_amazon,walmart_amazon_2018_11227,boolean,paraphrase,0.95
walmart_amazon,walmart_amazon_2018_11227,boolean,flip,0.0
walmart_amazon,walmart_amazon_2018_11227,boolean,no_answer,0.0
walmart_amazon,walmart_amazon_2018_11227,boolean,hedge,0.3
walmart_amazon,walmart_amazon_2020_2819,boolean,identity,1.0
walmart_amazon,walmart_amazon_2020_2819,boolean,verbose,1.0
walmart_amazon,walmart_amazon_2020_2819,boolean,tagged,1.0
walmart_amazon,walmart_amazon_2020_2819,boolean,paraphrase,0.95
walmart_amazon,walmart_amazon_2020_2819,boolean,flip,0.0
walmart_amazon,walmart_amazon_2020_2819,boolean,no_answer,0.0
walmart_amazon,walmart_amazon_2020_2819,boolean,hedge,0.3
walmart_amazon,walmart_amazon_2087_11143,boolean,identity,1.0
walmart_amazon,walmart_amazon_2087_11143,boolean,verbose,1.0
walmart_amazon,walmart_amazon_2087_11143,boolean,tagged,1.0
walmart_amazon,walmart_amazon_2087_11143,boolean,paraphrase,0.95
walmart_amazon,walmart_amazon_2087_11143,boolean,flip,0.0
walmart_amazon,walmart_amazon_2087_11143,boolean,no_answer,0.0
walmart_amazon,walmart_amazon_2087_11143,boolean,hedge,0.3
walmart_amazon,walmart_amazon_2100_20731,boolean,identity,1.0
walmart_amazon,walmart_amazon_2100_20731,boolean,verbose,1.0
walmart_amazon,walmart_amazon_2100_20731,boolean,tagged,1.0
walmart_amazon,walmart_amazon_2100_20731,boolean,paraphrase,0.95
walmart_amazon,walmart_amazon_2100_20731,boolean,flip,0.0
walmart_amazon,walmart_amazon_2100_20731,boolean,no_answer,0.0
walmart_amazon,walmart_amazon_2100_20731,boolean,hedge,0.3
walmart_amazon,walmart_amazon_2118_20621,boolean,identity,1.0
walmart_amazon,walmart_amazon_2118_20621,boolean,verbose,1.0
walmart_amazon,walmart_amazon_2118_20621,boolean,tagged,1.0
walmart_amazon,walmart_amazon_2118_20621,boolean,paraphrase,0.95
walmart_amazon,walmart_amazon_2118_20621,boolean,flip,0.0
walmart_amazon,walmart_amazon_2118_20621,boolean,no_answer,0.0
walmart_amazon,walmart_amazon_2118_20621,boolean,hedge,0.3
walmart_amazon,walmart_amazon_2121_6476,boolean,identity,1.0
walmart_amazon,walmart_amazon_2121_6476,boolean,verbose,1.0
walmart_amazon,walmart_amazon_2121_6476,boolean,tagged,1.0
walmart_amazon,walmart_amazon_2121_6476,boolean,paraphrase,0.95
walmart_amazon,walmart_amazon_2121_6476,boolean,flip,0.0
walmart_amazon,walmart_amazon_2121_6476,boolean,no_answer,0.0
walmart_amazon,walmart_amazon_2121_6476,boolean,hedge,0.3
walmart_amazon,walmart_amazon_2136_19006,boolean,identity,1.0
walmart_amazon,walmart_amazon_2136_19006,boolean,verbose,1.0
walmart_amazon,walmart_amazon_2136_19006,boolean,tagged,1.0
walmart_amazon,walmart_amazon_2136_19006,boolean,paraphrase,0.95
walmart_amazon,walmart_amazon_2136_19006,boolean,flip,0.0
walmart_amazon,walmart_amazon_2136_19006,boolean,no_answer,0.0
walmart_amazon,walmart_amazon_2136_19006,boolean,hedge,0.3
walmart_amazon,walmart_amazon_2136_8756,boolean,identity,1.0
walmart_amazon,walmart_amazon_2136_8756,boolean,verbose,1.0
walmart_amazon,walmart_amazon_2136_8756,boolean,tagged,1.0
walmart_amazon,walmart_amazon_2136_8756,boolean,paraphrase,0.95
walmart_amazon,walmart_amazon_2136_8756,boolean,flip,0.0
walmart_amazon,walmart_amazon_2136_8756,boolean,no_answer,0.0
walmart_amazon,walmart_amazon_2136_8756,boolean,hedge,0.3
walmart_amazon,walmart_amazon_2145_2754,boolean,identity,1.0
walmart_amazon,walmart_amazon_2145_2754,boolean,verbose,1.0
walmart_amazon,walmart_amazon_2145_2754,boolean,tagged,1.0
walmart_amazon,walmart_amazon_2145_2754,boolean,paraphrase,0.95
walmart_amazon,walmart_amazon_2145_2754,boolean,flip,0.0
walmart_amazon,walmart_amazon_2145_2754,boolean,no_answer,0.0
walmart_amazon,walmart_amazon_2145_2754,boolean,hedge,0.3
walmart_amazon,walmart_amazon_2188_10603,boolean,identity,1.0
walmart_amazon,walmart_amazon_2188_10603,boolean,verbose,1.0
walmart_amazon,walmart_amazon_2188_10603,boolean,tagged,1.0
walmart_amazon,walmart_amazon_2188_10603,boolean,paraphrase,0.95
walmart_amazon,walmart_amazon_2188_10603,boolean,flip,0.0
walmart_amazon,walmart_amazon_2188_10603,boolean,no_answer,0.0
walmart_amazon,walmart_amazon_2188_10603,boolean,hedge,0.3
walmart_amazon,walmart_amazon_218_13087,boolean,identity,1.0
walmart_amazon,walmart_amazon_218_13087,boolean,verbose,1.0
walmart_amazon,walmart_amazon_218_13087,boolean,tagged,1.0
walmart_amazon,walmart_amazon_218_13087,boolean,paraphrase,0.95
walmart_amazon,walmart_amazon_218_13087,boolean,flip,0.0
walmart_amazon,walmart_amazon_218_13087,boolean,no_answer,0.0
walmart_amazon,walmart_amazon_218_13087,boolean,hedge,0.3
walmart_amazon,walmart_amazon_2220_18443,boolean,identity,1.0
walmart_amazon,walmart_amazon_2220_18443,boolean,verbose,1.0
walmart_amazon,walmart_amazon_2220_18443,boolean,tagged,1.0
walmart_amazon,walmart_amazon_2220_18443,boolean,paraphrase,0.95
walmart_amazon,walmart_amazon_2220_18443,boolean,flip,0.0
walmart_amazon,walmart_amazon_2220_18443,boolean,no_answer,0.0
walmart_amazon,walmart_amazon_2220_18443,boolean,hedge,0.3
walmart_amazon,walmart_amazon_2225_19491,boolean,identity,1.0
walmart_amazon,walmart_amazon_2225_19491,boolean,verbose,1.0
walmart_amazon,walmart_amazon_2225_19491,boolean,tagged,1.0
walmart_amazon,walmart_amazon_2225_19491,boolean,paraphrase,0.95
walmart_amazon,walmart_amazon_2225_19491,boolean,flip,0.0
walmart_amazon,walmart_amazon_2225_19491,boolean,no_answer,0.0
walmart_amazon,walmart_amazon_2225_19491,boolean,hedge,0.3
walmart_amazon,walmart_amazon_2235_19064,boolean,identity,1.0
walmart_amazon,walmart_amazon_2235_19064,boolean,verbose,1.0
walmart_amazon,walmart_amazon_2235_19064,boolean,tagged,1.0
walmart_amazon,walmart_amazon_2235_19064,boolean,paraphrase,0.95
walmart_amazon,walmart_amazon_2235_19064,boolean,flip,0.0
walmart_amazon,walmart_amazon_2235_19064,boolean,no_answer,0.0
walmart_amazon,walmart_amazon_2235_19064,boolean,hedge,0.3
walmart_amazon,walmart_amazon_2255_10077,boolean,identity,1.0
walmart_amazon,walmart_amazon_2255_10077,boolean,verbose,1.0
walmart_amazon,walmart_amazon_2255_10077,boolean,tagged,1.0
walmart_amazon,walmart_amazon_2255_10077,boolean,paraphrase,0.95
walmart_amazon,walmart_amazon_2255_10077,boolean,flip,0.0
walmart_amazon,walmart_amazon_2255_10077,boolean,no_answer,0.0
walmart_amazon,walmart_amazon_2255_10077,boolean,hedge,0.3
walmart_amazon,walmart_amazon_2266_13318,boolean,identity,1.0
walmart_amazon,walmart_amazon_2266_13318,boolean,verbose,1.0
walmart_amazon,walmart_amazon_2266_13318,boolean,tagged,1.0
walmart_amazon,walmart_amazon_2266_13318,boolean,paraphrase,0.95
walmart_amazon,walmart_amazon_2266_13318,boolean,flip,0.0
walmart_amazon,walmart_amazon_2266_13318,boolean,no_answer,0.0
walmart_amazon,walmart_amazon_2266_13318,boolean,hedge,0.3
walmart_amazon,walmart_amazon_2272_19491,boolean,identity,1.0
walmart_amazon,walmart_amazon_2272_19491,boolean,verbose,1.0
walmart_amazon,walmart_amazon_2272_19491,boolean,tagged,1.0
walmart_amazon,walmart_amazon_2272_19491,boolean,paraphrase,0.95
walmart_amazon,walmart_amazon_2272_19491,boolean,flip,0.0
walmart_amazon,walmart_amazon_2272_19491,boolean,no_answer,0.0
walmart_amazon,walmart_amazon_2272_19491,boolean,hedge,0.3
walmart_amazon,walmart_amazon_2327_8544,boolean,identity,1.0
walmart_amazon,walmart_amazon_2327_8544,boolean,verbose,1.0
walmart_amazon,walmart_amazon_2327_8544,boolean,tagged,1.0
walmart_amazon,walmart_amazon_2327_8544,boolean,paraphrase,0.95
walmart_amazon,walmart_amazon_2327_8544,boolean,flip,0.0
walmart_amazon,walmart_amazon_2327_8544,boolean,no_answer,0.0
walmart_amazon,walmart_amazon_2327_8544,boolean,hedge,0.3
walmart_amazon,walmart_amazon_2328_16935,boolean,identity,1.0
walmart_amazon,walmart_amazon_2328_16935,boolean,verbose,1.0
walmart_amazon,walmart_amazon_2328_16935,boolean,tagged,1.0
walmart_amazon,walmart_amazon_2328_16935,boolean,paraphrase,0.95
walmart_amazon,walmart_amazon_2328_16935,boolean,flip,0.0
walmart_amazon,walmart_amazon_2328_16935,boolean,no_answer,0.0
walmart_amazon,walmart_amazon_2328_16935,boolean,hedge,0.3
walmart_amazon,walmart_amazon_2343_10785,boolean,identity,1.0
walmart_amazon,walmart_amazon_2343_10785,boolean,verbose,1.0
walmart_amazon,walmart_amazon_2343_10785,boolean,tagged,1.0
walmart_amazon,walmart_amazon_2343_10785,boolean,paraphrase,0.95
walmart_amazon,walmart_amazon_2343_10785,boolean,flip,0.0
walmart_amazon,walmart_amazon_2343_10785,boolean,no_answer,0.0
walmart_amazon,walmart_amazon_2343_10785,boolean,hedge,0.3
walmart_amazon,walmart_amazon_2349_18166,boolean,identity,1.0
walmart_amazon,walmart_amazon_2349_18166,boolean,verbose,1.0
walmart_amazon,walmart_amazon_2349_18166,boolean,tagged,1.0
walmart_amazon,walmart_amazon_2349_18166,boolean,paraphrase,0.95
walmart_amazon,walmart_amazon_2349_18166,boolean,flip,0.0
walmart_amazon,walmart_amazon_2349_18166,boolean,no_answer,0.0
walmart_amazon,walmart_amazon_2349_18166,boolean,hedge,0.3
walmart_amazon,walmart_amazon_2365_6567,boolean,identity,1.0
walmart_amazon,walmart_amazon_2365_6567,boolean,verbose,1.0
walmart_amazon,walmart_amazon_2365_6567,boolean,tagged,1.0
walmart_amazon,walmart_amazon_2365_6567,boolean,paraphrase,0.95
walmart_amazon,walmart_amazon_2365_6567,boolean,flip,0.0
walmart_amazon,walmart_amazon_2365_6567,boolean,no_answer,0.0
walmart_amazon,walmart_amazon_2365_6567,boolean,hedge,0.3
walmart_amazon,walmart_amazon_2392_14495,boolean,identity,1.0
walmart_amazon,walmart_amazon_2392_14495,boolean,verbose,1.0
walmart_amazon,walmart_amazon_2392_14495,boolean,tagged,1.0
walmart_amazon,walmart_amazon_2392_14495,boolean,paraphrase,0.95
walmart_amazon,walmart_amazon_2392_14495,boolean,flip,0.0
walmart_amazon,walmart_amazon_2392_14495,boolean,no_answer,0.0
walmart_amazon,walmart_amazon_2392_14495,boolean,hedge,0.3
walmart_amazon,walmart_amazon_2392_8217,boolean,identity,1.0
walmart_amazon,walmart_amazon_2392_8217,boolean,verbose,1.0
walmart_amazon,walmart_amazon_2392_8217,boolean,tagged,1.0
walmart_amazon,walmart_amazon_2392_8217,boolean,paraphrase,0.95
walmart_amazon,walmart_amazon_2392_8217,boolean,flip,0.0
walmart_amazon,walmart_amazon_2392_8217,boolean,no_answer,0.0
walmart_amazon,walmart_amazon_2392_8217,boolean,hedge,0.3
walmart_amazon,walmart_amazon_2405_9002,boolean,identity,1.0
walmart_amazon,walmart_amazon_2405_9002,boolean,verbose,1.0
walmart_amazon,walmart_amazon_2405_9002,boolean,tagged,1.0
walmart_amazon,walmart_amazon_2405_9002,boolean,paraphrase,0.95
walmart_amazon,walmart_amazon_2405_9002,boolean,flip,0.0
walmart_amazon,walmart_amazon_2405_9002,boolean,no_answer,0.0
walmart_amazon,walmart_amazon_2405_9002,boolean,hedge,0.3
walmart_amazon,walmart_amazon_2412_8570,boolean,identity,1.0
walmart_amazon,walmart_amazon_2412_8570,boolean,verbose,1.0
walmart_amazon,walmart_amazon_2412_8570,boolean,tagged,1.0
walmart_amazon,walmart_amazon_2412_8570,boolean,paraphrase,0.95
walmart_amazon,walmart_amazon_2412_8570,boolean,flip,0.0
walmart_amazon,walmart_amazon_2412_8570,boolean,no_answer,0.0
walmart_amazon,walmart_amazon_2412_8570,boolean,hedge,0.3
walmart_amazon,walmart_amazon_2426_17120,boolean,identity,1.0
walmart_amazon,walmart_amazon_2426_17120,boolean,verbose,1.0
walmart_amazon,walmart_amazon_2426_17120,boolean,tagged,1.0
walmart_amazon,walmart_amazon_2426_17120,boolean,paraphrase,0.95
walmart_amazon,walmart_amazon_2426_17120,boolean,flip,0.0
walmart_amazon,walmart_amazon_2426_17120,boolean,no_answer,0.0
walmart_amazon,walmart_amazon_2426_17120,boolean,hedge,0.3
walmart_amazon,walmart_amazon_2429_11988,boolean,identity,1.0
walmart_amazon,walmart_amazon_2429_11988,boolean,verbose,1.0
walmart_amazon,walmart_amazon_2429_11988,boolean,tagged,1.0
walmart_amazon,walmart_amazon_2429_11988,boolean,paraphrase,0.95
walmart_amazon,walmart_amazon_2429_11988,boolean,flip,0.0
walmart_amazon,walmart_amazon_2429_11988,boolean,no_answer,0.0
walmart_amazon,walmart_amazon_2429_11988,boolean,hedge,0.3
walmart_amazon,walmart_amazon_2430_18465,boolean,identity,1.0
walmart_amazon,walmart_amazon_2430_18465,boolean,verbose,1.0
walmart_amazon,walmart_amazon_2430_18465,boolean,tagged,1.0
walmart_amazon,walmart_amazon_2430_18465,boolean,paraphrase,0.95
walmart_amazon,walmart_amazon_2430_18465,boolean,flip,0.0
walmart_amazon,walmart_amazon_2430_18465,boolean,no_answer,0.0
walmart_amazon,walmart_amazon_2430_18465,boolean,hedge,0.3
walmart_amazon,walmart_amazon_2450_18458,boolean,identity,1.0
walmart_amazon,walmart_amazon_2450_18458,boolean,verbose,1.0
walmart_amazon,walmart_amazon_2450_18458,boolean,tagged,1.0
walmart_amazon,walmart_amazon_2450_18458,boolean,paraphrase,0.95
walmart_amazon,walmart_amazon_2450_18458,boolean,flip,0.0
walmart_amazon,walmart_amazon_2450_18458,boolean,no_answer,0.0
walmart_amazon,walmart_amazon_2450_18458,boolean,hedge,0.3
walmart_amazon,walmart_amazon_2461_1273,boolean,identity,1.0
walmart_amazon,walmart_amazon_2461_1273,boolean,verbose,1.0
walmart_amazon,walmart_amazon_2461_1273,boolean,tagged,1.0
walmart_amazon,walmart_amazon_2461_1273,boolean,paraphrase,0.95
walmart_amazon,walmart_amazon_2461_1273,boolean,flip,0.0
walmart_amazon,walmart_amazon_2461_1273,boolean,no_answer,0.0
walmart_amazon,walmart_amazon_2461_1273,boolean,hedge,0.3
walmart_amazon,walmart_amazon_2468_16832,boolean,identity,1.0
walmart_amazon,walmart_amazon_2468_16832,boolean,verbose,1.0
walmart_amazon,walmart_amazon_2468_16832,boolean,tagged,1.0
walmart_amazon,walmart_amazon_2468_16832,boolean,paraphrase,0.95
walmart_amazon,walmart_amazon_2468_16832,boolean,flip,0.0
walmart_amazon,walmart_amazon_2468_16832,boolean,no_answer,0.0
walmart_amazon,walmart_amazon_2468_16832,boolean,hedge,0.3
walmart_amazon,walmart_amazon_2471_13427,boolean,identity,1.0
walmart_amazon,walmart_amazon_2471_13427,boolean,verbose,1.0
walmart_amazon,walmart_amazon_2471_13427,boolean,tagged,1.0
walmart_amazon,walmart_amazon_2471_13427,boolean,paraphrase,0.95
walmart_amazon,walmart_amazon_2471_13427,boolean,flip,0.0
walmart_amazon,walmart_amazon_2471_13427,boolean,no_answer,0.0
walmart_amazon,walmart_amazon_2471_13427,boolean,hedge,0.3
walmart_amazon,walmart_amazon_2471_805,boolean,identity,1.0
walmart_amazon,walmart_amazon_2471_805,boolean,verbose,1.0
walmart_amazon,walmart_amazon_2471_805,boolean,tagged,1.0
walmart_amazon,walmart_amazon_2471_805,boolean,paraphrase,0.95
walmart_amazon,walmart_amazon_2471_805,boolean,flip,0.0
walmart_amazon,walmart_amazon_2471_805,boolean,no_answer,0.0
walmart_amazon,walmart_amazon_2471_805,boolean,hedge,0.3
walmart_amazon,walmart_amazon_2484_3585,boolean,identity,1.0
walmart_amazon,walmart_amazon_2484_3585,boolean,verbose,1.0
walmart_amazon,walmart_amazon_2484_3585,boolean,tagged,1.0
walmart_amazon,walmart_amazon_2484_3585,boolean,paraphrase,0.95
walmart_amazon,walmart_amazon_2484_3585,boolean,flip,0.0
walmart_amazon,walmart_amazon_2484_3585,boolean,no_answer,0.0
walmart_amazon,walmart_amazon_2484_3585,boolean,hedge,0.3
walmart_amazon,walmart_amazon_2504_20429,boolean,identity,1.0
walmart_amazon,walmart_amazon_2504_20429,boolean,verbose,1.0
walmart_amazon,walmart_amazon_2504_20429,boolean,tagged,1.0
walmart_amazon,walmart_amazon_2504_20429,boolean,paraphrase,0.95
walmart_amazon,walmart_amazon_2504_20429,boolean,flip,0.0
walmart_amazon,walmart_amazon_2504_20429,boolean,no_answer,0.0
walmart_amazon,walmart_amazon_2504_20429,boolean,hedge,0.3
walmart_amazon,walmart_amazon_2504_8791,boolean,identity,1.0
walmart_amazon,walmart_amazon_2504_8791,boolean,verbose,1.0
walmart_amazon,walmart_amazon_2504_8791,boolean,tagged,1.0
walmart_amazon,walmart_amazon_2504_8791,boolean,paraphrase,0.95
walmart_amazon,walmart_amazon_2504_8791,boolean,flip,0.0
walmart_amazon,walmart_amazon_2504_8791,boolean,no_answer,0.0
walmart_amazon,walmart_amazon_2504_8791,boolean,hedge,0.3
walmart_amazon,walmart_amazon_2513_20426,boolean,identity,1.0
walmart_amazon,walmart_amazon_2513_20426,boolean,verbose,1.0
walmart_amazon,walmart_amazon_2513_20426,boolean,tagged,1.0
walmart_amazon,walmart_amazon_2513_20426,boolean,paraphrase,0.95
walmart_amazon,walmart_amazon_2513_20426,boolean,flip,0.0
walmart_amazon,walmart_amazon_2513_20426,boolean,no_answer,0.0
walmart_amazon,walmart_amazon_2513_20426,boolean,hedge,0.3
walmart_amazon,walmart_amazon_2517_12764,boolean,identity,1.0
walmart_amazon,walmart_amazon_2517_12764,boolean,verbose,1.0
walmart_amazon,walmart_amazon_2517_12764,boolean,tagged,1.0
walmart_amazon,walmart_amazon_2517_12764,boolean,paraphrase,0.95
walmart_amazon,walmart_amazon_2517_12764,boolean,flip,0.0
walmart_amazon,walmart_amazon_2517_12764,boolean,no_answer,0.0
walmart_amazon,walmart_amazon_2517_12764,boolean,hedge,0.3
walmart_amazon,walmart_amazon_2519_2668,boolean,identity,1.0
walmart_amazon,walmart_amazon_2519_2668,boolean,verbose,1.0
walmart_amazon,walmart_amazon_2519_2668,boolean,tagged,1.0
walmart_amazon,walmart_amazon_2519_2668,boolean,paraphrase,0.95
walmart_amazon,walmart_amazon_2519_2668,boolean,flip,0.0
walmart_amazon,walmart_amazon_2519_2668,boolean,no_answer,0.0
walmart_amazon,walmart_amazon_2519_2668,boolean,hedge,0.3
walmart_amazon,walmart_amazon_303_19299,boolean,identity,1.0
walmart_amazon,walmart_amazon_303_19299,boolean,verbose,1.0
walmart_amazon,walmart_amazon_303_19299,boolean,tagged,1.0
walmart_amazon,walmart_amazon_303_19299,boolean,paraphrase,0.95
walmart_amazon,walmart_amazon_303_19299,boolean,flip,0.0
walmart_amazon,walmart_amazon_303_19299,boolean,no_answer,0.0
walmart_amazon,walmart_amazon_303_19299,boolean,hedge,0.3
walmart_amazon,walmart_amazon_31_16173,boolean,identity,1.0
walmart_amazon,walmart_amazon_31_16173,boolean,verbose,1.0
walmart_amazon,walmart_amazon_31_16173,boolean,tagged,1.0
walmart_amazon,walmart_amazon_31_16173,boolean,paraphrase,0.95
walmart_amazon,walmart_amazon_31_16173,boolean,flip,0.0
walmart_amazon,walmart_amazon_31_16173,boolean,no_answer,0.0
walmart_amazon,walmart_amazon_31_16173,boolean,hedge,0.3
walmart_amazon,walmart_amazon_333_15661,boolean,identity,1.0
walmart_amazon,walmart_amazon_333_15661,boolean,verbose,1.0
walmart_amazon,walmart_amazon_333_15661,boolean,tagged,1.0
walmart_amazon,walmart_amazon_333_15661,boolean,paraphrase,0.95
walmart_amazon,walmart_amazon_333_15661,boolean,flip,0.0
walmart_amazon,walmart_amazon_333_15661,boolean,no_answer,0.0
walmart_amazon,walmart_amazon_333_15661,boolean,hedge,0.3
walmart_amazon,walmart_amazon_391_4794,boolean,identity,1.0
walmart_amazon,walmart_amazon_391_4794,boolean,verbose,1.0
walmart_amazon,walmart_amazon_391_4794,boolean,tagged,1.0
walmart_amazon,walmart_amazon_391_4794,boolean,paraphrase,0.95
walmart_amazon,walmart_amazon_391_4794,boolean,flip,0.0
walmart_amazon,walmart_amazon_391_4794,boolean,no_answer,0.0
walmart_amazon,walmart_amazon_391_4794,boolean,hedge,0.3
walmart_amazon,walmart_amazon_391_7162,boolean,identity,1.0
walmart_amazon,walmart_amazon_391_7162,boolean,verbose,1.0
walmart_amazon,walmart_amazon_391_7162,boolean,tagged,1.0
walmart_amazon,walmart_amazon_391_7162,boolean,paraphrase,0.95
walmart_amazon,walmart_amazon_391_7162,boolean,flip,0.0
walmart_amazon,walmart_amazon_391_7162,boolean,no_answer,0.0
walmart_amazon,walmart_amazon_391_7162,boolean,hedge,0.3
walmart_amazon,walmart_amazon_39_10872,boolean,identity,1.0
walmart_amazon,walmart_amazon_39_10872,boolean,verbose,1.0
walmart_amazon,walmart_amazon_39_10872,boolean,tagged,1.0
walmart_amazon,walmart_amazon_39_10872,boolean,paraphrase,0.95
walmart_amazon,walmart_amazon_39_10872,boolean,flip,0.0
walmart_amazon,walmart_amazon_39_10872,boolean,no_answer,0.0
walmart_amazon,walmart_amazon_39_10872,boolean,hedge,0.3
walmart_amazon,walmart_amazon_426_14868,boolean,identity,1.0
walmart_amazon,walmart_amazon_426_14868,boolean,verbose,1.0
walmart_amazon,walmart_amazon_426_14868,boolean,tagged,1.0
walmart_amazon,walmart_amazon_426_14868,boolean,paraphrase,0.95
walmart_amazon,walmart_amazon_426_14868,boolean,flip,0.0
walmart_amazon,walmart_amazon_426_14868,boolean,no_answer,0.0
walmart_amazon,walmart_amazon_426_14868,boolean,hedge,0.3
walmart_amazon,walmart_amazon_428_6990,boolean,identity,1.0
walmart_amazon,walmart_amazon_428_6990,boolean,verbose,1.0
walmart_amazon,walmart_amazon_428_6990,boolean,tagged,1.0
walmart_amazon,walmart_amazon_428_6990,boolean,paraphrase,0.95
walmart_amazon,walmart_amazon_428_6990,boolean,flip,0.0
walmart_amazon,walmart_amazon_428_6990,boolean,no_answer,0.0
walmart_amazon,walmart_amazon_428_6990,boolean,hedge,0.3
walmart_amazon,walmart_amazon_431_18464,boolean,identity,1.0
walmart_amazon,walmart_amazon_431_18464,boolean,verbose,1.0
walmart_amazon,walmart_amazon_431_18464,boolean,tagged,1.0
walmart_amazon,walmart_amazon_431_18464,boolean,paraphrase,0.95
walmart_amazon,walmart_amazon_431_18464,boolean,flip,0.0
walmart_amazon,walmart_amazon_431_18464,boolean,no_answer,0.0
walmart_amazon,walmart_amazon_431_18464,boolean,hedge,0.3
walmart_amazon,walmart_amazon_447_13174,boolean,identity,1.0
walmart_amazon,walmart_amazon_447_13174,boolean,verbose,1.0
walmart_amazon,walmart_amazon_447_13174,boolean,tagged,1.0
walmart_amazon,walmart_amazon_447_13174,boolean,paraphrase,0.95
walmart_amazon,walmart_amazon_447_13174,boolean,flip,0.0
walmart_amazon,walmart_amazon_447_13174,boolean,no_answer,0.0
walmart_amazon,walmart_amazon_447_13174,boolean,hedge,0.3
walmart_amazon,walmart_amazon_455_18772,boolean,identity,1.0
walmart_amazon,walmart_amazon_455_18772,boolean,verbose,1.0
walmart_amazon,walmart_amazon_455_18772,boolean,tagged,1.0
walmart_amazon,walmart_amazon_455_18772,boolean,paraphrase,0.95
walmart_amazon,walmart_amazon_455_18772,boolean,flip,0.0
walmart_amazon,walmart_amazon_455_18772,boolean,no_answer,0.0
walmart_amazon,walmart_amazon_455_18772,boolean,hedge,0.3
walmart_amazon,walmart_amazon_462_14704,boolean,identity,1.0
walmart_amazon,walmart_amazon_462_14704,boolean,verbose,1.0
walmart_amazon,walmart_amazon_462_14704,boolean,tagged,1.0
walmart_amazon,walmart_amazon_462_14704,boolean,paraphrase,0.95
walmart_amazon,walmart_amazon_462_14704,boolean,flip,0.0
walmart_amazon,walmart_amazon_462_14704,boolean,no_answer,0.0
walmart_amazon,walmart_amazon_462_14704,boolean,hedge,0.3
walmart_amazon,walmart_amazon_470_10874,boolean,identity,1.0
walmart_amazon,walmart_amazon_470_10874,boolean,verbose,1.0
walmart_amazon,walmart_amazon_470_10874,boolean,tagged,1.0
walmart_amazon,walmart_amazon_470_10874,boolean,paraphrase,0.95
walmart_amazon,walmart_amazon_470_10874,boolean,flip,0.0
walmart_amazon,walmart_amazon_470_10874,boolean,no_answer,0.0
walmart_amazon,walmart_amazon_470_10874,boolean,hedge,0.3
walmart_amazon,walmart_amazon_492_12502,boolean,identity,1.0
walmart_amazon,walmart_amazon_492_12502,boolean,verbose,1.0
walmart_amazon,walmart_amazon_492_12502,boolean,tagged,1.0
walmart_amazon,walmart_amazon_492_12502,boolean,paraphrase,0.95
walmart_amazon,walmart_amazon_492_12502,boolean,flip,0.0
walmart_amazon,walmart_amazon_492_12502,boolean,no_answer,0.0
walmart_amazon,walmart_amazon_492_12502,boolean,hedge,0.3
walmart_amazon,walmart_amazon_503_10206,boolean,identity,1.0
walmart_amazon,walmart_amazon_503_10206,boolean,verbose,1.0
walmart_amazon,walmart_amazon_503_10206,boolean,tagged,1.0
walmart_amazon,walmart_amazon_503_10206,boolean,paraphrase,0.95
walmart_amazon,walmart_amazon_503_10206,boolean,flip,0.0
walmart_amazon,walmart_amazon_503_10206,boolean,no_answer,0.0
walmart_amazon,walmart_amazon_503_10206,boolean,hedge,0.3
walmart_amazon,walmart_amazon_531_732,boolean,identity,1.0
walmart_amazon,walmart_amazon_531_732,boolean,verbose,1.0
walmart_amazon,walmart_amazon_531_732,boolean,tagged,1.0
walmart_amazon,walmart_amazon_531_732,boolean,paraphrase,0.95
walmart_amazon,walmart_amazon_531_732,boolean,flip,0.0
walmart_amazon,walmart_amazon_531_732,boolean,no_answer,0.0
walmart_amazon,walmart_amazon_531_732,boolean,hedge,0.3
walmart_amazon,walmart_amazon_538_17174,boolean,identity,1.0
walmart_amazon,walmart_amazon_538_17174,boolean,verbose,1.0
walmart_amazon,walmart_amazon_538_17174,boolean,tagged,1.0
walmart_amazon,walmart_amazon_538_17174,boolean,paraphrase,0.95
walmart_amazon,walmart_amazon_538_17174,boolean,flip,0.0
walmart_amazon,walmart_amazon_538_17174,boolean,no_answer,0.0
walmart_amazon,walmart_amazon_538_17174,boolean,hedge,0.3
walmart_amazon,walmart_amazon_53_18200,boolean,identity,1.0
walmart_amazon,walmart_amazon_53_18200,boolean,verbose,1.0
walmart_amazon,walmart_amazon_53_18200,boolean,tagged,1.0
walmart_amazon,walmart_amazon_53_18200,boolean,paraphrase,0.95
walmart_amazon,walmart_amazon_53_18200,boolean,flip,0.0
walmart_amazon,walmart_amazon_53_18200,boolean,no_answer,0.0
walmart_amazon,walmart_amazon_53_18200,boolean,hedge,0.3
walmart_amazon,walmart_amazon_582_9301,boolean,identity,1.0
walmart_amazon,walmart_amazon_582_9301,boolean,verbose,1.0
walmart_amazon,walmart_amazon_582_9301,boolean,tagged,1.0
walmart_amazon,walmart_amazon_582_9301,boolean,paraphrase,0.95
walmart_amazon,walmart_amazon_582_9301,boolean,flip,0.0
walmart_amazon,walmart_amazon_582_9301,boolean,no_answer,0.0
walmart_amazon,walmart_amazon_582_9301,boolean,hedge,0.3
walmart_amazon,walmart_amazon_585_14867,boolean,identity,1.0
walmart_amazon,walmart_amazon_585_14867,boolean,verbose,1.0
walmart_amazon,walmart_amazon_585_14867,boolean,tagged,1.0
walmart_amazon,walmart_amazon_585_14867,boolean,paraphrase,0.95
walmart_amazon,walmart_amazon_585_14867,boolean,flip,0.0
walmart_amazon,walmart_amazon_585_14867,boolean,no_answer,0.0
walmart_amazon,walmart_amazon_585_14867,boolean,hedge,0.3
walmart_amazon,walmart_amazon_615_17519,boolean,identity,1.0
walmart_amazon,walmart_amazon_615_17519,boolean,verbose,1.0
walmart_amazon,walmart_amazon_615_17519,boolean,tagged,1.0
walmart_amazon,walmart_amazon_615_17519,boolean,paraphrase,0.95
walmart_amazon,walmart_amazon_615_17519,boolean,flip,0.0
walmart_amazon,walmart_amazon_615_17519,boolean,no_answer,0.0
walmart_amazon,walmart_amazon_615_17519,boolean,hedge,0.3
walmart_amazon,walmart_amazon_640_6286,boolean,identity,1.0
walmart_amazon,walmart_amazon_640_6286,boolean,verbose,1.0
walmart_amazon,walmart_amazon_640_6286,boolean,tagged,1.0
walmart_amazon,walmart_amazon_640_6286,boolean,paraphrase,0.95
walmart_amazon,walmart_amazon_640_6286,boolean,flip,0.0
walmart_amazon,walmart_amazon_640_6286,boolean,no_answer,0.0
walmart_amazon,walmart_amazon_640_6286,boolean,hedge,0.3
walmart_amazon,walmart_amazon_641_15844,boolean,identity,1.0
walmart_amazon,walmart_amazon_641_15844,boolean,verbose,1.0
walmart_amazon,walmart_amazon_641_15844,boolean,tagged,1.0
walmart_amazon,walmart_amazon_641_15844,boolean,paraphrase,0.95
walmart_amazon,walmart_amazon_641_15844,boolean,flip,0.0
walmart_amazon,walmart_amazon_641_15844,boolean,no_answer,0.0
walmart_amazon,walmart_amazon_641_15844,boolean,hedge,0.3
walmart_amazon,walmart_amazon_65_7146,boolean,identity,1.0
walmart_amazon,walmart_amazon_65_7146,boolean,verbose,1.0
walmart_amazon,walmart_amazon_65_7146,boolean,tagged,1.0
walmart_amazon,walmart_amazon_65_7146,boolean,paraphrase,0.95
walmart_amazon,walmart_amazon_65_7146,boolean,flip,0.0
walmart_amazon,walmart_amazon_65_7146,boolean,no_answer,0.0
walmart_amazon,walmart_amazon_65_7146,boolean,hedge,0.3
walmart_amazon,walmart_amazon_688_13786,boolean,identity,1.0
walmart_amazon,walmart_amazon_688_13786,boolean,verbose,1.0
walmart_amazon,walmart_amazon_688_13786,boolean,tagged,1.0
walmart_amazon,walmart_amazon_688_13786,boolean,paraphrase,0.95
walmart_amazon,walmart_amazon_688_13786,boolean,flip,0.0
walmart_amazon,walmart_amazon_688_13786,boolean,no_answer,0.0
walmart_amazon,walmart_amazon_688_13786,boolean,hedge,0.3
walmart_amazon,walmart_amazon_6_1043,boolean,identity,1.0
walmart_amazon,walmart_amazon_6_1043,boolean,verbose,1.0
walmart_amazon,walmart_amazon_6_1043,boolean,tagged,1.0
walmart_amazon,walmart_amazon_6_1043,boolean,paraphrase,0.95
walmart_amazon,walmart_amazon_6_1043,boolean,flip,0.0
walmart_amazon,walmart_amazon_6_1043,boolean,no_answer,0.0
walmart_amazon,walmart_amazon_6_1043,boolean,hedge,0.3
walmart_amazon,walmart_amazon_720_20978,boolean,identity,1.0
walmart_amazon,walmart_amazon_720_20978,boolean,verbose,1.0
walmart_amazon,walmart_amazon_720_20978,boolean,tagged,1.0
walmart_amazon,walmart_amazon_720_20978,boolean,paraphrase,0.95
walmart_amazon,walmart_amazon_720_20978,boolean,flip,0.0
walmart_amazon,walmart_amazon_720_20978,boolean,no_answer,0.0
walmart_amazon,walmart_amazon_720_20978,boolean,hedge,0.3
walmart_amazon,walmart_amazon_725_16181,boolean,identity,1.0
walmart_amazon,walmart_amazon_725_16181,boolean,verbose,1.0
walmart_amazon,walmart_amazon_725_16181,boolean,tagged,1.0
walmart_amazon,walmart_amazon_725_16181,boolean,paraphrase,0.95
walmart_amazon,walmart_amazon_725_16181,boolean,flip,0.0
walmart_amazon,walmart_amazon_725_16181,boolean,no_answer,0.0
walmart_amazon,walmart_amazon_725_16181,boolean,hedge,0.3
walmart_amazon,walmart_amazon_735_12273,boolean,identity,1.0
walmart_amazon,walmart_amazon_735_12273,boolean,verbose,1.0
walmart_amazon,walmart_amazon_735_12273,boolean,tagged,1.0
walmart_amazon,walmart_amazon_735_12273,boolean,paraphrase,0.95
walmart_amazon,walmart_amazon_735_12273,boolean,flip,0.0
walmart_amazon,walmart_amazon_735_12273,boolean,no_answer,0.0
walmart_amazon,walmart_amazon_735_12273,boolean,hedge,0.3
walmart_amazon,walmart_amazon_738_18197,boolean,identity,1.0
walmart_amazon,walmart_amazon_738_18197,boolean,verbose,1.0
walmart_amazon,walmart_amazon_738_18197,boolean,tagged,1.0
walmart_amazon,walmart_amazon_738_18197,boolean,paraphrase,0.95
walmart_amazon,walmart_amazon_738_18197,boolean,flip,0.0
walmart_amazon,walmart_amazon_738_18197,boolean,no_answer,0.0
walmart_amazon,walmart_amazon_738_18197,boolean,hedge,0.3
walmart_amazon,walmart_amazon_753_17191,boolean,identity,1.0
walmart_amazon,walmart_amazon_753_17191,boolean,verbose,1.0
walmart_amazon,walmart_amazon_753_17191,boolean,tagged,1.0
walmart_amazon,walmart_amazon_753_17191,boolean,paraphrase,0.95
walmart_amazon,walmart_amazon_753_17191,boolean,flip,0.0
walmart_amazon,walmart_amazon_753_17191,boolean,no_answer,0.0
walmart_amazon,walmart_amazon_753_17191,boolean,hedge,0.3
walmart_amazon,walmart_amazon_770_11223,boolean,identity,1.0
walmart_amazon,walmart_amazon_770_11223,boolean,verbose,1.0
walmart_amazon,walmart_amazon_770_11223,boolean,tagged,1.0
walmart_amazon,walmart_amazon_770_11223,boolean,paraphrase,0.95
walmart_amazon,walmart_amazon_770_11223,boolean,flip,0.0
walmart_amazon,walmart_amazon_770_11223,boolean,no_answer,0.0
walmart_amazon,walmart_amazon_770_11223,boolean,hedge,0.3
walmart_amazon,walmart_amazon_781_17483,boolean,identity,1.0
walmart_amazon,walmart_amazon_781_17483,boolean,verbose,1.0
walmart_amazon,walmart_amazon_781_17483,boolean,tagged,1.0
walmart_amazon,walmart_amazon_781_17483,boolean,paraphrase,0.95
walmart_amazon,walmart_amazon_781_17483,boolean,flip,0.0
walmart_amazon,walmart_amazon_781_17483,boolean,no_answer,0.0
walmart_amazon,walmart_amazon_781_17483,boolean,hedge,0.3
walmart_amazon,walmart_amazon_793_8070,boolean,identity,1.0
walmart_amazon,walmart_amazon_793_8070,boolean,verbose,1.0
walmart_amazon,walmart_amazon_793_8070,boolean,tagged,1.0
walmart_amazon,walmart_amazon_793_8070,boolean,paraphrase,0.95
walmart_amazon,walmart_amazon_793_8070,boolean,flip,0.0
walmart_amazon,walmart_amazon_793_8070,boolean,no_answer,0.0
walmart_amazon,walmart_amazon_793_8070,boolean,hedge,0.3
walmart_amazon,walmart_amazon_828_10887,boolean,identity,1.0
walmart_amazon,walmart_amazon_828_10887,boolean,verbose,1.0
walmart_amazon,walmart_amazon_828_10887,boolean,tagged,1.0
walmart_amazon,walmart_amazon_828_10887,boolean,paraphrase,0.95
walmart_amazon,walmart_amazon_828_10887,boolean,flip,0.0
walmart_amazon,walmart_amazon_828_10887,boolean,no_answer,0.0
walmart_amazon,walmart_amazon_828_10887,boolean,hedge,0.3
walmart_amazon,walmart_amazon_829_13530,boolean,identity,1.0
walmart_amazon,walmart_amazon_829_13530,boolean,verbose,1.0
walmart_amazon,walmart_amazon_829_13530,boolean,tagged,1.0
walmart_amazon,walmart_amazon_829_13530,boolean,paraphrase,0.95
walmart_amazon,walmart_amazon_829_13530,boolean,flip,0.0
walmart_amazon,walmart_amazon_829_13530,boolean,no_answer,0.0
walmart_amazon,walmart_amazon_829_13530,boolean,hedge,0.3
walmart_amazon,walmart_amazon_871_20288,boolean,identity,1.0
walmart_amazon,walmart_amazon_871_20288,boolean,verbose,1.0
walmart_amazon,walmart_amazon_871_20288,boolean,tagged,1.0
walmart_amazon,walmart_amazon_871_20288,boolean,paraphrase,0.95
walmart_amazon,walmart_amazon_871_20288,boolean,flip,0.0
walmart_amazon,walmart_amazon_871_20288,boolean,no_answer,0.0
walmart_amazon,walmart_amazon_871_20288,boolean,hedge,0.3
walmart_amazon,walmart_amazon_886_4727,boolean,identity,1.0
walmart_amazon,walmart_amazon_886_4727,boolean,verbose,1.0
walmart_amazon,walmart_amazon_886_4727,boolean,tagged,1.0
walmart_amazon,walmart_amazon_886_4727,boolean,paraphrase,0.95
walmart_amazon,walmart_amazon_886_4727,boolean,flip,0.0
walmart_amazon,walmart_amazon_886_4727,boolean,no_answer,0.0
walmart_amazon,walmart_amazon_886_4727,boolean,hedge,0.3
walmart_amazon,walmart_amazon_889_10727,boolean,identity,1.0
walmart_amazon,walmart_amazon_889_10727,boolean,verbose,1.0
walmart_amazon,walmart_amazon_889_10727,boolean,tagged,1.0
walmart_amazon,walmart_amazon_889_10727,boolean,paraphrase,0.95
walmart_amazon,walmart_amazon_889_10727,boolean,flip,0.0
walmart_amazon,walmart_amazon_889_10727,boolean,no_answer,0.0
walmart_amazon,walmart_amazon_889_10727,boolean,hedge,0.3
walmart_amazon,walmart_amazon_889_8761,boolean,identity,1.0
walmart_amazon,walmart_amazon_889_8761,boolean,verbose,1.0
walmart_amazon,walmart_amazon_889_8761,boolean,tagged,1.0
walmart_amazon,walmart_amazon_889_8761,boolean,paraphrase,0.95
walmart_amazon,walmart_amazon_889_8761,boolean,flip,0.0
walmart_amazon,walmart_amazon_889_8761,boolean,no_answer,0.0
walmart_amazon,walmart_amazon_889_8761,boolean,hedge,0.3
walmart_amazon,walmart_amazon_889_8765,boolean,identity,1.0
walmart_amazon,walmart_amazon_889_8765,boolean,verbose,1.0
walmart_amazon,walmart_amazon_889_8765,boolean,tagged,1.0
walmart_amazon,walmart_amazon_889_8765,boolean,paraphrase,0.95
walmart_amazon,walmart_amazon_889_8765,boolean,flip,0.0
walmart_amazon,walmart_amazon_889_8765,boolean,no_answer,0.0
walmart_amazon,walmart_amazon_889_8765,boolean,hedge,0.3
walmart_amazon,walmart_amazon_903_16989,boolean,identity,1.0
walmart_amazon,walmart_amazon_903_16989,boolean,verbose,1.0
walmart_amazon,walmart_amazon_903_16989,boolean,tagged,1.0
walmart_amazon,walmart_amazon_903_16989,boolean,paraphrase,0.95
walmart_amazon,walmart_amazon_903_16989,boolean,flip,0.0
walmart_amazon,walmart_amazon_903_16989,boolean,no_answer,0.0
walmart_amazon,walmart_amazon_903_16989,boolean,hedge,0.3
walmart_amazon,walmart_amazon_908_9015,boolean,identity,1.0
walmart_amazon,walmart_amazon_908_9015,boolean,verbose,1.0
walmart_amazon,walmart_amazon_908_9015,boolean,tagged,1.0
walmart_amazon,walmart_amazon_908_9015,boolean,paraphrase,0.95
walmart_amazon,walmart_amazon_908_9015,boolean,flip,0.0
walmart_amazon,walmart_amazon_908_9015,boolean,no_answer,0.0
walmart_amazon,walmart_amazon_908_9015,boolean,hedge,0.3
walmart_amazon,walmart_amazon_90_21917,boolean,identity,1.0
walmart_amazon,walmart_amazon_90_21917,boolean,verbose,1.0
walmart_amazon,walmart_amazon_90_21917,boolean,tagged,1.0
walmart_amazon,walmart_amazon_90_21917,boolean,paraphrase,0.95
walmart_amazon,walmart_amazon_90_21917,boolean,flip,0.0
walmart_amazon,walmart_amazon_90_21917,boolean,no_answer,0.0
walmart_amazon,walmart_amazon_90_21917,boolean,hedge,0.3
walmart_amazon,walmart_amazon_912_3748,boolean,identity,1.0
walmart_amazon,walmart_amazon_912_3748,boolean,verbose,1.0
walmart_amazon,walmart_amazon_912_3748,boolean,tagged,1.0
walmart_amazon,walmart_amazon_912_3748,boolean,paraphrase,0.95
walmart_amazon,walmart_amazon_912_3748,boolean,flip,0.0
walmart_amazon,walmart_amazon_912_3748,boolean,no_answer,0.0
walmart_amazon,walmart_amazon_912_3748,boolean,hedge,0.3
walmart_amazon,walmart_amazon_922_5512,boolean,identity,1.0
walmart_amazon,walmart_amazon_922_5512,boolean,verbose,1.0
walmart_amazon,walmart_amazon_922_5512,boolean,tagged,1.0
walmart_amazon,walmart_amazon_922_5512,boolean,paraphrase,0.95
walmart_amazon,walmart_amazon_922_5512,boolean,flip,0.0
walmart_amazon,walmart_amazon_922_5512,boolean,no_answer,0.0
walmart_amazon,walmart_amazon_922_5512,boolean,hedge,0.3
walmart_amazon,walmart_amazon_934_19677,boolean,identity,1.0
walmart_amazon,walmart_amazon_934_19677,boolean,verbose,1.0
walmart_amazon,walmart_amazon_934_19677,boolean,tagged,1.0
walmart_amazon,walmart_amazon_934_19677,boolean,paraphrase,0.95
walmart_amazon,walmart_amazon_934_19677,boolean,flip,0.0
walmart_amazon,walmart_amazon_934_19677,boolean,no_answer,0.0
walmart_amazon,walmart_amazon_934_19677,boolean,hedge,0.3
walmart_amazon,walmart_amazon_975_13422,boolean,identity,1.0
walmart_amazon,walmart_amazon_975_13422,boolean,verbose,1.0
walmart_amazon,walmart_amazon_975_13422,boolean,tagged,1.0
walmart_amazon,walmart_amazon_975_13422,boolean,paraphrase,0.95
walmart_amazon,walmart_amazon_975_13422,boolean,flip,0.0
walmart_amazon,walmart_amazon_975_13422,boolean,no_answer,0.0
walmart_amazon,walmart_amazon_975_13422,boolean,hedge,0.3
walmart_amazon,walmart_amazon_992_19592,boolean,identity,1.0
walmart_amazon,walmart_amazon_992_19592,boolean,verbose,1.0
walmart_amazon,walmart_amazon_992_19592,boolean,tagged,1.0
walmart_amazon,walmart_amazon_992_19592,boolean,paraphrase,0.95
walmart_amazon,walmart_amazon_992_19592,boolean,flip,0.0
walmart_amazon,walmart_amazon_992_19592,boolean,no_answer,0.0
walmart_amazon,walmart_amazon_992_19592,boolean,hedge,0.3
wdc_products,wdc_10187547#4727490,boolean,identity,1.0
wdc_products,wdc_10187547#4727490,boolean,verbose,1.0
wdc_products,wdc_10187547#4727490,boolean,tagged,1.0
wdc_products,wdc_10187547#4727490,boolean,paraphrase,0.95
wdc_products,wdc_10187547#4727490,boolean,flip,0.0
wdc_products,wdc_10187547#4727490,boolean,no_answer,0.0
wdc_products,wdc_10187547#4727490,boolean,hedge,0.3
wdc_products,wdc_10236558#14796970,boolean,identity,1.0
wdc_products,wdc_10236558#14796970,boolean,verbose,1.0
wdc_products,wdc_10236558#14796970,boolean,tagged,1.0
wdc_products,wdc_10236558#14796970,boolean,paraphrase,0.95
wdc_products,wdc_10236558#14796970,boolean,flip,0.0
wdc_products,wdc_10236558#14796970,boolean,no_answer,0.0
wdc_products,wdc_10236558#14796970,boolean,hedge,0.3
wdc_products,wdc_10308084#12445025,boolean,identity,1.0
wdc_products,wdc_10308084#12445025,boolean,verbose,1.0
wdc_products,wdc_10308084#12445025,boolean,tagged,1.0
wdc_products,wdc_10308084#12445025,boolean,paraphrase,0.95
wdc_products,wdc_10308084#12445025,boolean,flip,0.0
wdc_products,wdc_10308084#12445025,boolean,no_answer,0.0
wdc_products,wdc_10308084#12445025,boolean,hedge,0.3
wdc_products,wdc_10549634#9058708,boolean,identity,1.0
wdc_products,wdc_10549634#9058708,boolean,verbose,1.0
wdc_products,wdc_10549634#9058708,boolean,tagged,1.0
wdc_products,wdc_10549634#9058708,boolean,paraphrase,0.95
wdc_products,wdc_10549634#9058708,boolean,flip,0.0
wdc_products,wdc_10549634#9058708,boolean,no_answer,0.0
wdc_products,wdc_10549634#9058708,boolean,hedge,0.3
wdc_products,wdc_10640586#11996502,boolean,identity,1.0
wdc_products,wdc_10640586#11996502,boolean,verbose,1.0
wdc_products,wdc_10640586#11996502,boolean,tagged,1.0
wdc_products,wdc_10640586#11996502,boolean,paraphrase,0.95
wdc_products,wdc_10640586#11996502,boolean,flip,0.0
wdc_products,wdc_10640586#11996502,boolean,no_answer,0.0
wdc_products,wdc_10640586#11996502,boolean,hedge,0.3
wdc_products,wdc_10748704#14151496,boolean,identity,1.0
wdc_products,wdc_10748704#14151496,boolean,verbose,1.0
wdc_products,wdc_10748704#14151496,boolean,tagged,1.0
wdc_products,wdc_10748704#14151496,boolean,paraphrase,0.95
wdc_products,wdc_10748704#14151496,boolean,flip,0.0
wdc_products,wdc_10748704#14151496,boolean,no_answer,0.0
wdc_products,wdc_10748704#14151496,boolean,hedge,0.3
wdc_products,wdc_10760238#10671044,boolean,identity,1.0
wdc_products,wdc_10760238#10671044,boolean,verbose,1.0
wdc_products,wdc_10760238#10671044,boolean,tagged,1.0
wdc_products,wdc_10760238#10671044,boolean,paraphrase,0.95
wdc_products,wdc_10760238#10671044,boolean,flip,0.0
wdc_products,wdc_10760238#10671044,boolean,no_answer,0.0
wdc_products,wdc_10760238#10671044,boolean,hedge,0.3
wdc_products,wdc_10895580#9651240,boolean,identity,1.0
wdc_products,wdc_10895580#9651240,boolean,verbose,1.0
wdc_products,wdc_10895580#9651240,boolean,tagged,1.0
wdc_products,wdc_10895580#9651240,boolean,paraphrase,0.95
wdc_products,wdc_10895580#9651240,boolean,flip,0.0
wdc_products,wdc_10895580#9651240,boolean,no_answer,0.0
wdc_products,wdc_10895580#9651240,boolean,hedge,0.3
wdc_products,wdc_11088687#12424943,boolean,identity,1.0
wdc_products,wdc_11088687#12424943,boolean,verbose,1.0
wdc_products,wdc_11088687#12424943,boolean,tagged,1.0
wdc_products,wdc_11088687#12424943,boolean,paraphrase,0.95
wdc_products,wdc_11088687#12424943,boolean,flip,0.0
wdc_products,wdc_11088687#12424943,boolean,no_answer,0.0
wdc_products,wdc_11088687#12424943,boolean,hedge,0.3
wdc_products,wdc_11329139#6946686,boolean,identity,1.0
wdc_products,wdc_11329139#6946686,boolean,verbose,1.0
wdc_products,wdc_11329139#6946686,boolean,tagged,1.0
wdc_products,wdc_11329139#6946686,boolean,paraphrase,0.95
wdc_products,wdc_11329139#6946686,boolean,flip,0.0
wdc_products,wdc_11329139#6946686,boolean,no_answer,0.0
wdc_products,wdc_11329139#6946686,boolean,hedge,0.3
wdc_products,wdc_11494620#1455309,boolean,identity,1.0
wdc_products,wdc_11494620#1455309,boolean,verbose,1.0
wdc_products,wdc_11494620#1455309,boolean,tagged,1.0
wdc_products,wdc_11494620#1455309,boolean,paraphrase,0.95
wdc_products,wdc_11494620#1455309,boolean,flip,0.0
wdc_products,wdc_11494620#1455309,boolean,no_answer,0.0
wdc_products,wdc_11494620#1455309,boolean,hedge,0.3
wdc_products,wdc_11537002#16067015,boolean,identity,1.0
wdc_products,wdc_11537002#16067015,boolean,verbose,1.0
wdc_products,wdc_11537002#16067015,boolean,tagged,1.0
wdc_products,wdc_11537002#16067015,boolean,paraphrase,0.95
wdc_products,wdc_11537002#16067015,boolean,flip,0.0
wdc_products,wdc_11537002#16067015,boolean,no_answer,0.0
wdc_products,wdc_11537002#16067015,boolean,hedge,0.3
wdc_products,wdc_11774848#5269197,boolean,identity,1.0
wdc_products,wdc_11774848#5269197,boolean,verbose,1.0
wdc_products,wdc_11774848#5269197,boolean,tagged,1.0
wdc_products,wdc_11774848#5269197,boolean,paraphrase,0.95
wdc_products,wdc_11774848#5269197,boolean,flip,0.0
wdc_products,wdc_11774848#5269197,boolean,no_answer,0.0
wdc_products,wdc_11774848#5269197,boolean,hedge,0.3
wdc_products,wdc_11949216#14839612,boolean,identity,1.0
wdc_products,wdc_11949216#14839612,boolean,verbose,1.0
wdc_products,wdc_11949216#14839612,boolean,tagged,1.0
wdc_products,wdc_11949216#14839612,boolean,paraphrase,0.95
wdc_products,wdc_11949216#14839612,boolean,flip,0.0
wdc_products,wdc_11949216#14839612,boolean,no_answer,0.0
wdc_products,wdc_11949216#14839612,boolean,hedge,0.3
wdc_products,wdc_11988485#8309629,boolean,identity,1.0
wdc_products,wdc_11988485#8309629,boolean,verbose,1.0
wdc_products,wdc_11988485#8309629,boolean,tagged,1.0
wdc_products,wdc_11988485#8309629,boolean,paraphrase,0.95
wdc_products,wdc_11988485#8309629,boolean,flip,0.0
wdc_products,wdc_11988485#8309629,boolean,no_answer,0.0
wdc_products,wdc_11988485#8309629,boolean,hedge,0.3
wdc_products,wdc_12268318#15676937,boolean,identity,1.0
wdc_products,wdc_12268318#15676937,boolean,verbose,1.0
wdc_products,wdc_12268318#15676937,boolean,tagged,1.0
wdc_products,wdc_12268318#15676937,boolean,paraphrase,0.95
wdc_products,wdc_12268318#15676937,boolean,flip,0.0
wdc_products,wdc_12268318#15676937,boolean,no_answer,0.0
wdc_products,wdc_12268318#15676937,boolean,hedge,0.3
wdc_products,wdc_12367618#14929581,boolean,identity,1.0
wdc_products,wdc_12367618#14929581,boolean,verbose,1.0
wdc_products,wdc_12367618#14929581,boolean,tagged,1.0
wdc_products,wdc_12367618#14929581,boolean,paraphrase,0.95
wdc_products,wdc_12367618#14929581,boolean,flip,0.0
wdc_products,wdc_12367618#14929581,boolean,no_answer,0.0
wdc_products,wdc_12367618#14929581,boolean,hedge,0.3
wdc_products,wdc_129217#2527891,boolean,identity,1.0
wdc_products,wdc_129217#2527891,boolean,verbose,1.0
wdc_products,wdc_129217#2527891,boolean,tagged,1.0
wdc_products,wdc_129217#2527891,boolean,paraphrase,0.95
wdc_products,wdc_129217#2527891,boolean,flip,0.0
wdc_products,wdc_129217#2527891,boolean,no_answer,0.0
wdc_products,wdc_129217#2527891,boolean,hedge,0.3
wdc_products,wdc_1338589#14053857,boolean,identity,1.0
wdc_products,wdc_1338589#14053857,boolean,verbose,1.0
wdc_products,wdc_1338589#14053857,boolean,tagged,1.0
wdc_products,wdc_1338589#14053857,boolean,paraphrase,0.95
wdc_products,wdc_1338589#14053857,boolean,flip,0.0
wdc_products,wdc_1338589#14053857,boolean,no_answer,0.0
wdc_products,wdc_1338589#14053857,boolean,hedge,0.3
wdc_products,wdc_13611972#3346127,boolean,identity,1.0
wdc_products,wdc_13611972#3346127,boolean,verbose,1.0
wdc_products,wdc_13611972#3346127,boolean,tagged,1.0
wdc_products,wdc_13611972#3346127,boolean,paraphrase,0.95
wdc_products,wdc_13611972#3346127,boolean,flip,0.0
wdc_products,wdc_13611972#3346127,boolean,no_answer,0.0
wdc_products,wdc_13611972#3346127,boolean,hedge,0.3
wdc_products,wdc_13954472#17557346,boolean,identity,1.0
wdc_products,wdc_13954472#17557346,boolean,verbose,1.0
wdc_products,wdc_13954472#17557346,boolean,tagged,1.0
wdc_products,wdc_13954472#17557346,boolean,paraphrase,0.95
wdc_products,wdc_13954472#17557346,boolean,flip,0.0
wdc_products,wdc_13954472#17557346,boolean,no_answer,0.0
wdc_products,wdc_13954472#17557346,boolean,hedge,0.3
wdc_products,wdc_1396192#13415556,boolean,identity,1.0
wdc_products,wdc_1396192#13415556,boolean,verbose,1.0
wdc_products,wdc_1396192#13415556,boolean,tagged,1.0
wdc_products,wdc_1396192#13415556,boolean,paraphrase,0.95
wdc_products,wdc_1396192#13415556,boolean,flip,0.0
wdc_products,wdc_1396192#13415556,boolean,no_answer,0.0
wdc_products,wdc_1396192#13415556,boolean,hedge,0.3
wdc_products,wdc_14020037#12809946,boolean,identity,1.0
wdc_products,wdc_14020037#12809946,boolean,verbose,1.0
wdc_products,wdc_14020037#12809946,boolean,tagged,1.0
wdc_products,wdc_14020037#12809946,boolean,paraphrase,0.95
wdc_products,wdc_14020037#12809946,boolean,flip,0.0
wdc_products,wdc_14020037#12809946,boolean,no_answer,0.0
wdc_products,wdc_14020037#12809946,boolean,hedge,0.3
wdc_products,wdc_14146186#12394664,boolean,identity,1.0
wdc_products,wdc_14146186#12394664,boolean,verbose,1.0
wdc_products,wdc_14146186#12394664,boolean,tagged,1.0
wdc_products,wdc_14146186#12394664,boolean,paraphrase,0.95
wdc_products,wdc_14146186#12394664,boolean,flip,0.0
wdc_products,wdc_14146186#12394664,boolean,no_answer,0.0
wdc_products,wdc_14146186#12394664,boolean,hedge,0.3
wdc_products,wdc_14146186#17459096,boolean,identity,1.0
wdc_products,wdc_14146186#17459096,boolean,verbose,1.0
wdc_products,wdc_14146186#17459096,boolean,tagged,1.0
wdc_products,wdc_14146186#17459096,boolean,paraphrase,0.95
wdc_products,wdc_14146186#17459096,boolean,flip,0.0
wdc_products,wdc_14146186#17459096,boolean,no_answer,0.0
wdc_products,wdc_14146186#17459096,boolean,hedge,0.3
wdc_products,wdc_14272447#7217071,boolean,identity,1.0
wdc_products,wdc_14272447#7217071,boolean,verbose,1.0
wdc_products,wdc_14272447#7217071,boolean,tagged,1.0
wdc_products,wdc_14272447#7217071,boolean,paraphrase,0.95
wdc_products,wdc_14272447#7217071,boolean,flip,0.0
wdc_products,wdc_14272447#7217071,boolean,no_answer,0.0
wdc_products,wdc_14272447#7217071,boolean,hedge,0.3
wdc_products,wdc_14321130#14274752,boolean,identity,1.0
wdc_products,wdc_14321130#14274752,boolean,verbose,1.0
wdc_products,wdc_14321130#14274752,boolean,tagged,1.0
wdc_products,wdc_14321130#14274752,boolean,paraphrase,0.95
wdc_products,wdc_14321130#14274752,boolean,flip,0.0
wdc_products,wdc_14321130#14274752,boolean,no_answer,0.0
wdc_products,wdc_14321130#14274752,boolean,hedge,0.3
wdc_products,wdc_14409093#17129419,boolean,identity,1.0
wdc_products,wdc_14409093#17129419,boolean,verbose,1.0
wdc_products,wdc_14409093#17129419,boolean,tagged,1.0
wdc_products,wdc_14409093#17129419,boolean,paraphrase,0.95
wdc_products,wdc_14409093#17129419,boolean,flip,0.0
wdc_products,wdc_14409093#17129419,boolean,no_answer,0.0
wdc_products,wdc_14409093#17129419,boolean,hedge,0.3
wdc_products,wdc_14441485#1394968,boolean,identity,1.0
wdc_products,wdc_14441485#1394968,boolean,verbose,1.0
wdc_products,wdc_14441485#1394968,boolean,tagged,1.0
wdc_products,wdc_14441485#1394968,boolean,paraphrase,0.95
wdc_products,wdc_14441485#1394968,boolean,flip,0.0
wdc_products,wdc_14441485#1394968,boolean,no_answer,0.0
wdc_products,wdc_14441485#1394968,boolean,hedge,0.3
wdc_products,wdc_14484514#12156894,boolean,identity,1.0
wdc_products,wdc_14484514#12156894,boolean,verbose,1.0
wdc_products,wdc_14484514#12156894,boolean,tagged,1.0
wdc_products,wdc_14484514#12156894,boolean,paraphrase,0.95
wdc_products,wdc_14484514#12156894,boolean,flip,0.0
wdc_products,wdc_14484514#12156894,boolean,no_answer,0.0
wdc_products,wdc_14484514#12156894,boolean,hedge,0.3
wdc_products,wdc_14505351#16921535,boolean,identity,1.0
wdc_products,wdc_14505351#16921535,boolean,verbose,1.0
wdc_products,wdc_14505351#16921535,boolean,tagged,1.0
wdc_products,wdc_14505351#16921535,boolean,paraphrase,0.95
wdc_products,wdc_14505351#16921535,boolean,flip,0.0
wdc_products,wdc_14505351#16921535,boolean,no_answer,0.0
wdc_products,wdc_14505351#16921535,boolean,hedge,0.3
wdc_products,wdc_14656600#11988485,boolean,identity,1.0
wdc_products,wdc_14656600#11988485,boolean,verbose,1.0
wdc_products,wdc_14656600#11988485,boolean,tagged,1.0
wdc_products,wdc_14656600#11988485,boolean,paraphrase,0.95
wdc_products,wdc_14656600#11988485,boolean,flip,0.0
wdc_products,wdc_14656600#11988485,boolean,no_answer,0.0
wdc_products,wdc_14656600#11988485,boolean,hedge,0.3
wdc_products,wdc_14899970#15482392,boolean,identity,1.0
wdc_products,wdc_14899970#15482392,boolean,verbose,1.0
wdc_products,wdc_14899970#15482392,boolean,tagged,1.0
wdc_products,wdc_14899970#15482392,boolean,paraphrase,0.95
wdc_products,wdc_14899970#15482392,boolean,flip,0.0
wdc_products,wdc_14899970#15482392,boolean,no_answer,0.0
wdc_products,wdc_14899970#15482392,boolean,hedge,0.3
wdc_products,wdc_15016832#13515686,boolean,identity,1.0
wdc_products,wdc_15016832#13515686,boolean,verbose,1.0
wdc_products,wdc_15016832#13515686,boolean,tagged,1.0
wdc_products,wdc_15016832#13515686,boolean,paraphrase,0.95
wdc_products,wdc_15016832#13515686,boolean,flip,0.0
wdc_products,wdc_15016832#13515686,boolean,no_answer,0.0
wdc_products,wdc_15016832#13515686,boolean,hedge,0.3
wdc_products,wdc_15163031#2345785,boolean,identity,1.0
wdc_products,wdc_15163031#2345785,boolean,verbose,1.0
wdc_products,wdc_15163031#2345785,boolean,tagged,1.0
wdc_products,wdc_15163031#2345785,boolean,paraphrase,0.95
wdc_products,wdc_15163031#2345785,boolean,flip,0.0
wdc_products,wdc_15163031#2345785,boolean,no_answer,0.0
wdc_products,wdc_15163031#2345785,boolean,hedge,0.3
wdc_products,wdc_15216864#13271347,boolean,identity,1.0
wdc_products,wdc_15216864#13271347,boolean,verbose,1.0
wdc_products,wdc_15216864#13271347,boolean,tagged,1.0
wdc_products,wdc_15216864#13271347,boolean,paraphrase,0.95
wdc_products,wdc_15216864#13271347,boolean,flip,0.0
wdc_products,wdc_15216864#13271347,boolean,no_answer,0.0
wdc_products,wdc_15216864#13271347,boolean,hedge,0.3
wdc_products,wdc_15355215#17557409,boolean,identity,1.0
wdc_products,wdc_15355215#17557409,boolean,verbose,1.0
wdc_products,wdc_15355215#17557409,boolean,tagged,1.0
wdc_products,wdc_15355215#17557409,boolean,paraphrase,0.95
wdc_products,wdc_15355215#17557409,boolean,flip,0.0
wdc_products,wdc_15355215#17557409,boolean,no_answer,0.0
wdc_products,wdc_15355215#17557409,boolean,hedge,0.3
wdc_products,wdc_15398300#3233275,boolean,identity,1.0
wdc_products,wdc_15398300#3233275,boolean,verbose,1.0
wdc_products,wdc_15398300#3233275,boolean,tagged,1.0
wdc_products,wdc_15398300#3233275,boolean,paraphrase,0.95
wdc_products,wdc_15398300#3233275,boolean,flip,0.0
wdc_products,wdc_15398300#3233275,boolean,no_answer,0.0
wdc_products,wdc_15398300#3233275,boolean,hedge,0.3
wdc_products,wdc_15410020#17557318,boolean,identity,1.0
wdc_products,wdc_15410020#17557318,boolean,verbose,1.0
wdc_products,wdc_15410020#17557318,boolean,tagged,1.0
wdc_products,wdc_15410020#17557318,boolean,paraphrase,0.95
wdc_products,wdc_15410020#17557318,boolean,flip,0.0
wdc_products,wdc_15410020#17557318,boolean,no_answer,0.0
wdc_products,wdc_15410020#17557318,boolean,hedge,0.3
wdc_products,wdc_15704653#15101227,boolean,identity,1.0
wdc_products,wdc_15704653#15101227,boolean,verbose,1.0
wdc_products,wdc_15704653#15101227,boolean,tagged,1.0
wdc_products,wdc_15704653#15101227,boolean,paraphrase,0.95
wdc_products,wdc_15704653#15101227,boolean,flip,0.0
wdc_products,wdc_15704653#15101227,boolean,no_answer,0.0
wdc_products,wdc_15704653#15101227,boolean,hedge,0.3
wdc_products,wdc_15856907#10640586,boolean,identity,1.0
wdc_products,wdc_15856907#10640586,boolean,verbose,1.0
wdc_products,wdc_15856907#10640586,boolean,tagged,1.0
wdc_products,wdc_15856907#10640586,boolean,paraphrase,0.95
wdc_products,wdc_15856907#10640586,boolean,flip,0.0
wdc_products,wdc_15856907#10640586,boolean,no_answer,0.0
wdc_products,wdc_15856907#10640586,boolean,hedge,0.3
wdc_products,wdc_15994639#2477603,boolean,identity,1.0
wdc_products,wdc_15994639#2477603,boolean,verbose,1.0
wdc_products,wdc_15994639#2477603,boolean,tagged,1.0
wdc_products,wdc_15994639#2477603,boolean,paraphrase,0.95
wdc_products,wdc_15994639#2477603,boolean,flip,0.0
wdc_products,wdc_15994639#2477603,boolean,no_answer,0.0
wdc_products,wdc_15994639#2477603,boolean,hedge,0.3
wdc_products,wdc_16095827#14255762,boolean,identity,1.0
wdc_products,wdc_16095827#14255762,boolean,verbose,1.0
wdc_products,wdc_16095827#14255762,boolean,tagged,1.0
wdc_products,wdc_16095827#14255762,boolean,paraphrase,0.95
wdc_products,wdc_16095827#14255762,boolean,flip,0.0
wdc_products,wdc_16095827#14255762,boolean,no_answer,0.0
wdc_products,wdc_16095827#14255762,boolean,hedge,0.3
wdc_products,wdc_16112444#2389190,boolean,identity,1.0
wdc_products,wdc_16112444#2389190,boolean,verbose,1.0
wdc_products,wdc_16112444#2389190,boolean,tagged,1.0
wdc_products,wdc_16112444#2389190,boolean,paraphrase,0.95
wdc_products,wdc_16112444#2389190,boolean,flip,0.0
wdc_products,wdc_16112444#2389190,boolean,no_answer,0.0
wdc_products,wdc_16112444#2389190,boolean,hedge,0.3
wdc_products,wdc_1611917#4528473,boolean,identity,1.0
wdc_products,wdc_1611917#4528473,boolean,verbose,1.0
wdc_products,wdc_1611917#4528473,boolean,tagged,1.0
wdc_products,wdc_1611917#4528473,boolean,paraphrase,0.95
wdc_products,wdc_1611917#4528473,boolean,flip,0.0
wdc_products,wdc_1611917#4528473,boolean,no_answer,0.0
wdc_products,wdc_1611917#4528473,boolean,hedge,0.3
wdc_products,wdc_1613923#8852230,boolean,identity,1.0
wdc_products,wdc_1613923#8852230,boolean,verbose,1.0
wdc_products,wdc_1613923#8852230,boolean,tagged,1.0
wdc_products,wdc_1613923#8852230,boolean,paraphrase,0.95
wdc_products,wdc_1613923#8852230,boolean,flip,0.0
wdc_products,wdc_1613923#8852230,boolean,no_answer,0.0
wdc_products,wdc_1613923#8852230,boolean,hedge,0.3
wdc_products,wdc_16149193#13537792,boolean,identity,1.0
wdc_products,wdc_16149193#13537792,boolean,verbose,1.0
wdc_products,wdc_16149193#13537792,boolean,tagged,1.0
wdc_products,wdc_16149193#13537792,boolean,paraphrase,0.95
wdc_products,wdc_16149193#13537792,boolean,flip,0.0
wdc_products,wdc_16149193#13537792,boolean,no_answer,0.0
wdc_products,wdc_16149193#13537792,boolean,hedge,0.3
wdc_products,wdc_1616098#12538138,boolean,identity,1.0
wdc_products,wdc_1616098#12538138,boolean,verbose,1.0
wdc_products,wdc_1616098#12538138,boolean,tagged,1.0
wdc_products,wdc_1616098#12538138,boolean,paraphrase,0.95
wdc_products,wdc_1616098#12538138,boolean,flip,0.0
wdc_products,wdc_1616098#12538138,boolean,no_answer,0.0
wdc_products,wdc_1616098#12538138,boolean,hedge,0.3
wdc_products,wdc_1616098#15957918,boolean,identity,1.0
wdc_products,wdc_1616098#15957918,boolean,verbose,1.0
wdc_products,wdc_1616098#15957918,boolean,tagged,1.0
wdc_products,wdc_1616098#15957918,boolean,paraphrase,0.95
wdc_products,wdc_1616098#15957918,boolean,flip,0.0
wdc_products,wdc_1616098#15957918,boolean,no_answer,0.0
wdc_products,wdc_1616098#15957918,boolean,hedge,0.3
wdc_products,wdc_16268303#8748420,boolean,identity,1.0
wdc_products,wdc_16268303#8748420,boolean,verbose,1.0
wdc_products,wdc_16268303#8748420,boolean,tagged,1.0
wdc_products,wdc_16268303#8748420,boolean,paraphrase,0.95
wdc_products,wdc_16268303#8748420,boolean,flip,0.0
wdc_products,wdc_16268303#8748420,boolean,no_answer,0.0
wdc_products,wdc_16268303#8748420,boolean,hedge,0.3
wdc_products,wdc_16590061#12933240,boolean,identity,1.0
wdc_products,wdc_16590061#12933240,boolean,verbose,1.0
wdc_products,wdc_16590061#12933240,boolean,tagged,1.0
wdc_products,wdc_16590061#12933240,boolean,paraphrase,0.95
wdc_products,wdc_16590061#12933240,boolean,flip,0.0
wdc_products,wdc_16590061#12933240,boolean,no_answer,0.0
wdc_products,wdc_16590061#12933240,boolean,hedge,0.3
wdc_products,wdc_16680735#2271998,boolean,identity,1.0
wdc_products,wdc_16680735#2271998,boolean,verbose,1.0
wdc_products,wdc_16680735#2271998,boolean,tagged,1.0
wdc_products,wdc_16680735#2271998,boolean,paraphrase,0.95
wdc_products,wdc_16680735#2271998,boolean,flip,0.0
wdc_products,wdc_16680735#2271998,boolean,no_answer,0.0
wdc_products,wdc_16680735#2271998,boolean,hedge,0.3
wdc_products,wdc_1678701#6179192,boolean,identity,1.0
wdc_products,wdc_1678701#6179192,boolean,verbose,1.0
wdc_products,wdc_1678701#6179192,boolean,tagged,1.0
wdc_products,wdc_1678701#6179192,boolean,paraphrase,0.95
wdc_products,wdc_1678701#6179192,boolean,flip,0.0
wdc_products,wdc_1678701#6179192,boolean,no_answer,0.0
wdc_products,wdc_1678701#6179192,boolean,hedge,0.3
wdc_products,wdc_16886619#7083342,boolean,identity,1.0
wdc_products,wdc_16886619#7083342,boolean,verbose,1.0
wdc_products,wdc_16886619#7083342,boolean,tagged,1.0
wdc_products,wdc_16886619#7083342,boolean,paraphrase,0.95
wdc_products,wdc_16886619#7083342,boolean,flip,0.0
wdc_products,wdc_16886619#7083342,boolean,no_answer,0.0
wdc_products,wdc_16886619#7083342,boolean,hedge,0.3
wdc_products,wdc_16942755#17557347,boolean,identity,1.0
wdc_products,wdc_16942755#17557347,boolean,verbose,1.0
wdc_products,wdc_16942755#17557347,boolean,tagged,1.0
wdc_products,wdc_16942755#17557347,boolean,paraphrase,0.95
wdc_products,wdc_16942755#17557347,boolean,flip,0.0
wdc_products,wdc_16942755#17557347,boolean,no_answer,0.0
wdc_products,wdc_16942755#17557347,boolean,hedge,0.3
wdc_products,wdc_17115507#7087177,boolean,identity,1.0
wdc_products,wdc_17115507#7087177,boolean,verbose,1.0
wdc_products,wdc_17115507#7087177,boolean,tagged,1.0
wdc_products,wdc_17115507#7087177,boolean,paraphrase,0.95
wdc_products,wdc_17115507#7087177,boolean,flip,0.0
wdc_products,wdc_17115507#7087177,boolean,no_answer,0.0
wdc_products,wdc_17115507#7087177,boolean,hedge,0.3
wdc_products,wdc_17557315#14883637,boolean,identity,1.0
wdc_products,wdc_17557315#14883637,boolean,verbose,1.0
wdc_products,wdc_17557315#14883637,boolean,tagged,1.0
wdc_products,wdc_17557315#14883637,boolean,paraphrase,0.95
wdc_products,wdc_17557315#14883637,boolean,flip,0.0
wdc_products,wdc_17557315#14883637,boolean,no_answer,0.0
wdc_products,wdc_17557315#14883637,boolean,hedge,0.3
wdc_products,wdc_17557330#17557343,boolean,identity,1.0
wdc_products,wdc_17557330#17557343,boolean,verbose,1.0
wdc_products,wdc_17557330#17557343,boolean,tagged,1.0
wdc_products,wdc_17557330#17557343,boolean,paraphrase,0.95
wdc_products,wdc_17557330#17557343,boolean,flip,0.0
wdc_products,wdc_17557330#17557343,boolean,no_answer,0.0
wdc_products,wdc_17557330#17557343,boolean,hedge,0.3
wdc_products,wdc_17557357#15275925,boolean,identity,1.0
wdc_products,wdc_17557357#15275925,boolean,verbose,1.0
wdc_products,wdc_17557357#15275925,boolean,tagged,1.0
wdc_products,wdc_17557357#15275925,boolean,paraphrase,0.95
wdc_products,wdc_17557357#15275925,boolean,flip,0.0
wdc_products,wdc_17557357#15275925,boolean,no_answer,0.0
wdc_products,wdc_17557357#15275925,boolean,hedge,0.3
wdc_products,wdc_17557423#17557424,boolean,identity,1.0
wdc_products,wdc_17557423#17557424,boolean,verbose,1.0
wdc_products,wdc_17557423#17557424,boolean,tagged,1.0
wdc_products,wdc_17557423#17557424,boolean,paraphrase,0.95
wdc_products,wdc_17557423#17557424,boolean,flip,0.0
wdc_products,wdc_17557423#17557424,boolean,no_answer,0.0
wdc_products,wdc_17557423#17557424,boolean,hedge,0.3
wdc_products,wdc_17557479#17557339,boolean,identity,1.0
wdc_products,wdc_17557479#17557339,boolean,verbose,1.0
wdc_products,wdc_17557479#17557339,boolean,tagged,1.0
wdc_products,wdc_17557479#17557339,boolean,paraphrase,0.95
wdc_products,wdc_17557479#17557339,boolean,flip,0.0
wdc_products,wdc_17557479#17557339,boolean,no_answer,0.0
wdc_products,wdc_17557479#17557339,boolean,hedge,0.3
wdc_products,wdc_1882213#16049825,boolean,identity,1.0
wdc_products,wdc_1882213#16049825,boolean,verbose,1.0
wdc_products,wdc_1882213#16049825,boolean,tagged,1.0
wdc_products,wdc_1882213#16049825,boolean,paraphrase,0.95
wdc_products,wdc_1882213#16049825,boolean,flip,0.0
wdc_products,wdc_1882213#16049825,boolean,no_answer,0.0
wdc_products,wdc_1882213#16049825,boolean,hedge,0.3
wdc_products,wdc_188796#4124405,boolean,identity,1.0
wdc_products,wdc_188796#4124405,boolean,verbose,1.0
wdc_products,wdc_188796#4124405,boolean,tagged,1.0
wdc_products,wdc_188796#4124405,boolean,paraphrase,0.95
wdc_products,wdc_188796#4124405,boolean,flip,0.0
wdc_products,wdc_188796#4124405,boolean,no_answer,0.0
wdc_products,wdc_188796#4124405,boolean,hedge,0.3
wdc_products,wdc_1970846#10308388,boolean,identity,1.0
wdc_products,wdc_1970846#10308388,boolean,verbose,1.0
wdc_products,wdc_1970846#10308388,boolean,tagged,1.0
wdc_products,wdc_1970846#10308388,boolean,paraphrase,0.95
wdc_products,wdc_1970846#10308388,boolean,flip,0.0
wdc_products,wdc_1970846#10308388,boolean,no_answer,0.0
wdc_products,wdc_1970846#10308388,boolean,hedge,0.3
wdc_products,wdc_2030520#7809733,boolean,identity,1.0
wdc_products,wdc_2030520#7809733,boolean,verbose,1.0
wdc_products,wdc_2030520#7809733,boolean,tagged,1.0
wdc_products,wdc_2030520#7809733,boolean,paraphrase,0.95
wdc_products,wdc_2030520#7809733,boolean,flip,0.0
wdc_products,wdc_2030520#7809733,boolean,no_answer,0.0
wdc_products,wdc_2030520#7809733,boolean,hedge,0.3
wdc_products,wdc_2035665#7272784,boolean,identity,1.0
wdc_products,wdc_2035665#7272784,boolean,verbose,1.0
wdc_products,wdc_2035665#7272784,boolean,tagged,1.0
wdc_products,wdc_2035665#7272784,boolean,paraphrase,0.95
wdc_products,wdc_2035665#7272784,boolean,flip,0.0
wdc_products,wdc_2035665#7272784,boolean,no_answer,0.0
wdc_products,wdc_2035665#7272784,boolean,hedge,0.3
wdc_products,wdc_2060325#9589640,boolean,identity,1.0
wdc_products,wdc_2060325#9589640,boolean,verbose,1.0
wdc_products,wdc_2060325#9589640,boolean,tagged,1.0
wdc_products,wdc_2060325#9589640,boolean,paraphrase,0.95
wdc_products,wdc_2060325#9589640,boolean,flip,0.0
wdc_products,wdc_2060325#9589640,boolean,no_answer,0.0
wdc_products,wdc_2060325#9589640,boolean,hedge,0.3
wdc_products,wdc_2088918#2941355,boolean,identity,1.0
wdc_products,wdc_2088918#2941355,boolean,verbose,1.0
wdc_products,wdc_2088918#2941355,boolean,tagged,1.0
wdc_products,wdc_2088918#2941355,boolean,paraphrase,0.95
wdc_products,wdc_2088918#2941355,boolean,flip,0.0
wdc_products,wdc_2088918#2941355,boolean,no_answer,0.0
wdc_products,wdc_2088918#2941355,boolean,hedge,0.3
wdc_products,wdc_2102936#11268440,boolean,identity,1.0
wdc_products,wdc_2102936#11268440,boolean,verbose,1.0
wdc_products,wdc_2102936#11268440,boolean,tagged,1.0
wdc_products,wdc_2102936#11268440,boolean,paraphrase,0.95
wdc_products,wdc_2102936#11268440,boolean,flip,0.0
wdc_products,wdc_2102936#11268440,boolean,no_answer,0.0
wdc_products,wdc_2102936#11268440,boolean,hedge,0.3
wdc_products,wdc_2102936#12770934,boolean,identity,1.0
wdc_products,wdc_2102936#12770934,boolean,verbose,1.0
wdc_products,wdc_2102936#12770934,boolean,tagged,1.0
wdc_products,wdc_2102936#12770934,boolean,paraphrase,0.95
wdc_products,wdc_2102936#12770934,boolean,flip,0.0
wdc_products,wdc_2102936#12770934,boolean,no_answer,0.0
wdc_products,wdc_2102936#12770934,boolean,hedge,0.3
wdc_products,wdc_2114134#498591,boolean,identity,1.0
wdc_products,wdc_2114134#498591,boolean,verbose,1.0
wdc_products,wdc_2114134#498591,boolean,tagged,1.0
wdc_products,wdc_2114134#498591,boolean,paraphrase,0.95
wdc_products,wdc_2114134#498591,boolean,flip,0.0
wdc_products,wdc_2114134#498591,boolean,no_answer,0.0
wdc_products,wdc_2114134#498591,boolean,hedge,0.3
wdc_products,wdc_2270518#10120834,boolean,identity,1.0
wdc_products,wdc_2270518#10120834,boolean,verbose,1.0
wdc_products,wdc_2270518#10120834,boolean,tagged,1.0
wdc_products,wdc_2270518#10120834,boolean,paraphrase,0.95
wdc_products,wdc_2270518#10120834,boolean,flip,0.0
wdc_products,wdc_2270518#10120834,boolean,no_answer,0.0
wdc_products,wdc_2270518#10120834,boolean,hedge,0.3
wdc_products,wdc_2273550#13196164,boolean,identity,1.0
wdc_products,wdc_2273550#13196164,boolean,verbose,1.0
wdc_products,wdc_2273550#13196164,boolean,tagged,1.0
wdc_products,wdc_2273550#13196164,boolean,paraphrase,0.95
wdc_products,wdc_2273550#13196164,boolean,flip,0.0
wdc_products,wdc_2273550#13196164,boolean,no_answer,0.0
wdc_products,wdc_2273550#13196164,boolean,hedge,0.3
wdc_products,wdc_2361538#16784156,boolean,identity,1.0
wdc_products,wdc_2361538#16784156,boolean,verbose,1.0
wdc_products,wdc_2361538#16784156,boolean,tagged,1.0
wdc_products,wdc_2361538#16784156,boolean,paraphrase,0.95
wdc_products,wdc_2361538#16784156,boolean,flip,0.0
wdc_products,wdc_2361538#16784156,boolean,no_answer,0.0
wdc_products,wdc_2361538#16784156,boolean,hedge,0.3
wdc_products,wdc_2677362#15923,boolean,identity,1.0
wdc_products,wdc_2677362#15923,boolean,verbose,1.0
wdc_products,wdc_2677362#15923,boolean,tagged,1.0
wdc_products,wdc_2677362#15923,boolean,paraphrase,0.95
wdc_products,wdc_2677362#15923,boolean,flip,0.0
wdc_products,wdc_2677362#15923,boolean,no_answer,0.0
wdc_products,wdc_2677362#15923,boolean,hedge,0.3
wdc_products,wdc_270189#11614760,boolean,identity,1.0
wdc_products,wdc_270189#11614760,boolean,verbose,1.0
wdc_products,wdc_270189#11614760,boolean,tagged,1.0
wdc_products,wdc_270189#11614760,boolean,paraphrase,0.95
wdc_products,wdc_270189#11614760,boolean,flip,0.0
wdc_products,wdc_270189#11614760,boolean,no_answer,0.0
wdc_products,wdc_270189#11614760,boolean,hedge,0.3
wdc_products,wdc_270189#12775484,boolean,identity,1.0
wdc_products,wdc_270189#12775484,boolean,verbose,1.0
wdc_products,wdc_270189#12775484,boolean,tagged,1.0
wdc_products,wdc_270189#12775484,boolean,paraphrase,0.95
wdc_products,wdc_270189#12775484,boolean,flip,0.0
wdc_products,wdc_270189#12775484,boolean,no_answer,0.0
wdc_products,wdc_270189#12775484,boolean,hedge,0.3
wdc_products,wdc_2785122#10121418,boolean,identity,1.0
wdc_products,wdc_2785122#10121418,boolean,verbose,1.0
wdc_products,wdc_2785122#10121418,boolean,tagged,1.0
wdc_products,wdc_2785122#10121418,boolean,paraphrase,0.95
wdc_products,wdc_2785122#10121418,boolean,flip,0.0
wdc_products,wdc_2785122#10121418,boolean,no_answer,0.0
wdc_products,wdc_2785122#10121418,boolean,hedge,0.3
wdc_products,wdc_2797828#1796357,boolean,identity,1.0
wdc_products,wdc_2797828#1796357,boolean,verbose,1.0
wdc_products,wdc_2797828#1796357,boolean,tagged,1.0
wdc_products,wdc_2797828#1796357,boolean,paraphrase,0.95
wdc_products,wdc_2797828#1796357,boolean,flip,0.0
wdc_products,wdc_2797828#1796357,boolean,no_answer,0.0
wdc_products,wdc_2797828#1796357,boolean,hedge,0.3
wdc_products,wdc_2808846#4894738,boolean,identity,1.0
wdc_products,wdc_2808846#4894738,boolean,verbose,1.0
wdc_products,wdc_2808846#4894738,boolean,tagged,1.0
wdc_products,wdc_2808846#4894738,boolean,paraphrase,0.95
wdc_products,wdc_2808846#4894738,boolean,flip,0.0
wdc_products,wdc_2808846#4894738,boolean,no_answer,0.0
wdc_products,wdc_2808846#4894738,boolean,hedge,0.3
wdc_products,wdc_2812#14463282,boolean,identity,1.0
wdc_products,wdc_2812#14463282,boolean,verbose,1.0
wdc_products,wdc_2812#14463282,boolean,tagged,1.0
wdc_products,wdc_2812#14463282,boolean,paraphrase,0.95
wdc_products,wdc_2812#14463282,boolean,flip,0.0
wdc_products,wdc_2812#14463282,boolean,no_answer,0.0
wdc_products,wdc_2812#14463282,boolean,hedge,0.3
wdc_products,wdc_2814747#7189568,boolean,identity,1.0
wdc_products,wdc_2814747#7189568,boolean,verbose,1.0
wdc_products,wdc_2814747#7189568,boolean,tagged,1.0
wdc_products,wdc_2814747#7189568,boolean,paraphrase,0.95
wdc_products,wdc_2814747#7189568,boolean,flip,0.0
wdc_products,wdc_2814747#7189568,boolean,no_answer,0.0
wdc_products,wdc_2814747#7189568,boolean,hedge,0.3
wdc_products,wdc_2847590#8642377,boolean,identity,1.0
wdc_products,wdc_2847590#8642377,boolean,verbose,1.0
wdc_products,wdc_2847590#8642377,boolean,tagged,1.0
wdc_products,wdc_2847590#8642377,boolean,paraphrase,0.95
wdc_products,wdc_2847590#8642377,boolean,flip,0.0
wdc_products,wdc_2847590#8642377,boolean,no_answer,0.0
wdc_products,wdc_2847590#8642377,boolean,hedge,0.3
wdc_products,wdc_2935653#1136042,boolean,identity,1.0
wdc_products,wdc_2935653#1136042,boolean,verbose,1.0
wdc_products,wdc_2935653#1136042,boolean,tagged,1.0
wdc_products,wdc_2935653#1136042,boolean,paraphrase,0.95
wdc_products,wdc_2935653#1136042,boolean,flip,0.0
wdc_products,wdc_2935653#1136042,boolean,no_answer,0.0
wdc_products,wdc_2935653#1136042,boolean,hedge,0.3
wdc_products,wdc_2980296#17033005,boolean,identity,1.0
wdc_products,wdc_2980296#17033005,boolean,verbose,1.0
wdc_products,wdc_2980296#17033005,boolean,tagged,1.0
wdc_products,wdc_2980296#17033005,boolean,paraphrase,0.95
wdc_products,wdc_2980296#17033005,boolean,flip,0.0
wdc_products,wdc_2980296#17033005,boolean,no_answer,0.0
wdc_products,wdc_2980296#17033005,boolean,hedge,0.3
wdc_products,wdc_2995944#8622593,boolean,identity,1.0
wdc_products,wdc_2995944#8622593,boolean,verbose,1.0
wdc_products,wdc_2995944#8622593,boolean,tagged,1.0
wdc_products,wdc_2995944#8622593,boolean,paraphrase,0.95
wdc_products,wdc_2995944#8622593,boolean,flip,0.0
wdc_products,wdc_2995944#8622593,boolean,no_answer,0.0
wdc_products,wdc_2995944#8622593,boolean,hedge,0.3
wdc_products,wdc_2999298#777684,boolean,identity,1.0
wdc_products,wdc_2999298#777684,boolean,verbose,1.0
wdc_products,wdc_2999298#777684,boolean,tagged,1.0
wdc_products,wdc_2999298#777684,boolean,paraphrase,0.95
wdc_products,wdc_2999298#777684,boolean,flip,0.0
wdc_products,wdc_2999298#777684,boolean,no_answer,0.0
wdc_products,wdc_2999298#777684,boolean,hedge,0.3
wdc_products,wdc_3083228#3424944,boolean,identity,1.0
wdc_products,wdc_3083228#3424944,boolean,verbose,1.0
wdc_products,wdc_3083228#3424944,boolean,tagged,1.0
wdc_products,wdc_3083228#3424944,boolean,paraphrase,0.95
wdc_products,wdc_3083228#3424944,boolean,flip,0.0
wdc_products,wdc_3083228#3424944,boolean,no_answer,0.0
wdc_products,wdc_3083228#3424944,boolean,hedge,0.3
wdc_products,wdc_3098583#5053266,boolean,identity,1.0
wdc_products,wdc_3098583#5053266,boolean,verbose,1.0
wdc_products,wdc_3098583#5053266,boolean,tagged,1.0
wdc_products,wdc_3098583#5053266,boolean,paraphrase,0.95
wdc_products,wdc_3098583#5053266,boolean,flip,0.0
wdc_products,wdc_3098583#5053266,boolean,no_answer,0.0
wdc_products,wdc_3098583#5053266,boolean,hedge,0.3
wdc_products,wdc_341324#4602305,boolean,identity,1.0
wdc_products,wdc_341324#4602305,boolean,verbose,1.0
wdc_products,wdc_341324#4602305,boolean,tagged,1.0
wdc_products,wdc_341324#4602305,boolean,paraphrase,0.95
wdc_products,wdc_341324#4602305,boolean,flip,0.0
wdc_products,wdc_341324#4602305,boolean,no_answer,0.0
wdc_products,wdc_341324#4602305,boolean,hedge,0.3
wdc_products,wdc_3421447#17284289,boolean,identity,1.0
wdc_products,wdc_3421447#17284289,boolean,verbose,1.0
wdc_products,wdc_3421447#17284289,boolean,tagged,1.0
wdc_products,wdc_3421447#17284289,boolean,paraphrase,0.95
wdc_products,wdc_3421447#17284289,boolean,flip,0.0
wdc_products,wdc_3421447#17284289,boolean,no_answer,0.0
wdc_products,wdc_3421447#17284289,boolean,hedge,0.3
wdc_products,wdc_3622920#7279614,boolean,identity,1.0
wdc_products,wdc_3622920#7279614,boolean,verbose,1.0
wdc_products,wdc_3622920#7279614,boolean,tagged,1.0
wdc_products,wdc_3622920#7279614,boolean,paraphrase,0.95
wdc_products,wdc_3622920#7279614,boolean,flip,0.0
wdc_products,wdc_3622920#7279614,boolean,no_answer,0.0
wdc_products,wdc_3622920#7279614,boolean,hedge,0.3
wdc_products,wdc_3705669#11628524,boolean,identity,1.0
wdc_products,wdc_3705669#11628524,boolean,verbose,1.0
wdc_products,wdc_3705669#11628524,boolean,tagged,1.0
wdc_products,wdc_3705669#11628524,boolean,paraphrase,0.95
wdc_products,wdc_3705669#11628524,boolean,flip,0.0
wdc_products,wdc_3705669#11628524,boolean,no_answer,0.0
wdc_products,wdc_3705669#11628524,boolean,hedge,0.3
wdc_products,wdc_3865723#11635706,boolean,identity,1.0
wdc_products,wdc_3865723#11635706,boolean,verbose,1.0
wdc_products,wdc_3865723#11635706,boolean,tagged,1.0
wdc_products,wdc_3865723#11635706,boolean,paraphrase,0.95
wdc_products,wdc_3865723#11635706,boolean,flip,0.0
wdc_products,wdc_3865723#11635706,boolean,no_answer,0.0
wdc_products,wdc_3865723#11635706,boolean,hedge,0.3
wdc_products,wdc_3865723#4335681,boolean,identity,1.0
wdc_products,wdc_3865723#4335681,boolean,verbose,1.0
wdc_products,wdc_3865723#4335681,boolean,tagged,1.0
wdc_products,wdc_3865723#4335681,boolean,paraphrase,0.95
wdc_products,wdc_3865723#4335681,boolean,flip,0.0
wdc_products,wdc_3865723#4335681,boolean,no_answer,0.0
wdc_products,wdc_3865723#4335681,boolean,hedge,0.3
wdc_products,wdc_3869975#16919272,boolean,identity,1.0
wdc_products,wdc_3869975#16919272,boolean,verbose,1.0
wdc_products,wdc_3869975#16919272,boolean,tagged,1.0
wdc_products,wdc_3869975#16919272,boolean,paraphrase,0.95
wdc_products,wdc_3869975#16919272,boolean,flip,0.0
wdc_products,wdc_3869975#16919272,boolean,no_answer,0.0
wdc_products,wdc_3869975#16919272,boolean,hedge,0.3
wdc_products,wdc_3884472#2899592,boolean,identity,1.0
wdc_products,wdc_3884472#2899592,boolean,verbose,1.0
wdc_products,wdc_3884472#2899592,boolean,tagged,1.0
wdc_products,wdc_3884472#2899592,boolean,paraphrase,0.95
wdc_products,wdc_3884472#2899592,boolean,flip,0.0
wdc_products,wdc_3884472#2899592,boolean,no_answer,0.0
wdc_products,wdc_3884472#2899592,boolean,hedge,0.3
wdc_products,wdc_3933224#8026955,boolean,identity,1.0
wdc_products,wdc_3933224#8026955,boolean,verbose,1.0
wdc_products,wdc_3933224#8026955,boolean,tagged,1.0
wdc_products,wdc_3933224#8026955,boolean,paraphrase,0.95
wdc_products,wdc_3933224#8026955,boolean,flip,0.0
wdc_products,wdc_3933224#8026955,boolean,no_answer,0.0
wdc_products,wdc_3933224#8026955,boolean,hedge,0.3
wdc_products,wdc_3947592#5870407,boolean,identity,1.0
wdc_products,wdc_3947592#5870407,boolean,verbose,1.0
wdc_products,wdc_3947592#5870407,boolean,tagged,1.0
wdc_products,wdc_3947592#5870407,boolean,paraphrase,0.95
wdc_products,wdc_3947592#5870407,boolean,flip,0.0
wdc_products,wdc_3947592#5870407,boolean,no_answer,0.0
wdc_products,wdc_3947592#5870407,boolean,hedge,0.3
wdc_products,wdc_3954443#12356286,boolean,identity,1.0
wdc_products,wdc_3954443#12356286,boolean,verbose,1.0
wdc_products,wdc_3954443#12356286,boolean,tagged,1.0
wdc_products,wdc_3954443#12356286,boolean,paraphrase,0.95
wdc_products,wdc_3954443#12356286,boolean,flip,0.0
wdc_products,wdc_3954443#12356286,boolean,no_answer,0.0
wdc_products,wdc_3954443#12356286,boolean,hedge,0.3
wdc_products,wdc_4014396#10252895,boolean,identity,1.0
wdc_products,wdc_4014396#10252895,boolean,verbose,1.0
wdc_products,wdc_4014396#10252895,boolean,tagged,1.0
wdc_products,wdc_4014396#10252895,boolean,paraphrase,0.95
wdc_products,wdc_4014396#10252895,boolean,flip,0.0
wdc_products,wdc_4014396#10252895,boolean,no_answer,0.0
wdc_products,wdc_4014396#10252895,boolean,hedge,0.3
wdc_products,wdc_4105864#13407150,boolean,identity,1.0
wdc_products,wdc_4105864#13407150,boolean,verbose,1.0
wdc_products,wdc_4105864#13407150,boolean,tagged,1.0
wdc_products,wdc_4105864#13407150,boolean,paraphrase,0.95
wdc_products,wdc_4105864#13407150,boolean,flip,0.0
wdc_products,wdc_4105864#13407150,boolean,no_answer,0.0
wdc_products,wdc_4105864#13407150,boolean,hedge,0.3
wdc_products,wdc_4108031#16489038,boolean,identity,1.0
wdc_products,wdc_4108031#16489038,boolean,verbose,1.0
wdc_products,wdc_4108031#16489038,boolean,tagged,1.0
wdc_products,wdc_4108031#16489038,boolean,paraphrase,0.95
wdc_products,wdc_4108031#16489038,boolean,flip,0.0
wdc_products,wdc_4108031#16489038,boolean,no_answer,0.0
wdc_products,wdc_4108031#16489038,boolean,hedge,0.3
wdc_products,wdc_4129697#7893111,boolean,identity,1.0
wdc_products,wdc_4129697#7893111,boolean,verbose,1.0
wdc_products,wdc_4129697#7893111,boolean,tagged,1.0
wdc_products,wdc_4129697#7893111,boolean,paraphrase,0.95
wdc_products,wdc_4129697#7893111,boolean,flip,0.0
wdc_products,wdc_4129697#7893111,boolean,no_answer,0.0
wdc_products,wdc_4129697#7893111,boolean,hedge,0.3
wdc_products,wdc_4147233#239479,boolean,identity,1.0
wdc_products,wdc_4147233#239479,boolean,verbose,1.0
wdc_products,wdc_4147233#239479,boolean,tagged,1.0
wdc_products,wdc_4147233#239479,boolean,paraphrase,0.95
wdc_products,wdc_4147233#239479,boolean,flip,0.0
wdc_products,wdc_4147233#239479,boolean,no_answer,0.0
wdc_products,wdc_4147233#239479,boolean,hedge,0.3
wdc_products,wdc_4218849#16628944,boolean,identity,1.0
wdc_products,wdc_4218849#16628944,boolean,verbose,1.0
wdc_products,wdc_4218849#16628944,boolean,tagged,1.0
wdc_products,wdc_4218849#16628944,boolean,paraphrase,0.95
wdc_products,wdc_4218849#16628944,boolean,flip,0.0
wdc_products,wdc_4218849#16628944,boolean,no_answer,0.0
wdc_products,wdc_4218849#16628944,boolean,hedge,0.3
wdc_products,wdc_4246952#11273198,boolean,identity,1.0
wdc_products,wdc_4246952#11273198,boolean,verbose,1.0
wdc_products,wdc_4246952#11273198,boolean,tagged,1.0
wdc_products,wdc_4246952#11273198,boolean,paraphrase,0.95
wdc_products,wdc_4246952#11273198,boolean,flip,0.0
wdc_products,wdc_4246952#11273198,boolean,no_answer,0.0
wdc_products,wdc_4246952#11273198,boolean,hedge,0.3
wdc_products,wdc_451743#7106351,boolean,identity,1.0
wdc_products,wdc_451743#7106351,boolean,verbose,1.0
wdc_products,wdc_451743#7106351,boolean,tagged,1.0
wdc_products,wdc_451743#7106351,boolean,paraphrase,0.95
wdc_products,wdc_451743#7106351,boolean,flip,0.0
wdc_products,wdc_451743#7106351,boolean,no_answer,0.0
wdc_products,wdc_451743#7106351,boolean,hedge,0.3
wdc_products,wdc_4528473#8732193,boolean,identity,1.0
wdc_products,wdc_4528473#8732193,boolean,verbose,1.0
wdc_products,wdc_4528473#8732193,boolean,tagged,1.0
wdc_products,wdc_4528473#8732193,boolean,paraphrase,0.95
wdc_products,wdc_4528473#8732193,boolean,flip,0.0
wdc_products,wdc_4528473#8732193,boolean,no_answer,0.0
wdc_products,wdc_4528473#8732193,boolean,hedge,0.3
wdc_products,wdc_4629011#7576687,boolean,identity,1.0
wdc_products,wdc_4629011#7576687,boolean,verbose,1.0
wdc_products,wdc_4629011#7576687,boolean,tagged,1.0
wdc_products,wdc_4629011#7576687,boolean,paraphrase,0.95
wdc_products,wdc_4629011#7576687,boolean,flip,0.0
wdc_products,wdc_4629011#7576687,boolean,no_answer,0.0
wdc_products,wdc_4629011#7576687,boolean,hedge,0.3
wdc_products,wdc_4966388#9169175,boolean,identity,1.0
wdc_products,wdc_4966388#9169175,boolean,verbose,1.0
wdc_products,wdc_4966388#9169175,boolean,tagged,1.0
wdc_products,wdc_4966388#9169175,boolean,paraphrase,0.95
wdc_products,wdc_4966388#9169175,boolean,flip,0.0
wdc_products,wdc_4966388#9169175,boolean,no_answer,0.0
wdc_products,wdc_4966388#9169175,boolean,hedge,0.3
wdc_products,wdc_5013957#12425074,boolean,identity,1.0
wdc_products,wdc_5013957#12425074,boolean,verbose,1.0
wdc_products,wdc_5013957#12425074,boolean,tagged,1.0
wdc_products,wdc_5013957#12425074,boolean,paraphrase,0.95
wdc_products,wdc_5013957#12425074,boolean,flip,0.0
wdc_products,wdc_5013957#12425074,boolean,no_answer,0.0
wdc_products,wdc_5013957#12425074,boolean,hedge,0.3
wdc_products,wdc_5148949#8062622,boolean,identity,1.0
wdc_products,wdc_5148949#8062622,boolean,verbose,1.0
wdc_products,wdc_5148949#8062622,boolean,tagged,1.0
wdc_products,wdc_5148949#8062622,boolean,paraphrase,0.95
wdc_products,wdc_5148949#8062622,boolean,flip,0.0
wdc_products,wdc_5148949#8062622,boolean,no_answer,0.0
wdc_products,wdc_5148949#8062622,boolean,hedge,0.3
wdc_products,wdc_5206328#16492429,boolean,identity,1.0
wdc_products,wdc_5206328#16492429,boolean,verbose,1.0
wdc_products,wdc_5206328#16492429,boolean,tagged,1.0
wdc_products,wdc_5206328#16492429,boolean,paraphrase,0.95
wdc_products,wdc_5206328#16492429,boolean,flip,0.0
wdc_products,wdc_5206328#16492429,boolean,no_answer,0.0
wdc_products,wdc_5206328#16492429,boolean,hedge,0.3
wdc_products,wdc_544348#7595289,boolean,identity,1.0
wdc_products,wdc_544348#7595289,boolean,verbose,1.0
wdc_products,wdc_544348#7595289,boolean,tagged,1.0
wdc_products,wdc_544348#7595289,boolean,paraphrase,0.95
wdc_products,wdc_544348#7595289,boolean,flip,0.0
wdc_products,wdc_544348#7595289,boolean,no_answer,0.0
wdc_products,wdc_544348#7595289,boolean,hedge,0.3
wdc_products,wdc_5463413#11815503,boolean,identity,1.0
wdc_products,wdc_5463413#11815503,boolean,verbose,1.0
wdc_products,wdc_5463413#11815503,boolean,tagged,1.0
wdc_products,wdc_5463413#11815503,boolean,paraphrase,0.95
wdc_products,wdc_5463413#11815503,boolean,flip,0.0
wdc_products,wdc_5463413#11815503,boolean,no_answer,0.0
wdc_products,wdc_5463413#11815503,boolean,hedge,0.3
wdc_products,wdc_5562149#14548909,boolean,identity,1.0
wdc_products,wdc_5562149#14548909,boolean,verbose,1.0
wdc_products,wdc_5562149#14548909,boolean,tagged,1.0
wdc_products,wdc_5562149#14548909,boolean,paraphrase,0.95
wdc_products,wdc_5562149#14548909,boolean,flip,0.0
wdc_products,wdc_5562149#14548909,boolean,no_answer,0.0
wdc_products,wdc_5562149#14548909,boolean,hedge,0.3
wdc_products,wdc_5586611#13505654,boolean,identity,1.0
wdc_products,wdc_5586611#13505654,boolean,verbose,1.0
wdc_products,wdc_5586611#13505654,boolean,tagged,1.0
wdc_products,wdc_5586611#13505654,boolean,paraphrase,0.95
wdc_products,wdc_5586611#13505654,boolean,flip,0.0
wdc_products,wdc_5586611#13505654,boolean,no_answer,0.0
wdc_products,wdc_5586611#13505654,boolean,hedge,0.3
wdc_products,wdc_5586611#6444932,boolean,identity,1.0
wdc_products,wdc_5586611#6444932,boolean,verbose,1.0
wdc_products,wdc_5586611#6444932,boolean,tagged,1.0
wdc_products,wdc_5586611#6444932,boolean,paraphrase,0.95
wdc_products,wdc_5586611#6444932,boolean,flip,0.0
wdc_products,wdc_5586611#6444932,boolean,no_answer,0.0
wdc_products,wdc_5586611#6444932,boolean,hedge,0.3
wdc_products,wdc_5648108#12979815,boolean,identity,1.0
wdc_products,wdc_5648108#12979815,boolean,verbose,1.0
wdc_products,wdc_5648108#12979815,boolean,tagged,1.0
wdc_products,wdc_5648108#12979815,boolean,paraphrase,0.95
wdc_products,wdc_5648108#12979815,boolean,flip,0.0
wdc_products,wdc_5648108#12979815,boolean,no_answer,0.0
wdc_products,wdc_5648108#12979815,boolean,hedge,0.3
wdc_products,wdc_5660137#13698753,boolean,identity,1.0
wdc_products,wdc_5660137#13698753,boolean,verbose,1.0
wdc_products,wdc_5660137#13698753,boolean,tagged,1.0
wdc_products,wdc_5660137#13698753,boolean,paraphrase,0.95
wdc_products,wdc_5660137#13698753,boolean,flip,0.0
wdc_products,wdc_5660137#13698753,boolean,no_answer,0.0
wdc_products,wdc_5660137#13698753,boolean,hedge,0.3
wdc_products,wdc_5712523#13714078,boolean,identity,1.0
wdc_products,wdc_5712523#13714078,boolean,verbose,1.0
wdc_products,wdc_5712523#13714078,boolean,tagged,1.0
wdc_products,wdc_5712523#13714078,boolean,paraphrase,0.95
wdc_products,wdc_5712523#13714078,boolean,flip,0.0
wdc_products,wdc_5712523#13714078,boolean,no_answer,0.0
wdc_products,wdc_5712523#13714078,boolean,hedge,0.3
wdc_products,wdc_5737068#7670748,boolean,identity,1.0
wdc_products,wdc_5737068#7670748,boolean,verbose,1.0
wdc_products,wdc_5737068#7670748,boolean,tagged,1.0
wdc_products,wdc_5737068#7670748,boolean,paraphrase,0.95
wdc_products,wdc_5737068#7670748,boolean,flip,0.0
wdc_products,wdc_5737068#7670748,boolean,no_answer,0.0
wdc_products,wdc_5737068#7670748,boolean,hedge,0.3
wdc_products,wdc_5899606#16532248,boolean,identity,1.0
wdc_products,wdc_5899606#16532248,boolean,verbose,1.0
wdc_products,wdc_5899606#16532248,boolean,tagged,1.0
wdc_products,wdc_5899606#16532248,boolean,paraphrase,0.95
wdc_products,wdc_5899606#16532248,boolean,flip,0.0
wdc_products,wdc_5899606#16532248,boolean,no_answer,0.0
wdc_products,wdc_5899606#16532248,boolean,hedge,0.3
wdc_products,wdc_5942105#770253,boolean,identity,1.0
wdc_products,wdc_5942105#770253,boolean,verbose,1.0
wdc_products,wdc_5942105#770253,boolean,tagged,1.0
wdc_products,wdc_5942105#770253,boolean,paraphrase,0.95
wdc_products,wdc_5942105#770253,boolean,flip,0.0
wdc_products,wdc_5942105#770253,boolean,no_answer,0.0
wdc_products,wdc_5942105#770253,boolean,hedge,0.3
wdc_products,wdc_6042357#11734650,boolean,identity,1.0
wdc_products,wdc_6042357#11734650,boolean,verbose,1.0
wdc_products,wdc_6042357#11734650,boolean,tagged,1.0
wdc_products,wdc_6042357#11734650,boolean,paraphrase,0.95
wdc_products,wdc_6042357#11734650,boolean,flip,0.0
wdc_products,wdc_6042357#11734650,boolean,no_answer,0.0
wdc_products,wdc_6042357#11734650,boolean,hedge,0.3
wdc_products,wdc_6056429#13690810,boolean,identity,1.0
wdc_products,wdc_6056429#13690810,boolean,verbose,1.0
wdc_products,wdc_6056429#13690810,boolean,tagged,1.0
wdc_products,wdc_6056429#13690810,boolean,paraphrase,0.95
wdc_products,wdc_6056429#13690810,boolean,flip,0.0
wdc_products,wdc_6056429#13690810,boolean,no_answer,0.0
wdc_products,wdc_6056429#13690810,boolean,hedge,0.3
wdc_products,wdc_6092956#7094529,boolean,identity,1.0
wdc_products,wdc_6092956#7094529,boolean,verbose,1.0
wdc_products,wdc_6092956#7094529,boolean,tagged,1.0
wdc_products,wdc_6092956#7094529,boolean,paraphrase,0.95
wdc_products,wdc_6092956#7094529,boolean,flip,0.0
wdc_products,wdc_6092956#7094529,boolean,no_answer,0.0
wdc_products,wdc_6092956#7094529,boolean,hedge,0.3
wdc_products,wdc_6275301#7670748,boolean,identity,1.0
wdc_products,wdc_6275301#7670748,boolean,verbose,1.0
wdc_products,wdc_6275301#7670748,boolean,tagged,1.0
wdc_products,wdc_6275301#7670748,boolean,paraphrase,0.95
wdc_products,wdc_6275301#7670748,boolean,flip,0.0
wdc_products,wdc_6275301#7670748,boolean,no_answer,0.0
wdc_products,wdc_6275301#7670748,boolean,hedge,0.3
wdc_products,wdc_632208#2935653,boolean,identity,1.0
wdc_products,wdc_632208#2935653,boolean,verbose,1.0
wdc_products,wdc_632208#2935653,boolean,tagged,1.0
wdc_products,wdc_632208#2935653,boolean,paraphrase,0.95
wdc_products,wdc_632208#2935653,boolean,flip,0.0
wdc_products,wdc_632208#2935653,boolean,no_answer,0.0
wdc_products,wdc_632208#2935653,boolean,hedge,0.3
wdc_products,wdc_672666#17557286,boolean,identity,1.0
wdc_products,wdc_672666#17557286,boolean,verbose,1.0
wdc_products,wdc_672666#17557286,boolean,tagged,1.0
wdc_products,wdc_672666#17557286,boolean,paraphrase,0.95
wdc_products,wdc_672666#17557286,boolean,flip,0.0
wdc_products,wdc_672666#17557286,boolean,no_answer,0.0
wdc_products,wdc_672666#17557286,boolean,hedge,0.3
wdc_products,wdc_7198374#758551,boolean,identity,1.0
wdc_products,wdc_7198374#758551,boolean,verbose,1.0
wdc_products,wdc_7198374#758551,boolean,tagged,1.0
wdc_products,wdc_7198374#758551,boolean,paraphrase,0.95
wdc_products,wdc_7198374#758551,boolean,flip,0.0
wdc_products,wdc_7198374#758551,boolean,no_answer,0.0
wdc_products,wdc_7198374#758551,boolean,hedge,0.3
wdc_products,wdc_7268806#5896791,boolean,identity,1.0
wdc_products,wdc_7268806#5896791,boolean,verbose,1.0
wdc_products,wdc_7268806#5896791,boolean,tagged,1.0
wdc_products,wdc_7268806#5896791,boolean,paraphrase,0.95
wdc_products,wdc_7268806#5896791,boolean,flip,0.0
wdc_products,wdc_7268806#5896791,boolean,no_answer,0.0
wdc_products,wdc_7268806#5896791,boolean,hedge,0.3
wdc_products,wdc_7272784#16669971,boolean,identity,1.0
wdc_products,wdc_7272784#16669971,boolean,verbose,1.0
wdc_products,wdc_7272784#16669971,boolean,tagged,1.0
wdc_products,wdc_7272784#16669971,boolean,paraphrase,0.95
wdc_products,wdc_7272784#16669971,boolean,flip,0.0
wdc_products,wdc_7272784#16669971,boolean,no_answer,0.0
wdc_products,wdc_7272784#16669971,boolean,hedge,0.3
wdc_products,wdc_7363768#16275492,boolean,identity,1.0
wdc_products,wdc_7363768#16275492,boolean,verbose,1.0
wdc_products,wdc_7363768#16275492,boolean,tagged,1.0
wdc_products,wdc_7363768#16275492,boolean,paraphrase,0.95
wdc_products,wdc_7363768#16275492,boolean,flip,0.0
wdc_products,wdc_7363768#16275492,boolean,no_answer,0.0
wdc_products,wdc_7363768#16275492,boolean,hedge,0.3
wdc_products,wdc_7366255#7799521,boolean,identity,1.0
wdc_products,wdc_7366255#7799521,boolean,verbose,1.0
wdc_products,wdc_7366255#7799521,boolean,tagged,1.0
wdc_products,wdc_7366255#7799521,boolean,paraphrase,0.95
wdc_products,wdc_7366255#7799521,boolean,flip,0.0
wdc_products,wdc_7366255#7799521,boolean,no_answer,0.0
wdc_products,wdc_7366255#7799521,boolean,hedge,0.3
wdc_products,wdc_7902082#2192623,boolean,identity,1.0
wdc_products,wdc_7902082#2192623,boolean,verbose,1.0
wdc_products,wdc_7902082#2192623,boolean,tagged,1.0
wdc_products,wdc_7902082#2192623,boolean,paraphrase,0.95
wdc_products,wdc_7902082#2192623,boolean,flip,0.0
wdc_products,wdc_7902082#2192623,boolean,no_answer,0.0
wdc_products,wdc_7902082#2192623,boolean,hedge,0.3
wdc_products,wdc_7902082#8270502,boolean,identity,1.0
wdc_products,wdc_7902082#8270502,boolean,verbose,1.0
wdc_products,wdc_7902082#8270502,boolean,tagged,1.0
wdc_products,wdc_7902082#8270502,boolean,paraphrase,0.95
wdc_products,wdc_7902082#8270502,boolean,flip,0.0
wdc_products,wdc_7902082#8270502,boolean,no_answer,0.0
wdc_products,wdc_7902082#8270502,boolean,hedge,0.3
wdc_products,wdc_7974973#2027607,boolean,identity,1.0
wdc_products,wdc_7974973#2027607,boolean,verbose,1.0
wdc_products,wdc_7974973#2027607,boolean,tagged,1.0
wdc_products,wdc_7974973#2027607,boolean,paraphrase,0.95
wdc_products,wdc_7974973#2027607,boolean,flip,0.0
wdc_products,wdc_7974973#2027607,boolean,no_answer,0.0
wdc_products,wdc_7974973#2027607,boolean,hedge,0.3
wdc_products,wdc_8062783#10794324,boolean,identity,1.0
wdc_products,wdc_8062783#10794324,boolean,verbose,1.0
wdc_products,wdc_8062783#10794324,boolean,tagged,1.0
wdc_products,wdc_8062783#10794324,boolean,paraphrase,0.95
wdc_products,wdc_8062783#10794324,boolean,flip,0.0
wdc_products,wdc_8062783#10794324,boolean,no_answer,0.0
wdc_products,wdc_8062783#10794324,boolean,hedge,0.3
wdc_products,wdc_826138#10236558,boolean,identity,1.0
wdc_products,wdc_826138#10236558,boolean,verbose,1.0
wdc_products,wdc_826138#10236558,boolean,tagged,1.0
wdc_products,wdc_826138#10236558,boolean,paraphrase,0.95
wdc_products,wdc_826138#10236558,boolean,flip,0.0
wdc_products,wdc_826138#10236558,boolean,no_answer,0.0
wdc_products,wdc_826138#10236558,boolean,hedge,0.3
wdc_products,wdc_8419825#16997580,boolean,identity,1.0
wdc_products,wdc_8419825#16997580,boolean,verbose,1.0
wdc_products,wdc_8419825#16997580,boolean,tagged,1.0
wdc_products,wdc_8419825#16997580,boolean,paraphrase,0.95
wdc_products,wdc_8419825#16997580,boolean,flip,0.0
wdc_products,wdc_8419825#16997580,boolean,no_answer,0.0
wdc_products,wdc_8419825#16997580,boolean,hedge,0.3
wdc_products,wdc_8426145#8817581,boolean,identity,1.0
wdc_products,wdc_8426145#8817581,boolean,verbose,1.0
wdc_products,wdc_8426145#8817581,boolean,tagged,1.0
wdc_products,wdc_8426145#8817581,boolean,paraphrase,0.95
wdc_products,wdc_8426145#8817581,boolean,flip,0.0
wdc_products,wdc_8426145#8817581,boolean,no_answer,0.0
wdc_products,wdc_8426145#8817581,boolean,hedge,0.3
wdc_products,wdc_869364#17087395,boolean,identity,1.0
wdc_products,wdc_869364#17087395,boolean,verbose,1.0
wdc_products,wdc_869364#17087395,boolean,tagged,1.0
wdc_products,wdc_869364#17087395,boolean,paraphrase,0.95
wdc_products,wdc_869364#17087395,boolean,flip,0.0
wdc_products,wdc_869364#17087395,boolean,no_answer,0.0
wdc_products,wdc_869364#17087395,boolean,hedge,0.3
wdc_products,wdc_8821782#5579804,boolean,identity,1.0
wdc_products,wdc_8821782#5579804,boolean,verbose,1.0
wdc_products,wdc_8821782#5579804,boolean,tagged,1.0
wdc_products,wdc_8821782#5579804,boolean,paraphrase,0.95
wdc_products,wdc_8821782#5579804,boolean,flip,0.0
wdc_products,wdc_8821782#5579804,boolean,no_answer,0.0
wdc_products,wdc_8821782#5579804,boolean,hedge,0.3
wdc_products,wdc_8914602#5910958,boolean,identity,1.0
wdc_products,wdc_8914602#5910958,boolean,verbose,1.0
wdc_products,wdc_8914602#5910958,boolean,tagged,1.0
wdc_products,wdc_8914602#5910958,boolean,paraphrase,0.95
wdc_products,wdc_8914602#5910958,boolean,flip,0.0
wdc_products,wdc_8914602#5910958,boolean,no_answer,0.0
wdc_products,wdc_8914602#5910958,boolean,hedge,0.3
wdc_products,wdc_9059274#7420939,boolean,identity,1.0
wdc_products,wdc_9059274#7420939,boolean,verbose,1.0
wdc_products,wdc_9059274#7420939,boolean,tagged,1.0
wdc_products,wdc_9059274#7420939,boolean,paraphrase,0.95
wdc_products,wdc_9059274#7420939,boolean,flip,0.0
wdc_products,wdc_9059274#7420939,boolean,no_answer,0.0
wdc_products,wdc_9059274#7420939,boolean,hedge,0.3
wdc_products,wdc_912976#10402136,boolean,identity,1.0
wdc_products,wdc_912976#10402136,boolean,verbose,1.0
wdc_products,wdc_912976#10402136,boolean,tagged,1.0
wdc_products,wdc_912976#10402136,boolean,paraphrase,0.95
wdc_products,wdc_912976#10402136,boolean,flip,0.0
wdc_products,wdc_912976#10402136,boolean,no_answer,0.0
wdc_products,wdc_912976#10402136,boolean,hedge,0.3
wdc_products,wdc_9885546#12598699,boolean,identity,1.0
wdc_products,wdc_9885546#12598699,boolean,verbose,1.0
wdc_products,wdc_9885546#12598699,boolean,tagged,1.0
wdc_products,wdc_9885546#12598699,boolean,paraphrase,0.95
wdc_products,wdc_9885546#12598699,boolean,flip,0.0
wdc_products,wdc_9885546#12598699,boolean,no_answer,0.0
wdc_products,wdc_9885546#12598699,boolean,hedge,0.3
wdc_products,wdc_9943517#7867430,boolean,identity,1.0
wdc_products,wdc_9943517#7867430,boolean,verbose,1.0
wdc_products,wdc_9943517#7867430,boolean,tagged,1.0
wdc_products,wdc_9943517#7867430,boolean,paraphrase,0.95
wdc_products,wdc_9943517#7867430,boolean,flip,0.0
wdc_products,wdc_9943517#7867430,boolean,no_answer,0.0
wdc_products,wdc_9943517#7867430,boolean,hedge,0.3
tpcdi_cells,tpcdi_101_num_accounts,numeric,identity,1.0
tpcdi_cells,tpcdi_101_num_accounts,numeric,verbose,1.0
tpcdi_cells,tpcdi_101_num_accounts,numeric,tagged,1.0
tpcdi_cells,tpcdi_101_num_accounts,numeric,paraphrase,0.95
tpcdi_cells,tpcdi_101_num_accounts,numeric,unit_variant,1.0
tpcdi_cells,tpcdi_101_num_accounts,numeric,near_miss_small,0.75
tpcdi_cells,tpcdi_101_num_accounts,numeric,near_miss_medium,0.45
tpcdi_cells,tpcdi_101_num_accounts,numeric,near_miss_large,0.15
tpcdi_cells,tpcdi_101_num_accounts,numeric,digit_typo,0.2
tpcdi_cells,tpcdi_101_num_accounts,numeric,magnitude,0.05
tpcdi_cells,tpcdi_101_num_accounts,numeric,sign_flip,0.05
tpcdi_cells,tpcdi_101_num_accounts,numeric,wrong_random,0.0
tpcdi_cells,tpcdi_101_num_accounts,numeric,no_answer,0.0
tpcdi_cells,tpcdi_101_num_accounts,numeric,hedge,0.3
tpcdi_cells,tpcdi_101_num_accounts,numeric,list_dump,0.25
tpcdi_cells,tpcdi_101_symbols_traded,text,identity,1.0
tpcdi_cells,tpcdi_101_symbols_traded,text,verbose,1.0
tpcdi_cells,tpcdi_101_symbols_traded,text,tagged,1.0
tpcdi_cells,tpcdi_101_symbols_traded,text,paraphrase,0.95
tpcdi_cells,tpcdi_101_symbols_traded,text,partial,0.5
tpcdi_cells,tpcdi_101_symbols_traded,text,superset,0.6
tpcdi_cells,tpcdi_101_symbols_traded,text,typo,0.6
tpcdi_cells,tpcdi_101_symbols_traded,text,wrong_random,0.0
tpcdi_cells,tpcdi_101_symbols_traded,text,no_answer,0.0
tpcdi_cells,tpcdi_101_symbols_traded,text,hedge,0.3
tpcdi_cells,tpcdi_101_symbols_traded,text,list_dump,0.25
tpcdi_cells,tpcdi_101_total_trade_volume,numeric,identity,1.0
tpcdi_cells,tpcdi_101_total_trade_volume,numeric,verbose,1.0
tpcdi_cells,tpcdi_101_total_trade_volume,numeric,tagged,1.0
tpcdi_cells,tpcdi_101_total_trade_volume,numeric,paraphrase,0.95
tpcdi_cells,tpcdi_101_total_trade_volume,numeric,unit_variant,1.0
tpcdi_cells,tpcdi_101_total_trade_volume,numeric,near_miss_small,0.75
tpcdi_cells,tpcdi_101_total_trade_volume,numeric,near_miss_medium,0.45
tpcdi_cells,tpcdi_101_total_trade_volume,numeric,near_miss_large,0.15
tpcdi_cells,tpcdi_101_total_trade_volume,numeric,digit_typo,0.2
tpcdi_cells,tpcdi_101_total_trade_volume,numeric,magnitude,0.05
tpcdi_cells,tpcdi_101_total_trade_volume,numeric,sign_flip,0.05
tpcdi_cells,tpcdi_101_total_trade_volume,numeric,wrong_random,0.0
tpcdi_cells,tpcdi_101_total_trade_volume,numeric,no_answer,0.0
tpcdi_cells,tpcdi_101_total_trade_volume,numeric,hedge,0.3
tpcdi_cells,tpcdi_101_total_trade_volume,numeric,list_dump,0.25
tpcdi_cells,tpcdi_104_total_trade_volume,numeric,identity,1.0
tpcdi_cells,tpcdi_104_total_trade_volume,numeric,verbose,1.0
tpcdi_cells,tpcdi_104_total_trade_volume,numeric,tagged,1.0
tpcdi_cells,tpcdi_104_total_trade_volume,numeric,paraphrase,0.95
tpcdi_cells,tpcdi_104_total_trade_volume,numeric,unit_variant,1.0
tpcdi_cells,tpcdi_104_total_trade_volume,numeric,near_miss_small,0.75
tpcdi_cells,tpcdi_104_total_trade_volume,numeric,near_miss_medium,0.45
tpcdi_cells,tpcdi_104_total_trade_volume,numeric,near_miss_large,0.15
tpcdi_cells,tpcdi_104_total_trade_volume,numeric,digit_typo,0.2
tpcdi_cells,tpcdi_104_total_trade_volume,numeric,magnitude,0.05
tpcdi_cells,tpcdi_104_total_trade_volume,numeric,sign_flip,0.05
tpcdi_cells,tpcdi_104_total_trade_volume,numeric,wrong_random,0.0
tpcdi_cells,tpcdi_104_total_trade_volume,numeric,no_answer,0.0
tpcdi_cells,tpcdi_104_total_trade_volume,numeric,hedge,0.3
tpcdi_cells,tpcdi_104_total_trade_volume,numeric,list_dump,0.25
tpcdi_cells,tpcdi_106_total_trade_value,numeric,identity,1.0
tpcdi_cells,tpcdi_106_total_trade_value,numeric,verbose,1.0
tpcdi_cells,tpcdi_106_total_trade_value,numeric,tagged,1.0
tpcdi_cells,tpcdi_106_total_trade_value,numeric,paraphrase,0.95
tpcdi_cells,tpcdi_106_total_trade_value,numeric,unit_variant,1.0
tpcdi_cells,tpcdi_106_total_trade_value,numeric,near_miss_small,0.75
tpcdi_cells,tpcdi_106_total_trade_value,numeric,near_miss_medium,0.45
tpcdi_cells,tpcdi_106_total_trade_value,numeric,near_miss_large,0.15
tpcdi_cells,tpcdi_106_total_trade_value,numeric,digit_typo,0.2
tpcdi_cells,tpcdi_106_total_trade_value,numeric,magnitude,0.05
tpcdi_cells,tpcdi_106_total_trade_value,numeric,sign_flip,0.05
tpcdi_cells,tpcdi_106_total_trade_value,numeric,wrong_random,0.0
tpcdi_cells,tpcdi_106_total_trade_value,numeric,no_answer,0.0
tpcdi_cells,tpcdi_106_total_trade_value,numeric,hedge,0.3
tpcdi_cells,tpcdi_106_total_trade_value,numeric,list_dump,0.25
tpcdi_cells,tpcdi_107_num_trades,numeric,identity,1.0
tpcdi_cells,tpcdi_107_num_trades,numeric,verbose,1.0
tpcdi_cells,tpcdi_107_num_trades,numeric,tagged,1.0
tpcdi_cells,tpcdi_107_num_trades,numeric,paraphrase,0.95
tpcdi_cells,tpcdi_107_num_trades,numeric,unit_variant,1.0
tpcdi_cells,tpcdi_107_num_trades,numeric,near_miss_small,0.75
tpcdi_cells,tpcdi_107_num_trades,numeric,near_miss_medium,0.45
tpcdi_cells,tpcdi_107_num_trades,numeric,near_miss_large,0.15
tpcdi_cells,tpcdi_107_num_trades,numeric,digit_typo,0.2
tpcdi_cells,tpcdi_107_num_trades,numeric,magnitude,0.05
tpcdi_cells,tpcdi_107_num_trades,numeric,sign_flip,0.05
tpcdi_cells,tpcdi_107_num_trades,numeric,wrong_random,0.0
tpcdi_cells,tpcdi_107_num_trades,numeric,no_answer,0.0
tpcdi_cells,tpcdi_107_num_trades,numeric,hedge,0.3
tpcdi_cells,tpcdi_107_num_trades,numeric,list_dump,0.25
tpcdi_cells,tpcdi_108_num_accounts,numeric,identity,1.0
tpcdi_cells,tpcdi_108_num_accounts,numeric,verbose,1.0
tpcdi_cells,tpcdi_108_num_accounts,numeric,tagged,1.0
tpcdi_cells,tpcdi_108_num_accounts,numeric,paraphrase,0.95
tpcdi_cells,tpcdi_108_num_accounts,numeric,unit_variant,1.0
tpcdi_cells,tpcdi_108_num_accounts,numeric,near_miss_small,0.75
tpcdi_cells,tpcdi_108_num_accounts,numeric,near_miss_medium,0.45
tpcdi_cells,tpcdi_108_num_accounts,numeric,near_miss_large,0.15
tpcdi_cells,tpcdi_108_num_accounts,numeric,digit_typo,0.2
tpcdi_cells,tpcdi_108_num_accounts,numeric,magnitude,0.05
tpcdi_cells,tpcdi_108_num_accounts,numeric,sign_flip,0.05
tpcdi_cells,tpcdi_108_num_accounts,numeric,wrong_random,0.0
tpcdi_cells,tpcdi_108_num_accounts,numeric,no_answer,0.0
tpcdi_cells,tpcdi_108_num_accounts,numeric,hedge,0.3
tpcdi_cells,tpcdi_108_num_accounts,numeric,list_dump,0.25
tpcdi_cells,tpcdi_108_total_balance,numeric,identity,1.0
tpcdi_cells,tpcdi_108_total_balance,numeric,verbose,1.0
tpcdi_cells,tpcdi_108_total_balance,numeric,tagged,1.0
tpcdi_cells,tpcdi_108_total_balance,numeric,paraphrase,0.95
tpcdi_cells,tpcdi_108_total_balance,numeric,unit_variant,1.0
tpcdi_cells,tpcdi_108_total_balance,numeric,near_miss_small,0.75
tpcdi_cells,tpcdi_108_total_balance,numeric,near_miss_medium,0.45
tpcdi_cells,tpcdi_108_total_balance,numeric,near_miss_large,0.15
tpcdi_cells,tpcdi_108_total_balance,numeric,digit_typo,0.2
tpcdi_cells,tpcdi_108_total_balance,numeric,magnitude,0.05
tpcdi_cells,tpcdi_108_total_balance,numeric,sign_flip,0.05
tpcdi_cells,tpcdi_108_total_balance,numeric,wrong_random,0.0
tpcdi_cells,tpcdi_108_total_balance,numeric,no_answer,0.0
tpcdi_cells,tpcdi_108_total_balance,numeric,hedge,0.3
tpcdi_cells,tpcdi_108_total_balance,numeric,list_dump,0.25
tpcdi_cells,tpcdi_109_total_balance,numeric,identity,1.0
tpcdi_cells,tpcdi_109_total_balance,numeric,verbose,1.0
tpcdi_cells,tpcdi_109_total_balance,numeric,tagged,1.0
tpcdi_cells,tpcdi_109_total_balance,numeric,paraphrase,0.95
tpcdi_cells,tpcdi_109_total_balance,numeric,unit_variant,1.0
tpcdi_cells,tpcdi_109_total_balance,numeric,near_miss_small,0.75
tpcdi_cells,tpcdi_109_total_balance,numeric,near_miss_medium,0.45
tpcdi_cells,tpcdi_109_total_balance,numeric,near_miss_large,0.15
tpcdi_cells,tpcdi_109_total_balance,numeric,digit_typo,0.2
tpcdi_cells,tpcdi_109_total_balance,numeric,magnitude,0.05
tpcdi_cells,tpcdi_109_total_balance,numeric,sign_flip,0.05
tpcdi_cells,tpcdi_109_total_balance,numeric,wrong_random,0.0
tpcdi_cells,tpcdi_109_total_balance,numeric,no_answer,0.0
tpcdi_cells,tpcdi_109_total_balance,numeric,hedge,0.3
tpcdi_cells,tpcdi_109_total_balance,numeric,list_dump,0.25
tpcdi_cells,tpcdi_10_num_trades,numeric,identity,1.0
tpcdi_cells,tpcdi_10_num_trades,numeric,verbose,1.0
tpcdi_cells,tpcdi_10_num_trades,numeric,tagged,1.0
tpcdi_cells,tpcdi_10_num_trades,numeric,paraphrase,0.95
tpcdi_cells,tpcdi_10_num_trades,numeric,unit_variant,1.0
tpcdi_cells,tpcdi_10_num_trades,numeric,near_miss_small,0.75
tpcdi_cells,tpcdi_10_num_trades,numeric,near_miss_medium,0.45
tpcdi_cells,tpcdi_10_num_trades,numeric,near_miss_large,0.15
tpcdi_cells,tpcdi_10_num_trades,numeric,digit_typo,0.2
tpcdi_cells,tpcdi_10_num_trades,numeric,magnitude,0.05
tpcdi_cells,tpcdi_10_num_trades,numeric,sign_flip,0.05
tpcdi_cells,tpcdi_10_num_trades,numeric,wrong_random,0.0
tpcdi_cells,tpcdi_10_num_trades,numeric,no_answer,0.0
tpcdi_cells,tpcdi_10_num_trades,numeric,hedge,0.3
tpcdi_cells,tpcdi_10_num_trades,numeric,list_dump,0.25
tpcdi_cells,tpcdi_10_total_trade_value,numeric,identity,1.0
tpcdi_cells,tpcdi_10_total_trade_value,numeric,verbose,1.0
tpcdi_cells,tpcdi_10_total_trade_value,numeric,tagged,1.0
tpcdi_cells,tpcdi_10_total_trade_value,numeric,paraphrase,0.95
tpcdi_cells,tpcdi_10_total_trade_value,numeric,unit_variant,1.0
tpcdi_cells,tpcdi_10_total_trade_value,numeric,near_miss_small,0.75
tpcdi_cells,tpcdi_10_total_trade_value,numeric,near_miss_medium,0.45
tpcdi_cells,tpcdi_10_total_trade_value,numeric,near_miss_large,0.15
tpcdi_cells,tpcdi_10_total_trade_value,numeric,digit_typo,0.2
tpcdi_cells,tpcdi_10_total_trade_value,numeric,magnitude,0.05
tpcdi_cells,tpcdi_10_total_trade_value,numeric,sign_flip,0.05
tpcdi_cells,tpcdi_10_total_trade_value,numeric,wrong_random,0.0
tpcdi_cells,tpcdi_10_total_trade_value,numeric,no_answer,0.0
tpcdi_cells,tpcdi_10_total_trade_value,numeric,hedge,0.3
tpcdi_cells,tpcdi_10_total_trade_value,numeric,list_dump,0.25
tpcdi_cells,tpcdi_111_symbols_traded,text,identity,1.0
tpcdi_cells,tpcdi_111_symbols_traded,text,verbose,1.0
tpcdi_cells,tpcdi_111_symbols_traded,text,tagged,1.0
tpcdi_cells,tpcdi_111_symbols_traded,text,paraphrase,0.95
tpcdi_cells,tpcdi_111_symbols_traded,text,partial,0.5
tpcdi_cells,tpcdi_111_symbols_traded,text,superset,0.6
tpcdi_cells,tpcdi_111_symbols_traded,text,typo,0.6
tpcdi_cells,tpcdi_111_symbols_traded,text,wrong_random,0.0
tpcdi_cells,tpcdi_111_symbols_traded,text,no_answer,0.0
tpcdi_cells,tpcdi_111_symbols_traded,text,hedge,0.3
tpcdi_cells,tpcdi_111_symbols_traded,text,list_dump,0.25
tpcdi_cells,tpcdi_112_num_accounts,numeric,identity,1.0
tpcdi_cells,tpcdi_112_num_accounts,numeric,verbose,1.0
tpcdi_cells,tpcdi_112_num_accounts,numeric,tagged,1.0
tpcdi_cells,tpcdi_112_num_accounts,numeric,paraphrase,0.95
tpcdi_cells,tpcdi_112_num_accounts,numeric,unit_variant,1.0
tpcdi_cells,tpcdi_112_num_accounts,numeric,near_miss_small,0.75
tpcdi_cells,tpcdi_112_num_accounts,numeric,near_miss_medium,0.45
tpcdi_cells,tpcdi_112_num_accounts,numeric,near_miss_large,0.15
tpcdi_cells,tpcdi_112_num_accounts,numeric,digit_typo,0.2
tpcdi_cells,tpcdi_112_num_accounts,numeric,magnitude,0.05
tpcdi_cells,tpcdi_112_num_accounts,numeric,sign_flip,0.05
tpcdi_cells,tpcdi_112_num_accounts,numeric,wrong_random,0.0
tpcdi_cells,tpcdi_112_num_accounts,numeric,no_answer,0.0
tpcdi_cells,tpcdi_112_num_accounts,numeric,hedge,0.3
tpcdi_cells,tpcdi_112_num_accounts,numeric,list_dump,0.25
tpcdi_cells,tpcdi_112_total_trade_volume,numeric,identity,1.0
tpcdi_cells,tpcdi_112_total_trade_volume,numeric,verbose,1.0
tpcdi_cells,tpcdi_112_total_trade_volume,numeric,tagged,1.0
tpcdi_cells,tpcdi_112_total_trade_volume,numeric,paraphrase,0.95
tpcdi_cells,tpcdi_112_total_trade_volume,numeric,unit_variant,1.0
tpcdi_cells,tpcdi_112_total_trade_volume,numeric,near_miss_small,0.75
tpcdi_cells,tpcdi_112_total_trade_volume,numeric,near_miss_medium,0.45
tpcdi_cells,tpcdi_112_total_trade_volume,numeric,near_miss_large,0.15
tpcdi_cells,tpcdi_112_total_trade_volume,numeric,digit_typo,0.2
tpcdi_cells,tpcdi_112_total_trade_volume,numeric,magnitude,0.05
tpcdi_cells,tpcdi_112_total_trade_volume,numeric,sign_flip,0.05
tpcdi_cells,tpcdi_112_total_trade_volume,numeric,wrong_random,0.0
tpcdi_cells,tpcdi_112_total_trade_volume,numeric,no_answer,0.0
tpcdi_cells,tpcdi_112_total_trade_volume,numeric,hedge,0.3
tpcdi_cells,tpcdi_112_total_trade_volume,numeric,list_dump,0.25
tpcdi_cells,tpcdi_113_total_trade_volume,numeric,identity,1.0
tpcdi_cells,tpcdi_113_total_trade_volume,numeric,verbose,1.0
tpcdi_cells,tpcdi_113_total_trade_volume,numeric,tagged,1.0
tpcdi_cells,tpcdi_113_total_trade_volume,numeric,paraphrase,0.95
tpcdi_cells,tpcdi_113_total_trade_volume,numeric,unit_variant,1.0
tpcdi_cells,tpcdi_113_total_trade_volume,numeric,near_miss_small,0.75
tpcdi_cells,tpcdi_113_total_trade_volume,numeric,near_miss_medium,0.45
tpcdi_cells,tpcdi_113_total_trade_volume,numeric,near_miss_large,0.15
tpcdi_cells,tpcdi_113_total_trade_volume,numeric,digit_typo,0.2
tpcdi_cells,tpcdi_113_total_trade_volume,numeric,magnitude,0.05
tpcdi_cells,tpcdi_113_total_trade_volume,numeric,sign_flip,0.05
tpcdi_cells,tpcdi_113_total_trade_volume,numeric,wrong_random,0.0
tpcdi_cells,tpcdi_113_total_trade_volume,numeric,no_answer,0.0
tpcdi_cells,tpcdi_113_total_trade_volume,numeric,hedge,0.3
tpcdi_cells,tpcdi_113_total_trade_volume,numeric,list_dump,0.25
tpcdi_cells,tpcdi_115_num_accounts,numeric,identity,1.0
tpcdi_cells,tpcdi_115_num_accounts,numeric,verbose,1.0
tpcdi_cells,tpcdi_115_num_accounts,numeric,tagged,1.0
tpcdi_cells,tpcdi_115_num_accounts,numeric,paraphrase,0.95
tpcdi_cells,tpcdi_115_num_accounts,numeric,unit_variant,1.0
tpcdi_cells,tpcdi_115_num_accounts,numeric,near_miss_small,0.75
tpcdi_cells,tpcdi_115_num_accounts,numeric,near_miss_medium,0.45
tpcdi_cells,tpcdi_115_num_accounts,numeric,near_miss_large,0.15
tpcdi_cells,tpcdi_115_num_accounts,numeric,digit_typo,0.2
tpcdi_cells,tpcdi_115_num_accounts,numeric,magnitude,0.05
tpcdi_cells,tpcdi_115_num_accounts,numeric,sign_flip,0.05
tpcdi_cells,tpcdi_115_num_accounts,numeric,wrong_random,0.0
tpcdi_cells,tpcdi_115_num_accounts,numeric,no_answer,0.0
tpcdi_cells,tpcdi_115_num_accounts,numeric,hedge,0.3
tpcdi_cells,tpcdi_115_num_accounts,numeric,list_dump,0.25
tpcdi_cells,tpcdi_116_total_balance,numeric,identity,1.0
tpcdi_cells,tpcdi_116_total_balance,numeric,verbose,1.0
tpcdi_cells,tpcdi_116_total_balance,numeric,tagged,1.0
tpcdi_cells,tpcdi_116_total_balance,numeric,paraphrase,0.95
tpcdi_cells,tpcdi_116_total_balance,numeric,unit_variant,1.0
tpcdi_cells,tpcdi_116_total_balance,numeric,near_miss_small,0.75
tpcdi_cells,tpcdi_116_total_balance,numeric,near_miss_medium,0.45
tpcdi_cells,tpcdi_116_total_balance,numeric,near_miss_large,0.15
tpcdi_cells,tpcdi_116_total_balance,numeric,digit_typo,0.2
tpcdi_cells,tpcdi_116_total_balance,numeric,magnitude,0.05
tpcdi_cells,tpcdi_116_total_balance,numeric,sign_flip,0.05
tpcdi_cells,tpcdi_116_total_balance,numeric,wrong_random,0.0
tpcdi_cells,tpcdi_116_total_balance,numeric,no_answer,0.0
tpcdi_cells,tpcdi_116_total_balance,numeric,hedge,0.3
tpcdi_cells,tpcdi_116_total_balance,numeric,list_dump,0.25
tpcdi_cells,tpcdi_116_total_trade_volume,numeric,identity,1.0
tpcdi_cells,tpcdi_116_total_trade_volume,numeric,verbose,1.0
tpcdi_cells,tpcdi_116_total_trade_volume,numeric,tagged,1.0
tpcdi_cells,tpcdi_116_total_trade_volume,numeric,paraphrase,0.95
tpcdi_cells,tpcdi_116_total_trade_volume,numeric,unit_variant,1.0
tpcdi_cells,tpcdi_116_total_trade_volume,numeric,near_miss_small,0.75
tpcdi_cells,tpcdi_116_total_trade_volume,numeric,near_miss_medium,0.45
tpcdi_cells,tpcdi_116_total_trade_volume,numeric,near_miss_large,0.15
tpcdi_cells,tpcdi_116_total_trade_volume,numeric,digit_typo,0.2
tpcdi_cells,tpcdi_116_total_trade_volume,numeric,magnitude,0.05
tpcdi_cells,tpcdi_116_total_trade_volume,numeric,sign_flip,0.05
tpcdi_cells,tpcdi_116_total_trade_volume,numeric,wrong_random,0.0
tpcdi_cells,tpcdi_116_total_trade_volume,numeric,no_answer,0.0
tpcdi_cells,tpcdi_116_total_trade_volume,numeric,hedge,0.3
tpcdi_cells,tpcdi_116_total_trade_volume,numeric,list_dump,0.25
tpcdi_cells,tpcdi_117_num_trades,numeric,identity,1.0
tpcdi_cells,tpcdi_117_num_trades,numeric,verbose,1.0
tpcdi_cells,tpcdi_117_num_trades,numeric,tagged,1.0
tpcdi_cells,tpcdi_117_num_trades,numeric,paraphrase,0.95
tpcdi_cells,tpcdi_117_num_trades,numeric,unit_variant,1.0
tpcdi_cells,tpcdi_117_num_trades,numeric,near_miss_small,0.75
tpcdi_cells,tpcdi_117_num_trades,numeric,near_miss_medium,0.45
tpcdi_cells,tpcdi_117_num_trades,numeric,near_miss_large,0.15
tpcdi_cells,tpcdi_117_num_trades,numeric,digit_typo,0.2
tpcdi_cells,tpcdi_117_num_trades,numeric,magnitude,0.05
tpcdi_cells,tpcdi_117_num_trades,numeric,sign_flip,0.05
tpcdi_cells,tpcdi_117_num_trades,numeric,wrong_random,0.0
tpcdi_cells,tpcdi_117_num_trades,numeric,no_answer,0.0
tpcdi_cells,tpcdi_117_num_trades,numeric,hedge,0.3
tpcdi_cells,tpcdi_117_num_trades,numeric,list_dump,0.25
tpcdi_cells,tpcdi_117_total_balance,numeric,identity,1.0
tpcdi_cells,tpcdi_117_total_balance,numeric,verbose,1.0
tpcdi_cells,tpcdi_117_total_balance,numeric,tagged,1.0
tpcdi_cells,tpcdi_117_total_balance,numeric,paraphrase,0.95
tpcdi_cells,tpcdi_117_total_balance,numeric,unit_variant,1.0
tpcdi_cells,tpcdi_117_total_balance,numeric,near_miss_small,0.75
tpcdi_cells,tpcdi_117_total_balance,numeric,near_miss_medium,0.45
tpcdi_cells,tpcdi_117_total_balance,numeric,near_miss_large,0.15
tpcdi_cells,tpcdi_117_total_balance,numeric,digit_typo,0.2
tpcdi_cells,tpcdi_117_total_balance,numeric,magnitude,0.05
tpcdi_cells,tpcdi_117_total_balance,numeric,sign_flip,0.05
tpcdi_cells,tpcdi_117_total_balance,numeric,wrong_random,0.0
tpcdi_cells,tpcdi_117_total_balance,numeric,no_answer,0.0
tpcdi_cells,tpcdi_117_total_balance,numeric,hedge,0.3
tpcdi_cells,tpcdi_117_total_balance,numeric,list_dump,0.25
tpcdi_cells,tpcdi_118_symbols_traded,text,identity,1.0
tpcdi_cells,tpcdi_118_symbols_traded,text,verbose,1.0
tpcdi_cells,tpcdi_118_symbols_traded,text,tagged,1.0
tpcdi_cells,tpcdi_118_symbols_traded,text,paraphrase,0.95
tpcdi_cells,tpcdi_118_symbols_traded,text,partial,0.5
tpcdi_cells,tpcdi_118_symbols_traded,text,superset,0.6
tpcdi_cells,tpcdi_118_symbols_traded,text,typo,0.6
tpcdi_cells,tpcdi_118_symbols_traded,text,wrong_random,0.0
tpcdi_cells,tpcdi_118_symbols_traded,text,no_answer,0.0
tpcdi_cells,tpcdi_118_symbols_traded,text,hedge,0.3
tpcdi_cells,tpcdi_118_symbols_traded,text,list_dump,0.25
tpcdi_cells,tpcdi_118_total_balance,numeric,identity,1.0
tpcdi_cells,tpcdi_118_total_balance,numeric,verbose,1.0
tpcdi_cells,tpcdi_118_total_balance,numeric,tagged,1.0
tpcdi_cells,tpcdi_118_total_balance,numeric,paraphrase,0.95
tpcdi_cells,tpcdi_118_total_balance,numeric,unit_variant,1.0
tpcdi_cells,tpcdi_118_total_balance,numeric,near_miss_small,0.75
tpcdi_cells,tpcdi_118_total_balance,numeric,near_miss_medium,0.45
tpcdi_cells,tpcdi_118_total_balance,numeric,near_miss_large,0.15
tpcdi_cells,tpcdi_118_total_balance,numeric,digit_typo,0.2
tpcdi_cells,tpcdi_118_total_balance,numeric,magnitude,0.05
tpcdi_cells,tpcdi_118_total_balance,numeric,sign_flip,0.05
tpcdi_cells,tpcdi_118_total_balance,numeric,wrong_random,0.0
tpcdi_cells,tpcdi_118_total_balance,numeric,no_answer,0.0
tpcdi_cells,tpcdi_118_total_balance,numeric,hedge,0.3
tpcdi_cells,tpcdi_118_total_balance,numeric,list_dump,0.25
tpcdi_cells,tpcdi_118_total_trade_volume,numeric,identity,1.0
tpcdi_cells,tpcdi_118_total_trade_volume,numeric,verbose,1.0
tpcdi_cells,tpcdi_118_total_trade_volume,numeric,tagged,1.0
tpcdi_cells,tpcdi_118_total_trade_volume,numeric,paraphrase,0.95
tpcdi_cells,tpcdi_118_total_trade_volume,numeric,unit_variant,1.0
tpcdi_cells,tpcdi_118_total_trade_volume,numeric,near_miss_small,0.75
tpcdi_cells,tpcdi_118_total_trade_volume,numeric,near_miss_medium,0.45
tpcdi_cells,tpcdi_118_total_trade_volume,numeric,near_miss_large,0.15
tpcdi_cells,tpcdi_118_total_trade_volume,numeric,digit_typo,0.2
tpcdi_cells,tpcdi_118_total_trade_volume,numeric,magnitude,0.05
tpcdi_cells,tpcdi_118_total_trade_volume,numeric,sign_flip,0.05
tpcdi_cells,tpcdi_118_total_trade_volume,numeric,wrong_random,0.0
tpcdi_cells,tpcdi_118_total_trade_volume,numeric,no_answer,0.0
tpcdi_cells,tpcdi_118_total_trade_volume,numeric,hedge,0.3
tpcdi_cells,tpcdi_118_total_trade_volume,numeric,list_dump,0.25
tpcdi_cells,tpcdi_119_total_trade_volume,numeric,identity,1.0
tpcdi_cells,tpcdi_119_total_trade_volume,numeric,verbose,1.0
tpcdi_cells,tpcdi_119_total_trade_volume,numeric,tagged,1.0
tpcdi_cells,tpcdi_119_total_trade_volume,numeric,paraphrase,0.95
tpcdi_cells,tpcdi_119_total_trade_volume,numeric,unit_variant,1.0
tpcdi_cells,tpcdi_119_total_trade_volume,numeric,near_miss_small,0.75
tpcdi_cells,tpcdi_119_total_trade_volume,numeric,near_miss_medium,0.45
tpcdi_cells,tpcdi_119_total_trade_volume,numeric,near_miss_large,0.15
tpcdi_cells,tpcdi_119_total_trade_volume,numeric,digit_typo,0.2
tpcdi_cells,tpcdi_119_total_trade_volume,numeric,magnitude,0.05
tpcdi_cells,tpcdi_119_total_trade_volume,numeric,sign_flip,0.05
tpcdi_cells,tpcdi_119_total_trade_volume,numeric,wrong_random,0.0
tpcdi_cells,tpcdi_119_total_trade_volume,numeric,no_answer,0.0
tpcdi_cells,tpcdi_119_total_trade_volume,numeric,hedge,0.3
tpcdi_cells,tpcdi_119_total_trade_volume,numeric,list_dump,0.25
tpcdi_cells,tpcdi_120_symbols_traded,text,identity,1.0
tpcdi_cells,tpcdi_120_symbols_traded,text,verbose,1.0
tpcdi_cells,tpcdi_120_symbols_traded,text,tagged,1.0
tpcdi_cells,tpcdi_120_symbols_traded,text,paraphrase,0.95
tpcdi_cells,tpcdi_120_symbols_traded,text,partial,0.5
tpcdi_cells,tpcdi_120_symbols_traded,text,superset,0.6
tpcdi_cells,tpcdi_120_symbols_traded,text,typo,0.6
tpcdi_cells,tpcdi_120_symbols_traded,text,wrong_random,0.0
tpcdi_cells,tpcdi_120_symbols_traded,text,no_answer,0.0
tpcdi_cells,tpcdi_120_symbols_traded,text,hedge,0.3
tpcdi_cells,tpcdi_120_symbols_traded,text,list_dump,0.25
tpcdi_cells,tpcdi_120_total_trade_value,numeric,identity,1.0
tpcdi_cells,tpcdi_120_total_trade_value,numeric,verbose,1.0
tpcdi_cells,tpcdi_120_total_trade_value,numeric,tagged,1.0
tpcdi_cells,tpcdi_120_total_trade_value,numeric,paraphrase,0.95
tpcdi_cells,tpcdi_120_total_trade_value,numeric,unit_variant,1.0
tpcdi_cells,tpcdi_120_total_trade_value,numeric,near_miss_small,0.75
tpcdi_cells,tpcdi_120_total_trade_value,numeric,near_miss_medium,0.45
tpcdi_cells,tpcdi_120_total_trade_value,numeric,near_miss_large,0.15
tpcdi_cells,tpcdi_120_total_trade_value,numeric,digit_typo,0.2
tpcdi_cells,tpcdi_120_total_trade_value,numeric,magnitude,0.05
tpcdi_cells,tpcdi_120_total_trade_value,numeric,sign_flip,0.05
tpcdi_cells,tpcdi_120_total_trade_value,numeric,wrong_random,0.0
tpcdi_cells,tpcdi_120_total_trade_value,numeric,no_answer,0.0
tpcdi_cells,tpcdi_120_total_trade_value,numeric,hedge,0.3
tpcdi_cells,tpcdi_120_total_trade_value,numeric,list_dump,0.25
tpcdi_cells,tpcdi_12_total_balance,numeric,identity,1.0
tpcdi_cells,tpcdi_12_total_balance,numeric,verbose,1.0
tpcdi_cells,tpcdi_12_total_balance,numeric,tagged,1.0
tpcdi_cells,tpcdi_12_total_balance,numeric,paraphrase,0.95
tpcdi_cells,tpcdi_12_total_balance,numeric,unit_variant,1.0
tpcdi_cells,tpcdi_12_total_balance,numeric,near_miss_small,0.75
tpcdi_cells,tpcdi_12_total_balance,numeric,near_miss_medium,0.45
tpcdi_cells,tpcdi_12_total_balance,numeric,near_miss_large,0.15
tpcdi_cells,tpcdi_12_total_balance,numeric,digit_typo,0.2
tpcdi_cells,tpcdi_12_total_balance,numeric,magnitude,0.05
tpcdi_cells,tpcdi_12_total_balance,numeric,sign_flip,0.05
tpcdi_cells,tpcdi_12_total_balance,numeric,wrong_random,0.0
tpcdi_cells,tpcdi_12_total_balance,numeric,no_answer,0.0
tpcdi_cells,tpcdi_12_total_balance,numeric,hedge,0.3
tpcdi_cells,tpcdi_12_total_balance,numeric,list_dump,0.25
tpcdi_cells,tpcdi_12_total_trade_volume,numeric,identity,1.0
tpcdi_cells,tpcdi_12_total_trade_volume,numeric,verbose,1.0
tpcdi_cells,tpcdi_12_total_trade_volume,numeric,tagged,1.0
tpcdi_cells,tpcdi_12_total_trade_volume,numeric,paraphrase,0.95
tpcdi_cells,tpcdi_12_total_trade_volume,numeric,unit_variant,1.0
tpcdi_cells,tpcdi_12_total_trade_volume,numeric,near_miss_small,0.75
tpcdi_cells,tpcdi_12_total_trade_volume,numeric,near_miss_medium,0.45
tpcdi_cells,tpcdi_12_total_trade_volume,numeric,near_miss_large,0.15
tpcdi_cells,tpcdi_12_total_trade_volume,numeric,digit_typo,0.2
tpcdi_cells,tpcdi_12_total_trade_volume,numeric,magnitude,0.05
tpcdi_cells,tpcdi_12_total_trade_volume,numeric,sign_flip,0.05
tpcdi_cells,tpcdi_12_total_trade_volume,numeric,wrong_random,0.0
tpcdi_cells,tpcdi_12_total_trade_volume,numeric,no_answer,0.0
tpcdi_cells,tpcdi_12_total_trade_volume,numeric,hedge,0.3
tpcdi_cells,tpcdi_12_total_trade_volume,numeric,list_dump,0.25
tpcdi_cells,tpcdi_13_num_trades,numeric,identity,1.0
tpcdi_cells,tpcdi_13_num_trades,numeric,verbose,1.0
tpcdi_cells,tpcdi_13_num_trades,numeric,tagged,1.0
tpcdi_cells,tpcdi_13_num_trades,numeric,paraphrase,0.95
tpcdi_cells,tpcdi_13_num_trades,numeric,unit_variant,1.0
tpcdi_cells,tpcdi_13_num_trades,numeric,near_miss_small,0.75
tpcdi_cells,tpcdi_13_num_trades,numeric,near_miss_medium,0.45
tpcdi_cells,tpcdi_13_num_trades,numeric,near_miss_large,0.15
tpcdi_cells,tpcdi_13_num_trades,numeric,digit_typo,0.2
tpcdi_cells,tpcdi_13_num_trades,numeric,magnitude,0.05
tpcdi_cells,tpcdi_13_num_trades,numeric,sign_flip,0.05
tpcdi_cells,tpcdi_13_num_trades,numeric,wrong_random,0.0
tpcdi_cells,tpcdi_13_num_trades,numeric,no_answer,0.0
tpcdi_cells,tpcdi_13_num_trades,numeric,hedge,0.3
tpcdi_cells,tpcdi_13_num_trades,numeric,list_dump,0.25
tpcdi_cells,tpcdi_14_symbols_traded,text,identity,1.0
tpcdi_cells,tpcdi_14_symbols_traded,text,verbose,1.0
tpcdi_cells,tpcdi_14_symbols_traded,text,tagged,1.0
tpcdi_cells,tpcdi_14_symbols_traded,text,paraphrase,0.95
tpcdi_cells,tpcdi_14_symbols_traded,text,partial,0.5
tpcdi_cells,tpcdi_14_symbols_traded,text,superset,0.6
tpcdi_cells,tpcdi_14_symbols_traded,text,typo,0.6
tpcdi_cells,tpcdi_14_symbols_traded,text,wrong_random,0.0
tpcdi_cells,tpcdi_14_symbols_traded,text,no_answer,0.0
tpcdi_cells,tpcdi_14_symbols_traded,text,hedge,0.3
tpcdi_cells,tpcdi_14_symbols_traded,text,list_dump,0.25
tpcdi_cells,tpcdi_14_total_balance,numeric,identity,1.0
tpcdi_cells,tpcdi_14_total_balance,numeric,verbose,1.0
tpcdi_cells,tpcdi_14_total_balance,numeric,tagged,1.0
tpcdi_cells,tpcdi_14_total_balance,numeric,paraphrase,0.95
tpcdi_cells,tpcdi_14_total_balance,numeric,unit_variant,1.0
tpcdi_cells,tpcdi_14_total_balance,numeric,near_miss_small,0.75
tpcdi_cells,tpcdi_14_total_balance,numeric,near_miss_medium,0.45
tpcdi_cells,tpcdi_14_total_balance,numeric,near_miss_large,0.15
tpcdi_cells,tpcdi_14_total_balance,numeric,digit_typo,0.2
tpcdi_cells,tpcdi_14_total_balance,numeric,magnitude,0.05
tpcdi_cells,tpcdi_14_total_balance,numeric,sign_flip,0.05
tpcdi_cells,tpcdi_14_total_balance,numeric,wrong_random,0.0
tpcdi_cells,tpcdi_14_total_balance,numeric,no_answer,0.0
tpcdi_cells,tpcdi_14_total_balance,numeric,hedge,0.3
tpcdi_cells,tpcdi_14_total_balance,numeric,list_dump,0.25
tpcdi_cells,tpcdi_15_num_accounts,numeric,identity,1.0
tpcdi_cells,tpcdi_15_num_accounts,numeric,verbose,1.0
tpcdi_cells,tpcdi_15_num_accounts,numeric,tagged,1.0
tpcdi_cells,tpcdi_15_num_accounts,numeric,paraphrase,0.95
tpcdi_cells,tpcdi_15_num_accounts,numeric,unit_variant,1.0
tpcdi_cells,tpcdi_15_num_accounts,numeric,near_miss_small,0.75
tpcdi_cells,tpcdi_15_num_accounts,numeric,near_miss_medium,0.45
tpcdi_cells,tpcdi_15_num_accounts,numeric,near_miss_large,0.15
tpcdi_cells,tpcdi_15_num_accounts,numeric,digit_typo,0.2
tpcdi_cells,tpcdi_15_num_accounts,numeric,magnitude,0.05
tpcdi_cells,tpcdi_15_num_accounts,numeric,sign_flip,0.05
tpcdi_cells,tpcdi_15_num_accounts,numeric,wrong_random,0.0
tpcdi_cells,tpcdi_15_num_accounts,numeric,no_answer,0.0
tpcdi_cells,tpcdi_15_num_accounts,numeric,hedge,0.3
tpcdi_cells,tpcdi_15_num_accounts,numeric,list_dump,0.25
tpcdi_cells,tpcdi_15_total_trade_value,numeric,identity,1.0
tpcdi_cells,tpcdi_15_total_trade_value,numeric,verbose,1.0
tpcdi_cells,tpcdi_15_total_trade_value,numeric,tagged,1.0
tpcdi_cells,tpcdi_15_total_trade_value,numeric,paraphrase,0.95
tpcdi_cells,tpcdi_15_total_trade_value,numeric,unit_variant,1.0
tpcdi_cells,tpcdi_15_total_trade_value,numeric,near_miss_small,0.75
tpcdi_cells,tpcdi_15_total_trade_value,numeric,near_miss_medium,0.45
tpcdi_cells,tpcdi_15_total_trade_value,numeric,near_miss_large,0.15
tpcdi_cells,tpcdi_15_total_trade_value,numeric,digit_typo,0.2
tpcdi_cells,tpcdi_15_total_trade_value,numeric,magnitude,0.05
tpcdi_cells,tpcdi_15_total_trade_value,numeric,sign_flip,0.05
tpcdi_cells,tpcdi_15_total_trade_value,numeric,wrong_random,0.0
tpcdi_cells,tpcdi_15_total_trade_value,numeric,no_answer,0.0
tpcdi_cells,tpcdi_15_total_trade_value,numeric,hedge,0.3
tpcdi_cells,tpcdi_15_total_trade_value,numeric,list_dump,0.25
tpcdi_cells,tpcdi_16_symbols_traded,text,identity,1.0
tpcdi_cells,tpcdi_16_symbols_traded,text,verbose,1.0
tpcdi_cells,tpcdi_16_symbols_traded,text,tagged,1.0
tpcdi_cells,tpcdi_16_symbols_traded,text,paraphrase,0.95
tpcdi_cells,tpcdi_16_symbols_traded,text,partial,0.5
tpcdi_cells,tpcdi_16_symbols_traded,text,superset,0.6
tpcdi_cells,tpcdi_16_symbols_traded,text,typo,0.6
tpcdi_cells,tpcdi_16_symbols_traded,text,wrong_random,0.0
tpcdi_cells,tpcdi_16_symbols_traded,text,no_answer,0.0
tpcdi_cells,tpcdi_16_symbols_traded,text,hedge,0.3
tpcdi_cells,tpcdi_16_symbols_traded,text,list_dump,0.25
tpcdi_cells,tpcdi_16_total_trade_value,numeric,identity,1.0
tpcdi_cells,tpcdi_16_total_trade_value,numeric,verbose,1.0
tpcdi_cells,tpcdi_16_total_trade_value,numeric,tagged,1.0
tpcdi_cells,tpcdi_16_total_trade_value,numeric,paraphrase,0.95
tpcdi_cells,tpcdi_16_total_trade_value,numeric,unit_variant,1.0
tpcdi_cells,tpcdi_16_total_trade_value,numeric,near_miss_small,0.75
tpcdi_cells,tpcdi_16_total_trade_value,numeric,near_miss_medium,0.45
tpcdi_cells,tpcdi_16_total_trade_value,numeric,near_miss_large,0.15
tpcdi_cells,tpcdi_16_total_trade_value,numeric,digit_typo,0.2
tpcdi_cells,tpcdi_16_total_trade_value,numeric,magnitude,0.05
tpcdi_cells,tpcdi_16_total_trade_value,numeric,sign_flip,0.05
tpcdi_cells,tpcdi_16_total_trade_value,numeric,wrong_random,0.0
tpcdi_cells,tpcdi_16_total_trade_value,numeric,no_answer,0.0
tpcdi_cells,tpcdi_16_total_trade_value,numeric,hedge,0.3
tpcdi_cells,tpcdi_16_total_trade_value,numeric,list_dump,0.25
tpcdi_cells,tpcdi_18_symbols_traded,text,identity,1.0
tpcdi_cells,tpcdi_18_symbols_traded,text,verbose,1.0
tpcdi_cells,tpcdi_18_symbols_traded,text,tagged,1.0
tpcdi_cells,tpcdi_18_symbols_traded,text,paraphrase,0.95
tpcdi_cells,tpcdi_18_symbols_traded,text,partial,0.5
tpcdi_cells,tpcdi_18_symbols_traded,text,superset,0.6
tpcdi_cells,tpcdi_18_symbols_traded,text,typo,0.6
tpcdi_cells,tpcdi_18_symbols_traded,text,wrong_random,0.0
tpcdi_cells,tpcdi_18_symbols_traded,text,no_answer,0.0
tpcdi_cells,tpcdi_18_symbols_traded,text,hedge,0.3
tpcdi_cells,tpcdi_18_symbols_traded,text,list_dump,0.25
tpcdi_cells,tpcdi_18_total_trade_value,numeric,identity,1.0
tpcdi_cells,tpcdi_18_total_trade_value,numeric,verbose,1.0
tpcdi_cells,tpcdi_18_total_trade_value,numeric,tagged,1.0
tpcdi_cells,tpcdi_18_total_trade_value,numeric,paraphrase,0.95
tpcdi_cells,tpcdi_18_total_trade_value,numeric,unit_variant,1.0
tpcdi_cells,tpcdi_18_total_trade_value,numeric,near_miss_small,0.75
tpcdi_cells,tpcdi_18_total_trade_value,numeric,near_miss_medium,0.45
tpcdi_cells,tpcdi_18_total_trade_value,numeric,near_miss_large,0.15
tpcdi_cells,tpcdi_18_total_trade_value,numeric,digit_typo,0.2
tpcdi_cells,tpcdi_18_total_trade_value,numeric,magnitude,0.05
tpcdi_cells,tpcdi_18_total_trade_value,numeric,sign_flip,0.05
tpcdi_cells,tpcdi_18_total_trade_value,numeric,wrong_random,0.0
tpcdi_cells,tpcdi_18_total_trade_value,numeric,no_answer,0.0
tpcdi_cells,tpcdi_18_total_trade_value,numeric,hedge,0.3
tpcdi_cells,tpcdi_18_total_trade_value,numeric,list_dump,0.25
tpcdi_cells,tpcdi_18_total_trade_volume,numeric,identity,1.0
tpcdi_cells,tpcdi_18_total_trade_volume,numeric,verbose,1.0
tpcdi_cells,tpcdi_18_total_trade_volume,numeric,tagged,1.0
tpcdi_cells,tpcdi_18_total_trade_volume,numeric,paraphrase,0.95
tpcdi_cells,tpcdi_18_total_trade_volume,numeric,unit_variant,1.0
tpcdi_cells,tpcdi_18_total_trade_volume,numeric,near_miss_small,0.75
tpcdi_cells,tpcdi_18_total_trade_volume,numeric,near_miss_medium,0.45
tpcdi_cells,tpcdi_18_total_trade_volume,numeric,near_miss_large,0.15
tpcdi_cells,tpcdi_18_total_trade_volume,numeric,digit_typo,0.2
tpcdi_cells,tpcdi_18_total_trade_volume,numeric,magnitude,0.05
tpcdi_cells,tpcdi_18_total_trade_volume,numeric,sign_flip,0.05
tpcdi_cells,tpcdi_18_total_trade_volume,numeric,wrong_random,0.0
tpcdi_cells,tpcdi_18_total_trade_volume,numeric,no_answer,0.0
tpcdi_cells,tpcdi_18_total_trade_volume,numeric,hedge,0.3
tpcdi_cells,tpcdi_18_total_trade_volume,numeric,list_dump,0.25
tpcdi_cells,tpcdi_19_num_trades,numeric,identity,1.0
tpcdi_cells,tpcdi_19_num_trades,numeric,verbose,1.0
tpcdi_cells,tpcdi_19_num_trades,numeric,tagged,1.0
tpcdi_cells,tpcdi_19_num_trades,numeric,paraphrase,0.95
tpcdi_cells,tpcdi_19_num_trades,numeric,unit_variant,1.0
tpcdi_cells,tpcdi_19_num_trades,numeric,near_miss_small,0.75
tpcdi_cells,tpcdi_19_num_trades,numeric,near_miss_medium,0.45
tpcdi_cells,tpcdi_19_num_trades,numeric,near_miss_large,0.15
tpcdi_cells,tpcdi_19_num_trades,numeric,digit_typo,0.2
tpcdi_cells,tpcdi_19_num_trades,numeric,magnitude,0.05
tpcdi_cells,tpcdi_19_num_trades,numeric,sign_flip,0.05
tpcdi_cells,tpcdi_19_num_trades,numeric,wrong_random,0.0
tpcdi_cells,tpcdi_19_num_trades,numeric,no_answer,0.0
tpcdi_cells,tpcdi_19_num_trades,numeric,hedge,0.3
tpcdi_cells,tpcdi_19_num_trades,numeric,list_dump,0.25
tpcdi_cells,tpcdi_1_symbols_traded,text,identity,1.0
tpcdi_cells,tpcdi_1_symbols_traded,text,verbose,1.0
tpcdi_cells,tpcdi_1_symbols_traded,text,tagged,1.0
tpcdi_cells,tpcdi_1_symbols_traded,text,paraphrase,0.95
tpcdi_cells,tpcdi_1_symbols_traded,text,partial,0.5
tpcdi_cells,tpcdi_1_symbols_traded,text,superset,0.6
tpcdi_cells,tpcdi_1_symbols_traded,text,typo,0.6
tpcdi_cells,tpcdi_1_symbols_traded,text,wrong_random,0.0
tpcdi_cells,tpcdi_1_symbols_traded,text,no_answer,0.0
tpcdi_cells,tpcdi_1_symbols_traded,text,hedge,0.3
tpcdi_cells,tpcdi_1_symbols_traded,text,list_dump,0.25
tpcdi_cells,tpcdi_1_total_trade_value,numeric,identity,1.0
tpcdi_cells,tpcdi_1_total_trade_value,numeric,verbose,1.0
tpcdi_cells,tpcdi_1_total_trade_value,numeric,tagged,1.0
tpcdi_cells,tpcdi_1_total_trade_value,numeric,paraphrase,0.95
tpcdi_cells,tpcdi_1_total_trade_value,numeric,unit_variant,1.0
tpcdi_cells,tpcdi_1_total_trade_value,numeric,near_miss_small,0.75
tpcdi_cells,tpcdi_1_total_trade_value,numeric,near_miss_medium,0.45
tpcdi_cells,tpcdi_1_total_trade_value,numeric,near_miss_large,0.15
tpcdi_cells,tpcdi_1_total_trade_value,numeric,digit_typo,0.2
tpcdi_cells,tpcdi_1_total_trade_value,numeric,magnitude,0.05
tpcdi_cells,tpcdi_1_total_trade_value,numeric,sign_flip,0.05
tpcdi_cells,tpcdi_1_total_trade_value,numeric,wrong_random,0.0
tpcdi_cells,tpcdi_1_total_trade_value,numeric,no_answer,0.0
tpcdi_cells,tpcdi_1_total_trade_value,numeric,hedge,0.3
tpcdi_cells,tpcdi_1_total_trade_value,numeric,list_dump,0.25
tpcdi_cells,tpcdi_21_num_accounts,numeric,identity,1.0
tpcdi_cells,tpcdi_21_num_accounts,numeric,verbose,1.0
tpcdi_cells,tpcdi_21_num_accounts,numeric,tagged,1.0
tpcdi_cells,tpcdi_21_num_accounts,numeric,paraphrase,0.95
tpcdi_cells,tpcdi_21_num_accounts,numeric,unit_variant,1.0
tpcdi_cells,tpcdi_21_num_accounts,numeric,near_miss_small,0.75
tpcdi_cells,tpcdi_21_num_accounts,numeric,near_miss_medium,0.45
tpcdi_cells,tpcdi_21_num_accounts,numeric,near_miss_large,0.15
tpcdi_cells,tpcdi_21_num_accounts,numeric,digit_typo,0.2
tpcdi_cells,tpcdi_21_num_accounts,numeric,magnitude,0.05
tpcdi_cells,tpcdi_21_num_accounts,numeric,sign_flip,0.05
tpcdi_cells,tpcdi_21_num_accounts,numeric,wrong_random,0.0
tpcdi_cells,tpcdi_21_num_accounts,numeric,no_answer,0.0
tpcdi_cells,tpcdi_21_num_accounts,numeric,hedge,0.3
tpcdi_cells,tpcdi_21_num_accounts,numeric,list_dump,0.25
tpcdi_cells,tpcdi_22_num_trades,numeric,identity,1.0
tpcdi_cells,tpcdi_22_num_trades,numeric,verbose,1.0
tpcdi_cells,tpcdi_22_num_trades,numeric,tagged,1.0
tpcdi_cells,tpcdi_22_num_trades,numeric,paraphrase,0.95
tpcdi_cells,tpcdi_22_num_trades,numeric,unit_variant,1.0
tpcdi_cells,tpcdi_22_num_trades,numeric,near_miss_small,0.75
tpcdi_cells,tpcdi_22_num_trades,numeric,near_miss_medium,0.45
tpcdi_cells,tpcdi_22_num_trades,numeric,near_miss_large,0.15
tpcdi_cells,tpcdi_22_num_trades,numeric,digit_typo,0.2
tpcdi_cells,tpcdi_22_num_trades,numeric,magnitude,0.05
tpcdi_cells,tpcdi_22_num_trades,numeric,sign_flip,0.05
tpcdi_cells,tpcdi_22_num_trades,numeric,wrong_random,0.0
tpcdi_cells,tpcdi_22_num_trades,numeric,no_answer,0.0
tpcdi_cells,tpcdi_22_num_trades,numeric,hedge,0.3
tpcdi_cells,tpcdi_22_num_trades,numeric,list_dump,0.25
tpcdi_cells,tpcdi_23_num_trades,numeric,identity,1.0
tpcdi_cells,tpcdi_23_num_trades,numeric,verbose,1.0
tpcdi_cells,tpcdi_23_num_trades,numeric,tagged,1.0
tpcdi_cells,tpcdi_23_num_trades,numeric,paraphrase,0.95
tpcdi_cells,tpcdi_23_num_trades,numeric,unit_variant,1.0
tpcdi_cells,tpcdi_23_num_trades,numeric,near_miss_small,0.75
tpcdi_cells,tpcdi_23_num_trades,numeric,near_miss_medium,0.45
tpcdi_cells,tpcdi_23_num_trades,numeric,near_miss_large,0.15
tpcdi_cells,tpcdi_23_num_trades,numeric,digit_typo,0.2
tpcdi_cells,tpcdi_23_num_trades,numeric,magnitude,0.05
tpcdi_cells,tpcdi_23_num_trades,numeric,sign_flip,0.05
tpcdi_cells,tpcdi_23_num_trades,numeric,wrong_random,0.0
tpcdi_cells,tpcdi_23_num_trades,numeric,no_answer,0.0
tpcdi_cells,tpcdi_23_num_trades,numeric,hedge,0.3
tpcdi_cells,tpcdi_23_num_trades,numeric,list_dump,0.25
tpcdi_cells,tpcdi_23_total_balance,numeric,identity,1.0
tpcdi_cells,tpcdi_23_total_balance,numeric,verbose,1.0
tpcdi_cells,tpcdi_23_total_balance,numeric,tagged,1.0
tpcdi_cells,tpcdi_23_total_balance,numeric,paraphrase,0.95
tpcdi_cells,tpcdi_23_total_balance,numeric,unit_variant,1.0
tpcdi_cells,tpcdi_23_total_balance,numeric,near_miss_small,0.75
tpcdi_cells,tpcdi_23_total_balance,numeric,near_miss_medium,0.45
tpcdi_cells,tpcdi_23_total_balance,numeric,near_miss_large,0.15
tpcdi_cells,tpcdi_23_total_balance,numeric,digit_typo,0.2
tpcdi_cells,tpcdi_23_total_balance,numeric,magnitude,0.05
tpcdi_cells,tpcdi_23_total_balance,numeric,sign_flip,0.05
tpcdi_cells,tpcdi_23_total_balance,numeric,wrong_random,0.0
tpcdi_cells,tpcdi_23_total_balance,numeric,no_answer,0.0
tpcdi_cells,tpcdi_23_total_balance,numeric,hedge,0.3
tpcdi_cells,tpcdi_23_total_balance,numeric,list_dump,0.25
tpcdi_cells,tpcdi_23_total_trade_volume,numeric,identity,1.0
tpcdi_cells,tpcdi_23_total_trade_volume,numeric,verbose,1.0
tpcdi_cells,tpcdi_23_total_trade_volume,numeric,tagged,1.0
tpcdi_cells,tpcdi_23_total_trade_volume,numeric,paraphrase,0.95
tpcdi_cells,tpcdi_23_total_trade_volume,numeric,unit_variant,1.0
tpcdi_cells,tpcdi_23_total_trade_volume,numeric,near_miss_small,0.75
tpcdi_cells,tpcdi_23_total_trade_volume,numeric,near_miss_medium,0.45
tpcdi_cells,tpcdi_23_total_trade_volume,numeric,near_miss_large,0.15
tpcdi_cells,tpcdi_23_total_trade_volume,numeric,digit_typo,0.2
tpcdi_cells,tpcdi_23_total_trade_volume,numeric,magnitude,0.05
tpcdi_cells,tpcdi_23_total_trade_volume,numeric,sign_flip,0.05
tpcdi_cells,tpcdi_23_total_trade_volume,numeric,wrong_random,0.0
tpcdi_cells,tpcdi_23_total_trade_volume,numeric,no_answer,0.0
tpcdi_cells,tpcdi_23_total_trade_volume,numeric,hedge,0.3
tpcdi_cells,tpcdi_23_total_trade_volume,numeric,list_dump,0.25
tpcdi_cells,tpcdi_25_num_trades,numeric,identity,1.0
tpcdi_cells,tpcdi_25_num_trades,numeric,verbose,1.0
tpcdi_cells,tpcdi_25_num_trades,numeric,tagged,1.0
tpcdi_cells,tpcdi_25_num_trades,numeric,paraphrase,0.95
tpcdi_cells,tpcdi_25_num_trades,numeric,unit_variant,1.0
tpcdi_cells,tpcdi_25_num_trades,numeric,near_miss_small,0.75
tpcdi_cells,tpcdi_25_num_trades,numeric,near_miss_medium,0.45
tpcdi_cells,tpcdi_25_num_trades,numeric,near_miss_large,0.15
tpcdi_cells,tpcdi_25_num_trades,numeric,digit_typo,0.2
tpcdi_cells,tpcdi_25_num_trades,numeric,magnitude,0.05
tpcdi_cells,tpcdi_25_num_trades,numeric,sign_flip,0.05
tpcdi_cells,tpcdi_25_num_trades,numeric,wrong_random,0.0
tpcdi_cells,tpcdi_25_num_trades,numeric,no_answer,0.0
tpcdi_cells,tpcdi_25_num_trades,numeric,hedge,0.3
tpcdi_cells,tpcdi_25_num_trades,numeric,list_dump,0.25
tpcdi_cells,tpcdi_25_total_balance,numeric,identity,1.0
tpcdi_cells,tpcdi_25_total_balance,numeric,verbose,1.0
tpcdi_cells,tpcdi_25_total_balance,numeric,tagged,1.0
tpcdi_cells,tpcdi_25_total_balance,numeric,paraphrase,0.95
tpcdi_cells,tpcdi_25_total_balance,numeric,unit_variant,1.0
tpcdi_cells,tpcdi_25_total_balance,numeric,near_miss_small,0.75
tpcdi_cells,tpcdi_25_total_balance,numeric,near_miss_medium,0.45
tpcdi_cells,tpcdi_25_total_balance,numeric,near_miss_large,0.15
tpcdi_cells,tpcdi_25_total_balance,numeric,digit_typo,0.2
tpcdi_cells,tpcdi_25_total_balance,numeric,magnitude,0.05
tpcdi_cells,tpcdi_25_total_balance,numeric,sign_flip,0.05
tpcdi_cells,tpcdi_25_total_balance,numeric,wrong_random,0.0
tpcdi_cells,tpcdi_25_total_balance,numeric,no_answer,0.0
tpcdi_cells,tpcdi_25_total_balance,numeric,hedge,0.3
tpcdi_cells,tpcdi_25_total_balance,numeric,list_dump,0.25
tpcdi_cells,tpcdi_25_total_trade_value,numeric,identity,1.0
tpcdi_cells,tpcdi_25_total_trade_value,numeric,verbose,1.0
tpcdi_cells,tpcdi_25_total_trade_value,numeric,tagged,1.0
tpcdi_cells,tpcdi_25_total_trade_value,numeric,paraphrase,0.95
tpcdi_cells,tpcdi_25_total_trade_value,numeric,unit_variant,1.0
tpcdi_cells,tpcdi_25_total_trade_value,numeric,near_miss_small,0.75
tpcdi_cells,tpcdi_25_total_trade_value,numeric,near_miss_medium,0.45
tpcdi_cells,tpcdi_25_total_trade_value,numeric,near_miss_large,0.15
tpcdi_cells,tpcdi_25_total_trade_value,numeric,digit_typo,0.2
tpcdi_cells,tpcdi_25_total_trade_value,numeric,magnitude,0.05
tpcdi_cells,tpcdi_25_total_trade_value,numeric,sign_flip,0.05
tpcdi_cells,tpcdi_25_total_trade_value,numeric,wrong_random,0.0
tpcdi_cells,tpcdi_25_total_trade_value,numeric,no_answer,0.0
tpcdi_cells,tpcdi_25_total_trade_value,numeric,hedge,0.3
tpcdi_cells,tpcdi_25_total_trade_value,numeric,list_dump,0.25
tpcdi_cells,tpcdi_26_symbols_traded,text,identity,1.0
tpcdi_cells,tpcdi_26_symbols_traded,text,verbose,1.0
tpcdi_cells,tpcdi_26_symbols_traded,text,tagged,1.0
tpcdi_cells,tpcdi_26_symbols_traded,text,paraphrase,0.95
tpcdi_cells,tpcdi_26_symbols_traded,text,partial,0.5
tpcdi_cells,tpcdi_26_symbols_traded,text,superset,0.6
tpcdi_cells,tpcdi_26_symbols_traded,text,typo,0.6
tpcdi_cells,tpcdi_26_symbols_traded,text,wrong_random,0.0
tpcdi_cells,tpcdi_26_symbols_traded,text,no_answer,0.0
tpcdi_cells,tpcdi_26_symbols_traded,text,hedge,0.3
tpcdi_cells,tpcdi_26_symbols_traded,text,list_dump,0.25
tpcdi_cells,tpcdi_26_total_trade_value,numeric,identity,1.0
tpcdi_cells,tpcdi_26_total_trade_value,numeric,verbose,1.0
tpcdi_cells,tpcdi_26_total_trade_value,numeric,tagged,1.0
tpcdi_cells,tpcdi_26_total_trade_value,numeric,paraphrase,0.95
tpcdi_cells,tpcdi_26_total_trade_value,numeric,unit_variant,1.0
tpcdi_cells,tpcdi_26_total_trade_value,numeric,near_miss_small,0.75
tpcdi_cells,tpcdi_26_total_trade_value,numeric,near_miss_medium,0.45
tpcdi_cells,tpcdi_26_total_trade_value,numeric,near_miss_large,0.15
tpcdi_cells,tpcdi_26_total_trade_value,numeric,digit_typo,0.2
tpcdi_cells,tpcdi_26_total_trade_value,numeric,magnitude,0.05
tpcdi_cells,tpcdi_26_total_trade_value,numeric,sign_flip,0.05
tpcdi_cells,tpcdi_26_total_trade_value,numeric,wrong_random,0.0
tpcdi_cells,tpcdi_26_total_trade_value,numeric,no_answer,0.0
tpcdi_cells,tpcdi_26_total_trade_value,numeric,hedge,0.3
tpcdi_cells,tpcdi_26_total_trade_value,numeric,list_dump,0.25
tpcdi_cells,tpcdi_27_total_balance,numeric,identity,1.0
tpcdi_cells,tpcdi_27_total_balance,numeric,verbose,1.0
tpcdi_cells,tpcdi_27_total_balance,numeric,tagged,1.0
tpcdi_cells,tpcdi_27_total_balance,numeric,paraphrase,0.95
tpcdi_cells,tpcdi_27_total_balance,numeric,unit_variant,1.0
tpcdi_cells,tpcdi_27_total_balance,numeric,near_miss_small,0.75
tpcdi_cells,tpcdi_27_total_balance,numeric,near_miss_medium,0.45
tpcdi_cells,tpcdi_27_total_balance,numeric,near_miss_large,0.15
tpcdi_cells,tpcdi_27_total_balance,numeric,digit_typo,0.2
tpcdi_cells,tpcdi_27_total_balance,numeric,magnitude,0.05
tpcdi_cells,tpcdi_27_total_balance,numeric,sign_flip,0.05
tpcdi_cells,tpcdi_27_total_balance,numeric,wrong_random,0.0
tpcdi_cells,tpcdi_27_total_balance,numeric,no_answer,0.0
tpcdi_cells,tpcdi_27_total_balance,numeric,hedge,0.3
tpcdi_cells,tpcdi_27_total_balance,numeric,list_dump,0.25
tpcdi_cells,tpcdi_28_num_trades,numeric,identity,1.0
tpcdi_cells,tpcdi_28_num_trades,numeric,verbose,1.0
tpcdi_cells,tpcdi_28_num_trades,numeric,tagged,1.0
tpcdi_cells,tpcdi_28_num_trades,numeric,paraphrase,0.95
tpcdi_cells,tpcdi_28_num_trades,numeric,unit_variant,1.0
tpcdi_cells,tpcdi_28_num_trades,numeric,near_miss_small,0.75
tpcdi_cells,tpcdi_28_num_trades,numeric,near_miss_medium,0.45
tpcdi_cells,tpcdi_28_num_trades,numeric,near_miss_large,0.15
tpcdi_cells,tpcdi_28_num_trades,numeric,digit_typo,0.2
tpcdi_cells,tpcdi_28_num_trades,numeric,magnitude,0.05
tpcdi_cells,tpcdi_28_num_trades,numeric,sign_flip,0.05
tpcdi_cells,tpcdi_28_num_trades,numeric,wrong_random,0.0
tpcdi_cells,tpcdi_28_num_trades,numeric,no_answer,0.0
tpcdi_cells,tpcdi_28_num_trades,numeric,hedge,0.3
tpcdi_cells,tpcdi_28_num_trades,numeric,list_dump,0.25
tpcdi_cells,tpcdi_28_total_balance,numeric,identity,1.0
tpcdi_cells,tpcdi_28_total_balance,numeric,verbose,1.0
tpcdi_cells,tpcdi_28_total_balance,numeric,tagged,1.0
tpcdi_cells,tpcdi_28_total_balance,numeric,paraphrase,0.95
tpcdi_cells,tpcdi_28_total_balance,numeric,unit_variant,1.0
tpcdi_cells,tpcdi_28_total_balance,numeric,near_miss_small,0.75
tpcdi_cells,tpcdi_28_total_balance,numeric,near_miss_medium,0.45
tpcdi_cells,tpcdi_28_total_balance,numeric,near_miss_large,0.15
tpcdi_cells,tpcdi_28_total_balance,numeric,digit_typo,0.2
tpcdi_cells,tpcdi_28_total_balance,numeric,magnitude,0.05
tpcdi_cells,tpcdi_28_total_balance,numeric,sign_flip,0.05
tpcdi_cells,tpcdi_28_total_balance,numeric,wrong_random,0.0
tpcdi_cells,tpcdi_28_total_balance,numeric,no_answer,0.0
tpcdi_cells,tpcdi_28_total_balance,numeric,hedge,0.3
tpcdi_cells,tpcdi_28_total_balance,numeric,list_dump,0.25
tpcdi_cells,tpcdi_29_total_balance,numeric,identity,1.0
tpcdi_cells,tpcdi_29_total_balance,numeric,verbose,1.0
tpcdi_cells,tpcdi_29_total_balance,numeric,tagged,1.0
tpcdi_cells,tpcdi_29_total_balance,numeric,paraphrase,0.95
tpcdi_cells,tpcdi_29_total_balance,numeric,unit_variant,1.0
tpcdi_cells,tpcdi_29_total_balance,numeric,near_miss_small,0.75
tpcdi_cells,tpcdi_29_total_balance,numeric,near_miss_medium,0.45
tpcdi_cells,tpcdi_29_total_balance,numeric,near_miss_large,0.15
tpcdi_cells,tpcdi_29_total_balance,numeric,digit_typo,0.2
tpcdi_cells,tpcdi_29_total_balance,numeric,magnitude,0.05
tpcdi_cells,tpcdi_29_total_balance,numeric,sign_flip,0.05
tpcdi_cells,tpcdi_29_total_balance,numeric,wrong_random,0.0
tpcdi_cells,tpcdi_29_total_balance,numeric,no_answer,0.0
tpcdi_cells,tpcdi_29_total_balance,numeric,hedge,0.3
tpcdi_cells,tpcdi_29_total_balance,numeric,list_dump,0.25
tpcdi_cells,tpcdi_29_total_trade_value,numeric,identity,1.0
tpcdi_cells,tpcdi_29_total_trade_value,numeric,verbose,1.0
tpcdi_cells,tpcdi_29_total_trade_value,numeric,tagged,1.0
tpcdi_cells,tpcdi_29_total_trade_value,numeric,paraphrase,0.95
tpcdi_cells,tpcdi_29_total_trade_value,numeric,unit_variant,1.0
tpcdi_cells,tpcdi_29_total_trade_value,numeric,near_miss_small,0.75
tpcdi_cells,tpcdi_29_total_trade_value,numeric,near_miss_medium,0.45
tpcdi_cells,tpcdi_29_total_trade_value,numeric,near_miss_large,0.15
tpcdi_cells,tpcdi_29_total_trade_value,numeric,digit_typo,0.2
tpcdi_cells,tpcdi_29_total_trade_value,numeric,magnitude,0.05
tpcdi_cells,tpcdi_29_total_trade_value,numeric,sign_flip,0.05
tpcdi_cells,tpcdi_29_total_trade_value,numeric,wrong_random,0.0
tpcdi_cells,tpcdi_29_total_trade_value,numeric,no_answer,0.0
tpcdi_cells,tpcdi_29_total_trade_value,numeric,hedge,0.3
tpcdi_cells,tpcdi_29_total_trade_value,numeric,list_dump,0.25
tpcdi_cells,tpcdi_29_total_trade_volume,numeric,identity,1.0
tpcdi_cells,tpcdi_29_total_trade_volume,numeric,verbose,1.0
tpcdi_cells,tpcdi_29_total_trade_volume,numeric,tagged,1.0
tpcdi_cells,tpcdi_29_total_trade_volume,numeric,paraphrase,0.95
tpcdi_cells,tpcdi_29_total_trade_volume,numeric,unit_variant,1.0
tpcdi_cells,tpcdi_29_total_trade_volume,numeric,near_miss_small,0.75
tpcdi_cells,tpcdi_29_total_trade_volume,numeric,near_miss_medium,0.45
tpcdi_cells,tpcdi_29_total_trade_volume,numeric,near_miss_large,0.15
tpcdi_cells,tpcdi_29_total_trade_volume,numeric,digit_typo,0.2
tpcdi_cells,tpcdi_29_total_trade_volume,numeric,magnitude,0.05
tpcdi_cells,tpcdi_29_total_trade_volume,numeric,sign_flip,0.05
tpcdi_cells,tpcdi_29_total_trade_volume,numeric,wrong_random,0.0
tpcdi_cells,tpcdi_29_total_trade_volume,numeric,no_answer,0.0
tpcdi_cells,tpcdi_29_total_trade_volume,numeric,hedge,0.3
tpcdi_cells,tpcdi_29_total_trade_volume,numeric,list_dump,0.25
tpcdi_cells,tpcdi_2_num_accounts,numeric,identity,1.0
tpcdi_cells,tpcdi_2_num_accounts,numeric,verbose,1.0
tpcdi_cells,tpcdi_2_num_accounts,numeric,tagged,1.0
tpcdi_cells,tpcdi_2_num_accounts,numeric,paraphrase,0.95
tpcdi_cells,tpcdi_2_num_accounts,numeric,unit_variant,1.0
tpcdi_cells,tpcdi_2_num_accounts,numeric,near_miss_small,0.75
tpcdi_cells,tpcdi_2_num_accounts,numeric,near_miss_medium,0.45
tpcdi_cells,tpcdi_2_num_accounts,numeric,near_miss_large,0.15
tpcdi_cells,tpcdi_2_num_accounts,numeric,digit_typo,0.2
tpcdi_cells,tpcdi_2_num_accounts,numeric,magnitude,0.05
tpcdi_cells,tpcdi_2_num_accounts,numeric,sign_flip,0.05
tpcdi_cells,tpcdi_2_num_accounts,numeric,wrong_random,0.0
tpcdi_cells,tpcdi_2_num_accounts,numeric,no_answer,0.0
tpcdi_cells,tpcdi_2_num_accounts,numeric,hedge,0.3
tpcdi_cells,tpcdi_2_num_accounts,numeric,list_dump,0.25
tpcdi_cells,tpcdi_30_num_accounts,numeric,identity,1.0
tpcdi_cells,tpcdi_30_num_accounts,numeric,verbose,1.0
tpcdi_cells,tpcdi_30_num_accounts,numeric,tagged,1.0
tpcdi_cells,tpcdi_30_num_accounts,numeric,paraphrase,0.95
tpcdi_cells,tpcdi_30_num_accounts,numeric,unit_variant,1.0
tpcdi_cells,tpcdi_30_num_accounts,numeric,near_miss_small,0.75
tpcdi_cells,tpcdi_30_num_accounts,numeric,near_miss_medium,0.45
tpcdi_cells,tpcdi_30_num_accounts,numeric,near_miss_large,0.15
tpcdi_cells,tpcdi_30_num_accounts,numeric,digit_typo,0.2
tpcdi_cells,tpcdi_30_num_accounts,numeric,magnitude,0.05
tpcdi_cells,tpcdi_30_num_accounts,numeric,sign_flip,0.05
tpcdi_cells,tpcdi_30_num_accounts,numeric,wrong_random,0.0
tpcdi_cells,tpcdi_30_num_accounts,numeric,no_answer,0.0
tpcdi_cells,tpcdi_30_num_accounts,numeric,hedge,0.3
tpcdi_cells,tpcdi_30_num_accounts,numeric,list_dump,0.25
tpcdi_cells,tpcdi_30_num_trades,numeric,identity,1.0
tpcdi_cells,tpcdi_30_num_trades,numeric,verbose,1.0
tpcdi_cells,tpcdi_30_num_trades,numeric,tagged,1.0
tpcdi_cells,tpcdi_30_num_trades,numeric,paraphrase,0.95
tpcdi_cells,tpcdi_30_num_trades,numeric,unit_variant,1.0
tpcdi_cells,tpcdi_30_num_trades,numeric,near_miss_small,0.75
tpcdi_cells,tpcdi_30_num_trades,numeric,near_miss_medium,0.45
tpcdi_cells,tpcdi_30_num_trades,numeric,near_miss_large,0.15
tpcdi_cells,tpcdi_30_num_trades,numeric,digit_typo,0.2
tpcdi_cells,tpcdi_30_num_trades,numeric,magnitude,0.05
tpcdi_cells,tpcdi_30_num_trades,numeric,sign_flip,0.05
tpcdi_cells,tpcdi_30_num_trades,numeric,wrong_random,0.0
tpcdi_cells,tpcdi_30_num_trades,numeric,no_answer,0.0
tpcdi_cells,tpcdi_30_num_trades,numeric,hedge,0.3
tpcdi_cells,tpcdi_30_num_trades,numeric,list_dump,0.25
tpcdi_cells,tpcdi_30_symbols_traded,text,identity,1.0
tpcdi_cells,tpcdi_30_symbols_traded,text,verbose,1.0
tpcdi_cells,tpcdi_30_symbols_traded,text,tagged,1.0
tpcdi_cells,tpcdi_30_symbols_traded,text,paraphrase,0.95
tpcdi_cells,tpcdi_30_symbols_traded,text,partial,0.5
tpcdi_cells,tpcdi_30_symbols_traded,text,superset,0.6
tpcdi_cells,tpcdi_30_symbols_traded,text,typo,0.6
tpcdi_cells,tpcdi_30_symbols_traded,text,wrong_random,0.0
tpcdi_cells,tpcdi_30_symbols_traded,text,no_answer,0.0
tpcdi_cells,tpcdi_30_symbols_traded,text,hedge,0.3
tpcdi_cells,tpcdi_30_symbols_traded,text,list_dump,0.25
tpcdi_cells,tpcdi_31_total_trade_value,numeric,identity,1.0
tpcdi_cells,tpcdi_31_total_trade_value,numeric,verbose,1.0
tpcdi_cells,tpcdi_31_total_trade_value,numeric,tagged,1.0
tpcdi_cells,tpcdi_31_total_trade_value,numeric,paraphrase,0.95
tpcdi_cells,tpcdi_31_total_trade_value,numeric,unit_variant,1.0
tpcdi_cells,tpcdi_31_total_trade_value,numeric,near_miss_small,0.75
tpcdi_cells,tpcdi_31_total_trade_value,numeric,near_miss_medium,0.45
tpcdi_cells,tpcdi_31_total_trade_value,numeric,near_miss_large,0.15
tpcdi_cells,tpcdi_31_total_trade_value,numeric,digit_typo,0.2
tpcdi_cells,tpcdi_31_total_trade_value,numeric,magnitude,0.05
tpcdi_cells,tpcdi_31_total_trade_value,numeric,sign_flip,0.05
tpcdi_cells,tpcdi_31_total_trade_value,numeric,wrong_random,0.0
tpcdi_cells,tpcdi_31_total_trade_value,numeric,no_answer,0.0
tpcdi_cells,tpcdi_31_total_trade_value,numeric,hedge,0.3
tpcdi_cells,tpcdi_31_total_trade_value,numeric,list_dump,0.25
tpcdi_cells,tpcdi_32_num_accounts,numeric,identity,1.0
tpcdi_cells,tpcdi_32_num_accounts,numeric,verbose,1.0
tpcdi_cells,tpcdi_32_num_accounts,numeric,tagged,1.0
tpcdi_cells,tpcdi_32_num_accounts,numeric,paraphrase,0.95
tpcdi_cells,tpcdi_32_num_accounts,numeric,unit_variant,1.0
tpcdi_cells,tpcdi_32_num_accounts,numeric,near_miss_small,0.75
tpcdi_cells,tpcdi_32_num_accounts,numeric,near_miss_medium,0.45
tpcdi_cells,tpcdi_32_num_accounts,numeric,near_miss_large,0.15
tpcdi_cells,tpcdi_32_num_accounts,numeric,digit_typo,0.2
tpcdi_cells,tpcdi_32_num_accounts,numeric,magnitude,0.05
tpcdi_cells,tpcdi_32_num_accounts,numeric,sign_flip,0.05
tpcdi_cells,tpcdi_32_num_accounts,numeric,wrong_random,0.0
tpcdi_cells,tpcdi_32_num_accounts,numeric,no_answer,0.0
tpcdi_cells,tpcdi_32_num_accounts,numeric,hedge,0.3
tpcdi_cells,tpcdi_32_num_accounts,numeric,list_dump,0.25
tpcdi_cells,tpcdi_33_symbols_traded,text,identity,1.0
tpcdi_cells,tpcdi_33_symbols_traded,text,verbose,1.0
tpcdi_cells,tpcdi_33_symbols_traded,text,tagged,1.0
tpcdi_cells,tpcdi_33_symbols_traded,text,paraphrase,0.95
tpcdi_cells,tpcdi_33_symbols_traded,text,partial,0.5
tpcdi_cells,tpcdi_33_symbols_traded,text,superset,0.6
tpcdi_cells,tpcdi_33_symbols_traded,text,typo,0.6
tpcdi_cells,tpcdi_33_symbols_traded,text,wrong_random,0.0
tpcdi_cells,tpcdi_33_symbols_traded,text,no_answer,0.0
tpcdi_cells,tpcdi_33_symbols_traded,text,hedge,0.3
tpcdi_cells,tpcdi_33_symbols_traded,text,list_dump,0.25
tpcdi_cells,tpcdi_35_symbols_traded,text,identity,1.0
tpcdi_cells,tpcdi_35_symbols_traded,text,verbose,1.0
tpcdi_cells,tpcdi_35_symbols_traded,text,tagged,1.0
tpcdi_cells,tpcdi_35_symbols_traded,text,paraphrase,0.95
tpcdi_cells,tpcdi_35_symbols_traded,text,partial,0.5
tpcdi_cells,tpcdi_35_symbols_traded,text,superset,0.6
tpcdi_cells,tpcdi_35_symbols_traded,text,typo,0.6
tpcdi_cells,tpcdi_35_symbols_traded,text,wrong_random,0.0
tpcdi_cells,tpcdi_35_symbols_traded,text,no_answer,0.0
tpcdi_cells,tpcdi_35_symbols_traded,text,hedge,0.3
tpcdi_cells,tpcdi_35_symbols_traded,text,list_dump,0.25
tpcdi_cells,tpcdi_36_total_trade_volume,numeric,identity,1.0
tpcdi_cells,tpcdi_36_total_trade_volume,numeric,verbose,1.0
tpcdi_cells,tpcdi_36_total_trade_volume,numeric,tagged,1.0
tpcdi_cells,tpcdi_36_total_trade_volume,numeric,paraphrase,0.95
tpcdi_cells,tpcdi_36_total_trade_volume,numeric,unit_variant,1.0
tpcdi_cells,tpcdi_36_total_trade_volume,numeric,near_miss_small,0.75
tpcdi_cells,tpcdi_36_total_trade_volume,numeric,near_miss_medium,0.45
tpcdi_cells,tpcdi_36_total_trade_volume,numeric,near_miss_large,0.15
tpcdi_cells,tpcdi_36_total_trade_volume,numeric,digit_typo,0.2
tpcdi_cells,tpcdi_36_total_trade_volume,numeric,magnitude,0.05
tpcdi_cells,tpcdi_36_total_trade_volume,numeric,sign_flip,0.05
tpcdi_cells,tpcdi_36_total_trade_volume,numeric,wrong_random,0.0
tpcdi_cells,tpcdi_36_total_trade_volume,numeric,no_answer,0.0
tpcdi_cells,tpcdi_36_total_trade_volume,numeric,hedge,0.3
tpcdi_cells,tpcdi_36_total_trade_volume,numeric,list_dump,0.25
tpcdi_cells,tpcdi_37_num_trades,numeric,identity,1.0
tpcdi_cells,tpcdi_37_num_trades,numeric,verbose,1.0
tpcdi_cells,tpcdi_37_num_trades,numeric,tagged,1.0
tpcdi_cells,tpcdi_37_num_trades,numeric,paraphrase,0.95
tpcdi_cells,tpcdi_37_num_trades,numeric,unit_variant,1.0
tpcdi_cells,tpcdi_37_num_trades,numeric,near_miss_small,0.75
tpcdi_cells,tpcdi_37_num_trades,numeric,near_miss_medium,0.45
tpcdi_cells,tpcdi_37_num_trades,numeric,near_miss_large,0.15
tpcdi_cells,tpcdi_37_num_trades,numeric,digit_typo,0.2
tpcdi_cells,tpcdi_37_num_trades,numeric,magnitude,0.05
tpcdi_cells,tpcdi_37_num_trades,numeric,sign_flip,0.05
tpcdi_cells,tpcdi_37_num_trades,numeric,wrong_random,0.0
tpcdi_cells,tpcdi_37_num_trades,numeric,no_answer,0.0
tpcdi_cells,tpcdi_37_num_trades,numeric,hedge,0.3
tpcdi_cells,tpcdi_37_num_trades,numeric,list_dump,0.25
tpcdi_cells,tpcdi_37_total_trade_value,numeric,identity,1.0
tpcdi_cells,tpcdi_37_total_trade_value,numeric,verbose,1.0
tpcdi_cells,tpcdi_37_total_trade_value,numeric,tagged,1.0
tpcdi_cells,tpcdi_37_total_trade_value,numeric,paraphrase,0.95
tpcdi_cells,tpcdi_37_total_trade_value,numeric,unit_variant,1.0
tpcdi_cells,tpcdi_37_total_trade_value,numeric,near_miss_small,0.75
tpcdi_cells,tpcdi_37_total_trade_value,numeric,near_miss_medium,0.45
tpcdi_cells,tpcdi_37_total_trade_value,numeric,near_miss_large,0.15
tpcdi_cells,tpcdi_37_total_trade_value,numeric,digit_typo,0.2
tpcdi_cells,tpcdi_37_total_trade_value,numeric,magnitude,0.05
tpcdi_cells,tpcdi_37_total_trade_value,numeric,sign_flip,0.05
tpcdi_cells,tpcdi_37_total_trade_value,numeric,wrong_random,0.0
tpcdi_cells,tpcdi_37_total_trade_value,numeric,no_answer,0.0
tpcdi_cells,tpcdi_37_total_trade_value,numeric,hedge,0.3
tpcdi_cells,tpcdi_37_total_trade_value,numeric,list_dump,0.25
tpcdi_cells,tpcdi_37_total_trade_volume,numeric,identity,1.0
tpcdi_cells,tpcdi_37_total_trade_volume,numeric,verbose,1.0
tpcdi_cells,tpcdi_37_total_trade_volume,numeric,tagged,1.0
tpcdi_cells,tpcdi_37_total_trade_volume,numeric,paraphrase,0.95
tpcdi_cells,tpcdi_37_total_trade_volume,numeric,unit_variant,1.0
tpcdi_cells,tpcdi_37_total_trade_volume,numeric,near_miss_small,0.75
tpcdi_cells,tpcdi_37_total_trade_volume,numeric,near_miss_medium,0.45
tpcdi_cells,tpcdi_37_total_trade_volume,numeric,near_miss_large,0.15
tpcdi_cells,tpcdi_37_total_trade_volume,numeric,digit_typo,0.2
tpcdi_cells,tpcdi_37_total_trade_volume,numeric,magnitude,0.05
tpcdi_cells,tpcdi_37_total_trade_volume,numeric,sign_flip,0.05
tpcdi_cells,tpcdi_37_total_trade_volume,numeric,wrong_random,0.0
tpcdi_cells,tpcdi_37_total_trade_volume,numeric,no_answer,0.0
tpcdi_cells,tpcdi_37_total_trade_volume,numeric,hedge,0.3
tpcdi_cells,tpcdi_37_total_trade_volume,numeric,list_dump,0.25
tpcdi_cells,tpcdi_38_total_trade_value,numeric,identity,1.0
tpcdi_cells,tpcdi_38_total_trade_value,numeric,verbose,1.0
tpcdi_cells,tpcdi_38_total_trade_value,numeric,tagged,1.0
tpcdi_cells,tpcdi_38_total_trade_value,numeric,paraphrase,0.95
tpcdi_cells,tpcdi_38_total_trade_value,numeric,unit_variant,1.0
tpcdi_cells,tpcdi_38_total_trade_value,numeric,near_miss_small,0.75
tpcdi_cells,tpcdi_38_total_trade_value,numeric,near_miss_medium,0.45
tpcdi_cells,tpcdi_38_total_trade_value,numeric,near_miss_large,0.15
tpcdi_cells,tpcdi_38_total_trade_value,numeric,digit_typo,0.2
tpcdi_cells,tpcdi_38_total_trade_value,numeric,magnitude,0.05
tpcdi_cells,tpcdi_38_total_trade_value,numeric,sign_flip,0.05
tpcdi_cells,tpcdi_38_total_trade_value,numeric,wrong_random,0.0
tpcdi_cells,tpcdi_38_total_trade_value,numeric,no_answer,0.0
tpcdi_cells,tpcdi_38_total_trade_value,numeric,hedge,0.3
tpcdi_cells,tpcdi_38_total_trade_value,numeric,list_dump,0.25
tpcdi_cells,tpcdi_39_num_accounts,numeric,identity,1.0
tpcdi_cells,tpcdi_39_num_accounts,numeric,verbose,1.0
tpcdi_cells,tpcdi_39_num_accounts,numeric,tagged,1.0
tpcdi_cells,tpcdi_39_num_accounts,numeric,paraphrase,0.95
tpcdi_cells,tpcdi_39_num_accounts,numeric,unit_variant,1.0
tpcdi_cells,tpcdi_39_num_accounts,numeric,near_miss_small,0.75
tpcdi_cells,tpcdi_39_num_accounts,numeric,near_miss_medium,0.45
tpcdi_cells,tpcdi_39_num_accounts,numeric,near_miss_large,0.15
tpcdi_cells,tpcdi_39_num_accounts,numeric,digit_typo,0.2
tpcdi_cells,tpcdi_39_num_accounts,numeric,magnitude,0.05
tpcdi_cells,tpcdi_39_num_accounts,numeric,sign_flip,0.05
tpcdi_cells,tpcdi_39_num_accounts,numeric,wrong_random,0.0
tpcdi_cells,tpcdi_39_num_accounts,numeric,no_answer,0.0
tpcdi_cells,tpcdi_39_num_accounts,numeric,hedge,0.3
tpcdi_cells,tpcdi_39_num_accounts,numeric,list_dump,0.25
tpcdi_cells,tpcdi_39_num_trades,numeric,identity,1.0
tpcdi_cells,tpcdi_39_num_trades,numeric,verbose,1.0
tpcdi_cells,tpcdi_39_num_trades,numeric,tagged,1.0
tpcdi_cells,tpcdi_39_num_trades,numeric,paraphrase,0.95
tpcdi_cells,tpcdi_39_num_trades,numeric,unit_variant,1.0
tpcdi_cells,tpcdi_39_num_trades,numeric,near_miss_small,0.75
tpcdi_cells,tpcdi_39_num_trades,numeric,near_miss_medium,0.45
tpcdi_cells,tpcdi_39_num_trades,numeric,near_miss_large,0.15
tpcdi_cells,tpcdi_39_num_trades,numeric,digit_typo,0.2
tpcdi_cells,tpcdi_39_num_trades,numeric,magnitude,0.05
tpcdi_cells,tpcdi_39_num_trades,numeric,sign_flip,0.05
tpcdi_cells,tpcdi_39_num_trades,numeric,wrong_random,0.0
tpcdi_cells,tpcdi_39_num_trades,numeric,no_answer,0.0
tpcdi_cells,tpcdi_39_num_trades,numeric,hedge,0.3
tpcdi_cells,tpcdi_39_num_trades,numeric,list_dump,0.25
tpcdi_cells,tpcdi_39_symbols_traded,text,identity,1.0
tpcdi_cells,tpcdi_39_symbols_traded,text,verbose,1.0
tpcdi_cells,tpcdi_39_symbols_traded,text,tagged,1.0
tpcdi_cells,tpcdi_39_symbols_traded,text,paraphrase,0.95
tpcdi_cells,tpcdi_39_symbols_traded,text,partial,0.5
tpcdi_cells,tpcdi_39_symbols_traded,text,superset,0.6
tpcdi_cells,tpcdi_39_symbols_traded,text,typo,0.6
tpcdi_cells,tpcdi_39_symbols_traded,text,wrong_random,0.0
tpcdi_cells,tpcdi_39_symbols_traded,text,no_answer,0.0
tpcdi_cells,tpcdi_39_symbols_traded,text,hedge,0.3
tpcdi_cells,tpcdi_39_symbols_traded,text,list_dump,0.25
tpcdi_cells,tpcdi_3_num_trades,numeric,identity,1.0
tpcdi_cells,tpcdi_3_num_trades,numeric,verbose,1.0
tpcdi_cells,tpcdi_3_num_trades,numeric,tagged,1.0
tpcdi_cells,tpcdi_3_num_trades,numeric,paraphrase,0.95
tpcdi_cells,tpcdi_3_num_trades,numeric,unit_variant,1.0
tpcdi_cells,tpcdi_3_num_trades,numeric,near_miss_small,0.75
tpcdi_cells,tpcdi_3_num_trades,numeric,near_miss_medium,0.45
tpcdi_cells,tpcdi_3_num_trades,numeric,near_miss_large,0.15
tpcdi_cells,tpcdi_3_num_trades,numeric,digit_typo,0.2
tpcdi_cells,tpcdi_3_num_trades,numeric,magnitude,0.05
tpcdi_cells,tpcdi_3_num_trades,numeric,sign_flip,0.05
tpcdi_cells,tpcdi_3_num_trades,numeric,wrong_random,0.0
tpcdi_cells,tpcdi_3_num_trades,numeric,no_answer,0.0
tpcdi_cells,tpcdi_3_num_trades,numeric,hedge,0.3
tpcdi_cells,tpcdi_3_num_trades,numeric,list_dump,0.25
tpcdi_cells,tpcdi_40_total_trade_volume,numeric,identity,1.0
tpcdi_cells,tpcdi_40_total_trade_volume,numeric,verbose,1.0
tpcdi_cells,tpcdi_40_total_trade_volume,numeric,tagged,1.0
tpcdi_cells,tpcdi_40_total_trade_volume,numeric,paraphrase,0.95
tpcdi_cells,tpcdi_40_total_trade_volume,numeric,unit_variant,1.0
tpcdi_cells,tpcdi_40_total_trade_volume,numeric,near_miss_small,0.75
tpcdi_cells,tpcdi_40_total_trade_volume,numeric,near_miss_medium,0.45
tpcdi_cells,tpcdi_40_total_trade_volume,numeric,near_miss_large,0.15
tpcdi_cells,tpcdi_40_total_trade_volume,numeric,digit_typo,0.2
tpcdi_cells,tpcdi_40_total_trade_volume,numeric,magnitude,0.05
tpcdi_cells,tpcdi_40_total_trade_volume,numeric,sign_flip,0.05
tpcdi_cells,tpcdi_40_total_trade_volume,numeric,wrong_random,0.0
tpcdi_cells,tpcdi_40_total_trade_volume,numeric,no_answer,0.0
tpcdi_cells,tpcdi_40_total_trade_volume,numeric,hedge,0.3
tpcdi_cells,tpcdi_40_total_trade_volume,numeric,list_dump,0.25
tpcdi_cells,tpcdi_41_total_trade_value,numeric,identity,1.0
tpcdi_cells,tpcdi_41_total_trade_value,numeric,verbose,1.0
tpcdi_cells,tpcdi_41_total_trade_value,numeric,tagged,1.0
tpcdi_cells,tpcdi_41_total_trade_value,numeric,paraphrase,0.95
tpcdi_cells,tpcdi_41_total_trade_value,numeric,unit_variant,1.0
tpcdi_cells,tpcdi_41_total_trade_value,numeric,near_miss_small,0.75
tpcdi_cells,tpcdi_41_total_trade_value,numeric,near_miss_medium,0.45
tpcdi_cells,tpcdi_41_total_trade_value,numeric,near_miss_large,0.15
tpcdi_cells,tpcdi_41_total_trade_value,numeric,digit_typo,0.2
tpcdi_cells,tpcdi_41_total_trade_value,numeric,magnitude,0.05
tpcdi_cells,tpcdi_41_total_trade_value,numeric,sign_flip,0.05
tpcdi_cells,tpcdi_41_total_trade_value,numeric,wrong_random,0.0
tpcdi_cells,tpcdi_41_total_trade_value,numeric,no_answer,0.0
tpcdi_cells,tpcdi_41_total_trade_value,numeric,hedge,0.3
tpcdi_cells,tpcdi_41_total_trade_value,numeric,list_dump,0.25
tpcdi_cells,tpcdi_42_num_trades,numeric,identity,1.0
tpcdi_cells,tpcdi_42_num_trades,numeric,verbose,1.0
tpcdi_cells,tpcdi_42_num_trades,numeric,tagged,1.0
tpcdi_cells,tpcdi_42_num_trades,numeric,paraphrase,0.95
tpcdi_cells,tpcdi_42_num_trades,numeric,unit_variant,1.0
tpcdi_cells,tpcdi_42_num_trades,numeric,near_miss_small,0.75
tpcdi_cells,tpcdi_42_num_trades,numeric,near_miss_medium,0.45
tpcdi_cells,tpcdi_42_num_trades,numeric,near_miss_large,0.15
tpcdi_cells,tpcdi_42_num_trades,numeric,digit_typo,0.2
tpcdi_cells,tpcdi_42_num_trades,numeric,magnitude,0.05
tpcdi_cells,tpcdi_42_num_trades,numeric,sign_flip,0.05
tpcdi_cells,tpcdi_42_num_trades,numeric,wrong_random,0.0
tpcdi_cells,tpcdi_42_num_trades,numeric,no_answer,0.0
tpcdi_cells,tpcdi_42_num_trades,numeric,hedge,0.3
tpcdi_cells,tpcdi_42_num_trades,numeric,list_dump,0.25
tpcdi_cells,tpcdi_42_total_trade_value,numeric,identity,1.0
tpcdi_cells,tpcdi_42_total_trade_value,numeric,verbose,1.0
tpcdi_cells,tpcdi_42_total_trade_value,numeric,tagged,1.0
tpcdi_cells,tpcdi_42_total_trade_value,numeric,paraphrase,0.95
tpcdi_cells,tpcdi_42_total_trade_value,numeric,unit_variant,1.0
tpcdi_cells,tpcdi_42_total_trade_value,numeric,near_miss_small,0.75
tpcdi_cells,tpcdi_42_total_trade_value,numeric,near_miss_medium,0.45
tpcdi_cells,tpcdi_42_total_trade_value,numeric,near_miss_large,0.15
tpcdi_cells,tpcdi_42_total_trade_value,numeric,digit_typo,0.2
tpcdi_cells,tpcdi_42_total_trade_value,numeric,magnitude,0.05
tpcdi_cells,tpcdi_42_total_trade_value,numeric,sign_flip,0.05
tpcdi_cells,tpcdi_42_total_trade_value,numeric,wrong_random,0.0
tpcdi_cells,tpcdi_42_total_trade_value,numeric,no_answer,0.0
tpcdi_cells,tpcdi_42_total_trade_value,numeric,hedge,0.3
tpcdi_cells,tpcdi_42_total_trade_value,numeric,list_dump,0.25
tpcdi_cells,tpcdi_42_total_trade_volume,numeric,identity,1.0
tpcdi_cells,tpcdi_42_total_trade_volume,numeric,verbose,1.0
tpcdi_cells,tpcdi_42_total_trade_volume,numeric,tagged,1.0
tpcdi_cells,tpcdi_42_total_trade_volume,numeric,paraphrase,0.95
tpcdi_cells,tpcdi_42_total_trade_volume,numeric,unit_variant,1.0
tpcdi_cells,tpcdi_42_total_trade_volume,numeric,near_miss_small,0.75
tpcdi_cells,tpcdi_42_total_trade_volume,numeric,near_miss_medium,0.45
tpcdi_cells,tpcdi_42_total_trade_volume,numeric,near_miss_large,0.15
tpcdi_cells,tpcdi_42_total_trade_volume,numeric,digit_typo,0.2
tpcdi_cells,tpcdi_42_total_trade_volume,numeric,magnitude,0.05
tpcdi_cells,tpcdi_42_total_trade_volume,numeric,sign_flip,0.05
tpcdi_cells,tpcdi_42_total_trade_volume,numeric,wrong_random,0.0
tpcdi_cells,tpcdi_42_total_trade_volume,numeric,no_answer,0.0
tpcdi_cells,tpcdi_42_total_trade_volume,numeric,hedge,0.3
tpcdi_cells,tpcdi_42_total_trade_volume,numeric,list_dump,0.25
tpcdi_cells,tpcdi_43_num_trades,numeric,identity,1.0
tpcdi_cells,tpcdi_43_num_trades,numeric,verbose,1.0
tpcdi_cells,tpcdi_43_num_trades,numeric,tagged,1.0
tpcdi_cells,tpcdi_43_num_trades,numeric,paraphrase,0.95
tpcdi_cells,tpcdi_43_num_trades,numeric,unit_variant,1.0
tpcdi_cells,tpcdi_43_num_trades,numeric,near_miss_small,0.75
tpcdi_cells,tpcdi_43_num_trades,numeric,near_miss_medium,0.45
tpcdi_cells,tpcdi_43_num_trades,numeric,near_miss_large,0.15
tpcdi_cells,tpcdi_43_num_trades,numeric,digit_typo,0.2
tpcdi_cells,tpcdi_43_num_trades,numeric,magnitude,0.05
tpcdi_cells,tpcdi_43_num_trades,numeric,sign_flip,0.05
tpcdi_cells,tpcdi_43_num_trades,numeric,wrong_random,0.0
tpcdi_cells,tpcdi_43_num_trades,numeric,no_answer,0.0
tpcdi_cells,tpcdi_43_num_trades,numeric,hedge,0.3
tpcdi_cells,tpcdi_43_num_trades,numeric,list_dump,0.25
tpcdi_cells,tpcdi_43_symbols_traded,text,identity,1.0
tpcdi_cells,tpcdi_43_symbols_traded,text,verbose,1.0
tpcdi_cells,tpcdi_43_symbols_traded,text,tagged,1.0
tpcdi_cells,tpcdi_43_symbols_traded,text,paraphrase,0.95
tpcdi_cells,tpcdi_43_symbols_traded,text,partial,0.5
tpcdi_cells,tpcdi_43_symbols_traded,text,superset,0.6
tpcdi_cells,tpcdi_43_symbols_traded,text,typo,0.6
tpcdi_cells,tpcdi_43_symbols_traded,text,wrong_random,0.0
tpcdi_cells,tpcdi_43_symbols_traded,text,no_answer,0.0
tpcdi_cells,tpcdi_43_symbols_traded,text,hedge,0.3
tpcdi_cells,tpcdi_43_symbols_traded,text,list_dump,0.25
tpcdi_cells,tpcdi_44_num_accounts,numeric,identity,1.0
tpcdi_cells,tpcdi_44_num_accounts,numeric,verbose,1.0
tpcdi_cells,tpcdi_44_num_accounts,numeric,tagged,1.0
tpcdi_cells,tpcdi_44_num_accounts,numeric,paraphrase,0.95
tpcdi_cells,tpcdi_44_num_accounts,numeric,unit_variant,1.0
tpcdi_cells,tpcdi_44_num_accounts,numeric,near_miss_small,0.75
tpcdi_cells,tpcdi_44_num_accounts,numeric,near_miss_medium,0.45
tpcdi_cells,tpcdi_44_num_accounts,numeric,near_miss_large,0.15
tpcdi_cells,tpcdi_44_num_accounts,numeric,digit_typo,0.2
tpcdi_cells,tpcdi_44_num_accounts,numeric,magnitude,0.05
tpcdi_cells,tpcdi_44_num_accounts,numeric,sign_flip,0.05
tpcdi_cells,tpcdi_44_num_accounts,numeric,wrong_random,0.0
tpcdi_cells,tpcdi_44_num_accounts,numeric,no_answer,0.0
tpcdi_cells,tpcdi_44_num_accounts,numeric,hedge,0.3
tpcdi_cells,tpcdi_44_num_accounts,numeric,list_dump,0.25
tpcdi_cells,tpcdi_44_symbols_traded,text,identity,1.0
tpcdi_cells,tpcdi_44_symbols_traded,text,verbose,1.0
tpcdi_cells,tpcdi_44_symbols_traded,text,tagged,1.0
tpcdi_cells,tpcdi_44_symbols_traded,text,paraphrase,0.95
tpcdi_cells,tpcdi_44_symbols_traded,text,partial,0.5
tpcdi_cells,tpcdi_44_symbols_traded,text,superset,0.6
tpcdi_cells,tpcdi_44_symbols_traded,text,typo,0.6
tpcdi_cells,tpcdi_44_symbols_traded,text,wrong_random,0.0
tpcdi_cells,tpcdi_44_symbols_traded,text,no_answer,0.0
tpcdi_cells,tpcdi_44_symbols_traded,text,hedge,0.3
tpcdi_cells,tpcdi_44_symbols_traded,text,list_dump,0.25
tpcdi_cells,tpcdi_45_total_trade_value,numeric,identity,1.0
tpcdi_cells,tpcdi_45_total_trade_value,numeric,verbose,1.0
tpcdi_cells,tpcdi_45_total_trade_value,numeric,tagged,1.0
tpcdi_cells,tpcdi_45_total_trade_value,numeric,paraphrase,0.95
tpcdi_cells,tpcdi_45_total_trade_value,numeric,unit_variant,1.0
tpcdi_cells,tpcdi_45_total_trade_value,numeric,near_miss_small,0.75
tpcdi_cells,tpcdi_45_total_trade_value,numeric,near_miss_medium,0.45
tpcdi_cells,tpcdi_45_total_trade_value,numeric,near_miss_large,0.15
tpcdi_cells,tpcdi_45_total_trade_value,numeric,digit_typo,0.2
tpcdi_cells,tpcdi_45_total_trade_value,numeric,magnitude,0.05
tpcdi_cells,tpcdi_45_total_trade_value,numeric,sign_flip,0.05
tpcdi_cells,tpcdi_45_total_trade_value,numeric,wrong_random,0.0
tpcdi_cells,tpcdi_45_total_trade_value,numeric,no_answer,0.0
tpcdi_cells,tpcdi_45_total_trade_value,numeric,hedge,0.3
tpcdi_cells,tpcdi_45_total_trade_value,numeric,list_dump,0.25
tpcdi_cells,tpcdi_46_num_accounts,numeric,identity,1.0
tpcdi_cells,tpcdi_46_num_accounts,numeric,verbose,1.0
tpcdi_cells,tpcdi_46_num_accounts,numeric,tagged,1.0
tpcdi_cells,tpcdi_46_num_accounts,numeric,paraphrase,0.95
tpcdi_cells,tpcdi_46_num_accounts,numeric,unit_variant,1.0
tpcdi_cells,tpcdi_46_num_accounts,numeric,near_miss_small,0.75
tpcdi_cells,tpcdi_46_num_accounts,numeric,near_miss_medium,0.45
tpcdi_cells,tpcdi_46_num_accounts,numeric,near_miss_large,0.15
tpcdi_cells,tpcdi_46_num_accounts,numeric,digit_typo,0.2
tpcdi_cells,tpcdi_46_num_accounts,numeric,magnitude,0.05
tpcdi_cells,tpcdi_46_num_accounts,numeric,sign_flip,0.05
tpcdi_cells,tpcdi_46_num_accounts,numeric,wrong_random,0.0
tpcdi_cells,tpcdi_46_num_accounts,numeric,no_answer,0.0
tpcdi_cells,tpcdi_46_num_accounts,numeric,hedge,0.3
tpcdi_cells,tpcdi_46_num_accounts,numeric,list_dump,0.25
tpcdi_cells,tpcdi_46_total_trade_value,numeric,identity,1.0
tpcdi_cells,tpcdi_46_total_trade_value,numeric,verbose,1.0
tpcdi_cells,tpcdi_46_total_trade_value,numeric,tagged,1.0
tpcdi_cells,tpcdi_46_total_trade_value,numeric,paraphrase,0.95
tpcdi_cells,tpcdi_46_total_trade_value,numeric,unit_variant,1.0
tpcdi_cells,tpcdi_46_total_trade_value,numeric,near_miss_small,0.75
tpcdi_cells,tpcdi_46_total_trade_value,numeric,near_miss_medium,0.45
tpcdi_cells,tpcdi_46_total_trade_value,numeric,near_miss_large,0.15
tpcdi_cells,tpcdi_46_total_trade_value,numeric,digit_typo,0.2
tpcdi_cells,tpcdi_46_total_trade_value,numeric,magnitude,0.05
tpcdi_cells,tpcdi_46_total_trade_value,numeric,sign_flip,0.05
tpcdi_cells,tpcdi_46_total_trade_value,numeric,wrong_random,0.0
tpcdi_cells,tpcdi_46_total_trade_value,numeric,no_answer,0.0
tpcdi_cells,tpcdi_46_total_trade_value,numeric,hedge,0.3
tpcdi_cells,tpcdi_46_total_trade_value,numeric,list_dump,0.25
tpcdi_cells,tpcdi_47_num_accounts,numeric,identity,1.0
tpcdi_cells,tpcdi_47_num_accounts,numeric,verbose,1.0
tpcdi_cells,tpcdi_47_num_accounts,numeric,tagged,1.0
tpcdi_cells,tpcdi_47_num_accounts,numeric,paraphrase,0.95
tpcdi_cells,tpcdi_47_num_accounts,numeric,unit_variant,1.0
tpcdi_cells,tpcdi_47_num_accounts,numeric,near_miss_small,0.75
tpcdi_cells,tpcdi_47_num_accounts,numeric,near_miss_medium,0.45
tpcdi_cells,tpcdi_47_num_accounts,numeric,near_miss_large,0.15
tpcdi_cells,tpcdi_47_num_accounts,numeric,digit_typo,0.2
tpcdi_cells,tpcdi_47_num_accounts,numeric,magnitude,0.05
tpcdi_cells,tpcdi_47_num_accounts,numeric,sign_flip,0.05
tpcdi_cells,tpcdi_47_num_accounts,numeric,wrong_random,0.0
tpcdi_cells,tpcdi_47_num_accounts,numeric,no_answer,0.0
tpcdi_cells,tpcdi_47_num_accounts,numeric,hedge,0.3
tpcdi_cells,tpcdi_47_num_accounts,numeric,list_dump,0.25
tpcdi_cells,tpcdi_47_total_balance,numeric,identity,1.0
tpcdi_cells,tpcdi_47_total_balance,numeric,verbose,1.0
tpcdi_cells,tpcdi_47_total_balance,numeric,tagged,1.0
tpcdi_cells,tpcdi_47_total_balance,numeric,paraphrase,0.95
tpcdi_cells,tpcdi_47_total_balance,numeric,unit_variant,1.0
tpcdi_cells,tpcdi_47_total_balance,numeric,near_miss_small,0.75
tpcdi_cells,tpcdi_47_total_balance,numeric,near_miss_medium,0.45
tpcdi_cells,tpcdi_47_total_balance,numeric,near_miss_large,0.15
tpcdi_cells,tpcdi_47_total_balance,numeric,digit_typo,0.2
tpcdi_cells,tpcdi_47_total_balance,numeric,magnitude,0.05
tpcdi_cells,tpcdi_47_total_balance,numeric,sign_flip,0.05
tpcdi_cells,tpcdi_47_total_balance,numeric,wrong_random,0.0
tpcdi_cells,tpcdi_47_total_balance,numeric,no_answer,0.0
tpcdi_cells,tpcdi_47_total_balance,numeric,hedge,0.3
tpcdi_cells,tpcdi_47_total_balance,numeric,list_dump,0.25
tpcdi_cells,tpcdi_48_symbols_traded,text,identity,1.0
tpcdi_cells,tpcdi_48_symbols_traded,text,verbose,1.0
tpcdi_cells,tpcdi_48_symbols_traded,text,tagged,1.0
tpcdi_cells,tpcdi_48_symbols_traded,text,paraphrase,0.95
tpcdi_cells,tpcdi_48_symbols_traded,text,partial,0.5
tpcdi_cells,tpcdi_48_symbols_traded,text,superset,0.6
tpcdi_cells,tpcdi_48_symbols_traded,text,typo,0.6
tpcdi_cells,tpcdi_48_symbols_traded,text,wrong_random,0.0
tpcdi_cells,tpcdi_48_symbols_traded,text,no_answer,0.0
tpcdi_cells,tpcdi_48_symbols_traded,text,hedge,0.3
tpcdi_cells,tpcdi_48_symbols_traded,text,list_dump,0.25
tpcdi_cells,tpcdi_49_symbols_traded,text,identity,1.0
tpcdi_cells,tpcdi_49_symbols_traded,text,verbose,1.0
tpcdi_cells,tpcdi_49_symbols_traded,text,tagged,1.0
tpcdi_cells,tpcdi_49_symbols_traded,text,paraphrase,0.95
tpcdi_cells,tpcdi_49_symbols_traded,text,partial,0.5
tpcdi_cells,tpcdi_49_symbols_traded,text,superset,0.6
tpcdi_cells,tpcdi_49_symbols_traded,text,typo,0.6
tpcdi_cells,tpcdi_49_symbols_traded,text,wrong_random,0.0
tpcdi_cells,tpcdi_49_symbols_traded,text,no_answer,0.0
tpcdi_cells,tpcdi_49_symbols_traded,text,hedge,0.3
tpcdi_cells,tpcdi_49_symbols_traded,text,list_dump,0.25
tpcdi_cells,tpcdi_50_symbols_traded,text,identity,1.0
tpcdi_cells,tpcdi_50_symbols_traded,text,verbose,1.0
tpcdi_cells,tpcdi_50_symbols_traded,text,tagged,1.0
tpcdi_cells,tpcdi_50_symbols_traded,text,paraphrase,0.95
tpcdi_cells,tpcdi_50_symbols_traded,text,partial,0.5
tpcdi_cells,tpcdi_50_symbols_traded,text,superset,0.6
tpcdi_cells,tpcdi_50_symbols_traded,text,typo,0.6
tpcdi_cells,tpcdi_50_symbols_traded,text,wrong_random,0.0
tpcdi_cells,tpcdi_50_symbols_traded,text,no_answer,0.0
tpcdi_cells,tpcdi_50_symbols_traded,text,hedge,0.3
tpcdi_cells,tpcdi_50_symbols_traded,text,list_dump,0.25
tpcdi_cells,tpcdi_50_total_balance,numeric,identity,1.0
tpcdi_cells,tpcdi_50_total_balance,numeric,verbose,1.0
tpcdi_cells,tpcdi_50_total_balance,numeric,tagged,1.0
tpcdi_cells,tpcdi_50_total_balance,numeric,paraphrase,0.95
tpcdi_cells,tpcdi_50_total_balance,numeric,unit_variant,1.0
tpcdi_cells,tpcdi_50_total_balance,numeric,near_miss_small,0.75
tpcdi_cells,tpcdi_50_total_balance,numeric,near_miss_medium,0.45
tpcdi_cells,tpcdi_50_total_balance,numeric,near_miss_large,0.15
tpcdi_cells,tpcdi_50_total_balance,numeric,digit_typo,0.2
tpcdi_cells,tpcdi_50_total_balance,numeric,magnitude,0.05
tpcdi_cells,tpcdi_50_total_balance,numeric,sign_flip,0.05
tpcdi_cells,tpcdi_50_total_balance,numeric,wrong_random,0.0
tpcdi_cells,tpcdi_50_total_balance,numeric,no_answer,0.0
tpcdi_cells,tpcdi_50_total_balance,numeric,hedge,0.3
tpcdi_cells,tpcdi_50_total_balance,numeric,list_dump,0.25
tpcdi_cells,tpcdi_50_total_trade_volume,numeric,identity,1.0
tpcdi_cells,tpcdi_50_total_trade_volume,numeric,verbose,1.0
tpcdi_cells,tpcdi_50_total_trade_volume,numeric,tagged,1.0
tpcdi_cells,tpcdi_50_total_trade_volume,numeric,paraphrase,0.95
tpcdi_cells,tpcdi_50_total_trade_volume,numeric,unit_variant,1.0
tpcdi_cells,tpcdi_50_total_trade_volume,numeric,near_miss_small,0.75
tpcdi_cells,tpcdi_50_total_trade_volume,numeric,near_miss_medium,0.45
tpcdi_cells,tpcdi_50_total_trade_volume,numeric,near_miss_large,0.15
tpcdi_cells,tpcdi_50_total_trade_volume,numeric,digit_typo,0.2
tpcdi_cells,tpcdi_50_total_trade_volume,numeric,magnitude,0.05
tpcdi_cells,tpcdi_50_total_trade_volume,numeric,sign_flip,0.05
tpcdi_cells,tpcdi_50_total_trade_volume,numeric,wrong_random,0.0
tpcdi_cells,tpcdi_50_total_trade_volume,numeric,no_answer,0.0
tpcdi_cells,tpcdi_50_total_trade_volume,numeric,hedge,0.3
tpcdi_cells,tpcdi_50_total_trade_volume,numeric,list_dump,0.25
tpcdi_cells,tpcdi_51_total_balance,numeric,identity,1.0
tpcdi_cells,tpcdi_51_total_balance,numeric,verbose,1.0
tpcdi_cells,tpcdi_51_total_balance,numeric,tagged,1.0
tpcdi_cells,tpcdi_51_total_balance,numeric,paraphrase,0.95
tpcdi_cells,tpcdi_51_total_balance,numeric,unit_variant,1.0
tpcdi_cells,tpcdi_51_total_balance,numeric,near_miss_small,0.75
tpcdi_cells,tpcdi_51_total_balance,numeric,near_miss_medium,0.45
tpcdi_cells,tpcdi_51_total_balance,numeric,near_miss_large,0.15
tpcdi_cells,tpcdi_51_total_balance,numeric,digit_typo,0.2
tpcdi_cells,tpcdi_51_total_balance,numeric,magnitude,0.05
tpcdi_cells,tpcdi_51_total_balance,numeric,sign_flip,0.05
tpcdi_cells,tpcdi_51_total_balance,numeric,wrong_random,0.0
tpcdi_cells,tpcdi_51_total_balance,numeric,no_answer,0.0
tpcdi_cells,tpcdi_51_total_balance,numeric,hedge,0.3
tpcdi_cells,tpcdi_51_total_balance,numeric,list_dump,0.25
tpcdi_cells,tpcdi_52_num_trades,numeric,identity,1.0
tpcdi_cells,tpcdi_52_num_trades,numeric,verbose,1.0
tpcdi_cells,tpcdi_52_num_trades,numeric,tagged,1.0
tpcdi_cells,tpcdi_52_num_trades,numeric,paraphrase,0.95
tpcdi_cells,tpcdi_52_num_trades,numeric,unit_variant,1.0
tpcdi_cells,tpcdi_52_num_trades,numeric,near_miss_small,0.75
tpcdi_cells,tpcdi_52_num_trades,numeric,near_miss_medium,0.45
tpcdi_cells,tpcdi_52_num_trades,numeric,near_miss_large,0.15
tpcdi_cells,tpcdi_52_num_trades,numeric,digit_typo,0.2
tpcdi_cells,tpcdi_52_num_trades,numeric,magnitude,0.05
tpcdi_cells,tpcdi_52_num_trades,numeric,sign_flip,0.05
tpcdi_cells,tpcdi_52_num_trades,numeric,wrong_random,0.0
tpcdi_cells,tpcdi_52_num_trades,numeric,no_answer,0.0
tpcdi_cells,tpcdi_52_num_trades,numeric,hedge,0.3
tpcdi_cells,tpcdi_52_num_trades,numeric,list_dump,0.25
tpcdi_cells,tpcdi_53_num_accounts,numeric,identity,1.0
tpcdi_cells,tpcdi_53_num_accounts,numeric,verbose,1.0
tpcdi_cells,tpcdi_53_num_accounts,numeric,tagged,1.0
tpcdi_cells,tpcdi_53_num_accounts,numeric,paraphrase,0.95
tpcdi_cells,tpcdi_53_num_accounts,numeric,unit_variant,1.0
tpcdi_cells,tpcdi_53_num_accounts,numeric,near_miss_small,0.75
tpcdi_cells,tpcdi_53_num_accounts,numeric,near_miss_medium,0.45
tpcdi_cells,tpcdi_53_num_accounts,numeric,near_miss_large,0.15
tpcdi_cells,tpcdi_53_num_accounts,numeric,digit_typo,0.2
tpcdi_cells,tpcdi_53_num_accounts,numeric,magnitude,0.05
tpcdi_cells,tpcdi_53_num_accounts,numeric,sign_flip,0.05
tpcdi_cells,tpcdi_53_num_accounts,numeric,wrong_random,0.0
tpcdi_cells,tpcdi_53_num_accounts,numeric,no_answer,0.0
tpcdi_cells,tpcdi_53_num_accounts,numeric,hedge,0.3
tpcdi_cells,tpcdi_53_num_accounts,numeric,list_dump,0.25
tpcdi_cells,tpcdi_53_total_trade_volume,numeric,identity,1.0
tpcdi_cells,tpcdi_53_total_trade_volume,numeric,verbose,1.0
tpcdi_cells,tpcdi_53_total_trade_volume,numeric,tagged,1.0
tpcdi_cells,tpcdi_53_total_trade_volume,numeric,paraphrase,0.95
tpcdi_cells,tpcdi_53_total_trade_volume,numeric,unit_variant,1.0
tpcdi_cells,tpcdi_53_total_trade_volume,numeric,near_miss_small,0.75
tpcdi_cells,tpcdi_53_total_trade_volume,numeric,near_miss_medium,0.45
tpcdi_cells,tpcdi_53_total_trade_volume,numeric,near_miss_large,0.15
tpcdi_cells,tpcdi_53_total_trade_volume,numeric,digit_typo,0.2
tpcdi_cells,tpcdi_53_total_trade_volume,numeric,magnitude,0.05
tpcdi_cells,tpcdi_53_total_trade_volume,numeric,sign_flip,0.05
tpcdi_cells,tpcdi_53_total_trade_volume,numeric,wrong_random,0.0
tpcdi_cells,tpcdi_53_total_trade_volume,numeric,no_answer,0.0
tpcdi_cells,tpcdi_53_total_trade_volume,numeric,hedge,0.3
tpcdi_cells,tpcdi_53_total_trade_volume,numeric,list_dump,0.25
tpcdi_cells,tpcdi_54_total_trade_value,numeric,identity,1.0
tpcdi_cells,tpcdi_54_total_trade_value,numeric,verbose,1.0
tpcdi_cells,tpcdi_54_total_trade_value,numeric,tagged,1.0
tpcdi_cells,tpcdi_54_total_trade_value,numeric,paraphrase,0.95
tpcdi_cells,tpcdi_54_total_trade_value,numeric,unit_variant,1.0
tpcdi_cells,tpcdi_54_total_trade_value,numeric,near_miss_small,0.75
tpcdi_cells,tpcdi_54_total_trade_value,numeric,near_miss_medium,0.45
tpcdi_cells,tpcdi_54_total_trade_value,numeric,near_miss_large,0.15
tpcdi_cells,tpcdi_54_total_trade_value,numeric,digit_typo,0.2
tpcdi_cells,tpcdi_54_total_trade_value,numeric,magnitude,0.05
tpcdi_cells,tpcdi_54_total_trade_value,numeric,sign_flip,0.05
tpcdi_cells,tpcdi_54_total_trade_value,numeric,wrong_random,0.0
tpcdi_cells,tpcdi_54_total_trade_value,numeric,no_answer,0.0
tpcdi_cells,tpcdi_54_total_trade_value,numeric,hedge,0.3
tpcdi_cells,tpcdi_54_total_trade_value,numeric,list_dump,0.25
tpcdi_cells,tpcdi_55_num_trades,numeric,identity,1.0
tpcdi_cells,tpcdi_55_num_trades,numeric,verbose,1.0
tpcdi_cells,tpcdi_55_num_trades,numeric,tagged,1.0
tpcdi_cells,tpcdi_55_num_trades,numeric,paraphrase,0.95
tpcdi_cells,tpcdi_55_num_trades,numeric,unit_variant,1.0
tpcdi_cells,tpcdi_55_num_trades,numeric,near_miss_small,0.75
tpcdi_cells,tpcdi_55_num_trades,numeric,near_miss_medium,0.45
tpcdi_cells,tpcdi_55_num_trades,numeric,near_miss_large,0.15
tpcdi_cells,tpcdi_55_num_trades,numeric,digit_typo,0.2
tpcdi_cells,tpcdi_55_num_trades,numeric,magnitude,0.05
tpcdi_cells,tpcdi_55_num_trades,numeric,sign_flip,0.05
tpcdi_cells,tpcdi_55_num_trades,numeric,wrong_random,0.0
tpcdi_cells,tpcdi_55_num_trades,numeric,no_answer,0.0
tpcdi_cells,tpcdi_55_num_trades,numeric,hedge,0.3
tpcdi_cells,tpcdi_55_num_trades,numeric,list_dump,0.25
tpcdi_cells,tpcdi_56_num_accounts,numeric,identity,1.0
tpcdi_cells,tpcdi_56_num_accounts,numeric,verbose,1.0
tpcdi_cells,tpcdi_56_num_accounts,numeric,tagged,1.0
tpcdi_cells,tpcdi_56_num_accounts,numeric,paraphrase,0.95
tpcdi_cells,tpcdi_56_num_accounts,numeric,unit_variant,1.0
tpcdi_cells,tpcdi_56_num_accounts,numeric,near_miss_small,0.75
tpcdi_cells,tpcdi_56_num_accounts,numeric,near_miss_medium,0.45
tpcdi_cells,tpcdi_56_num_accounts,numeric,near_miss_large,0.15
tpcdi_cells,tpcdi_56_num_accounts,numeric,digit_typo,0.2
tpcdi_cells,tpcdi_56_num_accounts,numeric,magnitude,0.05
tpcdi_cells,tpcdi_56_num_accounts,numeric,sign_flip,0.05
tpcdi_cells,tpcdi_56_num_accounts,numeric,wrong_random,0.0
tpcdi_cells,tpcdi_56_num_accounts,numeric,no_answer,0.0
tpcdi_cells,tpcdi_56_num_accounts,numeric,hedge,0.3
tpcdi_cells,tpcdi_56_num_accounts,numeric,list_dump,0.25
tpcdi_cells,tpcdi_56_num_trades,numeric,identity,1.0
tpcdi_cells,tpcdi_56_num_trades,numeric,verbose,1.0
tpcdi_cells,tpcdi_56_num_trades,numeric,tagged,1.0
tpcdi_cells,tpcdi_56_num_trades,numeric,paraphrase,0.95
tpcdi_cells,tpcdi_56_num_trades,numeric,unit_variant,1.0
tpcdi_cells,tpcdi_56_num_trades,numeric,near_miss_small,0.75
tpcdi_cells,tpcdi_56_num_trades,numeric,near_miss_medium,0.45
tpcdi_cells,tpcdi_56_num_trades,numeric,near_miss_large,0.15
tpcdi_cells,tpcdi_56_num_trades,numeric,digit_typo,0.2
tpcdi_cells,tpcdi_56_num_trades,numeric,magnitude,0.05
tpcdi_cells,tpcdi_56_num_trades,numeric,sign_flip,0.05
tpcdi_cells,tpcdi_56_num_trades,numeric,wrong_random,0.0
tpcdi_cells,tpcdi_56_num_trades,numeric,no_answer,0.0
tpcdi_cells,tpcdi_56_num_trades,numeric,hedge,0.3
tpcdi_cells,tpcdi_56_num_trades,numeric,list_dump,0.25
tpcdi_cells,tpcdi_56_total_balance,numeric,identity,1.0
tpcdi_cells,tpcdi_56_total_balance,numeric,verbose,1.0
tpcdi_cells,tpcdi_56_total_balance,numeric,tagged,1.0
tpcdi_cells,tpcdi_56_total_balance,numeric,paraphrase,0.95
tpcdi_cells,tpcdi_56_total_balance,numeric,unit_variant,1.0
tpcdi_cells,tpcdi_56_total_balance,numeric,near_miss_small,0.75
tpcdi_cells,tpcdi_56_total_balance,numeric,near_miss_medium,0.45
tpcdi_cells,tpcdi_56_total_balance,numeric,near_miss_large,0.15
tpcdi_cells,tpcdi_56_total_balance,numeric,digit_typo,0.2
tpcdi_cells,tpcdi_56_total_balance,numeric,magnitude,0.05
tpcdi_cells,tpcdi_56_total_balance,numeric,sign_flip,0.05
tpcdi_cells,tpcdi_56_total_balance,numeric,wrong_random,0.0
tpcdi_cells,tpcdi_56_total_balance,numeric,no_answer,0.0
tpcdi_cells,tpcdi_56_total_balance,numeric,hedge,0.3
tpcdi_cells,tpcdi_56_total_balance,numeric,list_dump,0.25
tpcdi_cells,tpcdi_57_total_balance,numeric,identity,1.0
tpcdi_cells,tpcdi_57_total_balance,numeric,verbose,1.0
tpcdi_cells,tpcdi_57_total_balance,numeric,tagged,1.0
tpcdi_cells,tpcdi_57_total_balance,numeric,paraphrase,0.95
tpcdi_cells,tpcdi_57_total_balance,numeric,unit_variant,1.0
tpcdi_cells,tpcdi_57_total_balance,numeric,near_miss_small,0.75
tpcdi_cells,tpcdi_57_total_balance,numeric,near_miss_medium,0.45
tpcdi_cells,tpcdi_57_total_balance,numeric,near_miss_large,0.15
tpcdi_cells,tpcdi_57_total_balance,numeric,digit_typo,0.2
tpcdi_cells,tpcdi_57_total_balance,numeric,magnitude,0.05
tpcdi_cells,tpcdi_57_total_balance,numeric,sign_flip,0.05
tpcdi_cells,tpcdi_57_total_balance,numeric,wrong_random,0.0
tpcdi_cells,tpcdi_57_total_balance,numeric,no_answer,0.0
tpcdi_cells,tpcdi_57_total_balance,numeric,hedge,0.3
tpcdi_cells,tpcdi_57_total_balance,numeric,list_dump,0.25
tpcdi_cells,tpcdi_58_total_trade_volume,numeric,identity,1.0
tpcdi_cells,tpcdi_58_total_trade_volume,numeric,verbose,1.0
tpcdi_cells,tpcdi_58_total_trade_volume,numeric,tagged,1.0
tpcdi_cells,tpcdi_58_total_trade_volume,numeric,paraphrase,0.95
tpcdi_cells,tpcdi_58_total_trade_volume,numeric,unit_variant,1.0
tpcdi_cells,tpcdi_58_total_trade_volume,numeric,near_miss_small,0.75
tpcdi_cells,tpcdi_58_total_trade_volume,numeric,near_miss_medium,0.45
tpcdi_cells,tpcdi_58_total_trade_volume,numeric,near_miss_large,0.15
tpcdi_cells,tpcdi_58_total_trade_volume,numeric,digit_typo,0.2
tpcdi_cells,tpcdi_58_total_trade_volume,numeric,magnitude,0.05
tpcdi_cells,tpcdi_58_total_trade_volume,numeric,sign_flip,0.05
tpcdi_cells,tpcdi_58_total_trade_volume,numeric,wrong_random,0.0
tpcdi_cells,tpcdi_58_total_trade_volume,numeric,no_answer,0.0
tpcdi_cells,tpcdi_58_total_trade_volume,numeric,hedge,0.3
tpcdi_cells,tpcdi_58_total_trade_volume,numeric,list_dump,0.25
tpcdi_cells,tpcdi_59_total_balance,numeric,identity,1.0
tpcdi_cells,tpcdi_59_total_balance,numeric,verbose,1.0
tpcdi_cells,tpcdi_59_total_balance,numeric,tagged,1.0
tpcdi_cells,tpcdi_59_total_balance,numeric,paraphrase,0.95
tpcdi_cells,tpcdi_59_total_balance,numeric,unit_variant,1.0
tpcdi_cells,tpcdi_59_total_balance,numeric,near_miss_small,0.75
tpcdi_cells,tpcdi_59_total_balance,numeric,near_miss_medium,0.45
tpcdi_cells,tpcdi_59_total_balance,numeric,near_miss_large,0.15
tpcdi_cells,tpcdi_59_total_balance,numeric,digit_typo,0.2
tpcdi_cells,tpcdi_59_total_balance,numeric,magnitude,0.05
tpcdi_cells,tpcdi_59_total_balance,numeric,sign_flip,0.05
tpcdi_cells,tpcdi_59_total_balance,numeric,wrong_random,0.0
tpcdi_cells,tpcdi_59_total_balance,numeric,no_answer,0.0
tpcdi_cells,tpcdi_59_total_balance,numeric,hedge,0.3
tpcdi_cells,tpcdi_59_total_balance,numeric,list_dump,0.25
tpcdi_cells,tpcdi_59_total_trade_value,numeric,identity,1.0
tpcdi_cells,tpcdi_59_total_trade_value,numeric,verbose,1.0
tpcdi_cells,tpcdi_59_total_trade_value,numeric,tagged,1.0
tpcdi_cells,tpcdi_59_total_trade_value,numeric,paraphrase,0.95
tpcdi_cells,tpcdi_59_total_trade_value,numeric,unit_variant,1.0
tpcdi_cells,tpcdi_59_total_trade_value,numeric,near_miss_small,0.75
tpcdi_cells,tpcdi_59_total_trade_value,numeric,near_miss_medium,0.45
tpcdi_cells,tpcdi_59_total_trade_value,numeric,near_miss_large,0.15
tpcdi_cells,tpcdi_59_total_trade_value,numeric,digit_typo,0.2
tpcdi_cells,tpcdi_59_total_trade_value,numeric,magnitude,0.05
tpcdi_cells,tpcdi_59_total_trade_value,numeric,sign_flip,0.05
tpcdi_cells,tpcdi_59_total_trade_value,numeric,wrong_random,0.0
tpcdi_cells,tpcdi_59_total_trade_value,numeric,no_answer,0.0
tpcdi_cells,tpcdi_59_total_trade_value,numeric,hedge,0.3
tpcdi_cells,tpcdi_59_total_trade_value,numeric,list_dump,0.25
tpcdi_cells,tpcdi_59_total_trade_volume,numeric,identity,1.0
tpcdi_cells,tpcdi_59_total_trade_volume,numeric,verbose,1.0
tpcdi_cells,tpcdi_59_total_trade_volume,numeric,tagged,1.0
tpcdi_cells,tpcdi_59_total_trade_volume,numeric,paraphrase,0.95
tpcdi_cells,tpcdi_59_total_trade_volume,numeric,unit_variant,1.0
tpcdi_cells,tpcdi_59_total_trade_volume,numeric,near_miss_small,0.75
tpcdi_cells,tpcdi_59_total_trade_volume,numeric,near_miss_medium,0.45
tpcdi_cells,tpcdi_59_total_trade_volume,numeric,near_miss_large,0.15
tpcdi_cells,tpcdi_59_total_trade_volume,numeric,digit_typo,0.2
tpcdi_cells,tpcdi_59_total_trade_volume,numeric,magnitude,0.05
tpcdi_cells,tpcdi_59_total_trade_volume,numeric,sign_flip,0.05
tpcdi_cells,tpcdi_59_total_trade_volume,numeric,wrong_random,0.0
tpcdi_cells,tpcdi_59_total_trade_volume,numeric,no_answer,0.0
tpcdi_cells,tpcdi_59_total_trade_volume,numeric,hedge,0.3
tpcdi_cells,tpcdi_59_total_trade_volume,numeric,list_dump,0.25
tpcdi_cells,tpcdi_61_total_trade_value,numeric,identity,1.0
tpcdi_cells,tpcdi_61_total_trade_value,numeric,verbose,1.0
tpcdi_cells,tpcdi_61_total_trade_value,numeric,tagged,1.0
tpcdi_cells,tpcdi_61_total_trade_value,numeric,paraphrase,0.95
tpcdi_cells,tpcdi_61_total_trade_value,numeric,unit_variant,1.0
tpcdi_cells,tpcdi_61_total_trade_value,numeric,near_miss_small,0.75
tpcdi_cells,tpcdi_61_total_trade_value,numeric,near_miss_medium,0.45
tpcdi_cells,tpcdi_61_total_trade_value,numeric,near_miss_large,0.15
tpcdi_cells,tpcdi_61_total_trade_value,numeric,digit_typo,0.2
tpcdi_cells,tpcdi_61_total_trade_value,numeric,magnitude,0.05
tpcdi_cells,tpcdi_61_total_trade_value,numeric,sign_flip,0.05
tpcdi_cells,tpcdi_61_total_trade_value,numeric,wrong_random,0.0
tpcdi_cells,tpcdi_61_total_trade_value,numeric,no_answer,0.0
tpcdi_cells,tpcdi_61_total_trade_value,numeric,hedge,0.3
tpcdi_cells,tpcdi_61_total_trade_value,numeric,list_dump,0.25
tpcdi_cells,tpcdi_62_num_trades,numeric,identity,1.0
tpcdi_cells,tpcdi_62_num_trades,numeric,verbose,1.0
tpcdi_cells,tpcdi_62_num_trades,numeric,tagged,1.0
tpcdi_cells,tpcdi_62_num_trades,numeric,paraphrase,0.95
tpcdi_cells,tpcdi_62_num_trades,numeric,unit_variant,1.0
tpcdi_cells,tpcdi_62_num_trades,numeric,near_miss_small,0.75
tpcdi_cells,tpcdi_62_num_trades,numeric,near_miss_medium,0.45
tpcdi_cells,tpcdi_62_num_trades,numeric,near_miss_large,0.15
tpcdi_cells,tpcdi_62_num_trades,numeric,digit_typo,0.2
tpcdi_cells,tpcdi_62_num_trades,numeric,magnitude,0.05
tpcdi_cells,tpcdi_62_num_trades,numeric,sign_flip,0.05
tpcdi_cells,tpcdi_62_num_trades,numeric,wrong_random,0.0
tpcdi_cells,tpcdi_62_num_trades,numeric,no_answer,0.0
tpcdi_cells,tpcdi_62_num_trades,numeric,hedge,0.3
tpcdi_cells,tpcdi_62_num_trades,numeric,list_dump,0.25
tpcdi_cells,tpcdi_63_num_accounts,numeric,identity,1.0
tpcdi_cells,tpcdi_63_num_accounts,numeric,verbose,1.0
tpcdi_cells,tpcdi_63_num_accounts,numeric,tagged,1.0
tpcdi_cells,tpcdi_63_num_accounts,numeric,paraphrase,0.95
tpcdi_cells,tpcdi_63_num_accounts,numeric,unit_variant,1.0
tpcdi_cells,tpcdi_63_num_accounts,numeric,near_miss_small,0.75
tpcdi_cells,tpcdi_63_num_accounts,numeric,near_miss_medium,0.45
tpcdi_cells,tpcdi_63_num_accounts,numeric,near_miss_large,0.15
tpcdi_cells,tpcdi_63_num_accounts,numeric,digit_typo,0.2
tpcdi_cells,tpcdi_63_num_accounts,numeric,magnitude,0.05
tpcdi_cells,tpcdi_63_num_accounts,numeric,sign_flip,0.05
tpcdi_cells,tpcdi_63_num_accounts,numeric,wrong_random,0.0
tpcdi_cells,tpcdi_63_num_accounts,numeric,no_answer,0.0
tpcdi_cells,tpcdi_63_num_accounts,numeric,hedge,0.3
tpcdi_cells,tpcdi_63_num_accounts,numeric,list_dump,0.25
tpcdi_cells,tpcdi_63_total_trade_value,numeric,identity,1.0
tpcdi_cells,tpcdi_63_total_trade_value,numeric,verbose,1.0
tpcdi_cells,tpcdi_63_total_trade_value,numeric,tagged,1.0
tpcdi_cells,tpcdi_63_total_trade_value,numeric,paraphrase,0.95
tpcdi_cells,tpcdi_63_total_trade_value,numeric,unit_variant,1.0
tpcdi_cells,tpcdi_63_total_trade_value,numeric,near_miss_small,0.75
tpcdi_cells,tpcdi_63_total_trade_value,numeric,near_miss_medium,0.45
tpcdi_cells,tpcdi_63_total_trade_value,numeric,near_miss_large,0.15
tpcdi_cells,tpcdi_63_total_trade_value,numeric,digit_typo,0.2
tpcdi_cells,tpcdi_63_total_trade_value,numeric,magnitude,0.05
tpcdi_cells,tpcdi_63_total_trade_value,numeric,sign_flip,0.05
tpcdi_cells,tpcdi_63_total_trade_value,numeric,wrong_random,0.0
tpcdi_cells,tpcdi_63_total_trade_value,numeric,no_answer,0.0
tpcdi_cells,tpcdi_63_total_trade_value,numeric,hedge,0.3
tpcdi_cells,tpcdi_63_total_trade_value,numeric,list_dump,0.25
tpcdi_cells,tpcdi_64_num_accounts,numeric,identity,1.0
tpcdi_cells,tpcdi_64_num_accounts,numeric,verbose,1.0
tpcdi_cells,tpcdi_64_num_accounts,numeric,tagged,1.0
tpcdi_cells,tpcdi_64_num_accounts,numeric,paraphrase,0.95
tpcdi_cells,tpcdi_64_num_accounts,numeric,unit_variant,1.0
tpcdi_cells,tpcdi_64_num_accounts,numeric,near_miss_small,0.75
tpcdi_cells,tpcdi_64_num_accounts,numeric,near_miss_medium,0.45
tpcdi_cells,tpcdi_64_num_accounts,numeric,near_miss_large,0.15
tpcdi_cells,tpcdi_64_num_accounts,numeric,digit_typo,0.2
tpcdi_cells,tpcdi_64_num_accounts,numeric,magnitude,0.05
tpcdi_cells,tpcdi_64_num_accounts,numeric,sign_flip,0.05
tpcdi_cells,tpcdi_64_num_accounts,numeric,wrong_random,0.0
tpcdi_cells,tpcdi_64_num_accounts,numeric,no_answer,0.0
tpcdi_cells,tpcdi_64_num_accounts,numeric,hedge,0.3
tpcdi_cells,tpcdi_64_num_accounts,numeric,list_dump,0.25
tpcdi_cells,tpcdi_65_total_balance,numeric,identity,1.0
tpcdi_cells,tpcdi_65_total_balance,numeric,verbose,1.0
tpcdi_cells,tpcdi_65_total_balance,numeric,tagged,1.0
tpcdi_cells,tpcdi_65_total_balance,numeric,paraphrase,0.95
tpcdi_cells,tpcdi_65_total_balance,numeric,unit_variant,1.0
tpcdi_cells,tpcdi_65_total_balance,numeric,near_miss_small,0.75
tpcdi_cells,tpcdi_65_total_balance,numeric,near_miss_medium,0.45
tpcdi_cells,tpcdi_65_total_balance,numeric,near_miss_large,0.15
tpcdi_cells,tpcdi_65_total_balance,numeric,digit_typo,0.2
tpcdi_cells,tpcdi_65_total_balance,numeric,magnitude,0.05
tpcdi_cells,tpcdi_65_total_balance,numeric,sign_flip,0.05
tpcdi_cells,tpcdi_65_total_balance,numeric,wrong_random,0.0
tpcdi_cells,tpcdi_65_total_balance,numeric,no_answer,0.0
tpcdi_cells,tpcdi_65_total_balance,numeric,hedge,0.3
tpcdi_cells,tpcdi_65_total_balance,numeric,list_dump,0.25
tpcdi_cells,tpcdi_65_total_trade_value,numeric,identity,1.0
tpcdi_cells,tpcdi_65_total_trade_value,numeric,verbose,1.0
tpcdi_cells,tpcdi_65_total_trade_value,numeric,tagged,1.0
tpcdi_cells,tpcdi_65_total_trade_value,numeric,paraphrase,0.95
tpcdi_cells,tpcdi_65_total_trade_value,numeric,unit_variant,1.0
tpcdi_cells,tpcdi_65_total_trade_value,numeric,near_miss_small,0.75
tpcdi_cells,tpcdi_65_total_trade_value,numeric,near_miss_medium,0.45
tpcdi_cells,tpcdi_65_total_trade_value,numeric,near_miss_large,0.15
tpcdi_cells,tpcdi_65_total_trade_value,numeric,digit_typo,0.2
tpcdi_cells,tpcdi_65_total_trade_value,numeric,magnitude,0.05
tpcdi_cells,tpcdi_65_total_trade_value,numeric,sign_flip,0.05
tpcdi_cells,tpcdi_65_total_trade_value,numeric,wrong_random,0.0
tpcdi_cells,tpcdi_65_total_trade_value,numeric,no_answer,0.0
tpcdi_cells,tpcdi_65_total_trade_value,numeric,hedge,0.3
tpcdi_cells,tpcdi_65_total_trade_value,numeric,list_dump,0.25
tpcdi_cells,tpcdi_65_total_trade_volume,numeric,identity,1.0
tpcdi_cells,tpcdi_65_total_trade_volume,numeric,verbose,1.0
tpcdi_cells,tpcdi_65_total_trade_volume,numeric,tagged,1.0
tpcdi_cells,tpcdi_65_total_trade_volume,numeric,paraphrase,0.95
tpcdi_cells,tpcdi_65_total_trade_volume,numeric,unit_variant,1.0
tpcdi_cells,tpcdi_65_total_trade_volume,numeric,near_miss_small,0.75
tpcdi_cells,tpcdi_65_total_trade_volume,numeric,near_miss_medium,0.45
tpcdi_cells,tpcdi_65_total_trade_volume,numeric,near_miss_large,0.15
tpcdi_cells,tpcdi_65_total_trade_volume,numeric,digit_typo,0.2
tpcdi_cells,tpcdi_65_total_trade_volume,numeric,magnitude,0.05
tpcdi_cells,tpcdi_65_total_trade_volume,numeric,sign_flip,0.05
tpcdi_cells,tpcdi_65_total_trade_volume,numeric,wrong_random,0.0
tpcdi_cells,tpcdi_65_total_trade_volume,numeric,no_answer,0.0
tpcdi_cells,tpcdi_65_total_trade_volume,numeric,hedge,0.3
tpcdi_cells,tpcdi_65_total_trade_volume,numeric,list_dump,0.25
tpcdi_cells,tpcdi_66_num_accounts,numeric,identity,1.0
tpcdi_cells,tpcdi_66_num_accounts,numeric,verbose,1.0
tpcdi_cells,tpcdi_66_num_accounts,numeric,tagged,1.0
tpcdi_cells,tpcdi_66_num_accounts,numeric,paraphrase,0.95
tpcdi_cells,tpcdi_66_num_accounts,numeric,unit_variant,1.0
tpcdi_cells,tpcdi_66_num_accounts,numeric,near_miss_small,0.75
tpcdi_cells,tpcdi_66_num_accounts,numeric,near_miss_medium,0.45
tpcdi_cells,tpcdi_66_num_accounts,numeric,near_miss_large,0.15
tpcdi_cells,tpcdi_66_num_accounts,numeric,digit_typo,0.2
tpcdi_cells,tpcdi_66_num_accounts,numeric,magnitude,0.05
tpcdi_cells,tpcdi_66_num_accounts,numeric,sign_flip,0.05
tpcdi_cells,tpcdi_66_num_accounts,numeric,wrong_random,0.0
tpcdi_cells,tpcdi_66_num_accounts,numeric,no_answer,0.0
tpcdi_cells,tpcdi_66_num_accounts,numeric,hedge,0.3
tpcdi_cells,tpcdi_66_num_accounts,numeric,list_dump,0.25
tpcdi_cells,tpcdi_68_num_accounts,numeric,identity,1.0
tpcdi_cells,tpcdi_68_num_accounts,numeric,verbose,1.0
tpcdi_cells,tpcdi_68_num_accounts,numeric,tagged,1.0
tpcdi_cells,tpcdi_68_num_accounts,numeric,paraphrase,0.95
tpcdi_cells,tpcdi_68_num_accounts,numeric,unit_variant,1.0
tpcdi_cells,tpcdi_68_num_accounts,numeric,near_miss_small,0.75
tpcdi_cells,tpcdi_68_num_accounts,numeric,near_miss_medium,0.45
tpcdi_cells,tpcdi_68_num_accounts,numeric,near_miss_large,0.15
tpcdi_cells,tpcdi_68_num_accounts,numeric,digit_typo,0.2
tpcdi_cells,tpcdi_68_num_accounts,numeric,magnitude,0.05
tpcdi_cells,tpcdi_68_num_accounts,numeric,sign_flip,0.05
tpcdi_cells,tpcdi_68_num_accounts,numeric,wrong_random,0.0
tpcdi_cells,tpcdi_68_num_accounts,numeric,no_answer,0.0
tpcdi_cells,tpcdi_68_num_accounts,numeric,hedge,0.3
tpcdi_cells,tpcdi_68_num_accounts,numeric,list_dump,0.25
tpcdi_cells,tpcdi_68_total_trade_value,numeric,identity,1.0
tpcdi_cells,tpcdi_68_total_trade_value,numeric,verbose,1.0
tpcdi_cells,tpcdi_68_total_trade_value,numeric,tagged,1.0
tpcdi_cells,tpcdi_68_total_trade_value,numeric,paraphrase,0.95
tpcdi_cells,tpcdi_68_total_trade_value,numeric,unit_variant,1.0
tpcdi_cells,tpcdi_68_total_trade_value,numeric,near_miss_small,0.75
tpcdi_cells,tpcdi_68_total_trade_value,numeric,near_miss_medium,0.45
tpcdi_cells,tpcdi_68_total_trade_value,numeric,near_miss_large,0.15
tpcdi_cells,tpcdi_68_total_trade_value,numeric,digit_typo,0.2
tpcdi_cells,tpcdi_68_total_trade_value,numeric,magnitude,0.05
tpcdi_cells,tpcdi_68_total_trade_value,numeric,sign_flip,0.05
tpcdi_cells,tpcdi_68_total_trade_value,numeric,wrong_random,0.0
tpcdi_cells,tpcdi_68_total_trade_value,numeric,no_answer,0.0
tpcdi_cells,tpcdi_68_total_trade_value,numeric,hedge,0.3
tpcdi_cells,tpcdi_68_total_trade_value,numeric,list_dump,0.25
tpcdi_cells,tpcdi_6_num_trades,numeric,identity,1.0
tpcdi_cells,tpcdi_6_num_trades,numeric,verbose,1.0
tpcdi_cells,tpcdi_6_num_trades,numeric,tagged,1.0
tpcdi_cells,tpcdi_6_num_trades,numeric,paraphrase,0.95
tpcdi_cells,tpcdi_6_num_trades,numeric,unit_variant,1.0
tpcdi_cells,tpcdi_6_num_trades,numeric,near_miss_small,0.75
tpcdi_cells,tpcdi_6_num_trades,numeric,near_miss_medium,0.45
tpcdi_cells,tpcdi_6_num_trades,numeric,near_miss_large,0.15
tpcdi_cells,tpcdi_6_num_trades,numeric,digit_typo,0.2
tpcdi_cells,tpcdi_6_num_trades,numeric,magnitude,0.05
tpcdi_cells,tpcdi_6_num_trades,numeric,sign_flip,0.05
tpcdi_cells,tpcdi_6_num_trades,numeric,wrong_random,0.0
tpcdi_cells,tpcdi_6_num_trades,numeric,no_answer,0.0
tpcdi_cells,tpcdi_6_num_trades,numeric,hedge,0.3
tpcdi_cells,tpcdi_6_num_trades,numeric,list_dump,0.25
tpcdi_cells,tpcdi_71_num_accounts,numeric,identity,1.0
tpcdi_cells,tpcdi_71_num_accounts,numeric,verbose,1.0
tpcdi_cells,tpcdi_71_num_accounts,numeric,tagged,1.0
tpcdi_cells,tpcdi_71_num_accounts,numeric,paraphrase,0.95
tpcdi_cells,tpcdi_71_num_accounts,numeric,unit_variant,1.0
tpcdi_cells,tpcdi_71_num_accounts,numeric,near_miss_small,0.75
tpcdi_cells,tpcdi_71_num_accounts,numeric,near_miss_medium,0.45
tpcdi_cells,tpcdi_71_num_accounts,numeric,near_miss_large,0.15
tpcdi_cells,tpcdi_71_num_accounts,numeric,digit_typo,0.2
tpcdi_cells,tpcdi_71_num_accounts,numeric,magnitude,0.05
tpcdi_cells,tpcdi_71_num_accounts,numeric,sign_flip,0.05
tpcdi_cells,tpcdi_71_num_accounts,numeric,wrong_random,0.0
tpcdi_cells,tpcdi_71_num_accounts,numeric,no_answer,0.0
tpcdi_cells,tpcdi_71_num_accounts,numeric,hedge,0.3
tpcdi_cells,tpcdi_71_num_accounts,numeric,list_dump,0.25
tpcdi_cells,tpcdi_72_num_accounts,numeric,identity,1.0
tpcdi_cells,tpcdi_72_num_accounts,numeric,verbose,1.0
tpcdi_cells,tpcdi_72_num_accounts,numeric,tagged,1.0
tpcdi_cells,tpcdi_72_num_accounts,numeric,paraphrase,0.95
tpcdi_cells,tpcdi_72_num_accounts,numeric,unit_variant,1.0
tpcdi_cells,tpcdi_72_num_accounts,numeric,near_miss_small,0.75
tpcdi_cells,tpcdi_72_num_accounts,numeric,near_miss_medium,0.45
tpcdi_cells,tpcdi_72_num_accounts,numeric,near_miss_large,0.15
tpcdi_cells,tpcdi_72_num_accounts,numeric,digit_typo,0.2
tpcdi_cells,tpcdi_72_num_accounts,numeric,magnitude,0.05
tpcdi_cells,tpcdi_72_num_accounts,numeric,sign_flip,0.05
tpcdi_cells,tpcdi_72_num_accounts,numeric,wrong_random,0.0
tpcdi_cells,tpcdi_72_num_accounts,numeric,no_answer,0.0
tpcdi_cells,tpcdi_72_num_accounts,numeric,hedge,0.3
tpcdi_cells,tpcdi_72_num_accounts,numeric,list_dump,0.25
tpcdi_cells,tpcdi_72_total_trade_volume,numeric,identity,1.0
tpcdi_cells,tpcdi_72_total_trade_volume,numeric,verbose,1.0
tpcdi_cells,tpcdi_72_total_trade_volume,numeric,tagged,1.0
tpcdi_cells,tpcdi_72_total_trade_volume,numeric,paraphrase,0.95
tpcdi_cells,tpcdi_72_total_trade_volume,numeric,unit_variant,1.0
tpcdi_cells,tpcdi_72_total_trade_volume,numeric,near_miss_small,0.75
tpcdi_cells,tpcdi_72_total_trade_volume,numeric,near_miss_medium,0.45
tpcdi_cells,tpcdi_72_total_trade_volume,numeric,near_miss_large,0.15
tpcdi_cells,tpcdi_72_total_trade_volume,numeric,digit_typo,0.2
tpcdi_cells,tpcdi_72_total_trade_volume,numeric,magnitude,0.05
tpcdi_cells,tpcdi_72_total_trade_volume,numeric,sign_flip,0.05
tpcdi_cells,tpcdi_72_total_trade_volume,numeric,wrong_random,0.0
tpcdi_cells,tpcdi_72_total_trade_volume,numeric,no_answer,0.0
tpcdi_cells,tpcdi_72_total_trade_volume,numeric,hedge,0.3
tpcdi_cells,tpcdi_72_total_trade_volume,numeric,list_dump,0.25
tpcdi_cells,tpcdi_73_total_balance,numeric,identity,1.0
tpcdi_cells,tpcdi_73_total_balance,numeric,verbose,1.0
tpcdi_cells,tpcdi_73_total_balance,numeric,tagged,1.0
tpcdi_cells,tpcdi_73_total_balance,numeric,paraphrase,0.95
tpcdi_cells,tpcdi_73_total_balance,numeric,unit_variant,1.0
tpcdi_cells,tpcdi_73_total_balance,numeric,near_miss_small,0.75
tpcdi_cells,tpcdi_73_total_balance,numeric,near_miss_medium,0.45
tpcdi_cells,tpcdi_73_total_balance,numeric,near_miss_large,0.15
tpcdi_cells,tpcdi_73_total_balance,numeric,digit_typo,0.2
tpcdi_cells,tpcdi_73_total_balance,numeric,magnitude,0.05
tpcdi_cells,tpcdi_73_total_balance,numeric,sign_flip,0.05
tpcdi_cells,tpcdi_73_total_balance,numeric,wrong_random,0.0
tpcdi_cells,tpcdi_73_total_balance,numeric,no_answer,0.0
tpcdi_cells,tpcdi_73_total_balance,numeric,hedge,0.3
tpcdi_cells,tpcdi_73_total_balance,numeric,list_dump,0.25
tpcdi_cells,tpcdi_74_num_accounts,numeric,identity,1.0
tpcdi_cells,tpcdi_74_num_accounts,numeric,verbose,1.0
tpcdi_cells,tpcdi_74_num_accounts,numeric,tagged,1.0
tpcdi_cells,tpcdi_74_num_accounts,numeric,paraphrase,0.95
tpcdi_cells,tpcdi_74_num_accounts,numeric,unit_variant,1.0
tpcdi_cells,tpcdi_74_num_accounts,numeric,near_miss_small,0.75
tpcdi_cells,tpcdi_74_num_accounts,numeric,near_miss_medium,0.45
tpcdi_cells,tpcdi_74_num_accounts,numeric,near_miss_large,0.15
tpcdi_cells,tpcdi_74_num_accounts,numeric,digit_typo,0.2
tpcdi_cells,tpcdi_74_num_accounts,numeric,magnitude,0.05
tpcdi_cells,tpcdi_74_num_accounts,numeric,sign_flip,0.05
tpcdi_cells,tpcdi_74_num_accounts,numeric,wrong_random,0.0
tpcdi_cells,tpcdi_74_num_accounts,numeric,no_answer,0.0
tpcdi_cells,tpcdi_74_num_accounts,numeric,hedge,0.3
tpcdi_cells,tpcdi_74_num_accounts,numeric,list_dump,0.25
tpcdi_cells,tpcdi_74_num_trades,numeric,identity,1.0
tpcdi_cells,tpcdi_74_num_trades,numeric,verbose,1.0
tpcdi_cells,tpcdi_74_num_trades,numeric,tagged,1.0
tpcdi_cells,tpcdi_74_num_trades,numeric,paraphrase,0.95
tpcdi_cells,tpcdi_74_num_trades,numeric,unit_variant,1.0
tpcdi_cells,tpcdi_74_num_trades,numeric,near_miss_small,0.75
tpcdi_cells,tpcdi_74_num_trades,numeric,near_miss_medium,0.45
tpcdi_cells,tpcdi_74_num_trades,numeric,near_miss_large,0.15
tpcdi_cells,tpcdi_74_num_trades,numeric,digit_typo,0.2
tpcdi_cells,tpcdi_74_num_trades,numeric,magnitude,0.05
tpcdi_cells,tpcdi_74_num_trades,numeric,sign_flip,0.05
tpcdi_cells,tpcdi_74_num_trades,numeric,wrong_random,0.0
tpcdi_cells,tpcdi_74_num_trades,numeric,no_answer,0.0
tpcdi_cells,tpcdi_74_num_trades,numeric,hedge,0.3
tpcdi_cells,tpcdi_74_num_trades,numeric,list_dump,0.25
tpcdi_cells,tpcdi_74_total_trade_volume,numeric,identity,1.0
tpcdi_cells,tpcdi_74_total_trade_volume,numeric,verbose,1.0
tpcdi_cells,tpcdi_74_total_trade_volume,numeric,tagged,1.0
tpcdi_cells,tpcdi_74_total_trade_volume,numeric,paraphrase,0.95
tpcdi_cells,tpcdi_74_total_trade_volume,numeric,unit_variant,1.0
tpcdi_cells,tpcdi_74_total_trade_volume,numeric,near_miss_small,0.75
tpcdi_cells,tpcdi_74_total_trade_volume,numeric,near_miss_medium,0.45
tpcdi_cells,tpcdi_74_total_trade_volume,numeric,near_miss_large,0.15
tpcdi_cells,tpcdi_74_total_trade_volume,numeric,digit_typo,0.2
tpcdi_cells,tpcdi_74_total_trade_volume,numeric,magnitude,0.05
tpcdi_cells,tpcdi_74_total_trade_volume,numeric,sign_flip,0.05
tpcdi_cells,tpcdi_74_total_trade_volume,numeric,wrong_random,0.0
tpcdi_cells,tpcdi_74_total_trade_volume,numeric,no_answer,0.0
tpcdi_cells,tpcdi_74_total_trade_volume,numeric,hedge,0.3
tpcdi_cells,tpcdi_74_total_trade_volume,numeric,list_dump,0.25
tpcdi_cells,tpcdi_75_total_balance,numeric,identity,1.0
tpcdi_cells,tpcdi_75_total_balance,numeric,verbose,1.0
tpcdi_cells,tpcdi_75_total_balance,numeric,tagged,1.0
tpcdi_cells,tpcdi_75_total_balance,numeric,paraphrase,0.95
tpcdi_cells,tpcdi_75_total_balance,numeric,unit_variant,1.0
tpcdi_cells,tpcdi_75_total_balance,numeric,near_miss_small,0.75
tpcdi_cells,tpcdi_75_total_balance,numeric,near_miss_medium,0.45
tpcdi_cells,tpcdi_75_total_balance,numeric,near_miss_large,0.15
tpcdi_cells,tpcdi_75_total_balance,numeric,digit_typo,0.2
tpcdi_cells,tpcdi_75_total_balance,numeric,magnitude,0.05
tpcdi_cells,tpcdi_75_total_balance,numeric,sign_flip,0.05
tpcdi_cells,tpcdi_75_total_balance,numeric,wrong_random,0.0
tpcdi_cells,tpcdi_75_total_balance,numeric,no_answer,0.0
tpcdi_cells,tpcdi_75_total_balance,numeric,hedge,0.3
tpcdi_cells,tpcdi_75_total_balance,numeric,list_dump,0.25
tpcdi_cells,tpcdi_76_symbols_traded,text,identity,1.0
tpcdi_cells,tpcdi_76_symbols_traded,text,verbose,1.0
tpcdi_cells,tpcdi_76_symbols_traded,text,tagged,1.0
tpcdi_cells,tpcdi_76_symbols_traded,text,paraphrase,0.95
tpcdi_cells,tpcdi_76_symbols_traded,text,partial,0.5
tpcdi_cells,tpcdi_76_symbols_traded,text,superset,0.6
tpcdi_cells,tpcdi_76_symbols_traded,text,typo,0.6
tpcdi_cells,tpcdi_76_symbols_traded,text,wrong_random,0.0
tpcdi_cells,tpcdi_76_symbols_traded,text,no_answer,0.0
tpcdi_cells,tpcdi_76_symbols_traded,text,hedge,0.3
tpcdi_cells,tpcdi_76_symbols_traded,text,list_dump,0.25
tpcdi_cells,tpcdi_76_total_trade_value,numeric,identity,1.0
tpcdi_cells,tpcdi_76_total_trade_value,numeric,verbose,1.0
tpcdi_cells,tpcdi_76_total_trade_value,numeric,tagged,1.0
tpcdi_cells,tpcdi_76_total_trade_value,numeric,paraphrase,0.95
tpcdi_cells,tpcdi_76_total_trade_value,numeric,unit_variant,1.0
tpcdi_cells,tpcdi_76_total_trade_value,numeric,near_miss_small,0.75
tpcdi_cells,tpcdi_76_total_trade_value,numeric,near_miss_medium,0.45
tpcdi_cells,tpcdi_76_total_trade_value,numeric,near_miss_large,0.15
tpcdi_cells,tpcdi_76_total_trade_value,numeric,digit_typo,0.2
tpcdi_cells,tpcdi_76_total_trade_value,numeric,magnitude,0.05
tpcdi_cells,tpcdi_76_total_trade_value,numeric,sign_flip,0.05
tpcdi_cells,tpcdi_76_total_trade_value,numeric,wrong_random,0.0
tpcdi_cells,tpcdi_76_total_trade_value,numeric,no_answer,0.0
tpcdi_cells,tpcdi_76_total_trade_value,numeric,hedge,0.3
tpcdi_cells,tpcdi_76_total_trade_value,numeric,list_dump,0.25
tpcdi_cells,tpcdi_77_num_trades,numeric,identity,1.0
tpcdi_cells,tpcdi_77_num_trades,numeric,verbose,1.0
tpcdi_cells,tpcdi_77_num_trades,numeric,tagged,1.0
tpcdi_cells,tpcdi_77_num_trades,numeric,paraphrase,0.95
tpcdi_cells,tpcdi_77_num_trades,numeric,unit_variant,1.0
tpcdi_cells,tpcdi_77_num_trades,numeric,near_miss_small,0.75
tpcdi_cells,tpcdi_77_num_trades,numeric,near_miss_medium,0.45
tpcdi_cells,tpcdi_77_num_trades,numeric,near_miss_large,0.15
tpcdi_cells,tpcdi_77_num_trades,numeric,digit_typo,0.2
tpcdi_cells,tpcdi_77_num_trades,numeric,magnitude,0.05
tpcdi_cells,tpcdi_77_num_trades,numeric,sign_flip,0.05
tpcdi_cells,tpcdi_77_num_trades,numeric,wrong_random,0.0
tpcdi_cells,tpcdi_77_num_trades,numeric,no_answer,0.0
tpcdi_cells,tpcdi_77_num_trades,numeric,hedge,0.3
tpcdi_cells,tpcdi_77_num_trades,numeric,list_dump,0.25
tpcdi_cells,tpcdi_77_total_trade_volume,numeric,identity,1.0
tpcdi_cells,tpcdi_77_total_trade_volume,numeric,verbose,1.0
tpcdi_cells,tpcdi_77_total_trade_volume,numeric,tagged,1.0
tpcdi_cells,tpcdi_77_total_trade_volume,numeric,paraphrase,0.95
tpcdi_cells,tpcdi_77_total_trade_volume,numeric,unit_variant,1.0
tpcdi_cells,tpcdi_77_total_trade_volume,numeric,near_miss_small,0.75
tpcdi_cells,tpcdi_77_total_trade_volume,numeric,near_miss_medium,0.45
tpcdi_cells,tpcdi_77_total_trade_volume,numeric,near_miss_large,0.15
tpcdi_cells,tpcdi_77_total_trade_volume,numeric,digit_typo,0.2
tpcdi_cells,tpcdi_77_total_trade_volume,numeric,magnitude,0.05
tpcdi_cells,tpcdi_77_total_trade_volume,numeric,sign_flip,0.05
tpcdi_cells,tpcdi_77_total_trade_volume,numeric,wrong_random,0.0
tpcdi_cells,tpcdi_77_total_trade_volume,numeric,no_answer,0.0
tpcdi_cells,tpcdi_77_total_trade_volume,numeric,hedge,0.3
tpcdi_cells,tpcdi_77_total_trade_volume,numeric,list_dump,0.25
tpcdi_cells,tpcdi_78_symbols_traded,text,identity,1.0
tpcdi_cells,tpcdi_78_symbols_traded,text,verbose,1.0
tpcdi_cells,tpcdi_78_symbols_traded,text,tagged,1.0
tpcdi_cells,tpcdi_78_symbols_traded,text,paraphrase,0.95
tpcdi_cells,tpcdi_78_symbols_traded,text,partial,0.5
tpcdi_cells,tpcdi_78_symbols_traded,text,superset,0.6
tpcdi_cells,tpcdi_78_symbols_traded,text,typo,0.6
tpcdi_cells,tpcdi_78_symbols_traded,text,wrong_random,0.0
tpcdi_cells,tpcdi_78_symbols_traded,text,no_answer,0.0
tpcdi_cells,tpcdi_78_symbols_traded,text,hedge,0.3
tpcdi_cells,tpcdi_78_symbols_traded,text,list_dump,0.25
tpcdi_cells,tpcdi_7_num_accounts,numeric,identity,1.0
tpcdi_cells,tpcdi_7_num_accounts,numeric,verbose,1.0
tpcdi_cells,tpcdi_7_num_accounts,numeric,tagged,1.0
tpcdi_cells,tpcdi_7_num_accounts,numeric,paraphrase,0.95
tpcdi_cells,tpcdi_7_num_accounts,numeric,unit_variant,1.0
tpcdi_cells,tpcdi_7_num_accounts,numeric,near_miss_small,0.75
tpcdi_cells,tpcdi_7_num_accounts,numeric,near_miss_medium,0.45
tpcdi_cells,tpcdi_7_num_accounts,numeric,near_miss_large,0.15
tpcdi_cells,tpcdi_7_num_accounts,numeric,digit_typo,0.2
tpcdi_cells,tpcdi_7_num_accounts,numeric,magnitude,0.05
tpcdi_cells,tpcdi_7_num_accounts,numeric,sign_flip,0.05
tpcdi_cells,tpcdi_7_num_accounts,numeric,wrong_random,0.0
tpcdi_cells,tpcdi_7_num_accounts,numeric,no_answer,0.0
tpcdi_cells,tpcdi_7_num_accounts,numeric,hedge,0.3
tpcdi_cells,tpcdi_7_num_accounts,numeric,list_dump,0.25
tpcdi_cells,tpcdi_81_symbols_traded,text,identity,1.0
tpcdi_cells,tpcdi_81_symbols_traded,text,verbose,1.0
tpcdi_cells,tpcdi_81_symbols_traded,text,tagged,1.0
tpcdi_cells,tpcdi_81_symbols_traded,text,paraphrase,0.95
tpcdi_cells,tpcdi_81_symbols_traded,text,partial,0.5
tpcdi_cells,tpcdi_81_symbols_traded,text,superset,0.6
tpcdi_cells,tpcdi_81_symbols_traded,text,typo,0.6
tpcdi_cells,tpcdi_81_symbols_traded,text,wrong_random,0.0
tpcdi_cells,tpcdi_81_symbols_traded,text,no_answer,0.0
tpcdi_cells,tpcdi_81_symbols_traded,text,hedge,0.3
tpcdi_cells,tpcdi_81_symbols_traded,text,list_dump,0.25
tpcdi_cells,tpcdi_81_total_balance,numeric,identity,1.0
tpcdi_cells,tpcdi_81_total_balance,numeric,verbose,1.0
tpcdi_cells,tpcdi_81_total_balance,numeric,tagged,1.0
tpcdi_cells,tpcdi_81_total_balance,numeric,paraphrase,0.95
tpcdi_cells,tpcdi_81_total_balance,numeric,unit_variant,1.0
tpcdi_cells,tpcdi_81_total_balance,numeric,near_miss_small,0.75
tpcdi_cells,tpcdi_81_total_balance,numeric,near_miss_medium,0.45
tpcdi_cells,tpcdi_81_total_balance,numeric,near_miss_large,0.15
tpcdi_cells,tpcdi_81_total_balance,numeric,digit_typo,0.2
tpcdi_cells,tpcdi_81_total_balance,numeric,magnitude,0.05
tpcdi_cells,tpcdi_81_total_balance,numeric,sign_flip,0.05
tpcdi_cells,tpcdi_81_total_balance,numeric,wrong_random,0.0
tpcdi_cells,tpcdi_81_total_balance,numeric,no_answer,0.0
tpcdi_cells,tpcdi_81_total_balance,numeric,hedge,0.3
tpcdi_cells,tpcdi_81_total_balance,numeric,list_dump,0.25
tpcdi_cells,tpcdi_84_symbols_traded,text,identity,1.0
tpcdi_cells,tpcdi_84_symbols_traded,text,verbose,1.0
tpcdi_cells,tpcdi_84_symbols_traded,text,tagged,1.0
tpcdi_cells,tpcdi_84_symbols_traded,text,paraphrase,0.95
tpcdi_cells,tpcdi_84_symbols_traded,text,partial,0.5
tpcdi_cells,tpcdi_84_symbols_traded,text,superset,0.6
tpcdi_cells,tpcdi_84_symbols_traded,text,typo,0.6
tpcdi_cells,tpcdi_84_symbols_traded,text,wrong_random,0.0
tpcdi_cells,tpcdi_84_symbols_traded,text,no_answer,0.0
tpcdi_cells,tpcdi_84_symbols_traded,text,hedge,0.3
tpcdi_cells,tpcdi_84_symbols_traded,text,list_dump,0.25
tpcdi_cells,tpcdi_85_total_balance,numeric,identity,1.0
tpcdi_cells,tpcdi_85_total_balance,numeric,verbose,1.0
tpcdi_cells,tpcdi_85_total_balance,numeric,tagged,1.0
tpcdi_cells,tpcdi_85_total_balance,numeric,paraphrase,0.95
tpcdi_cells,tpcdi_85_total_balance,numeric,unit_variant,1.0
tpcdi_cells,tpcdi_85_total_balance,numeric,near_miss_small,0.75
tpcdi_cells,tpcdi_85_total_balance,numeric,near_miss_medium,0.45
tpcdi_cells,tpcdi_85_total_balance,numeric,near_miss_large,0.15
tpcdi_cells,tpcdi_85_total_balance,numeric,digit_typo,0.2
tpcdi_cells,tpcdi_85_total_balance,numeric,magnitude,0.05
tpcdi_cells,tpcdi_85_total_balance,numeric,sign_flip,0.05
tpcdi_cells,tpcdi_85_total_balance,numeric,wrong_random,0.0
tpcdi_cells,tpcdi_85_total_balance,numeric,no_answer,0.0
tpcdi_cells,tpcdi_85_total_balance,numeric,hedge,0.3
tpcdi_cells,tpcdi_85_total_balance,numeric,list_dump,0.25
tpcdi_cells,tpcdi_85_total_trade_value,numeric,identity,1.0
tpcdi_cells,tpcdi_85_total_trade_value,numeric,verbose,1.0
tpcdi_cells,tpcdi_85_total_trade_value,numeric,tagged,1.0
tpcdi_cells,tpcdi_85_total_trade_value,numeric,paraphrase,0.95
tpcdi_cells,tpcdi_85_total_trade_value,numeric,unit_variant,1.0
tpcdi_cells,tpcdi_85_total_trade_value,numeric,near_miss_small,0.75
tpcdi_cells,tpcdi_85_total_trade_value,numeric,near_miss_medium,0.45
tpcdi_cells,tpcdi_85_total_trade_value,numeric,near_miss_large,0.15
tpcdi_cells,tpcdi_85_total_trade_value,numeric,digit_typo,0.2
tpcdi_cells,tpcdi_85_total_trade_value,numeric,magnitude,0.05
tpcdi_cells,tpcdi_85_total_trade_value,numeric,sign_flip,0.05
tpcdi_cells,tpcdi_85_total_trade_value,numeric,wrong_random,0.0
tpcdi_cells,tpcdi_85_total_trade_value,numeric,no_answer,0.0
tpcdi_cells,tpcdi_85_total_trade_value,numeric,hedge,0.3
tpcdi_cells,tpcdi_85_total_trade_value,numeric,list_dump,0.25
tpcdi_cells,tpcdi_87_num_trades,numeric,identity,1.0
tpcdi_cells,tpcdi_87_num_trades,numeric,verbose,1.0
tpcdi_cells,tpcdi_87_num_trades,numeric,tagged,1.0
tpcdi_cells,tpcdi_87_num_trades,numeric,paraphrase,0.95
tpcdi_cells,tpcdi_87_num_trades,numeric,unit_variant,1.0
tpcdi_cells,tpcdi_87_num_trades,numeric,near_miss_small,0.75
tpcdi_cells,tpcdi_87_num_trades,numeric,near_miss_medium,0.45
tpcdi_cells,tpcdi_87_num_trades,numeric,near_miss_large,0.15
tpcdi_cells,tpcdi_87_num_trades,numeric,digit_typo,0.2
tpcdi_cells,tpcdi_87_num_trades,numeric,magnitude,0.05
tpcdi_cells,tpcdi_87_num_trades,numeric,sign_flip,0.05
tpcdi_cells,tpcdi_87_num_trades,numeric,wrong_random,0.0
tpcdi_cells,tpcdi_87_num_trades,numeric,no_answer,0.0
tpcdi_cells,tpcdi_87_num_trades,numeric,hedge,0.3
tpcdi_cells,tpcdi_87_num_trades,numeric,list_dump,0.25
tpcdi_cells,tpcdi_87_symbols_traded,text,identity,1.0
tpcdi_cells,tpcdi_87_symbols_traded,text,verbose,1.0
tpcdi_cells,tpcdi_87_symbols_traded,text,tagged,1.0
tpcdi_cells,tpcdi_87_symbols_traded,text,paraphrase,0.95
tpcdi_cells,tpcdi_87_symbols_traded,text,partial,0.5
tpcdi_cells,tpcdi_87_symbols_traded,text,superset,0.6
tpcdi_cells,tpcdi_87_symbols_traded,text,typo,0.6
tpcdi_cells,tpcdi_87_symbols_traded,text,wrong_random,0.0
tpcdi_cells,tpcdi_87_symbols_traded,text,no_answer,0.0
tpcdi_cells,tpcdi_87_symbols_traded,text,hedge,0.3
tpcdi_cells,tpcdi_87_symbols_traded,text,list_dump,0.25
tpcdi_cells,tpcdi_87_total_trade_volume,numeric,identity,1.0
tpcdi_cells,tpcdi_87_total_trade_volume,numeric,verbose,1.0
tpcdi_cells,tpcdi_87_total_trade_volume,numeric,tagged,1.0
tpcdi_cells,tpcdi_87_total_trade_volume,numeric,paraphrase,0.95
tpcdi_cells,tpcdi_87_total_trade_volume,numeric,unit_variant,1.0
tpcdi_cells,tpcdi_87_total_trade_volume,numeric,near_miss_small,0.75
tpcdi_cells,tpcdi_87_total_trade_volume,numeric,near_miss_medium,0.45
tpcdi_cells,tpcdi_87_total_trade_volume,numeric,near_miss_large,0.15
tpcdi_cells,tpcdi_87_total_trade_volume,numeric,digit_typo,0.2
tpcdi_cells,tpcdi_87_total_trade_volume,numeric,magnitude,0.05
tpcdi_cells,tpcdi_87_total_trade_volume,numeric,sign_flip,0.05
tpcdi_cells,tpcdi_87_total_trade_volume,numeric,wrong_random,0.0
tpcdi_cells,tpcdi_87_total_trade_volume,numeric,no_answer,0.0
tpcdi_cells,tpcdi_87_total_trade_volume,numeric,hedge,0.3
tpcdi_cells,tpcdi_87_total_trade_volume,numeric,list_dump,0.25
tpcdi_cells,tpcdi_88_num_trades,numeric,identity,1.0
tpcdi_cells,tpcdi_88_num_trades,numeric,verbose,1.0
tpcdi_cells,tpcdi_88_num_trades,numeric,tagged,1.0
tpcdi_cells,tpcdi_88_num_trades,numeric,paraphrase,0.95
tpcdi_cells,tpcdi_88_num_trades,numeric,unit_variant,1.0
tpcdi_cells,tpcdi_88_num_trades,numeric,near_miss_small,0.75
tpcdi_cells,tpcdi_88_num_trades,numeric,near_miss_medium,0.45
tpcdi_cells,tpcdi_88_num_trades,numeric,near_miss_large,0.15
tpcdi_cells,tpcdi_88_num_trades,numeric,digit_typo,0.2
tpcdi_cells,tpcdi_88_num_trades,numeric,magnitude,0.05
tpcdi_cells,tpcdi_88_num_trades,numeric,sign_flip,0.05
tpcdi_cells,tpcdi_88_num_trades,numeric,wrong_random,0.0
tpcdi_cells,tpcdi_88_num_trades,numeric,no_answer,0.0
tpcdi_cells,tpcdi_88_num_trades,numeric,hedge,0.3
tpcdi_cells,tpcdi_88_num_trades,numeric,list_dump,0.25
tpcdi_cells,tpcdi_8_symbols_traded,text,identity,1.0
tpcdi_cells,tpcdi_8_symbols_traded,text,verbose,1.0
tpcdi_cells,tpcdi_8_symbols_traded,text,tagged,1.0
tpcdi_cells,tpcdi_8_symbols_traded,text,paraphrase,0.95
tpcdi_cells,tpcdi_8_symbols_traded,text,partial,0.5
tpcdi_cells,tpcdi_8_symbols_traded,text,superset,0.6
tpcdi_cells,tpcdi_8_symbols_traded,text,typo,0.6
tpcdi_cells,tpcdi_8_symbols_traded,text,wrong_random,0.0
tpcdi_cells,tpcdi_8_symbols_traded,text,no_answer,0.0
tpcdi_cells,tpcdi_8_symbols_traded,text,hedge,0.3
tpcdi_cells,tpcdi_8_symbols_traded,text,list_dump,0.25
tpcdi_cells,tpcdi_93_total_balance,numeric,identity,1.0
tpcdi_cells,tpcdi_93_total_balance,numeric,verbose,1.0
tpcdi_cells,tpcdi_93_total_balance,numeric,tagged,1.0
tpcdi_cells,tpcdi_93_total_balance,numeric,paraphrase,0.95
tpcdi_cells,tpcdi_93_total_balance,numeric,unit_variant,1.0
tpcdi_cells,tpcdi_93_total_balance,numeric,near_miss_small,0.75
tpcdi_cells,tpcdi_93_total_balance,numeric,near_miss_medium,0.45
tpcdi_cells,tpcdi_93_total_balance,numeric,near_miss_large,0.15
tpcdi_cells,tpcdi_93_total_balance,numeric,digit_typo,0.2
tpcdi_cells,tpcdi_93_total_balance,numeric,magnitude,0.05
tpcdi_cells,tpcdi_93_total_balance,numeric,sign_flip,0.05
tpcdi_cells,tpcdi_93_total_balance,numeric,wrong_random,0.0
tpcdi_cells,tpcdi_93_total_balance,numeric,no_answer,0.0
tpcdi_cells,tpcdi_93_total_balance,numeric,hedge,0.3
tpcdi_cells,tpcdi_93_total_balance,numeric,list_dump,0.25
tpcdi_cells,tpcdi_96_symbols_traded,text,identity,1.0
tpcdi_cells,tpcdi_96_symbols_traded,text,verbose,1.0
tpcdi_cells,tpcdi_96_symbols_traded,text,tagged,1.0
tpcdi_cells,tpcdi_96_symbols_traded,text,paraphrase,0.95
tpcdi_cells,tpcdi_96_symbols_traded,text,partial,0.5
tpcdi_cells,tpcdi_96_symbols_traded,text,superset,0.6
tpcdi_cells,tpcdi_96_symbols_traded,text,typo,0.6
tpcdi_cells,tpcdi_96_symbols_traded,text,wrong_random,0.0
tpcdi_cells,tpcdi_96_symbols_traded,text,no_answer,0.0
tpcdi_cells,tpcdi_96_symbols_traded,text,hedge,0.3
tpcdi_cells,tpcdi_96_symbols_traded,text,list_dump,0.25
tpcdi_cells,tpcdi_97_num_accounts,numeric,identity,1.0
tpcdi_cells,tpcdi_97_num_accounts,numeric,verbose,1.0
tpcdi_cells,tpcdi_97_num_accounts,numeric,tagged,1.0
tpcdi_cells,tpcdi_97_num_accounts,numeric,paraphrase,0.95
tpcdi_cells,tpcdi_97_num_accounts,numeric,unit_variant,1.0
tpcdi_cells,tpcdi_97_num_accounts,numeric,near_miss_small,0.75
tpcdi_cells,tpcdi_97_num_accounts,numeric,near_miss_medium,0.45
tpcdi_cells,tpcdi_97_num_accounts,numeric,near_miss_large,0.15
tpcdi_cells,tpcdi_97_num_accounts,numeric,digit_typo,0.2
tpcdi_cells,tpcdi_97_num_accounts,numeric,magnitude,0.05
tpcdi_cells,tpcdi_97_num_accounts,numeric,sign_flip,0.05
tpcdi_cells,tpcdi_97_num_accounts,numeric,wrong_random,0.0
tpcdi_cells,tpcdi_97_num_accounts,numeric,no_answer,0.0
tpcdi_cells,tpcdi_97_num_accounts,numeric,hedge,0.3
tpcdi_cells,tpcdi_97_num_accounts,numeric,list_dump,0.25
tpcdi_cells,tpcdi_98_num_trades,numeric,identity,1.0
tpcdi_cells,tpcdi_98_num_trades,numeric,verbose,1.0
tpcdi_cells,tpcdi_98_num_trades,numeric,tagged,1.0
tpcdi_cells,tpcdi_98_num_trades,numeric,paraphrase,0.95
tpcdi_cells,tpcdi_98_num_trades,numeric,unit_variant,1.0
tpcdi_cells,tpcdi_98_num_trades,numeric,near_miss_small,0.75
tpcdi_cells,tpcdi_98_num_trades,numeric,near_miss_medium,0.45
tpcdi_cells,tpcdi_98_num_trades,numeric,near_miss_large,0.15
tpcdi_cells,tpcdi_98_num_trades,numeric,digit_typo,0.2
tpcdi_cells,tpcdi_98_num_trades,numeric,magnitude,0.05
tpcdi_cells,tpcdi_98_num_trades,numeric,sign_flip,0.05
tpcdi_cells,tpcdi_98_num_trades,numeric,wrong_random,0.0
tpcdi_cells,tpcdi_98_num_trades,numeric,no_answer,0.0
tpcdi_cells,tpcdi_98_num_trades,numeric,hedge,0.3
tpcdi_cells,tpcdi_98_num_trades,numeric,list_dump,0.25
tpcdi_cells,tpcdi_9_num_accounts,numeric,identity,1.0
tpcdi_cells,tpcdi_9_num_accounts,numeric,verbose,1.0
tpcdi_cells,tpcdi_9_num_accounts,numeric,tagged,1.0
tpcdi_cells,tpcdi_9_num_accounts,numeric,paraphrase,0.95
tpcdi_cells,tpcdi_9_num_accounts,numeric,unit_variant,1.0
tpcdi_cells,tpcdi_9_num_accounts,numeric,near_miss_small,0.75
tpcdi_cells,tpcdi_9_num_accounts,numeric,near_miss_medium,0.45
tpcdi_cells,tpcdi_9_num_accounts,numeric,near_miss_large,0.15
tpcdi_cells,tpcdi_9_num_accounts,numeric,digit_typo,0.2
tpcdi_cells,tpcdi_9_num_accounts,numeric,magnitude,0.05
tpcdi_cells,tpcdi_9_num_accounts,numeric,sign_flip,0.05
tpcdi_cells,tpcdi_9_num_accounts,numeric,wrong_random,0.0
tpcdi_cells,tpcdi_9_num_accounts,numeric,no_answer,0.0
tpcdi_cells,tpcdi_9_num_accounts,numeric,hedge,0.3
tpcdi_cells,tpcdi_9_num_accounts,numeric,list_dump,0.25
tpcdi_cells,tpcdi_9_total_balance,numeric,identity,1.0
tpcdi_cells,tpcdi_9_total_balance,numeric,verbose,1.0
tpcdi_cells,tpcdi_9_total_balance,numeric,tagged,1.0
tpcdi_cells,tpcdi_9_total_balance,numeric,paraphrase,0.95
tpcdi_cells,tpcdi_9_total_balance,numeric,unit_variant,1.0
tpcdi_cells,tpcdi_9_total_balance,numeric,near_miss_small,0.75
tpcdi_cells,tpcdi_9_total_balance,numeric,near_miss_medium,0.45
tpcdi_cells,tpcdi_9_total_balance,numeric,near_miss_large,0.15
tpcdi_cells,tpcdi_9_total_balance,numeric,digit_typo,0.2
tpcdi_cells,tpcdi_9_total_balance,numeric,magnitude,0.05
tpcdi_cells,tpcdi_9_total_balance,numeric,sign_flip,0.05
tpcdi_cells,tpcdi_9_total_balance,numeric,wrong_random,0.0
tpcdi_cells,tpcdi_9_total_balance,numeric,no_answer,0.0
tpcdi_cells,tpcdi_9_total_balance,numeric,hedge,0.3
tpcdi_cells,tpcdi_9_total_balance,numeric,list_dump,0.25
tpcdi_cells,tpcdi_9_total_trade_volume,numeric,identity,1.0
tpcdi_cells,tpcdi_9_total_trade_volume,numeric,verbose,1.0
tpcdi_cells,tpcdi_9_total_trade_volume,numeric,tagged,1.0
tpcdi_cells,tpcdi_9_total_trade_volume,numeric,paraphrase,0.95
tpcdi_cells,tpcdi_9_total_trade_volume,numeric,unit_variant,1.0
tpcdi_cells,tpcdi_9_total_trade_volume,numeric,near_miss_small,0.75
tpcdi_cells,tpcdi_9_total_trade_volume,numeric,near_miss_medium,0.45
tpcdi_cells,tpcdi_9_total_trade_volume,numeric,near_miss_large,0.15
tpcdi_cells,tpcdi_9_total_trade_volume,numeric,digit_typo,0.2
tpcdi_cells,tpcdi_9_total_trade_volume,numeric,magnitude,0.05
tpcdi_cells,tpcdi_9_total_trade_volume,numeric,sign_flip,0.05
tpcdi_cells,tpcdi_9_total_trade_volume,numeric,wrong_random,0.0
tpcdi_cells,tpcdi_9_total_trade_volume,numeric,no_answer,0.0
tpcdi_cells,tpcdi_9_total_trade_volume,numeric,hedge,0.3
tpcdi_cells,tpcdi_9_total_trade_volume,numeric,list_dump,0.25
officeqa,UID0006,numeric,identity,1.0
officeqa,UID0006,numeric,verbose,1.0
officeqa,UID0006,numeric,tagged,1.0
officeqa,UID0006,numeric,paraphrase,0.95
officeqa,UID0006,numeric,unit_variant,1.0
officeqa,UID0006,numeric,near_miss_small,0.75
officeqa,UID0006,numeric,near_miss_medium,0.45
officeqa,UID0006,numeric,near_miss_large,0.15
officeqa,UID0006,numeric,digit_typo,0.2
officeqa,UID0006,numeric,magnitude,0.05
officeqa,UID0006,numeric,sign_flip,0.05
officeqa,UID0006,numeric,wrong_random,0.0
officeqa,UID0006,numeric,no_answer,0.0
officeqa,UID0006,numeric,hedge,0.3
officeqa,UID0006,numeric,list_dump,0.25
officeqa,UID0017,text,identity,1.0
officeqa,UID0017,text,verbose,1.0
officeqa,UID0017,text,tagged,1.0
officeqa,UID0017,text,paraphrase,0.95
officeqa,UID0017,text,partial,0.5
officeqa,UID0017,text,superset,0.6
officeqa,UID0017,text,typo,0.6
officeqa,UID0017,text,wrong_random,0.0
officeqa,UID0017,text,no_answer,0.0
officeqa,UID0017,text,hedge,0.3
officeqa,UID0017,text,list_dump,0.25
officeqa,UID0028,numeric,identity,1.0
officeqa,UID0028,numeric,verbose,1.0
officeqa,UID0028,numeric,tagged,1.0
officeqa,UID0028,numeric,paraphrase,0.95
officeqa,UID0028,numeric,unit_variant,1.0
officeqa,UID0028,numeric,near_miss_small,0.75
officeqa,UID0028,numeric,near_miss_medium,0.45
officeqa,UID0028,numeric,near_miss_large,0.15
officeqa,UID0028,numeric,digit_typo,0.2
officeqa,UID0028,numeric,magnitude,0.05
officeqa,UID0028,numeric,sign_flip,0.05
officeqa,UID0028,numeric,wrong_random,0.0
officeqa,UID0028,numeric,no_answer,0.0
officeqa,UID0028,numeric,hedge,0.3
officeqa,UID0028,numeric,list_dump,0.25
officeqa,UID0046,numeric,identity,1.0
officeqa,UID0046,numeric,verbose,1.0
officeqa,UID0046,numeric,tagged,1.0
officeqa,UID0046,numeric,paraphrase,0.95
officeqa,UID0046,numeric,unit_variant,1.0
officeqa,UID0046,numeric,near_miss_small,0.75
officeqa,UID0046,numeric,near_miss_medium,0.45
officeqa,UID0046,numeric,near_miss_large,0.15
officeqa,UID0046,numeric,digit_typo,0.2
officeqa,UID0046,numeric,magnitude,0.05
officeqa,UID0046,numeric,sign_flip,0.05
officeqa,UID0046,numeric,wrong_random,0.0
officeqa,UID0046,numeric,no_answer,0.0
officeqa,UID0046,numeric,hedge,0.3
officeqa,UID0046,numeric,list_dump,0.25
officeqa,UID0051,numeric,identity,1.0
officeqa,UID0051,numeric,verbose,1.0
officeqa,UID0051,numeric,tagged,1.0
officeqa,UID0051,numeric,paraphrase,0.95
officeqa,UID0051,numeric,unit_variant,1.0
officeqa,UID0051,numeric,near_miss_small,0.75
officeqa,UID0051,numeric,near_miss_medium,0.45
officeqa,UID0051,numeric,near_miss_large,0.15
officeqa,UID0051,numeric,digit_typo,0.2
officeqa,UID0051,numeric,magnitude,0.05
officeqa,UID0051,numeric,sign_flip,0.05
officeqa,UID0051,numeric,wrong_random,0.0
officeqa,UID0051,numeric,no_answer,0.0
officeqa,UID0051,numeric,hedge,0.3
officeqa,UID0051,numeric,list_dump,0.25
officeqa,UID0057,text,identity,1.0
officeqa,UID0057,text,verbose,1.0
officeqa,UID0057,text,tagged,1.0
officeqa,UID0057,text,paraphrase,0.95
officeqa,UID0057,text,partial,0.5
officeqa,UID0057,text,superset,0.6
officeqa,UID0057,text,typo,0.6
officeqa,UID0057,text,wrong_random,0.0
officeqa,UID0057,text,no_answer,0.0
officeqa,UID0057,text,hedge,0.3
officeqa,UID0057,text,list_dump,0.25
officeqa,UID0059,numeric,identity,1.0
officeqa,UID0059,numeric,verbose,1.0
officeqa,UID0059,numeric,tagged,1.0
officeqa,UID0059,numeric,paraphrase,0.95
officeqa,UID0059,numeric,unit_variant,1.0
officeqa,UID0059,numeric,near_miss_small,0.75
officeqa,UID0059,numeric,near_miss_medium,0.45
officeqa,UID0059,numeric,near_miss_large,0.15
officeqa,UID0059,numeric,digit_typo,0.2
officeqa,UID0059,numeric,magnitude,0.05
officeqa,UID0059,numeric,sign_flip,0.05
officeqa,UID0059,numeric,wrong_random,0.0
officeqa,UID0059,numeric,no_answer,0.0
officeqa,UID0059,numeric,hedge,0.3
officeqa,UID0059,numeric,list_dump,0.25
officeqa,UID0078,numeric,identity,1.0
officeqa,UID0078,numeric,verbose,1.0
officeqa,UID0078,numeric,tagged,1.0
officeqa,UID0078,numeric,paraphrase,0.95
officeqa,UID0078,numeric,unit_variant,1.0
officeqa,UID0078,numeric,near_miss_small,0.75
officeqa,UID0078,numeric,near_miss_medium,0.45
officeqa,UID0078,numeric,near_miss_large,0.15
officeqa,UID0078,numeric,digit_typo,0.2
officeqa,UID0078,numeric,magnitude,0.05
officeqa,UID0078,numeric,sign_flip,0.05
officeqa,UID0078,numeric,wrong_random,0.0
officeqa,UID0078,numeric,no_answer,0.0
officeqa,UID0078,numeric,hedge,0.3
officeqa,UID0078,numeric,list_dump,0.25
officeqa,UID0087,numeric,identity,1.0
officeqa,UID0087,numeric,verbose,1.0
officeqa,UID0087,numeric,tagged,1.0
officeqa,UID0087,numeric,paraphrase,0.95
officeqa,UID0087,numeric,unit_variant,1.0
officeqa,UID0087,numeric,near_miss_small,0.75
officeqa,UID0087,numeric,near_miss_medium,0.45
officeqa,UID0087,numeric,near_miss_large,0.15
officeqa,UID0087,numeric,digit_typo,0.2
officeqa,UID0087,numeric,magnitude,0.05
officeqa,UID0087,numeric,sign_flip,0.05
officeqa,UID0087,numeric,wrong_random,0.0
officeqa,UID0087,numeric,no_answer,0.0
officeqa,UID0087,numeric,hedge,0.3
officeqa,UID0087,numeric,list_dump,0.25
officeqa,UID0091,numeric,identity,1.0
officeqa,UID0091,numeric,verbose,1.0
officeqa,UID0091,numeric,tagged,1.0
officeqa,UID0091,numeric,paraphrase,0.95
officeqa,UID0091,numeric,unit_variant,1.0
officeqa,UID0091,numeric,near_miss_small,0.75
officeqa,UID0091,numeric,near_miss_medium,0.45
officeqa,UID0091,numeric,near_miss_large,0.15
officeqa,UID0091,numeric,digit_typo,0.2
officeqa,UID0091,numeric,magnitude,0.05
officeqa,UID0091,numeric,sign_flip,0.05
officeqa,UID0091,numeric,wrong_random,0.0
officeqa,UID0091,numeric,no_answer,0.0
officeqa,UID0091,numeric,hedge,0.3
officeqa,UID0091,numeric,list_dump,0.25
officeqa,UID0092,numeric,identity,1.0
officeqa,UID0092,numeric,verbose,1.0
officeqa,UID0092,numeric,tagged,1.0
officeqa,UID0092,numeric,paraphrase,0.95
officeqa,UID0092,numeric,unit_variant,1.0
officeqa,UID0092,numeric,near_miss_small,0.75
officeqa,UID0092,numeric,near_miss_medium,0.45
officeqa,UID0092,numeric,near_miss_large,0.15
officeqa,UID0092,numeric,digit_typo,0.2
officeqa,UID0092,numeric,magnitude,0.05
officeqa,UID0092,numeric,sign_flip,0.05
officeqa,UID0092,numeric,wrong_random,0.0
officeqa,UID0092,numeric,no_answer,0.0
officeqa,UID0092,numeric,hedge,0.3
officeqa,UID0092,numeric,list_dump,0.25
officeqa,UID0093,numeric,identity,1.0
officeqa,UID0093,numeric,verbose,1.0
officeqa,UID0093,numeric,tagged,1.0
officeqa,UID0093,numeric,paraphrase,0.95
officeqa,UID0093,numeric,unit_variant,1.0
officeqa,UID0093,numeric,near_miss_small,0.75
officeqa,UID0093,numeric,near_miss_medium,0.45
officeqa,UID0093,numeric,near_miss_large,0.15
officeqa,UID0093,numeric,digit_typo,0.2
officeqa,UID0093,numeric,magnitude,0.05
officeqa,UID0093,numeric,sign_flip,0.05
officeqa,UID0093,numeric,wrong_random,0.0
officeqa,UID0093,numeric,no_answer,0.0
officeqa,UID0093,numeric,hedge,0.3
officeqa,UID0093,numeric,list_dump,0.25
officeqa,UID0097,text,identity,1.0
officeqa,UID0097,text,verbose,1.0
officeqa,UID0097,text,tagged,1.0
officeqa,UID0097,text,paraphrase,0.95
officeqa,UID0097,text,partial,0.5
officeqa,UID0097,text,superset,0.6
officeqa,UID0097,text,typo,0.6
officeqa,UID0097,text,wrong_random,0.0
officeqa,UID0097,text,no_answer,0.0
officeqa,UID0097,text,hedge,0.3
officeqa,UID0097,text,list_dump,0.25
officeqa,UID0100,text,identity,1.0
officeqa,UID0100,text,verbose,1.0
officeqa,UID0100,text,tagged,1.0
officeqa,UID0100,text,paraphrase,0.95
officeqa,UID0100,text,partial,0.5
officeqa,UID0100,text,superset,0.6
officeqa,UID0100,text,typo,0.6
officeqa,UID0100,text,wrong_random,0.0
officeqa,UID0100,text,no_answer,0.0
officeqa,UID0100,text,hedge,0.3
officeqa,UID0100,text,list_dump,0.25
officeqa,UID0103,text,identity,1.0
officeqa,UID0103,text,verbose,1.0
officeqa,UID0103,text,tagged,1.0
officeqa,UID0103,text,paraphrase,0.95
officeqa,UID0103,text,partial,0.5
officeqa,UID0103,text,superset,0.6
officeqa,UID0103,text,typo,0.6
officeqa,UID0103,text,wrong_random,0.0
officeqa,UID0103,text,no_answer,0.0
officeqa,UID0103,text,hedge,0.3
officeqa,UID0103,text,list_dump,0.25
officeqa,UID0110,text,identity,1.0
officeqa,UID0110,text,verbose,1.0
officeqa,UID0110,text,tagged,1.0
officeqa,UID0110,text,paraphrase,0.95
officeqa,UID0110,text,partial,0.5
officeqa,UID0110,text,superset,0.6
officeqa,UID0110,text,typo,0.6
officeqa,UID0110,text,wrong_random,0.0
officeqa,UID0110,text,no_answer,0.0
officeqa,UID0110,text,hedge,0.3
officeqa,UID0110,text,list_dump,0.25
officeqa,UID0113,numeric,identity,1.0
officeqa,UID0113,numeric,verbose,1.0
officeqa,UID0113,numeric,tagged,1.0
officeqa,UID0113,numeric,paraphrase,0.95
officeqa,UID0113,numeric,unit_variant,1.0
officeqa,UID0113,numeric,near_miss_small,0.75
officeqa,UID0113,numeric,near_miss_medium,0.45
officeqa,UID0113,numeric,near_miss_large,0.15
officeqa,UID0113,numeric,digit_typo,0.2
officeqa,UID0113,numeric,magnitude,0.05
officeqa,UID0113,numeric,sign_flip,0.05
officeqa,UID0113,numeric,wrong_random,0.0
officeqa,UID0113,numeric,no_answer,0.0
officeqa,UID0113,numeric,hedge,0.3
officeqa,UID0113,numeric,list_dump,0.25
officeqa,UID0123,text,identity,1.0
officeqa,UID0123,text,verbose,1.0
officeqa,UID0123,text,tagged,1.0
officeqa,UID0123,text,paraphrase,0.95
officeqa,UID0123,text,partial,0.5
officeqa,UID0123,text,superset,0.6
officeqa,UID0123,text,typo,0.6
officeqa,UID0123,text,wrong_random,0.0
officeqa,UID0123,text,no_answer,0.0
officeqa,UID0123,text,hedge,0.3
officeqa,UID0123,text,list_dump,0.25
officeqa,UID0129,numeric,identity,1.0
officeqa,UID0129,numeric,verbose,1.0
officeqa,UID0129,numeric,tagged,1.0
officeqa,UID0129,numeric,paraphrase,0.95
officeqa,UID0129,numeric,unit_variant,1.0
officeqa,UID0129,numeric,near_miss_small,0.75
officeqa,UID0129,numeric,near_miss_medium,0.45
officeqa,UID0129,numeric,near_miss_large,0.15
officeqa,UID0129,numeric,digit_typo,0.2
officeqa,UID0129,numeric,magnitude,0.05
officeqa,UID0129,numeric,sign_flip,0.05
officeqa,UID0129,numeric,wrong_random,0.0
officeqa,UID0129,numeric,no_answer,0.0
officeqa,UID0129,numeric,hedge,0.3
officeqa,UID0129,numeric,list_dump,0.25
officeqa,UID0139,numeric,identity,1.0
officeqa,UID0139,numeric,verbose,1.0
officeqa,UID0139,numeric,tagged,1.0
officeqa,UID0139,numeric,paraphrase,0.95
officeqa,UID0139,numeric,unit_variant,1.0
officeqa,UID0139,numeric,near_miss_small,0.75
officeqa,UID0139,numeric,near_miss_medium,0.45
officeqa,UID0139,numeric,near_miss_large,0.15
officeqa,UID0139,numeric,digit_typo,0.2
officeqa,UID0139,numeric,magnitude,0.05
officeqa,UID0139,numeric,sign_flip,0.05
officeqa,UID0139,numeric,wrong_random,0.0
officeqa,UID0139,numeric,no_answer,0.0
officeqa,UID0139,numeric,hedge,0.3
officeqa,UID0139,numeric,list_dump,0.25
officeqa,UID0140,numeric,identity,1.0
officeqa,UID0140,numeric,verbose,1.0
officeqa,UID0140,numeric,tagged,1.0
officeqa,UID0140,numeric,paraphrase,0.95
officeqa,UID0140,numeric,unit_variant,1.0
officeqa,UID0140,numeric,near_miss_small,0.75
officeqa,UID0140,numeric,near_miss_medium,0.45
officeqa,UID0140,numeric,near_miss_large,0.15
officeqa,UID0140,numeric,digit_typo,0.2
officeqa,UID0140,numeric,magnitude,0.05
officeqa,UID0140,numeric,sign_flip,0.05
officeqa,UID0140,numeric,wrong_random,0.0
officeqa,UID0140,numeric,no_answer,0.0
officeqa,UID0140,numeric,hedge,0.3
officeqa,UID0140,numeric,list_dump,0.25
officeqa,UID0147,numeric,identity,1.0
officeqa,UID0147,numeric,verbose,1.0
officeqa,UID0147,numeric,tagged,1.0
officeqa,UID0147,numeric,paraphrase,0.95
officeqa,UID0147,numeric,unit_variant,1.0
officeqa,UID0147,numeric,near_miss_small,0.75
officeqa,UID0147,numeric,near_miss_medium,0.45
officeqa,UID0147,numeric,near_miss_large,0.15
officeqa,UID0147,numeric,digit_typo,0.2
officeqa,UID0147,numeric,magnitude,0.05
officeqa,UID0147,numeric,sign_flip,0.05
officeqa,UID0147,numeric,wrong_random,0.0
officeqa,UID0147,numeric,no_answer,0.0
officeqa,UID0147,numeric,hedge,0.3
officeqa,UID0147,numeric,list_dump,0.25
officeqa,UID0148,text,identity,1.0
officeqa,UID0148,text,verbose,1.0
officeqa,UID0148,text,tagged,1.0
officeqa,UID0148,text,paraphrase,0.95
officeqa,UID0148,text,partial,0.5
officeqa,UID0148,text,superset,0.6
officeqa,UID0148,text,typo,0.6
officeqa,UID0148,text,wrong_random,0.0
officeqa,UID0148,text,no_answer,0.0
officeqa,UID0148,text,hedge,0.3
officeqa,UID0148,text,list_dump,0.25
officeqa,UID0150,text,identity,1.0
officeqa,UID0150,text,verbose,1.0
officeqa,UID0150,text,tagged,1.0
officeqa,UID0150,text,paraphrase,0.95
officeqa,UID0150,text,partial,0.5
officeqa,UID0150,text,superset,0.6
officeqa,UID0150,text,typo,0.6
officeqa,UID0150,text,wrong_random,0.0
officeqa,UID0150,text,no_answer,0.0
officeqa,UID0150,text,hedge,0.3
officeqa,UID0150,text,list_dump,0.25
officeqa,UID0153,numeric,identity,1.0
officeqa,UID0153,numeric,verbose,1.0
officeqa,UID0153,numeric,tagged,1.0
officeqa,UID0153,numeric,paraphrase,0.95
officeqa,UID0153,numeric,unit_variant,1.0
officeqa,UID0153,numeric,near_miss_small,0.75
officeqa,UID0153,numeric,near_miss_medium,0.45
officeqa,UID0153,numeric,near_miss_large,0.15
officeqa,UID0153,numeric,digit_typo,0.2
officeqa,UID0153,numeric,magnitude,0.05
officeqa,UID0153,numeric,sign_flip,0.05
officeqa,UID0153,numeric,wrong_random,0.0
officeqa,UID0153,numeric,no_answer,0.0
officeqa,UID0153,numeric,hedge,0.3
officeqa,UID0153,numeric,list_dump,0.25
officeqa,UID0158,numeric,identity,1.0
officeqa,UID0158,numeric,verbose,1.0
officeqa,UID0158,numeric,tagged,1.0
officeqa,UID0158,numeric,paraphrase,0.95
officeqa,UID0158,numeric,unit_variant,1.0
officeqa,UID0158,numeric,near_miss_small,0.75
officeqa,UID0158,numeric,near_miss_medium,0.45
officeqa,UID0158,numeric,near_miss_large,0.15
officeqa,UID0158,numeric,digit_typo,0.2
officeqa,UID0158,numeric,magnitude,0.05
officeqa,UID0158,numeric,sign_flip,0.05
officeqa,UID0158,numeric,wrong_random,0.0
officeqa,UID0158,numeric,no_answer,0.0
officeqa,UID0158,numeric,hedge,0.3
officeqa,UID0158,numeric,list_dump,0.25
officeqa,UID0171,numeric,identity,1.0
officeqa,UID0171,numeric,verbose,1.0
officeqa,UID0171,numeric,tagged,1.0
officeqa,UID0171,numeric,paraphrase,0.95
officeqa,UID0171,numeric,unit_variant,1.0
officeqa,UID0171,numeric,near_miss_small,0.75
officeqa,UID0171,numeric,near_miss_medium,0.45
officeqa,UID0171,numeric,near_miss_large,0.15
officeqa,UID0171,numeric,digit_typo,0.2
officeqa,UID0171,numeric,magnitude,0.05
officeqa,UID0171,numeric,sign_flip,0.05
officeqa,UID0171,numeric,wrong_random,0.0
officeqa,UID0171,numeric,no_answer,0.0
officeqa,UID0171,numeric,hedge,0.3
officeqa,UID0171,numeric,list_dump,0.25
officeqa,UID0189,numeric,identity,1.0
officeqa,UID0189,numeric,verbose,1.0
officeqa,UID0189,numeric,tagged,1.0
officeqa,UID0189,numeric,paraphrase,0.95
officeqa,UID0189,numeric,unit_variant,1.0
officeqa,UID0189,numeric,near_miss_small,0.75
officeqa,UID0189,numeric,near_miss_medium,0.45
officeqa,UID0189,numeric,near_miss_large,0.15
officeqa,UID0189,numeric,digit_typo,0.2
officeqa,UID0189,numeric,magnitude,0.05
officeqa,UID0189,numeric,sign_flip,0.05
officeqa,UID0189,numeric,wrong_random,0.0
officeqa,UID0189,numeric,no_answer,0.0
officeqa,UID0189,numeric,hedge,0.3
officeqa,UID0189,numeric,list_dump,0.25
officeqa,UID0196,numeric,identity,1.0
officeqa,UID0196,numeric,verbose,1.0
officeqa,UID0196,numeric,tagged,1.0
officeqa,UID0196,numeric,paraphrase,0.95
officeqa,UID0196,numeric,unit_variant,1.0
officeqa,UID0196,numeric,near_miss_small,0.75
officeqa,UID0196,numeric,near_miss_medium,0.45
officeqa,UID0196,numeric,near_miss_large,0.15
officeqa,UID0196,numeric,digit_typo,0.2
officeqa,UID0196,numeric,magnitude,0.05
officeqa,UID0196,numeric,sign_flip,0.05
officeqa,UID0196,numeric,wrong_random,0.0
officeqa,UID0196,numeric,no_answer,0.0
officeqa,UID0196,numeric,hedge,0.3
officeqa,UID0196,numeric,list_dump,0.25
officeqa,UID0198,numeric,identity,1.0
officeqa,UID0198,numeric,verbose,1.0
officeqa,UID0198,numeric,tagged,1.0
officeqa,UID0198,numeric,paraphrase,0.95
officeqa,UID0198,numeric,unit_variant,1.0
officeqa,UID0198,numeric,near_miss_small,0.75
officeqa,UID0198,numeric,near_miss_medium,0.45
officeqa,UID0198,numeric,near_miss_large,0.15
officeqa,UID0198,numeric,digit_typo,0.2
officeqa,UID0198,numeric,magnitude,0.05
officeqa,UID0198,numeric,sign_flip,0.05
officeqa,UID0198,numeric,wrong_random,0.0
officeqa,UID0198,numeric,no_answer,0.0
officeqa,UID0198,numeric,hedge,0.3
officeqa,UID0198,numeric,list_dump,0.25
officeqa,UID0202,text,identity,1.0
officeqa,UID0202,text,verbose,1.0
officeqa,UID0202,text,tagged,1.0
officeqa,UID0202,text,paraphrase,0.95
officeqa,UID0202,text,partial,0.5
officeqa,UID0202,text,superset,0.6
officeqa,UID0202,text,typo,0.6
officeqa,UID0202,text,wrong_random,0.0
officeqa,UID0202,text,no_answer,0.0
officeqa,UID0202,text,hedge,0.3
officeqa,UID0202,text,list_dump,0.25
officeqa,UID0206,numeric,identity,1.0
officeqa,UID0206,numeric,verbose,1.0
officeqa,UID0206,numeric,tagged,1.0
officeqa,UID0206,numeric,paraphrase,0.95
officeqa,UID0206,numeric,unit_variant,1.0
officeqa,UID0206,numeric,near_miss_small,0.75
officeqa,UID0206,numeric,near_miss_medium,0.45
officeqa,UID0206,numeric,near_miss_large,0.15
officeqa,UID0206,numeric,digit_typo,0.2
officeqa,UID0206,numeric,magnitude,0.05
officeqa,UID0206,numeric,sign_flip,0.05
officeqa,UID0206,numeric,wrong_random,0.0
officeqa,UID0206,numeric,no_answer,0.0
officeqa,UID0206,numeric,hedge,0.3
officeqa,UID0206,numeric,list_dump,0.25
officeqa,UID0210,numeric,identity,1.0
officeqa,UID0210,numeric,verbose,1.0
officeqa,UID0210,numeric,tagged,1.0
officeqa,UID0210,numeric,paraphrase,0.95
officeqa,UID0210,numeric,unit_variant,1.0
officeqa,UID0210,numeric,near_miss_small,0.75
officeqa,UID0210,numeric,near_miss_medium,0.45
officeqa,UID0210,numeric,near_miss_large,0.15
officeqa,UID0210,numeric,digit_typo,0.2
officeqa,UID0210,numeric,magnitude,0.05
officeqa,UID0210,numeric,sign_flip,0.05
officeqa,UID0210,numeric,wrong_random,0.0
officeqa,UID0210,numeric,no_answer,0.0
officeqa,UID0210,numeric,hedge,0.3
officeqa,UID0210,numeric,list_dump,0.25
officeqa,UID0212,numeric,identity,1.0
officeqa,UID0212,numeric,verbose,1.0
officeqa,UID0212,numeric,tagged,1.0
officeqa,UID0212,numeric,paraphrase,0.95
officeqa,UID0212,numeric,unit_variant,1.0
officeqa,UID0212,numeric,near_miss_small,0.75
officeqa,UID0212,numeric,near_miss_medium,0.45
officeqa,UID0212,numeric,near_miss_large,0.15
officeqa,UID0212,numeric,digit_typo,0.2
officeqa,UID0212,numeric,magnitude,0.05
officeqa,UID0212,numeric,sign_flip,0.05
officeqa,UID0212,numeric,wrong_random,0.0
officeqa,UID0212,numeric,no_answer,0.0
officeqa,UID0212,numeric,hedge,0.3
officeqa,UID0212,numeric,list_dump,0.25
officeqa,UID0214,numeric,identity,1.0
officeqa,UID0214,numeric,verbose,1.0
officeqa,UID0214,numeric,tagged,1.0
officeqa,UID0214,numeric,paraphrase,0.95
officeqa,UID0214,numeric,unit_variant,1.0
officeqa,UID0214,numeric,near_miss_small,0.75
officeqa,UID0214,numeric,near_miss_medium,0.45
officeqa,UID0214,numeric,near_miss_large,0.15
officeqa,UID0214,numeric,digit_typo,0.2
officeqa,UID0214,numeric,magnitude,0.05
officeqa,UID0214,numeric,sign_flip,0.05
officeqa,UID0214,numeric,wrong_random,0.0
officeqa,UID0214,numeric,no_answer,0.0
officeqa,UID0214,numeric,hedge,0.3
officeqa,UID0214,numeric,list_dump,0.25
officeqa,UID0216,numeric,identity,1.0
officeqa,UID0216,numeric,verbose,1.0
officeqa,UID0216,numeric,tagged,1.0
officeqa,UID0216,numeric,paraphrase,0.95
officeqa,UID0216,numeric,unit_variant,1.0
officeqa,UID0216,numeric,near_miss_small,0.75
officeqa,UID0216,numeric,near_miss_medium,0.45
officeqa,UID0216,numeric,near_miss_large,0.15
officeqa,UID0216,numeric,digit_typo,0.2
officeqa,UID0216,numeric,magnitude,0.05
officeqa,UID0216,numeric,sign_flip,0.05
officeqa,UID0216,numeric,wrong_random,0.0
officeqa,UID0216,numeric,no_answer,0.0
officeqa,UID0216,numeric,hedge,0.3
officeqa,UID0216,numeric,list_dump,0.25
officeqa,UID0225,numeric,identity,1.0
officeqa,UID0225,numeric,verbose,1.0
officeqa,UID0225,numeric,tagged,1.0
officeqa,UID0225,numeric,paraphrase,0.95
officeqa,UID0225,numeric,unit_variant,1.0
officeqa,UID0225,numeric,near_miss_small,0.75
officeqa,UID0225,numeric,near_miss_medium,0.45
officeqa,UID0225,numeric,near_miss_large,0.15
officeqa,UID0225,numeric,digit_typo,0.2
officeqa,UID0225,numeric,magnitude,0.05
officeqa,UID0225,numeric,sign_flip,0.05
officeqa,UID0225,numeric,wrong_random,0.0
officeqa,UID0225,numeric,no_answer,0.0
officeqa,UID0225,numeric,hedge,0.3
officeqa,UID0225,numeric,list_dump,0.25
officeqa,UID0226,numeric,identity,1.0
officeqa,UID0226,numeric,verbose,1.0
officeqa,UID0226,numeric,tagged,1.0
officeqa,UID0226,numeric,paraphrase,0.95
officeqa,UID0226,numeric,unit_variant,1.0
officeqa,UID0226,numeric,near_miss_small,0.75
officeqa,UID0226,numeric,near_miss_medium,0.45
officeqa,UID0226,numeric,near_miss_large,0.15
officeqa,UID0226,numeric,digit_typo,0.2
officeqa,UID0226,numeric,magnitude,0.05
officeqa,UID0226,numeric,sign_flip,0.05
officeqa,UID0226,numeric,wrong_random,0.0
officeqa,UID0226,numeric,no_answer,0.0
officeqa,UID0226,numeric,hedge,0.3
officeqa,UID0226,numeric,list_dump,0.25
officeqa,UID0242,text,identity,1.0
officeqa,UID0242,text,verbose,1.0
officeqa,UID0242,text,tagged,1.0
officeqa,UID0242,text,paraphrase,0.95
officeqa,UID0242,text,partial,0.5
officeqa,UID0242,text,superset,0.6
officeqa,UID0242,text,typo,0.6
officeqa,UID0242,text,wrong_random,0.0
officeqa,UID0242,text,no_answer,0.0
officeqa,UID0242,text,hedge,0.3
officeqa,UID0242,text,list_dump,0.25
officeqa,UID0246,numeric,identity,1.0
officeqa,UID0246,numeric,verbose,1.0
officeqa,UID0246,numeric,tagged,1.0
officeqa,UID0246,numeric,paraphrase,0.95
officeqa,UID0246,numeric,unit_variant,1.0
officeqa,UID0246,numeric,near_miss_small,0.75
officeqa,UID0246,numeric,near_miss_medium,0.45
officeqa,UID0246,numeric,near_miss_large,0.15
officeqa,UID0246,numeric,digit_typo,0.2
officeqa,UID0246,numeric,magnitude,0.05
officeqa,UID0246,numeric,sign_flip,0.05
officeqa,UID0246,numeric,wrong_random,0.0
officeqa,UID0246,numeric,no_answer,0.0
officeqa,UID0246,numeric,hedge,0.3
officeqa,UID0246,numeric,list_dump,0.25
