rank,rho,auc,js,bad,tau_native,J,w_tok_f1,w_num_decay_2p5,w_prefix_ratio,lambda
1,0.9014035670162496,0.9964055948226619,0.04391693277745681,0.033203903955460724,0.8951941491376547,0.9348485026820121,0.08,0.9,0.02,0.25
2,0.899823316596041,0.9965010895036042,0.04273850358070513,0.033117057687899416,0.8951600293594201,0.9347410258365063,0.08,0.9,0.02,0.75
3,0.9002855695179655,0.9963942067009284,0.042965731774376265,0.032874933665940305,0.8936580287233566,0.9346212298040327,0.06,0.9,0.04,0.75
4,0.9010761316433232,0.9962654895295154,0.04405051372316791,0.0329594008243264,0.8936921485015911,0.9345143134933925,0.06,0.9,0.04,0.25
5,0.899356214674926,0.9959144442552069,0.042396077283772704,0.032390685622022033,0.8933700203993903,0.9344884748861741,0.02,0.9,0.08,0.75
6,0.899869685012858,0.9961787000544096,0.04243221943846585,0.03263280964398118,0.8922243369670843,0.9344514486167279,0.04,0.9,0.06,0.75
7,0.9007434165884028,0.996363701376345,0.04376457266120889,0.03324001221502284,0.8922422563242509,0.9342381297996156,0.06,0.92,0.02,0.25
8,0.8998571849485872,0.9961438678144006,0.043076109308979205,0.0329955090838885,0.8922422563242509,0.9341868344324251,0.04,0.92,0.04,0.25
9,0.9001214399806003,0.9959760371542067,0.043694318367358244,0.03271489769319205,0.8922422563242509,0.934118681192588,0.04,0.9,0.06,0.25
10,0.9023957411711842,0.9963605018564294,0.0484221004252968,0.032923292564764436,0.896644041314995,0.9341130804835154,0.08,0.88,0.04,0.25
11,0.8992869175171232,0.9963250902207533,0.0421568465807716,0.03291336303404189,0.890774444789744,0.934104438199584,0.04,0.92,0.04,0.75
12,0.9072049794891487,0.9968820521443313,0.059527123846343136,0.031891103836702045,0.9062103693009086,0.9340712390218897,0.28,0.64,0.08,0.75
13,0.9080494293663297,0.9968704870643152,0.060879313385854,0.03161055044664132,0.9065666865046661,0.9340422380530187,0.28,0.62,0.1,0.75
14,0.9076524698648049,0.9969025279301249,0.06053141308282634,0.03185267446860031,0.9065666865046661,0.9339799143364211,0.3,0.62,0.08,0.75
15,0.8994409042633589,0.9964626610146268,0.042787638518729354,0.033155487056001,0.890774444789744,0.933940836957999,0.06,0.92,0.02,0.75
16,0.9010982542492905,0.9964613338275075,0.047072135604984994,0.03283650429783885,0.8951600293594201,0.9339232325729856,0.08,0.88,0.04,0.75
17,0.9022554463864758,0.9964602007236658,0.04886669005015256,0.03316779569589887,0.896644041314995,0.9339087648025595,0.1,0.88,0.02,0.25
18,0.8991255850352766,0.9964398219795111,0.041774990984672265,0.03319391642410263,0.8893077902962591,0.9339073196017744,0.04,0.94,0.02,0.75
19,0.9068084497641667,0.9969232720075082,0.0598244252546624,0.03213322785866122,0.9065666865046661,0.9338777028065571,0.3,0.64,0.06,0.75
20,0.9060365455161573,0.9969374058367875,0.05893489712878502,0.03241378124872183,0.9065666865046661,0.933848804491721,0.3,0.66,0.04,0.75
21,0.9006365370886406,0.9963413132994333,0.04272376963801189,0.033276120474584975,0.8878578981189188,0.9338381446274595,0.04,0.94,0.02,0.25
22,0.9073459283036118,0.9969387929613895,0.060601842374978704,0.03209479849055952,0.9065666865046661,0.9338246452202568,0.32,0.62,0.06,0.75
23,0.9075862318516418,0.996815664246707,0.059619648386981236,0.031648979814743065,0.9036993029921213,0.9338207244648798,0.26,0.64,0.1,0.75
24,0.906484023180428,0.9969508318329364,0.05959998747959795,0.032375351880620296,0.9065666865046661,0.9338008430538727,0.32,0.64,0.04,0.75
25,0.9026267711172207,0.9962497659298588,0.050655829606981874,0.032642681174067906,0.8980939334923351,0.9337948671804599,0.08,0.86,0.06,0.25
26,0.8986181828706281,0.9961196730505071,0.041685900707831465,0.03295179240214356,0.8893077902962591,0.933781207437539,0.02,0.94,0.04,0.75
27,0.8996902106914134,0.9957718957960946,0.04359973726819631,0.032470394562057685,0.8904522473642209,0.9337663808208821,0.02,0.9,0.08,0.25
28,0.9024103611759864,0.9961517538746386,0.04997515885994355,0.0323560024643762,0.896644041314995,0.93375149436739,0.06,0.86,0.08,0.5
29,0.9029951602777415,0.9963251615748995,0.050782007539996,0.032318733650544405,0.896644041314995,0.93372759169783,0.08,0.84,0.08,0.5
30,0.9032577868461147,0.9964213326931477,0.0507173156511011,0.03288718430520228,0.896644041314995,0.9337257813386065,0.1,0.86,0.04,0.25
31,0.9081227355466853,0.9969181345089817,0.061171335288863427,0.03181424510049896,0.9050646858686027,0.9337210782873836,0.32,0.6,0.08,0.75
32,0.8983230214127761,0.9963228925130503,0.04151002849621467,0.03323234579220421,0.8893077902962591,0.9337177772350588,0.02,0.96,0.02,0.75
33,0.9036644391399362,0.9963538545041694,0.05209881151549285,0.03260657291450594,0.8980939334923351,0.9337126459566332,0.1,0.84,0.06,0.25
34,0.9038153734220422,0.9964495033100674,0.052213307447872656,0.032851076045640186,0.8980939334923351,0.9336903363931537,0.12,0.84,0.04,0.25
35,0.9008920117887523,0.9963284067614686,0.04777987849686119,0.03259438027587973,0.8951600293594201,0.9336856341472434,0.06,0.88,0.06,0.75
36,0.898546914118368,0.9960162123926831,0.04209869786529776,0.03267123901208278,0.8893077902962591,0.9336813103088056,0.02,0.92,0.06,0.75
37,0.9066536149454782,0.9968296268260354,0.0580087367105729,0.03192953320480358,0.9018930936110235,0.9336808025521262,0.26,0.66,0.08,0.75
38,0.9062979052162733,0.9969010038055621,0.05770061844116144,0.03217165722676277,0.9022494108147812,0.9336787230963228,0.28,0.66,0.06,0.75
39,0.9035398405073516,0.9963806437048187,0.05164955004915918,0.032281464836712716,0.896644041314995,0.9336564519938213,0.1,0.82,0.08,0.5
40,0.9092706290201412,0.9969744871594846,0.06334527600656356,0.03194108101815333,0.9065313403620875,0.933641263518965,0.4,0.54,0.06,0.75
41,0.9004057569335362,0.9965427317833264,0.0472449915417269,0.033078628319798055,0.8951600293594201,0.9336293925866952,0.1,0.88,0.02,0.75
42,0.9056744109817452,0.9966646446233578,0.05659733742581393,0.032006391941006684,0.9008157190585089,0.9335925598522541,0.22,0.7,0.08,0.75
43,0.9055014244921694,0.9969135450102982,0.05701111760792213,0.03245221061682326,0.9022494108147812,0.9335844972683507,0.28,0.68,0.04,0.75
44,0.9087982765259892,0.9969680481613316,0.06303171399808488,0.03197951038625485,0.9065313403620875,0.933581380918305,0.38,0.56,0.06,0.75
45,0.9077598576203859,0.9969511857495016,0.06119552606889521,0.03205636912245804,0.9050646858686027,0.9335617678075024,0.34,0.6,0.06,0.75
46,0.9084560980838257,0.9968910199334258,0.06308634076334625,0.03157212107853979,0.9065666865046661,0.9335381909817313,0.3,0.6,0.1,0.75
47,0.9059203899245066,0.9965981197257726,0.057205500809150725,0.0317642679190477,0.9008157190585089,0.9335293207453985,0.2,0.7,0.1,0.75
48,0.9031086192606022,0.9964955295885323,0.051112861019175844,0.03313168743633659,0.896644041314995,0.9335291297028401,0.12,0.86,0.02,0.25
49,0.9016695037967147,0.9965067578769783,0.04909513310989213,0.032798074929737187,0.8951600293594201,0.9335253932246418,0.1,0.86,0.04,0.75
50,0.9016279880624571,0.9963979370956917,0.04928103912987911,0.03255595090777805,0.8951600293594201,0.933491399052942,0.08,0.86,0.06,0.75
51,0.9057682458725088,0.9969747839927328,0.05905372251649744,0.032655905270681,0.9050646858686026,0.9334659106626999,0.32,0.66,0.02,0.75
52,0.8989680318338521,0.9958397621516282,0.043180579369447504,0.03275100595275417,0.8893419100744936,0.9334581776497202,0.02,0.92,0.06,0.25
53,0.8990921178451887,0.9961806294705228,0.04242924375409487,0.03331222873414706,0.8878578981189188,0.9334284768346031,0.02,0.96,0.02,0.25
54,0.9069751486051386,0.9969620087463972,0.0606788204501972,0.03233692251251855,0.9050646858686027,0.9334209576011896,0.34,0.62,0.04,0.75
55,0.9052815173630108,0.9967740961752968,0.055914653910717226,0.03224851596296586,0.8993137184224452,0.9334143654239685,0.24,0.7,0.06,0.75
56,0.9065137273010972,0.9966576062503766,0.058341682849220415,0.03172583855094607,0.9008157190585089,0.9333960979717355,0.22,0.68,0.1,0.75
57,0.9085891668532774,0.9969871653641814,0.06256171466536996,0.0322216344082139,0.905029339726024,0.9333834038384232,0.4,0.56,0.04,0.75
58,0.9074744947915406,0.9969727347016539,0.06138906951537342,0.0322984931444171,0.9050646858686027,0.9333751216631938,0.36,0.6,0.04,0.75
59,0.9050821047925404,0.9966256395928791,0.05592095575141036,0.032044821309108316,0.8993317071029339,0.9333738920714462,0.2,0.72,0.08,0.75
60,0.9030170942356609,0.9960024210633056,0.052065028208533294,0.03207542007399775,0.896644041314995,0.9333642220126047,0.06,0.84,0.1,0.5
61,0.9021462098893976,0.996365276875893,0.05044926760992435,0.032275397517717345,0.8951600293594201,0.9333609977591093,0.08,0.84,0.08,0.75
62,0.901436994825946,0.9962315392267534,0.04961894193339982,0.03231382688581889,0.8951600293594201,0.9333600680662514,0.06,0.86,0.08,0.75
63,0.898863119150913,0.9959333473956182,0.04260846720990503,0.03303161734345069,0.8878578981189188,0.9333270942350423,0.02,0.94,0.04,0.25
64,0.9045427062462125,0.9965789682729326,0.05478548561127484,0.032083250677209706,0.8978476951473588,0.9333024115706495,0.18,0.74,0.08,0.75
65,0.904594901052251,0.9966780306611849,0.05552300630241905,0.032286945331067414,0.8993317071029339,0.9333019887445304,0.22,0.72,0.06,0.75
66,0.9062208788421391,0.9967593972211796,0.05728592723246371,0.03196796257290518,0.8989574012186877,0.9333009662778405,0.24,0.68,0.08,0.75
67,0.9019524118786172,0.9960211529537659,0.05095900641233412,0.032398178042933524,0.8965919328562717,0.9332943896585634,0.06,0.86,0.08,0.25
68,0.9037395474896732,0.9962306772686674,0.0532601148583249,0.03203815126016605,0.896644041314995,0.9332778210657617,0.08,0.82,0.1,0.5
69,0.9079558094686402,0.997012635940209,0.06139858855623039,0.0325021877982746,0.9035626852325391,0.9332567156113182,0.4,0.58,0.02,0.75
70,0.9022829491045291,0.9964577061827146,0.05007967950505173,0.03251752153967658,0.8936580287233565,0.9332487996050848,0.1,0.84,0.06,0.75
71,0.9085017446843301,0.9969288033809216,0.06332757396699822,0.03177581573239733,0.9050646858686027,0.9332219082635046,0.34,0.58,0.08,0.75
72,0.9070725477093461,0.9967472156413403,0.05962181480568303,0.03168740918284458,0.9008157190585088,0.9332155033714205,0.24,0.66,0.1,0.75
73,0.9051933620141773,0.9965419212002256,0.05672748905033328,0.03180269728714924,0.8993137184224452,0.9332077216632242,0.18,0.72,0.1,0.75
74,0.901397590457748,0.9961310526097431,0.04904423541016999,0.03267878943363009,0.8936921485015911,0.9332058243752098,0.06,0.88,0.06,0.25
75,0.903252195915501,0.9964517581010874,0.052064501163006066,0.032198538781514234,0.8947683660130837,0.9331963301086279,0.12,0.8,0.08,0.75
76,0.9051799538184712,0.99696094128837,0.057866123120528766,0.03269433463878252,0.9021990906154785,0.9331924902310708,0.3,0.68,0.02,0.75
77,0.9028862913679848,0.9964942509222323,0.05100406512103237,0.03247909217157505,0.8936580287233565,0.9331762485598605,0.12,0.82,0.06,0.75
78,0.9057956083826116,0.9968436750303392,0.057349227414939495,0.03221008659486429,0.8993137184224452,0.933172785015659,0.26,0.68,0.06,0.75
79,0.9045690796634136,0.9964071646138782,0.055080693437897114,0.03257046465494391,0.8980939334923351,0.9331388670296514,0.12,0.82,0.06,0.25
80,0.9045731912749378,0.9964907003399175,0.055534534721856404,0.031841126655250705,0.8978476951473588,0.933130611806263,0.16,0.74,0.1,0.75
81,0.9081054337835583,0.9969780434501312,0.062149073073138515,0.032260063776315524,0.9035626852325391,0.9331282947785123,0.38,0.58,0.04,0.75
82,0.9093997045622731,0.9969503352080789,0.06446090557222822,0.0316989569961943,0.9046175891274097,0.9331158228597134,0.38,0.54,0.08,0.75
83,0.9030014225487919,0.9961719585146765,0.053558186978096896,0.032362069783371486,0.8980939334923351,0.9331142704585542,0.08,0.84,0.08,0.25
84,0.9088503650186943,0.996911370135922,0.06429101170797279,0.0315336917104383,0.9050646858686027,0.933094314811234,0.32,0.58,0.1,0.75
85,0.9021723025871193,0.9965281412875114,0.05040610942662357,0.03275964556163562,0.8936580287233565,0.9330835583453796,0.12,0.84,0.04,0.75
86,0.9027347295252547,0.9964117655292253,0.05131502238757713,0.0322369681496159,0.8936580287233565,0.9330771087012079,0.1,0.82,0.08,0.75
87,0.8960828302069108,0.9949833240222832,0.04432940411932023,0.03344840708659507,0.8965299619466199,0.9330713982423885,0.1,0.9,0.0,0.25
88,0.9089857376505756,0.9969369491702518,0.06500993513855882,0.03173738636429577,0.90617502315833,0.9330571376650183,0.36,0.56,0.08,0.75
89,0.9083092917031289,0.9969630362461024,0.0635781304917873,0.03201793975435641,0.9050646858686027,0.9330485871633745,0.36,0.58,0.06,0.75
90,0.8954935804637212,0.9949206008736077,0.04375881126077687,0.033484515346157304,0.8965299619466199,0.9330426314926953,0.08,0.92,0.0,0.25
91,0.9073629064158609,0.9970052493589943,0.06155533873492482,0.032540617166376344,0.9035626852325391,0.9330248222935897,0.38,0.6,0.02,0.75
92,0.9010253977180129,0.996569760733907,0.04939575076599,0.03304019895169629,0.8936580287233565,0.932981147009438,0.12,0.86,0.02,0.75
93,0.9003943305065754,0.9960992029730453,0.04817247303193499,0.03235225625392058,0.8918680197633266,0.9329432937215383,0.04,0.88,0.08,0.75
94,0.9016202947198303,0.9965862521041767,0.05023053084548113,0.033001769583594735,0.8936580287233565,0.932928909072961,0.14,0.84,0.02,0.75
95,0.9019224602323728,0.9961327194425983,0.05177936856937575,0.0320332734957583,0.8951600293594201,0.9329236280397829,0.06,0.84,0.1,0.75
96,0.900884483627723,0.9958943309484761,0.04935292986803873,0.03243428630249572,0.8933358312978336,0.9329227667299722,0.04,0.88,0.08,0.25
97,0.8940643638952585,0.995062624166204,0.04283424421083942,0.03335918170985852,0.8964958421683853,0.9329218924361532,0.1,0.9,0.0,0.75
98,0.904842215016069,0.9968614450669089,0.056304825743007714,0.03249063998492489,0.8978297064668702,0.9329120706623917,0.26,0.7,0.04,0.75
99,0.9032987663040536,0.9965288377039784,0.053165028617740244,0.0324406628034734,0.8951246832168414,0.9329093408415376,0.14,0.8,0.06,0.75
100,0.906192724314175,0.9969863719060756,0.06084332828654241,0.03261747590257954,0.9035626852325391,0.9328610070864939,0.34,0.64,0.02,0.75
101,0.9030914782623357,0.9963734854568719,0.053373044709115136,0.03195641475955525,0.8951246832168414,0.9328606804440496,0.1,0.8,0.1,0.75
102,0.909629343558841,0.9969324167548851,0.06594195511170063,0.03145683297423529,0.9049739063311674,0.9328565586104784,0.36,0.54,0.1,0.75
103,0.9044293263875759,0.9969354193373572,0.055960242428463106,0.03273276400688405,0.8978297064668702,0.9328503011378325,0.28,0.7,0.02,0.75
104,0.9025215922572875,0.9965541541550501,0.05167353210800513,0.032721216193534124,0.8936580287233565,0.9328342321667533,0.14,0.82,0.04,0.75
105,0.9042804312618146,0.9967854100887182,0.056203377659953466,0.03252906935302651,0.8978297064668702,0.9327537161450324,0.24,0.72,0.04,0.75
106,0.9066755570177999,0.9969964642365142,0.06183349270206544,0.03257904653447769,0.9035626852325391,0.9327293555623797,0.36,0.62,0.02,0.75
107,0.9091960692255182,0.9969228324659676,0.06611531235462817,0.03149526234233664,0.9049739063311674,0.9326674324665889,0.34,0.56,0.1,0.75
108,0.9026101588426885,0.9962974618953446,0.052973675418208716,0.03199484412765684,0.8936580287233565,0.9325924306553781,0.08,0.82,0.1,0.75
109,0.9058079276827756,0.9961926283837478,0.06165750681456503,0.030795771831211204,0.9022997310140838,0.9325664819852751,0.12,0.7,0.18,0.75
110,0.9038163780880905,0.9965911213111134,0.05579870941559235,0.032363804067270366,0.8964140033910867,0.9325228170459272,0.18,0.76,0.06,0.75
111,0.9100009996070666,0.996937434378446,0.06674953869846158,0.03141840360613362,0.9034158856634972,0.9325097714748055,0.38,0.52,0.1,0.75
112,0.9028412225553801,0.9965760855654261,0.053884763987427156,0.03268278682543247,0.8949120027550231,0.9324911662927683,0.16,0.8,0.04,0.75
113,0.9040986102260742,0.9965328934736484,0.05542166544486212,0.032121680045311254,0.8945556855512655,0.9324772215334751,0.16,0.76,0.08,0.75
114,0.9037417394877253,0.9964931149642249,0.05450930579622662,0.03216010941341275,0.8931219937949931,0.9324047052466145,0.14,0.78,0.08,0.75
115,0.9041285251883467,0.9966347386736024,0.05656679306358941,0.032325374699168866,0.8963456945112953,0.9323988212280383,0.2,0.74,0.06,0.75
116,0.9015534517884006,0.9958246864476191,0.05308737562535069,0.03215367491179922,0.895089932220208,0.9323547146446338,0.04,0.86,0.1,0.25
117,0.9037572472055191,0.996690982865803,0.05702084119215746,0.032567498721127935,0.8978476951473588,0.9323417391563559,0.22,0.74,0.04,0.75
118,0.9039987957431073,0.9968836961438599,0.057345760082941157,0.03277119337498562,0.8978297064668702,0.9323059217020111,0.26,0.72,0.02,0.75
119,0.9033172392025551,0.9955774871435241,0.059017081084468716,0.02958515172141563,0.8994323475015391,0.932300886571582,0.02,0.7,0.28,0.75
120,0.9035958671326906,0.996553554780222,0.05551877122288392,0.032402233435371824,0.8949120027550231,0.9322988158991188,0.16,0.78,0.06,0.75
121,0.9058585714037958,0.9963586609194575,0.0625946899555013,0.03103789585317035,0.9022997310140838,0.932287741283579,0.14,0.7,0.16,0.75
122,0.8932214671317172,0.9950164551794468,0.0426681708466286,0.03339761107796024,0.8935439493549815,0.9322595469072406,0.08,0.92,0.0,0.75
123,0.9020176498561202,0.9966074243064371,0.053769292287008594,0.03296334021549326,0.8950917204796289,0.932252960364732,0.16,0.82,0.02,0.75
124,0.9058882154744168,0.9964321157317215,0.06264760098853671,0.031280019875129475,0.9022997310140838,0.9322439610252196,0.16,0.7,0.14,0.75
125,0.8952365920772843,0.9948910031737639,0.043190382205270224,0.033520623605719224,0.8906274026841564,0.9322325037364011,0.06,0.94,0.0,0.25
126,0.9006937085605888,0.9960366139701645,0.05207925720711202,0.0320717028638598,0.8937263376031477,0.9322313175102253,0.04,0.86,0.1,0.75
127,0.9062638956743604,0.996137063483019,0.0627086597160022,0.03051521844115046,0.9007977303780201,0.93222244961462,0.12,0.68,0.2,0.75
128,0.9040450756711649,0.995723968643175,0.059041427213455414,0.030107829133435415,0.8979303468654756,0.9322043493513883,0.04,0.72,0.24,0.75
129,0.9064881278533972,0.9964088143217384,0.06364184123225998,0.030999466485068704,0.9022997310140838,0.9321896731116139,0.16,0.68,0.16,0.75
130,0.9050517356565678,0.9959689588229036,0.05947971404885415,0.030311523787292974,0.896428346229412,0.932150593999004,0.08,0.7,0.22,0.75
131,0.9064553918806949,0.9962892989810194,0.06366888899984323,0.030757342463109585,0.9019434138103263,0.9321490979064917,0.14,0.68,0.18,0.75
132,0.9068484002072993,0.9962145540857921,0.06442817644941348,0.03047678907304896,0.9022997310140838,0.9321462628811437,0.14,0.66,0.2,0.75
133,0.8948649236814996,0.9948903124656288,0.04234911289304376,0.033556731865281374,0.889193710927884,0.9321413632090523,0.04,0.96,0.0,0.25
134,0.9027084517586847,0.9966850975758245,0.05566932692156185,0.032886481479290165,0.8964140033910867,0.9321373320009113,0.2,0.78,0.02,0.75
135,0.904028550554235,0.9964473798106765,0.05688759665780696,0.03187955602335219,0.8949120027550231,0.9321222706291932,0.14,0.76,0.1,0.75
136,0.9030917738275462,0.9966166147204677,0.05548691877090678,0.032644357457330894,0.8949120027550231,0.9321178127691222,0.18,0.78,0.04,0.75
137,0.9038178800179831,0.9956675189510333,0.05931146037152953,0.029827275743374692,0.8979303468654756,0.9321059187800188,0.04,0.7,0.26,0.75
138,0.9023838719017329,0.9966494890027049,0.054721736564511354,0.032924910847391575,0.8949120027550231,0.9320750475706102,0.18,0.8,0.02,0.75
139,0.908723733571039,0.9967888122544091,0.06875080334898111,0.031087873034621637,0.9066170067039687,0.9320731296984025,0.26,0.6,0.14,0.75
140,0.9035715947785368,0.9964112346543775,0.05511553373129484,0.03191798539145363,0.8920446192424784,0.9320532780017812,0.12,0.78,0.1,0.75
141,0.8969947458509615,0.9950095937647482,0.04959958688313183,0.03341229882703332,0.8979798541239602,0.932052965567901,0.12,0.88,0.0,0.25
142,0.9065064147568801,0.9965115471672712,0.061120286765374066,0.03213238958138552,0.8978992417110055,0.9320514779197051,0.18,0.74,0.08,0.5
143,0.9086888132284409,0.9968610055253683,0.06924599635072039,0.03132999705658061,0.9076943812564836,0.932043781467174,0.28,0.6,0.12,0.75
144,0.9043665247195761,0.9958060829946218,0.05886189832597706,0.030349953155394484,0.8960720290256544,0.9320377298253959,0.06,0.72,0.22,0.75
145,0.9055409534495031,0.9960780421874482,0.06028124973160604,0.03055364780925208,0.896428346229412,0.9320340227262541,0.1,0.7,0.2,0.75
146,0.9035178718739567,0.9968100929149717,0.05696090823534034,0.03280962274308713,0.8963456945112953,0.9320313611603783,0.24,0.74,0.02,0.75
147,0.9051858665853127,0.9962671791956974,0.061188933019327534,0.03107632522127183,0.8993640386217479,0.9320297835591022,0.12,0.72,0.16,0.75
148,0.9042112189188304,0.9957710966296571,0.05911816736865177,0.030069399765333824,0.896428346229412,0.9320215047736032,0.06,0.7,0.24,0.75
149,0.9033147205336415,0.9966519664186609,0.05612671145400847,0.03260592808922955,0.8949120027550231,0.9320130802630784,0.2,0.76,0.04,0.75
150,0.9064895348427696,0.9964857683413321,0.0641566093754513,0.031241590507027812,0.9022997310140838,0.932004682817495,0.18,0.68,0.14,0.75
151,0.9029573633984426,0.9956099047592256,0.05890432446537334,0.02986570511147631,0.8979303468654756,0.9319489103823211,0.02,0.72,0.26,0.75
152,0.9070563386473424,0.9964696080543007,0.06517798717376519,0.03096103711696719,0.9022997310140838,0.9319337032569239,0.18,0.66,0.16,0.75
153,0.8998617881168629,0.9958354637778611,0.05140297923714525,0.03211013223196154,0.892224336967084,0.9319137154539388,0.02,0.88,0.1,0.75
154,0.8949593014331847,0.9950813189525084,0.047307284834709445,0.033320752341757284,0.8964958421683853,0.9319102170839466,0.12,0.88,0.0,0.75
155,0.9045674667295057,0.9959988362310005,0.059649047489720046,0.03059207717735361,0.896428346229412,0.931904824951009,0.08,0.72,0.2,0.75
156,0.9029876107299646,0.9967096205687905,0.056068208510773265,0.032848052111188616,0.8949120027550231,0.9318920510213194,0.22,0.76,0.02,0.75
157,0.9052541824164941,0.9963897713272006,0.06243720969095587,0.03131844924323094,0.9008157190585089,0.9318778178765412,0.14,0.72,0.14,0.75
158,0.9038227643768274,0.9962582285315981,0.05886001693424971,0.03232596152380953,0.8980939334923351,0.9318510504043398,0.1,0.82,0.08,0.25
159,0.9086333253873362,0.9966902236576876,0.06885535395389338,0.030845749012662523,0.9051833149476963,0.9318344230668887,0.24,0.6,0.16,0.75
160,0.9070010138772765,0.9963840287455145,0.06463243706520552,0.030718913095008044,0.9004414131742627,0.9318313585452398,0.16,0.66,0.18,0.75
161,0.9081114295109783,0.9965902308113688,0.06832575567514769,0.030884178380763894,0.9052516238274878,0.931818225597464,0.22,0.62,0.16,0.75
162,0.907715367846634,0.9966105581805382,0.06699632933877207,0.03116473177082479,0.9038017316501473,0.931812453055466,0.22,0.64,0.14,0.75
163,0.905848947065031,0.9960321158047881,0.0621917479943384,0.03027309441919143,0.8975740296617181,0.9317962417725172,0.1,0.68,0.22,0.75
164,0.908224684128264,0.9967087643190361,0.06842374571803818,0.03112630240272306,0.9051833149476963,0.9317830369226521,0.24,0.62,0.14,0.75
165,0.9021331799535385,0.9957920119569912,0.058654721025127525,0.030949489303617145,0.8992383905602975,0.9317804414733961,0.04,0.78,0.18,0.75
166,0.908294182858702,0.9968095734567873,0.06746029295133826,0.031368426424682086,0.9033429857883638,0.9317725274398844,0.26,0.62,0.12,0.75
167,0.892534590924175,0.9949894376455296,0.04218890870684193,0.033436040446061646,0.8906436031052244,0.9317449794262775,0.06,0.94,0.0,0.75
168,0.9084383604718967,0.9965692641090494,0.06904567225512899,0.030603624990703373,0.9051278815528397,0.9317429852012479,0.22,0.6,0.18,0.75
169,0.9073621306258579,0.9963308099691127,0.06647840500773432,0.030438359704947467,0.9022997310140838,0.931733935348074,0.16,0.64,0.2,0.75
170,0.9079671576560335,0.9965038409194816,0.0684494995326234,0.03064205435880477,0.9048953066237302,0.9317212578511215,0.2,0.62,0.18,0.75
171,0.9049291053186852,0.9961163536556259,0.06059404575330668,0.030834201199312777,0.896428346229412,0.9317098504753598,0.1,0.72,0.18,0.75
172,0.9091844878963463,0.9968431413013257,0.07051362278628033,0.031049443666519967,0.906493264429321,0.9316999877134204,0.28,0.58,0.14,0.75
173,0.906584421488837,0.996102362534639,0.06485915821347493,0.030234665051089873,0.9004414131742626,0.9316955626106058,0.12,0.66,0.22,0.75
174,0.9077726835660315,0.9967355478113537,0.06714605979179561,0.03140685579278383,0.9033429857883638,0.9316879564558387,0.24,0.64,0.12,0.75
175,0.9091273773774134,0.9967608813874205,0.0706715512475569,0.030807319644560842,0.906493264429321,0.9316733718534669,0.26,0.58,0.16,0.75
176,0.9071174997021608,0.9965344889523574,0.06602861945809262,0.031203161138926416,0.9022997310140838,0.9316679183080422,0.2,0.66,0.14,0.75
177,0.9051708433598185,0.9964524002884032,0.06277601189664167,0.03156057326518997,0.9004594018547513,0.9316625804663664,0.16,0.72,0.12,0.75
178,0.9078210045518074,0.9964121879457708,0.0680525898277633,0.03039993033684569,0.903749623191424,0.9316547601959193,0.18,0.62,0.2,0.75
179,0.9075461004370238,0.9965153603328442,0.06672588812097215,0.030922607748865696,0.9022997310140838,0.9316485507051655,0.2,0.64,0.16,0.75
180,0.9095867908909073,0.9968712291474358,0.0720025053331204,0.031011014298418467,0.9079599189228058,0.93162297514299,0.3,0.56,0.14,0.75
181,0.900697125444218,0.9957296883915344,0.05249393814170125,0.03218978317136146,0.8908085645679785,0.9316053700961671,0.02,0.88,0.1,0.25
182,0.9016494206075866,0.9956972764841645,0.058433605883044,0.030707365281658055,0.8981610160077825,0.9315717223139908,0.02,0.78,0.2,0.75
183,0.9038678907914371,0.996509429376212,0.06022971331178528,0.03309557917677453,0.8995276252486076,0.9315681878539839,0.14,0.84,0.02,0.25
184,0.9090703027910109,0.9968830853523684,0.07134240978735079,0.03129156768847902,0.9076943812564836,0.9315643291298794,0.3,0.58,0.12,0.75
185,0.8998364571283066,0.9954918678764159,0.05790512100319176,0.03293645866074164,0.9037711303100788,0.9315452089516418,0.32,0.68,0.0,0.75
186,0.9032203245943833,0.9956396337506984,0.05889508072281941,0.03014625850153683,0.8950126431536282,0.9315411590353432,0.02,0.74,0.24,0.75
187,0.9082847982146625,0.9964824061339632,0.06897812450169272,0.030361500968744255,0.9036941897965676,0.9315367490305467,0.2,0.6,0.2,0.75
188,0.8910795974540984,0.9949853333550402,0.04139852219113791,0.0334744698141633,0.8906436031052244,0.9315282372093793,0.04,0.96,0.0,0.75
189,0.9033138219349438,0.9957445186372805,0.05874021987382241,0.030388382523495946,0.8946563259498707,0.9315277519813184,0.04,0.74,0.22,0.75
190,0.9087103014808398,0.9965537602801631,0.07027850822524752,0.03032307160064266,0.9051278815528397,0.931522631339546,0.22,0.58,0.2,0.75
191,0.9021163781439379,0.9955349714890523,0.06109627660717246,0.0327827411883354,0.9048984980415044,0.9315147265795082,0.4,0.6,0.0,0.75
192,0.9047513567807504,0.99592249871123,0.06161492053499048,0.030030970397232293,0.896428346229412,0.9314935316357553,0.08,0.68,0.24,0.75
193,0.9065301055156028,0.9965720212332586,0.06493009705916464,0.031483714528986864,0.9004594018547513,0.9314821364057457,0.2,0.68,0.12,0.75
194,0.9079929736115193,0.9963465250062717,0.06881160288921205,0.030119376946785105,0.9033378725928101,0.9314718446851836,0.18,0.6,0.22,0.75
195,0.9024187900201726,0.9959190166288954,0.05791934942378056,0.032117566652237216,0.8965919328562717,0.9314667744613387,0.06,0.84,0.1,0.25
196,0.9083869172648199,0.996456347599771,0.07008342160606616,0.030080947578683577,0.9047715643490822,0.9314622714961168,0.2,0.58,0.22,0.75
197,0.8956451366629071,0.9950985638225619,0.04901392348835584,0.03328232297365536,0.8953331813852253,0.9314594093150766,0.14,0.86,0.0,0.75
198,0.9095114484583603,0.996822160328177,0.07198123355575753,0.03076889027645929,0.906493264429321,0.9314275764582486,0.28,0.56,0.16,0.75
199,0.9074915549346373,0.9964368821886876,0.0673785310007142,0.030680483726906488,0.9019434138103263,0.9314270796274393,0.18,0.64,0.18,0.75
200,0.9089071376389818,0.9966646760191821,0.07068891528326923,0.030565195622601755,0.9050595726730486,0.9314212299660103,0.24,0.58,0.18,0.75
201,0.9004051703226883,0.9955012466653924,0.05975486143663942,0.03289802929263987,0.9052030338069306,0.9314059788563975,0.34,0.66,0.0,0.75
202,0.9059238448983212,0.9965173068739525,0.06379198442881759,0.03152214389708844,0.8989574012186877,0.9313874549871906,0.18,0.7,0.12,0.75
203,0.905880035636554,0.9957197958527052,0.06516213275457461,0.02890875683698962,0.8989522880231339,0.9313812547491894,0.08,0.6,0.32,0.75
204,0.9093323727810546,0.9967396292685163,0.07190071275478906,0.030526766254500164,0.9061369472255634,0.9313796847119852,0.26,0.56,0.18,0.75
205,0.9061983273608653,0.995880342681655,0.06638414533976464,0.02915088085894878,0.9007422969831635,0.9313683025311265,0.1,0.6,0.3,0.75
206,0.9070944297242808,0.9961731572643328,0.06658895027831908,0.030196235682988362,0.9004414131742626,0.9313677576775693,0.14,0.64,0.22,0.75
207,0.9024277608613268,0.9957704515881755,0.05839654052571461,0.030668935913556548,0.8950126431536282,0.9313623254026533,0.04,0.76,0.2,0.75
208,0.8990578774010395,0.9954761014642716,0.05621021080142419,0.03297488802884338,0.900903746797534,0.9313605243797063,0.3,0.7,0.0,0.75
209,0.9054632619937376,0.9959958393568601,0.06443465410428158,0.029992541029130824,0.899364038621748,0.9313525409015578,0.1,0.66,0.24,0.75
210,0.906953000528151,0.9965259264548134,0.06481418470441044,0.03209512076755387,0.8993832536665803,0.9313518324526808,0.2,0.72,0.08,0.5
211,0.9041264080258945,0.9961669580161109,0.06010683330444473,0.031114754589373312,0.8950126431536283,0.9313487455989822,0.1,0.74,0.16,0.75
212,0.9046296112494056,0.9963364726341551,0.06223174252214724,0.03228985326424735,0.89917130804485,0.9313007945593068,0.12,0.8,0.08,0.25
213,0.9024146310777668,0.9959751238211353,0.058458574674839295,0.031191613325576305,0.8951066945363528,0.9312807602556723,0.06,0.78,0.16,0.75
214,0.9071414355768093,0.9966373131311973,0.06633027539836653,0.031445285160885406,0.9004594018547513,0.9312790090131535,0.22,0.66,0.12,0.75
215,0.9033110848157487,0.9958668481855257,0.05891724921229413,0.0306305065454551,0.8935106425175646,0.931273923088818,0.06,0.74,0.2,0.75
216,0.909174545448431,0.9966451620872794,0.07175926676865138,0.030284642232541036,0.9050595726730486,0.931245797741078,0.24,0.56,0.2,0.75
217,0.9095647544262281,0.9967123776929997,0.07298042819947179,0.03024621286443962,0.9064198869356244,0.9312323230802079,0.26,0.54,0.2,0.75
218,0.9099698622982612,0.9967720868425397,0.07432690224044051,0.030207783496337987,0.9079038988911992,0.9312045891968872,0.28,0.52,0.2,0.75
219,0.9008605492098444,0.9955150437031016,0.06084122471617618,0.03285959992453858,0.9048984980415044,0.9311932094038088,0.36,0.64,0.0,0.75
220,0.9044329908712958,0.9963495390054072,0.06091840272069858,0.03135687861133247,0.8949623229543257,0.9311779653322765,0.12,0.74,0.14,0.75
221,0.9035469069299001,0.9959227698569855,0.06022226279902603,0.03179483768361917,0.8962877241112374,0.9311602066592264,0.06,0.82,0.12,0.5
222,0.9094926445273893,0.9968979669730998,0.07239212109562501,0.031253138320377516,0.9061016010829848,0.9311591500817357,0.32,0.56,0.12,0.75
223,0.9032632955850988,0.9960882315595255,0.05904833555013271,0.031153183957474788,0.8935106425175646,0.9311504348214134,0.08,0.76,0.16,0.75
224,0.9097773970167361,0.9967997380012752,0.07318906377434026,0.03048833688639868,0.9060635697318669,0.9311471480168031,0.28,0.54,0.18,0.75
225,0.9075737257905994,0.996243209910906,0.06788750222108464,0.030157806314886577,0.9003859797794062,0.9311467423692099,0.16,0.62,0.22,0.75
226,0.9044158498711292,0.9957428632210887,0.06259344125374115,0.029788846375273053,0.896428346229412,0.9311320176460699,0.06,0.68,0.26,0.75
227,0.9018985681555444,0.9956685864090604,0.058629346015156306,0.03042681189159746,0.8947246348296618,0.9311263379048262,0.02,0.76,0.22,0.75
228,0.9016121063557683,0.9958207419904171,0.059632397668125725,0.031230042693677757,0.89811069580848,0.9311210661594048,0.04,0.8,0.16,0.75
229,0.9065260370934367,0.9959938871074201,0.06746698802289071,0.029393004880907805,0.9006901885244404,0.9311149636877607,0.12,0.6,0.28,0.75
230,0.9076797684405701,0.9962910371680208,0.07012520275142398,0.029838823556724434,0.9036941897965676,0.9311000934153518,0.18,0.58,0.24,0.75
231,0.9067649611905084,0.9959677543649158,0.06874282406840057,0.029112451490847135,0.9021541578093859,0.9310902986090915,0.12,0.58,0.3,0.75
232,0.9107982129188525,0.9968835020605822,0.07455863463572275,0.0306536021721548,0.9064018982551357,0.9310884789997005,0.34,0.5,0.16,0.75
233,0.9015182858139031,0.9964701788874704,0.05713936627362299,0.033160480821680084,0.8951941491376547,0.9310861027111048,0.08,0.9,0.02,0.5
234,0.9027198577320401,0.995923663210896,0.05860813683888275,0.030911059935515676,0.8931543253138071,0.9310847099365747,0.06,0.76,0.18,0.75
235,0.9104506576236336,0.9968969794317164,0.07403822805053221,0.030934155562215442,0.9064018982551357,0.9310802809387331,0.34,0.52,0.14,0.75
236,0.9050095413438494,0.9958545838348769,0.06427720748738201,0.02975041700717164,0.8979303468654756,0.931074036909926,0.08,0.66,0.26,0.75
237,0.9037100068490591,0.9960379154697913,0.059973751019523056,0.030872630567414183,0.8935106425175646,0.9310659930034633,0.08,0.74,0.18,0.75
238,0.905624181319044,0.9957544511344316,0.06601863446786715,0.029189310227050225,0.8993086052268914,0.931059899493891,0.08,0.62,0.3,0.75
239,0.9056758182993587,0.9959639240743478,0.06578865775677639,0.0297119876390701,0.8992402963470999,0.9310583869667222,0.1,0.64,0.26,0.75
240,0.9072216422015666,0.9962014192145596,0.06820480668007975,0.02987725292482599,0.9006901885244404,0.9310450359639264,0.16,0.6,0.24,0.75
241,0.909308819695687,0.9966973191139856,0.07419821744988091,0.02996565947437886,0.9075475816874417,0.9310271690624956,0.26,0.52,0.22,0.75
242,0.8897499982883307,0.9938556687832323,0.04196826485239324,0.03274839129625041,0.8910943154790666,0.9310083373511415,0.0,0.94,0.06,0.5
243,0.9100310216554491,0.9968883598508554,0.07305024763501503,0.03097258493031699,0.9049178862995607,0.9310078804333846,0.32,0.54,0.14,0.75
244,0.9107004108008837,0.9968416428642555,0.07470399806256267,0.030411478150195657,0.9060455810513781,0.9310058936896836,0.32,0.5,0.18,0.75
245,0.8901265335108199,0.993857101574488,0.04164640422942925,0.032429114990123645,0.8892539863197342,0.9310021880688236,0.0,0.92,0.08,0.75
246,0.9069215744484731,0.9960797803744497,0.06821193729814448,0.029635128902866903,0.9006901885244404,0.9309831371549097,0.14,0.6,0.26,0.75
247,0.9045188520235863,0.9964189580271622,0.06290270409286852,0.03159900263329151,0.8974733892631127,0.9309698233233014,0.14,0.74,0.12,0.75
248,0.9098622569017795,0.996906563720634,0.07347873900903451,0.03121470895227594,0.9061016010829848,0.9309654775247997,0.34,0.54,0.12,0.75
249,0.9104136709149826,0.9968683321691001,0.07456643998004547,0.030692031540256307,0.9064018982551357,0.9309609028948878,0.32,0.52,0.16,0.75
250,0.9014093114059143,0.9955246565336777,0.06228167407270064,0.03282117055643662,0.9048984980415044,0.9309513400321747,0.38,0.62,0.0,0.75
251,0.9101960390703642,0.9968237472443885,0.07441574099232165,0.03044990751829707,0.9060455810513781,0.9309273853630748,0.3,0.52,0.18,0.75
252,0.8893847545694307,0.9938893536485705,0.041157778945116436,0.03270966838018445,0.8896103035234917,0.9309228165549769,0.0,0.94,0.06,0.75
253,0.9061657229147116,0.9960607744840678,0.06665735941922268,0.029954111661029213,0.8992402963470999,0.9309208067923096,0.12,0.64,0.24,0.75
254,0.9073846749181015,0.996541744241943,0.0675629725428321,0.032057851953722,0.9008672656221554,0.9309206304772485,0.22,0.7,0.08,0.5
255,0.9099090977773359,0.9968507476533105,0.07342500018821431,0.030730460908357782,0.9049178862995607,0.9309059555146982,0.3,0.54,0.16,0.75
256,0.8961880837119144,0.9951234521487565,0.052306801777694915,0.03324389360555409,0.8967668731414977,0.9308986424801131,0.16,0.84,0.0,0.75
257,0.9055405564137515,0.9956175653403617,0.06505981305532853,0.02866663281503048,0.8959785642796798,0.9308959658729083,0.06,0.6,0.34,0.75
258,0.9049698274745644,0.995519073785279,0.06519800970702717,0.028705062183131864,0.8975185962668614,0.9308934172575323,0.04,0.62,0.34,0.75
259,0.9052287121039619,0.9954836022121201,0.06500921736799235,0.028424508793071356,0.8962794480885807,0.9308904743159043,0.04,0.6,0.36,0.75
260,0.8905833675987251,0.9938241930422607,0.04249308169235831,0.03246780890587173,0.8892359976392454,0.9308795654547382,0.0,0.92,0.08,0.5
261,0.9109084597323723,0.9968176079336495,0.07573034883160593,0.030130924760135118,0.9064018982551357,0.9308781191551726,0.32,0.48,0.2,0.75
262,0.9064775378510109,0.9958191094075521,0.06830531872216361,0.028870327468888055,0.9002958399695649,0.9308776893507321,0.1,0.58,0.32,0.75
263,0.9063181816870954,0.9960257281816203,0.06715996571504962,0.02967355827096837,0.8992402963470999,0.9308723766345679,0.12,0.62,0.26,0.75
264,0.9052749776384148,0.995648110623267,0.06551335380600182,0.02894718620509102,0.8975185962668614,0.930864903954441,0.06,0.62,0.32,0.75
265,0.910222469555034,0.996915988176264,0.0742147304038241,0.031176279584174443,0.9060455810513781,0.9308618756309199,0.36,0.52,0.12,0.75
266,0.9041689746864505,0.9956325097527418,0.06418540518068555,0.029546722353313973,0.8979303468654756,0.9308557832776803,0.04,0.68,0.28,0.75
267,0.9084783832981865,0.9965300878286198,0.07155295034613647,0.030042518210581973,0.9032315323619008,0.9308534370508487,0.22,0.56,0.22,0.75
268,0.9059041620858835,0.995919775837011,0.06692051167955819,0.029431434249009288,0.8992402963470999,0.9308497945368097,0.1,0.62,0.28,0.75
269,0.9085782291091778,0.9965059187522189,0.07355401749172917,0.029761964820521427,0.9064881958154156,0.9308469896992387,0.22,0.54,0.24,0.75
270,0.9096900723399568,0.9967512628485128,0.0752919797154964,0.029927230106277486,0.9075475816874417,0.9308417292102729,0.28,0.5,0.22,0.75
271,0.9044516824909333,0.9964756360525717,0.0635635483915165,0.0328149677860782,0.8995276252486076,0.930832437176092,0.14,0.82,0.04,0.25
272,0.9089191641780447,0.9966239556350287,0.0736433990217219,0.03000408884248052,0.9060635697318669,0.9308290669773825,0.24,0.54,0.22,0.75
273,0.9090329286053166,0.9966057460569185,0.07571910422199583,0.029723535452419843,0.9094058995272627,0.9308190030964126,0.24,0.52,0.24,0.75
274,0.9074136160463573,0.9961410536068744,0.07014061925007353,0.02959669953476538,0.9021921891605039,0.9308164266106684,0.16,0.58,0.26,0.75
275,0.9107430925573756,0.9969047998461399,0.07451792999065891,0.03089572619411389,0.9048998976190721,0.9308131575372048,0.36,0.5,0.14,0.75
276,0.9110782659911494,0.9969115813441948,0.07491507068546638,0.030857296826012445,0.9048998976190721,0.9308078220834787,0.38,0.48,0.14,0.75
277,0.9036795578811967,0.9962329406221848,0.05989500325524558,0.03139530797943401,0.8920446192424784,0.9307843949140975,0.1,0.76,0.14,0.75
278,0.9022708211590609,0.996021903599384,0.05987000225917594,0.03147216671563695,0.8951246832168415,0.9307839699555599,0.06,0.8,0.14,0.75
279,0.9104048760135484,0.9967992756264078,0.07551510102552735,0.030169354128236507,0.9064018982551357,0.9307787157082973,0.3,0.5,0.2,0.75
280,0.9071668300702058,0.9960548264024406,0.06939536256960648,0.02935457551280624,0.9006521571733223,0.9307619123668923,0.14,0.58,0.28,0.75
281,0.9067081957114248,0.9961237345285088,0.06783404803912729,0.029915682292927487,0.8992402963470999,0.9307611579442887,0.14,0.62,0.24,0.75
282,0.9067513927905927,0.9964739064280679,0.06680011050374328,0.031851807191007185,0.8993652649860917,0.9307564944801834,0.18,0.72,0.1,0.5
283,0.9046988169415685,0.9955685478960882,0.06522727697532295,0.02898561557319275,0.8975185962668614,0.9307549797876765,0.04,0.64,0.32,0.75
284,0.9012337098803723,0.9963528555461226,0.057345100296965885,0.032917167245133376,0.8936921485015911,0.9307471317586995,0.06,0.9,0.04,0.5
285,0.9028397990833277,0.9961964700909791,0.06040030535515091,0.03171429073759601,0.8947683660130837,0.9307259627922775,0.08,0.8,0.12,0.75
286,0.9043669396316005,0.9954183959391568,0.06547291151633663,0.028462938161172752,0.897874913470619,0.9307200017172759,0.02,0.62,0.36,0.75
287,0.9044687082077719,0.9955960163882093,0.06518409668240589,0.02926616896325338,0.897874913470619,0.9306998635427983,0.04,0.66,0.3,0.75
288,0.9110263404073063,0.9968542011939866,0.07537800595687182,0.03037304878209418,0.9045435804153146,0.9306934645299527,0.34,0.48,0.18,0.75
289,0.9115222807098008,0.9968971107233454,0.07596161220640939,0.030576743435951726,0.9048998976190721,0.930692998531489,0.38,0.46,0.16,0.75
290,0.9004928747323185,0.9958145769921855,0.056691575833384085,0.03243054009203989,0.8934041401776249,0.9306868309137584,0.02,0.9,0.08,0.5
291,0.9037132087341203,0.9955353054264565,0.06523010660909087,0.029304598331354896,0.8994323475015391,0.9306767606288457,0.02,0.68,0.3,0.75
292,0.8966595652488575,0.9951623430126013,0.05435851504153454,0.03320546423745232,0.8982005648977699,0.9306766608976204,0.18,0.82,0.0,0.75
293,0.9011530416508309,0.9960729532097412,0.05682108811462841,0.03267385366858664,0.8922584567453188,0.9306657528466131,0.04,0.9,0.06,0.5
294,0.9014110731007209,0.9958776369324311,0.059313792069675,0.03151059608373859,0.8951600293594202,0.9306625099221983,0.04,0.82,0.14,0.75
295,0.9105617455947803,0.9969247276320906,0.0745134741583353,0.031137850216072915,0.9045435804153146,0.9306611559128027,0.38,0.5,0.12,0.75
296,0.8894527288799843,0.9939035274361715,0.04195887896701633,0.03302897368662887,0.8896276609855818,0.9306529288685377,0.0,0.96,0.04,0.5
297,0.908189000218113,0.9964185241939533,0.07225211841837433,0.029800394188622903,0.9035878495656583,0.9306500227044688,0.2,0.56,0.24,0.75
298,0.9029256425877323,0.9904227779970665,0.06341957405806561,0.022748130069005047,0.8936087726335249,0.9306337783593351,0.22,0.04,0.74,0.75
299,0.9012751535063828,0.9957314865160186,0.06016373357257186,0.030987918671718663,0.89632068684845,0.9306332043089386,0.02,0.8,0.18,0.75
300,0.9021522122494368,0.996069428314919,0.05993667738164423,0.03175272010569757,0.8948037121556626,0.9306320212791067,0.06,0.82,0.12,0.75
301,0.9083609146255948,0.9963490309638863,0.07341951354951735,0.029519840798562284,0.9050545040591432,0.9306304428609466,0.2,0.54,0.26,0.75
302,0.9008690362297217,0.9964254940669541,0.05723994342770021,0.03319774963551192,0.8936921485015911,0.9306228508223143,0.06,0.92,0.02,0.5
303,0.9032095379796353,0.9960908545379399,0.06259963093602189,0.032081458392675254,0.8980939334923351,0.9306118524973213,0.08,0.82,0.1,0.25
304,0.9041625116004081,0.9954545239704607,0.06528343482008642,0.028743491551233624,0.8975185962668614,0.9306092056720466,0.02,0.64,0.34,0.75
305,0.908448941039981,0.9970162207725141,0.07110056799835157,0.03246375843017314,0.9035273390899604,0.9306081772342086,0.42,0.56,0.02,0.75
306,0.9111276498701472,0.9968925440579887,0.07589857956097543,0.030615172804053282,0.9048998976190721,0.9305844257831655,0.36,0.48,0.16,0.75
307,0.8891308655919298,0.9939361562601459,0.04113552158442907,0.032990221770245055,0.8881436490300069,0.9305839835182055,0.0,0.96,0.04,0.75
308,0.9039179076016776,0.9954929153552821,0.06503760096288211,0.029024044941294343,0.8975185962668614,0.9305564051594728,0.02,0.66,0.32,0.75
309,0.9053574751884205,0.9957919149153523,0.06579451321276475,0.02946986361711099,0.8963729128345553,0.9305537104096383,0.08,0.64,0.28,0.75
310,0.9011006470385714,0.9957584355499554,0.05950151590797572,0.03126847206177945,0.8952103495587227,0.9305533090803547,0.02,0.82,0.16,0.75
311,0.9094802547033985,0.9966762325367007,0.0756057853099139,0.029685106084318368,0.9063464648602789,0.930545241497877,0.26,0.5,0.24,0.75
312,0.9030506234775755,0.9908803350324906,0.06315927433477841,0.02299025409096414,0.8921241294595516,0.9305438915251001,0.24,0.04,0.72,0.75
313,0.9061530196210577,0.9956865448205761,0.06843666377284183,0.02862820344692887,0.8987384059386446,0.9305373607228018,0.08,0.58,0.34,0.75
314,0.9050280970620643,0.9956885484450013,0.06564597015166403,0.029227739595151927,0.8963729128345553,0.9305306772730922,0.06,0.64,0.3,0.75
315,0.9044956428240404,0.9953856358235534,0.06488970871170675,0.028182384771112318,0.8947774474525171,0.9305134661917785,0.02,0.6,0.38,0.75
316,0.9014006890021408,0.9885068164216282,0.060497197379624466,0.02246757667894444,0.8917506378428874,0.9305095081750777,0.22,0.02,0.76,0.75
317,0.9093999300574938,0.9970267069778396,0.07171095085638231,0.03238689969397008,0.9020253384538969,0.9305089992576275,0.46,0.52,0.02,0.75
318,0.9079016699287774,0.9962224087502057,0.07174834868966,0.029558270166663715,0.9020858489295946,0.9305028882279616,0.18,0.56,0.26,0.75
319,0.8986281759671325,0.9954492894302955,0.057018164549802824,0.03301331739694463,0.8976635186397719,0.9305007458739426,0.28,0.72,0.0,0.75
320,0.9003996186665176,0.99627561896411,0.056535686544550746,0.0329544360589652,0.8922584567453188,0.9304963588223614,0.04,0.92,0.04,0.5
321,0.9047475011333622,0.9957157943121864,0.06454382801935599,0.029508292985212525,0.8948709121984918,0.9304871855988648,0.06,0.66,0.28,0.75
322,0.8721351712222567,0.9966365710480769,0.025476900113245368,0.03307363455411875,0.8887768827988656,0.9304867630427742,0.08,0.9,0.02,1.0
323,0.9088257065020737,0.9964664342218778,0.07525511741073358,0.02948141143046071,0.9064147737400704,0.9304695739208259,0.22,0.52,0.26,0.75
324,0.9024396564994464,0.9894792307260406,0.06376012654767726,0.02262129415135062,0.8948759534026475,0.9304636320635096,0.14,0.1,0.76,0.75
325,0.8907421764408673,0.9938224976677469,0.045299234614579596,0.03214856160006307,0.8910248495582531,0.9304494464692437,0.0,0.9,0.1,0.75
326,0.9073202565442509,0.996019648808364,0.07161418044974716,0.02907402212274551,0.9021541578093858,0.930443858932953,0.14,0.56,0.3,0.75
327,0.8936633566872274,0.9948847468422252,0.042169272124957004,0.0335928401248431,0.8799707585017764,0.9304412848282853,0.02,0.98,0.0,0.25
328,0.9021628095861018,0.9877491153056288,0.06305160835099334,0.022379170129391515,0.895199124820009,0.9304223963311876,0.12,0.1,0.78,0.75
329,0.9090130892990607,0.9969934045707252,0.07098421579429183,0.032183205040112454,0.9005413264983219,0.9304157802204893,0.42,0.54,0.04,0.75
330,0.9098521101400305,0.99695834970578,0.07357265547522109,0.031660527628092655,0.9030595684597396,0.9303976342013918,0.4,0.52,0.08,0.75
331,0.9027285516013225,0.9906304185625083,0.0641579965347902,0.022824988805208175,0.8937151128644341,0.9303933127465739,0.18,0.08,0.74,0.75
332,0.9124361896436884,0.9968636827329337,0.07623251719495051,0.0318373407271987,0.9032781108628927,0.9303886028847133,0.6,0.36,0.04,0.75
333,0.8899607190512785,0.9937825108042165,0.04280451344725015,0.03250650282161982,0.8877861054619052,0.9303714357353754,0.0,0.92,0.08,0.25
334,0.9017040660505953,0.9866361390415341,0.059900356900282815,0.022263882025086792,0.890673080241189,0.9303712367330662,0.18,0.04,0.78,0.75
335,0.9095555498727204,0.9969975602361998,0.07169505930008536,0.032144775672010885,0.9004679044229768,0.9303707082245958,0.44,0.52,0.04,0.75
336,0.9097474261918522,0.996980469491102,0.07208453017927685,0.03190265165005182,0.9004679044229768,0.9303617547717665,0.42,0.52,0.06,0.75
337,0.8911703537241161,0.9937825850125286,0.046032213922920215,0.03218722651549331,0.8910589693364878,0.9303578046169412,0.0,0.9,0.1,0.5
338,0.9076372867763333,0.9961073658873706,0.07134887500912374,0.029316146144704652,0.9006521571733223,0.930354951633329,0.16,0.56,0.28,0.75
339,0.8981046722673866,0.9953906591554459,0.05693790427420852,0.03305174676504629,0.8976815073202605,0.9303530708715605,0.26,0.74,0.0,0.75
340,0.8969530491483041,0.9951982826689593,0.05498392905095668,0.03316703486935052,0.8965523513294146,0.930350094516296,0.2,0.8,0.0,0.75
341,0.911931570750764,0.9970173510221898,0.07511437705615763,0.03191419946340166,0.9018114563694077,0.9303475245856121,0.56,0.4,0.04,0.75
342,0.9038338986106812,0.9963790510802755,0.06132260354433698,0.031637432001393066,0.8916883020387207,0.9303388229452122,0.12,0.76,0.12,0.75
343,0.9022942351464196,0.9964301492114522,0.06147276222426345,0.03287989843130165,0.896644041314995,0.9303361295944943,0.08,0.88,0.04,0.5
344,0.9012981066710701,0.9881366596528015,0.06345582801825296,0.022494458233696134,0.8967895215881415,0.9303199858612361,0.06,0.16,0.78,0.75
345,0.9030105821628801,0.9961386275659037,0.0607434270619277,0.03143373734753547,0.8920446192424784,0.9303170660028456,0.08,0.78,0.14,0.75
346,0.9035702896829927,0.9913959286762678,0.06679973360611333,0.023512931502983846,0.8967436833659945,0.9303151135293917,0.26,0.06,0.68,0.75
347,0.899122444464288,0.9857060320374865,0.0583594216912832,0.021333815305351916,0.8921750808772525,0.9303131675627945,0.08,0.06,0.86,0.75
348,0.9019474761686693,0.9879646733271329,0.06330781336765404,0.022417599497493036,0.895199124820009,0.9303085189941658,0.1,0.12,0.78,0.75
349,0.911627766801593,0.9969672090365722,0.0761720350977102,0.031264686133727695,0.9033637772047738,0.9303064372919571,0.46,0.44,0.1,0.75
350,0.9015805100814301,0.9898960416898187,0.061341660590531,0.022709700700903473,0.890589797304674,0.9303056268266517,0.24,0.02,0.74,0.75
351,0.9116856792540036,0.9970310338932651,0.0748617654292442,0.0321563234853608,0.9018114563694077,0.9303002730711372,0.58,0.4,0.02,0.75
352,0.9002973656422418,0.9963856499117161,0.05622424275695172,0.033235018449343824,0.890791802251834,0.9302959365866981,0.04,0.94,0.02,0.5
353,0.9121076292616842,0.9969993469440207,0.07565579618304613,0.03167207544144252,0.9018114563694077,0.9302898457936737,0.54,0.4,0.06,0.75
354,0.9027622548313026,0.9908089523446322,0.06461006156216632,0.022863418173309714,0.8936971241839453,0.9302893812125618,0.16,0.1,0.74,0.75
355,0.908942151575341,0.9970219690625318,0.07120992344693575,0.032425329062071684,0.9005413264983219,0.9302852333105207,0.44,0.54,0.02,0.75
356,0.9022941966095727,0.9965164563325297,0.06163822139116005,0.03312321200784848,0.896644041314995,0.9302526599623823,0.1,0.88,0.02,0.5
357,0.9028349384190731,0.9909478018048055,0.06577901828976389,0.022901847541411235,0.8952545582148654,0.930220653324153,0.14,0.12,0.74,0.75
358,0.8714383860770542,0.9961433826062064,0.024988789835194133,0.03235083115200422,0.8869868738388358,0.9302206474248615,0.02,0.9,0.08,1.0
359,0.8985963256526892,0.9857574669602333,0.058944110472717796,0.021372244673453528,0.8937274017126186,0.9302195038883235,0.06,0.08,0.86,0.75
360,0.911389360452142,0.9968657948156612,0.07672653727139504,0.030334619413992587,0.9029861463843943,0.9301890764676476,0.36,0.46,0.18,0.75
361,0.8978413449346901,0.9856880593551416,0.05763672686076945,0.021130120651494413,0.8922441743259357,0.930185770399249,0.04,0.08,0.88,0.75
362,0.9126420133534848,0.9968563132767141,0.07658012299817567,0.031595216705239584,0.9017206768319724,0.9301637564452736,0.58,0.36,0.06,0.75
363,0.8892428005431089,0.993815248086493,0.0420227687810846,0.032787114212316344,0.8866584107100877,0.9301612581149776,0.0,0.94,0.06,0.25
364,0.903362847676671,0.9963287035947168,0.06140665912620951,0.0316758613694945,0.8916883020387207,0.9301580163543297,0.1,0.78,0.12,0.75
365,0.8997742887207635,0.9959971037523307,0.05613667430819372,0.03299170487279714,0.890791802251834,0.9301546612150084,0.02,0.94,0.04,0.5
366,0.9023723763031838,0.9894068176843112,0.06391725641365721,0.022659723519452148,0.8933739527665839,0.9301542619836566,0.12,0.12,0.76,0.75
367,0.9115213193973221,0.9969160395512493,0.07611932944874412,0.03081886745791083,0.9019138850274335,0.9301537151921176,0.4,0.46,0.14,0.75
368,0.9030056976979526,0.9909169939386422,0.06532435302987456,0.023067112827167266,0.893752557578802,0.930140095438473,0.2,0.08,0.72,0.75
369,0.9033289110945337,0.9912603386734928,0.0663437751452003,0.023474502134882322,0.8952267086732071,0.9301340629242221,0.28,0.04,0.68,0.75
370,0.8976540926699268,0.9953188483427103,0.056429999056542515,0.03309017613314764,0.8962478155639884,0.9301309362011048,0.24,0.76,0.0,0.75
371,0.9044410158412683,0.9965246420801819,0.06589129476470856,0.03305947091721257,0.8995276252486076,0.9301160418292969,0.16,0.82,0.02,0.25
372,0.8998080180724898,0.9958733728086542,0.05648241639643696,0.03271112248241847,0.890791802251834,0.9301025767778235,0.02,0.92,0.06,0.5
373,0.910428126109357,0.9969442272931641,0.07479192452230506,0.031379974238032134,0.9019138850274335,0.9301007721119161,0.4,0.5,0.1,0.75
374,0.9039736616079073,0.9961881473433664,0.06526439922026245,0.03204535013311314,0.8980939334923351,0.9300940155607708,0.1,0.8,0.1,0.25
375,0.9092476687295135,0.9965796989393897,0.07783249834994764,0.0294429820623592,0.9078484654963426,0.9300922169938486,0.24,0.5,0.26,0.75
376,0.8994292390318287,0.9962898955016817,0.055956491547222105,0.03327228726317563,0.890791802251834,0.9300909383477964,0.02,0.96,0.02,0.5
377,0.902165430275005,0.9874397522693644,0.06250559934169654,0.02234074076128997,0.8921750808772525,0.9300884022626243,0.14,0.08,0.78,0.75
378,0.9119466851887281,0.9969052964709975,0.0750508499991558,0.03211789411725941,0.9003094557333442,0.9300875417421611,0.6,0.38,0.02,0.75
379,0.9020948192794774,0.9894742359358066,0.06471496647147769,0.02269815288755363,0.8949313867975041,0.9300768663763899,0.1,0.14,0.76,0.75
380,0.8890861249217781,0.9938689292377622,0.04202679135693297,0.03306772560301268,0.8866937568526665,0.9300703265744708,0.0,0.96,0.04,0.25
381,0.911661002943378,0.997045607264085,0.075812800163914,0.031952628831503245,0.9018114563694077,0.9300613844952598,0.54,0.42,0.04,0.75
382,0.907850536796837,0.9960754020840389,0.07351999372877557,0.0290355927546441,0.9020633782719505,0.9300554734697822,0.16,0.54,0.3,0.75
383,0.9027214105228696,0.9891452990301567,0.06306045515857303,0.02250600604704589,0.8903499088238276,0.9300441019388547,0.2,0.04,0.76,0.75
384,0.9030195483148683,0.9910502435254218,0.06649137790582448,0.023105542195268818,0.8952365695343768,0.9300424217810551,0.18,0.1,0.72,0.75
385,0.9029033830605154,0.9905128440545659,0.06399070489190488,0.0227865594371065,0.890673080241189,0.9300277771529885,0.2,0.06,0.74,0.75
386,0.9015674859204542,0.9880899654995282,0.0639673125371578,0.022456028865594498,0.8952674336998002,0.9300255849676462,0.08,0.14,0.78,0.75
387,0.9038025797655618,0.9915730810421213,0.06721084364494023,0.023755055524942975,0.8952582556231291,0.9300215131603637,0.28,0.06,0.66,0.75
388,0.8715351536820857,0.9963306044691717,0.025127391469493113,0.03259176561937575,0.8858411904065298,0.9300177295994031,0.04,0.9,0.06,1.0
389,0.9081225508135586,0.996192662633738,0.07381112015432931,0.029277716776603065,0.9019950693921593,0.9300119942908095,0.18,0.54,0.28,0.75
390,0.8997225439305743,0.9856025542546674,0.05888454128211824,0.02153750995920946,0.8903499088238276,0.930011643510558,0.12,0.04,0.84,0.75
391,0.9030569333294709,0.9964765094273212,0.06344570018754572,0.03284262961746973,0.896644041314995,0.9300100772814347,0.1,0.86,0.04,0.5
392,0.9016979623477526,0.9902671517500387,0.06256414024476939,0.022951824722862564,0.8905718086241853,0.9299926728421649,0.26,0.02,0.72,0.75
393,0.9121292832772443,0.9968998393058961,0.07576251829182382,0.031875770095300154,0.9003094557333442,0.9299845833350245,0.58,0.38,0.04,0.75
394,0.899918142324759,0.9858867150064939,0.0605513729227323,0.022225452656985268,0.8936087726335249,0.9299832422251046,0.2,0.02,0.78,0.75
395,0.9025895401853832,0.9892795361583198,0.06318151188830745,0.022544435415147435,0.8903499088238276,0.929982060944482,0.18,0.06,0.76,0.75
396,0.9010596946313887,0.9959602536170673,0.059458748937554005,0.03179114947379911,0.8918680197633265,0.9299777510557817,0.04,0.84,0.12,0.75
397,0.9120094951519164,0.9969625681629034,0.07773942052531477,0.03122625676562602,0.9033637772047738,0.9299756937029107,0.48,0.42,0.1,0.75
398,0.9127004158079092,0.9968463465295729,0.07884090736033808,0.03135309268328046,0.9043503722198533,0.9299703368045414,0.56,0.36,0.08,0.75
399,0.9121991554189111,0.996882640102496,0.07650673565239391,0.032079464749157835,0.9017940989073178,0.9299701869032515,0.62,0.36,0.02,0.75
400,0.8909036314893167,0.9937351601927982,0.04632241916604084,0.03222589143092349,0.8896090771591475,0.9299617218808368,0.0,0.9,0.1,0.25
401,0.8980352981502142,0.9862682941470443,0.061320259471065806,0.0222907635798385,0.8983978624551142,0.9299590733704342,0.02,0.18,0.8,0.75
402,0.871133455850066,0.9964776796353189,0.024838746008322907,0.03287229000911858,0.8858411904065298,0.9299464621218517,0.04,0.92,0.04,1.0
403,0.9072447914653151,0.996500792670356,0.0709428176925523,0.0318145383771754,0.9008672656221554,0.9299459682536892,0.2,0.7,0.1,0.5
404,0.910871578744223,0.9969490622501106,0.07582074644984103,0.03134154486993071,0.9019138850274335,0.9299453637609754,0.42,0.48,0.1,0.75
405,0.9123508576832862,0.9969150006348807,0.0770917068886331,0.03163364607334106,0.9018114563694077,0.9299435319965816,0.56,0.38,0.06,0.75
406,0.9007575016824537,0.9957827587513121,0.05953069838135869,0.03154902545184014,0.892224336967084,0.929941581105039,0.02,0.84,0.14,0.75
407,0.8972282143048764,0.9952241471198738,0.05580063701662761,0.033128605501249304,0.8947458149279248,0.9299375770379161,0.22,0.78,0.0,0.75
408,0.9102967285846127,0.9969642007457684,0.07429314740699419,0.031622098259991266,0.9004298730718586,0.929937238928809,0.42,0.5,0.08,0.75
409,0.9118333969307858,0.9968712519807625,0.07885780651612072,0.030296190045891035,0.9044360385617346,0.9299333213721943,0.38,0.44,0.18,0.75
410,0.9122857706459422,0.9969666439117343,0.07822410241435175,0.03118782739752446,0.9033637772047738,0.9299270239555188,0.5,0.4,0.1,0.75
411,0.8718292393105977,0.996532525286254,0.025691117997828198,0.03283270008674726,0.8858411904065298,0.9299253994236755,0.06,0.9,0.04,1.0
412,0.9026132540204201,0.9910677909370553,0.06660808994685496,0.022940276909512725,0.8952545582148654,0.929925240987129,0.12,0.14,0.74,0.75
413,0.9069470981067542,0.9959257867102869,0.07214894858398894,0.028831898100786485,0.900240406574708,0.9299248927391235,0.12,0.56,0.32,0.75
414,0.9030754487349381,0.9908752774506079,0.06458765156847522,0.023028683459065676,0.8906931229118183,0.9299161010589314,0.22,0.06,0.72,0.75
415,0.9128784200045251,0.9968149849552351,0.07771292080906206,0.03155678733713803,0.9017206768319724,0.929909308709165,0.6,0.34,0.06,0.75
416,0.9031793109906215,0.9911024519271133,0.06464130020502305,0.02323237811292324,0.8905718086241853,0.9299069201088163,0.26,0.04,0.7,0.75
417,0.9130790369811044,0.9968128272058541,0.07982512357223483,0.031072539293219764,0.9047066894236109,0.9299044687469048,0.56,0.34,0.1,0.75
418,0.9099754866767279,0.9970029774429793,0.07299552659676631,0.032106346303909405,0.8989278724357951,0.9298989473784061,0.46,0.5,0.04,0.75
419,0.9044262809061359,0.9965222217475427,0.06609423150792583,0.03276809198980616,0.8980777330712674,0.9298934950911307,0.14,0.82,0.04,0.5
420,0.8716831031515329,0.9966016588914242,0.025513738779583527,0.03311322447649008,0.8858411904065298,0.9298870045624866,0.06,0.92,0.02,1.0
421,0.9033763801617032,0.9912271275996856,0.06660022570513129,0.023270807481024728,0.8936842486990108,0.9298786959277348,0.24,0.06,0.7,0.75
422,0.8997156669615455,0.9854332965115494,0.05904633594652839,0.02174120461306708,0.890191460134195,0.929873001452168,0.16,0.02,0.82,0.75
423,0.9003684837888174,0.9958005744545352,0.0590038767747309,0.03182957884190058,0.8918680197633265,0.9298699984177188,0.02,0.86,0.12,0.75
424,0.9030303617115304,0.9965437992413536,0.0637710077484781,0.03308594319401643,0.896644041314995,0.9298696726318639,0.12,0.86,0.02,0.5
425,0.8986447963619689,0.9856288839346151,0.05796213547562252,0.021091691283392774,0.8891518215033881,0.9298678693856096,0.06,0.06,0.88,0.75
426,0.8994332318241582,0.9855498206864598,0.058593859307634395,0.02129538593725037,0.8891330482540074,0.9298667086509336,0.1,0.04,0.86,0.75
427,0.9038028203521795,0.9965020941699827,0.06477634907292494,0.03280536080363789,0.896644041314995,0.9298611907527926,0.12,0.84,0.04,0.5
428,0.9041224869777046,0.9964653781805141,0.06528582034487801,0.03252477841325948,0.896644041314995,0.9298606974846012,0.12,0.82,0.06,0.5
429,0.9032713902647264,0.996427166608141,0.06435825915563981,0.03256204722709126,0.896644041314995,0.9298598205576524,0.1,0.84,0.06,0.5
430,0.9034558867972031,0.991417763045005,0.06750860088988665,0.023551360871085517,0.8953099916097221,0.9298567923189146,0.24,0.08,0.68,0.75
431,0.905759129377082,0.995592380180919,0.06995389820554311,0.028386079424969735,0.8976610313861297,0.9298541062567903,0.06,0.58,0.36,0.75
432,0.9036303477539958,0.9915656744817457,0.06508539537688118,0.02395875017880056,0.8906678137374011,0.9298527020944057,0.32,0.04,0.64,0.75
433,0.912300716245575,0.9968208245785601,0.07701840217490587,0.032041035381056196,0.9017940989073178,0.9298514329453572,0.64,0.34,0.02,0.75
434,0.8970905354298394,0.9855481196036143,0.05716034271520907,0.020887996629535256,0.8903975438145908,0.9298484222216264,0.02,0.08,0.9,0.75
435,0.9091299576970276,0.9966138804295853,0.07545851525374292,0.0319087766983946,0.9051000320111814,0.9298415936856604,0.3,0.62,0.08,0.5
436,0.9101410901402988,0.9969840486150754,0.07355357610471089,0.0318642222819504,0.8989278724357951,0.9298331948461471,0.44,0.5,0.06,0.75
437,0.9010878263958139,0.9881667825191612,0.06499199511426544,0.022532887601797606,0.8968958618190508,0.9298264412393503,0.04,0.18,0.78,0.75
438,0.9037056434140568,0.9965536575301925,0.06467535865858655,0.03304867438018463,0.896644041314995,0.9298202491340666,0.14,0.84,0.02,0.5
439,0.8986209707172038,0.9862452296328267,0.06158469880093096,0.02225233421173698,0.8967340881932849,0.9298131341357818,0.04,0.16,0.8,0.75
440,0.9112393806879016,0.9969537145404429,0.07669235889366138,0.03130311550182905,0.9019138850274335,0.9298125938711937,0.44,0.46,0.1,0.75
441,0.8991802570570883,0.9858487859965399,0.061450376264556385,0.021614368695412587,0.8948379220515296,0.9298033789657271,0.08,0.08,0.84,0.75
442,0.9023943779432225,0.9963614722728177,0.06358561282428395,0.03259931604092297,0.896644041314995,0.9298023475542581,0.08,0.86,0.06,0.5
443,0.9023923447075665,0.9893860707527621,0.06363263845140435,0.02258286478324911,0.8903499088238276,0.9298010290056044,0.16,0.08,0.76,0.75
444,0.912237963563722,0.9969863947394024,0.07746641167018692,0.031429951419483446,0.9014551391656502,0.9297995472805695,0.52,0.4,0.08,0.75
445,0.9017548434391206,0.996285137607213,0.06208443980321492,0.032636584854754916,0.8951420406789314,0.9297994301196133,0.06,0.88,0.06,0.5
446,0.9115097802245591,0.9970674901536416,0.07641210945034382,0.032194752853462405,0.9018114563694077,0.9297979512015575,0.56,0.42,0.02,0.75
447,0.911793565839723,0.9970236872703724,0.07627506097931896,0.031710504809544154,0.9003777646131353,0.9297978561288609,0.52,0.42,0.06,0.75
448,0.9129562924799085,0.9968152361218298,0.07913642704614145,0.03131466331517885,0.9032046887875473,0.9297929976467155,0.58,0.34,0.08,0.75
449,0.9105624635027295,0.996987981655614,0.0741649326293794,0.03182579291384889,0.8989278724357951,0.9297914824793065,0.46,0.48,0.06,0.75
450,0.9101933830422592,0.9967765564662577,0.077909485334182,0.029888800738175944,0.904488147020458,0.9297900346620827,0.3,0.48,0.22,0.75
451,0.9112266361975855,0.9968309054923353,0.07828828254195241,0.030092495392033444,0.903342463588152,0.9297862737463443,0.34,0.46,0.2,0.75
452,0.8999512264821757,0.9856762887751845,0.059022802060972275,0.02177963398116858,0.8888479081877639,0.9297776899263142,0.14,0.04,0.82,0.75
453,0.8993603811510001,0.9857540020028938,0.05937598227013711,0.021575939327310993,0.8903499088238276,0.9297762260700384,0.1,0.06,0.84,0.75
454,0.8996148546031758,0.9858022316973932,0.05952122656116747,0.021818063349270143,0.8903499088238276,0.9297694691117969,0.12,0.06,0.82,0.75
455,0.9001601820160631,0.9857239305115193,0.0593386958846423,0.02202175800312775,0.8891710796051254,0.9297564260645717,0.16,0.04,0.8,0.75
456,0.9133288019734467,0.9967738963836874,0.08060452159038967,0.031034109925118326,0.9047066894236109,0.9297563577637685,0.58,0.32,0.1,0.75
457,0.8897083893807908,0.994949399407014,0.04128649545550003,0.03351289918226453,0.8814206506791168,0.929752680040837,0.02,0.98,0.0,0.75
458,0.8995058472827272,0.9852798565555612,0.05829131008258933,0.020772708525230627,0.8871976491384632,0.9297495215372613,0.08,0.02,0.9,0.75
459,0.908597614217509,0.996287015648341,0.07683290007168028,0.02923928740850162,0.9049127731040066,0.9297421063142984,0.2,0.52,0.28,0.75
460,0.8996127405142492,0.9853856833168732,0.05944207989316991,0.0219833286350262,0.8906047713613978,0.9297343658526099,0.18,0.02,0.8,0.75
461,0.897754660428756,0.995024658052094,0.0593878742033024,0.03337619056747089,0.8997528857331359,0.9297320732625087,0.14,0.86,0.0,0.25
462,0.9017627925506495,0.9889880601794248,0.066131014698836,0.02273658225565521,0.8964663501707801,0.9297183054756013,0.08,0.16,0.76,0.75
463,0.9011850728797086,0.9956696995337412,0.06190594373188485,0.03190917178066478,0.8948019238962418,0.9296821514175687,0.02,0.86,0.12,0.25
464,0.9032673256790756,0.9911772596139894,0.06718200502731814,0.023309236849126405,0.893752557578802,0.9296731938148383,0.22,0.08,0.7,0.75
465,0.8708272362927248,0.9962019786310657,0.02473505441492814,0.03263135554174708,0.8843745359130449,0.9296713488929775,0.02,0.92,0.06,1.0
466,0.871458742125515,0.9965872796038819,0.024477021194158854,0.033152814398861474,0.8829246437357047,0.9296712728403107,0.04,0.94,0.02,1.0
467,0.9044128658005003,0.9964225599844624,0.06631894382358114,0.03224419602288079,0.8962877241112374,0.929645960875674,0.12,0.8,0.08,0.5
468,0.9098614869661087,0.9966456073371516,0.0762134601588445,0.03183423907073111,0.9035980313751177,0.929637587878496,0.34,0.58,0.08,0.5
469,0.8997775751441013,0.9853737757369553,0.05886954135878267,0.021256956569148847,0.887485474413246,0.9296246096763862,0.12,0.02,0.86,0.75
470,0.9107367009141326,0.9969708338271992,0.07587553435337557,0.03158366889188976,0.9004298730718586,0.9296213311034375,0.44,0.48,0.08,0.75
471,0.9126582857648501,0.9968238557026907,0.07756373038709188,0.03179891135909705,0.9002366648763976,0.9296166197080377,0.62,0.34,0.04,0.75
472,0.9014977353809791,0.9870634390648035,0.06171875101503666,0.022302311393188366,0.8891710796051254,0.9296157689322946,0.16,0.06,0.78,0.75
473,0.8993193612233705,0.986186864795401,0.06300823926270746,0.02217547547553395,0.8967011254560724,0.9296135769457347,0.08,0.12,0.8,0.75
474,0.9111362770851741,0.9970730928812012,0.07590669455318662,0.032233182221563954,0.9003777646131353,0.9296098329449588,0.54,0.44,0.02,0.75
475,0.9018421883604265,0.9904366834930779,0.06394379600424586,0.023193948744821696,0.890519700165462,0.9296070448297564,0.28,0.02,0.7,0.75
476,0.9111700583254941,0.9969808490951598,0.07627309243863002,0.031545239523788175,0.9000735558681011,0.9295923678944843,0.46,0.46,0.08,0.75
477,0.9113000280001889,0.997050487887685,0.07629660211688864,0.03199105819960482,0.9003777646131353,0.929591488733116,0.52,0.44,0.04,0.75
478,0.9095103899316244,0.996628025675528,0.07599084854805756,0.031871507884562986,0.9035980313751177,0.9295863998895262,0.32,0.6,0.08,0.5
479,0.8961534622407046,0.995036280215427,0.05729777568735674,0.03340379439822683,0.8979798541239602,0.9295850565758506,0.1,0.9,0.0,0.5
480,0.9128309379680888,0.9968426189889754,0.07912919583699632,0.031110968661321337,0.9017380342940624,0.929582325965905,0.54,0.36,0.1,0.75
481,0.8978168669682127,0.9861470605984848,0.06151579723539743,0.022010210189777876,0.8964109167759235,0.9295770075371017,0.02,0.16,0.82,0.75
482,0.8991169888452786,0.9855192211744034,0.05864154536092563,0.021053261915291277,0.8876117895162067,0.9295737225376624,0.08,0.04,0.88,0.75
483,0.9034475311203007,0.9913874118453774,0.06671403013922782,0.023716626156841468,0.8921518256929761,0.9295722196475589,0.3,0.04,0.66,0.75
484,0.9116043125661343,0.9968214410783833,0.08020627754297344,0.030054066023932006,0.9047923557654921,0.9295699103197529,0.36,0.44,0.2,0.75
485,0.9052697162800808,0.9964438121033665,0.06897707560402139,0.03253435639538174,0.8995276252486076,0.929567182225955,0.14,0.8,0.06,0.25
486,0.9131563722715855,0.9967619488454477,0.08015826912832004,0.03127623394707737,0.9032046887875473,0.9295578730654754,0.6,0.32,0.08,0.75
487,0.9083377198239794,0.9961427432730565,0.07733376719916847,0.028997163386542457,0.9049810819837979,0.9295566485721131,0.18,0.52,0.3,0.75
488,0.8997024277797492,0.9853291251664292,0.05842685263893635,0.02101483254718971,0.8860022470265632,0.9295490415420471,0.1,0.02,0.88,0.75
489,0.8995188479472533,0.9859294247442434,0.06177818369037426,0.021856492717371785,0.893335921415466,0.9295487419156121,0.1,0.08,0.82,0.75
490,0.9114588543919037,0.9970177620220719,0.0767634191373528,0.031748934177645724,0.9003777646131353,0.9295479576550951,0.5,0.44,0.06,0.75
491,0.9126101113670836,0.9969554727066052,0.07906297588792602,0.03114939802942287,0.9017380342940624,0.9295444272080537,0.52,0.38,0.1,0.75
492,0.8707502874763786,0.9964971507547339,0.024172542061472596,0.033192404321232785,0.8829246437357047,0.9295251532406794,0.02,0.96,0.02,1.0
493,0.9115495178148441,0.9969958819866812,0.07713692231020591,0.03150681015568666,0.9003777646131353,0.9295125292460141,0.48,0.44,0.08,0.75
494,0.8978448631715665,0.9855099822395534,0.057564319392168745,0.020849567261433683,0.8874115312229524,0.9295122208947131,0.04,0.06,0.9,0.75
495,0.9118507143445794,0.996894810265672,0.07882297419313992,0.030538314067850125,0.9018063431738536,0.9295092217104203,0.4,0.44,0.16,0.75
496,0.870758482261076,0.996291579459532,0.024340132222696965,0.03291187993149002,0.8829246437357047,0.9295045245608569,0.02,0.94,0.04,1.0
497,0.8998395335194798,0.9858434572689017,0.06073161339307447,0.022060187371229212,0.890673080241189,0.9294938637146368,0.14,0.06,0.8,0.75
498,0.9103124453553433,0.9970538558033857,0.0746426061882149,0.0323100409577671,0.8989278724357951,0.9294916810935736,0.5,0.48,0.02,0.75
499,0.9112438154722357,0.9962597355311659,0.08377274510947873,0.02756751488148759,0.9090758678173069,0.929488277381424,0.34,0.28,0.38,0.75
500,0.9040323884008079,0.9918198636380025,0.07078124985659244,0.024035608915003698,0.8982269107526775,0.9294864592646379,0.28,0.08,0.64,0.75
501,0.9090785571241112,0.996395548158877,0.07908733108677186,0.029200858040400086,0.9064147737400704,0.9294851637427897,0.22,0.5,0.28,0.75
502,0.9108848967657016,0.9970348698921648,0.07544650598296712,0.03202948756770631,0.8989278724357951,0.9294847228585579,0.5,0.46,0.04,0.75
503,0.909495092586675,0.996598844683898,0.07728906488776704,0.031628194308016194,0.9051000320111814,0.9294768102929558,0.3,0.6,0.1,0.5
504,0.8997508929773682,0.9854084310186817,0.059066008474575174,0.021499080591107934,0.8872177363907412,0.9294765293841273,0.14,0.02,0.84,0.75
505,0.911908465435471,0.9970065965252746,0.07768653525100382,0.03146838078758506,0.9003777646131353,0.9294709218137919,0.5,0.42,0.08,0.75
506,0.912850842873499,0.9967762739038387,0.07829579447465919,0.03176048199099553,0.9002366648763976,0.9294637063986757,0.64,0.32,0.04,0.75
507,0.9096972136657829,0.9966538787097792,0.07976545779658313,0.029404552694257742,0.9063464648602789,0.9294628590169183,0.26,0.48,0.26,0.75
508,0.9030749992097037,0.9911586418901629,0.06937420094418745,0.02314397156337034,0.8967385701704405,0.9294611241257648,0.16,0.12,0.72,0.75
509,0.9098852955977438,0.9967383220605579,0.07906282468335432,0.029646676716216857,0.9048444642242155,0.929460962260926,0.28,0.48,0.24,0.75
510,0.8888744932776886,0.9939661877931985,0.04213650364617466,0.0333095560770073,0.8834662568356262,0.9294572784920816,0.0,0.98,0.02,0.5
511,0.8976489477476359,0.9860160144277399,0.06188293170393386,0.021729656799717178,0.8964109167759235,0.9294571529079096,0.02,0.14,0.84,0.75
512,0.9048314652854941,0.9964970651297584,0.06747216034642964,0.032487509599427575,0.8965937211156924,0.9294472053766085,0.14,0.8,0.06,0.5
513,0.902489617215939,0.9908631072874321,0.06425823517782268,0.02392032081069903,0.8891658131013375,0.929426151615493,0.34,0.02,0.64,0.75
514,0.9134691443548906,0.9967235831481189,0.08028596813685974,0.030995680557016753,0.9015676528964096,0.9294196589849397,0.6,0.3,0.1,0.75
515,0.8995847364905162,0.9860780383057827,0.06236608388260125,0.02213704610743244,0.8936590928328274,0.9294135334090411,0.1,0.1,0.8,0.75
516,0.8983771702777638,0.9861401963296204,0.06193254460765674,0.021971780821676293,0.8949442622824388,0.9294115087157826,0.04,0.14,0.82,0.75
517,0.9016697892065806,0.9959423836846929,0.062410820528728476,0.03239327127820816,0.8933520317189015,0.9294084885619502,0.04,0.88,0.08,0.5
518,0.9030319554845774,0.9912655304011704,0.06956296848926746,0.023182400931471853,0.8967385701704405,0.9294020916110242,0.14,0.14,0.72,0.75
519,0.9109846550093655,0.9970014875684067,0.07599515558602628,0.031787363545747314,0.8989278724357951,0.9293997609751814,0.48,0.46,0.06,0.75
520,0.8991247983120472,0.9859981302245363,0.06270821055323726,0.021894922085473324,0.8948379220515296,0.929390098040294,0.08,0.1,0.82,0.75
521,0.912585431048745,0.9967972206269973,0.07736269103976319,0.03200260601295475,0.8987700103829126,0.9293880386209407,0.66,0.32,0.02,0.75
522,0.9131160712161972,0.9967755974665328,0.07901103623841824,0.031518357969036515,0.9002366648763976,0.9293852230911586,0.62,0.32,0.06,0.75
523,0.9107473164575876,0.9970700674654023,0.07550120551061905,0.03227161158966554,0.8989278724357951,0.929384520650261,0.52,0.46,0.02,0.75
524,0.911400146041593,0.9963473013393824,0.08426201129638529,0.027848068271548204,0.9092288917528697,0.9293739819554812,0.34,0.3,0.36,0.75
525,0.909833162297036,0.9970344703089461,0.07451818621927189,0.03234847032586862,0.8989278724357951,0.9293732024927315,0.48,0.5,0.02,0.75
526,0.8987435398772319,0.9854532614016562,0.058142899293281126,0.020811137893332145,0.885747756961123,0.9293644926442555,0.06,0.04,0.9,0.75
527,0.8726585290349097,0.9965963244554543,0.030085048450487806,0.03279311016437605,0.8887768827988656,0.9293642077248611,0.08,0.88,0.04,1.0
528,0.9104530638565029,0.9970142142939229,0.07540086887182934,0.03206791693580795,0.8989278724357951,0.9293575568592256,0.48,0.48,0.04,0.75
529,0.899739256919962,0.985985029603294,0.06193670341180442,0.02209861673933086,0.8921750808772525,0.9293549153279602,0.12,0.08,0.8,0.75
530,0.8991103759035515,0.9851903727478948,0.057995846953169075,0.02053058450327148,0.884537792889261,0.9293521565576861,0.06,0.02,0.92,0.75
531,0.8989212164765867,0.9862504384854992,0.06276711031640361,0.02221390484363544,0.8952674336998002,0.9293505050451627,0.06,0.14,0.8,0.75
532,0.9042806026427864,0.9963358932384879,0.06758499262644621,0.0320008824463342,0.896644041314995,0.9293300877464532,0.1,0.8,0.1,0.5
533,0.8727810337619067,0.9966757016618529,0.030211002756610622,0.03303404463174764,0.8887768827988656,0.9293283360998813,0.1,0.88,0.02,1.0
534,0.9066953207976974,0.9957662502560473,0.07332755124471929,0.028589774078827394,0.8987384059386446,0.9293084809444899,0.1,0.56,0.34,0.75
535,0.9125044080953869,0.9969520248742608,0.07866800314253072,0.03139152205138194,0.89989770513473,0.929301689917615,0.54,0.38,0.08,0.75
536,0.9049391271258886,0.9965373488265371,0.06922193275230148,0.03302336265765036,0.8993832536665803,0.9292919281597052,0.18,0.8,0.02,0.25
537,0.9025833076092422,0.9909592241765292,0.06461937945742033,0.024162444832658194,0.888826068790778,0.9292650856036286,0.36,0.02,0.62,0.75
538,0.9106327104553772,0.9967909585871267,0.07948856246404658,0.029850371370074475,0.9029861463843943,0.9292507536334719,0.32,0.46,0.22,0.75
539,0.9022964602501866,0.9906977369181992,0.0640529436591856,0.023678196788739943,0.8876257811141559,0.9292200535878717,0.32,0.02,0.66,0.75
540,0.9049999339538221,0.9964890848820475,0.06968440710091155,0.03277885952651603,0.8993832536665803,0.929218389352783,0.16,0.8,0.04,0.25
541,0.9144668181929462,0.9960335600127072,0.07907815566448931,0.03132621112852878,0.8969925144826311,0.929211581802518,0.72,0.22,0.06,0.75
542,0.9129003624926856,0.9967650770112171,0.07748222576408349,0.031964176644853085,0.897116774070707,0.9292029065077472,0.68,0.3,0.02,0.75
543,0.9118213658218713,0.9962983923534111,0.08410299345057372,0.02801333355730421,0.9071672297781831,0.9291965920398277,0.4,0.26,0.34,0.75
544,0.8979212368905927,0.9857912374505468,0.06180844835577459,0.021410674041555094,0.8937274017126186,0.929187883747758,0.04,0.1,0.86,0.75
545,0.9142744304691126,0.9961439705643711,0.07899470797169705,0.03136464049663027,0.8969925144826311,0.9291868191090101,0.7,0.24,0.06,0.75
546,0.9037286047795364,0.9916587060175611,0.07081223458333928,0.023793484893044618,0.8967249101166139,0.9291853349418483,0.26,0.08,0.66,0.75
547,0.910961392762608,0.9967882071712493,0.080854544443662,0.02981194200197285,0.9044360385617346,0.9291799762278938,0.34,0.44,0.22,0.75
548,0.895405741152691,0.9949886898540775,0.05713291847681951,0.03344106321205877,0.8965299619466199,0.929176231841896,0.08,0.92,0.0,0.5
549,0.9095248843121035,0.9965483487817153,0.08156998688846888,0.029162428672298717,0.9078484654963426,0.9291483785870055,0.24,0.48,0.28,0.75
550,0.9116180810527758,0.9964387088548303,0.0841702271523248,0.02812862166160897,0.9073705739130485,0.9291446985380615,0.34,0.32,0.34,0.75
551,0.9046985791358086,0.9962540329078016,0.06852405187309,0.03200924187355103,0.8964475612742445,0.9291411025295543,0.12,0.78,0.1,0.25
552,0.8981848869446188,0.985975433897713,0.06198046744284994,0.02169122743161566,0.8934042302952572,0.9291403876236523,0.04,0.12,0.84,0.75
553,0.8987650013682553,0.9861168920654715,0.06249430782960484,0.021933351453574817,0.8934042302952572,0.929138952875959,0.06,0.12,0.82,0.75
554,0.9113779669509131,0.9957262348508583,0.0838954448595821,0.027732780167243655,0.9074172067510314,0.9291312418416902,0.4,0.24,0.36,0.75
555,0.898562000205287,0.9859004264192277,0.06239239609912466,0.0216527980635142,0.8934042302952572,0.9291310988677786,0.06,0.1,0.84,0.75
556,0.9134830122803892,0.996720934482212,0.07928582378902195,0.03168362325479232,0.898476526438206,0.9291107452125773,0.68,0.28,0.04,0.75
557,0.9110697225456312,0.996291727876156,0.0849806015332809,0.027605944249589162,0.9092288917528697,0.9291076023773603,0.32,0.3,0.38,0.75
558,0.9141140333680146,0.9961172784053607,0.0781622792588302,0.03160676451858935,0.8955085025270563,0.9291038577122905,0.72,0.24,0.04,0.75
559,0.8981761516409669,0.9853718149250178,0.05720809247707681,0.020569013871373013,0.8831041011329887,0.9291036638636372,0.04,0.04,0.92,0.75
560,0.9114207264139939,0.9962553401157599,0.08366870543056915,0.027771209535345107,0.9060898552256683,0.929082070037887,0.38,0.26,0.36,0.75
561,0.8975304774065801,0.9858478412676442,0.06183535916351146,0.02144910340965656,0.8937274017126186,0.9290636957837249,0.02,0.12,0.86,0.75
562,0.9098523292059343,0.9966215067607311,0.07835869855209814,0.03159092549418446,0.9035980313751177,0.9290609032209957,0.32,0.58,0.1,0.5
563,0.9023438909915066,0.9911022178855139,0.07010081058184575,0.022978706277614308,0.8967212127083504,0.9290541222732636,0.1,0.16,0.74,0.75
564,0.9138882992247382,0.9961111191154607,0.0779404757247248,0.03184888854054854,0.8955085025270563,0.9290507877431718,0.74,0.24,0.02,0.75
565,0.9122035241363697,0.9968603034005696,0.08077937636483444,0.030257760677789472,0.901450025970096,0.9290480533734228,0.4,0.42,0.18,0.75
566,0.8940664482557348,0.9935411739567732,0.05901099701599797,0.029623581089517154,0.8983011689724993,0.9290445951476293,0.0,0.72,0.28,0.75
567,0.9074777800853722,0.9959870599427116,0.07657919934266494,0.028793468732684967,0.901707061068193,0.9290426722053283,0.14,0.54,0.32,0.75
568,0.9133640495397897,0.9967322426873018,0.08057591757618379,0.031237804578975757,0.9001009984029247,0.9290373447692282,0.62,0.3,0.08,0.75
569,0.9138148592873999,0.9966948930730148,0.07837169733279532,0.03164519388669091,0.8955085025270563,0.9290326365312777,0.7,0.26,0.04,0.75
570,0.9143740316388401,0.9960184728920347,0.0798255721435894,0.031084087106569708,0.8969925144826311,0.9290142487630019,0.7,0.22,0.08,0.75
571,0.9117935402677719,0.9963993156577963,0.08481534452399576,0.028090192293507323,0.9073705739130485,0.9290129716700453,0.36,0.3,0.34,0.75
572,0.9132305051863833,0.9967400516850619,0.07844451220741115,0.03192574727675161,0.8969925144826311,0.9290095852764014,0.7,0.28,0.02,0.75
573,0.9114075555515432,0.9967216423153422,0.08246911598414884,0.029250835221851505,0.9047923557654921,0.9290036424018522,0.34,0.4,0.26,0.75
574,0.8675113229717989,0.9951972894192441,0.025592888054576962,0.03331456902149026,0.8901126956078308,0.9290024343056299,0.1,0.9,0.0,1.0
575,0.9097505469274589,0.996482859946333,0.08250052415567906,0.028881875282237967,0.9078484654963426,0.9289938684241638,0.24,0.46,0.3,0.75
576,0.9044329132577599,0.991925924440914,0.06954337252205794,0.02448142759082028,0.8922381232532558,0.928992219880436,0.34,0.06,0.6,0.75
577,0.913180687988368,0.9967487454742349,0.07870604760628773,0.031722052622893966,0.897116774070707,0.9289798588897604,0.66,0.3,0.04,0.75
578,0.9049566166376214,0.9965333587026816,0.06826080431492082,0.03273082317597424,0.8949473488976017,0.9289670217216885,0.16,0.8,0.04,0.5
579,0.909271553051648,0.9963422266325047,0.08121941581103115,0.0289203046503396,0.906346464860279,0.9289657390264494,0.22,0.48,0.3,0.75
580,0.9143920901039346,0.9960162580593367,0.07890662949689556,0.031568335150487896,0.8955085025270563,0.9289650334753551,0.74,0.22,0.04,0.75
581,0.9042286786439376,0.9965644291521029,0.06820994899443857,0.033011405566352924,0.8965937211156924,0.9289588139893669,0.16,0.82,0.02,0.5
582,0.9103328106796903,0.9967583583048109,0.0805530593788522,0.029608247348115273,0.903342463588152,0.9289506171593676,0.3,0.46,0.24,0.75
583,0.91422706051645,0.9961310640264065,0.08086635342466283,0.030880392452712117,0.898476526438206,0.9289500808219774,0.66,0.24,0.1,0.75
584,0.914462941325477,0.9959206834617507,0.07951503199318657,0.030803533716508978,0.8955085025270562,0.9289493650861228,0.7,0.2,0.1,0.75
585,0.9033371398651725,0.9913332797359042,0.07056621740350154,0.02338609558532949,0.8952365695343768,0.9289482938525632,0.18,0.12,0.7,0.75
586,0.8925133696249519,0.9936824266245906,0.056356993560866826,0.030745794649759673,0.8969968747415302,0.928945556136517,0.0,0.8,0.2,0.75
587,0.911778736664935,0.9966327150700163,0.08501090821009685,0.0284091750516696,0.9073705739130485,0.9289233161973716,0.34,0.34,0.32,0.75
588,0.903749365512234,0.9916251809855106,0.06735863803809726,0.024200874200759614,0.888826068790778,0.928916727668242,0.34,0.04,0.62,0.75
589,0.9097566811480597,0.9961295341935119,0.08434217798947292,0.027286961491426863,0.9090758678173069,0.9289144139631179,0.34,0.26,0.4,0.75
590,0.9020731117770181,0.9905513981268407,0.06417237655391277,0.023436072766780832,0.8860871203326163,0.92891426286539,0.3,0.02,0.68,0.75
591,0.886949633475933,0.9940291050251517,0.04131077832388805,0.033270775160305625,0.8819822448800514,0.9289126664918719,0.0,0.98,0.02,0.75
592,0.9135870487426285,0.996713873275904,0.07839611790428315,0.031887317908649994,0.8955085025270563,0.9289116693064114,0.72,0.26,0.02,0.75
593,0.9098928267063853,0.9966310567996586,0.08210167482580612,0.029123999304197047,0.9063464648602789,0.928900140576093,0.26,0.46,0.28,0.75
594,0.8885535941926888,0.9939216513893063,0.042179340982632194,0.03334833699370897,0.880532352702711,0.9288941262601457,0.0,0.98,0.02,0.25
595,0.9115682669359265,0.9968254768688923,0.08177388462062761,0.03001563665583038,0.9032903551294286,0.9288897719860788,0.38,0.42,0.2,0.75
596,0.8985088462041778,0.9851343483264644,0.057525050597264864,0.020288460481312408,0.8813639939017364,0.9288714920545088,0.04,0.02,0.94,0.75
597,0.9043365444074702,0.991962651847046,0.07144970017286345,0.02427773293696289,0.8949185113125695,0.9288615655863122,0.3,0.08,0.62,0.75
598,0.8972388473699615,0.9856776188164696,0.06159534335537672,0.021168550019595937,0.8922441743259357,0.928853553898299,0.02,0.1,0.88,0.75
599,0.9038323873190622,0.9916639690993848,0.06771085544487682,0.024442998222718844,0.8891658131013375,0.9288483608083485,0.36,0.04,0.6,0.75
600,0.9115181481985609,0.9967599965960077,0.08301056075041524,0.029492959243810592,0.9047923557654921,0.9288379205978239,0.36,0.4,0.24,0.75
601,0.9026672666670947,0.9955405713624461,0.07020146387661957,0.032744311820233636,0.9033964974054408,0.9288360171916759,0.42,0.58,0.0,0.75
602,0.8984473675443572,0.9950369195485769,0.06400582133791119,0.03334008230790912,0.9012027779104762,0.9288339722141374,0.16,0.84,0.0,0.25
603,0.9047809743470808,0.9965763424403524,0.06918082570725964,0.032974136752520956,0.8964493495336653,0.9288319519152293,0.18,0.8,0.02,0.5
604,0.9144127502507072,0.9960110063941763,0.0807713743016316,0.030841963084610638,0.8969925144826311,0.928800268359661,0.68,0.22,0.1,0.75
605,0.9111822419171529,0.9963814114754318,0.08524773583534503,0.02788649763964986,0.907726891116806,0.9287963212887186,0.32,0.32,0.36,0.75
606,0.9114802451741001,0.9963015975816585,0.08474105930504847,0.027809638903446676,0.9060898552256683,0.9287897624888255,0.36,0.28,0.36,0.75
607,0.8969133985329163,0.9853871275247923,0.05701047450930055,0.020607443239474516,0.8831382209112232,0.9287815874067233,0.02,0.06,0.92,0.75
608,0.9115820012903181,0.9966910570741151,0.08284385771632881,0.028970281831790873,0.9033083438099174,0.9287767696142505,0.34,0.38,0.28,0.75
609,0.9125594470723709,0.9966585995000917,0.08468226196141271,0.028854993727486213,0.9047408785251675,0.9287726212034049,0.4,0.32,0.28,0.75
610,0.9139380976739842,0.9966708552882431,0.08109875886061019,0.03116094584277266,0.8981202092344485,0.928767744365954,0.66,0.26,0.08,0.75
611,0.9088560811746665,0.9962616592389474,0.08066447283976812,0.028958734018441065,0.9049127731040066,0.9287663954117837,0.2,0.5,0.3,0.75
612,0.9063611068738038,0.9956478023733554,0.07515858123260488,0.028347650056868214,0.8990947231424021,0.9287639983932252,0.08,0.56,0.36,0.75
613,0.9090714724422319,0.9960160868093858,0.08427079672431033,0.027121696205670925,0.9091767832941464,0.9287606209018803,0.28,0.3,0.42,0.75
614,0.9125289139630365,0.9967213626070892,0.08376084317023638,0.029135547117546838,0.903238877889104,0.928757330227355,0.4,0.34,0.26,0.75
615,0.913966036051899,0.996685011950849,0.07964608735565018,0.031403069864731736,0.8955085025270563,0.928757220963468,0.68,0.26,0.06,0.75
616,0.9111978297995877,0.9967555098472946,0.08294488612679438,0.029531388611912134,0.9047923557654921,0.9287524158829666,0.34,0.42,0.24,0.75
617,0.9142176933232614,0.9961393011490438,0.08047570492517046,0.031122516474671166,0.8966361972788736,0.9287367493847144,0.68,0.24,0.08,0.75
618,0.8949919592169002,0.9949519966979357,0.05664209404507818,0.033478332025890456,0.8935613068170716,0.9287354632502629,0.06,0.94,0.0,0.5
619,0.9032649491655224,0.9912343029726274,0.0712069930371006,0.02334766621722793,0.8952365695343768,0.9287345872360137,0.2,0.1,0.7,0.75
620,0.9035755015492121,0.9914961441475226,0.07151317409139012,0.023628219607288527,0.8952920029292335,0.9287308882808437,0.2,0.12,0.68,0.75
621,0.9054618309655783,0.996544073241275,0.07042838533016867,0.03269355436214243,0.8964493495336653,0.9287275153827559,0.18,0.78,0.04,0.5
622,0.9117221604588741,0.99679645571055,0.08252918007827699,0.0297350832657697,0.9029340379256711,0.928716317764429,0.38,0.4,0.22,0.75
623,0.9120166435678319,0.996663662790306,0.08523124245352402,0.02865129907362869,0.9062248904807425,0.9287154780829803,0.36,0.34,0.3,0.75
624,0.9101163650424183,0.9967110419433828,0.08207248871729483,0.029366123326156124,0.9048444642242155,0.9287138962794627,0.28,0.46,0.26,0.75
625,0.9120437409864264,0.9964341364811419,0.08441778317762094,0.028332316315466448,0.90438456132141,0.9287116402725788,0.38,0.3,0.32,0.75
626,0.9117359727920273,0.9967173325249118,0.08385877440592254,0.02921240585374995,0.9047923557654921,0.9287082363163287,0.36,0.38,0.26,0.75
627,0.9039991554143455,0.9917075065452302,0.07032351458932197,0.023997179546902114,0.8922722430314907,0.9287061960002517,0.3,0.06,0.64,0.75
628,0.9112553411828735,0.9964400331877838,0.08529224132755556,0.02816705102971044,0.9073705739130485,0.928704644496131,0.32,0.34,0.34,0.75
629,0.9094678235934466,0.9961615950384825,0.08479578666736041,0.02736382022762997,0.9091767832941464,0.9287014475997464,0.3,0.3,0.4,0.75
630,0.9019943684099319,0.9958686805600001,0.06629837222606176,0.03211268888782951,0.8951420406789314,0.9286977143653433,0.04,0.86,0.1,0.5
631,0.9136685441890078,0.996705687528252,0.0795466042003377,0.03144149923283321,0.8955426223052909,0.9286972116052903,0.66,0.28,0.06,0.75
632,0.9122344197088459,0.9966904805326139,0.08382020592162177,0.02889342309558777,0.903238877889104,0.9286956459749108,0.38,0.34,0.28,0.75
633,0.9107638365230988,0.9967474753704325,0.08270194824292569,0.029569817980013808,0.9047923557654921,0.9286834239109306,0.32,0.44,0.24,0.75
634,0.9103985082843633,0.9966721425170405,0.08261904698393784,0.029085569936095533,0.9047923557654921,0.9286832953671299,0.28,0.44,0.28,0.75
635,0.9060736426918661,0.9965229524139998,0.07141185013142483,0.03241297197176402,0.8964493495336653,0.9286802392962943,0.18,0.76,0.06,0.5
636,0.9080116110688736,0.9960545295691924,0.07996956909526831,0.028755039364583387,0.9046247647800404,0.9286800294489761,0.16,0.52,0.32,0.75
637,0.9101555143562747,0.9965798188143553,0.08406531919002759,0.02884344591413649,0.9077963570376194,0.9286782676806112,0.26,0.44,0.3,0.75
638,0.9118215332861401,0.9964752136360262,0.08509860052087376,0.028370745683568052,0.905868573276985,0.9286696130944692,0.36,0.32,0.32,0.75
639,0.90347576939186,0.9914062664649692,0.07083171707727857,0.023589790239187072,0.8938079909736586,0.9286691979925068,0.22,0.1,0.68,0.75
640,0.9133434978471255,0.9967434138924308,0.07938049067406695,0.03147992860093488,0.8956830823144346,0.9286666700172186,0.64,0.3,0.06,0.75
641,0.8927621138650017,0.9936597474227624,0.05834264421930311,0.030465241259698992,0.8981072120312575,0.9286665011281563,0.0,0.78,0.22,0.75
642,0.8670147046814487,0.9951539060983546,0.025418476049309073,0.03335415894386171,0.8886106949717674,0.928664047907522,0.08,0.92,0.0,1.0
643,0.9086120183772738,0.9958541128975119,0.08423877638492426,0.026879572183711804,0.9091213498992898,0.928647837507743,0.26,0.3,0.44,0.75
644,0.9037224604310926,0.9916570049347158,0.07193727974041904,0.023831914261146236,0.8952912183603415,0.9286358774240483,0.24,0.1,0.66,0.75
645,0.9122439916079536,0.9966429472545812,0.08499242373646342,0.028612869705527188,0.9047408785251675,0.9286345677606971,0.38,0.32,0.3,0.75
646,0.9128268786002138,0.99481367811261,0.07805447116152969,0.031172493656122516,0.8954234313311203,0.9286273715726092,0.8,0.14,0.06,0.75
647,0.9052638403334162,0.9965870512706141,0.07042868076353917,0.032936867938689315,0.8964493495336653,0.9286258169381469,0.2,0.78,0.02,0.5
648,0.9055277247338054,0.9965121693754261,0.07022393858407815,0.03245024078559575,0.8949473488976017,0.9286248514145886,0.16,0.78,0.06,0.5
649,0.8937949575226855,0.9935776501963106,0.058493168830897065,0.02990413447957777,0.8953834652606519,0.9286242667597912,0.0,0.74,0.26,0.75
650,0.873279205616769,0.9966385232975169,0.03336013753787141,0.032753520242004654,0.8887768827988656,0.9286196675532349,0.1,0.86,0.04,1.0
651,0.9105581123478294,0.9967178234414377,0.0828630682300984,0.029327693958054624,0.9047923557654921,0.9286191942720959,0.3,0.44,0.26,0.75
652,0.909710959660906,0.9961556383943577,0.08452421215923814,0.02732539085952833,0.9075738671812432,0.9286191032192703,0.32,0.28,0.4,0.75
653,0.908505306615403,0.9961163993222795,0.08079229074692465,0.028716609996481905,0.9046247647800404,0.928607717160143,0.18,0.5,0.32,0.75
654,0.910878440225349,0.9963840116205194,0.08557921012494041,0.027924927007751225,0.907726891116806,0.928602241666564,0.3,0.34,0.36,0.75
655,0.9109402812591892,0.9967197357325558,0.08335714341440947,0.029289264589953064,0.9047923557654921,0.9285992576991456,0.32,0.42,0.26,0.75
656,0.9031120150212977,0.9955477809853781,0.0707301310542251,0.0327058824521324,0.9018771393072872,0.9285977641971912,0.44,0.56,0.0,0.75
657,0.9112004897804922,0.9966984550719932,0.08383330204376882,0.02900871119989239,0.9047923557654921,0.9285928484958136,0.32,0.4,0.28,0.75
658,0.9113509776037013,0.9967938184613064,0.08334506046377388,0.029773512633871277,0.9044360385617346,0.9285867682250567,0.36,0.42,0.22,0.75
659,0.9126326967627648,0.9948018504493359,0.0778383166557403,0.0314146176780816,0.8954234313311203,0.9285812870742054,0.82,0.14,0.04,0.75
660,0.909414855012688,0.995525832450007,0.08343338594222541,0.027006408101366303,0.9060164331503231,0.9285807282948979,0.34,0.24,0.42,0.75
661,0.8944579733940905,0.9949284384130263,0.05585207498868011,0.033515600839722326,0.8921276150607993,0.9285771775494511,0.04,0.96,0.0,0.5
662,0.8738683883316499,0.9967082277358567,0.034768749004598046,0.03295486478700482,0.890210574555138,0.9285752235323739,0.14,0.84,0.02,1.0
663,0.9043097208200183,0.99187680424667,0.06929209379965286,0.024239303568861215,0.8889464861292925,0.9285750770691132,0.32,0.06,0.62,0.75
664,0.909890342513522,0.9956545068089323,0.08368925317456516,0.02749065614528448,0.905983514994759,0.9285670606894242,0.38,0.24,0.38,0.75
665,0.8970230418294686,0.9950559739597782,0.061773504137142596,0.033366525584395304,0.8979798541239602,0.9285649160291244,0.12,0.88,0.0,0.5
666,0.9139820036469307,0.9966583426251654,0.08144368003945313,0.03091882182081359,0.8970266342608657,0.9285639046018879,0.64,0.26,0.1,0.75
667,0.9107628216859693,0.9962814157749472,0.0849756306870738,0.027644373617690756,0.9062248904807426,0.9285571335228754,0.3,0.32,0.38,0.75
668,0.8733599261254282,0.9967000705298631,0.03355958535768764,0.032994454709376134,0.8887768827988656,0.9285473804210974,0.12,0.86,0.02,1.0
669,0.9059055531732068,0.9964921416936707,0.07169158309746484,0.0321696583952173,0.8960930323299078,0.928539692094817,0.16,0.76,0.08,0.5
670,0.9098350658186221,0.9964299066073551,0.08492724081603897,0.028601321892177338,0.9089420404699253,0.9285312255964068,0.24,0.44,0.32,0.75
671,0.9037521112679798,0.9916993150892465,0.06858333397454716,0.024685122244677914,0.8891658131013375,0.9285294109975037,0.38,0.04,0.58,0.75
672,0.9094290064982179,0.9962820865039215,0.08368375798930358,0.02863975126027888,0.9074921482925852,0.9285208583860615,0.22,0.46,0.32,0.75
673,0.9122710756308485,0.9964431727702167,0.08533839440122036,0.028574440337425584,0.9047408785251675,0.9285205866360636,0.4,0.3,0.3,0.75
674,0.9137530926792361,0.996713816192587,0.08738776773991043,0.030269308491139253,0.9076765709175033,0.9285158443415114,0.54,0.3,0.16,0.75
675,0.9117072854015534,0.9966623156240259,0.08408331577317162,0.028689728441730254,0.9033083438099174,0.9285085223097204,0.34,0.36,0.3,0.75
676,0.9084476093033508,0.9957455746786443,0.08469568511191607,0.026599018793651084,0.9091213498992898,0.9285065087398342,0.26,0.28,0.46,0.75
677,0.906923670159501,0.9953649374128238,0.07602236476882342,0.03228315940301554,0.9034164418658376,0.9285022583293198,0.66,0.34,0.0,0.75
678,0.9098264235746986,0.9955663387717218,0.08457479559262317,0.027452226777183036,0.9074172067510314,0.928501885908251,0.4,0.22,0.38,0.75
679,0.9137560627232276,0.9966928666152628,0.0814164419924259,0.030957251188915052,0.8970266342608657,0.9285014742887452,0.62,0.28,0.1,0.75
680,0.9063701900046685,0.9954533651791264,0.07449196840515085,0.032398447507319864,0.9016272629264379,0.9284996230349375,0.6,0.4,0.0,0.75
681,0.908963510874493,0.9962073045045382,0.08247163884937907,0.02867818062838051,0.9060584565363128,0.9284969964164026,0.2,0.48,0.32,0.75
682,0.90803918759216,0.9956138863205836,0.08441699719004589,0.026356894771691952,0.9091213498992898,0.9284930661137272,0.24,0.28,0.48,0.75
683,0.9056839540715199,0.9966021440996183,0.07134234164900824,0.03289959912485751,0.896397241074942,0.9284901256721825,0.22,0.76,0.02,0.5
684,0.8721003075841488,0.9964662629719269,0.03189025515935179,0.032552175697004526,0.8873431910425932,0.9284894926438056,0.06,0.88,0.06,1.0
685,0.9100031732019717,0.9961801100123384,0.08438273282435811,0.027529085513386047,0.9060898552256683,0.9284879196071434,0.36,0.26,0.38,0.75
686,0.9118267382465938,0.9969190078837312,0.08299322422789465,0.030780438089809306,0.9033637772047738,0.9284875690150981,0.42,0.44,0.14,0.75
687,0.911815302494396,0.9963396807165682,0.08505689210371993,0.02805176292540572,0.9042836458445705,0.9284855058611157,0.38,0.28,0.34,0.75
688,0.911919292190768,0.9967619916579354,0.08314562553089422,0.029454529875709075,0.9018063431738536,0.9284793755818506,0.38,0.38,0.24,0.75
689,0.9052487355565562,0.9964589106407025,0.06965997859017024,0.03220692720904906,0.8931573399375717,0.9284760516798043,0.14,0.78,0.08,0.5
690,0.9027588208415355,0.991034128905044,0.06761472379941227,0.024404568854617274,0.8891658131013375,0.9284672384391965,0.38,0.02,0.6,0.75
691,0.8970085203209344,0.9852489801894175,0.057400786133288716,0.020326889849413936,0.8813639939017364,0.9284667583405459,0.02,0.04,0.94,0.75
692,0.9145905559888869,0.9959337897913246,0.07949193277382965,0.03128778176042717,0.8925398473975077,0.928454132582209,0.74,0.2,0.06,0.75
693,0.9136762943936373,0.9966969195307669,0.08117097436434423,0.031199375210874174,0.8966703170571082,0.9284471063281847,0.64,0.28,0.08,0.75
694,0.8990128155849108,0.9950501514614483,0.06749853391207752,0.033303974048346854,0.9041384703028121,0.928445383101997,0.18,0.82,0.0,0.25
695,0.9058556471610002,0.9965578645706525,0.07182236807923269,0.03265628554831083,0.896397241074942,0.928445148034915,0.2,0.76,0.04,0.5
696,0.9088243514929735,0.9958948104483385,0.08443209543994327,0.026841142815610185,0.9076193492632262,0.9284442477648907,0.28,0.28,0.44,0.75
697,0.8738228980200183,0.9966578574169712,0.03531965521405607,0.032713930319633315,0.890210574555138,0.9284432498532498,0.12,0.84,0.04,1.0
698,0.9141703507828451,0.9960236103905611,0.07876920874702784,0.031810459172447014,0.8925224899354176,0.928442939082444,0.76,0.22,0.02,0.75
699,0.9144813496925381,0.9957792709606458,0.07936491548695535,0.031249352392325593,0.8925398473975077,0.928442528184299,0.76,0.18,0.06,0.75
700,0.9097151303636017,0.9956086089679307,0.08411039538781377,0.02724853212332538,0.9059661129510205,0.9284319109096164,0.36,0.24,0.4,0.75
701,0.9116879932302326,0.9942428791930008,0.07730611686860701,0.031134064288021047,0.8954234313311203,0.9284237014027393,0.82,0.12,0.06,0.75
702,0.9114714645314648,0.9966253284888016,0.08563188836445568,0.028447604419771216,0.9059039194195637,0.9284231655246684,0.32,0.36,0.32,0.75
703,0.914159315742079,0.9958102158267698,0.07723258544414571,0.03173360043624385,0.8895538348058692,0.9284210686272103,0.8,0.18,0.02,0.75
704,0.9121162310217518,0.9967964728355451,0.08322223111779978,0.029696653897668176,0.901450025970096,0.928419653322765,0.4,0.38,0.22,0.75
705,0.914288050976958,0.9959616236166743,0.07821062807517302,0.031772029804345396,0.8910558354419328,0.9284178111372366,0.78,0.2,0.02,0.75
706,0.9074151760561291,0.9954563734699302,0.08391352008781411,0.026433753507895126,0.9091213498992897,0.9284121367617975,0.2,0.32,0.48,0.75
707,0.9109076424063022,0.9966544181471244,0.08430315845851419,0.028766587177933237,0.9047923557654921,0.9284112416453215,0.3,0.4,0.3,0.75
708,0.9079129664417567,0.9956214812559051,0.08436994106736755,0.02667587752985434,0.9091213498992897,0.9284061199842383,0.22,0.32,0.46,0.75
709,0.9033667324395127,0.9915427184258303,0.06836698812036662,0.02492724626663696,0.8891658131013375,0.928404307263248,0.4,0.04,0.56,0.75
710,0.906785176873383,0.9954182189808742,0.07623333562132016,0.032321588771116884,0.9034164418658376,0.9284001433845378,0.64,0.36,0.0,0.75
711,0.9103871979109199,0.996135898983353,0.08522926050826768,0.027402249595731575,0.9062248904807426,0.9283978615789616,0.28,0.32,0.4,0.75
712,0.9037578161751109,0.9955528956505778,0.07213130523059787,0.03266745308403073,0.9018771393072872,0.9283956642096005,0.46,0.54,0.0,0.75
713,0.8733607673536592,0.9965889064784154,0.03516009980067783,0.03247299585226189,0.890210574555138,0.9283884928667585,0.1,0.84,0.06,1.0
714,0.9093695778872822,0.9958266558220542,0.08497409785464399,0.02723698430997561,0.9077622372593848,0.9283834685506238,0.22,0.36,0.42,0.75
715,0.9113727188243528,0.9966571952504945,0.08414491206595975,0.028728157809831744,0.9033083438099174,0.9283819254736816,0.32,0.38,0.3,0.75
716,0.9145149895625642,0.9959313694586855,0.07873020805210866,0.031529905782386236,0.8910558354419328,0.928379860302398,0.76,0.2,0.04,0.75
717,0.9118776000887441,0.9966880573458089,0.08455621251404084,0.02893185246368935,0.9033083438099174,0.9283786040131723,0.36,0.36,0.28,0.75
718,0.9120044509178523,0.9968318901795529,0.08328727910022511,0.029977207287728715,0.9018063431738536,0.9283699999154149,0.4,0.4,0.2,0.75
719,0.9094164357795529,0.9960256653899716,0.08439960542753337,0.027044837469467804,0.9060164331503231,0.928369699580359,0.32,0.26,0.42,0.75
720,0.9110598235387654,0.9965780092732077,0.08553775156713828,0.02820548039781199,0.9059039194195637,0.9283681622870426,0.3,0.36,0.34,0.75
721,0.9103642220039597,0.9965264744546563,0.08534848700801077,0.028562892524075734,0.9074400398338619,0.9283652974488839,0.26,0.42,0.32,0.75
722,0.9137955686992579,0.9967088727773383,0.08715484431900922,0.03002718446918018,0.9058182530776824,0.9283647302564975,0.52,0.3,0.18,0.75
723,0.8977225749388805,0.9850692276784765,0.05716032986156336,0.02004633645935326,0.8785680654560623,0.9283601142746034,0.02,0.02,0.96,0.75
724,0.9120950155229052,0.9963720184156261,0.08485093032632023,0.028293886947364823,0.9027816452085069,0.928359973531699,0.4,0.28,0.32,0.75
725,0.9109828684909376,0.9969328791297525,0.08217951121210457,0.031099420847971484,0.903041579779251,0.9283591505563611,0.4,0.48,0.12,0.75
726,0.9076703890724843,0.995505910372388,0.08442457150337648,0.026395324139793577,0.9091213498992897,0.9283563588071189,0.22,0.3,0.48,0.75
727,0.911552562877475,0.9956464780404018,0.08717707593995182,0.02793647482110122,0.9085628901833375,0.9283558921050293,0.44,0.22,0.34,0.75
728,0.8977798144042592,0.99506510158216,0.06350020146493984,0.03332925677056312,0.8983191939768636,0.9283534521512349,0.14,0.86,0.0,0.5
729,0.9144520301670553,0.995925370002073,0.07986047937737087,0.031045657738468055,0.8925398473975077,0.9283533966002104,0.72,0.2,0.08,0.75
730,0.9046918117194955,0.9921260928001657,0.07176529499360743,0.024965675634738515,0.8921698143734645,0.9283517074259033,0.38,0.06,0.56,0.75
731,0.9081800797577632,0.9960139690183265,0.0814575015121515,0.028474485974522772,0.9046247647800404,0.9283512701072223,0.16,0.5,0.34,0.75
732,0.9136340198678857,0.9966995111133569,0.08766450285673925,0.03051143251309843,0.9076765709175033,0.9283497030556922,0.56,0.3,0.14,0.75
733,0.9009248120854381,0.995773482712306,0.06560530945771242,0.03214995770166151,0.8937083489226589,0.9283400359084182,0.02,0.88,0.1,0.5
734,0.9063722031462149,0.9965770845234729,0.07354786646574245,0.03261901673447897,0.8978992417110055,0.9283378780885223,0.22,0.74,0.04,0.5
735,0.9092724856502237,0.9960116913939798,0.08433148537931393,0.027083266837569255,0.9060164331503231,0.9283363878596915,0.3,0.28,0.42,0.75
736,0.9120962138590862,0.9967257922724853,0.08323165509295705,0.029173976485648477,0.9003223312182789,0.9283357081746929,0.38,0.36,0.26,0.75
737,0.9076423429773111,0.9959544482437325,0.0801522453660703,0.02851291534262429,0.9031910730237679,0.9283348986336445,0.14,0.52,0.34,0.75
738,0.9069618316086389,0.9957189224779557,0.0797207581426087,0.028309220688766713,0.9035827363701042,0.9283194056863973,0.1,0.54,0.36,0.75
739,0.9107774316177499,0.9966873209710201,0.08431216793212692,0.02904714056799393,0.9047923557654921,0.9283184035697477,0.3,0.42,0.28,0.75
740,0.9117213257582938,0.9969437563557992,0.08314901950865022,0.031022562111768442,0.9030074600010163,0.928312832138675,0.44,0.44,0.12,0.75
741,0.9033703582934627,0.991416073378823,0.07441573851554384,0.02342452495343096,0.8982960042013606,0.9283111707502871,0.16,0.14,0.7,0.75
742,0.9095008428528201,0.9954886597940027,0.08422115631238529,0.027210102755223925,0.9058597727201112,0.928309408271956,0.38,0.22,0.4,0.75
743,0.8667846319458635,0.9951310556465756,0.024094417718430763,0.033433338788604265,0.8842604565446699,0.9283052692636277,0.04,0.96,0.0,1.0
744,0.9081366966455177,0.995700233399983,0.08424162373812842,0.02663744816175275,0.9076193492632262,0.9283044622000998,0.24,0.3,0.46,0.75
745,0.9113868794110797,0.994221621365765,0.07644856418485316,0.03137618830998012,0.8939214306950567,0.9283038910839372,0.84,0.12,0.04,0.75
746,0.8929325860194587,0.9936343053883934,0.05854601585186682,0.030184687869638384,0.8953834652606519,0.9283026944826077,0.0,0.76,0.24,0.75
747,0.9041714624300758,0.995560664690016,0.07370848927053816,0.03262902371592939,0.9033611512628622,0.928296131990364,0.48,0.52,0.0,0.75
748,0.8940894840079499,0.9850225021293789,0.060213757338602146,0.02242914731084289,0.8944876229020919,0.9282935166737984,0.24,0.0,0.76,0.75
749,0.9138868452555865,0.9966620929990897,0.08822781022071222,0.030230879123037725,0.9075073465608727,0.9282881288312799,0.56,0.28,0.16,0.75
750,0.9105479848542198,0.9966398875887923,0.08434496647077158,0.028805016546034876,0.9047923557654921,0.9282814156799359,0.28,0.42,0.3,0.75
751,0.908929785253565,0.9957665242559687,0.08481442656837745,0.027275413678077134,0.9077622372593848,0.9282808965465492,0.2,0.38,0.42,0.75
752,0.9131333237192505,0.9966609456244188,0.08743175023644238,0.02930081240330293,0.9061745702814399,0.9282776915245218,0.46,0.3,0.24,0.75
753,0.9099691389588072,0.9963422722991583,0.08609451796158514,0.02832076850211665,0.9089420404699253,0.9282776080804004,0.24,0.42,0.34,0.75
754,0.9105016766866877,0.9962428788276676,0.08562666474743766,0.027682802985792225,0.9062248904807426,0.9282774748853114,0.28,0.34,0.38,0.75
755,0.9143878856515941,0.9957612554658132,0.08016707561003765,0.030765104348407398,0.8925398473975077,0.9282771817702606,0.72,0.18,0.1,0.75
756,0.9081946038456084,0.9956140746955295,0.08454084499541827,0.02631846540359043,0.9075184337863866,0.9282712327797612,0.26,0.26,0.48,0.75
757,0.8739200913215864,0.9966235617601417,0.03619623399005437,0.03243340592989062,0.890210574555138,0.9282704412025281,0.12,0.82,0.06,1.0
758,0.9111157722034873,0.9954182703558595,0.08693749883373926,0.0278980454529997,0.9085628901833375,0.9282674369643807,0.46,0.2,0.34,0.75
759,0.8727540144013048,0.9965315805573584,0.03415931683232641,0.03251258577463312,0.8887768827988656,0.928263661270068,0.08,0.86,0.06,1.0
760,0.9106950342533511,0.9965969381011116,0.08533802321404836,0.028524463155974112,0.9059380391977983,0.928260515661612,0.28,0.4,0.32,0.75
761,0.9139639995298762,0.9966584396668042,0.0876407763001802,0.029988755101078547,0.9057173376008428,0.9282600327593085,0.54,0.28,0.18,0.75
762,0.9123677991237424,0.9967656250110599,0.08363428729972021,0.029416100507607602,0.9003223312182789,0.9282585587628842,0.4,0.36,0.24,0.75
763,0.9140301291841064,0.9955778296434259,0.08054546312099316,0.03072667498030591,0.893989739574848,0.9282583310997594,0.74,0.16,0.1,0.75
764,0.9045563208621286,0.9920109214998674,0.07205733065164002,0.02472355161277944,0.8921698143734645,0.928257945598919,0.36,0.06,0.58,0.75
765,0.9046513973780522,0.9921799080972297,0.07473545327001148,0.024558286327023515,0.8967249101166139,0.9282553911178406,0.3,0.1,0.6,0.75
766,0.9065160199202676,0.996540128784073,0.07335401695937621,0.032375703157932284,0.896397241074942,0.9282547755240308,0.2,0.74,0.06,0.5
767,0.9138331960893905,0.9956506565392034,0.07741539751079253,0.03169517106814231,0.8895538348058692,0.9282542362994959,0.82,0.16,0.02,0.75
768,0.909041276513088,0.9953501613962287,0.08428341520383623,0.026764284079407234,0.9060164331503231,0.9282454622912757,0.32,0.24,0.44,0.75
769,0.9120711737647288,0.9969359102538831,0.0837757929882092,0.03098413274366683,0.9030074600010163,0.9282434469007941,0.46,0.42,0.12,0.75
770,0.9143801245497669,0.9957936102898661,0.07902686871242515,0.03149147641428466,0.8910558354419328,0.9282408246241631,0.78,0.18,0.04,0.75
771,0.9135748555493719,0.9966135150963568,0.08759977023230518,0.029466077689058873,0.9056109973699337,0.9282369671775115,0.52,0.26,0.22,0.75
772,0.9090065005708728,0.9958989803846424,0.08454892866422348,0.026802713447508696,0.9060164331503231,0.9282330554927349,0.3,0.26,0.44,0.75
773,0.906557902872382,0.9948402446883231,0.08318185120645748,0.025630522705814562,0.9076381225126068,0.9282118125551873,0.18,0.28,0.54,0.75
774,0.9070137803623667,0.9949553931552947,0.08355684091193914,0.025872646727773826,0.9076381225126068,0.9282092241101398,0.2,0.28,0.52,0.75
775,0.9071691498326688,0.9958878491378352,0.0792688553038481,0.028551344710725818,0.901707061068193,0.9282075556497985,0.12,0.54,0.34,0.75
776,0.9118017647768866,0.9957621117155676,0.08720701972500168,0.027974904189202777,0.9070608895472739,0.9282063718070585,0.42,0.24,0.34,0.75
777,0.9027864140803827,0.9913233814887434,0.07344453626115276,0.02322083029957338,0.8967032240278617,0.92820413534282,0.12,0.16,0.72,0.75
778,0.9118891954450464,0.9956856714458265,0.08712580635712024,0.02817859884306041,0.9070608895472739,0.9282038292608931,0.46,0.22,0.32,0.75
779,0.9086929457929764,0.9952253287445348,0.08319300089585575,0.026725854711305737,0.9044080922833503,0.9282032999839901,0.34,0.22,0.44,0.75
780,0.9095553452965852,0.9962262447491055,0.08584597991987694,0.02835919787021823,0.9089420404699253,0.9282000928956545,0.22,0.44,0.34,0.75
781,0.9053508917293845,0.9965495246980447,0.07346918242598593,0.03298725439808846,0.8993832536665803,0.9281990083650642,0.2,0.78,0.02,0.25
782,0.9086197882715423,0.9957810976267885,0.08438517398347516,0.026560589425549633,0.9060164331503231,0.928195033806817,0.28,0.26,0.46,0.75
783,0.9061650584569267,0.9956014050533303,0.0761666749802898,0.03243687687542162,0.9031292635625013,0.9281946855993555,0.58,0.42,0.0,0.75
784,0.9086060822379786,0.9950016962878467,0.08346598748778249,0.02717167338712223,0.9058597727201112,0.928193517098858,0.4,0.2,0.4,0.75
785,0.8742201726990578,0.9966759870784377,0.03663728385257088,0.03267434039726208,0.890210574555138,0.9281928824301522,0.14,0.82,0.04,1.0
786,0.9095121108934309,0.9961650685583195,0.08617572048371401,0.028078644480157518,0.9092983576736829,0.9281923613894206,0.22,0.42,0.36,0.75
787,0.906166815731524,0.9966240983433211,0.07291442598412844,0.032862330311025784,0.896397241074942,0.928192123414678,0.24,0.74,0.02,0.5
788,0.9113383128273658,0.9969365552953647,0.08239469583392729,0.031060991479869883,0.901557567823676,0.9281893302050594,0.42,0.46,0.12,0.75
789,0.9097861014714823,0.9960093053113309,0.08601152086969863,0.0274791083319346,0.9077622372593848,0.9281880612370589,0.24,0.36,0.4,0.75
790,0.914105063113479,0.9956095508426605,0.07729854048373302,0.03145304704618319,0.8880518341698056,0.9281864730719096,0.8,0.16,0.04,0.75
791,0.9129172957044797,0.9964233077759146,0.08755679410889865,0.02898182964514072,0.9060053459248091,0.9281795703060155,0.48,0.26,0.26,0.75
792,0.9123883585459391,0.9958247092809459,0.08781490708274083,0.02845915223312106,0.9074172067510314,0.928172938329075,0.46,0.24,0.3,0.75
793,0.9047951303982501,0.992170908912311,0.0715789782259546,0.0252077996566976,0.890667813737401,0.9281694602018955,0.4,0.06,0.54,0.75
794,0.9110296418406358,0.9966134180547179,0.08528183221361128,0.028486033787872667,0.9044540272422235,0.9281646673066573,0.3,0.38,0.32,0.75
795,0.8729808373724308,0.996498201087766,0.035687782914617217,0.03223206138489027,0.890210574555138,0.9281568377949387,0.08,0.84,0.08,1.0
796,0.908103256542942,0.9955938985971501,0.08372883521298989,0.02707171902421945,0.9063806539618358,0.9281537809736486,0.16,0.4,0.44,0.75
797,0.9085307969964286,0.9957234606016541,0.08408929641012933,0.02731384304617853,0.9063806539618358,0.9281490454896691,0.18,0.4,0.42,0.75
798,0.9085833637008042,0.9952423909479742,0.08425527408627437,0.026522160057448074,0.9060164331503231,0.9281484674948944,0.3,0.24,0.46,0.75
799,0.8942833367307825,0.9864586841341008,0.06088938968046291,0.02267127133280196,0.8933087936833898,0.9281469043183461,0.26,0.0,0.74,0.75
800,0.9109345433599592,0.9941986510390203,0.0763299200453895,0.031618312331939215,0.8938867157708767,0.9281453461388975,0.86,0.12,0.02,0.75
801,0.9120947149986458,0.9963213455551607,0.08710464412760689,0.028255457579263375,0.9056652291421196,0.9281422215640738,0.42,0.26,0.32,0.75
802,0.9047833324827121,0.9941555645513789,0.08017458196152373,0.02473888535418129,0.9044309946895025,0.9281417121998623,0.06,0.32,0.62,0.75
803,0.9051728345383571,0.9943004248848282,0.08141438374152213,0.024981009376140558,0.9062044307563346,0.9281401512962683,0.08,0.32,0.6,0.75
804,0.9123002765002569,0.9957441504498862,0.08782374407189086,0.028420722865019538,0.9074172067510314,0.9281395659482472,0.48,0.22,0.3,0.75
805,0.914431588804086,0.9957677058806297,0.0805316036423565,0.03100722837036655,0.8925398473975077,0.9281376549169406,0.74,0.18,0.08,0.75
806,0.9083405124655839,0.9951004104678656,0.08395363112815694,0.026483730689346625,0.9059100929194138,0.9281330856512552,0.32,0.22,0.46,0.75
807,0.9129891707483996,0.9959100260064742,0.0883030168692084,0.0289434002770392,0.9074172067510314,0.9281282911761896,0.5,0.24,0.26,0.75
808,0.9050585472301487,0.9942935349284711,0.08134802666239062,0.02501943874424201,0.9062727396361258,0.9281265386744988,0.06,0.34,0.6,0.75
809,0.9086653181562994,0.9960826516652928,0.08356034548038224,0.028436056606421255,0.9060584565363128,0.9281231311479432,0.18,0.48,0.34,0.75
810,0.9040766662489272,0.9919281678152705,0.07480163208229822,0.02411246765120682,0.8967752303159164,0.9281228273330083,0.24,0.12,0.64,0.75
811,0.9121367276143568,0.9969142185934383,0.08381661797438267,0.03074200872170779,0.9018063431738536,0.928116336985914,0.44,0.42,0.14,0.75
812,0.9140480169995939,0.9955939442638037,0.07919685430529858,0.031210923024224083,0.8910378467614442,0.9281156073567687,0.78,0.16,0.06,0.75
813,0.9135010706662057,0.9967512171818592,0.08772569812479908,0.030307737859240905,0.9061745702814399,0.9281153558188744,0.52,0.32,0.16,0.75
814,0.9083703083776361,0.9958007000378325,0.08500946686615692,0.026918001551813363,0.9076193492632262,0.9281119523428032,0.24,0.32,0.44,0.75
815,0.8668932903202441,0.9951301308968408,0.024910521887051056,0.033393748866232885,0.8842604565446699,0.9281101681605723,0.06,0.94,0.0,1.0
816,0.9048149144387887,0.9963811003713544,0.07004991625041516,0.03196361363250233,0.892079965385057,0.9281087781107656,0.12,0.78,0.1,0.5
817,0.9066043125201463,0.9966414002966917,0.07446494033332962,0.03282506149719401,0.8978812530305167,0.9281086394278889,0.26,0.72,0.02,0.5
818,0.9081118671809333,0.9957228069976749,0.08552800745190692,0.02695643091991486,0.9092288917528697,0.9281068623412827,0.22,0.34,0.44,0.75
819,0.9134563724309991,0.9966063568484099,0.08827690917064826,0.02922395366709978,0.9059673145736912,0.928106839892095,0.5,0.26,0.24,0.75
820,0.9072622200080629,0.9950666599567131,0.08403752232724934,0.026153200117834275,0.9076381225126069,0.9281056400072264,0.2,0.3,0.5,0.75
821,0.9137105994478757,0.9966177678034702,0.08822411774736866,0.029708201711017915,0.9059673145736912,0.9281032024165466,0.54,0.26,0.2,0.75
822,0.9079589161605799,0.9947127947665467,0.08312741068232724,0.02692954936516322,0.9058597727201112,0.9281021494674732,0.38,0.2,0.42,0.75
823,0.9120497202018861,0.9948123994463101,0.07718140607254355,0.03165674170004077,0.8924374187394819,0.9281011940904873,0.84,0.14,0.02,0.75
824,0.9134409049125738,0.9967544595142626,0.08756728162928078,0.030549861881200006,0.9062086900596744,0.9281001949434846,0.54,0.32,0.14,0.75
825,0.9072966395475881,0.995610047467518,0.08461007764964691,0.02703328965611791,0.9092642378954484,0.9281001688506226,0.18,0.38,0.44,0.75
826,0.9054399254556523,0.9965046914609044,0.07405386002633324,0.032742751266953966,0.8993832536665803,0.9280991918286924,0.18,0.78,0.04,0.25
827,0.9069504040053384,0.9965567799876303,0.0759332406253299,0.03233843434410058,0.8993832536665803,0.9280987374431546,0.22,0.72,0.06,0.5
828,0.9088406936041681,0.9959561493265778,0.08551583665124317,0.02716012557377243,0.9077268911168062,0.9280979843421597,0.26,0.32,0.42,0.75
829,0.9132114600313103,0.9959357192074378,0.08774042779744823,0.02918552429899825,0.9059673145736912,0.9280952522029917,0.52,0.24,0.24,0.75
830,0.9127040198714516,0.9958697651430224,0.08828009725426314,0.0287012762550801,0.9074172067510314,0.9280917447909434,0.48,0.24,0.28,0.75
831,0.9091205267487841,0.99614928502118,0.08420772376144564,0.028397627238319786,0.9060584565363128,0.9280905807155581,0.2,0.46,0.34,0.75
832,0.913571163851471,0.9966529882100346,0.08817417389187039,0.02974663107911943,0.9060736548046003,0.9280893307101561,0.52,0.28,0.2,0.75
833,0.9133557383999418,0.9967599680543492,0.087968280508755,0.030791985903159038,0.9073543734919806,0.9280831951621982,0.56,0.32,0.12,0.75
834,0.9129618431878879,0.9966373702145143,0.08808403976204082,0.029058688381343817,0.9061745702814399,0.9280829248852582,0.44,0.3,0.26,0.75
835,0.9043225907092608,0.9920339717432558,0.07491594475060159,0.024316162305064365,0.8963851658060544,0.928080242989121,0.28,0.1,0.62,0.75
836,0.9119837724334475,0.9941016379418468,0.07871831939512636,0.030891940266061877,0.8950671141273628,0.9280787506835109,0.8,0.12,0.08,0.75
837,0.9045892783709512,0.9940440580000294,0.08052463529025893,0.02445833196412067,0.904702430120271,0.9280625919359764,0.06,0.3,0.64,0.75
838,0.9075390493992527,0.9944283714314621,0.08348954271311827,0.026891119997061595,0.9073617733561748,0.9280620226908485,0.4,0.18,0.42,0.75
839,0.9124730843631471,0.9969146980933008,0.08439056603896378,0.030703579353606153,0.9018063431738536,0.928059395403851,0.46,0.4,0.14,0.75
840,0.8944636064685991,0.9867979474117887,0.061398078368860284,0.022913395354761064,0.8932908050029011,0.9280539750952577,0.28,0.0,0.72,0.75
841,0.8734455471746623,0.9965426804083412,0.03657896010823498,0.03219247146251908,0.890210574555138,0.9280537012346115,0.1,0.82,0.08,1.0
842,0.9100674294980275,0.9960840444982265,0.08604097605411012,0.027440678963833037,0.9062248904807426,0.9280522554101849,0.26,0.34,0.4,0.75
843,0.9131001124718444,0.9967105624435203,0.08783124309519638,0.029581365793363654,0.9058182530776824,0.9280503431413504,0.46,0.32,0.22,0.75
844,0.9090397528253693,0.9953587096229435,0.08401192237655052,0.026967978733264807,0.9044260809638388,0.9280453319313356,0.36,0.22,0.42,0.75
845,0.9133522125213824,0.9967762539246778,0.08780507990244411,0.030104043205383287,0.9058523728559169,0.9280439584644042,0.48,0.34,0.18,0.75
846,0.9131492662360252,0.9967239142313573,0.08793299537899,0.029823489815322714,0.9061745702814399,0.9280427553119064,0.48,0.32,0.2,0.75
847,0.908946483536638,0.995840461422261,0.08553441238182057,0.027555967068137704,0.9078143457181082,0.9280409582046985,0.2,0.4,0.4,0.75
848,0.9104383958438489,0.9963271109701737,0.08547057968044747,0.027963356375852927,0.9047582359872578,0.9280400532322216,0.28,0.36,0.36,0.75
849,0.9046273990006573,0.9955764225396628,0.07444646083844875,0.03259059434782767,0.9020902473814966,0.9280393933461327,0.5,0.5,0.0,0.75
850,0.9132754159198646,0.996689030616363,0.08807480488521481,0.02954293642526198,0.9058182530776824,0.9280371131979812,0.48,0.3,0.22,0.75
851,0.9135510623403827,0.9967346173532873,0.08803281604826999,0.030065613837281766,0.9058182530776824,0.9280342250696381,0.5,0.32,0.18,0.75
852,0.9049916076548413,0.9922167981908151,0.07249378464291205,0.02500410500284016,0.8907882310759155,0.9280301309659736,0.36,0.08,0.56,0.75
853,0.9038401486433247,0.9916754999294107,0.07492282028465126,0.023870343629247684,0.8967752303159164,0.9280274291491306,0.22,0.12,0.66,0.75
854,0.9048242239881987,0.9921366246721448,0.07246758483316115,0.024761980980881067,0.8907882310759155,0.9280238743096921,0.34,0.08,0.58,0.75
855,0.9127479191143011,0.9964087914884117,0.08811698297154673,0.028739705623181597,0.9060053459248091,0.9280133683514075,0.46,0.26,0.28,0.75
856,0.90706263657444,0.9954263419368776,0.0841366860984985,0.02647218287599662,0.9076714577219495,0.9280123083877297,0.18,0.34,0.48,0.75
857,0.9082122489042397,0.9951265232312089,0.08445098143509672,0.02628003603548897,0.9060164331503231,0.9280117084984799,0.28,0.24,0.48,0.75
858,0.9107568690872776,0.9965349456188931,0.08565915109681167,0.02824390976591357,0.9044540272422235,0.9280106182033424,0.28,0.38,0.34,0.75
859,0.9140553253523048,0.9955758203106688,0.08030277752984769,0.030968799002264943,0.8921314217350268,0.9280084403297086,0.76,0.16,0.08,0.75
860,0.9069193404838756,0.9950375075067416,0.08399775719951125,0.02619162948593601,0.9076381225126069,0.9280021911993717,0.18,0.32,0.5,0.75
861,0.9074965313846899,0.9951083136530987,0.08394319138823413,0.02611477074973291,0.9061361218765432,0.9279917854084669,0.22,0.28,0.5,0.75
862,0.904048923036411,0.9918780657879748,0.07446389268657809,0.024074038283105285,0.8952912183603415,0.927989524135707,0.26,0.1,0.64,0.75
863,0.9084942162588969,0.9958757931412934,0.08546338078477872,0.027198554941874016,0.9077268911168062,0.9279894374008482,0.24,0.34,0.42,0.75
864,0.9058567763541426,0.9956092140510905,0.0757833041445249,0.0324753062435229,0.9016793713851611,0.9279888200586788,0.56,0.44,0.0,0.75
865,0.9106284260298569,0.9937303052566908,0.07669077344946043,0.031095634919919474,0.8939040732329667,0.9279862778909267,0.84,0.1,0.06,0.75
866,0.910000519597697,0.9963039751018098,0.085963684119256,0.028040215112055865,0.9063123450820446,0.9279806847293969,0.24,0.4,0.36,0.75
867,0.9070683351315677,0.9937944098216368,0.08238493656816842,0.02661056660700095,0.90589511886269,0.9279805486345494,0.4,0.16,0.44,0.75
868,0.9072760487224842,0.995338890295295,0.07667674012078177,0.03224473003491378,0.9004657754167776,0.9279803379218166,0.68,0.32,0.0,0.75
869,0.910141301553121,0.9937076717215162,0.07603992368532377,0.03133775894187859,0.8939040732329667,0.9279761162586546,0.86,0.1,0.04,0.75
870,0.9078090380225615,0.9955170929941805,0.08397261119155888,0.02711014839232104,0.9063806539618358,0.9279759698243949,0.14,0.42,0.44,0.75
871,0.9097791117104022,0.9960725764598494,0.08584660478681846,0.027759661721995323,0.9063123450820446,0.9279694451993862,0.24,0.38,0.38,0.75
872,0.908674852272828,0.995964352199225,0.08537084411225447,0.02787494982629999,0.9078646659174106,0.9279689997466328,0.18,0.44,0.38,0.75
873,0.9063988453891788,0.9947546939211953,0.08301018180932508,0.02566895207391619,0.9061361218765431,0.9279678100437103,0.16,0.3,0.54,0.75
874,0.9130821986215963,0.9966147994709883,0.08779871102459427,0.029020259013242178,0.9045716541685367,0.927965222831434,0.46,0.28,0.26,0.75
875,0.8944539075672305,0.9935111195903938,0.06333391101240556,0.029343027699456493,0.8983011689724993,0.9279651061471719,0.0,0.7,0.3,0.75
876,0.9060948196570997,0.9940955814019174,0.08272974706476927,0.0250694159256934,0.9060352063997037,0.9279634217173662,0.18,0.24,0.58,0.75
877,0.9128146436614623,0.9947801930388813,0.07952798960287959,0.030930369634163367,0.8935651134912992,0.9279631879087444,0.78,0.14,0.08,0.75
878,0.9063509656157268,0.9953819482412778,0.08261751496072703,0.026983312474666662,0.9065513914996527,0.9279602523260422,0.06,0.48,0.46,0.75
879,0.9067766326967613,0.9948639513898566,0.08352599368158707,0.025592093337713128,0.9060352063997037,0.9279489374359702,0.2,0.26,0.54,0.75
880,0.9121092030533475,0.9958029091621989,0.087499862821813,0.028217028211161895,0.9055588889112103,0.9279465013504844,0.44,0.24,0.32,0.75
881,0.912955512864633,0.9967027934040821,0.08764758274444663,0.029339241771404574,0.9047408785251675,0.9279456097002328,0.44,0.32,0.24,0.75
882,0.9121990178841038,0.9968818095402343,0.08462865074768423,0.03049988469974866,0.9018063431738536,0.927944284382233,0.42,0.42,0.16,0.75
883,0.8739577884629315,0.9965805666058075,0.03735840522275113,0.03215288154014766,0.8898542573513805,0.9279426266343515,0.12,0.8,0.08,1.0
884,0.906610230077577,0.9954463953061257,0.07592872506118223,0.03236001813921862,0.900143250970863,0.9279411133156199,0.62,0.38,0.0,0.75
885,0.9061528865288452,0.9946457732441041,0.08377054180829538,0.025388398683855458,0.9076381225126068,0.9279397015375073,0.16,0.28,0.56,0.75
886,0.9053693726666868,0.9954640112177394,0.0763453779038345,0.028143955403010717,0.897729340265921,0.9279324038226218,0.04,0.58,0.38,0.75
887,0.9091710166235488,0.9960353410121964,0.08605517093463591,0.027836520458198424,0.9078143457181082,0.9279311802349204,0.2,0.42,0.38,0.75
888,0.905526337205761,0.9944356552627062,0.08241902159798307,0.025223133398099614,0.9062044307563346,0.9279281846380985,0.1,0.32,0.58,0.75
889,0.9118099199597259,0.9940856146547762,0.07943017620129682,0.030649816244102863,0.8954234313311203,0.9279206653764721,0.78,0.12,0.1,0.75
890,0.9060581127716559,0.9945643553091241,0.08306995541719861,0.025107845293794902,0.9060352063997037,0.92791687648361,0.16,0.26,0.58,0.75
891,0.9132957250843865,0.9967798730069731,0.08823268109513605,0.030346167227342433,0.9062086900596744,0.9279091982477865,0.5,0.34,0.16,0.75
892,0.8682534469833053,0.9952141289977473,0.030203138618969984,0.03327497909911925,0.8901126956078308,0.9279052783050306,0.12,0.88,0.0,1.0
893,0.9071729133392191,0.9953140248024273,0.08285569637786797,0.026906453738463648,0.9049469622055634,0.9279026308505213,0.1,0.44,0.46,0.75
894,0.9073020118538602,0.9943467023298875,0.08314294388039165,0.026648995975102476,0.9058597727201112,0.9279017930544072,0.38,0.18,0.44,0.75
895,0.9049673262035239,0.994181925627151,0.08120720455943835,0.02470045598607977,0.9043626858097114,0.9279003521188991,0.08,0.3,0.62,0.75
896,0.9095034521013879,0.995341481877885,0.08685065185126517,0.02765592143104053,0.908919207387095,0.9278991537891964,0.44,0.2,0.36,0.75
897,0.9080752162602482,0.9956608630362758,0.08444403227895061,0.027352272414280145,0.9063806539618358,0.9278929406246332,0.16,0.42,0.42,0.75
898,0.9131285231749412,0.9967999435012163,0.08761545576584732,0.03083041527126059,0.9058523728559169,0.9278898446440774,0.54,0.34,0.12,0.75
899,0.913372868080829,0.9966999164049073,0.08872121405409897,0.02978506044722113,0.9061745702814399,0.9278864902302572,0.5,0.3,0.2,0.75
900,0.9091179608902177,0.9960906661629939,0.08602823354666596,0.02811707384825907,0.9078646659174106,0.9278827721266316,0.2,0.44,0.36,0.75
901,0.9043747761788684,0.9941140421466222,0.08060173654707047,0.02477731472228285,0.9044309946895025,0.9278819803139232,0.04,0.34,0.62,0.75
902,0.9054175935645326,0.9944351129711951,0.08244463087305218,0.025261562766201093,0.9062044307563346,0.9278804050535544,0.08,0.34,0.58,0.75
903,0.8719659123752099,0.9962506507212717,0.0329517111224739,0.032311241229633,0.8854848732027721,0.9278800000102031,0.04,0.88,0.08,1.0
904,0.9068188484459443,0.9949758118577713,0.0837157908147887,0.025911076095875313,0.9061361218765431,0.9278749581242367,0.18,0.3,0.52,0.75
905,0.9125574685779365,0.9968837703521719,0.08526966742773114,0.030461455331647038,0.9018063431738536,0.9278748412687076,0.44,0.4,0.16,0.75
906,0.9125211113595949,0.9957737852538859,0.08806410878468365,0.02866284688697856,0.9059505522575466,0.9278724840524039,0.5,0.22,0.28,0.75
907,0.907533794158732,0.9955569028994283,0.08501448903345592,0.026714306897955804,0.9076714577219495,0.9278715346147799,0.2,0.34,0.46,0.75
908,0.9128565012302772,0.9958024524956632,0.08749624822012658,0.028904970908937722,0.9044665403019716,0.9278702244262276,0.52,0.22,0.26,0.75
909,0.9064492004683233,0.994726289262676,0.08356848507895419,0.025349969315753968,0.9060352063997037,0.9278662228271011,0.18,0.26,0.56,0.75
910,0.9039890451793877,0.9938681329254906,0.07991350683404282,0.024216207942161505,0.9032687383639986,0.9278658386569034,0.04,0.3,0.66,0.75
911,0.9094767869249618,0.9961051539088384,0.08589632482862872,0.027798091090096864,0.9063123450820446,0.9278616023359316,0.22,0.4,0.38,0.75
912,0.9057248528343581,0.9945491254801592,0.08272313086732996,0.025503686788160247,0.9062044307563346,0.9278609017943282,0.1,0.34,0.56,0.75
913,0.9082284012432144,0.9958650786026999,0.08541583943901963,0.02763282580434088,0.9078646659174106,0.9278556152957045,0.16,0.44,0.4,0.75
914,0.9093673040096986,0.9958970338435341,0.08591835385128917,0.02751753770003609,0.9063123450820446,0.9278472938972195,0.22,0.38,0.4,0.75
915,0.9124464726126739,0.996370722624331,0.08853827840165206,0.028497581601222465,0.9060215463458771,0.9278465187733069,0.44,0.26,0.3,0.75
916,0.9065040305983357,0.9942412979851211,0.08346895983099135,0.025311539947652496,0.9060352063997037,0.9278463259644277,0.2,0.24,0.56,0.75
917,0.9055077458694423,0.9956109608005894,0.07516624052560344,0.03251373561162459,0.9002456796288887,0.9278396802132183,0.54,0.46,0.0,0.75
918,0.9050954822663999,0.9955984823875019,0.07471103477411273,0.03255216497972595,0.9002456796288887,0.9278377881127744,0.52,0.48,0.0,0.75
919,0.9046756211718376,0.9920787079387573,0.07310049767417671,0.02451985695892197,0.8907882310759155,0.9278364107157578,0.32,0.08,0.6,0.75
920,0.9079704235627396,0.9949813489395164,0.08393198679077829,0.026241606667387393,0.9044080922833503,0.9278335696957716,0.3,0.22,0.48,0.75
921,0.9101360579716126,0.9961789968876578,0.08596444391341311,0.027721232353893857,0.9047582359872578,0.9278330604666107,0.26,0.36,0.38,0.75
922,0.9036559428192016,0.9915658314608673,0.07472576094698367,0.02366664897539004,0.8952920029292335,0.9278308312602239,0.18,0.14,0.68,0.75
923,0.898388321271932,0.9950756049124807,0.06673020813301576,0.033291987956731585,0.8997528857331359,0.9278281043168778,0.16,0.84,0.0,0.5
924,0.9067084033379094,0.9949760401910391,0.08359192795882969,0.026230058854037765,0.9062044307563345,0.9278240478877611,0.16,0.34,0.5,0.75
925,0.908637358532731,0.995927002584938,0.08524789000357803,0.027594396436239184,0.9063806539618358,0.9278211351237056,0.18,0.42,0.4,0.75
926,0.9134618221235375,0.9966635200820136,0.08820241264968365,0.029504507057160418,0.9042153369647792,0.9278196371178199,0.5,0.28,0.22,0.75
927,0.9053971152314151,0.996393949826002,0.07432934101703707,0.03225374500468538,0.8975932447065506,0.9278195504128054,0.14,0.78,0.08,0.25
928,0.9103698365236268,0.9935483750172077,0.0780310864330141,0.030611386876001262,0.8954234313311203,0.9278194322477195,0.8,0.1,0.1,0.75
929,0.9127957777903764,0.996676358119998,0.0880729713579991,0.02909711774944536,0.9047408785251675,0.9278194074810904,0.42,0.32,0.26,0.75
930,0.907642604268854,0.9956503768309503,0.08521459116562219,0.026994860288016474,0.9077622372593848,0.9278179677193985,0.2,0.36,0.44,0.75
931,0.9065901878634369,0.9948868218207966,0.08360612152225268,0.025949505463976986,0.9061361218765431,0.9278169694392139,0.16,0.32,0.52,0.75
932,0.9126067233957065,0.9968628036498525,0.08549488950641193,0.030219331309687895,0.901450025970096,0.9278164645773166,0.42,0.4,0.18,0.75
933,0.9077573019603327,0.9946122425037218,0.08325176916066424,0.026687425343204105,0.9043577720840477,0.9278138248049599,0.36,0.2,0.44,0.75
934,0.9060316494137524,0.9946706216119767,0.08311456084104293,0.025745810810119285,0.9062044307563346,0.9278097975671412,0.12,0.34,0.54,0.75
935,0.9051156124768224,0.9943837665275896,0.0815969229316801,0.025299992134302708,0.9048060851426409,0.927809267853654,0.06,0.36,0.58,0.75
936,0.9131887949278709,0.9967868428799739,0.08831427632721928,0.030588291249301555,0.9062086900596744,0.9278061964700529,0.52,0.34,0.14,0.75
937,0.9072173478384404,0.9949821595226173,0.08359311550754234,0.02583421735967223,0.9045332057636403,0.9278057910334984,0.22,0.26,0.52,0.75
938,0.9073886164558311,0.9954172485644859,0.08330999632876024,0.02714857776042268,0.9049469622055634,0.9278033172881761,0.12,0.44,0.44,0.75
939,0.9055801021128957,0.9964656921387574,0.07537634699664998,0.03249824813581969,0.8993832536665803,0.9278027064750269,0.16,0.78,0.06,0.25
940,0.8724200247370716,0.996371250645013,0.03475224880118796,0.03227165130726157,0.8873431910425932,0.9278014640117674,0.06,0.86,0.08,1.0
941,0.9052641278623741,0.9943368897077022,0.08195697535817038,0.02494258000803899,0.904702430120271,0.927798835948202,0.1,0.3,0.6,0.75
942,0.9068254392956075,0.9954678415083075,0.08452248304301554,0.026791165634158873,0.907830546139176,0.927796123383017,0.16,0.38,0.46,0.75
943,0.87360801828093,0.9965039379611205,0.038594381578828475,0.03191194707277629,0.8916945865107129,0.9277938101585084,0.1,0.8,0.1,1.0
944,0.9071412710258365,0.9944398594490003,0.08408298424988378,0.025757358623469243,0.9059668975199127,0.9277907022483036,0.26,0.22,0.52,0.75
945,0.9069362228916709,0.9943827561528794,0.08326073010811737,0.025553663969611583,0.9045332057636403,0.9277835598755019,0.22,0.24,0.54,0.75
946,0.8951591628139175,0.9934196321583022,0.06518211796680579,0.028501367529274523,0.8981774266978516,0.9277794504976733,0.0,0.64,0.36,0.75
947,0.9063114194323226,0.9954453392647619,0.08226661151708944,0.027263865864727156,0.905049390863589,0.9277777356827153,0.06,0.5,0.44,0.75
948,0.91269138424114,0.9966165290954923,0.08827881990837423,0.02881656435938469,0.9047408785251675,0.9277758304040957,0.42,0.3,0.28,0.75
949,0.9069195826062528,0.9964470373107748,0.07808535569176797,0.03157122480062853,0.9005109484183977,0.9277746565966131,0.18,0.7,0.12,0.5
950,0.9100476595629924,0.9955824933504215,0.08716772933370184,0.02769435079914214,0.9074172067510314,0.9277740925572308,0.42,0.22,0.36,0.75
951,0.8743927345061497,0.9966503281274642,0.038450577722338564,0.032393816007519206,0.890210574555138,0.9277737009928647,0.14,0.8,0.06,1.0
952,0.9054943584110456,0.9964133695704318,0.0734539031276919,0.031926344818670634,0.8949473488976017,0.9277728299745328,0.14,0.76,0.1,0.5
953,0.9065471085972178,0.9953923202799695,0.08351407139685962,0.026829595002260374,0.9063806539618358,0.9277670923852448,0.14,0.4,0.46,0.75
954,0.9115591453670931,0.9955086703507631,0.0874693222941435,0.028140169474958805,0.9055942350537891,0.9277668340250831,0.48,0.2,0.32,0.75
955,0.9138569138774418,0.9966692169970462,0.08827970966742553,0.030473003144996832,0.9045033452887455,0.9277662180074395,0.58,0.28,0.14,0.75
956,0.9056711412693306,0.9938902013358273,0.08226413381402994,0.02482729190373436,0.9045332057636402,0.927762983485667,0.16,0.24,0.6,0.75
957,0.8731709043512003,0.9964300036489939,0.03818736682666903,0.03195153699514764,0.8916945865107129,0.927761107481198,0.08,0.82,0.1,1.0
958,0.9131328160828392,0.9958436951921668,0.08724709755180145,0.029147094930896778,0.9029645396659081,0.9277574700733958,0.54,0.22,0.24,0.75
959,0.9126575836860598,0.9964355007724172,0.08815281240374558,0.02877813499128309,0.9045716541685367,0.9277571962896445,0.44,0.28,0.28,0.75
960,0.9041429012750826,0.9940187501114551,0.08034151235415062,0.02449676133222224,0.9032687383639986,0.9277549810972279,0.04,0.32,0.64,0.75
961,0.9060432758667099,0.9945949976336682,0.0827206429453716,0.025426828051957104,0.904702430120271,0.9277540990414255,0.14,0.3,0.56,0.75
962,0.9123848883551217,0.9969391240446279,0.0850522072277187,0.03094570337556521,0.901450025970096,0.927743818816814,0.48,0.4,0.12,0.75
963,0.9058833361343911,0.9945811320959786,0.08255716075562845,0.02546525742005872,0.904702430120271,0.9277435224063393,0.12,0.32,0.56,0.75
964,0.9133422601580757,0.9966424677547189,0.0886928172640243,0.029262383035201258,0.9045716541685367,0.9277409822030149,0.48,0.28,0.24,0.75
965,0.9127062452234089,0.9967520905566087,0.08731615417071152,0.02937767113950601,0.903238877889104,0.9277408680836621,0.42,0.34,0.24,0.75
966,0.9076989646182225,0.9959129087139806,0.08342215004409169,0.028232361952563678,0.9049810819837979,0.9277267711658395,0.14,0.5,0.36,0.75
967,0.872718138700432,0.996272801902418,0.03698196895485501,0.03199112691751884,0.8902608947544405,0.9277265300824589,0.06,0.84,0.1,1.0
968,0.9076687010835894,0.9951556357228585,0.08426027236786207,0.026076341381631236,0.9045332057636403,0.9277262928539117,0.24,0.26,0.5,0.75
969,0.9128602919326091,0.9968792265201418,0.08613486358287985,0.03042302596354558,0.9018063431738536,0.9277230497334393,0.46,0.38,0.16,0.75
970,0.9074245852022055,0.9945477469180546,0.08390739518312647,0.025795787991570774,0.9045332057636403,0.9277198042796803,0.24,0.24,0.52,0.75
971,0.9035270572595594,0.9939605622323121,0.08054825489896338,0.02453519070032379,0.9047707390000622,0.9277194606436603,0.02,0.34,0.64,0.75
972,0.8949436795617975,0.993459162355297,0.06480966521846791,0.02878192091933521,0.897821109494094,0.9277186439396092,0.0,0.66,0.34,0.75
973,0.9129963535715337,0.9967828356311234,0.08742401153883478,0.029861919183424252,0.9032909863478272,0.9277123579512785,0.46,0.34,0.2,0.75
974,0.8647311814427096,0.9941015266293788,0.024241822525357323,0.032390421074375564,0.8843207319365199,0.9277098975749338,0.0,0.92,0.08,1.0
975,0.9078655601322821,0.9947159400573112,0.08435466526456192,0.026037912013529962,0.9045332057636403,0.9276998460595149,0.26,0.24,0.5,0.75
976,0.9073501410444513,0.9958397107766429,0.08234343005110781,0.028270791320665126,0.9035473902275255,0.9276996575629235,0.12,0.52,0.36,0.75
977,0.9015537984890082,0.9883258623068651,0.07254998941091924,0.02277501162375671,0.8964663501707801,0.9276964671056619,0.06,0.18,0.76,0.75
978,0.8933897627082987,0.9936448030103824,0.060575637749959325,0.031064896953979074,0.8954948741054666,0.9276964665529605,0.0,0.82,0.18,0.5
979,0.9086480217711226,0.9960318303882033,0.08543320213836397,0.02815550321636057,0.9064147737400703,0.9276794850968493,0.18,0.46,0.36,0.75
980,0.9062109299906232,0.9964469802274578,0.07610826307664335,0.03188907600483891,0.8978992417110055,0.9276771943447195,0.16,0.74,0.1,0.5
981,0.9063511803977534,0.9948154876537576,0.08382010186509599,0.02598793483207842,0.9062044307563345,0.9276753858569078,0.14,0.34,0.52,0.75
982,0.9062237891932692,0.9947187828064958,0.08306382981255837,0.02570738144201774,0.904702430120271,0.9276716873390276,0.14,0.32,0.54,0.75
983,0.9128232373138073,0.9967737251337365,0.08658318490887826,0.029619795161465103,0.9014326685080062,0.9276713449096284,0.44,0.34,0.22,0.75
984,0.9104620193820032,0.9964612053900442,0.0856944350760614,0.028282339134014966,0.9029520266061597,0.9276679354840256,0.26,0.4,0.34,0.75
985,0.9045455664967474,0.9942616510417831,0.08083117856796611,0.025057868112343576,0.9033040845065772,0.9276640085649666,0.04,0.36,0.6,0.75
986,0.9068352214110014,0.993609585457984,0.08175847288253595,0.026368442585041885,0.9028911175905628,0.9276614746879162,0.38,0.16,0.46,0.75
987,0.9068041573613814,0.9953845084280435,0.08430921844656243,0.02651061224409816,0.9062731121082558,0.9276612695692238,0.16,0.36,0.48,0.75
988,0.9061612585494491,0.995208688957641,0.08274244473565369,0.026587470980301158,0.9048232199309155,0.9276612467638266,0.12,0.4,0.48,0.75
989,0.8952463037546479,0.9934041454544109,0.0650799207294112,0.028220814139213787,0.8966199926669314,0.9276552532371993,0.0,0.62,0.38,0.75
990,0.9070865611139564,0.996655739625912,0.07658709448873738,0.0327877926833622,0.8978812530305167,0.9276505944129796,0.28,0.7,0.02,0.5
991,0.9062315679794009,0.9954697366744305,0.0795507266529259,0.028427848999076948,0.9006470439777684,0.9276479299235767,0.06,0.58,0.36,0.5
992,0.90581101345765,0.9945021516186329,0.082996946756391,0.02514627466189641,0.904702430120271,0.9276468796668771,0.14,0.28,0.58,0.75
993,0.9096403622035382,0.9937008788067979,0.07575181179660641,0.031579882963837756,0.8924200612773918,0.9276369204374587,0.88,0.1,0.02,0.75
994,0.9067403224318347,0.9955410166123184,0.08309969260756334,0.027505989886686306,0.905049390863589,0.9276319569887335,0.08,0.5,0.42,0.75
995,0.9056031512306093,0.9944722799188677,0.08279316887637823,0.025184704029997996,0.904702430120271,0.9276311522375673,0.12,0.3,0.58,0.75
996,0.8897949656013812,0.9855487418117692,0.0603683597654707,0.0223291929479401,0.8982642257834311,0.9276259695780573,0.0,0.2,0.8,0.75
997,0.9092297194929828,0.995309954761928,0.08685521479644813,0.027413797409081418,0.9073617733561748,0.9276257980513577,0.42,0.2,0.38,0.75
998,0.9062893582110285,0.9953230182790143,0.08295214378926896,0.026868024370361947,0.9049469622055634,0.9276187703667454,0.12,0.42,0.46,0.75
999,0.91251209282447,0.996796849585437,0.08645414582156406,0.029658224529566707,0.901450025970096,0.9276136207865453,0.42,0.36,0.22,0.75
1000,0.9078104425543423,0.9957485601361213,0.08441631998264991,0.02739070178238176,0.9049469622055634,0.927611919519266,0.14,0.44,0.42,0.75
1001,0.9033913709613194,0.9938039027772472,0.08013749191994193,0.024254637310263148,0.9032687383639986,0.9276045875610941,0.02,0.32,0.66,0.75
1002,0.9064739588983673,0.995271554814609,0.08409501485534925,0.026549041612199738,0.9062731121082558,0.9275993872064408,0.14,0.38,0.48,0.75
1003,0.9059117307497561,0.9951864721306802,0.08274344702653573,0.026625900348402846,0.9049469622055634,0.9275936421674345,0.1,0.42,0.48,0.75
1004,0.9128069382383401,0.9947739481240059,0.08044776050031091,0.030688245612204342,0.8924877389387843,0.9275813683835954,0.76,0.14,0.1,0.75
1005,0.908191915643077,0.9959781949035877,0.08450346586836903,0.028193932584462143,0.9049810819837979,0.9275801334798934,0.16,0.48,0.36,0.75
1006,0.9064629208072026,0.9940119600509028,0.08330971997435217,0.02551523460151013,0.9045332057636403,0.927579500221071,0.24,0.22,0.54,0.75
1007,0.9124337650224592,0.9964068677806301,0.08869960790098869,0.02853601096932396,0.9045716541685367,0.9275764087157375,0.42,0.28,0.3,0.75
1008,0.9051553019723498,0.9937299113818038,0.08228367961498537,0.02458516788177515,0.9041934614530805,0.9275760116352555,0.14,0.24,0.62,0.75
1009,0.9067612426733236,0.9965963901012688,0.07662691875829314,0.0325817479206473,0.8978812530305167,0.9275738145493972,0.24,0.72,0.04,0.5
1010,0.9075080040522941,0.9956321215861864,0.08417421692870528,0.02742913115048328,0.9049810819837979,0.9275710104543382,0.12,0.46,0.42,0.75
1011,0.9050542337060117,0.995133921229087,0.08191308248655836,0.026702759084605895,0.9050673795440779,0.9275707938333997,0.06,0.46,0.48,0.75
1012,0.8687941378749205,0.9952213500373428,0.03213964645429525,0.03323538917674759,0.8904520354607344,0.9275686296407311,0.14,0.86,0.0,1.0
1013,0.8745005835623167,0.9966848806592201,0.03902958569236565,0.03263475047489067,0.8899978940933198,0.9275640832413325,0.16,0.8,0.04,1.0
1014,0.9108230838976789,0.9936834741034568,0.07850706938121023,0.0308535108979604,0.8939040732329667,0.9275620031559756,0.82,0.1,0.08,0.75
1015,0.9119332823660883,0.9955426720285102,0.08783325767855588,0.028382293496917843,0.9044665403019716,0.9275615868044201,0.5,0.2,0.3,0.75
1016,0.9103037134046608,0.9963855528700772,0.08624094404716583,0.028001785743954385,0.9033083438099173,0.9275609649149208,0.26,0.38,0.36,0.75
1017,0.9068104314624759,0.9940563137881807,0.08243927410814433,0.026164747931184208,0.9028557714479841,0.9275600462518696,0.34,0.18,0.48,0.75
1018,0.903499759330645,0.9957381538474396,0.07387519204965826,0.031270941716693854,0.8981280532705698,0.9275597958806038,0.04,0.8,0.16,0.5
1019,0.9071663861803217,0.995514792536507,0.08491429181292791,0.026752736266057394,0.9062048032284646,0.9275562224258089,0.18,0.36,0.46,0.75
1020,0.9056330117651661,0.9943972267737288,0.08320694707416312,0.024865721271835825,0.9045332057636402,0.9275478741735069,0.14,0.26,0.6,0.75
1021,0.912784371522106,0.9956129073416977,0.08828574890301902,0.02910866556279516,0.9044144318432482,0.9275437967971039,0.56,0.2,0.24,0.75
1022,0.8784308995008996,0.9962267756239532,0.04331012181375856,0.031371267892153214,0.8889875811658972,0.9275405101981156,0.94,0.04,0.02,1.0
1023,0.8994056088246797,0.9950627154995111,0.06946155822758097,0.033267865788784524,0.9010236022409718,0.9275386880332493,0.2,0.8,0.0,0.25
1024,0.9040328520734453,0.9927644155754068,0.08106088095139624,0.024266185123613015,0.9043639814070095,0.9275366519529396,0.16,0.2,0.64,0.75
1025,0.9129615973646501,0.9968605888171544,0.08749077936061636,0.030626720617403153,0.903240034930126,0.9275337259465922,0.5,0.36,0.14,0.75
1026,0.8741673321326181,0.9967164420251672,0.03872984130693458,0.032915274864633616,0.890210574555138,0.9275311271563182,0.16,0.82,0.02,1.0
1027,0.9074922238314455,0.9944928641629635,0.08332968548650038,0.026445301321244986,0.9029240803277753,0.9275272837567532,0.34,0.2,0.46,0.75
1028,0.9136056417590608,0.996090306538097,0.08830615872231304,0.029427648320957372,0.9026423422403851,0.9275262887265722,0.54,0.24,0.22,0.75
1029,0.9057211440087615,0.9951219565658521,0.08201181826120013,0.026741188452707496,0.9036156991073167,0.9275151451631183,0.04,0.48,0.48,0.75
1030,0.9066193878641914,0.995582915766967,0.08323739193073228,0.027786543276746855,0.905049390863589,0.9275061191874918,0.08,0.52,0.4,0.75
1031,0.9129093733834471,0.9968553086103357,0.0869112015149756,0.030180901941586444,0.901450025970096,0.9275051599291103,0.44,0.38,0.18,0.75
1032,0.9067004760210998,0.9952550349026809,0.08295726741918522,0.0269448831065651,0.9035473902275255,0.9275051222922762,0.08,0.46,0.46,0.75
1033,0.9033805517122923,0.9959850563182864,0.07351308420682587,0.03180084700197868,0.8977376162885776,0.9275010045991934,0.08,0.8,0.12,0.25
1034,0.9079098439207832,0.9952892392262033,0.07790595764999807,0.032167871298710675,0.8982923160598529,0.9274977044579297,0.72,0.28,0.0,0.75
1035,0.9057493265972565,0.9946268158745416,0.08310666099343408,0.025784240178220934,0.9047377762628497,0.927493125228128,0.1,0.36,0.54,0.75
1036,0.9052913062408197,0.9942501858575717,0.08221350154158687,0.024623597249876717,0.9027597696968083,0.9274923635617947,0.12,0.26,0.62,0.75
1037,0.905829702656553,0.9953478580843894,0.08213174634224514,0.02702174184276815,0.9036156991073167,0.9274908833776667,0.04,0.5,0.46,0.75
1038,0.9132705821048182,0.9958536847726348,0.08796757178854481,0.029389218952855897,0.9026082224621504,0.9274905410104166,0.56,0.22,0.22,0.75
1039,0.9126748515576713,0.9969339922544332,0.0870229079637685,0.030907274007463705,0.9028837177263684,0.9274841536103158,0.5,0.38,0.12,0.75
1040,0.9025841352388023,0.9956544297464544,0.07310244943373011,0.03131184073970998,0.8980759448118466,0.9274795203524682,0.04,0.8,0.16,0.25
1041,0.9130950237553229,0.9968439147802705,0.08723308996543325,0.030142472573484947,0.901450025970096,0.9274739544655446,0.46,0.36,0.18,0.75
1042,0.9059222398830278,0.9936268303280374,0.08288521238107419,0.025476805233408464,0.904426865532731,0.9274737483243011,0.26,0.2,0.54,0.75
1043,0.9054399728513135,0.9943655398244843,0.08331093829027354,0.024904150639937284,0.904702430120271,0.9274729017144829,0.12,0.28,0.6,0.75
1044,0.9071660362141215,0.9966151134292316,0.07744439976210364,0.03254447910681543,0.8978812530305167,0.9274696397155537,0.26,0.7,0.04,0.5
1045,0.9038166654852944,0.9940852493215476,0.08068902395932948,0.024815744090384385,0.9030326490758088,0.9274676046430558,0.02,0.36,0.62,0.75
1046,0.8641867864947546,0.9941337273284758,0.023778862988906153,0.032670945464118514,0.8832271569629373,0.9274648499568999,0.0,0.94,0.06,1.0
1047,0.9124286182078081,0.9968314991588316,0.08690631874299551,0.02993877791962723,0.9018063431738536,0.9274606432138327,0.42,0.38,0.2,0.75
1048,0.8947305331447013,0.993471572268404,0.06455851950561034,0.029062474309395857,0.8963874177378216,0.9274578623948895,0.0,0.68,0.32,0.75
1049,0.9054754009619433,0.9945287866943263,0.08233327778340499,0.025542116156261806,0.9033040845065773,0.9274527654258159,0.08,0.36,0.56,0.75
1050,0.9127475904151644,0.9968273263683619,0.08734815388420346,0.029900348551525766,0.9018063431738536,0.9274359081576673,0.44,0.36,0.2,0.75
1051,0.9032524544359418,0.9914782770693142,0.07889624201820845,0.02346295432153251,0.9013026906820271,0.9274356472082883,0.14,0.16,0.7,0.75
1052,0.9074788543205148,0.9945413792740477,0.08399614537776545,0.025999482645428285,0.9029248648966675,0.9274275319146179,0.28,0.22,0.5,0.75
1053,0.9070899747821322,0.9941954087066169,0.08310906570166487,0.02640687195314345,0.9028557714479841,0.9274230876790598,0.36,0.18,0.46,0.75
1054,0.9071788056960399,0.9955207177848074,0.08373817504504462,0.027187007128524246,0.9035473902275255,0.9274147265108414,0.1,0.46,0.44,0.75
1055,0.9061667150933015,0.9948297584829976,0.08358541381882117,0.0263069175902408,0.904789884721573,0.9274139250892148,0.12,0.38,0.5,0.75
1056,0.8990087400691281,0.9950885399921038,0.06881752044778157,0.03325471914289958,0.8997025655338335,0.9274138049257913,0.18,0.82,0.0,0.5
1057,0.9069772001891971,0.9942752340170538,0.0840180515886775,0.026203177299285882,0.9044080922833503,0.927412538267535,0.32,0.2,0.48,0.75
1058,0.9061706493202638,0.9954799203381762,0.08250474042620203,0.027544419254787792,0.9036156991073167,0.927400817889403,0.06,0.52,0.42,0.75
1059,0.9068517019947452,0.9954694170078555,0.08339332085044823,0.027225436496625746,0.9035473902275255,0.9274007182975647,0.08,0.48,0.44,0.75
1060,0.9082106092071546,0.995916093963067,0.08605264782335179,0.027913379194401632,0.9064147737400703,0.9274005914247139,0.16,0.46,0.38,0.75
1061,0.9051015184876835,0.9945884958438664,0.08200869404682361,0.025861098914423866,0.9034245018450917,0.9273974781745374,0.06,0.4,0.54,0.75
1062,0.91303411607368,0.9956526544552969,0.08794079398825792,0.02935078958475429,0.9025561140034272,0.9273970426982222,0.58,0.2,0.22,0.75
1063,0.9064120693374611,0.9931982659092974,0.08147877620117622,0.02608788919498115,0.901424463097078,0.9273896470405707,0.38,0.14,0.48,0.75
1064,0.9069706222276371,0.9956748027822774,0.08311074942730397,0.028028667298706084,0.9035473902275255,0.927388088951353,0.1,0.52,0.38,0.75
1065,0.9085010090845078,0.9946094454211908,0.07783918637514077,0.03209101256250774,0.8968083041042781,0.9273851210076217,0.76,0.24,0.0,0.75
1066,0.9128962658940337,0.9968524715694828,0.08759720240460765,0.03086884463936213,0.9028837177263684,0.9273803293337405,0.52,0.36,0.12,0.75
1067,0.905504477553161,0.9946838877748382,0.0823364971631603,0.026103222936382977,0.9033561929653006,0.9273794195614006,0.08,0.4,0.52,0.75
1068,0.9125890696934037,0.9955940812637644,0.08805831862715223,0.028866541540836066,0.9029645396659081,0.9273789458208223,0.54,0.2,0.26,0.75
1069,0.9122744527898883,0.9955533466087817,0.0878783732296999,0.02862441751887698,0.9029645396659081,0.927378796622419,0.52,0.2,0.28,0.75
1070,0.8787056077940675,0.9963124919327002,0.047568631133932546,0.031047758646895462,0.8949943212733543,0.9273727469419892,0.82,0.12,0.06,1.0
1071,0.9073362597414892,0.996577740981618,0.07889480397243076,0.032301165530268794,0.8993652649860917,0.9273678672229629,0.24,0.7,0.06,0.5
1072,0.9038661999861155,0.9937538749582635,0.08079759114094034,0.02393565455210078,0.9016162866206848,0.9273649965112949,0.04,0.28,0.68,0.75
1073,0.9056087569734312,0.9951547566397773,0.08243780400441203,0.02666432971650441,0.903513270449291,0.9273634430083003,0.08,0.44,0.48,0.75
1074,0.9060686447671543,0.9947559269208416,0.08382731421290673,0.026026364200180088,0.904789884721573,0.9273597422352722,0.12,0.36,0.52,0.75
1075,0.9077499353085975,0.9958721455173396,0.0849299037156212,0.027951808562503132,0.9049810819837979,0.9273570128225085,0.14,0.48,0.38,0.75
1076,0.8922417087467438,0.9937058193678808,0.05985109397876525,0.031026348039820323,0.8940108621498917,0.9273553699487362,0.0,0.82,0.18,0.75
1077,0.8920156113680534,0.9937282188614559,0.05921638980044039,0.03162606173473612,0.8940108621498916,0.9273540948342823,0.0,0.86,0.14,0.5
1078,0.9064422539350572,0.9948834110926082,0.08414016224047201,0.026268488222139112,0.904789884721573,0.9273522539474323,0.14,0.36,0.5,0.75
1079,0.9135579980609543,0.9967125489429506,0.08753743775971426,0.03075355653505755,0.901211335692652,0.927347305337002,0.58,0.3,0.12,0.75
1080,0.8928927548808122,0.9936758449181452,0.060322223231008894,0.03134547934435757,0.8940108621498916,0.927346422193423,0.0,0.84,0.16,0.5
1081,0.9081922182694228,0.9952680898572696,0.07875778863105255,0.032129441930609,0.8982923160598529,0.9273411437643932,0.74,0.26,0.0,0.75
1082,0.9137196660131557,0.9966244865098765,0.08898237069388774,0.02995032573297707,0.9026423422403851,0.9273409739845674,0.56,0.26,0.18,0.75
1083,0.9056663091553725,0.9935806756121095,0.08326236538271349,0.02527311057955103,0.9045332057636403,0.9273379125109988,0.22,0.22,0.56,0.75
1084,0.912713692119493,0.9969060442624497,0.08717863385542272,0.03066514998550469,0.9018063431738536,0.9273334992072539,0.48,0.38,0.14,0.75
1085,0.9137751420598487,0.9960930922039647,0.0884137255581469,0.029669772342916505,0.9015146474885678,0.9273289404213999,0.56,0.24,0.2,0.75
1086,0.8954203802095424,0.9875202968295949,0.06434273907353164,0.024124015464556614,0.8930991742642808,0.9273288415183135,0.38,0.0,0.62,0.75
1087,0.9045601937362404,0.9944531227576959,0.08178326480059808,0.02561897489246473,0.9034245018450918,0.927328244721691,0.04,0.4,0.56,0.75
1088,0.903136913838813,0.9936899188099416,0.0793841062990024,0.023974083920202397,0.9001825948644124,0.927321723122162,0.02,0.3,0.68,0.75
1089,0.9141040634627356,0.9966275690089923,0.0879273814765425,0.030192449754936186,0.9000126468525042,0.927318282024146,0.58,0.26,0.16,0.75
1090,0.9058081343048745,0.9947671380842925,0.08278460720068863,0.02634534695834205,0.9033561929653006,0.927305282103158,0.1,0.4,0.5,0.75
1091,0.8744271304243307,0.996726323147333,0.03971474591045551,0.03287568494226215,0.8899978940933198,0.9273023813299088,0.18,0.8,0.02,1.0
1092,0.9045468849498173,0.9945506781463805,0.08174495131324248,0.025899528282525418,0.9034766103038151,0.9273016459205045,0.04,0.42,0.54,0.75
1093,0.9050609825737164,0.9944971482659013,0.08241287973880354,0.02558054552436324,0.9033561929653005,0.9273008562710124,0.06,0.38,0.56,0.75
1094,0.9041547988956051,0.9937954886963273,0.08054506498785792,0.023897225183999317,0.9000133705077819,0.9272979303472856,0.06,0.26,0.68,0.75
1095,0.9131104689723774,0.996852560048624,0.08789372047371591,0.030384596595444048,0.9018063431738536,0.9272942899254539,0.48,0.36,0.16,0.75
1096,0.9079719514883817,0.9928394972622042,0.07572734118377077,0.03129932957377707,0.8939040732329667,0.9272929631889282,0.88,0.08,0.04,0.75
1097,0.9071951274608253,0.995575123894202,0.08402078529335369,0.02746756051858493,0.9035473902275255,0.9272901291979261,0.1,0.48,0.42,0.75
1098,0.9141871436065095,0.9958992600928955,0.08856033868107287,0.030077161650631654,0.9014284192516098,0.9272867503665763,0.64,0.2,0.16,0.75
1099,0.9057878756380331,0.9964793464681742,0.0774319292933902,0.0324621398762577,0.8993832536665803,0.9272811926567638,0.18,0.76,0.06,0.25
1100,0.9019123566018972,0.9956085918429356,0.07305432723761458,0.031347948999272186,0.8980759448118466,0.927277774554695,0.02,0.82,0.16,0.25
1101,0.9029481026514935,0.9935901600052225,0.07948732638876452,0.02369353053014167,0.9001825948644124,0.9272764436009464,0.02,0.28,0.7,0.75
1102,0.902591414478252,0.9934986839897941,0.07845627066902967,0.023412977140081108,0.8986251608334923,0.927275711114782,0.02,0.26,0.72,0.75
1103,0.8786300528105376,0.9963192848474185,0.044450351306167146,0.03145044773689586,0.8890229273084758,0.9272745978401304,0.9,0.08,0.02,1.0
1104,0.9037018201585348,0.9925914873750084,0.08097077781780303,0.02402406110165388,0.9029302896507371,0.9272707724581583,0.14,0.2,0.66,0.75
1105,0.9043214396150078,0.9960821493321035,0.074641226142149,0.03175756886978734,0.8962877241112374,0.927263493766816,0.08,0.8,0.12,0.5
1106,0.9051022285694085,0.9942207822410056,0.08282954459504051,0.02466202661797816,0.9028606851736477,0.9272609287141538,0.1,0.28,0.62,0.75
1107,0.9051021582320711,0.9947161683905791,0.08220027293540531,0.026422205694545158,0.9034766103038151,0.9272571379101457,0.06,0.44,0.5,0.75
1108,0.906587605272671,0.9934711841018486,0.08222412662562724,0.0261263185630828,0.9013891169544992,0.9272551950827932,0.36,0.16,0.48,0.75
1109,0.9048813148157038,0.994112095605514,0.08207527114342796,0.024381473227917543,0.9014965978944648,0.9272474864924763,0.1,0.26,0.64,0.75
1110,0.9042537603003354,0.9933105487937576,0.08122734786367022,0.024100919837857,0.9014965978944648,0.9272397577362667,0.1,0.24,0.66,0.75
1111,0.9019863339362453,0.995751026135414,0.07123575519035948,0.0318730635211028,0.8947336150164504,0.9272396895000103,0.04,0.84,0.12,0.25
1112,0.878782085574482,0.9963690729164709,0.047973736623870285,0.03132828303663814,0.8949943212733543,0.9272311838094565,0.82,0.14,0.04,1.0
1113,0.9059066878955903,0.9922839395882234,0.07259302833659828,0.03146459485953301,0.892367357672723,0.927230861589048,0.94,0.04,0.02,0.75
1114,0.9062602375580471,0.9937655941632354,0.08321127177555888,0.02571892925536761,0.9029248648966675,0.9272281564479935,0.28,0.2,0.52,0.75
1115,0.8775517925812507,0.9960078040200949,0.04353774419041332,0.031130333424781706,0.8889875811658972,0.9272264413403174,0.92,0.04,0.04,1.0
1116,0.9043908484764595,0.9939030850404651,0.08173363379627555,0.02417777857405998,0.9015975133713042,0.927223446959547,0.06,0.28,0.66,0.75
1117,0.9140565205105325,0.9966254740512599,0.08804775333891934,0.030434573776895322,0.9000126468525042,0.9272205481126505,0.6,0.26,0.14,0.75
1118,0.8916178518166252,0.9937608476854302,0.058540234403147755,0.03158745481994165,0.8925268501943167,0.9272198780897816,0.0,0.86,0.14,0.75
1119,0.9047078418137247,0.9931060306857535,0.08277699983932084,0.024788862535632877,0.9045332057636402,0.927216072070829,0.18,0.22,0.6,0.75
1120,0.9070646519732558,0.9956366540015531,0.08398631985215482,0.027748113908645428,0.9035473902275255,0.9272140500139658,0.1,0.5,0.4,0.75
1121,0.9023313789579338,0.9956870699870921,0.0728332721143994,0.03159245213040655,0.8965919328562716,0.9272075335895713,0.04,0.82,0.14,0.25
1122,0.8787152842794541,0.9962903036473979,0.04812885953081946,0.030806824179523917,0.8946380040695968,0.9272054132117298,0.8,0.12,0.08,1.0
1123,0.9061909328799037,0.9927873345271662,0.08184369925937598,0.025845765173022114,0.90140789020388,0.9272023107291218,0.36,0.14,0.5,0.75
1124,0.8951851498769627,0.9873175368877531,0.06336720859772875,0.023639767420638412,0.8903935610154617,0.9272003446446595,0.34,0.0,0.66,0.75
1125,0.9054665231906749,0.9946113919622991,0.08307818125737602,0.02582266954632235,0.9033561929653006,0.9271992647658598,0.08,0.38,0.54,0.75
1126,0.9076169373309001,0.9953101145952155,0.07726366206389759,0.03220630066681204,0.8956796654268601,0.9271987076491178,0.7,0.3,0.0,0.75
1127,0.9021133815825639,0.9955786858931802,0.0735354124386707,0.031067337608575656,0.8977196276080891,0.9271974590072455,0.02,0.8,0.18,0.25
1128,0.9046859910332055,0.9935202158169514,0.0817848561298175,0.024343043859816105,0.9014965978944648,0.9271915893230498,0.12,0.24,0.64,0.75
1129,0.9078112705173504,0.9958054037031501,0.08572899799779922,0.027671255172442275,0.9049810819837979,0.9271909429193979,0.14,0.46,0.4,0.75
1130,0.9050505556176995,0.9946600554900075,0.08176576032744269,0.026141652304484588,0.9019746096677514,0.9271894246102933,0.06,0.42,0.52,0.75
1131,0.906528415994743,0.9936848098530737,0.08345955791809345,0.025922623909225152,0.9029248648966675,0.9271841131643953,0.32,0.18,0.5,0.75
1132,0.9074856031387897,0.995697247942506,0.08461478884490055,0.027709684540543934,0.9035473902275255,0.9271757725085519,0.12,0.48,0.4,0.75
1133,0.9045705782051928,0.9946292932904978,0.08205753835348668,0.02618008167258619,0.9034766103038151,0.9271742419361613,0.04,0.44,0.52,0.75
1134,0.9076216191754551,0.9966299436749778,0.08128566847236844,0.032507210292983535,0.9023009573784279,0.9271705926919647,0.28,0.68,0.04,0.5
1135,0.8640850144254167,0.9941806441066853,0.023762963847796952,0.03295146985386125,0.8817605024694524,0.9271698403232654,0.0,0.96,0.04,1.0
1136,0.9055311795749179,0.9947514173388018,0.08217876537223731,0.026383776326443793,0.9019063007879603,0.92716947687242,0.08,0.42,0.5,0.75
1137,0.9137114525579694,0.9959979856895778,0.08810774661210517,0.029631342974815005,0.9000126468525042,0.9271662402335029,0.58,0.22,0.2,0.75
1138,0.8774723728955147,0.9960023183133351,0.04275590453787189,0.03133167796978192,0.8874855805298336,0.9271618148120715,0.96,0.02,0.02,1.0
1139,0.9057136287892898,0.9965650741935845,0.07669552525893233,0.0329511461385264,0.8978812530305167,0.9271611577028096,0.22,0.76,0.02,0.25
1140,0.9075434775980005,0.9966723679961424,0.08103334121859312,0.032750523869530396,0.902182328299334,0.92715986304527,0.3,0.68,0.02,0.5
1141,0.9038379510110466,0.9927710258235107,0.08139731094964883,0.024304614491714546,0.9029302896507371,0.9271593603563572,0.14,0.22,0.64,0.75
1142,0.876108121553408,0.996715956816973,0.04706448738400422,0.031875752083548786,0.8984959596421078,0.927159133007998,0.26,0.66,0.08,1.0
1143,0.8946158411418592,0.9869278462078628,0.06225505621773884,0.023155519376720196,0.8888027917751989,0.9271502319895539,0.3,0.0,0.7,0.75
1144,0.9039187643486964,0.9958688575182827,0.07408042873177573,0.031514255293240666,0.8951420406789312,0.9271493195438907,0.06,0.8,0.14,0.5
1145,0.8765695950248816,0.9967380537689683,0.04932727200608269,0.03179657223880604,0.9017196603584099,0.9271473790380587,0.3,0.62,0.08,1.0
1146,0.9077887718342568,0.9944563479651042,0.08677965012836691,0.027133244019020654,0.9073617733561748,0.92714338676661,0.42,0.18,0.4,0.75
1147,0.8787218870071326,0.9963423008408168,0.04667863886171456,0.031288693114266915,0.8920083086817158,0.9271428107474178,0.84,0.12,0.04,1.0
1148,0.9065071718807826,0.9938387806839097,0.08364271197952841,0.025961053277326954,0.9029248648966675,0.927140302589982,0.3,0.2,0.5,0.75
1149,0.8785601572738984,0.9962818724414829,0.04332128038996798,0.03141085781452449,0.8860542721789274,0.9271364180356128,0.92,0.06,0.02,1.0
1150,0.8773915114361462,0.9968075412907036,0.05016955898410296,0.031879147016692436,0.9016501944375966,0.92713440959676,0.4,0.54,0.06,1.0
1151,0.9097460738663136,0.9965908701445187,0.08643970890643693,0.03134761191763758,0.9062103693009086,0.9271332578181404,0.3,0.58,0.12,0.5
1152,0.9073752751041432,0.9957843114175333,0.08449962724050843,0.027990237930604664,0.9035473902275255,0.9271328515565114,0.12,0.5,0.38,0.75
1153,0.8994686589002092,0.9951004361553583,0.06948058633572807,0.03321745032906752,0.8980896981080567,0.9271277682748391,0.2,0.8,0.0,0.5
1154,0.9060772556472849,0.9928905440183956,0.0829672100182469,0.02564207051916453,0.9028919021594549,0.9271228530270865,0.32,0.16,0.52,0.75
1155,0.9131742526394784,0.9956607317446468,0.08830106406724873,0.029592913606713393,0.9014284192516098,0.9271187642729317,0.6,0.2,0.2,0.75
1156,0.9138157251252321,0.9960091112280532,0.08821051769426413,0.02987346699677416,0.8999785270742696,0.9271159945972107,0.6,0.22,0.18,0.75
1157,0.9065789840015435,0.9933394044104809,0.08174690913300198,0.02633001321694027,0.8999584398219916,0.9271151971091094,0.4,0.14,0.46,0.75
1158,0.8771853835546942,0.9968013534591451,0.050011098658012,0.031918736939063705,0.9016501944375966,0.9271094470584423,0.38,0.56,0.06,1.0
1159,0.8757430149430009,0.9967598367627202,0.04594780282450355,0.032397210940662995,0.8973682648902904,0.9271049440877882,0.28,0.68,0.04,1.0
1160,0.9057357385297147,0.9953759430763337,0.08241663040412477,0.02730229523282866,0.9021136984712532,0.9271032959503248,0.04,0.52,0.44,0.75
1161,0.9045165465605133,0.9939249079925389,0.08150918018522729,0.02413934920595843,0.8999945972584013,0.9270964419065728,0.08,0.26,0.66,0.75
1162,0.8718096075969368,0.996102625117897,0.03656170825239474,0.032070306762261566,0.8873431910425933,0.9270962143142705,0.02,0.88,0.1,1.0
1163,0.9055174444256698,0.9934423998392716,0.08306639089946952,0.025234681211449415,0.9029248648966675,0.9270954927527602,0.24,0.2,0.56,0.75
1164,0.9047642654579969,0.9940767353448231,0.08255576449198956,0.024419902596019064,0.9016984288481438,0.9270910153412621,0.08,0.28,0.64,0.75
1165,0.9038047664298045,0.9941783750448361,0.08204181610938878,0.025096297480445073,0.9033723933863684,0.9270825214482252,0.02,0.38,0.6,0.75
1166,0.8784241757412139,0.9962211757505595,0.0450466340662769,0.03116992334715292,0.8890229273084758,0.9270821723965574,0.9,0.06,0.04,1.0
1167,0.9033212349499873,0.9925797910033632,0.08121488971585637,0.02406249046975546,0.9029302896507371,0.9270767207612782,0.12,0.22,0.66,0.75
1168,0.9042208188113251,0.9928979334537761,0.08182221745903832,0.024546738513673637,0.9025905453401776,0.9270712682872173,0.16,0.22,0.62,0.75
1169,0.8753152575128406,0.9957021342744378,0.05323320314071677,0.027024262680034942,0.9058833043476002,0.9270676848748015,0.16,0.4,0.44,1.0
1170,0.8785191840883886,0.9962690743618206,0.04874776756981319,0.030565889712152502,0.8949943212733543,0.9270664541238869,0.78,0.12,0.1,1.0
1171,0.8919844303048258,0.9937355540676852,0.059642960795503124,0.03130690142988096,0.8925268501943167,0.9270639886920504,0.0,0.84,0.16,0.75
1172,0.9061319127166719,0.9935020119471729,0.0835391181807392,0.025680499887266096,0.9029248648966675,0.9270632110602066,0.3,0.18,0.52,0.75
1173,0.9029057212533367,0.9957895059993767,0.07323091316953478,0.0315563438708444,0.895089932220208,0.9270623882808782,0.06,0.8,0.14,0.25
1174,0.9035671295606134,0.9936544129867926,0.08006779351413705,0.023655101162040153,0.8985113698717183,0.9270613043369991,0.04,0.26,0.7,0.75
1175,0.8722746694189218,0.996186897218725,0.03724573619363663,0.032030716839890096,0.8873431910425932,0.9270589229167326,0.04,0.86,0.1,1.0
1176,0.9036019956671681,0.9915893697666158,0.0796782009343378,0.023705078343491632,0.8998006900459635,0.9270578229323543,0.16,0.16,0.68,0.75
1177,0.9058978627621016,0.9955487799434249,0.07998304617879065,0.028105526034909078,0.8976610313861297,0.927051496505615,0.06,0.56,0.38,0.75
1178,0.903137010983042,0.9957619233406216,0.07353331891238396,0.031551524107072564,0.8951420406789313,0.9270491621694305,0.04,0.82,0.14,0.5
1179,0.9058096052379503,0.9946955670214882,0.0838431558219596,0.026064793568281595,0.9033561929653006,0.9270456658323828,0.1,0.38,0.52,0.75
1180,0.895308925968672,0.9874125463605012,0.0639425170581091,0.023881891442597517,0.8904489944103183,0.9270456201653667,0.36,0.0,0.64,0.75
1181,0.9064899697661021,0.9956109836339162,0.08219499886377267,0.028067096666807664,0.9005787350979771,0.9270455659569253,0.08,0.54,0.38,0.75
1182,0.9071994348439952,0.9928199747678039,0.07406620874350714,0.03154145359573617,0.8909360493218169,0.9270439529371536,0.9,0.08,0.02,0.75
1183,0.905123382465314,0.9932899474246667,0.08294103346765119,0.024992557189490294,0.9029248648966675,0.9270390016158991,0.22,0.2,0.58,0.75
1184,0.9026599008035834,0.9958567929592432,0.07272175879536774,0.03183695526154076,0.8947336150164504,0.9270360762293609,0.06,0.82,0.12,0.25
1185,0.8747170727796161,0.9966631547487851,0.04127615811621617,0.032354226085147895,0.8899978940933198,0.9270336522189282,0.16,0.78,0.06,1.0
1186,0.9059619663165508,0.9926931584708457,0.08152034238861215,0.02560364115106297,0.8998678582166983,0.9270302154287602,0.34,0.14,0.52,0.75
1187,0.8747407303378799,0.9966935516150662,0.041200580659669604,0.03259516055251935,0.8899978940933198,0.9270189291672277,0.18,0.78,0.04,1.0
1188,0.8955448017915099,0.9875761585635718,0.06480390531390345,0.024366139486515743,0.8919369179387766,0.9270187195501807,0.4,0.0,0.6,0.75
1189,0.9059363973546097,0.9964353152516371,0.07846257737514852,0.03221763674512337,0.8990269364628227,0.9270172153596286,0.16,0.76,0.08,0.25
1190,0.9044958918010981,0.9943459716634304,0.08212519689729113,0.025338421502404153,0.9018703927503048,0.9270172150427586,0.04,0.38,0.58,0.75
1191,0.9136859799594493,0.9959043462164366,0.0889720742931284,0.029835037628672532,0.9010721020478523,0.9270133396296836,0.62,0.2,0.18,0.75
1192,0.9048424997035881,0.992262784510958,0.0755204318002645,0.025449923678656772,0.890667813737401,0.927011764423792,0.42,0.06,0.52,0.75
1193,0.9081033799393454,0.9945140420735556,0.08666439946187256,0.027375368040979887,0.90589511886269,0.9270112546489919,0.44,0.18,0.38,0.75
1194,0.9138100233837145,0.9961045259923518,0.08861176619361852,0.0299118963648756,0.9000126468525042,0.9270102525384786,0.58,0.24,0.18,0.75
1195,0.9044184393480577,0.992918534822867,0.08223373007834334,0.024508309145572095,0.9024842051092684,0.9270066420495576,0.18,0.2,0.62,0.75
1196,0.8760536882865403,0.9967471357246965,0.046810826245108135,0.03211668655092036,0.8973682648902904,0.9270033298912796,0.28,0.66,0.06,1.0
1197,0.8768278806694304,0.9967265001056156,0.050284923711950466,0.03151604784906336,0.9017196603584099,0.9270029166864782,0.3,0.6,0.1,1.0
1198,0.9039018657236999,0.9917149216681033,0.07911072050550304,0.02390877299734917,0.897841081053064,0.9269956766949268,0.2,0.14,0.66,0.75
1199,0.8746436259573516,0.996735262394769,0.0410599206474006,0.03283609501989101,0.8899978940933198,0.9269884534769807,0.2,0.78,0.02,1.0
1200,0.8762752095786823,0.9967591175129265,0.04862325297814883,0.032077096628549066,0.900235648402835,0.926986653246566,0.3,0.64,0.06,1.0
1201,0.8945249802952685,0.9844414596085413,0.05834223769037777,0.02012349337141683,0.8787878850902299,0.9269831857210582,0.02,0.02,0.96,0.25
1202,0.9049862064184676,0.9952692572111014,0.08163771646218415,0.026779617820808944,0.9006800067149808,0.9269766622123924,0.02,0.5,0.48,0.75
1203,0.8949709750867616,0.9842437201444263,0.059909027661149736,0.020612499633685496,0.8817048042331851,0.926974979833689,0.06,0.02,0.92,0.25
1204,0.8765089416128515,0.9958714376842093,0.044994791203515426,0.030889398957410146,0.8919562362954456,0.9269662013622925,0.9,0.04,0.06,1.0
1205,0.8756537722015686,0.9958324840287158,0.05461074464649513,0.027225607225035267,0.9073169961038726,0.9269661021392014,0.2,0.38,0.42,1.0
1206,0.8918271291592771,0.9823457626471571,0.05987597795384623,0.022187023288883785,0.8918208701549315,0.9269591737178415,0.22,0.0,0.78,0.75
1207,0.9085300262031869,0.9928832344996589,0.07765918042413963,0.031057205551817967,0.8939040732329667,0.9269579600150047,0.86,0.08,0.06,0.75
1208,0.876143070334016,0.9967833151309857,0.04843228996094134,0.032318031095920526,0.900235648402835,0.9269575545019845,0.32,0.64,0.04,1.0
1209,0.8770187322160358,0.996760647345821,0.05050151370396464,0.03171739239406354,0.9016675518996867,0.926954714397205,0.34,0.58,0.08,1.0
1210,0.8755880116959882,0.995809684951922,0.05381263319897719,0.027265197147406415,0.9058833043476002,0.9269502686635753,0.18,0.4,0.42,1.0
1211,0.911779077736098,0.9951964445861532,0.08851555072418789,0.02882811217273444,0.9029477773497634,0.9269495449624017,0.56,0.18,0.26,0.75
1212,0.8951179685202852,0.9844082371180707,0.05876602085246909,0.020367996502551198,0.8785310052456604,0.926946388238808,0.04,0.02,0.94,0.25
1213,0.8870969555684408,0.983667889330427,0.05678157957076938,0.020926425997636815,0.8922400890290049,0.9269462975728014,0.0,0.1,0.9,0.75
1214,0.8770097808714875,0.9968204478286682,0.049461353011573936,0.03215967140643513,0.9001481938015331,0.9269447664835982,0.4,0.56,0.04,1.0
1215,0.9137722981613051,0.9966797374523619,0.08836613897526904,0.030715127166955923,0.899638340968258,0.9269392976816682,0.6,0.28,0.12,0.75
1216,0.9050607273446787,0.9933171647501933,0.08327801618516807,0.025030986557591933,0.9030312051275766,0.9269353201804681,0.2,0.22,0.58,0.75
1217,0.8778926891387756,0.9960777596250293,0.04770996545280893,0.030526299789781157,0.8935103093177793,0.9269345710131475,0.8,0.1,0.1,1.0
1218,0.9063549576902801,0.9930670484886016,0.08228414028522654,0.025884194541123413,0.8999058895678164,0.9269334048806604,0.34,0.16,0.5,0.75
1219,0.8949304407613399,0.9870333019276145,0.06251573181986529,0.023397643398679287,0.8874083329927153,0.9269276215319027,0.32,0.0,0.68,0.75
1220,0.8788844184656412,0.9964554856416848,0.05003322499943983,0.03124570825875193,0.8965292846466303,0.9269273623139145,0.72,0.22,0.06,1.0
1221,0.9060949414475481,0.9959850334849596,0.07954533299348321,0.03242603161669571,0.9008672656221554,0.9269191894898807,0.2,0.74,0.06,0.25
1222,0.9143655580654418,0.9959120867142165,0.0883400470657576,0.030319285672590783,0.898476526438206,0.9269145526952446,0.66,0.2,0.14,0.75
1223,0.905798049368007,0.9934224149700039,0.08383811891646654,0.02543837586530687,0.9029248648966675,0.9269132639376924,0.28,0.18,0.54,0.75
1224,0.905837294298803,0.9965200069148447,0.07784317678731523,0.03270664300739211,0.8978812530305167,0.9269092556563462,0.2,0.76,0.04,0.25
1225,0.907344784502473,0.9939374891555969,0.08554753195075696,0.026852690628960115,0.9044284643692051,0.9269039902325407,0.42,0.16,0.42,0.75
1226,0.9041287772002086,0.9919322863765891,0.07985938742872226,0.024150897019308313,0.898315262303098,0.9269030376157843,0.22,0.14,0.64,0.75
1227,0.9085679017800073,0.9927601172016397,0.07799432995927985,0.03081508152985888,0.8939040732329667,0.9269025761832793,0.84,0.08,0.08,0.75
1228,0.9063765926644508,0.9924756938665551,0.07277572925696944,0.03150302422763455,0.8894340486857534,0.926900197597433,0.92,0.06,0.02,0.75
1229,0.9021376412190512,0.9911538269123773,0.07820844412523874,0.023017135645715833,0.8983295535753231,0.9268941854107026,0.08,0.18,0.74,0.75
1230,0.8763441350005287,0.9967016517377429,0.04861021597983971,0.03159522769380613,0.8988522768458653,0.9268913407428073,0.26,0.64,0.1,1.0
1231,0.9143941463147027,0.9960020899800672,0.08847657436832446,0.0303577150406923,0.898476526438206,0.9268895503338082,0.64,0.22,0.14,0.75
1232,0.9089480012009957,0.9947228128886731,0.0875959703552164,0.027859616084898068,0.9056122237342776,0.9268878782300963,0.48,0.18,0.34,0.75
1233,0.9026174179380647,0.995689082174015,0.07371319826158447,0.03130821053052582,0.895192360878234,0.926886666617141,0.02,0.82,0.16,0.5
1234,0.9015256661616992,0.9956402845005117,0.07306029510221747,0.031628560389968606,0.8965919328562716,0.9268860752880629,0.02,0.84,0.14,0.25
1235,0.8752510043405715,0.9880182117701096,0.04369143961591749,0.02045003701569322,0.8853166911665696,0.926878844686898,0.08,0.0,0.92,1.0
1236,0.87651199984003,0.9967709337595372,0.04930435521687182,0.03203750670617763,0.900235648402835,0.9268708561820075,0.32,0.62,0.06,1.0
1237,0.9052286860951443,0.9924034206789522,0.07783235134090541,0.025488353046758377,0.8933039739904034,0.9268693749595445,0.4,0.08,0.52,0.75
1238,0.8949118992972683,0.9846225393066016,0.059643067983693565,0.020648607893247538,0.8802711124769127,0.9268685442973625,0.04,0.04,0.92,0.25
1239,0.9049639195363055,0.9952995085149243,0.0818208345961598,0.027060171210869607,0.9006800067149808,0.9268655664405484,0.02,0.52,0.46,0.75
1240,0.9024915859982855,0.9923263810343831,0.07976310144358113,0.023616671793938768,0.9000133705077819,0.926860337992307,0.06,0.24,0.7,0.75
1241,0.8664784365834762,0.9951276249392262,0.023960465827375887,0.03347292871097526,0.8750375041185623,0.9268601855462073,0.02,0.98,0.0,1.0
1242,0.8765935813366934,0.9967163678168551,0.049772434074132975,0.03155563777143465,0.9002859686021377,0.926856008547225,0.28,0.62,0.1,1.0
1243,0.9019637476592675,0.9921559816249259,0.07930419558916743,0.023374547771979615,0.8999579371129253,0.9268489486144259,0.04,0.24,0.72,0.75
1244,0.8758422053143203,0.9967298223546627,0.046315231122943674,0.032156276473291626,0.8958662642542268,0.9268470684392318,0.26,0.68,0.06,1.0
1245,0.8767905106228527,0.9967501154738418,0.049859750171754584,0.03175698231643492,0.9002176597223465,0.9268444401404465,0.32,0.6,0.08,1.0
1246,0.9047476554900729,0.9931185005363434,0.08248276482466205,0.024750433167531186,0.9013219487837644,0.9268407822572616,0.2,0.2,0.6,0.75
1247,0.9045017598244288,0.99469008702306,0.0822677209892532,0.026460635062646856,0.9020983519423993,0.9268392201603316,0.04,0.46,0.5,0.75
1248,0.901049656657487,0.9919961426291064,0.07848199503482474,0.023132423750020503,0.8999759257934138,0.9268391055034572,0.02,0.24,0.74,0.75
1249,0.8756616868339375,0.9966869870336159,0.045546602152923915,0.0319549319282914,0.8944679186405331,0.9268387841045722,0.22,0.7,0.08,1.0
1250,0.8758468681898449,0.9966721396628746,0.04746644068254982,0.031674407538548645,0.8974185850895928,0.9268368679458409,0.22,0.68,0.1,1.0
1251,0.9047436250930245,0.9922509111810303,0.07980713461545087,0.024596715695125074,0.8968132616670345,0.9268358988486382,0.28,0.12,0.6,0.75
1252,0.8915957257957177,0.9814665596910085,0.059782168345658145,0.02194489926692465,0.8918208701549315,0.9268333648010474,0.2,0.0,0.8,0.75
1253,0.9037771824670058,0.991869234998841,0.08136631044641197,0.023985631733552278,0.9012839174326465,0.9268316467428204,0.16,0.18,0.66,0.75
1254,0.9142534569028038,0.9959890864004637,0.08948057194439119,0.030115591018733255,0.8999785270742696,0.9268294254082884,0.62,0.22,0.16,0.75
1255,0.8786037400005401,0.9962782933175095,0.04702338339126563,0.031008168724524138,0.8905069392640508,0.9268291927376114,0.84,0.1,0.06,1.0
1256,0.8763528794962171,0.9967283438967534,0.04849723018111591,0.0318361621611775,0.8984959596421078,0.9268289342516295,0.28,0.64,0.08,1.0
1257,0.8755313466587952,0.9966471371700462,0.04637048135002541,0.03171399746092002,0.895951930596108,0.9268267719729145,0.2,0.7,0.1,1.0
1258,0.8748630583644549,0.9955740393111797,0.05214929991271692,0.02686250805740625,0.9029997204139876,0.9268253725826487,0.1,0.44,0.46,1.0
1259,0.8758997440924297,0.9967005386130622,0.04647073805013806,0.03191534200592013,0.8955602672497717,0.9268173550396931,0.24,0.68,0.08,1.0
1260,0.877455283002755,0.9967833436726442,0.051266660521862926,0.031638212549321025,0.9012204551584938,0.926817080836067,0.38,0.54,0.08,1.0
1261,0.9019936266739792,0.9920241191627485,0.0788365574634101,0.023055565013817416,0.8984358938062323,0.9268085548461336,0.06,0.2,0.74,0.75
1262,0.9054928418890562,0.9932623933075702,0.08397628228472506,0.0251962518433478,0.9029248648966675,0.9268062577277901,0.26,0.18,0.56,0.75
1263,0.8915982081881275,0.9937418218158874,0.05952862413654873,0.03190664412511474,0.8921525443100705,0.9268059583837607,0.0,0.88,0.12,0.5
1264,0.9053268077908487,0.9924596249128309,0.07949657867486476,0.025080963739043255,0.8952789295121568,0.9268047687888208,0.32,0.12,0.56,0.75
1265,0.8748407426151678,0.9879364028144084,0.043048402496648146,0.019968168080950203,0.8838334637798868,0.9268029257974834,0.04,0.0,0.96,1.0
1266,0.9029391309668533,0.9956294158369625,0.0743197518592519,0.031027628140147152,0.8948360436744764,0.9268018850992543,0.02,0.8,0.18,0.5
1267,0.8786419634631129,0.9963543625456903,0.046106623607566906,0.0314900376592672,0.8890229273084758,0.9267976155390512,0.88,0.1,0.02,1.0
1268,0.9111251506005413,0.9949112962929432,0.0883845041600333,0.02858598815077534,0.9029477773497634,0.9267968314277913,0.54,0.18,0.28,0.75
1269,0.8751686564376182,0.9966598210830746,0.043572801346552455,0.03203411177303391,0.8914998947293833,0.9267952790644851,0.18,0.74,0.08,1.0
1270,0.8785698171152452,0.9962661060293386,0.046197274321404955,0.031209513269524383,0.8890229273084758,0.9267926817681253,0.88,0.08,0.04,1.0
1271,0.8761086984043955,0.9966883969915448,0.04868166974034025,0.0316348176161774,0.8988522768458653,0.926790186370378,0.24,0.66,0.1,1.0
1272,0.914183781475988,0.9961038352842165,0.08882770759879056,0.03015402038683476,0.8985286348969294,0.9267889422433393,0.6,0.24,0.16,0.75
1273,0.9041571027269127,0.992168822517076,0.08191263732565252,0.024227755755511376,0.9012839174326465,0.9267844995282589,0.18,0.18,0.64,0.75
1274,0.8756226788882056,0.9967170813583172,0.04478478059125679,0.032195866395662964,0.8929659180044696,0.9267779241184858,0.24,0.7,0.06,1.0
1275,0.8786562816308986,0.9963998750743025,0.0477323049048286,0.0315692175040097,0.8920083086817159,0.926771636636591,0.84,0.14,0.02,1.0
1276,0.8700986734464987,0.993348997261896,0.044989047428344156,0.021291610184921567,0.8931889989027118,0.9267708842978184,0.08,0.06,0.86,1.0
1277,0.8757706604087931,0.9968070846241679,0.047748232812035454,0.03259855548566337,0.8987336477667714,0.9267653691463191,0.32,0.66,0.02,1.0
1278,0.904504152758425,0.9921435660034872,0.08049242858713157,0.024393021041267376,0.8979755179925385,0.926765298708325,0.24,0.14,0.62,0.75
1279,0.9036708466518276,0.9946162040859188,0.08161603133694975,0.02649906443074817,0.9021324717206338,0.9267643337470104,0.02,0.48,0.5,0.75
1280,0.9143939967105562,0.9960085632282104,0.08856781227264783,0.03059983906265139,0.8981202092344485,0.9267622783604087,0.66,0.22,0.12,0.75
1281,0.9051202968726414,0.9923381287810134,0.07786268794868996,0.025042534370941682,0.892328263063097,0.9267611182094486,0.34,0.1,0.56,0.75
1282,0.8749630715069031,0.9966717914546411,0.04252388215993074,0.032314636162776675,0.8899978940933198,0.926756648269414,0.18,0.76,0.06,1.0
1283,0.904422623350655,0.9921025459319197,0.07964432633790614,0.024354591673165914,0.8964354860053568,0.9267560785326269,0.26,0.12,0.62,0.75
1284,0.9024892141935843,0.9922085724848412,0.07945806743000926,0.023297689035776534,0.8984179051257436,0.9267544461245286,0.08,0.2,0.72,0.75
1285,0.8787538827518883,0.9968290674095291,0.05142400458859041,0.031602017560093405,0.8984143224004919,0.9267544385045288,0.54,0.4,0.06,1.0
1286,0.8772405796141775,0.9967697293015493,0.0520660804028237,0.03167780247169223,0.9027778891894139,0.9267456609644233,0.36,0.56,0.08,1.0
1287,0.9060896812931463,0.9930997800625464,0.0810137391844718,0.026049459826879662,0.8969164071987464,0.9267438165587,0.4,0.12,0.48,0.75
1288,0.9064301379104523,0.9959599225338289,0.08065829107054187,0.03218152848556133,0.9008672656221554,0.9267437505926113,0.18,0.74,0.08,0.25
1289,0.878642256648848,0.9963061271428592,0.04644357124049089,0.031249103191895646,0.8890229273084758,0.9267414325420097,0.86,0.1,0.04,1.0
1290,0.9049582455067673,0.9922652904685725,0.07863496841212667,0.024800410348982636,0.8937388975249754,0.9267387639875387,0.32,0.1,0.58,0.75
1291,0.8768665415438359,0.9968501425701508,0.04988284457620814,0.03240060587380676,0.9001481938015331,0.926736445245036,0.42,0.56,0.02,1.0
1292,0.8928373145923564,0.9949210632484751,0.05572413230976518,0.033552869653553835,0.8829046626346916,0.9267358934612434,0.02,0.98,0.0,0.5
1293,0.8787610703359187,0.9964753791776454,0.04964113644282024,0.031486642726123434,0.8950452726910555,0.9267356860618263,0.74,0.22,0.04,1.0
1294,0.9105153938612952,0.9948204539023331,0.08731923327817347,0.0281017401068572,0.9011415679686656,0.9267335684527375,0.5,0.18,0.32,0.75
1295,0.9035797564177963,0.994260826187853,0.08137101855934024,0.025376850870505657,0.9004888094527558,0.9267322891078003,0.02,0.4,0.58,0.75
1296,0.8778851024462181,0.9967763909246385,0.05237788865363548,0.031318098237206965,0.9015027636501561,0.9267307202300764,0.4,0.5,0.1,1.0
1297,0.8748168324991384,0.9966426019005137,0.042430603381124844,0.03207370169540518,0.8896415768895622,0.9267300520131969,0.16,0.76,0.08,1.0
1298,0.9115639929368297,0.9968050467497525,0.08660677995227062,0.03168516381540404,0.9004298730718586,0.9267279687023093,0.42,0.5,0.08,0.5
1299,0.8738259084730404,0.9955717046035161,0.052964294065865045,0.026783328212663476,0.9058833043476002,0.9267270933634452,0.14,0.4,0.46,1.0
1300,0.9122944212574579,0.9954664315503785,0.08826084130334992,0.02907023619469361,0.899961764758125,0.9267218129739679,0.58,0.18,0.24,0.75
1301,0.8787464428846202,0.990500862266336,0.044533425138478536,0.030569284645296225,0.8899003681635153,0.9267206301805878,0.92,0.0,0.08,1.0
1302,0.8734072374185257,0.9954613283018423,0.05189547721832812,0.026581983667663307,0.9044496125913278,0.926718546100511,0.1,0.42,0.48,1.0
1303,0.8740610142342855,0.9965396435758789,0.041251194859195234,0.03187235715040492,0.8886145225363499,0.9267143789062179,0.12,0.78,0.1,1.0
1304,0.8786501402861931,0.9904990926835102,0.043714189237847915,0.030810219112667667,0.8887900308737879,0.9267131179909341,0.94,0.0,0.06,1.0
1305,0.9080321578352533,0.9966489295861987,0.08404934687897826,0.032469941479151866,0.903666340254909,0.92671143434446,0.3,0.66,0.04,0.5
1306,0.9144320153693228,0.9959196730870404,0.08723446646939931,0.030561409694549832,0.8951521853232985,0.9267075549994385,0.68,0.2,0.12,0.75
1307,0.878878249062578,0.996431299440289,0.05095188107324033,0.031004773791380474,0.8965292846466303,0.9267050023438697,0.7,0.22,0.08,1.0
1308,0.9048442015275373,0.9927155893602451,0.08287564153756904,0.02471200379942964,0.9013219487837644,0.9267036350086283,0.22,0.18,0.6,0.75
1309,0.9035094351330355,0.99287014529508,0.08070136404363809,0.023858795815897817,0.8985113698717183,0.9267028071120045,0.08,0.24,0.68,0.75
1310,0.8772078872680169,0.9968270523684405,0.04976904152495605,0.03212008148406395,0.8986641818459582,0.9267017251361819,0.42,0.54,0.04,1.0
1311,0.9032819954612232,0.9924755169082725,0.08104333076319556,0.02378193707969475,0.8999070302768726,0.9267014310223626,0.12,0.2,0.68,0.75
1312,0.9142564305002556,0.9961147895727412,0.08903716239993055,0.030396144408793877,0.898476526438206,0.926695703140119,0.62,0.24,0.14,0.75
1313,0.8788873107129044,0.9963908216602326,0.050405969318431866,0.0307242494016376,0.8950626301531455,0.9266952727121699,0.7,0.2,0.1,1.0
1314,0.9087478869695469,0.9945674206832449,0.07816434955960297,0.03205258319440606,0.8923202908765759,0.9266935422891659,0.78,0.22,0.0,0.75
1315,0.8940381701394976,0.9845594650955267,0.05857503800811601,0.02040410476211324,0.8785310052456604,0.9266930172697665,0.02,0.04,0.94,0.25
1316,0.9002848592410886,0.995136324436731,0.07173196480050109,0.033142912701404154,0.8977330538839072,0.9266898120019607,0.24,0.76,0.0,0.5
1317,0.9108165195623706,0.9948814759681633,0.08784266053960826,0.028343864128816263,0.9014978851724231,0.9266870530662388,0.52,0.18,0.3,0.75
1318,0.9029273010485144,0.9912709333371206,0.07374798810516055,0.02488881689853548,0.8891658131013375,0.9266867675576452,0.42,0.02,0.56,0.75
1319,0.9050417266494064,0.9923900517661202,0.08051231554267593,0.02483883971708412,0.8967629414677318,0.9266867553637017,0.3,0.12,0.58,0.75
1320,0.8911804645536179,0.9937819856377005,0.05878946053381299,0.03186800821000238,0.8906685323544956,0.9266850627891805,0.0,0.88,0.12,0.75
1321,0.8744602436383446,0.9966149593042758,0.04068652201788253,0.03211329161777643,0.8867741933770175,0.9266841389608983,0.14,0.78,0.08,1.0
1322,0.9083199241920478,0.9945507523546925,0.08711673747925386,0.02761749206293896,0.904411106907115,0.9266801807063486,0.46,0.18,0.36,0.75
1323,0.9051895166661184,0.9929788062430791,0.08329311559650592,0.02495412782138879,0.9013219487837644,0.9266778297273301,0.24,0.18,0.58,0.75
1324,0.9018290773355999,0.9920480427808864,0.07910906875180733,0.023093994381919038,0.8984358938062323,0.9266764625768487,0.04,0.22,0.74,0.75
1325,0.9052462302722788,0.9920750032314866,0.07389694963209176,0.03122247083757389,0.8923847151348131,0.9266761801149057,0.92,0.04,0.04,0.75
1326,0.905130726691982,0.9923180297451119,0.07798528488251708,0.025246229024799293,0.8922381232532558,0.9266715983999259,0.38,0.08,0.54,0.75
1327,0.9088207992328584,0.9945171017393446,0.07756137445843868,0.03201415382630471,0.8908536363830911,0.9266695376638177,0.8,0.2,0.0,0.75
1328,0.9082094580893474,0.9941939074153809,0.07696252195677515,0.031937295090101174,0.8911407701047788,0.9266688902845384,0.84,0.16,0.0,0.75
1329,0.9086212077556732,0.9943491283708583,0.07745046099435865,0.031975724458202945,0.8911407701047788,0.9266672230081819,0.82,0.18,0.0,0.75
1330,0.8759425115901373,0.9967731600088986,0.047716200190255485,0.03235762101829182,0.8973682648902904,0.9266644579313519,0.3,0.66,0.04,1.0
1331,0.8737503431297804,0.9955540201919219,0.0523231002067992,0.026822918135034797,0.9044496125913278,0.9266638087909576,0.12,0.42,0.46,1.0
1332,0.9026626853662305,0.995625482796424,0.07678999556852009,0.031031229349013645,0.899203639563664,0.9266600189347617,0.04,0.78,0.18,0.25
1333,0.8692238744970171,0.9952297355766042,0.03651620326707622,0.03319579925437655,0.8918857272170068,0.9266589728441705,0.16,0.84,0.0,1.0
1334,0.9045207424289249,0.9953684708701436,0.08091319914078018,0.031167407701462042,0.9038352895333053,0.9266566910203294,0.12,0.72,0.16,0.25
1335,0.9023116325720208,0.9921930971976133,0.0795873937293203,0.02333611840387817,0.8984179051257436,0.9266538487892206,0.06,0.22,0.72,0.75
1336,0.9071391257225778,0.9935732861767291,0.0850849710217077,0.027056385282817636,0.9029103326353956,0.9266526703325888,0.46,0.14,0.4,0.75
1337,0.8786670302476347,0.9963780349972337,0.0466231390736974,0.031529627581638416,0.8890229273084759,0.9266517335973592,0.86,0.12,0.02,1.0
1338,0.8787704166887252,0.9963360216759511,0.04856379787498102,0.031087348569266673,0.8919903200012271,0.9266500564721473,0.8,0.14,0.06,1.0
1339,0.8786004132982975,0.9904979567255028,0.042923108054054616,0.031051153580039133,0.8872499988866063,0.9266470955894727,0.96,0.0,0.04,1.0
1340,0.912981259098773,0.9955409823623282,0.08782837608291663,0.029796608260570942,0.8981214355987925,0.926642506246855,0.64,0.18,0.18,0.75
1341,0.8763534544579832,0.9967940582112377,0.049003155500892,0.03227844117354904,0.8987336477667716,0.926640182113577,0.34,0.62,0.04,1.0
1342,0.9039225284354304,0.9917061650872816,0.0813696409312223,0.023947202365450775,0.8997819167965829,0.9266322148500405,0.18,0.16,0.66,0.75
1343,0.9036889125099206,0.994470002294521,0.08157989662018149,0.025937957650627078,0.900540917911479,0.9266317377957167,0.02,0.44,0.54,0.75
1344,0.8749406251363266,0.996705704653247,0.04278607532684202,0.03255557063014825,0.8899978940933198,0.926631161488226,0.2,0.76,0.04,1.0
1345,0.904161387990555,0.9919466342683071,0.08157983650358921,0.0241893263874099,0.8997819167965829,0.9266308686673659,0.2,0.16,0.64,0.75
1346,0.8715440082257863,0.9945016664104387,0.04924405066054747,0.024697492784206312,0.900932945243747,0.9266300661227712,0.06,0.32,0.62,1.0
1347,0.9079564360661324,0.9966877690750582,0.08333874900386067,0.03271325505569864,0.9021643396188455,0.9266256161324335,0.32,0.66,0.02,0.5
1348,0.8767297350833029,0.996783029714401,0.049633617843373556,0.03199791678380638,0.8987336477667716,0.9266256039256029,0.34,0.6,0.06,1.0
1349,0.8755845071275712,0.9957335928904144,0.04268821156720851,0.031090743502410416,0.8874855805298336,0.9266228652243405,0.94,0.02,0.04,1.0
1350,0.8754230828805413,0.9967021540709321,0.04433008056614851,0.032235456318034254,0.8914998947293833,0.9266191834416048,0.22,0.72,0.06,1.0
1351,0.8769639212049674,0.9967958163774,0.050695521100002035,0.031958326861435016,0.9001835399441118,0.926616779060179,0.36,0.58,0.06,1.0
1352,0.8788691273849365,0.9964851803831675,0.050329976813828,0.031285298181123175,0.8950793924692901,0.9266162029156517,0.7,0.24,0.06,1.0
1353,0.9048839791466854,0.9953179178846439,0.08165844312972564,0.02734072460093022,0.8992133522214959,0.9266150931497468,0.02,0.54,0.44,0.75
1354,0.9033706101982157,0.9916690894729162,0.0809909516039789,0.023743507711593167,0.8998006900459635,0.9266138995977904,0.14,0.18,0.68,0.75
1355,0.8754586283269641,0.9957681682554971,0.05404713402731434,0.02730478706977777,0.90443341217026,0.9266121617009038,0.16,0.42,0.42,1.0
1356,0.9047627336079318,0.9920045909600165,0.07269361147933687,0.03142616549143148,0.8908827144987497,0.9266017402457986,0.96,0.02,0.02,0.75
1357,0.9082315479329621,0.9927322320013048,0.0788418787603598,0.030572957507899793,0.8939040732329667,0.9266013611630614,0.82,0.08,0.1,0.75
1358,0.9060603289531479,0.9955127318287648,0.08266715245111757,0.02782497264484849,0.8991450433417048,0.9265990722554173,0.06,0.54,0.4,0.75
1359,0.8753629317758471,0.9967853244637428,0.0448136279896843,0.03267773533040593,0.8929155978051669,0.9265979910340173,0.28,0.7,0.02,1.0
1360,0.8754401104098043,0.9881341080285333,0.0453420788207922,0.020931905950436216,0.8867470255256371,0.926594863514309,0.12,0.0,0.88,1.0
1361,0.9062184985113791,0.995991072899894,0.08064044619019914,0.03267053474783,0.9008672656221554,0.9265922790194204,0.22,0.74,0.04,0.25
1362,0.905542572378184,0.9957995926214835,0.07918567871141272,0.030354656917894997,0.8964966551092032,0.9265881202922028,0.08,0.7,0.22,0.5
1363,0.9041025169907099,0.9961302191933155,0.07593629343052519,0.03176473874241667,0.8946575523142146,0.9265853902837176,0.1,0.78,0.12,0.25
1364,0.9078015072515584,0.9940486817487031,0.08608044939456619,0.02733693867287831,0.9029444524136302,0.9265844670734349,0.46,0.16,0.38,0.75
1365,0.8755843462079365,0.9967969237937491,0.04667353290811642,0.032638145408034634,0.8958842529347154,0.9265827163965822,0.3,0.68,0.02,1.0
1366,0.9036934262698028,0.9945526303958205,0.08161288170056927,0.026218511040687793,0.900540917911479,0.9265798579784843,0.02,0.46,0.52,0.75
1367,0.9066245805151907,0.9932739241375961,0.08407856563214734,0.02677583189275701,0.9014083319993319,0.9265746002600337,0.46,0.12,0.42,0.75
1368,0.8693518326572719,0.9932918654241166,0.04427515370195003,0.021090265639921425,0.8917740803958202,0.926572279606108,0.04,0.08,0.88,1.0
1369,0.9056331902740223,0.9953977317784173,0.08246515513799156,0.027582848622889365,0.8992133522214959,0.9265706358848719,0.04,0.54,0.42,0.75
1370,0.9057607901653463,0.9928058123968662,0.08315448521173784,0.025399946497205412,0.899956209767119,0.9265692383862307,0.3,0.16,0.54,0.75
1371,0.8774808469322394,0.9967652425528363,0.052518263689769064,0.031397278081949614,0.9015767723622513,0.9265625329842793,0.36,0.54,0.1,1.0
1372,0.8733184372798335,0.9954481192222978,0.05156731700688006,0.02662157359003463,0.9029997204139876,0.9265592099078309,0.08,0.44,0.48,1.0
1373,0.9055294937824857,0.9925339473915128,0.08043357208057136,0.025323087761002328,0.8952789295121568,0.9265579390057705,0.34,0.12,0.54,0.75
1374,0.8787671003736267,0.9964486242269863,0.049509427543482906,0.03144705280375203,0.8935606295170819,0.926556706494101,0.76,0.2,0.04,1.0
1375,0.8789073337325036,0.9964184899439631,0.05165974067101826,0.03076383932400902,0.8965292846466303,0.9265557481076007,0.68,0.22,0.1,1.0
1376,0.9030460019232829,0.9957285467251952,0.07607337424004292,0.03127573248014803,0.8965739441757831,0.926553891764142,0.06,0.78,0.16,0.25
1377,0.910152851251909,0.9944031520220292,0.08737719220156373,0.02830543476071473,0.9014637653941885,0.9265530776606627,0.54,0.16,0.3,0.75
1378,0.9105295647775871,0.9944739695850497,0.08763833726719965,0.02854755878267389,0.9014637653941885,0.9265529390101985,0.56,0.16,0.28,0.75
1379,0.9063779296440141,0.9931995930964167,0.084035719892214,0.026533707870797913,0.9014083319993319,0.9265502428142006,0.44,0.12,0.44,0.75
1380,0.9044432530775692,0.9921325831733041,0.08190976649165999,0.024431450409369018,0.8994421724860233,0.926548736406718,0.22,0.16,0.62,0.75
1381,0.8787750070198007,0.9964184442773095,0.04956394745650071,0.031407462881380695,0.8935606295170819,0.9265467383583479,0.78,0.18,0.04,1.0
1382,0.8776892186617167,0.9967700318431292,0.05279680644609839,0.0313576881595782,0.9015207523306449,0.9265449074257535,0.38,0.52,0.1,1.0
1383,0.8766625240027899,0.9968463522379046,0.04955322524921987,0.03244019579617798,0.8986815393080482,0.9265418633080735,0.4,0.58,0.02,1.0
1384,0.8770388479758507,0.996743054267534,0.051361370921874795,0.031476457926692125,0.9002176597223465,0.9265407108814494,0.32,0.58,0.1,1.0
1385,0.8882191567279996,0.9841864113483644,0.061236014344635464,0.022048639557879435,0.8968197702340653,0.9265379675004263,0.0,0.18,0.82,0.75
1386,0.8751690487065185,0.9967220989818779,0.04416852490035239,0.03251598070777691,0.8914998947293833,0.9265364751596655,0.22,0.74,0.04,1.0
1387,0.9053089826697559,0.9963146040154277,0.07976835368402434,0.03197313361398908,0.8993832536665803,0.9265364650744664,0.14,0.76,0.1,0.25
1388,0.9052830814024772,0.9924416265429935,0.07870250625587613,0.02528465839290083,0.892328263063097,0.9265347330868995,0.36,0.1,0.54,0.75
1389,0.8785213487232321,0.996847002987718,0.05101626750461172,0.03184295202746492,0.896930310444917,0.9265342279996585,0.56,0.4,0.04,1.0
1390,0.8784126712327761,0.9962370163710158,0.04708222892808243,0.03096857880215289,0.8890229273084758,0.9265340175236174,0.86,0.08,0.06,1.0
1391,0.8758243675672516,0.9959022769461969,0.05537492921083963,0.02750613161477797,0.9058671039265324,0.9265336639257181,0.2,0.4,0.4,1.0
1392,0.8787832728965745,0.996388806619144,0.04806972409769771,0.03136787295900948,0.8905566282449547,0.9265332319922555,0.8,0.16,0.04,1.0
1393,0.8748988364239674,0.9965999578085788,0.044335436164593955,0.03179317730566253,0.8914819060488947,0.9265307922666168,0.16,0.74,0.1,1.0
1394,0.8752357424982903,0.9956734099493436,0.053470342368879056,0.02706385260240628,0.9029997204139876,0.9265306422294621,0.14,0.42,0.44,1.0
1395,0.9025772904935903,0.9958048728283023,0.07366305642428413,0.03183210649745095,0.8932837228391103,0.9265153899586911,0.04,0.84,0.12,0.5
1396,0.8909606385105594,0.9809935844516735,0.057805857283916226,0.020492155135169977,0.885689781192729,0.9265130206452259,0.08,0.0,0.92,0.75
1397,0.8763283747166993,0.9960934518288616,0.055973782027063185,0.027509526547921766,0.9056787338483908,0.9265118154069646,0.34,0.28,0.38,1.0
1398,0.9056044425030079,0.992582179940178,0.0796080491388642,0.025768906436819155,0.8937781552404374,0.926511574199134,0.4,0.1,0.5,0.75
1399,0.8695463252798181,0.9952401532819494,0.03889918071511737,0.033156209332005054,0.8947531107295517,0.9265077142968008,0.18,0.82,0.0,1.0
1400,0.9120546692236073,0.9963025993938711,0.08765681842502529,0.031647895001572286,0.9004298730718586,0.9265042811882496,0.44,0.48,0.08,0.5
1401,0.912483828446783,0.9954798632548593,0.08811658291653977,0.029312360216652743,0.8981214355987925,0.9264977998799976,0.6,0.18,0.22,0.75
1402,0.8788353197359193,0.996816320704852,0.05314532836252306,0.03136108309272192,0.8995420171523093,0.9264976296458001,0.52,0.4,0.08,1.0
1403,0.8777960369935365,0.9960530996321025,0.0474116183578519,0.030727644334781413,0.8905069392640508,0.9264971867284492,0.84,0.08,0.08,1.0
1404,0.8750238040814143,0.987981233197383,0.04402124243980307,0.02020910254832177,0.8835765839353174,0.92649714765233,0.06,0.0,0.94,1.0
1405,0.8788449887006493,0.9964015704488162,0.04997057744949174,0.03116652841400925,0.8935606295170819,0.9264960600669297,0.76,0.18,0.06,1.0
1406,0.876579028262753,0.9968050124997623,0.04977271032987646,0.03223885125117784,0.8987336477667716,0.9264953687956674,0.36,0.6,0.04,1.0
1407,0.9142446416785672,0.9961287293187429,0.08937875403414164,0.030638268430752926,0.8981202092344485,0.9264938225592201,0.64,0.24,0.12,0.75
1408,0.8789984051143512,0.9966415658383109,0.05355549907073179,0.031001378858236627,0.8996725195635572,0.9264935079886027,0.56,0.34,0.1,1.0
1409,0.9077371291759315,0.9965939126853127,0.08237904663506122,0.032263896716436945,0.8993652649860917,0.92649266764949,0.26,0.68,0.06,0.5
1410,0.8788662178244332,0.9964300264823207,0.04999310527326645,0.031206118336380574,0.8935606295170819,0.9264922790686879,0.74,0.2,0.06,1.0
1411,0.9101746356149634,0.9967155001504374,0.08887145628260172,0.03204028383344598,0.9065486978241776,0.9264910817628942,0.38,0.56,0.06,0.5
1412,0.8914958446575396,0.9813936243369288,0.059271753220571974,0.02170277524496555,0.8885059863136275,0.9264909270586295,0.18,0.0,0.82,0.75
1413,0.9059427747538773,0.9927222538375002,0.08094455735434987,0.025807335804920437,0.8954331798120636,0.9264890180161991,0.38,0.12,0.5,0.75
1414,0.8724303613634307,0.9949011468791877,0.051113756795502875,0.025819590343177417,0.9029109518097883,0.9264886924537248,0.06,0.4,0.54,1.0
1415,0.9047471582219073,0.992301595458159,0.08180316154426572,0.02463514506322655,0.898315262303098,0.9264862440203252,0.26,0.14,0.6,0.75
1416,0.8747955575614915,0.9967476323495541,0.04221954052929328,0.03279650509751971,0.8884958934572562,0.9264839107699206,0.22,0.76,0.02,1.0
1417,0.8776439114346697,0.9960291417639745,0.04638646917422012,0.030928988879781454,0.8890229273084758,0.9264808802069129,0.88,0.06,0.06,1.0
1418,0.8752093610312783,0.9966216894273454,0.045645710162107826,0.03175358738329131,0.8929659180044697,0.926479664009752,0.18,0.72,0.1,1.0
1419,0.878843701043229,0.9967966155438375,0.053594062167248796,0.03112014862535055,0.899966643235858,0.926479591862896,0.5,0.4,0.1,1.0
1420,0.8762456630059396,0.9961284781521482,0.05595555238519638,0.027747066082149517,0.9058671039265324,0.926478263409889,0.22,0.4,0.38,1.0
1421,0.9045201826343328,0.9924611319123987,0.08238001652658233,0.02446987977747042,0.8994421724860233,0.9264777262323188,0.2,0.18,0.62,0.75
1422,0.8786385394145015,0.9964171941526682,0.04797059432648515,0.031608807426380996,0.8905746169254435,0.9264771842921278,0.82,0.16,0.02,1.0
1423,0.8721155318106133,0.9948807167600477,0.05082459823173601,0.025859180265548724,0.9029792606895796,0.9264769409426985,0.04,0.42,0.54,1.0
1424,0.9021448442003372,0.9957153205206556,0.07371067502006964,0.031588792920904364,0.8937083489226589,0.9264708400300109,0.02,0.84,0.14,0.5
1425,0.8751785662654632,0.9966873752001713,0.04377601858931447,0.032275046240405454,0.8899978940933198,0.9264702620398481,0.2,0.74,0.06,1.0
1426,0.875878179711023,0.9960131013519088,0.05493606471633285,0.027545721537149206,0.90443341217026,0.9264700890077607,0.18,0.42,0.4,1.0
1427,0.8763051672724522,0.9961253528405446,0.05608551569420629,0.02754911647029309,0.9056787338483908,0.926469480819471,0.32,0.3,0.38,1.0
1428,0.8776712622122882,0.9967909700037901,0.051929147177310314,0.03159862262694962,0.8996804231713124,0.9264687784925023,0.4,0.52,0.08,1.0
1429,0.8879518393478767,0.9840836442528413,0.0612869813354254,0.021768086167818744,0.8967134300031562,0.9264678109004643,0.0,0.16,0.84,0.75
1430,0.8734445106521603,0.9954499002217869,0.05202095985821766,0.026542393745291878,0.9028921785604076,0.926466110101972,0.12,0.4,0.48,1.0
1431,0.8753417012846034,0.9880656594231667,0.04491277299247228,0.020690971483064743,0.8849905348241335,0.9264636582521009,0.1,0.0,0.9,1.0
1432,0.8911126946570477,0.9810830968009984,0.05861609473735995,0.020734279157129117,0.8868476368058679,0.9264635327679451,0.1,0.0,0.9,0.75
1433,0.8782979343976317,0.9968607086921201,0.0508695152620703,0.03208388649483643,0.896930310444917,0.9264634164106751,0.58,0.4,0.02,1.0
1434,0.876575147709593,0.9962422109528591,0.0562533853732804,0.027988000549520914,0.9058671039265324,0.926460045412633,0.24,0.4,0.36,1.0
1435,0.8789429259277903,0.9966437007543651,0.0534497119268609,0.031242313325608086,0.8996725195635572,0.9264595212941387,0.58,0.34,0.08,1.0
1436,0.8727932209178125,0.9950249605936738,0.05131652813282433,0.026380639122662992,0.9029792606895796,0.9264556515127261,0.06,0.44,0.5,1.0
1437,0.8750923273636176,0.9956422995416004,0.052787691638861246,0.027103442524777675,0.9015498282366473,0.9264545206813948,0.12,0.44,0.44,1.0
1438,0.8697419459955824,0.993351174990438,0.04571726513922011,0.021331200107292926,0.8932411073614349,0.9264539717901252,0.06,0.08,0.86,1.0
1439,0.9075095139289194,0.9939838351006366,0.08637279570567218,0.027094814650919164,0.9029444524136302,0.9264512135691743,0.44,0.16,0.4,0.75
1440,0.9053854535466666,0.992554896968837,0.08234957485908302,0.025119393107144748,0.8982469534233067,0.9264509703476898,0.3,0.14,0.56,0.75
1441,0.8788961910912968,0.9964470201857797,0.0520038556192531,0.030803429246380243,0.8965292846466303,0.9264494762811741,0.66,0.24,0.1,1.0
1442,0.9120322997956907,0.9962386089955589,0.0879617702822711,0.03140458142502563,0.9004298730718586,0.9264486440090054,0.42,0.48,0.1,0.5
1443,0.904783048496276,0.9923405262803258,0.08273117875310704,0.024673574431328147,0.8997819167965829,0.9264473938613524,0.24,0.16,0.6,0.75
1444,0.9028473423778378,0.9911409317910761,0.07381634814321866,0.024646692876576358,0.8876638124652739,0.9264466798959375,0.4,0.02,0.58,0.75
1445,0.899876005827908,0.9951178579836945,0.07058166677618309,0.03318018151523607,0.8947811610705034,0.9264460541763195,0.22,0.78,0.0,0.5
1446,0.8757171347105854,0.9958514756482684,0.05490414456182977,0.027186017302664008,0.904212079354906,0.9264454827863985,0.22,0.36,0.42,1.0
1447,0.9066773174278198,0.9924518159150708,0.07561072188671822,0.03126090020567536,0.890953406783907,0.9264451558912569,0.9,0.06,0.04,0.75
1448,0.873851662266054,0.9955778638934161,0.05400295183139545,0.026743738290292234,0.9058833043476002,0.9264439680978063,0.16,0.38,0.46,1.0
1449,0.8786162603990036,0.9966922158654494,0.0513324191147652,0.03176377218272248,0.8967940488254987,0.9264436580880576,0.6,0.36,0.04,1.0
1450,0.876212875794149,0.9960967169945917,0.0560024095278624,0.02778665600452083,0.9058671039265324,0.9264422249747732,0.2,0.42,0.38,1.0
1451,0.8912184166420627,0.9811795105233437,0.05884283126925479,0.020976403179088193,0.8871542353300312,0.9264418540620034,0.12,0.0,0.88,0.75
1452,0.8761873048973657,0.9960141402682774,0.05596415853858174,0.027707476159778234,0.9058149954678091,0.92644122379944,0.24,0.38,0.38,1.0
1453,0.9057771727024508,0.9929325716105074,0.0832171131920912,0.026011030458778197,0.8998683000121505,0.9264396931585132,0.42,0.1,0.48,0.75
1454,0.900811679681549,0.9951558183894728,0.07319608010554705,0.03310564388757254,0.8977330538839072,0.9264357816118003,0.26,0.74,0.0,0.5
1455,0.8789025433106009,0.9964678042214848,0.05171795114906033,0.031044363713751685,0.8961729674428728,0.9264353596705461,0.68,0.24,0.08,1.0
1456,0.9030696040758114,0.9913450103575395,0.07466024872262123,0.025130940920494584,0.8891658131013375,0.9264289224407436,0.44,0.02,0.54,0.75
1457,0.8946762852961948,0.983940270939799,0.06255928544511231,0.020857002764819874,0.8843646604823875,0.9264264305745783,0.08,0.02,0.9,0.25
1458,0.8741621126022657,0.9956969511092578,0.0542840324002347,0.026984672757663662,0.9058833043476002,0.9264256766790208,0.18,0.38,0.44,1.0
1459,0.91403901931092,0.9966435865877312,0.08889053093371153,0.030676697798854496,0.8966703170571082,0.9264250661482205,0.62,0.26,0.12,0.75
1460,0.9028044462531646,0.994398160085961,0.07827164928024635,0.030642293179631352,0.9008995971409695,0.9264231147723003,0.1,0.7,0.2,0.25
1461,0.8758577512189445,0.9885328178725034,0.04780735649491531,0.022377512754665225,0.8910276048074546,0.9264215989900989,0.24,0.0,0.76,1.0
1462,0.9080388668362942,0.9941316323707434,0.08677165267810898,0.027579062694837394,0.9029444524136302,0.9264202536278874,0.48,0.16,0.36,0.75
1463,0.9081884586023711,0.9966175623035292,0.08538036538212693,0.03222662790260518,0.903666340254909,0.9264182314387395,0.28,0.66,0.06,0.5
1464,0.8757116312277693,0.9883975418279718,0.04730204793448832,0.02189564381992222,0.8898107442376344,0.9264171175183916,0.2,0.0,0.8,1.0
1465,0.8759490360418611,0.9959210316699841,0.05592419886018438,0.02746654169240662,0.9058149954678091,0.9264154936724908,0.22,0.38,0.4,1.0
1466,0.905659563231701,0.9926177913674635,0.08185457351184598,0.02536151712910382,0.8967449527872432,0.9264117397109715,0.32,0.14,0.54,0.75
1467,0.8698103399285526,0.9933019777337161,0.04451298355884556,0.021050675717550038,0.8901657395288475,0.9264093922973367,0.06,0.06,0.88,1.0
1468,0.8788780126860565,0.9964051666977847,0.050450127306851895,0.030965183869009066,0.8935606295170819,0.9264084067686826,0.72,0.2,0.08,1.0
1469,0.8730581426519964,0.9954427762238304,0.05110156333728935,0.02666116351240586,0.9016702455751618,0.9264073689612904,0.06,0.46,0.48,1.0
1470,0.8718942969735886,0.9946252746249837,0.05042911660363729,0.02497801717394916,0.9012726895543066,0.9264066129960846,0.06,0.34,0.6,1.0
1471,0.8768146407163341,0.9968117597478269,0.05033939521755006,0.03219926132880652,0.8986815393080482,0.9264036556391784,0.38,0.58,0.04,1.0
1472,0.8787896368489283,0.9967444242671409,0.05266311619349735,0.031562427637722164,0.8984143224004919,0.9264028542132553,0.56,0.38,0.06,1.0
1473,0.8788450587173692,0.9965117869172024,0.051031971008840715,0.03132488810349438,0.8950793924692901,0.9264025026022369,0.68,0.26,0.06,1.0
1474,0.9030159952623186,0.9915223225566805,0.08067447445271948,0.02350138368963401,0.8982986894098999,0.9263999407919035,0.12,0.18,0.7,0.75
1475,0.8787887354284344,0.9963651398759323,0.049483157459263,0.03112693849163799,0.8920586288810183,0.926396977068944,0.78,0.16,0.06,1.0
1476,0.9130390203435093,0.9961096863242049,0.0907278568799033,0.03129277498353017,0.9033637772047738,0.9263956447974695,0.48,0.42,0.1,0.5
1477,0.9039943857008397,0.9952119484150395,0.07983616622084079,0.030922904570327765,0.9008995971409695,0.9263946184115088,0.1,0.72,0.18,0.25
1478,0.8787295808666985,0.9962997680613499,0.04976166866172264,0.03060547963452372,0.8920586288810183,0.9263933553535346,0.76,0.14,0.1,1.0
1479,0.8719239861271498,0.994619560584956,0.05049520399109728,0.02493842725157797,0.9012043806745154,0.9263932654994235,0.08,0.32,0.6,1.0
1480,0.8745104734143028,0.9956900896945593,0.05182091387537789,0.026941687902148775,0.9001682449390983,0.9263911995464414,0.06,0.48,0.46,1.0
1481,0.8766151411599915,0.9961809491370978,0.05654445374570582,0.027790050937664523,0.9056787338483908,0.9263902040065467,0.34,0.3,0.36,1.0
1482,0.8784838211788859,0.9962515155335236,0.04781360688540006,0.03076723425715268,0.889040284770566,0.9263893788397325,0.82,0.1,0.08,1.0
1483,0.8914181614178635,0.9813092323611352,0.0588393279250116,0.021460651223006427,0.8869132061401286,0.9263892426346165,0.16,0.0,0.84,0.75
1484,0.8759784899840932,0.9886970237420704,0.048156351604572455,0.022618447222036698,0.8913888075759339,0.9263877463190769,0.26,0.0,0.74,1.0
1485,0.8755581951302389,0.9967479976827827,0.04515250534127477,0.03243680086303438,0.8914819060488945,0.9263863248183024,0.26,0.7,0.04,1.0
1486,0.9068967330399561,0.9934855662435568,0.08512478614228332,0.02681426126085846,0.9014604404580553,0.9263862473002158,0.44,0.14,0.42,0.75
1487,0.9064602580528176,0.9922806687141615,0.07737798195691403,0.03077665216175721,0.8939040732329667,0.926383892106916,0.86,0.06,0.08,0.75
1488,0.9054435542551785,0.992478399615779,0.07925257404960111,0.025526782414860002,0.892328263063097,0.926381250083604,0.38,0.1,0.52,0.75
1489,0.8687798797405853,0.9931884989537656,0.04351879648631192,0.02084933117254988,0.889927449884475,0.9263746196381502,0.02,0.08,0.9,1.0
1490,0.9035426442261353,0.9959177836292491,0.07556770463510366,0.03152023561128242,0.8935118688819085,0.9263689634765726,0.08,0.78,0.14,0.25
1491,0.9055274790185087,0.9954267015617745,0.08211494027476333,0.027863402012949828,0.897729340265921,0.926365606153658,0.04,0.56,0.4,0.75
1492,0.8770946259884462,0.9968558223601883,0.0498908672325608,0.03236101595143557,0.8971621812098945,0.9263634237933461,0.44,0.54,0.02,1.0
1493,0.871646581832257,0.9945092071166091,0.050271384639885314,0.02465790286183505,0.9008646363639559,0.926363215035678,0.08,0.3,0.62,1.0
1494,0.9036783606274822,0.9943898287758508,0.08187178031578939,0.025657404260566324,0.8990389172754155,0.9263631369537533,0.02,0.42,0.56,0.75
1495,0.8913014839518616,0.9812420852553952,0.0591110458672261,0.021218527201047326,0.88723637755749,0.9263626666204003,0.14,0.0,0.86,0.75
1496,0.8999131136132208,0.9950804969527441,0.07238038856704616,0.03323175752922283,0.8977150652034184,0.9263623513728872,0.22,0.78,0.0,0.25
1497,0.9030225904642031,0.9924433219175072,0.08118705709437976,0.023820366447796355,0.8985113698717183,0.9263602746871993,0.1,0.22,0.68,0.75
1498,0.9098320966321687,0.9943473873296911,0.08766903959941955,0.028063310738755655,0.901107448190431,0.9263592544360015,0.52,0.16,0.32,0.75
1499,0.9060662696350916,0.996006279895532,0.08035178503983545,0.032915037878964416,0.8993652649860917,0.926357980686269,0.24,0.74,0.02,0.25
1500,0.8788661712331332,0.9963629478765611,0.05079171512904159,0.030684659479266276,0.8935606295170819,0.9263560649761505,0.72,0.18,0.1,1.0
1501,0.8707526275349481,0.9943525248282175,0.04961741543164498,0.02449614823920617,0.9012726895543066,0.9263537809330294,0.02,0.34,0.64,1.0
1502,0.8757760721817931,0.9885013992148487,0.04747585877978792,0.02213657828729374,0.8898107442376344,0.9263536903102427,0.22,0.0,0.78,1.0
1503,0.9058931957187594,0.9930234939177611,0.08351659334756165,0.026253154480737263,0.8998683000121505,0.9263533018980736,0.44,0.1,0.46,0.75
1504,0.8786983192462068,0.9967932019614832,0.05385588750122868,0.031159738547721857,0.899966643235858,0.9263520004797796,0.48,0.42,0.1,1.0
1505,0.8703115457790224,0.9932746034290679,0.04554233244695068,0.021492954729921753,0.8913638268492868,0.926349897895129,0.12,0.04,0.84,1.0
1506,0.8762890231723085,0.9961181974467637,0.05567835102497259,0.027588706392664437,0.9041767332123273,0.9263478290903027,0.3,0.32,0.38,1.0
1507,0.9046983710695902,0.9959947262321793,0.07694293036815948,0.03147698647940894,0.893563977340632,0.9263468827461954,0.08,0.78,0.14,0.5
1508,0.9026872790219654,0.9923185549116278,0.08099423788498715,0.023578242425837236,0.8985113698717183,0.9263450268714737,0.08,0.22,0.7,0.75
1509,0.8787315502293279,0.9964906489649322,0.05020365084898745,0.03152623264849464,0.8935953805137152,0.9263414113380254,0.72,0.24,0.04,1.0
1510,0.8725813348312628,0.9949686707348196,0.05087898724572157,0.026100114732920284,0.9014772600535159,0.9263406946040741,0.06,0.42,0.52,1.0
1511,0.9047460407967871,0.9961964929243059,0.07904153663239259,0.03172863048285472,0.8975932447065506,0.9263399802023344,0.12,0.76,0.12,0.25
1512,0.8750205833434417,0.9967629306784994,0.04376987630513475,0.0327569151751485,0.8899978940933198,0.9263395989866274,0.24,0.74,0.02,1.0
1513,0.8785057547009161,0.9967983908349949,0.05367602839185677,0.031199328470093282,0.899966643235858,0.9263389878317747,0.46,0.44,0.1,1.0
1514,0.9030592644111931,0.9913974984674842,0.07560385549811227,0.025373064942453692,0.8906678137374011,0.9263383016857575,0.46,0.02,0.52,0.75
1515,0.9074101535796848,0.9936163954976972,0.08553232404715262,0.027298509304776782,0.9014083319993319,0.9263376413897975,0.48,0.14,0.38,0.75
1516,0.9025582584754573,0.991344399566048,0.07972085167143358,0.02325925966767496,0.8968095642587709,0.9263361447104607,0.1,0.18,0.72,0.75
1517,0.9126955295192761,0.9955323399481405,0.08894177883260322,0.02955448423861177,0.89847775280255,0.9263361032707361,0.62,0.18,0.2,0.75
1518,0.9035021385719212,0.9916150315717551,0.07477242799129215,0.025169370288596123,0.8876638124652739,0.9263338319077588,0.42,0.04,0.54,0.75
1519,0.8772570206729665,0.9967547220975206,0.053066052661207064,0.03143686800432072,0.9015767723622513,0.9263278305672165,0.34,0.56,0.1,1.0
1520,0.8788142911960644,0.9963287492613704,0.050857304665532496,0.030645069556895038,0.8935606295170819,0.9263243640174196,0.74,0.16,0.1,1.0
1521,0.9046800002856739,0.9956640996603474,0.07990227685456562,0.031448019092158414,0.8994335738658832,0.9263241235814412,0.12,0.74,0.14,0.25
1522,0.8750321738060337,0.99580637982787,0.05231080700409781,0.027463146759262938,0.9001682449390983,0.9263195081350604,0.08,0.5,0.42,1.0
1523,0.8730542149227731,0.9950491696283965,0.05129727493588607,0.026341049200291868,0.9014089511737248,0.9263155079248675,0.08,0.42,0.5,1.0
1524,0.9046282011119551,0.9919728412191233,0.07540621862256677,0.03098034681561472,0.8938867157708766,0.9263136889871703,0.9,0.04,0.06,0.75
1525,0.8788931845985394,0.9963730287903363,0.050813427808358305,0.03092559394663781,0.8935606295170819,0.9263112292744095,0.74,0.18,0.08,1.0
1526,0.9013587069529075,0.9890931705451089,0.07838052088524386,0.022813440991858315,0.8981127223888709,0.9263099700709105,0.04,0.2,0.76,0.75
1527,0.9017588705646963,0.9951908504210911,0.07710940469509392,0.03303110625990914,0.9023889851174531,0.9263093440963064,0.3,0.7,0.0,0.5
1528,0.902919681301566,0.9923338760738999,0.08059921213552065,0.023539813057735618,0.8969713378845366,0.9263077071431934,0.1,0.2,0.7,0.75
1529,0.8754352830651554,0.9966726990793808,0.04480182222063502,0.03199452185066277,0.8899978940933198,0.9263051961772194,0.2,0.72,0.08,1.0
1530,0.8714962937500258,0.9942662205613058,0.050724422268774653,0.023978084315235636,0.9009668474380936,0.9263022569700468,0.14,0.2,0.66,1.0
1531,0.8713261553303976,0.9943956569825124,0.04965542461745925,0.024416968394463556,0.8997023800384518,0.9263016315036023,0.06,0.3,0.64,1.0
1532,0.9107889081288542,0.9945140477818873,0.0878556529824484,0.028789682804632965,0.899961764758125,0.9263003247843635,0.58,0.16,0.26,0.75
1533,0.9012040435656203,0.995172994759546,0.07410599636790008,0.03306837507374062,0.8977150652034184,0.9262982763573615,0.28,0.72,0.0,0.5
1534,0.9055026796178195,0.9927312301890922,0.08312920575921616,0.025157822475246294,0.898353293654216,0.926295899386421,0.28,0.16,0.56,0.75
1535,0.8735184180051627,0.9954718145071678,0.05348995396154999,0.026502803822920702,0.90432587031668,0.9262906790970005,0.14,0.38,0.48,1.0
1536,0.906153497972801,0.9932712925966842,0.0764306557420179,0.03189886572199988,0.892574461861051,0.9262899138139205,0.86,0.14,0.0,0.75
1537,0.8787972871305285,0.9963137705990002,0.049847293095132146,0.030846414101895137,0.8917023116772608,0.9262894271502016,0.78,0.14,0.08,1.0
1538,0.9069329937568599,0.9933271086640076,0.08508642621536597,0.027260079936675247,0.9014083319993319,0.9262874452096492,0.5,0.12,0.38,0.75
1539,0.8701956168933862,0.9932309860665788,0.04515983423504148,0.021252020262550273,0.8901469662794668,0.9262846000877603,0.1,0.04,0.86,1.0
1540,0.9067179038541282,0.9934042282252206,0.08465177854352464,0.026572137238899403,0.8999584398219916,0.9262800036941057,0.42,0.14,0.44,0.75
1541,0.8736177738617878,0.9955274079495552,0.053638173051493876,0.026384034055806853,0.9041212998174707,0.9262791262596821,0.2,0.32,0.48,1.0
1542,0.8788202824935193,0.9905014045578471,0.045753734175368134,0.03032835017792469,0.8887900308737879,0.9262723929478249,0.9,0.0,0.1,1.0
1543,0.8716904672668635,0.9944135126440574,0.050956525762620136,0.024219018782607172,0.9009668474380936,0.9262674450321278,0.16,0.2,0.64,1.0
1544,0.9021236599458008,0.9955531125671823,0.07791730785796692,0.03078672621787934,0.8995599567674216,0.9262645304111335,0.02,0.78,0.2,0.25
1545,0.8784682540710279,0.9968759213960898,0.05188826785731668,0.03188254194983625,0.896930310444917,0.9262631132638783,0.54,0.42,0.04,1.0
1546,0.878554657811852,0.990497802600547,0.04251443023157606,0.03129208804741072,0.8843166898996366,0.926263082076838,0.98,0.0,0.02,1.0
1547,0.8744784416996132,0.9965690757341035,0.04404007501974534,0.031832767228033736,0.8900482142926223,0.9262622930020132,0.14,0.76,0.1,1.0
1548,0.8867639409750122,0.983449100393183,0.056714077301271766,0.02064587260757619,0.888040200792621,0.9262591793346314,0.0,0.08,0.92,0.75
1549,0.8746063177277255,0.9957476182613915,0.05147001043173984,0.027222212291891392,0.8987345531828259,0.9262586728156972,0.06,0.5,0.44,1.0
1550,0.8915266976533622,0.993671398127754,0.05978935869912776,0.03194528004022708,0.88925275995539,0.9262560147418022,0.0,0.88,0.12,0.25
1551,0.8786458888846078,0.9968542069023183,0.05228385434626843,0.031641607482464765,0.8969806306442195,0.9262547393240856,0.52,0.42,0.06,1.0
1552,0.8759873465178757,0.9968183985375894,0.04900371916725777,0.03255896556329215,0.897231647130708,0.9262524331674052,0.34,0.64,0.02,1.0
1553,0.9012692058663735,0.9957329250156061,0.0731896226016846,0.03186937531128268,0.8933520317189014,0.9262515690934346,0.02,0.86,0.12,0.5
1554,0.87361505734649,0.9955139762450744,0.05370249741321644,0.026423623978178105,0.9041212998174707,0.9262498184774132,0.18,0.34,0.48,1.0
1555,0.8755194536346171,0.9881746486002383,0.04568577691434756,0.021172840417807724,0.8852262516401929,0.9262492742841905,0.14,0.0,0.86,1.0
1556,0.8728139335898824,0.9949817428144034,0.05145605495553176,0.026060524810548925,0.9014089511737248,0.9262436001514631,0.08,0.4,0.52,1.0
1557,0.9057514394385369,0.9926259485734571,0.0808769043557368,0.025565211782961453,0.893812275018672,0.9262419812464936,0.36,0.12,0.52,0.75
1558,0.9085825544922175,0.9966347386736024,0.08718936019871171,0.032189359088773385,0.9051000320111814,0.9262395786172355,0.3,0.64,0.06,0.5
1559,0.8764447167765048,0.9968392624899383,0.04959280752074502,0.03247978571854947,0.897231647130708,0.9262386348375505,0.38,0.6,0.02,1.0
1560,0.8719194412217876,0.9947827503714811,0.050811901608959105,0.025578655875805895,0.901477260053516,0.926237887061248,0.04,0.4,0.56,1.0
1561,0.8755197916179012,0.9958826203060017,0.05394435614548556,0.027344376992149148,0.9015498282366473,0.9262368783493299,0.14,0.44,0.42,1.0
1562,0.869398715933679,0.9932308547749498,0.04391108432237105,0.02080974125017857,0.8884254492484116,0.9262360514151837,0.04,0.06,0.9,1.0
1563,0.8719216222408543,0.9946389460793956,0.051092222413608064,0.024898837329206648,0.9012043806745154,0.92623111903868,0.1,0.3,0.6,1.0
1564,0.8783764003859627,0.9967343547700293,0.05094026338198833,0.0320442965724653,0.8954283098088534,0.9262302074155738,0.6,0.38,0.02,1.0
1565,0.9064229559933237,0.9923290354086217,0.07695877833902035,0.03101877618371628,0.8924200612773918,0.9262298864916403,0.88,0.06,0.06,0.75
1566,0.8788373676120974,0.996685143242478,0.051652100060621244,0.03152283771535098,0.8952186261140899,0.9262285624222525,0.58,0.36,0.06,1.0
1567,0.9071199456019846,0.9933592066131343,0.08535644823781566,0.027502203958634324,0.9014083319993319,0.9262220087646199,0.52,0.12,0.36,0.75
1568,0.9083614078967622,0.9941803272942761,0.08750415095225098,0.02782118671679652,0.9026094488264946,0.9262142905165827,0.5,0.16,0.34,0.75
1569,0.910602053156519,0.9967656278652257,0.08877954656816531,0.03200301501961421,0.9035446965520504,0.9262101992923717,0.4,0.54,0.06,0.5
1570,0.904828260534552,0.9953431715440669,0.08205155290093032,0.02762127799099086,0.897729340265921,0.9262100256401835,0.02,0.56,0.42,0.75
1571,0.9087186663269996,0.9965980283924655,0.08741672685119983,0.031946045512226594,0.9047437148074239,0.9262045166118438,0.28,0.64,0.08,0.5
1572,0.875822752148184,0.9959683480314122,0.05500556380753533,0.027585311459520655,0.9029835199929197,0.9262012927309142,0.16,0.44,0.4,1.0
1573,0.8748102272361203,0.9959894688586873,0.05558893398029278,0.02726859208055012,0.9056787338483908,0.9262000042844533,0.32,0.28,0.4,1.0
1574,0.873959992248223,0.9954378898918986,0.051208641777243755,0.026700753434777222,0.8987345531828259,0.9261980227401823,0.04,0.48,0.48,1.0
1575,0.878792322533301,0.9965711935251627,0.05171598794690626,0.03140406794823702,0.8951695322791313,0.9261959121718519,0.64,0.3,0.06,1.0
1576,0.8786008568882687,0.9964465007275953,0.04812477546651325,0.03164839734875228,0.8890906049698685,0.9261952684694631,0.8,0.18,0.02,1.0
1577,0.878411341645968,0.9967108535684368,0.051052235884973714,0.03200470665009401,0.8953100368699237,0.9261950332220167,0.62,0.36,0.02,1.0
1578,0.8769383608670672,0.9962328949555312,0.05723174695621564,0.028030985405036027,0.9053224166446333,0.9261950164161088,0.36,0.3,0.34,1.0
1579,0.9041802336950469,0.9958165863249425,0.07860389968082093,0.031233672902862164,0.8966260526345062,0.9261934401190481,0.06,0.78,0.16,0.5
1580,0.8760640402920075,0.9960553430064591,0.05517288423728446,0.027826245926892156,0.9029835199929197,0.9261902630559964,0.18,0.44,0.38,1.0
1581,0.8712884133195057,0.9944745461265511,0.0496825143955843,0.02473708270657761,0.8994309446076835,0.9261895876371906,0.04,0.34,0.62,1.0
1582,0.8770183687210046,0.9959413533308218,0.04687521661447486,0.030688054412409994,0.8890229273084758,0.9261872133196543,0.86,0.06,0.08,1.0
1583,0.8786934095700861,0.996521485372754,0.050687158430670044,0.03156582257086593,0.8935953805137152,0.9261871658188867,0.7,0.26,0.04,1.0
1584,0.8751406573533945,0.9957721869210111,0.053051894608850354,0.027143032447148996,0.900099936059307,0.9261868681112458,0.1,0.46,0.44,1.0
1585,0.8705199708936494,0.993291482965893,0.04617712542256457,0.02193523374229352,0.8916366780673457,0.9261842667046934,0.18,0.02,0.8,1.0
1586,0.9051044030886994,0.9925324118502865,0.0831512604208988,0.024915698453287168,0.898315262303098,0.9261829501483806,0.26,0.16,0.58,0.75
1587,0.8785486795012388,0.9967291944381761,0.0514528919066358,0.03180336210509366,0.8954283098088534,0.9261813906677875,0.58,0.38,0.04,1.0
1588,0.9064500408015642,0.9959381852067305,0.08287269250672223,0.032842821359840346,0.9022326484986365,0.9261800685233933,0.28,0.7,0.02,0.25
1589,0.9096298586562815,0.9938843388791755,0.08788353217353913,0.028267005392613245,0.9014637653941885,0.9261799449508522,0.56,0.14,0.3,0.75
1590,0.8785134075515953,0.9965154859161415,0.04961178498368154,0.031767167115866204,0.8921113685581402,0.9261796817803262,0.74,0.24,0.02,1.0
1591,0.8723305109596599,0.9947592491698887,0.05242139927112016,0.025021002029464213,0.9026380724307878,0.9261789325691256,0.18,0.24,0.58,1.0
1592,0.8760074802960319,0.9959509775780613,0.05601694227976941,0.027426951770035388,0.904212079354906,0.9261782393081903,0.24,0.36,0.4,1.0
1593,0.8751851394448302,0.9967740505086432,0.04454273352614201,0.03271732525277724,0.8899978940933198,0.9261755523200272,0.26,0.72,0.02,1.0
1594,0.8732570049999036,0.9950827917020859,0.05281776642900501,0.026261869355549385,0.9028426429299972,0.9261735568840823,0.12,0.38,0.5,1.0
1595,0.9027596971885632,0.9940733588666248,0.08082720040957124,0.030081070398238628,0.9038173008528166,0.9261734937948721,0.1,0.66,0.24,0.25
1596,0.9063153410536003,0.9931308219703092,0.08415276452258949,0.026979526546614552,0.8999063313632684,0.9261729147960265,0.5,0.1,0.4,0.75
1597,0.8702255140990902,0.9933816517733629,0.04609467799450412,0.021532544652293033,0.8913638268492868,0.9261728544218569,0.1,0.06,0.84,1.0
1598,0.9041563682548122,0.9960257852649372,0.07775237034716216,0.031484127351720445,0.8950138695179721,0.9261714414000933,0.1,0.76,0.14,0.25
1599,0.878573897112274,0.9964801684679383,0.04895436173256835,0.031687987271123576,0.890592605605932,0.9261702448102459,0.78,0.2,0.02,1.0
1600,0.9062384066659839,0.9931705633755767,0.0838066664007241,0.02629158384883884,0.8984184078348101,0.9261700585096333,0.42,0.12,0.46,0.75
1601,0.9004946663023794,0.9889989088638129,0.07825486511927669,0.022571316969899217,0.8984358938062323,0.9261697757306379,0.02,0.2,0.78,0.75
1602,0.8765853182719555,0.9962148994398596,0.05648829567530234,0.027829640860035924,0.9041767332123273,0.9261693353996019,0.32,0.32,0.36,1.0
1603,0.8765781821443656,0.9962208617923162,0.056456577020216864,0.02786923078240704,0.9041767332123273,0.9261693229989983,0.3,0.34,0.36,1.0
1604,0.9139739490516817,0.9957515627185934,0.0882972346388849,0.030038732282530033,0.893989739574848,0.9261684370954691,0.66,0.18,0.16,0.75
1605,0.8739047939638063,0.9956487956230704,0.054218360952089616,0.026624968523178458,0.9041212998174707,0.9261678467064458,0.22,0.32,0.46,1.0
1606,0.8731320156161009,0.9950519096276106,0.05192179647188589,0.026301459277920384,0.9014089511737248,0.9261669782926394,0.1,0.4,0.5,1.0
1607,0.9143432968004125,0.9957695496717675,0.08818088258593385,0.030522980326448207,0.8936334223710903,0.926165214379675,0.7,0.18,0.12,0.75
1608,0.8904407208299954,0.9807317004642906,0.05716591909259896,0.020007907091251737,0.8827728620497738,0.9261617216113074,0.04,0.0,0.96,0.75
1609,0.9084145026839463,0.9966643363734462,0.087135854871963,0.03243267266532007,0.9051000320111814,0.9261603783883336,0.32,0.64,0.04,0.5
1610,0.8722420859580171,0.9947301081365807,0.05152739751987128,0.025179361718949408,0.9012043806745154,0.9261592625909132,0.1,0.32,0.58,1.0
1611,0.9050043774291219,0.9928708074615568,0.07610332044981105,0.03186043635389818,0.8937198628546137,0.9261590499037574,0.88,0.12,0.0,0.75
1612,0.9067868865464138,0.9932967802977068,0.08553995751445063,0.027017955914716167,0.9014083319993319,0.9261566271247467,0.48,0.12,0.4,0.75
1613,0.872570108864534,0.9948654013061073,0.05178456814822972,0.025420296186320905,0.9012043806745154,0.9261555727867838,0.12,0.32,0.56,1.0
1614,0.9063982242693092,0.9922537596385466,0.0782723596517087,0.030534528139798022,0.8939040732329667,0.9261516075619206,0.84,0.06,0.1,0.75
1615,0.8722242307255592,0.99481968613172,0.051439848962296114,0.025539065953434664,0.9014089511737249,0.9261513486224012,0.06,0.38,0.56,1.0
1616,0.9142248280289288,0.9957647375481478,0.08845819101268874,0.030280856304489123,0.893989739574848,0.9261508100162272,0.68,0.18,0.14,0.75
1617,0.8743089123640846,0.9878593374823467,0.04264914068406592,0.019727233613578747,0.8795323885110696,0.9261500451329064,0.02,0.0,0.98,1.0
1618,0.865150904628201,0.9940656668896646,0.03045773070984208,0.03210989668463286,0.8846417029976987,0.9261411541242741,0.0,0.9,0.1,1.0
1619,0.9036100374851892,0.9946870501905978,0.08081511593477364,0.0308867963107657,0.9023332888972418,0.9261403894489867,0.12,0.7,0.18,0.25
1620,0.9048915306047093,0.9962715346527815,0.07689495784762762,0.03172030005595559,0.8917236481812993,0.9261354817241063,0.1,0.78,0.12,0.5
1621,0.8708359023166706,0.9942474116083674,0.04907180966034357,0.024176033927091996,0.8982686882821794,0.9261338476042799,0.04,0.3,0.66,1.0
1622,0.906093756295122,0.9930747490280595,0.08356899074297777,0.026495278502696427,0.8983662993760868,0.9261323147452214,0.46,0.1,0.44,0.75
1623,0.8772607528521258,0.9959804325696126,0.048252861782287354,0.030486709867409943,0.8905069392640508,0.9261311567768038,0.82,0.08,0.1,1.0
1624,0.8717050981347338,0.9946848581912265,0.05107540093059448,0.025298131486063188,0.9014089511737249,0.9261287290211534,0.04,0.38,0.58,1.0
1625,0.8720593776253012,0.9947091128926028,0.050654810562740994,0.025258541563692002,0.8998060350608218,0.9261274883686583,0.06,0.36,0.58,1.0
1626,0.9058571212019367,0.9958792980569546,0.08232703751236879,0.031937025354427113,0.9008672656221554,0.9261271540915272,0.16,0.74,0.1,0.25
1627,0.9053478408903285,0.9924763217830417,0.08064989330807758,0.025730477068717412,0.8937781552404374,0.9261257881821194,0.42,0.08,0.5,0.75
1628,0.8723015865900725,0.9947741364989519,0.052564042866691536,0.02506059195183545,0.9026380724307878,0.9261234121315454,0.16,0.26,0.58,1.0
1629,0.8783178470848063,0.9968977814523197,0.05206566731087392,0.032123476417207794,0.896930310444917,0.9261218966205913,0.56,0.42,0.02,1.0
1630,0.8764217845266972,0.9960196316833689,0.05686856673718273,0.027872625715550943,0.9051657562144216,0.9261210185567283,0.44,0.22,0.34,1.0
1631,0.8767425085197881,0.9963682908750285,0.057126116581817515,0.028549049329006666,0.905562895181498,0.9261195075790476,0.24,0.44,0.32,1.0
1632,0.8753417894242249,0.9967357190613045,0.04504751764549184,0.03247639078540575,0.8899978940933198,0.9261193345810782,0.24,0.72,0.04,1.0
1633,0.8789317928476197,0.9967850561721531,0.054112728128649534,0.031080558702979193,0.8983409003251466,0.9261186866842499,0.52,0.38,0.1,1.0
1634,0.8725125001258001,0.9948414148963208,0.051816737422662434,0.02545988610869217,0.9012043806745154,0.9261174921286829,0.1,0.34,0.56,1.0
1635,0.8907136632531457,0.9808774884016405,0.05813644166049846,0.020250031113210915,0.8839496739614768,0.9261135358920629,0.06,0.0,0.94,0.75
1636,0.8876818257621709,0.9839455083341301,0.06172678563733462,0.021487532777758094,0.8954965694333362,0.9261127673324199,0.0,0.14,0.86,0.75
1637,0.8769310809687635,0.996272219652585,0.05672438906935043,0.02807057532740742,0.9038204160085698,0.9261119056127591,0.34,0.32,0.34,1.0
1638,0.9054726005279546,0.9928905240392347,0.08228202980088767,0.026214725112635742,0.8967959898602319,0.9261102369511756,0.46,0.08,0.46,0.75
1639,0.8756499035999897,0.9883212385581914,0.04594270222260553,0.021654709352550726,0.8850118484407554,0.9261077305270106,0.18,0.0,0.82,1.0
1640,0.902289977401257,0.9942644395618165,0.07740398664534295,0.030397790048497023,0.8979639047486335,0.9261076173215909,0.08,0.7,0.22,0.25
1641,0.9050937372982281,0.9924519529150315,0.08260805350376826,0.0248772690851856,0.8968132616670345,0.9261068037342659,0.28,0.14,0.58,0.75
1642,0.8790063662043437,0.9966022468495889,0.05414290339868238,0.030961788935865438,0.8981885076079823,0.9261058255962438,0.58,0.32,0.1,1.0
1643,0.9076362281696162,0.9936469179472757,0.08642269451930841,0.02754063332673586,0.9014083319993319,0.9261047107168752,0.5,0.14,0.36,0.75
1644,0.873625726484763,0.9955376201549593,0.05428576540792776,0.026344444133435563,0.9041212998174707,0.9261041062056306,0.22,0.3,0.48,1.0
1645,0.870346697482112,0.993422546261633,0.04631626494514705,0.02177347911966457,0.8913638268492868,0.9261032202375661,0.12,0.06,0.82,1.0
1646,0.9066903083638796,0.9958855543884935,0.08313680172454829,0.03214542022599941,0.9008672656221554,0.9261027211528864,0.2,0.72,0.08,0.25
1647,0.9109469001921577,0.9945403917326643,0.08778229201719406,0.029031806826592094,0.89847775280255,0.9261018148983966,0.6,0.16,0.24,0.75
1648,0.8764591013135089,0.9961849792192752,0.0565637679420598,0.02802759047189231,0.9044172117491921,0.9261016874441436,0.22,0.42,0.36,1.0
1649,0.8746750780627978,0.995544179028078,0.05216752585878833,0.026902097979777457,0.8986662443030347,0.9261013011521665,0.08,0.46,0.46,1.0
1650,0.8736516022090715,0.9955672092923055,0.05436608321083423,0.02630485421106419,0.9041212998174707,0.9261010504588096,0.24,0.28,0.48,1.0
1651,0.8764484457769688,0.995862315770159,0.047487659002767184,0.030447119945038424,0.8905069392640508,0.9260984559698706,0.84,0.06,0.1,1.0
1652,0.8742364660871719,0.9957492822400809,0.055475683332878806,0.02690549291292112,0.9056787338483908,0.926097145009984,0.22,0.34,0.44,1.0
1653,0.8710714297067462,0.9944678845034618,0.0497697351262622,0.0247766726289489,0.8994662907502622,0.9260957106636896,0.02,0.36,0.62,1.0
1654,0.8784934190512873,0.9968488753205142,0.05265233903296815,0.031681197404836096,0.8969806306442195,0.9260939584463155,0.5,0.44,0.06,1.0
1655,0.8763355177858622,0.9960445885095439,0.05643353640760112,0.02767128117055074,0.9040200727821156,0.9260928216723828,0.4,0.24,0.36,1.0
1656,0.8788984651037227,0.9967815626731551,0.053847956133305036,0.03132149317035067,0.8979845831213891,0.9260829269111231,0.54,0.38,0.08,1.0
1657,0.9050177325465605,0.992633272363023,0.08285957308978283,0.02690266781041134,0.8997999911323591,0.9260815566888319,0.54,0.06,0.4,0.75
1658,0.8789323421683322,0.9965515911141186,0.052611757842317995,0.03092219901349411,0.8952024950163439,0.9260778313410575,0.6,0.3,0.1,1.0
1659,0.913104482072306,0.9950731674548464,0.08723803568896236,0.030242426936387675,0.893989739574848,0.9260707189957962,0.7,0.16,0.14,0.75
1660,0.9090371373931952,0.9966490209195058,0.08828325480457168,0.03215209027494142,0.9051000320111814,0.9260699183225549,0.32,0.62,0.06,0.5
1661,0.875446525531357,0.9958448425668377,0.05365026463725794,0.027383966914520417,0.900099936059307,0.9260686869235142,0.12,0.46,0.42,1.0
1662,0.8743582574438638,0.9958482732741869,0.055664288231864416,0.02694847776843622,0.9055549915737431,0.9260669528893164,0.34,0.24,0.42,1.0
1663,0.8704279546984782,0.9933378745775863,0.04573416957684093,0.021733889197293257,0.8898618262132233,0.9260654717591696,0.14,0.04,0.82,1.0
1664,0.8720390267101197,0.9946679158627528,0.05260483731395673,0.024819657484463985,0.9026380724307878,0.926065127176251,0.14,0.26,0.6,1.0
1665,0.8700586203101672,0.9932181109244386,0.04515026913147371,0.02101108579517879,0.8886257075416659,0.9260643278297743,0.08,0.04,0.88,1.0
1666,0.8762195486653328,0.9968285137013546,0.049934142428069546,0.032519375640920584,0.897231647130708,0.9260630656658213,0.36,0.62,0.02,1.0
1667,0.8789729582332961,0.9966715859547001,0.05349113044542205,0.03104096878060794,0.8967206267501534,0.9260582478945643,0.54,0.36,0.1,1.0
1668,0.9032413024145439,0.9918421717982704,0.07787596779392719,0.02634156103029016,0.8936530417601475,0.9260581060439224,0.54,0.02,0.44,0.75
1669,0.8730436070045545,0.9950393227562209,0.0531288297206671,0.02594175504343513,0.902706381310579,0.9260568468694512,0.14,0.34,0.52,1.0
1670,0.8788522506761639,0.9963447325901192,0.05070205458729653,0.030886004024266462,0.8917023116772608,0.926056010494908,0.76,0.16,0.08,1.0
1671,0.8759863029951698,0.9959799359447551,0.05569728784147899,0.02734777192529286,0.9026747325762636,0.9260536965996718,0.28,0.32,0.4,1.0
1672,0.8709994952704878,0.994381357611614,0.04940322761630497,0.024456558316834874,0.8982686882821794,0.9260512855046581,0.04,0.32,0.64,1.0
1673,0.9065031550406203,0.9959171728377576,0.08297075460548305,0.03238992335713374,0.9008672656221554,0.9260503283681173,0.22,0.72,0.06,0.25
1674,0.878097574423698,0.9967808833816832,0.05343828920415967,0.0312785083148358,0.8985167510585176,0.9260491848644862,0.42,0.48,0.1,1.0
1675,0.8788995104709089,0.9964856655913615,0.0526357304567801,0.03084301916875145,0.8950793924692901,0.9260485465559072,0.64,0.26,0.1,1.0
1676,0.9014295128284706,0.992624447282221,0.0762049621021302,0.029908783786228296,0.8979639047486335,0.9260472457127489,0.04,0.7,0.26,0.25
1677,0.900918813070771,0.9910628132718164,0.07581269365659361,0.029664280655094008,0.8994659053846972,0.9260471761537292,0.02,0.7,0.28,0.25
1678,0.8738686428544609,0.9955985052208287,0.054544021232316164,0.02670414836792102,0.9041566459600494,0.9260449580714848,0.18,0.36,0.46,1.0
1679,0.87730248855225,0.9968600807756335,0.05046489089041318,0.03232142602906421,0.895660180573831,0.9260434109969615,0.46,0.52,0.02,1.0
1680,0.8789058714396745,0.9966754048286047,0.05312351765086215,0.031281903247979456,0.8963643095463959,0.9260431308446613,0.56,0.36,0.08,1.0
1681,0.8727927087165992,0.9949486116572399,0.052257741923490295,0.025700820576063606,0.9012043806745154,0.9260422003253154,0.12,0.34,0.54,1.0
1682,0.903578486828643,0.9917032595464483,0.07635797947185786,0.025653618332514293,0.8891658131013375,0.9260409276159878,0.46,0.04,0.5,0.75
1683,0.872089907938471,0.994650054492876,0.051985979037983195,0.024780067562092774,0.9011360717947242,0.9260388949814916,0.16,0.24,0.6,1.0
1684,0.9007430814651866,0.9890638982201718,0.0786405720066077,0.022851870359959947,0.8981127223888709,0.9260381708095996,0.02,0.22,0.76,0.75
1685,0.8755976423406434,0.9882333816250584,0.045426617409968506,0.021413774885179218,0.8834190682672565,0.92603705407666,0.16,0.0,0.84,1.0
1686,0.8749945887116726,0.995751534176935,0.05264027251644555,0.027182622369520237,0.8986662443030347,0.9260357468894893,0.08,0.48,0.44,1.0
1687,0.9035270677942754,0.9958522262938865,0.07764384322588451,0.031239624220586005,0.894977892156995,0.9260314357462889,0.08,0.76,0.16,0.25
1688,0.8739223627019659,0.9956340053356462,0.05476550847610608,0.02654578867843571,0.9041212998174707,0.926028861349822,0.26,0.28,0.46,1.0
1689,0.875956464406794,0.9961243567366637,0.05432829418213043,0.02842688462874895,0.9012276308111243,0.9260285284091533,0.16,0.5,0.34,1.0
1690,0.8789004796931379,0.9964979042545178,0.052360872114427595,0.031083953636122912,0.8947230752655325,0.9260283460015033,0.66,0.26,0.08,1.0
1691,0.8730522000137604,0.99502972705064,0.05328118764186425,0.02582298527632128,0.9026380724307878,0.9260275318343597,0.2,0.28,0.52,1.0
1692,0.9128781192347962,0.9962463666183339,0.09016124746022201,0.03157335737390868,0.9003777646131353,0.9260273470621325,0.48,0.44,0.08,0.5
1693,0.876724821080603,0.9961315378179373,0.05678679889641441,0.02795180556029342,0.9037700958092671,0.9260271236250397,0.4,0.26,0.34,1.0
1694,0.8778751947796463,0.9962557682406371,0.05831315966726758,0.02891554342977948,0.905560104769297,0.9260262094453214,0.48,0.26,0.26,1.0
1695,0.8786221628791753,0.9965762739403721,0.05120369399028145,0.03164500241560849,0.8936855203235565,0.9260226544412251,0.66,0.3,0.04,1.0
1696,0.8736164910285815,0.9955024539775461,0.05459838129592676,0.026265264288692924,0.9041212998174707,0.9260216947328488,0.26,0.26,0.48,1.0
1697,0.8753099903025469,0.9959377399568583,0.05239434695466914,0.028265130006120003,0.898718352761758,0.9260205720929091,0.1,0.54,0.36,1.0
1698,0.8719079250631361,0.9948244668595154,0.05061043184455983,0.025898770187920136,0.9000435682972437,0.9260197449469916,0.02,0.44,0.54,1.0
1699,0.8636543942085726,0.9942343766329397,0.023935101265823645,0.03323199424360396,0.8755990983194969,0.9260187302768407,0.0,0.98,0.02,1.0
1700,0.8767468283499132,0.9964872467992414,0.05657858849185888,0.029110098108492317,0.9044513315274267,0.9260176858247353,0.24,0.48,0.28,1.0
1701,0.9083542585328234,0.9967023139042196,0.08585887160286232,0.03267598624186692,0.9020960307390541,0.9260171983524103,0.34,0.64,0.02,0.5
1702,0.9027485043130005,0.9956035742193748,0.07787795488501344,0.030750617958317312,0.8964798927930586,0.926016119892665,0.04,0.76,0.2,0.25
1703,0.8726105671814096,0.9949089558769478,0.05219691942491214,0.02578000042080616,0.9014089511737248,0.9260140087670623,0.08,0.38,0.54,1.0
1704,0.8763007904449204,0.9960867559557822,0.05603491544715406,0.027628296315035647,0.9026747325762636,0.9260105422238275,0.28,0.34,0.38,1.0
1705,0.8766936833092596,0.9962804168169005,0.0568213605574239,0.02826852493926383,0.9040608945454346,0.9260104176907236,0.24,0.42,0.34,1.0
1706,0.8736285227751642,0.9955035728105586,0.05379319157731407,0.02646321390054939,0.902722954203777,0.9260084589601536,0.16,0.36,0.48,1.0
1707,0.9062848189830286,0.9959452007463849,0.0817850828720073,0.0328789296194024,0.8993652649860917,0.9260080429352721,0.26,0.72,0.02,0.25
1708,0.8742429202749589,0.9956644250352541,0.05132794276303583,0.026981277824520002,0.8972505412272509,0.9260037517603065,0.04,0.5,0.46,1.0
1709,0.8715355600030749,0.9946120798162684,0.04988046863322151,0.02501760709632048,0.8983040344247581,0.9260021027709391,0.04,0.36,0.6,1.0
1710,0.8702032420964064,0.9938703363415252,0.04934546035479211,0.023053936368120993,0.8980628037800727,0.9260020661846892,0.04,0.22,0.74,1.0
1711,0.9014829190146735,0.9941261038514959,0.07700608810507306,0.030189395176924726,0.8979639047486335,0.926001237673547,0.04,0.72,0.24,0.25
1712,0.8739226872040269,0.9956268185460408,0.054779187311173476,0.02666455844554968,0.9041212998174707,0.9260001798510733,0.2,0.34,0.46,1.0
1713,0.8781250938989912,0.9878249048255565,0.041527651681156526,0.03153302251478217,0.8845107427138754,0.925998923369622,1.0,0.0,0.0,1.0
1714,0.9030070092929606,0.9917438914514605,0.07299784244540157,0.031184041469472353,0.8908827144987497,0.9259965603282103,0.94,0.02,0.04,0.75
1715,0.8764921518675602,0.9961707825983472,0.05615001116202648,0.02790882070477849,0.9027100787188425,0.9259965420870276,0.28,0.36,0.36,1.0
1716,0.8733516054979266,0.995128475480649,0.053531119960886206,0.026143099588435366,0.9026380724307878,0.925996027658246,0.18,0.32,0.5,1.0
1717,0.876057708392584,0.9887618190151516,0.04868586606929888,0.022859381689408185,0.8898868069398703,0.9259949585652345,0.28,0.0,0.72,1.0
1718,0.876812080377224,0.9962735439855385,0.056980500871949676,0.028110165249778645,0.9038204160085698,0.9259945878552613,0.32,0.34,0.34,1.0
1719,0.8718420360167307,0.9945480694387954,0.0518281109387083,0.02453913309472119,0.9007963274841647,0.9259920119985354,0.14,0.24,0.62,1.0
1720,0.8748248405467721,0.9959987420435275,0.055524362053526836,0.027308182002921517,0.9041767332123273,0.9259911926951963,0.3,0.3,0.4,1.0
1721,0.8764842414558983,0.9960887595802075,0.056246492030733695,0.027710871092921925,0.9026927212567523,0.9259910133197009,0.38,0.26,0.36,1.0
1722,0.9026672064436668,0.9949556785718795,0.07755360061514077,0.030470006567620993,0.896123575589301,0.9259908097416436,0.04,0.74,0.22,0.25
1723,0.8741891315982343,0.9957423608878995,0.05426071169153779,0.02682631306817856,0.902619299181407,0.9259893939417331,0.26,0.3,0.44,1.0
1724,0.874197210666059,0.9957163765620193,0.05500280031624178,0.026945082835292483,0.904212079354906,0.9259889615700484,0.2,0.36,0.44,1.0
1725,0.8727995891043884,0.9949396495764772,0.05246521737873212,0.02562164073132102,0.9011360717947242,0.9259886450044408,0.16,0.3,0.54,1.0
1726,0.9035930772253936,0.9919746108019492,0.07809763807031542,0.025895742354473422,0.8921510411240839,0.9259834074557913,0.48,0.04,0.48,0.75
1727,0.8782824637619814,0.9966488325445598,0.05088302278821744,0.031965116727722606,0.8938260249143488,0.9259812074734859,0.64,0.34,0.02,1.0
1728,0.8727678298833627,0.9949404887012365,0.05329672613294072,0.025542460886578452,0.9026380724307878,0.9259804564599745,0.2,0.26,0.54,1.0
1729,0.8785393374018002,0.9965024195448893,0.04957765228278827,0.03172757719349494,0.8906093679220767,0.9259779672844266,0.76,0.22,0.02,1.0
1730,0.8716385891194056,0.9944336744716077,0.05114367080020344,0.024258608704978445,0.8995331556818212,0.9259779354705782,0.14,0.22,0.64,1.0
1731,0.8713660025477986,0.9942733673925891,0.05095051146173421,0.024017674237606968,0.8995331556818212,0.9259760343346597,0.12,0.22,0.66,1.0
1732,0.8723542302904156,0.9949542686139506,0.05112770617961043,0.026139704655291637,0.9000435682972437,0.9259756660612752,0.04,0.44,0.52,1.0
1733,0.8778791151921,0.9967970265437196,0.05252493156671727,0.03155903270457849,0.8970327391029427,0.9259709012048466,0.42,0.5,0.08,1.0
1734,0.8695998874183869,0.9938123111498354,0.048776023621835383,0.02309352629049221,0.8980628037800727,0.9259687427282028,0.02,0.24,0.74,1.0
1735,0.8725373154380535,0.994851906809978,0.053221674950828225,0.02530152641920691,0.9026380724307878,0.9259678569298166,0.18,0.26,0.56,1.0
1736,0.9031898367880677,0.991831194676419,0.0775267344022611,0.026099437008331054,0.8921510411240839,0.925964911953138,0.52,0.02,0.46,0.75
1737,0.9053996885576084,0.992817080643634,0.08126376779789576,0.025972601090676624,0.8937593819910566,0.9259640887831555,0.44,0.08,0.48,0.75
1738,0.8704714504747961,0.9942052213288024,0.049236977940233365,0.02421562384946339,0.8982686882821794,0.9259626080336467,0.02,0.32,0.66,1.0
1739,0.9046425356271119,0.995370660015349,0.08178286175071409,0.027901831381051546,0.8962794480885807,0.9259623648120201,0.02,0.58,0.4,0.75
1740,0.9061976958719336,0.9931116191424839,0.08412669145578532,0.026737402524655517,0.8983662993760868,0.9259596839205031,0.48,0.1,0.42,0.75
1741,0.9022925813428698,0.995534206572605,0.07754984599903408,0.03050611482718301,0.896123575589301,0.9259590631128084,0.02,0.76,0.22,0.25
1742,0.9058614823769556,0.9929757779731143,0.0835376148163085,0.026941097178513035,0.8982979904962956,0.9259574300231593,0.52,0.08,0.4,0.75
1743,0.8727973541610308,0.9949159714166022,0.05342281556172039,0.02546328104183597,0.9025697635509966,0.9259548440688379,0.24,0.22,0.54,1.0
1744,0.9041053629249138,0.9954494150135927,0.07910932871330295,0.031203515961024036,0.8964798927930585,0.9259541746117197,0.1,0.74,0.16,0.25
1745,0.8738872545601425,0.9956502455393212,0.05419211319708538,0.026585378600807123,0.902619299181407,0.9259529937630449,0.24,0.3,0.46,1.0
1746,0.8747408026747406,0.9959507606614568,0.049989700917408106,0.028865768707976927,0.8955551540542178,0.9259509955463646,0.08,0.6,0.32,1.0
1747,0.8776089585669593,0.9968137062889353,0.050607196062482214,0.03183955709432118,0.8941027465429108,0.9259500939174727,0.42,0.52,0.06,1.0
1748,0.8785882513135402,0.9966041677032046,0.05142854105400379,0.031684592337979794,0.893718483060769,0.925948814313309,0.64,0.32,0.04,1.0
1749,0.9035351009100125,0.9916679991815622,0.07600123819175227,0.02541149431055523,0.8876638124652739,0.9259486812697858,0.44,0.04,0.52,0.75
1750,0.9056396351945165,0.992929894402942,0.08287140589025677,0.0264568491345949,0.8967959898602319,0.9259477701090381,0.48,0.08,0.44,0.75
1751,0.8733721252206588,0.9951398179357289,0.05375460656615385,0.026103509666063868,0.9026380724307878,0.9259473183243769,0.2,0.3,0.5,1.0
1752,0.9031973572955686,0.9917740143178202,0.07774429912618618,0.025857312986371978,0.8921510411240839,0.9259442399463343,0.5,0.02,0.48,0.75
1753,0.9027561865982892,0.9942279404889524,0.07980639744965899,0.030361681788934964,0.9005432799372118,0.9259429439192571,0.1,0.68,0.22,0.25
1754,0.9030461223492325,0.99478025583053,0.07805984952586904,0.030678401439193367,0.89646190411257,0.9259411688476941,0.08,0.72,0.2,0.25
1755,0.8725494896504539,0.9948384351471755,0.05334880246805438,0.025261936496835693,0.9026380724307878,0.925940725180858,0.2,0.24,0.56,1.0
1756,0.878860525539729,0.9966433125878098,0.05192353664610676,0.03148324779297966,0.8937526028390037,0.9259389296523939,0.6,0.34,0.06,1.0
1757,0.8783131091649302,0.9967853758387281,0.054075749842183655,0.031238918392464385,0.8985167510585176,0.9259385048796389,0.44,0.46,0.1,1.0
1758,0.9019442563476868,0.9940736214498829,0.07692996559386009,0.030153286917362656,0.89646190411257,0.9259356523835973,0.06,0.7,0.24,0.25
1759,0.8762576775689426,0.9959690901145326,0.05657552660342855,0.02783303579317967,0.9036817442588466,0.9259340749347641,0.46,0.2,0.34,1.0
1760,0.8744977909189448,0.9958600781041342,0.054702083340633416,0.027067247535550076,0.9026747325762636,0.9259324244982678,0.28,0.3,0.42,1.0
1761,0.9081776748709134,0.9938132929828871,0.08718282628094619,0.028024881370654044,0.901107448190431,0.9259307911379,0.54,0.14,0.32,0.75
1762,0.8788264074751407,0.9965330561611018,0.05188048333417304,0.031364478025865596,0.8936295002919498,0.9259298669003,0.66,0.28,0.06,1.0
1763,0.8778080984026803,0.9968169885796604,0.05165712938360213,0.03179996717195001,0.895530738466879,0.9259294982657386,0.44,0.5,0.06,1.0
1764,0.8782658022114481,0.9968329890334043,0.0521990470098571,0.031720787327207435,0.895530738466879,0.9259286810709852,0.48,0.46,0.06,1.0
1765,0.8746432016138266,0.9957749212118935,0.051700939300837766,0.02750273668163416,0.8972505412272509,0.9259284947659688,0.06,0.52,0.42,1.0
1766,0.8722070111118636,0.9947493794643864,0.051530152867738654,0.02521895164132064,0.899770688918243,0.925927864062982,0.08,0.34,0.58,1.0
1767,0.9126019093988739,0.9949153035417938,0.08729696608524584,0.030000302914428532,0.893989739574848,0.9259276886931056,0.68,0.16,0.16,0.75
1768,0.8768338013657556,0.9963451036316795,0.056510946738457975,0.028228935016892397,0.9025067854506477,0.9259265242455945,0.26,0.4,0.34,1.0
1769,0.8785435853590711,0.9968269267851432,0.05344576652532298,0.031440262937464644,0.8969806306442195,0.9259249681701143,0.48,0.44,0.08,1.0
1770,0.8755217064444618,0.9958900068872164,0.05405567512708995,0.02766449130426321,0.900099936059307,0.925924934226913,0.12,0.48,0.4,1.0
1771,0.8784763913865243,0.9965398719091467,0.05044784451629167,0.031806757038237404,0.8921113685581402,0.9259230810569645,0.72,0.26,0.02,1.0
1772,0.8747904537004626,0.9956030490528588,0.043626982520880826,0.030849809035038946,0.8860189260363488,0.9259223843001472,0.92,0.02,0.06,1.0
1773,0.870442650071705,0.993869588550073,0.04906594090369947,0.023014346445749623,0.8964598876671698,0.9259219092412844,0.06,0.2,0.74,1.0
1774,0.8783235826023494,0.9968813956861864,0.05215501699627697,0.03192213187220758,0.8954966186886446,0.9259205936868864,0.52,0.44,0.04,1.0
1775,0.8774538522074871,0.9968309797006473,0.050397675751174036,0.032080491561692626,0.8941027465429108,0.9259184209107315,0.44,0.52,0.04,1.0
1776,0.8733364370537764,0.9951098035276713,0.05300490641071952,0.026182689510806854,0.9012043806745154,0.925917537719994,0.16,0.34,0.5,1.0
1777,0.8760084416613171,0.995971487613845,0.056166624204524215,0.027387361847664077,0.9026747325762636,0.9259157311167104,0.26,0.34,0.4,1.0
1778,0.8788906290205264,0.9965600223200336,0.0529557082261935,0.03116313348086551,0.8951695322791313,0.925914207670921,0.62,0.3,0.08,1.0
1779,0.8744956888237223,0.9958173626580531,0.05546762800174735,0.027146427380292666,0.9041767332123273,0.9259139611820163,0.24,0.34,0.42,1.0
1780,0.9106011675393929,0.9966992656550939,0.09049009542657856,0.03175970144306758,0.9045996004469212,0.9259133175042078,0.38,0.54,0.08,0.5
1781,0.9082734945489827,0.996579824522687,0.08573150876350827,0.031983314326058374,0.9005109484183978,0.9259121169324374,0.26,0.66,0.08,0.5
1782,0.9094158052872842,0.9966676529141616,0.08848391767559591,0.03211482146110966,0.9035980313751177,0.9259105680915533,0.34,0.6,0.06,0.5
1783,0.8765532361260675,0.9963557097119706,0.056108401795407034,0.028869163641120812,0.9030176397711543,0.925908677927577,0.22,0.48,0.3,1.0
1784,0.9098768904032302,0.9939122868711591,0.08737864307102884,0.028509129414572256,0.8984597641220614,0.9259049018794017,0.58,0.14,0.28,0.75
1785,0.8766107085587455,0.9960802142076586,0.05704556903190316,0.027912215637922247,0.903663755578358,0.9259024929985386,0.42,0.24,0.34,1.0
1786,0.8747387621119054,0.9959632048245541,0.05657067742694142,0.027229002158178906,0.9056787338483908,0.925899271846162,0.34,0.26,0.4,1.0
1787,0.9087724854777705,0.9967243366479027,0.08674074867008523,0.032638717428034814,0.9020960307390541,0.9258989676759021,0.36,0.62,0.02,0.5
1788,0.8753010821802915,0.9958175281996723,0.053301792445981946,0.027423556836891818,0.8986662443030347,0.9258985328356529,0.1,0.48,0.42,1.0
1789,0.8750233683898814,0.9960277603477041,0.05127204900912909,0.029106703175348483,0.8973451630142477,0.9258976222178502,0.1,0.6,0.3,1.0
1790,0.8745396107137889,0.9958433869422552,0.05561939202123351,0.02710683745792133,0.9041767332123273,0.9258951695364813,0.26,0.32,0.42,1.0
1791,0.8753251055031138,0.9959026679669181,0.05299402490876829,0.02798460561637723,0.8986662443030347,0.9258951039816264,0.1,0.52,0.38,1.0
1792,0.8773007585365425,0.996466111701137,0.057775989042154856,0.028351099717150184,0.9038204160085698,0.9258923601992743,0.34,0.34,0.32,1.0
1793,0.8729481685132798,0.9960607602132386,0.044795257597672465,0.031189143670661626,0.8917449067100156,0.9258922926600387,0.04,0.8,0.16,1.0
1794,0.878658416757589,0.9965480291151403,0.05166127395035424,0.0316054124932371,0.8935953805137152,0.9258916612261211,0.68,0.28,0.04,1.0
1795,0.8731055797257772,0.9950489241701336,0.05298547206102357,0.025902165121063945,0.9011360717947242,0.9258906147319292,0.16,0.32,0.52,1.0
1796,0.8757462986954498,0.9960310369300975,0.054120258764855995,0.02818595016137747,0.900099936059307,0.9258905397384332,0.14,0.5,0.36,1.0
1797,0.8727265379182987,0.9949457061164066,0.052766869151965934,0.02558205080894964,0.9011360717947242,0.9258885178106138,0.18,0.28,0.54,1.0
1798,0.869965282203057,0.9937681686208303,0.04863177687240019,0.02277341197837814,0.8961367162498084,0.9258884703311512,0.04,0.2,0.76,1.0
1799,0.8694103251926975,0.9937494338762041,0.0488510690253973,0.02281300190074952,0.8977396323627114,0.9258884181084837,0.02,0.22,0.76,1.0
1800,0.913653309893144,0.9953147725938793,0.0882212682186799,0.030484550958346773,0.8936334223710903,0.9258860347890143,0.72,0.16,0.12,0.75
1801,0.9066645205358811,0.9958555913554212,0.08370006470619316,0.03235381509757171,0.9008492769416667,0.9258835897310711,0.24,0.7,0.06,0.25
1802,0.8715075294326512,0.9942523378986211,0.05141081624925366,0.023938494392864298,0.899426815450912,0.9258824070234821,0.16,0.18,0.66,1.0
1803,0.8765353319320579,0.9962426504943998,0.05706444606357518,0.02830811486163517,0.9040608945454346,0.9258791896938664,0.22,0.44,0.34,1.0
1804,0.8734680522986928,0.9958727049338458,0.047898722064991774,0.029545587254576462,0.8945685590391383,0.9258768380770236,0.02,0.7,0.28,1.0
1805,0.8781664797800318,0.9969039093463954,0.05199326521219608,0.03216306633957909,0.8954966186886446,0.9258753246950978,0.54,0.44,0.02,1.0
1806,0.9032770791046438,0.9943873799015532,0.08142722525290015,0.03060618492006921,0.9023332888972418,0.9258750562540571,0.12,0.68,0.2,0.25
1807,0.906627572437125,0.9957960020808467,0.08578853792083627,0.03256220996914381,0.9052186610902749,0.9258746895682759,0.28,0.68,0.04,0.25
1808,0.875767075032427,0.9957444843872904,0.04642652419237363,0.03064846449003872,0.8886666101047183,0.9258662305419119,0.88,0.04,0.08,1.0
1809,0.8769053470888367,0.9963787770803542,0.056850063761308606,0.028189345094521256,0.9025067854506477,0.9258631084748647,0.28,0.38,0.34,1.0
1810,0.9030946250909877,0.9914249840846004,0.07714020723865676,0.025615188964412984,0.8906678137374011,0.9258613105204425,0.48,0.02,0.5,0.75
1811,0.8787926795671009,0.9966035369325521,0.052115921176291824,0.031443657870608405,0.893718483060769,0.9258598990885274,0.62,0.32,0.06,1.0
1812,0.8753252873140661,0.9958705357678014,0.053299906342280344,0.02770408122663445,0.8986662443030347,0.9258581848475474,0.1,0.5,0.4,1.0
1813,0.8787337134739996,0.9968372074905276,0.053915361906389146,0.031400673015093285,0.8969806306442195,0.9258559701093771,0.5,0.42,0.08,1.0
1814,0.9033643951440572,0.9905965966972096,0.08486412858128863,0.027238848231712694,0.9079329747972017,0.9258543731303186,0.12,0.44,0.44,0.25
1815,0.8725390886334708,0.9948485160609506,0.05203656428026657,0.02538070626394954,0.8997023800384518,0.9258536411057536,0.14,0.3,0.56,1.0
1816,0.9021532251668609,0.9952050013753654,0.07910808825993336,0.032993837446077125,0.9023206762376619,0.9258502823774344,0.32,0.68,0.0,0.5
1817,0.872946655399857,0.9949847511052072,0.05298677340559598,0.026020934888177784,0.9014089511737248,0.9258501139391693,0.1,0.38,0.52,1.0
1818,0.9076241181124998,0.9934345394665263,0.08593660452378546,0.027986452002552568,0.8996054475543674,0.9258498804509132,0.56,0.12,0.32,0.75
1819,0.9131490597287203,0.9962442545356063,0.09109203104183217,0.031536088560076815,0.9003777646131353,0.925847198789201,0.5,0.42,0.08,0.5
1820,0.9067108508797389,0.9931695530008665,0.08459710087582491,0.027463774590532865,0.8984043307272047,0.9258470193235986,0.54,0.1,0.36,0.75
1821,0.8763199021865592,0.9961450266057349,0.05650933008360631,0.028067180394263615,0.9029835199929197,0.925846670511798,0.2,0.44,0.36,1.0
1822,0.8755612044642164,0.9959491337869235,0.05420518859353116,0.02794501569400606,0.900099936059307,0.9258464073225307,0.12,0.5,0.38,1.0
1823,0.9030594170128492,0.9956808136555533,0.07769475393750055,0.03099512108945167,0.8946215749532375,0.925846191935539,0.06,0.76,0.18,0.25
1824,0.8769322544088528,0.9964147452783706,0.05690382599798948,0.028149755172149946,0.9023537615150848,0.9258460277922624,0.3,0.36,0.34,1.0
1825,0.9114055753953068,0.9948061773647615,0.08815041686230085,0.02927393084855116,0.896619434962729,0.9258458944460981,0.62,0.16,0.22,0.75
1826,0.9023381664602392,0.9906604586580584,0.08326203676347343,0.02706656161970246,0.9065513914996528,0.9258455696311925,0.06,0.48,0.46,0.25
1827,0.8745149724318589,0.9958488383990248,0.055022072550894224,0.02702765761317866,0.902619299181407,0.9258431666022651,0.3,0.28,0.42,1.0
1828,0.8721391279030402,0.9946384380378747,0.0527395352855971,0.024740477639721557,0.9011360717947242,0.9258424061147937,0.18,0.22,0.6,1.0
1829,0.8705826816768178,0.993429419092995,0.04811807242647992,0.02217616820966497,0.8931386787034092,0.9258408446372093,0.2,0.02,0.78,1.0
1830,0.8730061925465357,0.9950232252608382,0.05305484349174389,0.02598134496580655,0.9012397268170942,0.9258366396623534,0.12,0.36,0.52,1.0
1831,0.9019864667426766,0.9942521038570216,0.07704903022681635,0.030433898308059027,0.8961055869088125,0.9258311632133599,0.06,0.72,0.22,0.25
1832,0.8769388207031054,0.9964108008211686,0.057599036208482134,0.028509459406635303,0.9040608945454345,0.9258309398550029,0.26,0.42,0.32,1.0
1833,0.8704548354174426,0.9932529574352768,0.04570376026518088,0.021694299274922016,0.8882154539951326,0.9258305348278989,0.16,0.02,0.82,1.0
1834,0.8783596612792942,0.9965924684773936,0.05066803384761845,0.03188593688298,0.8922015083679815,0.9258301033012878,0.68,0.3,0.02,1.0
1835,0.8706305092648583,0.9934805657449911,0.04745769351884519,0.022215758132036245,0.8916869982666483,0.925827739936463,0.18,0.04,0.78,1.0
1836,0.9034317112459815,0.9922234027305873,0.0753067270447008,0.03182200698579691,0.8937198628546137,0.9258276734838216,0.9,0.1,0.0,0.75
1837,0.8717918119290392,0.9945423896487579,0.051570726113620756,0.024578723017092487,0.8993626357278923,0.925827386617958,0.12,0.26,0.62,1.0
1838,0.9023293419870294,0.9940845129467589,0.07852018533064849,0.030117178657800593,0.8979639047486335,0.9258264931216158,0.08,0.68,0.24,0.25
1839,0.9088222859929672,0.9966783046611063,0.08796934213459486,0.03239540385148806,0.9035980313751177,0.9258264687034572,0.34,0.62,0.04,0.5
1840,0.8731168000186572,0.9950723568717457,0.05326567481319674,0.02586257519869252,0.9011360717947242,0.9258245642853086,0.18,0.3,0.52,1.0
1841,0.8707276700313733,0.9940618223282673,0.04950325697854784,0.023575395225235246,0.8966162365388658,0.9258213101242744,0.06,0.24,0.7,1.0
1842,0.8771482618367946,0.996450450893129,0.05712246903541573,0.028430279561892743,0.9025067854506477,0.9258199475300808,0.3,0.38,0.32,1.0
1843,0.878920952505313,0.9965204635813804,0.05270258574152184,0.03088260909112266,0.8936295002919498,0.9258155066961051,0.62,0.28,0.1,1.0
1844,0.8730854081089973,0.9961661303080149,0.045065859946052764,0.03143007813803321,0.8916945865107129,0.9258154557963885,0.06,0.8,0.14,1.0
1845,0.9016640042705698,0.9903857252160279,0.08269529582051796,0.026822058488568064,0.9065513914996528,0.9258145384537879,0.04,0.48,0.48,0.25
1846,0.8741945136070263,0.9957389444513794,0.05490670049842658,0.0267867231458072,0.902619299181407,0.9258120210937333,0.28,0.28,0.44,1.0
1847,0.8725924053665146,0.9960282227225714,0.04466194452593451,0.03122873359303308,0.8917449067100156,0.9258112311294311,0.02,0.82,0.16,1.0
1848,0.8718683453633288,0.9945289179859553,0.05166754378824681,0.024499543172349928,0.8991934113712616,0.9258108425384679,0.16,0.22,0.62,1.0
1849,0.8707364311006147,0.9939690790632025,0.049694886757953326,0.02325528091312113,0.8965608031440092,0.9258104421419945,0.08,0.2,0.72,1.0
1850,0.869753910857048,0.9952500857791003,0.039952017989672184,0.03311661940963349,0.8916382426677112,0.925808382996768,0.2,0.8,0.0,1.0
1851,0.872706972205823,0.9949195105822537,0.0521751093063644,0.025740410498435007,0.8997377261810305,0.9258080407857262,0.1,0.36,0.54,1.0
1852,0.8780360669327909,0.9968203279537026,0.05234474429304523,0.031760377249578774,0.895530738466879,0.9258079039913732,0.46,0.48,0.06,1.0
1853,0.8712683939941093,0.9941826848352666,0.05080940599613096,0.02373714984786413,0.8980499282951382,0.9258074845859942,0.12,0.2,0.68,1.0
1854,0.8766982670914463,0.996518836706847,0.05708304864840421,0.029390622498234938,0.9044513315274267,0.9258061946221526,0.24,0.5,0.26,1.0
1855,0.8714522843456,0.9946350073305253,0.05039383048619533,0.025337721408434436,0.8985415676611802,0.9258040414039823,0.02,0.4,0.58,1.0
1856,0.8770333148328947,0.9964408780208748,0.0570262868587498,0.028469869484263936,0.9025067854506477,0.9258038618234581,0.28,0.4,0.32,1.0
1857,0.8721905722584272,0.9947589865866306,0.051984691130550646,0.02513977179657804,0.8997023800384518,0.925798811092737,0.12,0.3,0.58,1.0
1858,0.9065052117308139,0.9931533070888597,0.08471040541668334,0.027221650568573726,0.8984043307272047,0.9257986227166706,0.52,0.1,0.38,0.75
1859,0.9115941466978768,0.9948310086076391,0.08854099634613277,0.029516054870510282,0.8969757521664865,0.9257985158825932,0.64,0.16,0.2,0.75
1860,0.8761495283028242,0.9962118768782267,0.055206162921502315,0.02866781909612048,0.9012276308111243,0.9257980893303538,0.18,0.5,0.32,1.0
1861,0.8721087466822403,0.9949076258356626,0.050687609628943836,0.026179294577662982,0.8985936761199034,0.9257966077732358,0.02,0.46,0.52,1.0
1862,0.8728457767268712,0.9949579847378847,0.05241578914166091,0.025661230653692312,0.8997023800384518,0.9257965417919822,0.14,0.32,0.54,1.0
1863,0.8781059721969977,0.9968032257919414,0.05340018159489151,0.031519442782207245,0.8970327391029427,0.9257952624029865,0.44,0.48,0.08,1.0
1864,0.873938365874135,0.9956260992962472,0.0548398807801555,0.026506198756064508,0.902619299181407,0.9257936349737812,0.28,0.26,0.46,1.0
1865,0.8724132295674445,0.9948309800659806,0.051299405946673406,0.025499476031063492,0.8983040344247581,0.9257924461256684,0.08,0.36,0.56,1.0
1866,0.9100189785527943,0.9967744986126813,0.08865049335446956,0.03228359740999264,0.9020426959159868,0.9257924278361694,0.4,0.56,0.04,0.5
1867,0.870544928348459,0.9933816175233727,0.04682863667807069,0.02197482366466482,0.8901849976305847,0.9257916176632897,0.16,0.04,0.8,1.0
1868,0.8765643159840459,0.9961351083794131,0.05702991460782769,0.027750461015293236,0.9026927212567523,0.9257880220401732,0.36,0.28,0.36,1.0
1869,0.8737340120928795,0.9949213029984063,0.04290167798543154,0.0316913822042673,0.8876418386962355,0.9257875908261272,0.92,0.08,0.0,1.0
1870,0.9080005750542733,0.9937717477448037,0.08684321613574426,0.027782757348694946,0.8995500141595109,0.9257842298814127,0.52,0.14,0.34,0.75
1871,0.9032502929528116,0.9942452081923328,0.08166724585906664,0.0303255735293729,0.9019769716934843,0.9257791140420543,0.12,0.66,0.22,0.25
1872,0.8757381555081546,0.9959919862329653,0.05467469119702943,0.027905425771634792,0.900099936059307,0.9257783686715424,0.14,0.48,0.38,1.0
1873,0.874220801414391,0.9957434283459267,0.055001124679835985,0.026865902990549875,0.902619299181407,0.9257774989915244,0.24,0.32,0.44,1.0
1874,0.8727684005628943,0.9949029792536621,0.05323136910705643,0.025423691119464558,0.901029731563815,0.9257763621215008,0.26,0.2,0.54,1.0
1875,0.9078432932488114,0.9965580472372668,0.08494699553833401,0.03202058313989024,0.8990089477823342,0.9257733987592913,0.24,0.68,0.08,0.5
1876,0.8764262070285169,0.9893586422189627,0.049989666759902324,0.024064054026265675,0.8911791881568248,0.9257717569936295,0.38,0.0,0.62,1.0
1877,0.877169061653532,0.9961414417734298,0.057968196479450985,0.028394084572665304,0.9040200727821156,0.9257700428468222,0.46,0.24,0.3,1.0
1878,0.8763859714954724,0.9962568528236594,0.055576090464420365,0.028628229173749326,0.9011773106118219,0.925769400108211,0.2,0.48,0.32,1.0
1879,0.8713057903219071,0.9942773575164446,0.050841317076227265,0.02405726415997825,0.8980994639255487,0.9257671042772483,0.1,0.24,0.66,1.0
1880,0.9024380716285896,0.9907396246561844,0.08272213778335018,0.02734717301039867,0.9050847370061678,0.9257670775454954,0.06,0.5,0.44,0.25
1881,0.8750522171182278,0.9958408981096357,0.05251742176119963,0.02774367114900562,0.8971822323474598,0.9257670756872002,0.08,0.52,0.4,1.0
1882,0.878893415508915,0.9965244023302506,0.05249866224346333,0.03112354355849417,0.8932731830881921,0.9257650418193523,0.64,0.28,0.08,1.0
1883,0.8733100777781518,0.9950953500318171,0.053504923797934784,0.026222279433177953,0.9012397268170942,0.9257605713288621,0.14,0.36,0.5,1.0
1884,0.8727442461282726,0.9949238203726842,0.053272745624865746,0.02550287096420717,0.9011360717947242,0.925760418285245,0.22,0.24,0.54,1.0
1885,0.9103901247084196,0.9941707315886952,0.08744788736673219,0.02899337745849048,0.8969757521664865,0.9257582077960649,0.62,0.14,0.24,0.75
1886,0.8713065937677003,0.994161609674645,0.05098493900307354,0.023697559925492793,0.897943588064229,0.9257571020740906,0.14,0.18,0.68,1.0
1887,0.8784196790566042,0.9965669864847027,0.05096014700810816,0.03184634696060877,0.8921113685581402,0.925754397306972,0.7,0.28,0.02,1.0
1888,0.9073754062458942,0.9934066371411963,0.08536044186677019,0.027744327980593446,0.8980480135234472,0.9257521366434901,0.54,0.12,0.34,0.75
1889,0.8777902682799322,0.9968860879348405,0.05121749730304062,0.03224224618432174,0.8940467265113042,0.925750307540869,0.5,0.48,0.02,1.0
1890,0.9049389722927494,0.9926658498120121,0.08205691266033777,0.02617629574453412,0.8951930737473289,0.9257486508796736,0.48,0.06,0.46,0.75
1891,0.9049855857879395,0.9926675908531793,0.08278247113640459,0.02641841976649326,0.8967959898602319,0.9257455567738899,0.5,0.06,0.44,0.75
1892,0.8786093630801457,0.9966519550019975,0.05140431201548645,0.03172418226035108,0.8922685908834287,0.9257439051497771,0.62,0.34,0.04,1.0
1893,0.8763342914596414,0.9963114758496583,0.05562357337374086,0.028908753563492016,0.9015156391350907,0.9257430332803425,0.2,0.5,0.3,1.0
1894,0.9077754638027572,0.9965271708711232,0.08610259231440884,0.03177726956334352,0.9008672656221554,0.9257423941142139,0.22,0.68,0.1,0.5
1895,0.8783268519258345,0.9968123962268111,0.05366048507801151,0.03147985285983591,0.8966764218991851,0.925742264581934,0.46,0.46,0.08,1.0
1896,0.8776688077816173,0.9968358260742572,0.051236614086147596,0.032040901639321405,0.8940467265113042,0.9257410830836499,0.46,0.5,0.04,1.0
1897,0.8765873672991175,0.9962951300418469,0.05667975636879813,0.028588639251377952,0.9026110023680943,0.9257400815145389,0.22,0.46,0.32,1.0
1898,0.8722592366187755,0.9947637987102504,0.052292422584777225,0.0251001818742067,0.8997023800384518,0.925739257675271,0.14,0.28,0.58,1.0
1899,0.9101287863110348,0.9940212475065722,0.08733879286868737,0.02875125343653138,0.8969757521664865,0.9257372864871862,0.6,0.14,0.26,0.75
1900,0.8730286344097553,0.9950160013670769,0.054311559722793556,0.025704215509207474,0.9025697635509966,0.9257346083837925,0.26,0.22,0.52,1.0
1901,0.871743850031576,0.9943939815871596,0.052082023359739625,0.02417942886023578,0.899426815450912,0.9257326934290245,0.18,0.18,0.64,1.0
1902,0.8789011100754593,0.9965900709780813,0.05360491952403257,0.031202723403236862,0.8952024950163439,0.9257315629282394,0.6,0.32,0.08,1.0
1903,0.8700554160154298,0.9934257286565535,0.048259901003154464,0.02157213457466438,0.8929179359440735,0.9257288836095815,0.08,0.08,0.84,1.0
1904,0.9031558799777163,0.9951464510171596,0.07830547930784655,0.030714509698755377,0.894977892156995,0.9257283281953143,0.06,0.74,0.2,0.25
1905,0.8761229252957002,0.9961231522786759,0.05592288313089664,0.02810677031663487,0.9015336278155794,0.9257281073064898,0.18,0.46,0.36,1.0
1906,0.876524294571156,0.9964121251541221,0.05654053648109071,0.029149688030863433,0.9030176397711543,0.9257276651858714,0.22,0.5,0.28,1.0
1907,0.8698459133476104,0.9931994503881243,0.04448707044131287,0.020770151327807268,0.8852216429994008,0.9257266525649784,0.06,0.04,0.9,1.0
1908,0.8762635354847661,0.9960628894209612,0.05618456577138654,0.027667886237407034,0.9012080780827788,0.9257246896409336,0.26,0.36,0.38,1.0
1909,0.8729754160318274,0.9950223747194156,0.053494734086899684,0.025783395353949946,0.9011360717947242,0.9257243951997105,0.22,0.26,0.52,1.0
1910,0.8706013519639625,0.9939650661060202,0.04982398988640097,0.02329487083549251,0.8965608031440092,0.9257241471843122,0.06,0.22,0.72,1.0
1911,0.8724798980781788,0.9948436525623456,0.05320742390886879,0.02534111634157814,0.9011360717947242,0.9257202874863381,0.16,0.28,0.56,1.0
1912,0.9050014502198731,0.9926068998705876,0.08313454495654435,0.027144791832370528,0.8982979904962956,0.9257196511074469,0.56,0.06,0.38,0.75
1913,0.8742125548308495,0.9957359903897267,0.05528071423582135,0.026747133223435964,0.902619299181407,0.9257169907832739,0.3,0.26,0.44,1.0
1914,0.8723453574522033,0.9947453322572138,0.053279816956835334,0.024981412107092996,0.9011360717947242,0.9257162298814136,0.2,0.22,0.58,1.0
1915,0.8776723626106622,0.9962416857863431,0.05855685177259798,0.028674608962407973,0.9040581041332335,0.9257158195461741,0.46,0.26,0.28,1.0
1916,0.9064755961313921,0.9959201754202297,0.08316407347846672,0.032634426488268066,0.8993652649860917,0.9257125303252103,0.24,0.72,0.04,0.25
1917,0.872563163272337,0.9948164552159801,0.053391315778957234,0.02522234657446448,0.9011360717947242,0.9257118814182461,0.22,0.22,0.56,1.0
1918,0.8745072096031692,0.9958593816876673,0.05550400429518934,0.02698806769080746,0.902619299181407,0.9257112811239205,0.32,0.26,0.42,1.0
1919,0.8736492945596452,0.9948868417999576,0.04294847699132103,0.031612202359524645,0.8873193588319692,0.9257109670369551,0.96,0.04,0.0,1.0
1920,0.9049051125590666,0.992637422320166,0.08072812387905634,0.02593417172257501,0.8921510411240838,0.9257097561437255,0.46,0.06,0.48,0.75
1921,0.872547913343688,0.99500572922419,0.051389426374243,0.02642022904503443,0.8987012179734832,0.9257085161569008,0.04,0.46,0.5,1.0
1922,0.8733573225983621,0.9951478324334301,0.05382390832475446,0.026063919743692755,0.9011360717947242,0.9257067013407162,0.22,0.28,0.5,1.0
1923,0.9057625096393493,0.9929615927688498,0.08368387128084132,0.02669897315655397,0.8967959898602319,0.9257065344350042,0.5,0.08,0.42,0.75
1924,0.8873942760803576,0.9837925193363457,0.0614246180970058,0.02120697938769747,0.8925466875531683,0.9257043695965851,0.0,0.12,0.88,0.75
1925,0.8725663269143624,0.9947930710351874,0.05338096985392122,0.02518275665209312,0.901029731563815,0.9257042750365213,0.24,0.2,0.56,1.0
1926,0.8737830275186156,0.9955756604773814,0.054992576763353646,0.026466608833693218,0.902619299181407,0.9257033268812251,0.3,0.24,0.46,1.0
1927,0.8763589344294929,0.9892693753279008,0.04966122198135681,0.023823119558894195,0.8899789004802027,0.9257010980528867,0.36,0.0,0.64,1.0
1928,0.9119370515279528,0.9948798947602835,0.08813996079999463,0.02975817889246938,0.895135423007154,0.9256999604749476,0.66,0.16,0.18,0.75
1929,0.8716192422274135,0.9944366998874066,0.05131757086314156,0.024298198627349752,0.8980994639255487,0.9256994365157529,0.12,0.24,0.64,1.0
1930,0.8766005256138799,0.9962694910700343,0.05661565792911024,0.027948410627149693,0.9013611020183417,0.9256992387357917,0.26,0.38,0.36,1.0
1931,0.8703176813477771,0.9939495908187924,0.04959071193456571,0.023334460757863707,0.8965608031440092,0.9256961165107505,0.04,0.24,0.72,1.0
1932,0.8767725151956024,0.9964212556306699,0.057117721872310165,0.028829573718749425,0.9029673195718517,0.9256934352768977,0.24,0.46,0.3,1.0
1933,0.8705104113199841,0.9940494409568187,0.04969017131281917,0.023614985147606373,0.8966162365388658,0.9256924252440413,0.04,0.26,0.7,1.0
1934,0.9059819824233808,0.9929755953065,0.08441989808428929,0.027183221200472195,0.8982979904962956,0.925690554693628,0.54,0.08,0.38,0.75
1935,0.90866032625267,0.996565742068393,0.08873603589634015,0.03170273193568,0.903666340254909,0.9256885560500012,0.26,0.64,0.1,0.5
1936,0.9092182313814382,0.9967014291128068,0.08890842230757309,0.03235813503765635,0.9035980313751177,0.9256852134888094,0.36,0.6,0.04,0.5
1937,0.8769691472677934,0.9964643506808087,0.057376973945052694,0.028789983796378205,0.9029152111131284,0.9256841865358044,0.26,0.44,0.3,1.0
1938,0.8769955630135793,0.9961541028531316,0.057326871837276756,0.02819274002766497,0.9022680951732035,0.9256824118606279,0.42,0.26,0.32,1.0
1939,0.8735426663501757,0.9954682410915262,0.054930502574833666,0.026225674366321724,0.902619299181407,0.9256812033410782,0.28,0.24,0.48,1.0
1940,0.8766890198347354,0.9960565874227688,0.05697461235045347,0.028113560182922513,0.902179743622783,0.9256800454317547,0.46,0.22,0.32,1.0
1941,0.8757189241592899,0.9960693170024509,0.05446694347777087,0.028466474551120214,0.8997436188555495,0.925678484866711,0.14,0.52,0.34,1.0
1942,0.9068612642512414,0.993193390994029,0.08496495069428638,0.027705898612491973,0.8979797046436561,0.9256774612953222,0.56,0.1,0.34,0.75
1943,0.8727178992341,0.9960002233556026,0.045255316740113884,0.030948209203290146,0.891388589506258,0.9256761256518868,0.02,0.8,0.18,1.0
1944,0.8746224094083012,0.9959851362349301,0.050838098778887494,0.029146293097719676,0.8959114712579753,0.9256731807275773,0.08,0.62,0.3,1.0
1945,0.8736880274833797,0.9949013980457824,0.04310697785117359,0.0316517922818961,0.8873193588319692,0.9256711186855777,0.94,0.06,0.0,1.0
1946,0.8780039473783104,0.9969015460970732,0.051749888591608346,0.03220265626195044,0.8940467265113042,0.9256710323248256,0.52,0.46,0.02,1.0
1947,0.9102991257130348,0.9935145189019188,0.08615158724344783,0.03036926285404213,0.8965691147634264,0.9256703366567368,0.78,0.1,0.12,0.75
1948,0.9091059583638661,0.9965858639376214,0.09004516158263419,0.031665463121847995,0.9051000320111814,0.9256700376628483,0.28,0.62,0.1,0.5
1949,0.8781281418445083,0.9968664626904696,0.052040384306162556,0.03196172179457881,0.8940467265113042,0.9256673957018114,0.5,0.46,0.04,1.0
1950,0.9114216472219685,0.9939427408207572,0.08674439788991893,0.03040769222214369,0.8950671141273628,0.9256672914322428,0.76,0.12,0.12,0.75
1951,0.8695332685093873,0.9931741510620476,0.0431391151491905,0.02052921686043575,0.8825617867501984,0.925667210353751,0.04,0.04,0.92,1.0
1952,0.8762916397259091,0.989171374689344,0.04901702460569812,0.0235821850915227,0.8884214664492825,0.9256666574067075,0.34,0.0,0.66,1.0
1953,0.8775215527816309,0.9968672504402437,0.051191672781728655,0.032281836106693,0.8940467265113042,0.9256664006644807,0.48,0.5,0.02,1.0
1954,0.8743163024742884,0.995693326318631,0.05161538909070999,0.027261802214262637,0.8957485405911875,0.9256657571609624,0.04,0.52,0.44,1.0
1955,0.8770443957566963,0.9965923942690815,0.05748112863641241,0.029872491432977984,0.9041504477185258,0.9256646988928637,0.28,0.5,0.22,1.0
1956,0.8788180282739011,0.99648145284257,0.05939506883403983,0.0296779367542651,0.9041264130130247,0.9256632067576309,0.52,0.28,0.2,1.0
1957,0.8728017955112564,0.9960845753730743,0.04448681475480223,0.0314696680604046,0.8902608947544406,0.9256622441540834,0.04,0.82,0.14,1.0
1958,0.8742254785496938,0.9957944237271328,0.055969816881078396,0.02711023239106504,0.9039646393872589,0.9256599811030948,0.4,0.2,0.4,1.0
1959,0.8775015338606568,0.9961863834688723,0.05779711935726824,0.028635019040036732,0.9025360608265406,0.925655099499622,0.48,0.24,0.28,1.0
1960,0.9049876588881918,0.9926405561942672,0.08292111611110604,0.026660543788452316,0.8967959898602319,0.9256536942172476,0.52,0.06,0.42,0.75
1961,0.8736595502253117,0.9956505766225596,0.055695402564704066,0.026588773533950755,0.9039646393872589,0.9256520965461935,0.38,0.18,0.44,1.0
1962,0.8756942425933854,0.9959282298762527,0.05523323424958377,0.027624901381891793,0.900099936059307,0.9256505747631447,0.14,0.46,0.4,1.0
1963,0.9062475200815628,0.995819543240761,0.08436981552287211,0.031900917094865124,0.9008492769416667,0.9256504127417471,0.18,0.72,0.1,0.25
1964,0.875544570456543,0.9959824818606915,0.05394738354551404,0.028225540083748665,0.8986662443030347,0.9256496475027625,0.12,0.52,0.36,1.0
1965,0.87332846293762,0.996328492386444,0.04563035394204103,0.03167101260540466,0.8913382693069554,0.9256482135449768,0.08,0.8,0.12,1.0
1966,0.8779018380993027,0.9968464464253776,0.05183766327298586,0.032001311716950205,0.8940467265113042,0.9256470770798614,0.48,0.48,0.04,1.0
1967,0.9008507338316598,0.9912483568852629,0.07624973785692946,0.0299448920457904,0.8979639047486335,0.9256470572503692,0.02,0.72,0.26,0.25
1968,0.8702295531957652,0.9940972881930945,0.04861688785529722,0.023935099459720506,0.8951825447825934,0.9256459524106802,0.02,0.3,0.68,1.0
1969,0.8770442441884787,0.9960981469316815,0.05750655696691851,0.028354494650294035,0.9025360608265406,0.9256446205792637,0.48,0.22,0.3,1.0
1970,0.8740790208549539,0.9956755134695735,0.055399858302913975,0.02670754330106476,0.902619299181407,0.9256413993260073,0.32,0.24,0.44,1.0
1971,0.8729065783136889,0.9962140431901053,0.04513386769571845,0.03171060252777599,0.8913382693069554,0.9256398184429603,0.06,0.82,0.12,1.0
1972,0.8772802045437358,0.9964913596522283,0.057117688881858725,0.028710803951635444,0.9013611020183416,0.9256390885239999,0.3,0.4,0.3,1.0
1973,0.9104337092195893,0.9968987547228738,0.08876636130078835,0.03248964217270779,0.9005586839604119,0.925638242284547,0.44,0.54,0.02,0.5
1974,0.9019921137559822,0.9904859692289412,0.08507215764084944,0.02695823684101624,0.9093666665534741,0.9256372461367183,0.12,0.42,0.46,0.25
1975,0.8780652440187553,0.9962480220345257,0.058148684394849534,0.02911688797477966,0.9025360608265406,0.9256356443176973,0.52,0.24,0.24,1.0
1976,0.9009511274718143,0.9903903832146917,0.0826087822864221,0.026785950229005963,0.9065513914996528,0.9256335582951953,0.06,0.46,0.48,0.25
1977,0.8759519424375268,0.9960874181222589,0.055284547032879855,0.028146360239006202,0.900099936059307,0.9256326654422661,0.16,0.48,0.36,1.0
1978,0.8776019051959791,0.9961676715575729,0.057067873616096325,0.028836363585037,0.9010694063330557,0.9256325528733765,0.52,0.22,0.26,1.0
1979,0.873865325648942,0.9956101302383277,0.05083472644388824,0.026740343357148415,0.8943148488349151,0.9256324743351305,0.02,0.5,0.48,1.0
1980,0.8711462516223094,0.994258480063526,0.05108098853826931,0.024136444004720727,0.8980994639255487,0.9256314205145365,0.06,0.28,0.66,1.0
1981,0.8773939587710986,0.9964908658815367,0.057296937375638346,0.02867121402926421,0.9013611020183416,0.9256293385284667,0.32,0.38,0.3,1.0
1982,0.9019018560796325,0.9906235228978195,0.08273687388089225,0.02710266987926445,0.9050493908635892,0.9256281443829243,0.04,0.5,0.46,0.25
1983,0.8763685238112222,0.9962002490065619,0.05621817584680569,0.028347704784006465,0.9011773106118219,0.9256265134289208,0.2,0.46,0.34,1.0
1984,0.8769211724206637,0.9961206463210612,0.05740073579109619,0.028153150105293755,0.9021617549422944,0.9256257305208053,0.44,0.24,0.32,1.0
1985,0.8773295776995664,0.9962034342556483,0.05867614474671328,0.02843367449503645,0.9040581041332335,0.9256210125602817,0.44,0.26,0.3,1.0
1986,0.8691030289774253,0.9935683941364656,0.048321832275579735,0.0222519531212638,0.8949758757115949,0.9256194249880544,0.02,0.18,0.8,1.0
1987,0.911102250404704,0.993921956785052,0.08693878679552836,0.030165568200184584,0.8954234313311203,0.9256141383846377,0.74,0.12,0.14,0.75
1988,0.8953942711466211,0.9846722132090202,0.06573339140952607,0.020893111024381898,0.8829309687261151,0.925613488867913,0.06,0.04,0.9,0.25
1989,0.8719856466862274,0.9946518526173602,0.05255758263513151,0.02485924740683519,0.8997023800384518,0.9256120666571098,0.12,0.28,0.6,1.0
1990,0.8778162290635041,0.9962265986656706,0.05813444009619531,0.028875953507408215,0.9025360608265406,0.9256100232550738,0.5,0.24,0.26,1.0
1991,0.8736606205465443,0.9955567687536335,0.05515356691842246,0.026427018911322014,0.902512958950498,0.9256092860412094,0.32,0.22,0.46,1.0
1992,0.8715112986455865,0.9944303122642387,0.05148952374133206,0.024337788549720928,0.8980994639255487,0.9256085622003289,0.1,0.26,0.64,1.0
1993,0.9048434172943035,0.9922994719587681,0.08023805516677825,0.025692047700615932,0.890667813737401,0.925607899646656,0.44,0.06,0.5,0.75
1994,0.9099776719162064,0.9968515411114163,0.08912132242011045,0.0325269109865395,0.9020426959159868,0.9256070769530726,0.42,0.56,0.02,0.5
1995,0.8730013946835126,0.9950070392863142,0.053949244410969,0.02574380543157875,0.9011360717947242,0.9256066625066115,0.24,0.24,0.52,1.0
1996,0.8768879518168049,0.9965570596958834,0.05704749721638545,0.029631556965606484,0.9029493308913632,0.925605604474166,0.26,0.5,0.24,1.0
1997,0.8747726953393734,0.995881490056326,0.056477044287687454,0.02759210132580811,0.9040380614626041,0.9256054907209073,0.44,0.2,0.36,1.0
1998,0.9066740059284771,0.9958816099312916,0.08375398503126551,0.032598318228705965,0.8993652649860917,0.9256032775985503,0.26,0.7,0.04,0.25
1999,0.8758873504309986,0.9961660874955273,0.05478893985416613,0.0287074090184917,0.8997436188555495,0.925602432913629,0.16,0.52,0.32,1.0
2000,0.902396231169485,0.9907776364369479,0.08308892255566899,0.027627784401095055,0.9050847370061678,0.9255982731823197,0.06,0.52,0.42,0.25
2001,0.9028019802225307,0.9930385867467654,0.0817185463142486,0.029800459007542177,0.9022598668218964,0.9255962819973058,0.1,0.64,0.26,0.25
2002,0.8718638056431539,0.9945001651192026,0.052364671375369584,0.024459953249978638,0.8990870711403525,0.9255959861396784,0.18,0.2,0.62,1.0
2003,0.903555582797598,0.9952943082247493,0.07909466505990534,0.03095901282988968,0.894977892156995,0.9255938061220234,0.08,0.74,0.18,0.25
2004,0.8708884668127338,0.993644246448042,0.05055226551135,0.022697627066779275,0.8960222626370219,0.9255906904414385,0.22,0.04,0.74,1.0
2005,0.9098046996528423,0.9966894758662354,0.09003408161338537,0.0320775526472778,0.9035980313751177,0.9255906808416754,0.36,0.58,0.06,0.5
2006,0.8712602488560851,0.9945613127683302,0.051090864689883726,0.025057197018691715,0.8985415676611802,0.9255903598929489,0.02,0.38,0.6,1.0
2007,0.8723195592544642,0.9949722612754563,0.05076731296080392,0.026459818967405506,0.8972513257961431,0.925589091914036,0.02,0.48,0.5,1.0
2008,0.8704831047666183,0.9934535995860592,0.04828104446878434,0.022014413587036034,0.8916869982666483,0.9255821737056734,0.14,0.06,0.8,1.0
2009,0.8698192866118368,0.9936967973496353,0.049845285129334616,0.022492887588635293,0.8964095674678672,0.9255808540548919,0.04,0.18,0.78,1.0
2010,0.8736606792911327,0.9959339096662903,0.04820927810744453,0.02978652172194791,0.8930665584030747,0.9255807123632654,0.04,0.7,0.26,1.0
2011,0.8771912963298902,0.9963085189338399,0.05790852916443491,0.028311509794778898,0.9023184153725061,0.9255802575158223,0.36,0.32,0.32,1.0
2012,0.8776164801743032,0.9964971735880607,0.05844243226327782,0.028592034184521664,0.9026747325762636,0.9255794016992912,0.36,0.34,0.3,1.0
2013,0.9077110854624265,0.992986075803494,0.0850568559846252,0.028393841310267762,0.8969254319671839,0.9255790626777509,0.64,0.08,0.28,0.75
2014,0.8769271531768053,0.9965385932428469,0.05736784582197408,0.029351032575863727,0.9029493308913632,0.9255782667232314,0.26,0.48,0.26,1.0
2015,0.8706377199212137,0.9934696114564664,0.047977826521511,0.02241710267703653,0.8912805439127718,0.9255769442672995,0.22,0.02,0.76,1.0
2016,0.8786930721129103,0.996491984714549,0.05955782427774884,0.029437002286893704,0.9037700958092671,0.9255750777087378,0.5,0.28,0.22,1.0
2017,0.8710690470278621,0.9940896789869438,0.05066795662235176,0.023456625458121244,0.8963406719513259,0.9255742597072661,0.12,0.18,0.7,1.0
2018,0.8761749526510012,0.9961773357631342,0.05541934891766896,0.028387294706377696,0.8997436188555495,0.9255725260762642,0.18,0.48,0.34,1.0
2019,0.8753511962149864,0.9956779594897053,0.04733378778782523,0.030407530022667308,0.8890229273084758,0.9255713416980924,0.86,0.04,0.1,1.0
2020,0.901859546010583,0.9928863284154381,0.07846509844544891,0.02987267552666614,0.8979639047486335,0.9255706219904297,0.06,0.68,0.26,0.25
2021,0.8735361211313691,0.9959746728629313,0.04794427958955059,0.030067046111690757,0.8930665584030747,0.9255698169264057,0.04,0.72,0.24,1.0
2022,0.8741179493308057,0.9958157643251783,0.049995448848383216,0.02866442416297654,0.8941214622979454,0.9255674467359989,0.04,0.62,0.34,1.0
2023,0.9066948059902732,0.995842656275798,0.08577398696105555,0.03210931196643731,0.9023512775777303,0.9255665283566259,0.22,0.7,0.08,0.25
2024,0.8738803588331205,0.9956810933638064,0.055428361641766816,0.026667953378693515,0.902512958950498,0.9255663803283077,0.34,0.22,0.44,1.0
2025,0.9096305778494937,0.9967277844802471,0.08900863103549381,0.032320866223824525,0.9020960307390541,0.9255661102747339,0.38,0.58,0.04,0.5
2026,0.8692437295898758,0.9936870361024351,0.04852534441650987,0.022532477511006645,0.8949758757115949,0.9255646053974403,0.02,0.2,0.78,1.0
2027,0.8768553069545708,0.9961731458476694,0.05777676689388183,0.027991395482664685,0.9023364040529948,0.9255638944596577,0.38,0.28,0.34,1.0
2028,0.8758438116034084,0.9961881587600298,0.05488744418307432,0.028987933408234554,0.900099936059307,0.9255616023162779,0.16,0.54,0.3,1.0
2029,0.9105652240838356,0.994191407166098,0.08797849624742478,0.02923550148044963,0.896619434962729,0.9255588652001792,0.64,0.14,0.22,0.75
2030,0.8732311710884114,0.9951125549435488,0.05423338699867194,0.026024329821321336,0.9011360717947242,0.925553331678281,0.24,0.26,0.5,1.0
2031,0.8786256445600535,0.9964415458956832,0.058744434519166534,0.0293974123645224,0.902179743622783,0.9255513434507558,0.52,0.26,0.22,1.0
2032,0.9002393189012599,0.9951010298218547,0.07635275351951415,0.03319564926966065,0.899217065839482,0.9255496323934822,0.24,0.76,0.0,0.25
2033,0.9029718932737858,0.990511885054841,0.08411927629674575,0.02699434510057842,0.9049972824048659,0.9255473815296793,0.1,0.44,0.46,0.25
2034,0.874981246583369,0.9959596656589026,0.056904498043883686,0.027631691248179473,0.9040200727821156,0.9255458290650902,0.42,0.22,0.36,1.0
2035,0.9065424961249553,0.9957238487682094,0.08579595120604742,0.031864808835303085,0.9023512775777303,0.9255455773556537,0.2,0.7,0.1,0.25
2036,0.9043439026278149,0.9918914175758117,0.0769534716420936,0.030738222793655685,0.8920637440736343,0.9255447220935827,0.88,0.04,0.08,0.75
2037,0.8748679896600894,0.9959765137999033,0.05621239333967349,0.027430346703179172,0.9025863810258431,0.9255392935597235,0.38,0.24,0.38,1.0
2038,0.9029460549578696,0.9911663224504599,0.08226348807302136,0.02923923622614941,0.9037618674579599,0.9255389724705588,0.1,0.6,0.3,0.25
2039,0.8784146348200756,0.9964345246476972,0.05892397667404289,0.02915647789715093,0.9025360608265406,0.9255368169003084,0.5,0.26,0.24,1.0
2040,0.8703078898119166,0.993132140594931,0.04543033224814338,0.021212430340179004,0.8854932678531156,0.9255352691346792,0.12,0.02,0.86,1.0
2041,0.8772528798826282,0.9964588849532098,0.057423503984400194,0.02839068963952155,0.9009038693377447,0.9255332182947749,0.32,0.36,0.32,1.0
2042,0.8775860065704825,0.9965250473717322,0.05769382070841814,0.028912148496635724,0.9013611020183416,0.9255293768751344,0.34,0.38,0.28,1.0
2043,0.8700927418165155,0.9930484450356043,0.04462671993031172,0.02073056140543601,0.8837717508220605,0.925528190135597,0.08,0.02,0.9,1.0
2044,0.910216832645712,0.996664547581719,0.09221086325811853,0.03179697025689929,0.9061923806204201,0.9255277639449391,0.36,0.56,0.08,0.5
2045,0.910455659572519,0.9968297923676546,0.0893080515195341,0.03224632859616096,0.9005586839604119,0.9255268469939959,0.42,0.54,0.04,0.5
2046,0.9090068303548469,0.9935039299466227,0.08699550558492312,0.028228576024511752,0.8969757521664865,0.9255266893211188,0.58,0.12,0.3,0.75
2047,0.8711286673189226,0.994172723796457,0.050870214488936215,0.02377673977023548,0.8966162365388658,0.9255235550574988,0.1,0.22,0.68,1.0
2048,0.8738102144875112,0.9956693912838296,0.05550401717903349,0.026628363456322135,0.9024626387511954,0.9255221220935211,0.36,0.2,0.44,1.0
2049,0.8739163200939288,0.9957631106736144,0.05027032427379338,0.02842348969560504,0.8944777795017029,0.9255213821086188,0.02,0.62,0.36,1.0
2050,0.876098138813528,0.988843453866736,0.0486940229137575,0.023100316156779713,0.886882805667743,0.925518192267152,0.3,0.0,0.7,1.0
2051,0.8759137654190802,0.9960233991822883,0.05580376573447535,0.027865835849263536,0.900099936059307,0.9255178995244993,0.16,0.46,0.38,1.0
2052,0.8714230029561614,0.9944182619760286,0.05174672326264415,0.024377378472092197,0.8982003794023883,0.9255132731925384,0.08,0.28,0.64,1.0
2053,0.873284647615265,0.995102337029813,0.05445866633424781,0.025984739898950327,0.9011360717947242,0.9255107580577009,0.26,0.24,0.5,1.0
2054,0.8769376628368606,0.9965153831661709,0.057036672978211723,0.02907050818612089,0.9014653189357882,0.9255069974782335,0.26,0.46,0.28,1.0
2055,0.9022841187637949,0.9929682886419292,0.07997882050310964,0.02983656726710422,0.8994479167042083,0.9255033434344413,0.08,0.66,0.26,0.25
2056,0.8688078042336833,0.9931450699662224,0.04296854853649633,0.020568806782807005,0.8826681269811076,0.9255024570780831,0.02,0.06,0.92,1.0
2057,0.8739856545784761,0.9957536405513308,0.05565549268265174,0.026869297923693636,0.9024626387511954,0.9254954980258843,0.38,0.2,0.42,1.0
2058,0.8700189116704928,0.9940035688033096,0.04906681007419184,0.02365457506997764,0.8951825447825934,0.9254949868117823,0.02,0.28,0.7,1.0
2059,0.868963830429809,0.9934794925786322,0.048508293423286594,0.021971428731521036,0.8944909306684677,0.925493891996951,0.02,0.16,0.82,1.0
2060,0.8898996780071053,0.9805600423676946,0.05676763396941003,0.01976578306929267,0.8784717867809566,0.9254918443584372,0.02,0.0,0.98,0.75
2061,0.8748128219818969,0.99594360241351,0.057078632336187,0.02739075678080798,0.9040200727821156,0.925490834555323,0.4,0.22,0.38,1.0
2062,0.871146976384398,0.9940757963242591,0.05184088451143949,0.023417035535750003,0.8978426725873896,0.9254903387449264,0.14,0.16,0.7,1.0
2063,0.874456470784669,0.9958766779327062,0.04987440491848183,0.028624834240605402,0.8925814303107639,0.9254899792951636,0.06,0.6,0.34,1.0
2064,0.8710977377511884,0.9939045863317012,0.05163143310067001,0.023420430468893715,0.8976905188760067,0.9254868185150685,0.28,0.04,0.68,1.0
2065,0.9106398423807798,0.9966603376870932,0.09312307611598673,0.031516387866520945,0.9064579182867424,0.9254867735160331,0.36,0.54,0.1,0.5
2066,0.8723291470331973,0.9947256099712042,0.05324084619334614,0.024941822184721612,0.8995277309277515,0.9254863198526837,0.22,0.2,0.58,1.0
2067,0.8749923813627338,0.9960136208100931,0.0565874965220563,0.027469936625550476,0.9026927212567523,0.9254819782719985,0.36,0.26,0.38,1.0
2068,0.8708981106401471,0.9938645081348636,0.05110825395631934,0.022855986756264463,0.8963205846990481,0.9254792748596228,0.14,0.12,0.74,1.0
2069,0.9095611271700869,0.9967986848140772,0.08832583442493676,0.03256417980037122,0.9005940301029906,0.9254789607670648,0.4,0.58,0.02,0.5
2070,0.8740189650579852,0.995849700357111,0.05002758200972853,0.028944948552719542,0.8941214622979454,0.9254774653104899,0.04,0.64,0.32,1.0
2071,0.8701947419332978,0.9937932738636293,0.05028377973317254,0.02273382205600678,0.8960303760188992,0.9254763737195272,0.06,0.18,0.76,1.0
2072,0.8765048932799779,0.9960085032907277,0.05673027910400182,0.02807397026055116,0.9007130891292982,0.9254760143285691,0.48,0.2,0.32,1.0
2073,0.8760952510822829,0.9962392312037138,0.05550612085139554,0.028948343485863157,0.900099936059307,0.925474100658707,0.18,0.52,0.3,1.0
2074,0.9108622427071031,0.9969301562555335,0.08982500274269409,0.032452373358875936,0.9005586839604119,0.9254735069718032,0.46,0.52,0.02,0.5
2075,0.8746247351648436,0.995931004125457,0.05632180293320103,0.027189412235807685,0.9025689789821044,0.9254734984112948,0.36,0.24,0.4,1.0
2076,0.9091649516751474,0.9967652140111778,0.0886788159463877,0.03260144861420321,0.9020960307390541,0.9254710848926866,0.38,0.6,0.02,0.5
2077,0.8734795852972712,0.9954519380962025,0.05477639189310524,0.0261860844439504,0.9010109583144343,0.9254709673735921,0.3,0.22,0.48,1.0
2078,0.8761581280849859,0.988896969476386,0.048810827750868056,0.023341250624151183,0.8869382390625995,0.9254706417539408,0.32,0.0,0.68,1.0
2079,0.8777019568629307,0.9962682809037148,0.05867960510275606,0.028714198884779208,0.9026244123769611,0.925470296217411,0.44,0.28,0.28,1.0
2080,0.8702063281485596,0.9930873701494394,0.04492343300479665,0.02097149587280748,0.8840100404664327,0.9254700480592415,0.1,0.02,0.88,1.0
2081,0.9066027700496023,0.9959134681304869,0.08551827283197497,0.03280671310027829,0.9022506371791252,0.925468746567251,0.3,0.68,0.02,0.25
2082,0.8710201434864284,0.9940788902400384,0.050313393008786185,0.023496215380492607,0.8951142359028023,0.9254683923744415,0.1,0.2,0.7,1.0
2083,0.8772103997543134,0.9962674417789554,0.05755087342773945,0.028271919872407538,0.9008344034169311,0.9254683407925898,0.38,0.3,0.32,1.0
2084,0.878178662630191,0.9964478307688805,0.05910939238268612,0.02895513335215068,0.9026244123769611,0.9254680431384111,0.46,0.28,0.26,1.0
2085,0.8717211595224594,0.9947529928383498,0.05092734431724177,0.02561824579817724,0.8970395670251167,0.9254670572581964,0.02,0.42,0.56,1.0
2086,0.878339146853907,0.996624908926422,0.05115271910627175,0.03192552680535141,0.8907678166117091,0.9254659926893005,0.66,0.32,0.02,1.0
2087,0.8705913546730082,0.9938785563391674,0.05078429841626341,0.022974756523378298,0.8963535474362606,0.9254640195675073,0.08,0.18,0.74,1.0
2088,0.9032423348036163,0.9940935463816678,0.08301584206840044,0.030044962138676506,0.9022598668218964,0.9254634112604238,0.12,0.64,0.24,0.25
2089,0.8739131189858278,0.9958760100578978,0.049989932588891985,0.02922547294246233,0.8944777795017029,0.9254578639731224,0.04,0.66,0.3,1.0
2090,0.8788876746907583,0.9964867216327253,0.05980579467139015,0.02991887122163661,0.9037197756099645,0.925457198071536,0.54,0.28,0.18,1.0
2091,0.9064792445120194,0.9929844660539556,0.08514000068477771,0.028151717288308634,0.8984094439227589,0.9254563050386089,0.62,0.08,0.3,0.75
2092,0.9011389623794805,0.9941382968479985,0.07775082182582758,0.03022550343648666,0.8964798927930586,0.9254551714580729,0.02,0.74,0.24,0.25
2093,0.8772780611540827,0.9961277018190375,0.057499616508641174,0.02859542911766544,0.9010694063330557,0.9254530164274988,0.5,0.22,0.28,1.0
2094,0.8751420012908175,0.9965185170402721,0.05272538233086832,0.0309516041364341,0.8989025970451678,0.9254521171492308,0.16,0.68,0.16,1.0
2095,0.9081872078043155,0.9965462081573293,0.08758522807963567,0.031740000749511776,0.9008672656221555,0.9254484284171912,0.24,0.66,0.1,0.5
2096,0.8728728778682664,0.9959740392381131,0.047343959506766786,0.030667684813547404,0.8932289186655906,0.9254481909640339,0.02,0.78,0.2,1.0
2097,0.8709608060581497,0.9941690305058497,0.05011973370443837,0.023855919614977926,0.8951142359028023,0.9254480496025335,0.06,0.26,0.68,1.0
2098,0.8738342386887581,0.9957913269571878,0.05008059477226606,0.028704014085348038,0.8941214622979454,0.9254461820332842,0.02,0.64,0.34,1.0
2099,0.876939710075006,0.9966640452485297,0.057811901440593116,0.0307140646022062,0.90456278495389,0.9254421359298824,0.28,0.56,0.16,1.0
2100,0.8717205943158222,0.9945288323609799,0.05203051557728958,0.024618312939463677,0.8978606350918287,0.9254381024651249,0.1,0.28,0.62,1.0
2101,0.9066177977544831,0.9957825589597027,0.08728484620071815,0.03252610170958187,0.9051683408909726,0.9254376710103235,0.3,0.66,0.04,0.25
2102,0.8765071569543755,0.9894192475765792,0.0504963209420923,0.024304988493637197,0.8900169318313208,0.9254364179375113,0.4,0.0,0.6,1.0
2103,0.8775340320018137,0.9966485157321507,0.058077970584166895,0.030073835977978264,0.9030047642862197,0.9254356743783695,0.32,0.48,0.2,1.0
2104,0.8784772946648844,0.996471069387215,0.059378992382047295,0.029196067819522154,0.9026244123769611,0.9254351415316747,0.48,0.28,0.24,1.0
2105,0.9029979721730776,0.9908089238029737,0.08354214398319237,0.027591676141533048,0.9035827363701042,0.9254346380836217,0.08,0.5,0.42,0.25
2106,0.8702844084800512,0.9935034447384286,0.04861650941954162,0.021813069042035962,0.8914159353080101,0.9254328563335932,0.1,0.08,0.82,1.0
2107,0.9037464308640831,0.9920565881534353,0.08212064625128289,0.026622114420350777,0.8967959898602321,0.9254323832569403,0.54,0.04,0.42,0.75
2108,0.8771687602079099,0.9965166076033197,0.057544589989239704,0.02903091826374964,0.901413210477065,0.9254300582001878,0.28,0.44,0.28,1.0
2109,0.8774472589424333,0.990387957173721,0.05179572665675448,0.026955267634723737,0.8931390526918839,0.9254270880382379,0.62,0.0,0.38,1.0
2110,0.8738397410302904,0.9960107152692599,0.04802516616603932,0.030027456189319436,0.8915645577670112,0.9254255882135413,0.06,0.7,0.24,1.0
2111,0.873093097985631,0.996038503427956,0.047332638269244304,0.03090861928091888,0.892872601461833,0.9254255587723278,0.04,0.78,0.18,1.0
2112,0.8737155039735706,0.9958184529494071,0.04985469704144298,0.028984538475090908,0.8941214622979454,0.9254237059468136,0.02,0.66,0.32,1.0
2113,0.9043593319734876,0.9918738815808417,0.07774907898687486,0.03049609877169665,0.8924200612773918,0.9254190291288322,0.86,0.04,0.1,0.75
2114,0.9032747426847324,0.9927127951318799,0.08365590904618994,0.029483739357283652,0.9037618674579599,0.9254188812980397,0.12,0.6,0.28,0.25
2115,0.9117059912607871,0.9943013439262312,0.08706517925339792,0.029961873546326945,0.8924877389387843,0.9254160846301258,0.7,0.14,0.16,0.75
2116,0.8748243691088222,0.9964831938837372,0.05171285877562225,0.030991194058805502,0.897435942551683,0.9254157654050423,0.14,0.7,0.16,1.0
2117,0.8748793159915084,0.9962235675415401,0.05198775040040772,0.030189210811948367,0.8970442792053468,0.9254156357091676,0.12,0.66,0.22,1.0
2118,0.9062962600897497,0.9929739170569815,0.08426120919379798,0.027909593266349533,0.8964956926880812,0.9254147551067744,0.6,0.08,0.32,0.75
2119,0.8751402161781365,0.995992197441238,0.05225715864250522,0.028826178785605616,0.8954488138233085,0.9254147520611039,0.1,0.58,0.32,1.0
2120,0.8750428224370174,0.9965461739073391,0.05181157695233535,0.03123212852617703,0.897435942551683,0.9254140774687689,0.16,0.7,0.14,1.0
2121,0.8710179811002615,0.9941672323813655,0.050340220963956725,0.023816329692606688,0.8951142359028023,0.9254092312057913,0.08,0.24,0.68,1.0
2122,0.9002796172326725,0.9909315387678036,0.07209960694717474,0.03170671888149206,0.8922005047564601,0.9254087988435965,0.96,0.04,0.0,0.75
2123,0.8787682217917444,0.9964457986027968,0.05941625804483118,0.029638346831893845,0.9025360608265406,0.9254061679196538,0.54,0.26,0.2,1.0
2124,0.8703761841878993,0.9931854164546497,0.04567743709697411,0.02145336480755047,0.8852255298306108,0.9254041018415844,0.14,0.02,0.84,1.0
2125,0.8744719069841362,0.9955533351921183,0.04581592669912548,0.03060887456766742,0.8871292633260761,0.9254025049109245,0.9,0.02,0.08,1.0
2126,0.9119835554212471,0.9951325740628066,0.09262354236667034,0.031106430914371225,0.9032226774680361,0.9254015631247334,0.58,0.32,0.1,0.5
2127,0.9091810595565836,0.9935343553545624,0.08668801823515741,0.02847070004647082,0.895473751530423,0.925398519087958,0.6,0.12,0.28,0.75
2128,0.9060536571265623,0.992970395016325,0.08455526548352219,0.027425345222431303,0.8967959898602319,0.9253984933861404,0.56,0.08,0.36,0.75
2129,0.877153986636837,0.9965556668629496,0.05748445295421078,0.029311442653492368,0.9014473302552994,0.925397849987039,0.28,0.46,0.26,1.0
2130,0.8767726475453171,0.9967068634445814,0.056538916269514995,0.03127511338169179,0.9028473551102274,0.925396221546625,0.28,0.6,0.12,1.0
2131,0.9025759022838674,0.9910237911163425,0.08150903903805141,0.028994733095015022,0.901903549618139,0.9253943878947652,0.08,0.6,0.32,0.25
2132,0.8782470892771684,0.9964700818458315,0.059426142311836065,0.02899472327452207,0.9026244123769611,0.9253925960991755,0.44,0.3,0.26,1.0
2133,0.8784669866660465,0.9964899810901238,0.05949859908805386,0.02923565774189358,0.9026244123769611,0.9253924567026627,0.46,0.3,0.24,1.0
2134,0.8736283004342004,0.9948846612172497,0.042522631196663475,0.031572612437153674,0.8843507037024207,0.9253898345501845,0.98,0.02,0.0,1.0
2135,0.9093564972660296,0.9936054355008409,0.08677328382730605,0.028712824068429926,0.895473751530423,0.9253887851689515,0.62,0.12,0.26,0.75
2136,0.8789577198880368,0.9965421666584885,0.05940949651284451,0.030199395611379447,0.9026765208356844,0.9253882827681028,0.54,0.3,0.16,1.0
2137,0.8729532120627743,0.9949874111877776,0.05387354598274164,0.025664625586836087,0.8995277309277515,0.9253856902939134,0.28,0.2,0.52,1.0
2138,0.8789147733348543,0.996537520076488,0.05936180837693797,0.029958461144007992,0.9023202036319269,0.925383201015195,0.52,0.3,0.18,1.0
2139,0.8760491093492485,0.9965975831425933,0.055557272051196815,0.03083283436932006,0.9018382894375039,0.9253831066432089,0.22,0.62,0.16,1.0
2140,0.876644311372337,0.9965378226180679,0.05760346304957144,0.029671146887977704,0.9030910618464996,0.9253825506078612,0.24,0.52,0.24,1.0
2141,0.8767855976382489,0.9960406212190152,0.05738552151610421,0.028314904727922592,0.9010694063330557,0.9253812410166786,0.5,0.2,0.3,1.0
2142,0.8948117120939478,0.9839484452707876,0.06553904769505138,0.021101505895954175,0.8831692583704873,0.9253802961763375,0.1,0.02,0.88,0.25
2143,0.9005791223316579,0.9910915433052423,0.0725683075383963,0.03174514824959376,0.8922005047564601,0.925379726776564,0.94,0.06,0.0,0.75
2144,0.8750695747432711,0.9963322827186902,0.053170981521917716,0.030430145279319844,0.8989025970451678,0.9253781730595223,0.14,0.66,0.2,1.0
2145,0.9100413299419919,0.9938145431075286,0.08693471354016223,0.029681320156266303,0.8954234313311203,0.9253777750960427,0.7,0.12,0.18,0.75
2146,0.8750166468468991,0.9958602778957436,0.052124920293634955,0.028024195538748565,0.8942476969961459,0.9253762783772315,0.08,0.54,0.38,1.0
2147,0.8733214077366924,0.995905185341196,0.04778596544589638,0.029826111644319277,0.8916328666468023,0.9253737927157665,0.02,0.72,0.26,1.0
2148,0.8734832309977965,0.9955945093886416,0.05494448548604719,0.026549183611579485,0.9010139729381991,0.9253727775790659,0.4,0.16,0.44,1.0
2149,0.8695042198956331,0.9935019834055144,0.04877466516031471,0.021931838809149704,0.8930242761749828,0.9253704436343735,0.04,0.14,0.82,1.0
2150,0.9024235429513381,0.9916253579437931,0.07390604926201265,0.030941917447513276,0.8894160600052646,0.9253701139358572,0.92,0.02,0.06,0.75
2151,0.9104016099958157,0.9938630125519592,0.08719489996738204,0.029923444178225428,0.8954234313311203,0.9253696307908112,0.72,0.12,0.16,0.75
2152,0.8770174605049154,0.9902471611724393,0.05147847510809514,0.025750595297866174,0.8915181478984923,0.9253663673023461,0.52,0.0,0.48,1.0
2153,0.8724497590196374,0.9947881732865923,0.05446047343919531,0.02514316672972176,0.901029731563815,0.9253650090964695,0.26,0.18,0.56,1.0
2154,0.8720689056354063,0.9946093569420494,0.052673663757400804,0.024700887717350104,0.8979248148148485,0.9253622132130356,0.2,0.2,0.6,1.0
2155,0.9117274361798263,0.9963581528779365,0.09002230456396051,0.03237783573121246,0.8989278724357951,0.9253606210320008,0.5,0.48,0.02,0.5
2156,0.873859588935913,0.9957088301475172,0.05600821966852532,0.02682970800132227,0.9024806274316839,0.9253597975644294,0.4,0.18,0.42,1.0
2157,0.8751725642344279,0.9962870841483213,0.05332911657340972,0.030149620889577098,0.8985462798414103,0.9253593192877831,0.14,0.64,0.22,1.0
2158,0.9107214143843071,0.9942292305719157,0.08809906336107344,0.029477625502408733,0.8954917402109115,0.9253590284686377,0.66,0.14,0.2,0.75
2159,0.8736194809186046,0.9958487442115519,0.05003538947972427,0.029265062864833585,0.8945685590391383,0.925358265535949,0.02,0.68,0.3,1.0
2160,0.8774098706537224,0.9962397849118884,0.05892025600019958,0.028473264417407693,0.9026244123769611,0.9253571456780835,0.42,0.28,0.3,1.0
2161,0.8759389375305232,0.9965341921191092,0.055053965974425,0.030311375512205887,0.9002808554065838,0.9253564465470552,0.2,0.6,0.2,1.0
2162,0.8706495628350315,0.9938635719684654,0.051201792223037515,0.02293516660100702,0.8962852385564694,0.9253564427640877,0.1,0.16,0.74,1.0
2163,0.9099163510552831,0.9934818215779642,0.08639736756373737,0.030127138832083056,0.8954234313311203,0.925356254740518,0.76,0.1,0.14,0.75
2164,0.8753754141623866,0.9964371447719457,0.0536511583536102,0.030390555356948595,0.8989025970451678,0.9253550224309529,0.16,0.64,0.2,1.0
2165,0.8740118949712856,0.995640861042013,0.051017844577864034,0.027020867746891206,0.8928649566575748,0.9253546293230799,0.02,0.52,0.46,1.0
2166,0.8751942183976609,0.9961160967806996,0.05242986954216278,0.029347637642719887,0.8958431623781842,0.9253545643080001,0.12,0.6,0.28,1.0
2167,0.8772441571549702,0.996633545632278,0.058023910924746944,0.030113425900349405,0.9030047642862197,0.9253541467453728,0.3,0.5,0.2,1.0
2168,0.9127180992731688,0.996338202258659,0.09204059789301265,0.03205998452700208,0.9003777646131353,0.9253535250791785,0.52,0.44,0.04,0.5
2169,0.8737081539692778,0.9960357577204102,0.047774414425844,0.030307980579062227,0.8912082405632537,0.9253526676628127,0.06,0.72,0.22,1.0
2170,0.8732989403405829,0.996016794642516,0.047318438655432074,0.030628094891176145,0.8915825464474997,0.9253507489292818,0.04,0.76,0.2,1.0
2171,0.8698165100584151,0.9939176412862899,0.04870848816184592,0.023374050680234945,0.8936251107516733,0.9253472568231131,0.02,0.26,0.72,1.0
2172,0.902634794962001,0.9905135975543498,0.08370584016083049,0.02703045336014039,0.9035473902275256,0.9253410958851588,0.08,0.46,0.46,0.25
2173,0.9029631389656038,0.9907391451563219,0.08397477051701702,0.027311064750836774,0.9035473902275256,0.925339712050153,0.08,0.48,0.44,0.25
2174,0.8762709734118123,0.9963401487997673,0.05604294813477878,0.029189277953234703,0.9000999360593069,0.9253388724915894,0.2,0.52,0.28,1.0
2175,0.8771142368656215,0.9962050497135182,0.0579008979843879,0.028232329950036168,0.9008344034169311,0.9253370553622278,0.4,0.28,0.32,1.0
2176,0.8787035366009746,0.996517860582127,0.05960459696073847,0.029476592209265014,0.9022680951732035,0.9253353846118504,0.48,0.3,0.22,1.0
2177,0.8742540650786531,0.9955192507435616,0.04770015122509488,0.030367940100295962,0.8904542356593821,0.9253353001395588,0.88,0.02,0.1,1.0
2178,0.9122943927847262,0.9953445815019959,0.09155029473639986,0.03138701330474959,0.9002366648763975,0.9253322708896016,0.58,0.34,0.08,0.5
2179,0.8756585000309896,0.9961023853679658,0.05468627446917035,0.028746998940863033,0.8983099270992772,0.9253308736949377,0.14,0.54,0.32,1.0
2180,0.8703222451810718,0.9937879023235033,0.05094999906784804,0.022694232133635535,0.8960303760188992,0.9253295066812585,0.08,0.16,0.76,1.0
2181,0.8773747825591626,0.990359115827827,0.05220370887624355,0.026714333167352187,0.8931210640113953,0.9253287887278081,0.6,0.0,0.4,1.0
2182,0.8740537866390398,0.9961123064484534,0.048470330599587955,0.03026839065669097,0.8915645577670112,0.9253284063754386,0.08,0.7,0.22,1.0
2183,0.8711992051128659,0.9940487502486834,0.05170840625967151,0.023377445613378695,0.8963760180939047,0.9253280954059522,0.16,0.14,0.7,1.0
2184,0.8706875379791372,0.9941468136788889,0.050255764923154984,0.02389550953734914,0.8951825447825934,0.9253258146893503,0.04,0.28,0.68,1.0
2185,0.8788932740647609,0.9964901922983965,0.06028793004094333,0.030159805689008175,0.904076092813722,0.9253255443093386,0.56,0.28,0.16,1.0
2186,0.9102201865925189,0.9966372046728951,0.09321119843426508,0.031553656680352545,0.9064579182867424,0.9253245263383445,0.34,0.56,0.1,0.5
2187,0.9121434573847776,0.9963739934983928,0.09061424284980954,0.03234056691738065,0.8989278724357951,0.9253244599634196,0.52,0.46,0.02,0.5
2188,0.8698918203457443,0.9930263652086042,0.04390126405512343,0.02048962693806447,0.8811118945728581,0.925323132495113,0.06,0.02,0.92,1.0
2189,0.8700805159849812,0.9935144618186019,0.049551434844467945,0.02185265896440725,0.8929179359440735,0.9253209608032048,0.08,0.1,0.82,1.0
2190,0.8719678355913917,0.9945024199102226,0.052681783128438374,0.02442036332760721,0.8975850705042889,0.9253186521211556,0.2,0.18,0.62,1.0
2191,0.8745023717015641,0.9958543355224481,0.05653401076215212,0.02735116685843661,0.9024806274316839,0.9253184551882777,0.42,0.2,0.38,1.0
2192,0.9032409208240189,0.9914924622735788,0.08425498857971583,0.029203127966587236,0.9051575278631145,0.9253182983355697,0.12,0.58,0.3,0.25
2193,0.9119951719395817,0.9943945781078218,0.08758738223672599,0.03020399756828607,0.8924877389387843,0.9253177232257341,0.72,0.14,0.14,0.75
2194,0.9085585342524828,0.9932954787980801,0.08697228950904269,0.028432270678369263,0.8969074432866954,0.9253166462988962,0.62,0.1,0.28,0.75
2195,0.871205681523734,0.9939603053573858,0.051607621586992565,0.02346002039126499,0.8962735894358789,0.9253139726507311,0.26,0.06,0.68,1.0
2196,0.8770792991588139,0.9902967665748774,0.051614201999463996,0.02599152976523772,0.8915702563572155,0.925312826581597,0.54,0.0,0.46,1.0
2197,0.8736504975917418,0.9956429902497357,0.05503835569906465,0.026991462623951197,0.9009972106220545,0.9253121743183561,0.46,0.14,0.4,1.0
2198,0.8761925780010695,0.9963990131162164,0.05670005636097018,0.029469802342977514,0.9016573700902272,0.9253120923866727,0.2,0.54,0.26,1.0
2199,0.8732258246703114,0.9961207091127099,0.047120872551085165,0.03114955374829043,0.8916765978302243,0.9253112228625131,0.06,0.78,0.16,1.0
2200,0.9110305029083435,0.9966872324918788,0.09260682578587032,0.031479119052689034,0.9034158856634972,0.9253081131225231,0.38,0.52,0.1,0.5
2201,0.8708706926061706,0.9940732561166544,0.05069032550630468,0.023535805302863973,0.8951142359028023,0.9253060342783983,0.08,0.22,0.7,1.0
2202,0.877442039087481,0.9962762954014159,0.058381898400307525,0.02851285433977907,0.9011907206206887,0.9253046382016428,0.4,0.3,0.3,1.0
2203,0.9024716914972096,0.9910721406858076,0.08172983644078292,0.02927534448571136,0.9022598668218965,0.9253039937330194,0.08,0.62,0.3,0.25
2204,0.8740000377777711,0.9957339753486381,0.049682571765855624,0.02814296530586246,0.8913803134836012,0.9253032016159527,0.02,0.6,0.38,1.0
2205,0.8764491260052315,0.9964761326774293,0.05700869529600177,0.029430212420606193,0.9015336278155793,0.9253009269931811,0.22,0.52,0.26,1.0
2206,0.8776927333713402,0.9966854971590432,0.058385997246537466,0.03031477044534972,0.9026484470824622,0.9252983198215706,0.34,0.48,0.18,1.0
2207,0.8789602064579782,0.9904907756442292,0.05320746344966812,0.02888274337369567,0.894423727533796,0.9252962600079347,0.78,0.0,0.22,1.0
2208,0.8733728224304845,0.9954524175960648,0.05529911628902896,0.02614649452157914,0.9010109583144343,0.9252961020442595,0.32,0.2,0.48,1.0
2209,0.8734333376742182,0.9959908616916212,0.04764525171197167,0.03034757050143343,0.8912262292437422,0.9252955371689296,0.04,0.74,0.22,1.0
2210,0.874515820516445,0.9958671792687641,0.056764998027218856,0.027149822313436475,0.9024626387511954,0.925295338165252,0.38,0.22,0.4,1.0
2211,0.8713475501591809,0.9941477469911212,0.051817233293684775,0.02365797000312151,0.8963406719513259,0.9252946407874199,0.16,0.16,0.68,1.0
2212,0.8700361260124405,0.9937080541797398,0.050295947226395916,0.022453297666264072,0.8948695354806857,0.9252944739914764,0.06,0.16,0.78,1.0
2213,0.9110816744032497,0.9968184955792282,0.09090959888195872,0.031965746205782464,0.9004679044229768,0.9252933475849078,0.42,0.52,0.06,0.5
2214,0.8770713553736019,0.9960754077923706,0.0570407937195509,0.02855583919529411,0.8995332859187575,0.9252930487841776,0.52,0.2,0.28,1.0
2215,0.8753208669743695,0.9965660845682948,0.05332074868922445,0.031192538603805588,0.8989025970451678,0.925292938671483,0.18,0.68,0.14,1.0
2216,0.8699417675937363,0.9952616508591164,0.041029977271503995,0.03307702948726253,0.8898317062662214,0.9252923790019919,0.22,0.78,0.0,1.0
2217,0.873287724358321,0.9954955954170134,0.05435612468987676,0.02630824914420803,0.8995119723021355,0.9252919403301215,0.38,0.16,0.46,1.0
2218,0.9109539927149948,0.9968784844370214,0.08988718677681153,0.03220905978232913,0.8990012499294917,0.9252903862925365,0.44,0.52,0.04,0.5
2219,0.8758226934549944,0.9963861094324176,0.05545276962633712,0.029789916655091547,0.9002808554065838,0.9252885822826352,0.18,0.58,0.24,1.0
2220,0.8742043570727733,0.9957871256250594,0.04980690931462559,0.02838389977323389,0.8913803134836012,0.9252884068194411,0.04,0.6,0.36,1.0
2221,0.8754801996920891,0.996015407517914,0.05401634786944502,0.028506064473491497,0.8968600349219369,0.9252883399392697,0.12,0.54,0.34,1.0
2222,0.8743680183200527,0.9959094152149828,0.05033079045526367,0.02890535863034809,0.8926194616618818,0.9252862689427098,0.06,0.62,0.32,1.0
2223,0.9037216681573425,0.9908162475925396,0.08562561247144325,0.02751945962240902,0.905049390863589,0.9252861249940139,0.12,0.46,0.42,0.25
2224,0.8779064791488757,0.9964493777267701,0.05887154877072489,0.02875378880715056,0.9011907206206887,0.9252804624431559,0.42,0.3,0.28,1.0
2225,0.9076886517688886,0.9929733576404752,0.08591771066481238,0.028635965332226915,0.8969254319671839,0.9252736098852385,0.66,0.08,0.26,0.75
2226,0.9003111019449506,0.9899361427199831,0.08310734493931449,0.026541447097871703,0.9065180562903101,0.9252734601343753,0.04,0.46,0.5,0.25
2227,0.8693707628508845,0.9933389020772916,0.04865045078134923,0.021370790029664237,0.8918074156051625,0.9252714656858477,0.04,0.1,0.86,1.0
2228,0.9114011418686218,0.9966662657895594,0.09029853350494312,0.032171790968497406,0.8989278724357951,0.9252704558032647,0.46,0.5,0.04,0.5
2229,0.8743054247546934,0.9957700063383031,0.05094089537285477,0.028103375383491114,0.8928823141196648,0.9252703649918327,0.04,0.58,0.38,1.0
2230,0.9029719515833642,0.991064999562856,0.08312311966939276,0.028958624835452935,0.9032992100232933,0.9252702294397905,0.1,0.58,0.32,0.25
2231,0.8701202405052194,0.9935921807546428,0.05058890367232448,0.022133183354150016,0.8947811393486166,0.9252685614058103,0.08,0.12,0.8,1.0
2232,0.8750901216704376,0.9956345818771475,0.05342596727453445,0.028318299661066415,0.8964963219094179,0.9252675365285694,0.64,0.08,0.28,1.0
2233,0.9063709861457134,0.9958330320285587,0.08669534191792737,0.032770604840716255,0.903666340254909,0.9252670927474576,0.32,0.66,0.02,0.25
2234,0.8771066564065381,0.9965792708145125,0.05770906355926499,0.029591967043235235,0.9014473302552994,0.9252662777115267,0.28,0.48,0.24,1.0
2235,0.878953496520075,0.9904953651429128,0.0533083496828951,0.029123677841067168,0.8947446985949747,0.9252657846033946,0.8,0.0,0.2,1.0
2236,0.9063960134441376,0.9951118356937552,0.0924213910464257,0.027305519437562913,0.9080533921357162,0.9252653078132018,0.06,0.5,0.44,0.5
2237,0.9029504316248752,0.9908544420399176,0.083917284986656,0.027872287532229326,0.9035827363701042,0.9252628385634971,0.08,0.52,0.4,0.25
2238,0.8767207539609906,0.9965937642686886,0.057735397531158354,0.030192605745092003,0.9030227529667084,0.9252612682841972,0.26,0.54,0.2,1.0
2239,0.9028943353582334,0.9925559016352156,0.08291994263687924,0.029519847616845632,0.9022598668218964,0.9252610583460632,0.1,0.62,0.28,0.25
2240,0.9110866252586737,0.996751559681761,0.0917325085892701,0.03172243262923567,0.901557567823676,0.9252594631315617,0.4,0.52,0.08,0.5
2241,0.8746465500370351,0.9958198857406628,0.05135131034167933,0.02806378546111972,0.8928140052398735,0.9252594354113488,0.06,0.56,0.38,1.0
2242,0.8734293834566699,0.9955926370558452,0.055136995419397525,0.026750528156579623,0.9009972106220545,0.9252580125851535,0.44,0.14,0.42,1.0
2243,0.9087733432684505,0.9933293862883543,0.0867453319699001,0.029158642744246586,0.8965691147634264,0.9252556375388046,0.68,0.1,0.22,0.75
2244,0.8738544593949664,0.9949829701057181,0.047144570038376604,0.0318101519713812,0.8921112320250503,0.9252553902639873,0.86,0.14,0.0,1.0
2245,0.9127432494558786,0.9962350355799173,0.0922106286567037,0.03222876047588515,0.900327444413833,0.9252552314045931,0.58,0.4,0.02,0.5
2246,0.8763350616669826,0.9959531467441057,0.05652918533964919,0.028034380338179808,0.8991943261770899,0.9252548882996372,0.5,0.18,0.32,1.0
2247,0.8709659379947254,0.9937556274160942,0.05013559733785111,0.022938561534150758,0.8930356188269849,0.9252546804977847,0.24,0.04,0.72,1.0
2248,0.8696479423433698,0.9935750357803939,0.04932005803731272,0.02221236319889253,0.8933121014497656,0.925254220018399,0.04,0.16,0.8,1.0
2249,0.8767738958540858,0.9898099657561749,0.051122150952604285,0.025027791895751682,0.8900349205118094,0.9252526085854932,0.46,0.0,0.54,1.0
2250,0.8747263809728074,0.9960956609532279,0.051326493158899734,0.02966775195483407,0.8944094706219118,0.9252504382078331,0.1,0.64,0.26,1.0
2251,0.875082779053799,0.9961455346472559,0.052496824181924216,0.02962816203246259,0.8958431623781842,0.9252501242815269,0.12,0.62,0.26,1.0
2252,0.8712267305947105,0.9942729392677119,0.05096366685803188,0.024096854082349427,0.8950954626534217,0.9252489027617934,0.08,0.26,0.66,1.0
2253,0.874308207500461,0.9960437836347747,0.05012739968818464,0.029707341877205362,0.893031212260496,0.9252485330704272,0.08,0.66,0.26,1.0
2254,0.8768073328629561,0.9965783860230996,0.057876186893124924,0.029912081355349108,0.9026664357629508,0.9252469692924697,0.26,0.52,0.22,1.0
2255,0.9032686855157577,0.9930772036106887,0.08346436902476694,0.02976435074797994,0.9022598668218964,0.9252455698134276,0.12,0.62,0.26,0.25
2256,0.874350236977233,0.9957381709724347,0.0512531436687506,0.027822850993748087,0.8928823141196648,0.9252450424180599,0.04,0.56,0.4,1.0
2257,0.8771581085524218,0.9967059101531881,0.0585838372525008,0.030954999069577768,0.90456278495389,0.9252430147217869,0.3,0.56,0.14,1.0
2258,0.9096692020184436,0.9936500404047134,0.08708147186613181,0.029197072112348118,0.8950671141273628,0.9252425178399588,0.66,0.12,0.22,0.75
2259,0.8723377767300536,0.996049863008031,0.04467865023079843,0.031509257982775894,0.8888272029981682,0.9252395078990737,0.02,0.84,0.14,1.0
2260,0.8744890001301274,0.9963938584926949,0.05038350863083403,0.031030783981176733,0.894500250159347,0.9252370519317511,0.12,0.72,0.16,1.0
2261,0.8778196659320758,0.9965511173225878,0.05880039833484026,0.02915308296400719,0.9013611020183416,0.9252359074719668,0.36,0.38,0.26,1.0
2262,0.8707890814416797,0.9935988480860637,0.04862427284149409,0.022658037144407953,0.8901197033745584,0.9252329002636646,0.24,0.02,0.74,1.0
2263,0.9011040086895233,0.9913923210106359,0.07238409001897292,0.031783577617695215,0.889554329491178,0.9252308511166635,0.92,0.08,0.0,0.75
2264,0.9065559113655278,0.9957034357740645,0.0873212939141488,0.03228159857844758,0.9037346491347003,0.9252305668914935,0.28,0.66,0.06,0.25
2265,0.8760200378980265,0.9966220205105838,0.05587544967978638,0.031113358759063087,0.9018382894375039,0.9252301392777147,0.22,0.64,0.14,1.0
2266,0.9128558258344636,0.9960785873331252,0.09236067717250587,0.032191491662053505,0.9003274444138328,0.925229695993988,0.6,0.38,0.02,0.5
2267,0.8688756196272955,0.9933953974360868,0.04872380277343984,0.021690904341778196,0.8930242761749828,0.9252287383345947,0.02,0.14,0.84,1.0
2268,0.8731401692758375,0.9954788186301589,0.05443762674889366,0.026268659221836663,0.8994952099859909,0.9252270444011277,0.4,0.14,0.46,1.0
2269,0.8740998205172336,0.9957376515142503,0.05565687965334918,0.02727198701369401,0.9009972106220545,0.9252265972194287,0.46,0.16,0.38,1.0
2270,0.8708145519900155,0.9939716478124657,0.05090971206263913,0.023215690990749806,0.8947832379204058,0.9252250224336146,0.1,0.18,0.72,1.0
2271,0.8755548364574468,0.9963079252673435,0.053800656446563434,0.029829506577462854,0.8973451630142476,0.9252249248135744,0.16,0.6,0.24,1.0
2272,0.8725337517396498,0.9961240713200789,0.044623016405249606,0.03175019245014725,0.8884708857944106,0.9252238497035669,0.04,0.84,0.12,1.0
2273,0.873237744194398,0.9950723625800774,0.05458230865184469,0.0259451499765789,0.8995277309277515,0.9252231820867205,0.28,0.22,0.5,1.0
2274,0.8742574212045516,0.9959380596234332,0.05044151655485054,0.02918588302009112,0.8929757788656394,0.9252227803729878,0.06,0.64,0.3,1.0
2275,0.8740779142073994,0.9956851291543155,0.051187300293488565,0.027581916526376732,0.8928823141196648,0.9252225745900594,0.02,0.56,0.42,1.0
2276,0.912706763705531,0.9946675448211926,0.08845454365820374,0.030446121590245144,0.8921314217350268,0.9252200634810859,0.74,0.14,0.12,0.75
2277,0.8703989255806102,0.9935501959750188,0.049521196392194766,0.02205400350940743,0.8917391067253715,0.9252134754865784,0.12,0.08,0.8,1.0
2278,0.9087392551105862,0.9933394272438076,0.08721450852589548,0.028916518722287454,0.8969254319671839,0.9252134138815915,0.66,0.1,0.24,0.75
2279,0.9001160762734265,0.9898805435692641,0.08247155025613037,0.026260835707175308,0.90496062225939,0.9252125713011021,0.04,0.44,0.52,0.25
2280,0.9064396226450027,0.9956661032847727,0.08723880267805215,0.03203709544731317,0.9033783319309426,0.9252093353870521,0.26,0.66,0.08,0.25
2281,0.8752165018650173,0.9959682966564269,0.05242441491144631,0.02854565439586281,0.8938913797923884,0.9252082824648052,0.1,0.56,0.34,1.0
2282,0.8733023323327677,0.9955659334801714,0.05441026439288482,0.026710938234208444,0.8994952099859909,0.9252081998502986,0.46,0.12,0.42,1.0
2283,0.8721569557050179,0.9945991390283137,0.053327884935700086,0.024661297794978814,0.8979248148148485,0.9252062452014177,0.22,0.18,0.6,1.0
2284,0.8746345444928648,0.9963195074723546,0.0507987791378949,0.030750259591433977,0.894500250159347,0.9252058457252369,0.12,0.7,0.18,1.0
2285,0.8701372156520909,0.9952763897715555,0.04234957453386084,0.03303743956489112,0.891333706902285,0.9252056870509734,0.24,0.76,0.0,1.0
2286,0.8720694496260504,0.9960670907530895,0.04415196217936785,0.031789782372518484,0.8884708857944107,0.9252040115190983,0.02,0.86,0.12,1.0
2287,0.8773926835338279,0.9961134366981292,0.05753646960359321,0.02879677366266559,0.8995332859187575,0.9252039428466757,0.54,0.2,0.26,1.0
2288,0.8731220853894157,0.9950436097133246,0.05454219238935322,0.02590556005420782,0.8995277309277515,0.9252036646062782,0.3,0.2,0.5,1.0
2289,0.8709669331862765,0.9953257554240624,0.04653842845938159,0.032879079875406135,0.8974562926293157,0.9252034191989854,0.32,0.68,0.0,1.0
2290,0.87292393488422,0.9954496718885191,0.054307829059942074,0.026229069299465495,0.8994952099859909,0.9252031717533045,0.42,0.12,0.46,1.0
2291,0.8760182065341039,0.996286564690137,0.055415506093782006,0.02922886787560591,0.8985979354232435,0.9252028282361469,0.18,0.54,0.28,1.0
2292,0.87749667889618,0.9965323540363031,0.057960233782742836,0.028951738419006987,0.8999112098410014,0.9252014021972227,0.32,0.4,0.28,1.0
2293,0.9087987491919993,0.9933394614937978,0.08698364025250271,0.029400766766205698,0.8969254319671839,0.9252010321373548,0.7,0.1,0.2,0.75
2294,0.9124872764288527,0.9959866946094831,0.0920432587534824,0.03215422284822168,0.9002920982712542,0.9251990867009404,0.62,0.36,0.02,0.5
2295,0.8748927185749433,0.9960568328810318,0.051875737819644996,0.02938722756509113,0.8944094706219118,0.9251921416459347,0.1,0.62,0.28,1.0
2296,0.9127696518442229,0.9963521505671581,0.09249363712967375,0.03226602928971701,0.900327444413833,0.9251916066223194,0.56,0.42,0.02,0.5
2297,0.8747495047845742,0.9958584740629277,0.05678110752412769,0.02779344587080829,0.9021983274492171,0.9251911180397839,0.48,0.18,0.34,1.0
2298,0.8773460219995572,0.9965552216130773,0.058414893214167936,0.02927185273112112,0.901413210477065,0.9251897255163366,0.3,0.44,0.26,1.0
2299,0.9069971929357566,0.9932084039063894,0.08508500635248459,0.027948022634451074,0.8949936920520176,0.9251895244038507,0.58,0.1,0.32,0.75
2300,0.8739346998876233,0.9961388444825081,0.04864974625231973,0.03054891504643373,0.8915645577670112,0.9251887877626825,0.08,0.72,0.2,1.0
2301,0.9013002494107034,0.9903841382998163,0.08373206622968553,0.026749841969443983,0.9049972824048659,0.9251873521924339,0.08,0.44,0.48,0.25
2302,0.8760076662430181,0.9965063982520814,0.055707943115632576,0.03003085112246307,0.8999245382028261,0.9251868554624394,0.2,0.58,0.22,1.0
2303,0.9124471868388956,0.9963018573107506,0.09170690727658934,0.0318539397642872,0.8989278724357951,0.9251868074921532,0.48,0.46,0.06,0.5
2304,0.8765828202198749,0.9966710836215108,0.05591051754769152,0.031034178914320434,0.9003362888014403,0.925186750866623,0.26,0.6,0.14,1.0
2305,0.8732546194755116,0.9953938444045323,0.05475498538710826,0.026106904599207715,0.8994586374790682,0.9251839280289663,0.34,0.18,0.48,1.0
2306,0.8772968724792986,0.9966105524722065,0.05786416812990207,0.02983290151060672,0.9010910130515419,0.9251816465889955,0.3,0.48,0.22,1.0
2307,0.8776315104732825,0.9961282212772219,0.057703632029743455,0.02903770813003707,0.8995332859187575,0.9251813888412557,0.56,0.2,0.24,1.0
2308,0.8763677721242187,0.9965119581671533,0.05722795021546957,0.02971073681034904,0.9016573700902272,0.9251810875185831,0.22,0.54,0.24,1.0
2309,0.903401389340725,0.9908169383006749,0.08485146644079099,0.027555567881971173,0.9035473902275256,0.9251809945357962,0.1,0.48,0.42,0.25
2310,0.8771380308539749,0.9964839188418626,0.05778858490354139,0.028750393874006835,0.8999112098410014,0.9251763388117548,0.28,0.42,0.3,1.0
2311,0.8753149414185611,0.9960894160383525,0.053334937791795226,0.029067113252977093,0.8958051310270662,0.9251760317831168,0.12,0.58,0.3,1.0
2312,0.9032096536266426,0.9907424959470275,0.08482626791527803,0.027274956491274756,0.9035473902275256,0.9251757005042227,0.1,0.46,0.44,0.25
2313,0.8696440753031035,0.9930468267235686,0.043429577953460606,0.02024869247069301,0.8793717873416058,0.9251751488582969,0.04,0.02,0.94,1.0
2314,0.9036717753701651,0.9920397942415857,0.08163215426551837,0.026137866376432596,0.8936530417601475,0.9251738239088338,0.5,0.04,0.46,0.75
2315,0.8775002979443832,0.9964958264217805,0.05818464678791815,0.02863162410689298,0.8997581859054385,0.9251733261356581,0.34,0.36,0.3,1.0
2316,0.8766680856600535,0.996621152844166,0.05765959453287366,0.030473130134834693,0.9027398132566476,0.9251729023677222,0.26,0.56,0.18,1.0
2317,0.8749543483695162,0.9964087515300898,0.052662995625256954,0.03071066966906259,0.8970796253479254,0.9251720985833615,0.14,0.68,0.18,1.0
2318,0.8743222798003846,0.9957137678544342,0.05165928648224452,0.027542326604005483,0.8928823141196648,0.9251719116306698,0.04,0.54,0.42,1.0
2319,0.8730939907397998,0.99549445660484,0.0544502465148318,0.02647000376683696,0.8994952099859909,0.9251716263327714,0.44,0.12,0.44,1.0
2320,0.8746446725648676,0.9958003860795892,0.051843543901723535,0.027783261071377005,0.8928140052398735,0.925170023515279,0.06,0.54,0.4,1.0
2321,0.9098141440375892,0.9938018877361585,0.08758905070993823,0.029439196134307264,0.8954234313311203,0.9251673440254271,0.68,0.12,0.2,0.75
2322,0.8737913118716504,0.9959092211317051,0.04995934542718717,0.02950599733220504,0.8930665584030747,0.9251673410464988,0.04,0.68,0.28,1.0
2323,0.8742215965445918,0.9962449794937317,0.04969191926695846,0.030789849513805288,0.8930665584030746,0.9251671826453982,0.1,0.72,0.18,1.0
2324,0.9071458060069852,0.9932252977140438,0.08615743491831587,0.028190146656410238,0.8969074432866954,0.9251658428024508,0.6,0.1,0.3,0.75
2325,0.8768530740913367,0.9898578757840993,0.05137284453657143,0.025268726363123217,0.8900349205118094,0.9251630267893084,0.48,0.0,0.52,1.0
2326,0.874550797382166,0.9958535534810058,0.05141450607745841,0.028344309850862528,0.8928140052398735,0.9251614204630682,0.06,0.58,0.36,1.0
2327,0.8727493067112279,0.9953458830016225,0.0543848088548521,0.02598813483209393,0.8994952099859909,0.9251611901881738,0.4,0.12,0.48,1.0
2328,0.8773205711937836,0.9965918063109169,0.05833035622700839,0.029552377120863886,0.9014473302552994,0.9251609832864964,0.3,0.46,0.24,1.0
2329,0.8708924624540447,0.9939607049406045,0.0512344488234349,0.02317610106837849,0.8947832379204058,0.9251609729036394,0.12,0.16,0.72,1.0
2330,0.8741353587414731,0.9958142230756204,0.05622997075440518,0.026908887846064974,0.901028946994923,0.9251607655724681,0.36,0.22,0.42,1.0
2331,0.8789588227407575,0.9965829926467783,0.060026101448330135,0.030479920001122342,0.9026765208356844,0.9251607180676914,0.54,0.32,0.14,1.0
2332,0.8782494489705265,0.9965092067512759,0.059484022238523684,0.029034313196893355,0.9011907206206887,0.9251595003784446,0.42,0.32,0.26,1.0
2333,0.8705548814667212,0.9936909862679688,0.05055326329779815,0.022334527899150212,0.893279138712553,0.9251584891551671,0.12,0.1,0.78,1.0
2334,0.8742704831961872,0.9957598198203916,0.05591526137670953,0.027512921481065482,0.9009972106220545,0.925158381169372,0.48,0.16,0.36,1.0
2335,0.8761168744555947,0.9965790025229228,0.055782057943683475,0.03055230997957739,0.9002808554065838,0.9251582793570023,0.22,0.6,0.18,1.0
2336,0.911281071639382,0.9967143356507714,0.08965673727369039,0.032415104545044225,0.8974612179423102,0.9251581675723605,0.48,0.5,0.02,0.5
2337,0.8754488794929223,0.9965499984895755,0.05411301172393541,0.03091201421406285,0.8989025970451678,0.925156435602938,0.18,0.66,0.16,1.0
2338,0.8762795263899402,0.9966449965456602,0.055659340267574256,0.03107376883669162,0.9003362888014403,0.9251564061150728,0.24,0.62,0.14,1.0
2339,0.8789437810933739,0.990496581017564,0.05273028001083128,0.029364612308438644,0.8932426979589113,0.9251563610175332,0.82,0.0,0.18,1.0
2340,0.8757327932364268,0.9964370991052921,0.05473111962123715,0.030070441044834348,0.8984908464465537,0.9251528786227661,0.18,0.6,0.22,1.0
2341,0.8715639041213908,0.9942298242384121,0.05240219955029793,0.023898904470493042,0.8963218987019455,0.9251520700987945,0.18,0.16,0.66,1.0
2342,0.8745897454245515,0.9961278787773201,0.05137886808671495,0.029948276344576943,0.8944649040167684,0.9251513781385249,0.1,0.66,0.24,1.0
2343,0.873608858688732,0.9962228796875707,0.04810884154912591,0.031109963825919164,0.8915825464474998,0.9251502013365289,0.08,0.76,0.16,1.0
2344,0.8728331023782679,0.9949514201564343,0.05457669996745297,0.02562503566446483,0.8995277309277515,0.9251492893649895,0.3,0.18,0.52,1.0
2345,0.8747307325927646,0.9965142814581536,0.05158111409806633,0.03127171844854822,0.8959339419156194,0.925148946091624,0.14,0.72,0.14,1.0
2346,0.8776481112998714,0.9964762068857413,0.058438788768503426,0.02855244426215042,0.8996887199846251,0.9251468134177108,0.38,0.32,0.3,1.0
2347,0.9127773488649303,0.9962209702506184,0.09481983090700268,0.03133004379736211,0.9033637772047738,0.9251456880528229,0.46,0.44,0.1,0.5
2348,0.876344583977668,0.9966229909269722,0.05594890061562143,0.030793244446948934,0.9003362888014403,0.9251451779709031,0.24,0.6,0.16,1.0
2349,0.869425077568557,0.9934141550140398,0.048823279965347195,0.021651314419406948,0.8914842441878011,0.9251445994897738,0.04,0.12,0.84,1.0
2350,0.8707285754530762,0.9953137165525157,0.0449552870112965,0.032918669797777654,0.8945559463795585,0.925143934189591,0.3,0.7,0.0,1.0
2351,0.8740527772025402,0.9956597670365902,0.05085220710269639,0.027301392136633955,0.89139830216409,0.9251414197124734,0.02,0.54,0.44,1.0
2352,0.8738889716032415,0.995683485154787,0.05495339163291344,0.027232397091322733,0.8994952099859909,0.925140819216058,0.48,0.14,0.38,1.0
2353,0.8743527526793409,0.9962068621088317,0.04931631881838572,0.030509325124062465,0.8915645577670112,0.9251399920415294,0.1,0.7,0.2,1.0
2354,0.9036947069128499,0.9920506629051349,0.08161289910876272,0.026379990398391645,0.8936530417601475,0.9251394647306124,0.52,0.04,0.44,0.75
2355,0.9049795522059332,0.9925764972959747,0.08416819443408187,0.027386915854329705,0.8968139785407206,0.9251392465242927,0.58,0.06,0.36,0.75
2356,0.9109929878237724,0.9942862853472172,0.08804220379190379,0.029719749524367796,0.8936334223710903,0.9251382924401013,0.68,0.14,0.18,0.75
2357,0.869768093045429,0.9934265706354787,0.04923570509836942,0.02161172449703574,0.8914842441878011,0.9251382837216957,0.06,0.1,0.84,1.0
2358,0.8727569365988905,0.9949088731061382,0.0545342415053998,0.025585445742093506,0.899494768190539,0.9251352820700538,0.32,0.16,0.52,1.0
2359,0.8769691393069757,0.9966135379296835,0.05846812300931264,0.030153015822720623,0.9030227529667084,0.925135248038883,0.28,0.52,0.2,1.0
2360,0.8775251909407511,0.9904052648354232,0.05197989424260919,0.027196202102095203,0.891672398198399,0.9251317391869307,0.64,0.0,0.36,1.0
2361,0.8749551532230547,0.996180495324728,0.05259846955847058,0.02990868642220556,0.8958431623781842,0.9251316470998412,0.12,0.64,0.24,1.0
2362,0.9061832380227827,0.9929870233865554,0.08452629282941242,0.027667469244390355,0.8949936920520176,0.9251294521757983,0.58,0.08,0.34,0.75
2363,0.8765680156521246,0.9895689485753065,0.05076579124435851,0.024545922961008736,0.8885329198757459,0.9251285893160853,0.42,0.0,0.58,1.0
2364,0.9006238772912372,0.9944803400832225,0.07868789510801423,0.0331595410100988,0.9007010777950569,0.9251279404570287,0.26,0.74,0.0,0.25
2365,0.9118639975829346,0.9963497816095043,0.09114232193736385,0.032134522154665696,0.8989278724357951,0.9251258277759141,0.48,0.48,0.04,0.5
2366,0.8863965259196137,0.9832286046647619,0.057054243867386084,0.020365319217515474,0.8817006269072035,0.9251229037303463,0.0,0.06,0.94,0.75
2367,0.9063574234781168,0.9957182089364938,0.0881008453189389,0.032489993450019836,0.9051683408909726,0.9251216802995993,0.32,0.64,0.04,0.25
2368,0.8711722434431507,0.9953347003798301,0.047805162979546484,0.032839489953034644,0.8988719957050995,0.9251211251431817,0.34,0.66,0.0,1.0
2369,0.877475947634085,0.9966728474960049,0.058741411337377515,0.03035436036772094,0.9026484470824622,0.9251209178372006,0.32,0.5,0.18,1.0
2370,0.8723142538332204,0.9946967515003151,0.05367303053610286,0.024902232262350353,0.8979248148148485,0.9251203016479871,0.24,0.18,0.58,1.0
2371,0.9129724544850873,0.9963096491835156,0.09310377321229504,0.032022715713170224,0.900327444413833,0.9251186868622088,0.54,0.42,0.04,0.5
2372,0.875408569315035,0.9961966242159349,0.053346880647837165,0.029588572110091367,0.8958431623781842,0.925118168330104,0.14,0.6,0.26,1.0
2373,0.8789790498781427,0.990483269188049,0.053361136910829166,0.028641808906324208,0.8931771286246505,0.9251176433345928,0.76,0.0,0.24,1.0
2374,0.8777133915108457,0.996715094858887,0.05904269227286623,0.030595294835092466,0.9030047642862197,0.9251168174894419,0.34,0.5,0.16,1.0
2375,0.8714916782233703,0.994241149568497,0.053146166387557,0.02398147924837937,0.8977568168225618,0.9251161604380765,0.28,0.08,0.64,1.0
2376,0.8730774245266146,0.9950137323052278,0.054819159189742686,0.02586597013183627,0.8995277309277515,0.9251137869948152,0.32,0.18,0.5,1.0
2377,0.8732643177006678,0.9955402402792077,0.05483860681879915,0.02650959368920818,0.8994952099859909,0.9251096168907902,0.42,0.14,0.44,1.0
2378,0.8756573104282863,0.9965025622531817,0.05486254226514328,0.030350965434577076,0.8989025970451678,0.9251077904050263,0.18,0.62,0.2,1.0
2379,0.8688886957384088,0.9933098352522955,0.04867512658939912,0.021410379952035458,0.8918074156051625,0.9251074476107006,0.02,0.12,0.86,1.0
2380,0.902585632767444,0.9916011603257339,0.07761729315898239,0.030457669403595063,0.893851369628298,0.9251064186570812,0.88,0.02,0.1,0.75
2381,0.8727122855663773,0.9953984909865329,0.054430315735482244,0.02618947937709417,0.8994952099859909,0.9251045756232527,0.44,0.1,0.46,1.0
2382,0.8749585956338557,0.9958922559699046,0.05208952536829248,0.028304719928491245,0.8928140052398735,0.9251027138997061,0.08,0.56,0.36,1.0
2383,0.873869064900062,0.9956977388590319,0.05599551511454357,0.02703105254632247,0.9009972106220545,0.925101860989362,0.44,0.16,0.4,1.0
2384,0.87074768329427,0.9938693773418003,0.05146109256691248,0.022895576678635687,0.8948185840629845,0.925099851254269,0.12,0.14,0.74,1.0
2385,0.8725746518815314,0.9953047487634212,0.054423916006027175,0.025948544909722718,0.8994952099859909,0.9250992576493962,0.42,0.1,0.48,1.0
2386,0.8711214831785016,0.9938931068766605,0.05158745962489943,0.023219085923893483,0.8947161554049586,0.9250990226764342,0.24,0.06,0.7,1.0
2387,0.8996968648773586,0.9892058473044562,0.08147643042072364,0.025980224316478805,0.9034205902722083,0.9250978518129488,0.04,0.42,0.54,0.25
2388,0.8758624868679701,0.9965558552378955,0.05556708820352612,0.030591899901948542,0.900048280477474,0.9250977139197334,0.2,0.62,0.18,1.0
2389,0.8726104192784081,0.9948787759272711,0.0546537712870918,0.02538410119709321,0.8995277309277515,0.9250975366120038,0.28,0.18,0.54,1.0
2390,0.8773523529141112,0.9965246278093526,0.05814481313026029,0.028991328341378277,0.8999112098410014,0.9250957691422225,0.3,0.42,0.28,1.0
2391,0.8741254642696197,0.9959640953242986,0.04978670355006009,0.02946640740983386,0.8914737782295757,0.9250946327692242,0.06,0.66,0.28,1.0
2392,0.8762052154783674,0.9965593087785716,0.056284194882378506,0.030271785589834548,0.9002808554065838,0.9250930463858694,0.22,0.58,0.2,1.0
2393,0.8710275256944299,0.9938336546020468,0.05063836599799879,0.02317949600152225,0.8930356188269849,0.9250916056215727,0.26,0.04,0.7,1.0
2394,0.8771576207516526,0.9903141141949016,0.05153204866877451,0.026232464232609207,0.8900682557211519,0.925089142654124,0.56,0.0,0.44,1.0
2395,0.8789293518768331,0.9905018440993877,0.05279240101520013,0.029605546775810156,0.8932426979589113,0.9250867104883826,0.84,0.0,0.16,1.0
2396,0.900102376145528,0.9908835545315671,0.07149395105919931,0.03166828951339083,0.8892318496269117,0.925085571835419,0.98,0.02,0.0,0.75
2397,0.9130643437708631,0.9962102271703666,0.09328855146469094,0.03198544689933842,0.900327444413833,0.9250854783750564,0.56,0.4,0.04,0.5
2398,0.8779159706993898,0.9962022012560019,0.05758945992259698,0.02907729805240844,0.8980833937414172,0.9250853652013873,0.54,0.22,0.24,1.0
2399,0.8777184828989693,0.9965216366435439,0.058563919710311683,0.02887255857426447,0.8997581859054385,0.925085031228968,0.36,0.36,0.28,1.0
2400,0.8705864630716331,0.9936341940759253,0.05004002463488004,0.022294937976778922,0.8917391067253715,0.9250844473689881,0.14,0.08,0.78,1.0
2401,0.8698231723394859,0.9935300798141221,0.049342563788846494,0.021892248886778497,0.8914842441878011,0.9250833961081953,0.06,0.12,0.82,1.0
2402,0.9066530951512245,0.9957631677569314,0.08645277775508628,0.032317706838009615,0.9008492769416667,0.9250792551348874,0.26,0.68,0.06,0.25
2403,0.9030953218129489,0.990973985922295,0.08364197661326526,0.028397402054060127,0.9021160818766194,0.9250786533288882,0.1,0.54,0.36,0.25
2404,0.8754032963665948,0.9960484815917605,0.0537289195001484,0.028786588863234288,0.8953933804284521,0.9250770612973261,0.12,0.56,0.32,1.0
2405,0.8706188052969249,0.9935511892247338,0.049276094388697574,0.02225534805440757,0.8901849976305847,0.9250769246047037,0.16,0.06,0.78,1.0
2406,0.8736974835637086,0.995660971494578,0.055300272230253744,0.026790118078951035,0.8995473184447143,0.9250761792429368,0.42,0.16,0.42,1.0
2407,0.9094693247135398,0.9936340399509695,0.08705527833293479,0.028954948090389003,0.893989739574848,0.9250745310580301,0.64,0.12,0.24,0.75
2408,0.8754609603520378,0.9963494077137782,0.05387676327738691,0.030110030967205582,0.8969888458104901,0.9250714721009234,0.16,0.62,0.22,1.0
2409,0.8739736613039338,0.9959880417757634,0.04957743061413538,0.02974693179957651,0.8915645577670112,0.925070579305275,0.06,0.68,0.26,1.0
2410,0.9122611302997095,0.9963233149295958,0.0917610609050171,0.0320972533408338,0.8989278724357951,0.925069921023679,0.5,0.46,0.04,0.5
2411,0.9038190577683098,0.9920482311558324,0.08249959595473307,0.026864238442309944,0.8952939892241685,0.9250698511071838,0.56,0.04,0.4,0.75
2412,0.8775009126893791,0.9966214553857459,0.05849864299450505,0.02979331158823549,0.9010910130515419,0.9250693413253785,0.32,0.46,0.22,1.0
2413,0.8764725671035772,0.9965806179807928,0.057408119774796526,0.03023219566746317,0.9016624387041328,0.9250673075591477,0.24,0.56,0.2,1.0
2414,0.9037187134426143,0.9957049713152907,0.08350630044137679,0.030990359326315386,0.8992557480223873,0.9250668249622214,0.04,0.78,0.18,0.5
2415,0.8732092568188682,0.9959310440837789,0.04778132606852064,0.030106636034061936,0.8901488546912274,0.9250666582218683,0.02,0.74,0.24,1.0
2416,0.8780931591451908,0.9962112660867352,0.058245968587734634,0.029318232519779944,0.899176968715,0.9250663024532018,0.56,0.22,0.22,1.0
2417,0.8755832244385081,0.9961354366084856,0.05483857308916582,0.029027523330605702,0.8973071316631298,0.9250627804171403,0.14,0.56,0.3,1.0
2418,0.8769834940634363,0.996641337505043,0.058374898155732005,0.030433540212463462,0.9026664357629508,0.9250610709504028,0.28,0.54,0.18,1.0
2419,0.9025343714660928,0.9916035121583926,0.07582853899871912,0.03069979342555413,0.8905263972949921,0.9250603477384632,0.9,0.02,0.08,0.75
2420,0.8709025063520929,0.9937532185001184,0.050971588089583804,0.02277680691152191,0.8932611500320644,0.9250602543305355,0.18,0.08,0.74,1.0
2421,0.8735734920292141,0.9960617306296269,0.047882580928704524,0.03058850496880498,0.8900805458114361,0.9250596956710015,0.06,0.74,0.2,1.0
2422,0.9039408484545733,0.992067428275326,0.08251407825349483,0.02710636246426903,0.8953119779046571,0.9250593626705474,0.58,0.04,0.38,0.75
2423,0.8768667809166556,0.9966855285548676,0.05736563983443117,0.030994588991949026,0.9016462382830647,0.9250586566809854,0.28,0.58,0.14,1.0
2424,0.8703054274477424,0.9935791571958784,0.04995861824025862,0.022093593431778746,0.8917391067253715,0.9250556389791772,0.1,0.1,0.8,1.0
2425,0.8752663051672209,0.996490671798259,0.053443944256535765,0.030671079746691324,0.8970442792053467,0.9250552555824787,0.16,0.66,0.18,1.0
2426,0.8724718450700153,0.9948057720732111,0.053823788316858884,0.02530492135235066,0.8978918520776359,0.9250549503758436,0.32,0.14,0.54,1.0
2427,0.874768845936591,0.9962635943633924,0.05163003609496482,0.030469735201691082,0.894500250159347,0.9250540040120252,0.12,0.68,0.2,1.0
2428,0.9132200433887767,0.9961716730980917,0.09371126341119394,0.03174213332279166,0.900327444413833,0.9250530989791096,0.54,0.4,0.06,0.5
2429,0.9068266860810835,0.995694393776658,0.08782052544897645,0.031828700575740956,0.9023512775777303,0.9250494691016349,0.22,0.68,0.1,0.25
2430,0.8769466635758627,0.9900251869861089,0.05178634342262669,0.025509660830494697,0.8900349205118094,0.9250487028630283,0.5,0.0,0.5,1.0
2431,0.9037201928786627,0.9908888061967274,0.08552791413668068,0.027800071013105415,0.9035827363701041,0.9250486355294891,0.12,0.48,0.4,0.25
2432,0.9125747705892365,0.9963755861229361,0.09203033591186967,0.03230329810354881,0.8988937526575606,0.9250478305268557,0.54,0.44,0.02,0.5
2433,0.8709691636435473,0.9939460259656482,0.05174945663273882,0.023136511146007198,0.8948185840629845,0.9250464014776074,0.14,0.14,0.72,1.0
2434,0.8709236380075421,0.9938354013515457,0.05105880887843745,0.022816396833893193,0.8932611500320644,0.9250458366705018,0.16,0.1,0.74,1.0
2435,0.8703308221422965,0.9936991377656307,0.05069459348116109,0.022374117821521478,0.893279138712553,0.9250437968270817,0.1,0.12,0.78,1.0
2436,0.8710403487486246,0.9939374463431091,0.05185618218814587,0.023096921223635956,0.8948185840629845,0.9250435935643198,0.16,0.12,0.72,1.0
2437,0.8767108852501535,0.9897077295354996,0.051120005636436885,0.024786857428380177,0.8885329198757459,0.9250418757766762,0.44,0.0,0.56,1.0
2438,0.8755714837199889,0.9965234490388574,0.054633585527063634,0.03063148982432,0.8985462798414103,0.9250416859019972,0.18,0.64,0.18,1.0
2439,0.8781076360486184,0.9967282468551145,0.05899691180410529,0.0305161149903499,0.9015027636501561,0.9250408089747968,0.38,0.46,0.16,1.0
2440,0.8778408118502641,0.9967369406442875,0.0592881323639454,0.030836229302463946,0.9030047642862197,0.925039314525156,0.36,0.5,0.14,1.0
2441,0.8778828589823899,0.9965237401637739,0.05813423432177803,0.028832968651893127,0.8982388278072848,0.9250386548476159,0.38,0.34,0.28,1.0
2442,0.874866148167104,0.9959214883365197,0.05185334255928212,0.02858524431823404,0.892457688036116,0.9250379600096211,0.08,0.58,0.34,1.0
2443,0.9039579720240888,0.9920609664438461,0.08243873117818004,0.027348486486228108,0.8953119779046571,0.9250368462326687,0.6,0.04,0.36,0.75
2444,0.8779639602365625,0.9964914937980232,0.058992553778631884,0.028793378729521833,0.8996887199846251,0.9250358914353001,0.4,0.32,0.28,1.0
2445,0.9086915581761685,0.9933169906460765,0.08716572629753645,0.02867439470032839,0.8954234313311203,0.9250329395963762,0.64,0.1,0.26,0.75
2446,0.8740715524249543,0.9957496161774851,0.05645595132593534,0.02707064246869371,0.9010139729381991,0.9250321313997811,0.42,0.18,0.4,1.0
2447,0.8719042766772104,0.994488554372533,0.05287188558334018,0.02438077340523606,0.896118416010804,0.9250305724529098,0.22,0.16,0.62,1.0
2448,0.8749213544526131,0.9965646888811951,0.05187406483854459,0.03151265291591965,0.8955956133923505,0.9250302298749676,0.16,0.72,0.12,1.0
2449,0.8692244148635632,0.9930609148861943,0.0430637689449421,0.020007758003321472,0.8781949754299029,0.925028579226048,0.02,0.02,0.96,1.0
2450,0.8734559722098931,0.9955168646609126,0.05540020384987721,0.026347839066579344,0.8994586374790682,0.9250284292989582,0.36,0.18,0.46,1.0
2451,0.909033135287249,0.9933872059801031,0.08691769038821756,0.029642890788164844,0.8954234313311203,0.9250238138475044,0.72,0.1,0.18,0.75
2452,0.9127842696769161,0.9959624341997751,0.09390227008687804,0.03191090927167495,0.9017940989073177,0.9250221111382927,0.6,0.36,0.04,0.5
2453,0.8698857348732467,0.9935895435053993,0.050445614244346446,0.022172773276521236,0.8933474475923442,0.9250161869703482,0.06,0.14,0.8,1.0
2454,0.8776773889087965,0.9965556554462862,0.05863550546563255,0.029192672886378484,0.8999112098410014,0.9250160812973992,0.34,0.4,0.26,1.0
2455,0.8740758590451774,0.9957129144588457,0.050946506155763835,0.027862440916119564,0.8913803134836012,0.9250141993653884,0.02,0.58,0.4,1.0
2456,0.8735902750163328,0.9955411764456059,0.05561116699073149,0.026387428988950624,0.8995269463588593,0.9250138241606642,0.34,0.2,0.46,1.0
2457,0.8779234364830436,0.9967242624395907,0.058877893840338126,0.030555704912721207,0.9015027636501561,0.9250113747835423,0.36,0.48,0.16,1.0
2458,0.8786976586431987,0.9965396435758789,0.059983286024632126,0.02951618213163643,0.9008182029958633,0.9250022202956014,0.46,0.32,0.22,1.0
2459,0.8689252590349617,0.993113662725231,0.04330170300954334,0.020288282393064287,0.8793879877626737,0.9250009383662784,0.02,0.04,0.94,1.0
2460,0.8788401542376102,0.9965286550373641,0.060176562238432346,0.02971752667663655,0.9011745201996209,0.9250007316376769,0.5,0.3,0.2,1.0
2461,0.8772138906496174,0.9903356688553856,0.051744499246687545,0.026473398699980645,0.8900682557211519,0.9249997696500739,0.58,0.0,0.42,1.0
2462,0.8765558666362552,0.9959536148273048,0.05675641488506632,0.028476659350551534,0.8980666314252727,0.9249980253999884,0.56,0.16,0.28,1.0
2463,0.8759387099470037,0.9963200269305389,0.055948854482116346,0.029509392265348683,0.8987408234194021,0.9249954351025692,0.18,0.56,0.26,1.0
2464,0.9014611519052762,0.9909850657941169,0.08094462994932175,0.029347561004835515,0.9008944839454153,0.9249950825886499,0.04,0.66,0.3,0.25
2465,0.8762280269801788,0.9958956866772539,0.056565028375925606,0.028235724883179984,0.8980666314252727,0.9249943936476583,0.54,0.16,0.3,1.0
2466,0.9006755721980634,0.9899535531316559,0.08367851600228585,0.026505338838309498,0.90496062225939,0.9249942141873249,0.06,0.44,0.5,0.25
2467,0.8765638868093126,0.9965562947794361,0.057715310606066786,0.029951671277720523,0.9012327440066784,0.9249940691262191,0.24,0.54,0.22,1.0
2468,0.9093338554909219,0.99344013933992,0.08719842684967805,0.02988501481012399,0.8954234313311203,0.9249925416880379,0.74,0.1,0.16,0.75
2469,0.8730919440987329,0.9959547964519658,0.04754985103217052,0.03038716042380468,0.8897925374874699,0.92499226437995,0.02,0.76,0.22,1.0
2470,0.9033620883331942,0.9918572360856162,0.08181633675008933,0.02706793309616748,0.8948377966546233,0.9249920901331496,0.6,0.02,0.38,0.75
2471,0.8737713163205035,0.9949434684503818,0.045537117256344906,0.03173097212663874,0.8873547049745478,0.9249906918361411,0.9,0.1,0.0,1.0
2472,0.8754936257227526,0.9961708139941715,0.054047710630563114,0.029308047720348576,0.8958051310270663,0.9249879971063187,0.14,0.58,0.28,1.0
2473,0.8688273303312403,0.9932514561440406,0.04842395228141088,0.021129855562292695,0.8903241882184797,0.9249863754779645,0.02,0.1,0.88,1.0
2474,0.87407095499941,0.9962963145206738,0.04922932697875436,0.031070373903547967,0.8915825464474998,0.9249844596846294,0.1,0.74,0.16,1.0
2475,0.8733983857181428,0.9960815328322803,0.047608315954176514,0.030869029358547666,0.8897242286076786,0.924979717793294,0.06,0.76,0.18,1.0
2476,0.9066036607590052,0.9957387874722577,0.08672410623428232,0.03207320370687528,0.9004929597379092,0.9249779319699063,0.24,0.68,0.08,0.25
2477,0.9116930710562288,0.9950012938504622,0.09220526711799795,0.031069162100539383,0.9002366648763976,0.9249749663827942,0.6,0.3,0.1,0.5
2478,0.8720592011379107,0.9953761942429283,0.04996646697949897,0.0326811302635494,0.9000173521170135,0.9249732914182416,0.42,0.58,0.0,1.0
2479,0.9012535749818085,0.9905504191479547,0.08220768279559271,0.026858166748130022,0.9006800067149809,0.9249688797659219,0.02,0.5,0.48,0.25
2480,0.8789091389026183,0.9965799329809892,0.06004340569992718,0.030238985533750852,0.9011745201996209,0.924963247812853,0.52,0.32,0.16,1.0
2481,0.9061571726236483,0.9923312388246563,0.08509452134171389,0.028597535964125214,0.8969254319671839,0.9249630564237433,0.68,0.06,0.26,0.75
2482,0.8756736218210338,0.9962545923243078,0.055002415376440954,0.02954898218772011,0.8973451630142476,0.9249619110294481,0.16,0.58,0.26,1.0
2483,0.8789360689430582,0.9965278615792583,0.05992268959584937,0.030440330078751018,0.9011925088801094,0.9249607768127402,0.56,0.3,0.14,1.0
2484,0.9128166149200658,0.9962818667331512,0.09364815384924853,0.031816670950455365,0.9003777646131353,0.9249594495585282,0.5,0.44,0.06,0.5
2485,0.8718628167865238,0.9953702518696328,0.049028272255470184,0.032720720185920905,0.8985674599396732,0.9249587887209048,0.4,0.6,0.0,1.0
2486,0.9053123819984715,0.9963429230489715,0.08148233630347203,0.031683031242123884,0.8917236481812993,0.9249562615346442,0.12,0.76,0.12,0.5
2487,0.873072505872415,0.9953808950540799,0.05462278620224345,0.02606731467683656,0.8980099716660719,0.9249561142796769,0.36,0.16,0.48,1.0
2488,0.9003403095968976,0.9896818879179118,0.08194817003048845,0.026224727447613196,0.9019185896361448,0.9249519753200729,0.06,0.42,0.52,0.25
2489,0.8725841657619882,0.9948478596028056,0.05438994649856417,0.02534451127472201,0.8980610764342666,0.9249490666616739,0.3,0.16,0.54,1.0
2490,0.8770094497737555,0.9967182001913296,0.05837082003479413,0.03123552345932047,0.9028473551102274,0.9249483050161321,0.3,0.58,0.12,1.0
2491,0.8765430788270129,0.9966919704071865,0.05632707345716839,0.031314703304063024,0.8999799715976828,0.9249482163791326,0.26,0.62,0.12,1.0
2492,0.9119585444883959,0.9963224358465147,0.0920159233842628,0.03189120857811905,0.8989278724357951,0.9249466846033825,0.46,0.48,0.06,0.5
2493,0.873576952364253,0.9956039795109252,0.05451808875594613,0.027192807168951456,0.8980111980304161,0.9249462056492972,0.5,0.12,0.38,1.0
2494,0.8708431109470106,0.9936781996049697,0.049541154862358466,0.022898971611779433,0.8901017146940696,0.924945570418636,0.26,0.02,0.72,1.0
2495,0.8789606593115212,0.9965883413535774,0.060426750250080506,0.03072085446849376,0.9023202036319269,0.9249448340630179,0.56,0.32,0.12,1.0
2496,0.8737316121578127,0.99558252189208,0.05327185115624073,0.028077365193694904,0.8964963219094179,0.9249448300824128,0.62,0.08,0.3,1.0
2497,0.9114773898678621,0.9966256281762157,0.09165987183035834,0.03192847739195079,0.8989278724357951,0.924943098066135,0.44,0.5,0.06,0.5
2498,0.8765677545853762,0.9959889265671762,0.05712046901770583,0.028275314805551264,0.8980666314252727,0.9249421136363507,0.52,0.18,0.3,1.0
2499,0.8737468245432516,0.995625802462999,0.05455935547463384,0.027433741636322923,0.8980111980304161,0.9249403467942527,0.52,0.12,0.36,1.0
2500,0.875651766510355,0.9965922743941159,0.05493647802168116,0.031152948681434468,0.8989025970451678,0.9249378540515553,0.2,0.66,0.14,1.0
2501,0.8713754578722096,0.9941380285564088,0.05300482996804257,0.023740544781007903,0.8963069246452215,0.9249373103180942,0.26,0.08,0.66,1.0
2502,0.8776311192920656,0.9904228293720517,0.05240293126249929,0.027437136569466707,0.8912807348520628,0.924937153295253,0.66,0.0,0.34,1.0
2503,0.8712712497192142,0.9940017992204839,0.05225155934388469,0.023499610313636406,0.8948740174578411,0.9249362122459581,0.24,0.08,0.68,1.0
2504,0.9037076271702292,0.9909756755884771,0.08575810909742267,0.02808068240380185,0.9035827363701041,0.9249353537219223,0.12,0.5,0.38,0.25
2505,0.906426381977039,0.9953796135336141,0.09276529408086963,0.02758610182794142,0.9065513914996527,0.924933939035098,0.06,0.52,0.42,0.5
2506,0.8744967969357395,0.996014973684705,0.05080570216191357,0.029426817487462564,0.8914737782295757,0.9249275614587966,0.08,0.64,0.28,1.0
2507,0.9082223224084948,0.9929172219065768,0.08663201728679952,0.03008870946398148,0.8969080745050939,0.9249260329471282,0.78,0.08,0.14,0.75
2508,0.87775871123042,0.996618635469888,0.05926337127739854,0.02975372166586412,0.9010389045928189,0.9249257056757064,0.34,0.44,0.22,1.0
2509,0.877485983258164,0.9965538630301336,0.05872695411362784,0.029232262808749805,0.8999112098410014,0.9249240862531205,0.32,0.42,0.26,1.0
2510,0.8775160055066276,0.9965775840024963,0.058581151562688664,0.029512787198492686,0.8999112098410014,0.9249226159190033,0.32,0.44,0.24,1.0
2511,0.91154219721353,0.9964977101712401,0.09362144873257534,0.03144185023885729,0.9019138850274335,0.9249225884346233,0.4,0.5,0.1,0.5
2512,0.9014633292436793,0.9903545577249677,0.08483209044713462,0.02671373370988191,0.9049972824048659,0.9249216608113374,0.1,0.42,0.48,0.25
2513,0.8720480815795523,0.9945853220114435,0.05347911574014564,0.02462170787260757,0.8964581603213635,0.9249157942353782,0.24,0.16,0.6,1.0
2514,0.8713015613247472,0.9940904153617325,0.052221849278610816,0.023700954858636512,0.8947881616930135,0.9249140233878481,0.28,0.06,0.66,1.0
2515,0.9016525530697073,0.9908742214092442,0.08157745365458406,0.028786338223442547,0.9005381667416578,0.9249120789316956,0.04,0.62,0.34,0.25
2516,0.8778777353461157,0.9965899225614572,0.059058005055559214,0.029433607353749974,0.8999112098410014,0.9249112307897634,0.36,0.4,0.24,1.0
2517,0.8743040682990084,0.9957887924579147,0.05620959020903925,0.027311576936065333,0.8995473184447143,0.9249106623288874,0.44,0.18,0.38,1.0
2518,0.9035545310913236,0.991017774534735,0.08551199452892444,0.028361293794498043,0.9035827363701041,0.9249106311155426,0.12,0.52,0.36,0.25
2519,0.9021923696753383,0.9908959530280108,0.0824099784844774,0.028469618573184165,0.9005960925600671,0.9249091005703121,0.06,0.58,0.36,0.25
2520,0.8741825534876991,0.996077502750103,0.05023445976838919,0.029987866266948136,0.8915645577670112,0.9249089006725689,0.08,0.68,0.24,1.0
2521,0.8729109826226877,0.9954530455125514,0.054400420383082806,0.02643041384446572,0.8979932093499273,0.9249075069054954,0.46,0.1,0.44,1.0
2522,0.8707276146780767,0.9935500018917411,0.05043343204999439,0.022456692599407732,0.8913297070710522,0.9249068897652529,0.2,0.04,0.76,1.0
2523,0.877864481466976,0.996756891263565,0.05943095748577697,0.031077163769835357,0.9026484470824622,0.9249065629100273,0.38,0.5,0.12,1.0
2524,0.8789075527916262,0.9905042758486902,0.05322171439870219,0.029846481243181656,0.8932253404968212,0.9249058713545549,0.86,0.0,0.14,1.0
2525,0.8771088262144837,0.9960500913412988,0.05751107198753168,0.028757183740294213,0.8980666314252727,0.924904531860748,0.56,0.18,0.26,1.0
2526,0.8784644317532645,0.996531417869905,0.059684677517215075,0.029275247664264963,0.8997408284433485,0.9249037592858858,0.44,0.32,0.24,1.0
2527,0.8777886473583557,0.9904533118633084,0.05301936450677196,0.02840087443895266,0.8931771286246505,0.9249028305439092,0.74,0.0,0.26,1.0
2528,0.9034059832314464,0.9908897309464622,0.08490181189083609,0.027836179272667395,0.9020807357340407,0.9249026445214964,0.1,0.5,0.4,0.25
2529,0.8737031706563515,0.9952840103943696,0.050419880384092425,0.032324820962207894,0.896746117001947,0.9249024038354423,0.6,0.4,0.0,1.0
2530,0.9026174358589477,0.9909783927543644,0.08257124666953065,0.02871412170431852,0.9002397753563095,0.9249001060153914,0.08,0.58,0.34,0.25
2531,0.902397771953846,0.9915104492267528,0.08156252200569328,0.029555955876407844,0.8993241744295605,0.9248993647553171,0.08,0.64,0.28,0.25
2532,0.9076686914982109,0.9929497651055758,0.08684648588214114,0.029120213376145065,0.8969254319671839,0.9248992454349886,0.7,0.08,0.22,0.75
2533,0.8781681837310651,0.9967019999459763,0.059499118195502285,0.030235590600607078,0.9010389045928189,0.924896656128434,0.38,0.44,0.18,1.0
2534,0.8787895737420028,0.9965528126971016,0.0604854404733515,0.02975711659900788,0.9011745201996209,0.9248921397339298,0.48,0.32,0.2,1.0
2535,0.8779447499331249,0.9966521433769435,0.05961630143967422,0.029994656133235657,0.9013952217965764,0.9248899700406864,0.36,0.44,0.2,1.0
2536,0.8738513094689709,0.9949904936868934,0.04763985898712416,0.03184974189375225,0.8906775402687779,0.9248896918934167,0.84,0.16,0.0,1.0
2537,0.8786540556470401,0.9963549105455332,0.05845153002648408,0.03000144599952312,0.8980312852826939,0.9248883103681252,0.64,0.2,0.16,1.0
2538,0.8782058626384815,0.9965543025716742,0.058860070496859054,0.029073903119264596,0.8982388278072848,0.9248825213620968,0.4,0.34,0.26,1.0
2539,0.8703626102735905,0.9952899641843286,0.04374449199410526,0.03299784964252005,0.891333706902285,0.9248807714833447,0.26,0.74,0.0,1.0
2540,0.902223451080778,0.9908502292911259,0.08271510685881474,0.02818900718248778,0.9005960925600671,0.9248796472710522,0.06,0.56,0.38,0.25
2541,0.8738081858775527,0.9949632078613866,0.04671593607812528,0.03177056204900976,0.8888387169301228,0.9248792622101109,0.88,0.12,0.0,1.0
2542,0.9032939086962705,0.9909358428499024,0.0846980851427368,0.028116790663363773,0.9020807357340407,0.9248785997821564,0.1,0.52,0.38,0.25
2543,0.8715943708661716,0.9943156889637832,0.05256561039149821,0.024060659093121977,0.8948552442084605,0.9248745903304405,0.24,0.12,0.64,1.0
2544,0.8784899462214971,0.9964016503654599,0.05864472975884797,0.02935782244215116,0.8977270765376597,0.9248734362540143,0.54,0.24,0.22,1.0
2545,0.8704310009751303,0.9937754752854012,0.05109957232150375,0.022654642211264207,0.8930114006900481,0.9248721833306475,0.1,0.14,0.76,1.0
2546,0.8717355845173425,0.9943717276560428,0.05270869256608665,0.024139838937864547,0.8948552442084605,0.9248682394719384,0.2,0.16,0.64,1.0
2547,0.8759388638672809,0.995850733565148,0.056660509911120004,0.027994790415808518,0.8977103142215151,0.9248680909124194,0.52,0.16,0.32,1.0
2548,0.9025835838975986,0.9952171715385413,0.08299964574936204,0.03295656863224513,0.9023026875571732,0.9248631048435587,0.34,0.66,0.0,0.5
2549,0.9019448389772223,0.9906667977604069,0.08299195230419454,0.02738328126996068,0.9006470439777684,0.9248574560953099,0.04,0.52,0.44,0.25
2550,0.8714913954583846,0.9941811721273671,0.05261576396575152,0.023819724625750466,0.8948552442084605,0.9248572358135445,0.22,0.12,0.66,1.0
2551,0.9046671073893316,0.992352650776848,0.08357986392671866,0.027629039876288796,0.8949556607008995,0.9248545199221536,0.6,0.06,0.34,0.75
2552,0.8780304820696105,0.9967433339757871,0.05937657240758987,0.03079663938009276,0.9015027636501561,0.9248542740772733,0.38,0.48,0.14,1.0
2553,0.8715138092909653,0.9942100848274074,0.052639024195905264,0.02385931454812168,0.8948552442084605,0.9248536674001121,0.2,0.14,0.66,1.0
2554,0.8777448720203075,0.9966617219575294,0.05876053187656668,0.030034246055606846,0.8999453296192359,0.9248529645438215,0.34,0.46,0.2,1.0
2555,0.8788695656527225,0.9965633559857441,0.06037688858802387,0.029998051066379327,0.9008182029958633,0.9248474057797325,0.5,0.32,0.18,1.0
2556,0.8757645780066976,0.9962200455008836,0.05487189626124517,0.029268457797977234,0.8958051310270663,0.9248467757975519,0.16,0.56,0.28,1.0
2557,0.9130764657854469,0.9962783504008265,0.09433351519781982,0.03177940213662352,0.9003777646131353,0.9248465776473,0.52,0.42,0.06,0.5
2558,0.9070034096395815,0.995462818176415,0.09355374812355546,0.02782941540448809,0.9065513914996527,0.9248433655675012,0.08,0.52,0.4,0.5
2559,0.8766842288258813,0.9966428559212741,0.057330351307332064,0.030753654524577508,0.9002125465267925,0.9248408054053568,0.26,0.58,0.16,1.0
2560,0.878119522274364,0.9966263588426727,0.0592334470830397,0.029674541821121468,0.8995548926372439,0.9248369759677803,0.38,0.4,0.22,1.0
2561,0.8756270701655716,0.996623424760181,0.054126801452930105,0.03143347307117703,0.8970622678858353,0.9248365867252738,0.2,0.68,0.12,1.0
2562,0.8710817832620191,0.9939087134555173,0.05184940560183848,0.02305733130126468,0.8933165834269209,0.924836287183756,0.18,0.1,0.72,1.0
2563,0.9015168124441308,0.9909200079377777,0.08153319512717386,0.029066949614139154,0.9005381667416578,0.9248348727567656,0.04,0.64,0.32,0.25
2564,0.9018974776590803,0.9911371357504982,0.08030773357434318,0.029592064135969886,0.8978904826732881,0.9248330594395507,0.06,0.66,0.28,0.25
2565,0.876806048099944,0.9960137349767271,0.05759663583959592,0.02851624927292273,0.8980666314252727,0.924831743356164,0.54,0.18,0.28,1.0
2566,0.9065080671092361,0.9956957694845968,0.08942318451456799,0.03224549031888554,0.9051683408909726,0.9248308616573959,0.3,0.64,0.06,0.25
2567,0.8757300962881348,0.9965712220668211,0.05557786166172638,0.030872424291691593,0.8989025970451678,0.9248292358143834,0.2,0.64,0.16,1.0
2568,0.8737578174105313,0.995276287021585,0.05076620384241185,0.0322852310398369,0.8967641056824357,0.9248283278151539,0.62,0.38,0.0,1.0
2569,0.8729818135285249,0.9953523391247707,0.05422165987090916,0.026027724754465152,0.8965433171725871,0.9248282835913624,0.38,0.14,0.48,1.0
2570,0.8710477092683103,0.9938342653935383,0.05184595270408388,0.023017741378893383,0.8933165834269209,0.9248238120565143,0.2,0.08,0.72,1.0
2571,0.8706992952294927,0.9937446560025746,0.05077661657301874,0.022575462366521703,0.891453966659128,0.924823454910196,0.14,0.1,0.76,1.0
2572,0.8759110971654521,0.9957907846656766,0.055187550962182565,0.029080692985552156,0.8961400047056604,0.9248230477398363,0.68,0.1,0.22,1.0
2573,0.8713768089032098,0.9953482234176179,0.048927538132788065,0.03279990003066358,0.8985674599396732,0.924822911843008,0.36,0.64,0.0,1.0
2574,0.8715581422165205,0.9942817643485139,0.052717869732973904,0.024021069170750708,0.8948552442084605,0.9248226182683538,0.26,0.1,0.64,1.0
2575,0.8780938712917876,0.9965916207901367,0.05960090650939143,0.02939401743137871,0.8998770900627666,0.924822478078479,0.38,0.38,0.24,1.0
2576,0.8772500725304913,0.9967294912714243,0.05902220119307765,0.03119593353694921,0.9027044671140688,0.9248207214168608,0.32,0.56,0.12,1.0
2577,0.876080801833553,0.9958146740338243,0.05540285292861492,0.02932162745292365,0.8964963219094179,0.9248206802167247,0.7,0.1,0.2,1.0
2578,0.8766925438759073,0.9959499158283658,0.055645670994052855,0.028918938362923145,0.8950626301531455,0.9248199106694024,0.62,0.14,0.24,1.0
2579,0.8722311798813775,0.9946759589021125,0.05388651125551961,0.024862642339978987,0.8964581603213635,0.9248185828681097,0.26,0.16,0.58,1.0
2580,0.9026419596317267,0.9909356145166346,0.08324491290665582,0.028433510313622137,0.9005960925600671,0.9248162372823656,0.08,0.56,0.36,0.25
2581,0.8774033318550957,0.9967198156491995,0.058772883899116,0.030915409147206554,0.9015207523306449,0.9248157332960645,0.32,0.54,0.14,1.0
2582,0.8772016130118696,0.9966853144924289,0.05871772176399956,0.03067447467983495,0.9015207523306449,0.924814145790811,0.3,0.54,0.16,1.0
2583,0.9023125291237994,0.9908170753006356,0.08321471544078107,0.027908395791791468,0.9005960925600671,0.9248133632988067,0.06,0.54,0.4,0.25
2584,0.8705497998899016,0.995300752931234,0.044170524372659906,0.03295825972014864,0.8912653980224938,0.9248132913728196,0.28,0.72,0.0,1.0
2585,0.9032789836873588,0.9918476603591961,0.08128387136886878,0.026583685052249305,0.8921510411240839,0.9248131956926251,0.56,0.02,0.42,0.75
2586,0.9132906389102572,0.9960940055370361,0.0964969718684862,0.03125550616969837,0.9033637772047738,0.9248116172953156,0.5,0.4,0.1,0.5
2587,0.9012303147879352,0.9908152714678197,0.0818121870029375,0.028541835092308215,0.9008944839454153,0.9248111834352205,0.02,0.62,0.36,0.25
2588,0.8777360115995932,0.9904399943254616,0.052021861799400444,0.02767807103683822,0.8897967228964879,0.9248103604486416,0.68,0.0,0.32,1.0
2589,0.8759064112734352,0.9958258452389533,0.05686102491441142,0.028196134960808743,0.8980666314252727,0.9248099441567256,0.56,0.14,0.3,1.0
2590,0.8706863365058826,0.9936715693777048,0.050784838876923144,0.022535872444150448,0.8914159353080101,0.9248084451257754,0.16,0.08,0.76,1.0
2591,0.8711672644657902,0.9939223221182806,0.0519165220566914,0.023258675846264912,0.8933165834269209,0.924804338219986,0.22,0.08,0.7,1.0
2592,0.9015556721278987,0.9897602861454246,0.08493465752071697,0.02667762545031969,0.9047671998993088,0.9248033376140675,0.12,0.4,0.48,0.25
2593,0.9027547392199854,0.9908998404018958,0.08359517840149659,0.02815289892292586,0.9006140812405559,0.9248024603633647,0.08,0.54,0.38,0.25
2594,0.906135120463465,0.9923308335331059,0.08546191126904273,0.028839659986084266,0.8969254319671839,0.9248019488523179,0.7,0.06,0.24,0.75
2595,0.8728626289750988,0.9954714834239295,0.05361803313775647,0.026872692856837365,0.8964408885145613,0.9248002118099236,0.52,0.08,0.4,1.0
2596,0.8734472649140271,0.9955873968073483,0.05505090211802635,0.026951872701579994,0.8980111980304161,0.9247992614631289,0.48,0.12,0.4,1.0
2597,0.8779166893973614,0.996168288057396,0.05821397025669313,0.02927864259740859,0.8976749680789363,0.9247987654802189,0.58,0.2,0.22,1.0
2598,0.8780839014644058,0.9961765936800138,0.0584121099186006,0.029519577064780075,0.8980312852826939,0.9247982646092866,0.6,0.2,0.2,1.0
2599,0.9013468886729359,0.9910453629018218,0.079832011454729,0.029628172395531827,0.8979639047486335,0.9247951728643571,0.04,0.68,0.28,0.25
2600,0.8861525849429231,0.9830342930538303,0.05740593785518822,0.02008476582745482,0.8804896952172657,0.9247935681857984,0.0,0.04,0.96,0.75
2601,0.8705731808534068,0.9937570801865109,0.050729321122583416,0.02261505228889299,0.891453966659128,0.9247932128228463,0.12,0.12,0.76,1.0
2602,0.8772396230209415,0.9966581542502194,0.058842879205076394,0.0303939502900921,0.9011644351268874,0.9247880192506717,0.3,0.52,0.18,1.0
2603,0.9019741781256916,0.9910342887383315,0.08147475431138203,0.02931145274527356,0.8993924833093517,0.9247853338952698,0.06,0.64,0.3,0.25
2604,0.8996364916358897,0.9898416412887558,0.08266729265985492,0.026296943966737422,0.9035269305031176,0.9247841058333826,0.02,0.46,0.52,0.25
2605,0.8761245403209498,0.9964678327631433,0.05678978293009843,0.02975032673272026,0.8987408234194021,0.92478252753584,0.2,0.56,0.24,1.0
2606,0.8713825620609925,0.9941435028465052,0.05212202705499808,0.02361838008075017,0.8933720168217776,0.924779182561725,0.18,0.14,0.68,1.0
2607,0.9117315615547475,0.9951091299445313,0.09201610714558817,0.03134974449091788,0.8987526529208227,0.9247785507058742,0.6,0.32,0.08,0.5
2608,0.8744825397073783,0.9958144628255515,0.056703775290969795,0.027552511403436793,0.8995473184447143,0.9247772757396732,0.46,0.18,0.36,1.0
2609,0.8768266850221267,0.9959835550270503,0.056877537307844485,0.028717593817922996,0.8965646307892091,0.9247753264130913,0.58,0.16,0.26,1.0
2610,0.9076163768367772,0.9929443935654498,0.08740896782849777,0.02887808935418595,0.8969254319671839,0.9247688721270116,0.68,0.08,0.24,0.75
2611,0.8751842755230922,0.9956501770393409,0.05432267199324249,0.028559234128437964,0.8950123099538428,0.9247685989817198,0.66,0.08,0.26,1.0
2612,0.8776885920320084,0.9965857098126656,0.0593272964668899,0.029473197276121257,0.8999112098410014,0.924768236822002,0.34,0.42,0.24,1.0
2613,0.8784823167552992,0.9963433169238586,0.0586744529227683,0.02976051153215161,0.8976749680789363,0.9247654670188685,0.62,0.2,0.18,1.0
2614,0.8737876665990295,0.9961734198475908,0.049019577309188926,0.030829439436176456,0.8900805458114361,0.9247644467232397,0.08,0.74,0.18,1.0
2615,0.8763960099946492,0.9965971350385551,0.0566999759948457,0.030512720057206042,0.8987788547705201,0.9247625026210574,0.24,0.58,0.18,1.0
2616,0.8779869758664288,0.9961034414093296,0.0560843134927289,0.030324955244780946,0.8946380040695968,0.9247598063432869,0.76,0.12,0.12,1.0
2617,0.9058712918154431,0.9950196233035381,0.09222616652536371,0.0270622058610163,0.9051176997433802,0.924758698212199,0.04,0.5,0.46,0.5
2618,0.8774813090969188,0.9960156244345184,0.055564907150136726,0.030285365322409635,0.8946380040695968,0.9247527207416194,0.78,0.1,0.12,1.0
2619,0.8776680173560453,0.9960593045886561,0.056107927255957535,0.03008402077740945,0.8949943212733543,0.9247523192492875,0.74,0.12,0.14,1.0
2620,0.8782183454315275,0.9967471528496916,0.05918617595553804,0.030757049457721404,0.9000187516945811,0.9247514589115076,0.4,0.46,0.14,1.0
2621,0.8734843063243823,0.9962702559864816,0.04765505489971924,0.03139048821566198,0.8886145225363499,0.9247495687571837,0.08,0.78,0.14,1.0
2622,0.8785196246722341,0.9963686847499156,0.05910953684207918,0.02955916698715144,0.8980312852826939,0.9247486423748692,0.58,0.22,0.2,1.0
2623,0.8716702305459347,0.9943591322221556,0.053127784520179334,0.024100249015493215,0.8948552442084605,0.9247337375731381,0.22,0.14,0.64,1.0
2624,0.8786731174011274,0.9964044360313276,0.059343332704427286,0.02959875690952269,0.8980833937414172,0.9247324919438451,0.56,0.24,0.2,1.0
2625,0.8774621482958131,0.9966997423007906,0.05931107715952127,0.03063488475746373,0.9015207523306449,0.9247311823544018,0.32,0.52,0.16,1.0
2626,0.871430685762772,0.994138662181227,0.05299635991557553,0.023780134703379266,0.8948552442084605,0.9247307476195354,0.24,0.1,0.66,1.0
2627,0.8762916289238238,0.9965350141188735,0.056831975905828454,0.029991261200091716,0.8983845062156446,0.9247289225266545,0.22,0.56,0.22,1.0
2628,0.8770172557727194,0.9960109607275227,0.05708581015342819,0.028958528285294504,0.8965646307892091,0.9247283267595707,0.6,0.16,0.24,1.0
2629,0.9131391863499536,0.9960797404161278,0.09378418284400726,0.031948178085506644,0.8988254437777693,0.9247275028163948,0.58,0.38,0.04,0.5
2630,0.8728044298134973,0.9949640013194923,0.054352461400764246,0.02578679028709373,0.896526744279389,0.9247247774218643,0.36,0.14,0.5,1.0
2631,0.8726419962620939,0.9948797463436594,0.05431616377846332,0.0255458558197222,0.896526744279389,0.9247220692834806,0.34,0.14,0.52,1.0
2632,0.8786628399177475,0.9963795933717866,0.059194196259100544,0.029800101454522984,0.8980312852826939,0.9247206288041092,0.6,0.22,0.18,1.0
2633,0.8712485513255745,0.9942380585068835,0.05041023993346394,0.023902299403636727,0.8902318395855201,0.9247192695983993,0.32,0.04,0.64,1.0
2634,0.9032416996080658,0.9911153527567463,0.08456400206065143,0.02892251657589085,0.9017597646728617,0.9247192608995576,0.12,0.56,0.32,0.25
2635,0.8956389738478076,0.9846843377055424,0.07064075504990196,0.021137614155516255,0.886228693037471,0.924718510535662,0.08,0.04,0.88,0.25
2636,0.8780494186568788,0.9961603363513435,0.057570284894112596,0.02972092160978027,0.8962083135854515,0.9247146658617666,0.64,0.18,0.18,1.0
2637,0.8776391638786664,0.9967288462299426,0.05940349962406513,0.03087581922483524,0.9015207523306449,0.9247137982389033,0.34,0.52,0.14,1.0
2638,0.8779214465154302,0.9966969766140839,0.05909762550228809,0.030275180522978375,0.8995890124154784,0.9247123259563748,0.36,0.46,0.18,1.0
2639,0.9010927429544163,0.9908551955397014,0.08165602236178872,0.028822446483004815,0.9005381667416578,0.9247113902279136,0.02,0.64,0.34,0.25
2640,0.9052778067948783,0.9961379711077586,0.08254337291618494,0.03143971766557723,0.892079965385057,0.9247111060263847,0.1,0.76,0.14,0.5
2641,0.8994289261205175,0.989742516108855,0.08126779199800838,0.026016332576040965,0.9004848978798725,0.9247105953193517,0.02,0.44,0.54,0.25
2642,0.8752790502589528,0.9962368964960502,0.05367049818650902,0.02986909649983411,0.8943411617421205,0.9247105721983012,0.14,0.62,0.24,1.0
2643,0.8747301503388043,0.9955708997287469,0.05404641167968964,0.02851964420606651,0.8950123099538428,0.92470809969119,0.68,0.06,0.26,1.0
2644,0.8998336117205584,0.98990829747797,0.08225305447169623,0.026577555357433516,0.9021324717206339,0.9247074730676144,0.02,0.48,0.5,0.25
2645,0.8711764019128313,0.9940328125865883,0.052266480508746604,0.023337855691007492,0.8933165834269209,0.9247068403907365,0.18,0.12,0.7,1.0
2646,0.8744724670808719,0.9961640581836093,0.05093129241381852,0.030228800734319668,0.8912082405632537,0.9247061601911307,0.1,0.68,0.22,1.0
2647,0.9070005830584236,0.9951794794243527,0.09329384115335762,0.02754883301410968,0.905049390863589,0.9247058264624101,0.08,0.5,0.42,0.5
2648,0.8730270889954894,0.9954908746267008,0.054306671134713005,0.026671348311837203,0.8965091973943524,0.9247042748127897,0.48,0.1,0.42,1.0
2649,0.8740609296996218,0.9957096921056033,0.05572337624404397,0.0274733315586942,0.8980111980304161,0.9247033784047762,0.5,0.14,0.36,1.0
2650,0.8738353016243596,0.995071843121893,0.04962284421799925,0.03200810158323781,0.8934111701353621,0.924703295905626,0.76,0.24,0.0,1.0
2651,0.8717711649048507,0.9945200672176607,0.05311788841971561,0.02450293810549371,0.894804924009158,0.924702927693256,0.3,0.1,0.6,1.0
2652,0.8713260580957971,0.9941052341908153,0.052342533018320286,0.02357879015837892,0.8933720168217776,0.9247007844863329,0.2,0.12,0.68,1.0
2653,0.9020804908977744,0.9909752617344291,0.0818578964789307,0.02903084135457693,0.8990361661055942,0.9247004969128694,0.06,0.62,0.32,0.25
2654,0.8731343736853759,0.9955188340353478,0.05428362262017902,0.026912282779208627,0.8965091973943524,0.924699117633102,0.5,0.1,0.4,1.0
2655,0.9029835075716296,0.9910247672410626,0.08370742802155991,0.02867801344475655,0.9002577640367984,0.9246989710157618,0.1,0.56,0.34,0.25
2656,0.9049077654946689,0.9923587358584359,0.08420726803825455,0.027871163898247907,0.8949556607008995,0.9246981747515319,0.62,0.06,0.32,0.75
2657,0.9013572992658841,0.990591516282,0.08233153888496911,0.02713877813882641,0.8992307096835861,0.9246969074752175,0.02,0.52,0.46,0.25
2658,0.8779981420240145,0.9965592345702595,0.05850106402321198,0.029113493041635977,0.8967721733138,0.924696616190883,0.38,0.36,0.26,1.0
2659,0.907652385150204,0.9929387366087391,0.08736403401651578,0.02936233739810416,0.8969254319671839,0.9246949416262924,0.72,0.08,0.2,0.75
2660,0.8722860389489566,0.9953831526992657,0.05041262882105827,0.0326415403411784,0.8984979940188599,0.9246936657045068,0.44,0.56,0.0,1.0
2661,0.8762309131279311,0.996672470746113,0.05608224693411845,0.0313542932264345,0.8984959596421078,0.924691763944573,0.24,0.64,0.12,1.0
2662,0.9021859854160914,0.9909328516840937,0.08137240882264322,0.02875022996388066,0.8974961341184128,0.924690983367704,0.06,0.6,0.34,0.25
2663,0.8744797623564086,0.9957976574970385,0.05668071415386592,0.027753855948436993,0.8992123148575787,0.9246900563256624,0.5,0.16,0.34,1.0
2664,0.8707384656274649,0.9936044080011356,0.05046778413524577,0.022496282521779026,0.8899139346719466,0.9246881102055312,0.18,0.06,0.76,1.0
2665,0.8874611265979306,0.9802805281978685,0.05943559705378116,0.0205763913741235,0.8844759090706242,0.9246870370704755,0.08,0.0,0.92,0.25
2666,0.8718724349831768,0.9944691003781131,0.053233268946174334,0.024341183482864667,0.8945154998979009,0.9246813092159915,0.24,0.14,0.62,1.0
2667,0.8784209449810527,0.996580783522412,0.059628497790939455,0.029314837586636146,0.8982388278072848,0.9246811100647138,0.42,0.34,0.24,1.0
2668,0.8726128380330437,0.9949685851098442,0.05433798137898979,0.025747200364722323,0.8965099819632445,0.9246775691444549,0.38,0.12,0.5,1.0
2669,0.8789119290062508,0.9966158326790253,0.06086522821960461,0.03051950992349364,0.9011745201996209,0.9246762370659737,0.52,0.34,0.14,1.0
2670,0.8717527358458812,0.9946618364894966,0.0513999795206617,0.024905627195493982,0.8917338402215836,0.9246731477100769,0.38,0.06,0.56,1.0
2671,0.8773815709822242,0.9960807850408282,0.057680565159005624,0.028998118207665773,0.8965646307892091,0.9246685669655256,0.58,0.18,0.24,1.0
2672,0.9017721356351918,0.9908330015460673,0.08129454717541232,0.028505726832746322,0.8977970179273137,0.9246683502327592,0.04,0.6,0.36,0.25
2673,0.8754622329533092,0.9957081280227186,0.055129190804970155,0.028357889583437667,0.8949943212733543,0.9246655373272058,0.62,0.1,0.28,1.0
2674,0.9010349848177654,0.9891904804755305,0.0839802789354058,0.026433122319185362,0.9032839725126259,0.9246634525391998,0.1,0.4,0.5,0.25
2675,0.9108349178422469,0.9938725226325648,0.08947970465608839,0.03088281803138036,0.8955085025270562,0.9246626802868315,0.7,0.2,0.1,0.5
2676,0.8759877551586115,0.9958104384517059,0.0548031907863558,0.02863841397318047,0.8935606295170819,0.924661445633792,0.62,0.12,0.26,1.0
2677,0.878059807236868,0.9967646774279983,0.05973629230663786,0.031037573847464195,0.9011464464463985,0.9246608454483511,0.4,0.48,0.12,1.0
2678,0.8729047582340699,0.9949884272708195,0.054654432329234344,0.025826380209464785,0.8965087555989004,0.9246607931619885,0.34,0.16,0.5,1.0
2679,0.8716123552833698,0.9943753181966796,0.05303316840855991,0.02422241371575095,0.8944484173824538,0.9246606463655991,0.3,0.08,0.62,1.0
2680,0.9013766097556697,0.9906174948995485,0.08229723120094352,0.02741938952952274,0.8992307096835861,0.9246603742417678,0.02,0.54,0.44,0.25
2681,0.8787569545761099,0.9963842970371042,0.059336465251670245,0.030041035921894468,0.8980312852826939,0.9246603317039308,0.62,0.22,0.16,1.0
2682,0.872307149518288,0.9947457603820911,0.0543784625135224,0.025063986884979208,0.8963898514415723,0.9246593816121551,0.3,0.14,0.56,1.0
2683,0.9060260154350003,0.9922344141024289,0.08151607402835331,0.03155792182691282,0.8923113376411165,0.9246575158759608,0.94,0.04,0.02,0.5
2684,0.8715565261632157,0.9944438581353534,0.05226157228238901,0.024423758260750977,0.8932358408576472,0.924654658813592,0.34,0.06,0.6,1.0
2685,0.9033530088970242,0.9918647254168013,0.08229001138066301,0.02731005711812662,0.8938279659490822,0.9246539166836487,0.62,0.02,0.36,0.75
2686,0.8778625399344943,0.9961451407723688,0.05793539762689923,0.029479987142408716,0.8965646307892091,0.9246526081164516,0.62,0.18,0.2,1.0
2687,0.8736130840716079,0.9951941441284796,0.0505685553534567,0.03220605119509434,0.8954483678728686,0.9246480909759955,0.66,0.34,0.0,1.0
2688,0.8770932991080486,0.9959665784485864,0.055860226442689405,0.030044430855038173,0.8949943212733543,0.9246453841853376,0.76,0.1,0.14,1.0
2689,0.8768923703568151,0.9959670065734636,0.05611679896944236,0.02915987283029468,0.894706312949388,0.9246448489526579,0.64,0.14,0.22,1.0
2690,0.8788588958806005,0.9905028088074443,0.053731404815152914,0.03008741571055313,0.8928690232930636,0.9246423541837819,0.88,0.0,0.12,1.0
2691,0.9099531272443345,0.9954809135878913,0.09644798569315023,0.02872813208301169,0.9060584565363128,0.9246422111426811,0.2,0.48,0.32,0.5
2692,0.8701851760365391,0.9937107142623102,0.051176665702986575,0.02241370774389269,0.8918454469562808,0.9246397710811857,0.08,0.14,0.78,1.0
2693,0.8716731122723387,0.9943843487774227,0.053156886686534774,0.024262003638122174,0.8944651796985985,0.9246391268631283,0.28,0.1,0.62,1.0
2694,0.8737373484630558,0.9964588763907123,0.04805007275965285,0.0316314226830334,0.8882582053325924,0.9246381619238647,0.1,0.78,0.12,1.0
2695,0.8949379729557942,0.9839857606350844,0.06886357978713042,0.021346009027088532,0.8846524857571701,0.9246380980288078,0.12,0.02,0.86,0.25
2696,0.8769389775023513,0.9959618462416104,0.056032438062985274,0.029602151842666395,0.8949943212733543,0.9246371439049395,0.7,0.12,0.18,1.0
2697,0.8729964522643857,0.9954896473353861,0.05417128323666428,0.027113627324208908,0.8964408885145613,0.9246352622551407,0.54,0.08,0.38,1.0
2698,0.9104193917767728,0.9958237731145477,0.09773611173949133,0.029214759236105125,0.9078484654963426,0.9246330207329776,0.24,0.48,0.28,0.5
2699,0.8709237792901796,0.9936987267657486,0.05090622963657298,0.02273721698915048,0.8902371060893081,0.9246316323080745,0.2,0.06,0.74,1.0
2700,0.9059001155375193,0.9951669953029335,0.08919217960229513,0.032000987187751136,0.904812023687215,0.9246312670325662,0.28,0.64,0.08,0.25
2701,0.8782927797654032,0.9965947289767453,0.05888580915652975,0.029354427509007495,0.8967721733138,0.9246311308016293,0.4,0.36,0.24,1.0
2702,0.9074256371677215,0.9955707969787764,0.09366465191853754,0.028353311371413423,0.9050847370061678,0.9246294532078824,0.1,0.54,0.36,0.5
2703,0.871964468684719,0.9945466651891982,0.053559584173929344,0.02458211795023623,0.8948552442084605,0.9246291741290567,0.26,0.14,0.6,1.0
2704,0.9049765794642758,0.9923044324990119,0.08517964580716925,0.028355411942166123,0.8969254319671839,0.9246287206026426,0.66,0.06,0.28,0.75
2705,0.9013689748383965,0.9907685944395415,0.08114968020568979,0.028261223701612048,0.8977970179273137,0.9246284413257301,0.02,0.6,0.38,0.25
2706,0.9000993965179269,0.9889581970421571,0.08185724200016702,0.025944116056916725,0.9003785576489634,0.9246225015287651,0.06,0.4,0.54,0.25
2707,0.8757671015458192,0.9957665413809638,0.05529367386163944,0.028839758518180634,0.8949943212733543,0.9246219263437135,0.66,0.1,0.24,1.0
2708,0.9018533136810916,0.9907938994739498,0.08248740719441366,0.028225115442049923,0.8992307096835861,0.924613827730514,0.04,0.58,0.38,0.25
2709,0.9125450998345603,0.9962835877951576,0.0945519706977521,0.03161062618774045,0.9000735558681011,0.9246130444159236,0.46,0.46,0.08,0.5
2710,0.9018399628673192,0.9907383288648893,0.08264393240202549,0.02794450405135331,0.8992307096835861,0.9246124455450034,0.04,0.56,0.4,0.25
2711,0.9114834482364468,0.9956496575811565,0.09289348648656542,0.032116954034389786,0.9003100869517427,0.9246122108869802,0.64,0.34,0.02,0.5
2712,0.8747870445114618,0.9955818654339349,0.05428656523142756,0.028760578673437943,0.8950123099538428,0.9246093322376625,0.7,0.06,0.24,1.0
2713,0.8756223070586517,0.995743271366805,0.055344811490494805,0.02859882405080919,0.8949943212733543,0.9246084291882032,0.64,0.1,0.26,1.0
2714,0.8788592798725448,0.9966053122237096,0.060408106340540016,0.030037640988750596,0.8993162023597997,0.9246083878621416,0.48,0.34,0.18,1.0
2715,0.8743511542091918,0.9964771088021493,0.04998616071266559,0.03131130837091951,0.8900985344919249,0.9246064738480364,0.12,0.74,0.14,1.0
2716,0.8738804694207541,0.9963627366682883,0.04864356983609622,0.031350898293290776,0.8886145225363499,0.9246049826535295,0.1,0.76,0.14,1.0
2717,0.8752740591184572,0.9965976916008955,0.052979373949139374,0.031473062993548385,0.8940936127562868,0.9246046847772398,0.18,0.7,0.12,1.0
2718,0.8774565239007531,0.9967384761855137,0.06001806548788946,0.031156343614577878,0.9027044671140688,0.9246045768536224,0.34,0.54,0.12,1.0
2719,0.877942146579919,0.9966243609265791,0.05982963254503512,0.029714131743492786,0.8995548926372439,0.9246035228256644,0.36,0.42,0.22,1.0
2720,0.8737531047396863,0.9952476768631247,0.050872872031270444,0.03224564111746544,0.8954483678728686,0.9246024018697532,0.64,0.36,0.0,1.0
2721,0.8761689445223829,0.9958315992373029,0.05505270186744937,0.028879348440551927,0.8935606295170819,0.9245987959874207,0.64,0.12,0.24,1.0
2722,0.9009438339644867,0.9909633427378478,0.08100630226015601,0.029383669264397533,0.8994659053846972,0.9245973254445523,0.02,0.68,0.3,0.25
2723,0.8735183771199523,0.9955750782275484,0.05395018799332246,0.02739415171395172,0.8950071967582889,0.9245972903064722,0.54,0.1,0.36,1.0
2724,0.8727377844618048,0.9953951002375054,0.05051608537403962,0.032562360496435905,0.8969959933827962,0.9245916661114495,0.48,0.52,0.0,1.0
2725,0.9014479503134684,0.9907218631821122,0.08227661121642572,0.02798061231091553,0.8992307096835861,0.924591136765095,0.02,0.58,0.4,0.25
2726,0.8764188775863577,0.9958823463060803,0.05629894918523268,0.028678003895551658,0.8950626301531455,0.924587366006322,0.6,0.14,0.26,1.0
2727,0.8764694618043917,0.9958737267252193,0.05539248344828067,0.03000484093266685,0.8949949524917529,0.9245872800026583,0.78,0.08,0.14,1.0
2728,0.8738516123030468,0.9950334888412277,0.04850686679133205,0.031928921738495285,0.8903904065470903,0.9245871604176794,0.8,0.2,0.0,1.0
2729,0.9101637699218399,0.9954137465029904,0.09760106640954731,0.02869086326917982,0.9074921482925852,0.9245851276431466,0.22,0.46,0.32,0.5
2730,0.877789423659191,0.9904516336137897,0.05272156544018844,0.028159939971581192,0.8901530401002454,0.9245833119588538,0.72,0.0,0.28,1.0
2731,0.876767387159918,0.9959220762946844,0.05588813986656063,0.029803496387666717,0.8949943212733543,0.9245810680596488,0.74,0.1,0.16,1.0
2732,0.8940969748315457,0.99046837900482,0.07643695498929542,0.026575578707922824,0.9010012931915942,0.9245793843565995,0.0,0.5,0.5,0.5
2733,0.8718126741671625,0.9945619235598215,0.05191585973976994,0.0247042826504939,0.8918021491013748,0.9245778059412189,0.34,0.08,0.58,1.0
2734,0.8711322586979192,0.9941682884227293,0.04997227286233451,0.02386270948126545,0.8886957191712218,0.9245777868041274,0.34,0.02,0.64,1.0
2735,0.8717405389285533,0.9944068624376317,0.053451960433230764,0.024301593560493467,0.8945154998979009,0.9245772216682342,0.26,0.12,0.62,1.0
2736,0.8759226076702092,0.9966508647106437,0.05537739278305637,0.03139388314880585,0.8970622678858353,0.9245764375716783,0.22,0.66,0.12,1.0
2737,0.8719150133971677,0.9946472117436914,0.05190501346531609,0.024945217117865386,0.8918021491013748,0.9245762436175999,0.36,0.08,0.56,1.0
2738,0.874220195784621,0.9957010439830839,0.055082409494236276,0.02791561057106594,0.8962083135854515,0.9245759164529435,0.56,0.12,0.32,1.0
2739,0.9014994759865937,0.9906653193024976,0.08254841204457689,0.027700000920219115,0.8992307096835861,0.9245758100218529,0.02,0.56,0.42,0.25
2740,0.878616451745306,0.9966024865995201,0.05985929197290192,0.02955577205400763,0.8978825106035273,0.9245747899571614,0.44,0.34,0.22,1.0
2741,0.8736959154041068,0.9954330321016253,0.05238009461565819,0.0323644108845794,0.8982481176380107,0.9245743643566007,0.58,0.42,0.0,1.0
2742,0.8717199736149187,0.9944893592473021,0.051966817679234154,0.024463348183122416,0.8918021491013748,0.9245725946688303,0.32,0.08,0.6,1.0
2743,0.9058978078826945,0.9951609330546723,0.09020842504198964,0.03220938205932333,0.9066523528465473,0.9245708093472302,0.32,0.62,0.06,0.25
2744,0.8749195654788093,0.9956008285118291,0.05421749427967024,0.029001513140809516,0.8946559927500853,0.9245702281794268,0.72,0.06,0.22,1.0
2745,0.8729806869662339,0.9954103785872898,0.05099281336929782,0.03252277057406445,0.8972091014570056,0.9245691581879291,0.5,0.5,0.0,1.0
2746,0.8936563476576557,0.991630543963139,0.07910409316056048,0.023731959898243365,0.9019871087277087,0.9245685436379234,0.0,0.3,0.7,0.75
2747,0.9068874347047313,0.9924148088006857,0.08327805306664009,0.03093978753876813,0.8923640412457852,0.9245661335758104,0.82,0.1,0.08,0.5
2748,0.872240358641241,0.9949275707466084,0.05348590554006256,0.0256680205199798,0.894806150373502,0.9245657915203721,0.42,0.08,0.5,1.0
2749,0.8776628754118982,0.9967484714743134,0.059609839869418584,0.031116753692206633,0.9011644351268874,0.9245626838017491,0.36,0.52,0.12,1.0
2750,0.9018775894848979,0.9906985475012999,0.08303234237640511,0.0276638926606571,0.8992307096835861,0.924561817175104,0.04,0.54,0.42,0.25
2751,0.8777623227326419,0.9904496128643694,0.05293536801540769,0.02791900550420969,0.8901530401002454,0.9245613750789506,0.7,0.0,0.3,1.0
2752,0.874482375502187,0.995773728170569,0.05619846652248056,0.02795520049343716,0.8977103142215151,0.9245608291192718,0.54,0.14,0.32,1.0
2753,0.906507061870678,0.9953938729461907,0.08905766149533581,0.03179259231617895,0.9023512775777304,0.924558763358058,0.24,0.66,0.1,0.25
2754,0.8724547239893208,0.9948095938012815,0.05414203124316361,0.025103576807350505,0.8949561596853,0.9245584768626798,0.28,0.16,0.56,1.0
2755,0.9040270409636234,0.9920654703175542,0.08227760587636622,0.0275906105081872,0.891969648109261,0.9245549591566619,0.62,0.04,0.34,0.75
2756,0.9029790247077446,0.9952432643227237,0.08510738675426854,0.03291929981841357,0.9034318435480194,0.9245543126665716,0.36,0.64,0.0,0.5
2757,0.9032942553846514,0.99184826258819,0.08209321643647036,0.02682580907420835,0.8922699452814121,0.9245537507322901,0.58,0.02,0.4,0.75
2758,0.8710246935989716,0.9937901456978598,0.05117798486556139,0.02297815145652205,0.8902571487599373,0.9245520269634094,0.22,0.06,0.72,1.0
2759,0.8788506058642572,0.9964149736116384,0.05979980784143378,0.030080625844265713,0.8980312852826939,0.9245514181807839,0.6,0.24,0.16,1.0
2760,0.905855409430564,0.995083636535177,0.09037919550153609,0.0319648789281889,0.9066523528465473,0.92454612202087,0.3,0.62,0.08,0.25
2761,0.9118008742409703,0.9953943866960434,0.09345924431863557,0.03187364045784303,0.9002366648763975,0.9245435542558434,0.62,0.34,0.04,0.5
2762,0.8708871630304629,0.9937708287034006,0.05009626935357508,0.023139906079150955,0.8885997140580061,0.9245390212348317,0.28,0.02,0.7,1.0
2763,0.8785646794341869,0.996306486767756,0.057117088453632454,0.03016320062215203,0.8935606295170819,0.924536323096137,0.7,0.16,0.14,1.0
2764,0.8716436168305441,0.9953601424141991,0.05023471388302297,0.032760310108291904,0.8985674599396732,0.9245354888606829,0.38,0.62,0.0,1.0
2765,0.8716453792054416,0.9945416076073156,0.05187336844246983,0.024664692728122526,0.8917338402215836,0.9245345021091114,0.36,0.06,0.58,1.0
2766,0.8711733876977559,0.994048287873816,0.05181807925799908,0.023661364936265247,0.8917158515410951,0.9245328270395291,0.3,0.04,0.66,1.0
2767,0.8777870841496408,0.9961027678261895,0.057157821250958196,0.02968133168740896,0.894706312949388,0.9245289599703921,0.66,0.16,0.18,1.0
2768,0.911511883887551,0.9950223575944205,0.09264254939928826,0.031312475677086,0.8987700103829126,0.9245289359087152,0.62,0.3,0.08,0.5
2769,0.9033667679188311,0.9910667976873402,0.08552358288668249,0.02864190518519446,0.9017597646728617,0.924528743910706,0.12,0.54,0.34,0.25
2770,0.8738497061529509,0.9950059061824725,0.048095636974141716,0.031889331816123766,0.8891755396327142,0.9245267949647406,0.82,0.18,0.0,1.0
2771,0.8713121024661732,0.9940437097917959,0.05292844494637608,0.02353920023600771,0.8933720168217776,0.9245262286754662,0.22,0.1,0.68,1.0
2772,0.8720559319912664,0.9946402247456956,0.05388934325427781,0.024783462495236445,0.8947869353286693,0.9245249834555453,0.3,0.12,0.58,1.0
2773,0.9005988884773741,0.9890409164767638,0.08236476901640825,0.026188619188051068,0.8999424077500474,0.9245239925788363,0.08,0.4,0.52,0.25
2774,0.8733261762962721,0.9955495049015504,0.05415828504329662,0.027153217246580184,0.8950071967582889,0.9245239368375385,0.52,0.1,0.38,1.0
2775,0.8789612870211428,0.9966286821336731,0.06110478824651698,0.030760444390865057,0.9008182029958633,0.9245222150020362,0.54,0.34,0.12,1.0
2776,0.878797311419795,0.9963696665829673,0.05816723266282362,0.030242380466894637,0.8950626301531455,0.9245220462219984,0.66,0.2,0.14,1.0
2777,0.8764214114084842,0.9958564476051757,0.05587493805276518,0.029562561920295185,0.8949943212733543,0.9245194271625251,0.72,0.1,0.18,1.0
2778,0.9102212323828552,0.995636825251504,0.0972193806993617,0.0289714456595584,0.906346464860279,0.9245179904170593,0.22,0.48,0.3,0.5
2779,0.892940368650579,0.991427863937941,0.07803465878938283,0.02317085311812202,0.9004476633772771,0.924513226018251,0.0,0.26,0.74,0.75
2780,0.8783094886209122,0.9966260106344392,0.05978541607347031,0.02963495189875019,0.8980187722229455,0.9245121489777955,0.4,0.38,0.22,1.0
2781,0.8724775389939095,0.9948717432626216,0.054054697342043545,0.02550626589735094,0.8949070658503414,0.9245119411272231,0.36,0.12,0.52,1.0
2782,0.8718562851848048,0.9947281045121553,0.05116076097350313,0.025146561662865462,0.8902318395855201,0.924509689608604,0.4,0.06,0.54,1.0
2783,0.871960025434593,0.9948431787708149,0.051163276350119524,0.02538749613023702,0.8902318395855201,0.924509160144591,0.42,0.06,0.52,1.0
2784,0.87837332021174,0.996749755848945,0.06019715791605799,0.03071745953535012,0.899966643235858,0.9245067357789511,0.42,0.44,0.14,1.0
2785,0.9090209833591567,0.9952239016616109,0.0963461278466355,0.028241504929918105,0.9064147737400703,0.9245041791613766,0.16,0.48,0.36,0.5
2786,0.906111443128651,0.9951019374465943,0.08944204063690066,0.031756484056616935,0.9037346491347003,0.9245001064196969,0.26,0.64,0.1,0.25
2787,0.8740171947827156,0.9956611884111825,0.05447403837349495,0.027674676103694434,0.8946508795545314,0.9244991484052056,0.54,0.12,0.34,1.0
2788,0.8781254503317772,0.9966557910008973,0.06043708854074544,0.02995506621086428,0.8999112098410014,0.924493214398945,0.38,0.42,0.2,1.0
2789,0.9094366319790774,0.995356015290383,0.09653460626407892,0.028484818506464834,0.9060584565363128,0.9244921971201636,0.18,0.48,0.34,0.5
2790,0.9077062415556612,0.9929364304427338,0.08717316818377467,0.02960446142006332,0.8954234313311203,0.9244920999613015,0.74,0.08,0.18,0.75
2791,0.8773158075675909,0.9960096535195644,0.056004252547689426,0.029843086310037917,0.8934923206372907,0.924492009647949,0.72,0.12,0.16,1.0
2792,0.9010396877539693,0.990927006352437,0.08142516749641471,0.029103057873701255,0.8990361661055942,0.924491433550029,0.02,0.66,0.32,0.25
2793,0.913161328083309,0.9960368080534422,0.09556616230001483,0.03170486450895993,0.900327444413833,0.9244874977078879,0.56,0.38,0.06,0.5
2794,0.9052499855311714,0.9920172120813964,0.0813656746451062,0.031314608250366076,0.8923286951032064,0.9244867890251527,0.92,0.04,0.04,0.5
2795,0.8761514105271385,0.9958529712311728,0.056527420183457404,0.02843706942818014,0.8950626301531455,0.9244849837255691,0.58,0.14,0.28,1.0
2796,0.9081213828514297,0.9927167966723989,0.08527946438205217,0.030330833485940706,0.8920811015357243,0.9244834808187286,0.8,0.08,0.12,0.75
2797,0.9097162139980838,0.9949061245444266,0.09800610382727971,0.028653594455348024,0.9089420404699253,0.9244827860668152,0.24,0.44,0.32,0.5
2798,0.9049302180490655,0.9923410171968515,0.08501501309790777,0.02811328792020693,0.8953679979362638,0.924482612541153,0.64,0.06,0.3,0.75
2799,0.9129886103358043,0.9959638784076942,0.09459503432360714,0.031667595695128205,0.8987700103829126,0.9244787898980288,0.58,0.36,0.06,0.5
2800,0.8870015879203186,0.9801540800883047,0.058443044821523175,0.020087385111854806,0.881558989927669,0.9244768616684281,0.04,0.0,0.96,0.25
2801,0.9089648904377686,0.9955524732340323,0.09543266724234803,0.0285220873202966,0.9046247647800404,0.9244755882155138,0.16,0.5,0.34,0.5
2802,0.8788542830222741,0.9964523346425886,0.06007012046734774,0.029879281299265384,0.8977270765376597,0.9244747673430973,0.56,0.26,0.18,1.0
2803,0.8710279832563104,0.9939940130560506,0.04950071042202805,0.023621775013893977,0.8871556871840404,0.9244736091208599,0.32,0.02,0.66,1.0
2804,0.876447398610348,0.995861265437127,0.055448069396169,0.029120282907923435,0.8932043123133243,0.9244710687151434,0.66,0.12,0.22,1.0
2805,0.8956619153471921,0.9877165036066495,0.07367798001214122,0.024608263508474903,0.8919369179387766,0.9244659638570301,0.42,0.0,0.58,0.75
2806,0.8788982613759968,0.9966089541393317,0.06096590231887174,0.03027857545612212,0.8996725195635572,0.9244649433892567,0.5,0.34,0.16,1.0
2807,0.9133479107107042,0.996147315646745,0.09585344779016358,0.03149881974624495,0.8999711272100754,0.9244649169366896,0.52,0.4,0.08,0.5
2808,0.8775998454618618,0.9960987149106852,0.05828057059037471,0.029239052675037295,0.8962083135854515,0.924461979343789,0.6,0.18,0.22,1.0
2809,0.8737397544021671,0.9956078668848102,0.05428886830564841,0.027635086181323217,0.8945825706747401,0.9244590185023115,0.56,0.1,0.34,1.0
2810,0.8727437312183313,0.995445036723182,0.05405184496188379,0.026631758389465902,0.8949388878784977,0.9244582906423763,0.5,0.08,0.42,1.0
2811,0.8725134632720474,0.9953879705312171,0.050715426822669614,0.032601950418807014,0.8969959933827962,0.9244578645302283,0.46,0.54,0.0,1.0
2812,0.90955403568608,0.9947237376384079,0.09800590169379034,0.0284102808788013,0.9089420404699253,0.9244554955760171,0.22,0.44,0.34,0.5
2813,0.9093253132095375,0.9956838504880156,0.09653691568576149,0.028765400896843336,0.9060584565363128,0.924451193932629,0.18,0.5,0.32,0.5
2814,0.9057817234445094,0.996387396661215,0.08681961446249405,0.0316457624282921,0.8975770442854828,0.9244491852423127,0.14,0.74,0.12,0.5
2815,0.9089567569599301,0.9944657724207343,0.09762714115136403,0.028166967302254528,0.9092983576736829,0.9244490146626427,0.2,0.44,0.36,0.5
2816,0.8772652522322603,0.9960382522613613,0.05719645427005088,0.029199462752665963,0.894706312949388,0.9244479597143904,0.62,0.16,0.22,1.0
2817,0.8756080623114278,0.995748303261195,0.05623912409551677,0.028156545038437515,0.8950626301531455,0.9244455686105836,0.58,0.12,0.3,1.0
2818,0.8731501551528428,0.9954962518751584,0.05278431380891296,0.027796840803952037,0.8930985587191651,0.9244445664204419,0.62,0.06,0.32,1.0
2819,0.8713711859960657,0.9942017906214531,0.05304275700198702,0.023941889326008044,0.8932861610569498,0.9244412661890096,0.3,0.06,0.64,1.0
2820,0.9077518523606952,0.9929081913258337,0.08721669214848979,0.029846585442022396,0.8954234313311203,0.924440564169274,0.76,0.08,0.16,0.75
2821,0.9009632860786507,0.9899140172263294,0.08353901709729523,0.026469230578747626,0.9004165890000811,0.9244404655044061,0.08,0.42,0.5,0.25
2822,0.8774904682840579,0.9960663030033154,0.05749445533106438,0.02944039722003747,0.8950626301531455,0.9244390078977314,0.64,0.16,0.2,1.0
2823,0.8787365974323778,0.9967448523920182,0.06005389857286989,0.030638279690607475,0.8984092092049378,0.9244385401997095,0.46,0.4,0.14,1.0
2824,0.8788648961517043,0.9963833837040328,0.05818321251495173,0.03048331493426607,0.894706312949388,0.9244381339250093,0.68,0.2,0.12,1.0
2825,0.9060677813706206,0.9922736303411803,0.08627511383999999,0.029081784008043444,0.8965691147634264,0.9244366535974488,0.72,0.06,0.22,0.75
2826,0.8787938330752593,0.996612008096789,0.06054748640765074,0.029796706521379165,0.8982388278072848,0.9244361223281912,0.46,0.34,0.2,1.0
2827,0.8743224047280138,0.9957450038454747,0.05580809822513158,0.02771426602606567,0.8961528801905949,0.9244357375084331,0.52,0.14,0.34,1.0
2828,0.8782674263062362,0.9967254440642518,0.059677937752415845,0.03047652506797856,0.8984092092049378,0.9244357078994755,0.4,0.44,0.16,1.0
2829,0.9010076646877275,0.9944742036266493,0.08318382832770023,0.03308732449097491,0.9038729970730278,0.9244351352909683,0.3,0.7,0.0,0.25
2830,0.875423302473739,0.9956943652349995,0.05542098192744577,0.029041103063180886,0.8950123099538428,0.9244336562502273,0.7,0.08,0.22,1.0
2831,0.8737306869467604,0.995167663177742,0.05068119956381115,0.03216646127272284,0.8939475936011491,0.9244296992909143,0.68,0.32,0.0,1.0
2832,0.8780503802787212,0.9961336213590063,0.0570358962408483,0.029922266154780507,0.8935606295170819,0.9244277175522077,0.68,0.16,0.16,1.0
2833,0.9125065177642345,0.9962407382032816,0.09548663904021924,0.03136731261119371,0.9004298730718586,0.9244274643754069,0.44,0.46,0.1,0.5
2834,0.8771051723596369,0.9959996582307648,0.05713263236623646,0.02940080729766617,0.8950626301531455,0.924425740428404,0.66,0.14,0.2,1.0
2835,0.8711743867689263,0.9939928942230382,0.0532459508998864,0.02329826576863618,0.8933165834269209,0.9244255506623079,0.2,0.1,0.7,1.0
2836,0.8755980682303373,0.9957275820171385,0.05548677901822798,0.02928203753055237,0.8950123099538428,0.924423896573738,0.72,0.08,0.2,1.0
2837,0.8719142094190829,0.9946090743796305,0.053321027030210355,0.024743872572865217,0.8932688035948597,0.9244219737530073,0.32,0.1,0.58,1.0
2838,0.8721472479863004,0.9946532112003039,0.054415362154615156,0.024823052417607662,0.8949561596853,0.9244200149194811,0.28,0.14,0.58,1.0
2839,0.8735778198527079,0.9954412064326139,0.05203305800248846,0.032404000806950446,0.8967982254606702,0.9244148936299192,0.56,0.44,0.0,1.0
2840,0.871193282052499,0.9942663575612665,0.050316944542631414,0.024103643948637007,0.8883559748606623,0.9244122044164438,0.36,0.02,0.62,1.0
2841,0.8742333746523916,0.9954909602516763,0.053769896844584185,0.028480054283695204,0.893528297998268,0.9244121775711116,0.7,0.04,0.26,1.0
2842,0.9062479350022031,0.992305802498619,0.08108510684040586,0.03159519064074459,0.8893780286541467,0.9244117007397059,0.92,0.06,0.02,0.5
2843,0.8742881060717531,0.9955011096654317,0.05367443726086067,0.028720988751066757,0.893528297998268,0.9244094763291177,0.72,0.04,0.24,1.0
2844,0.8733960923083546,0.995520312493257,0.05383751369999906,0.028278709738695035,0.8950123099538428,0.9244087563060762,0.66,0.06,0.28,1.0
2845,0.8732054050649063,0.9955098148712681,0.05424420258890865,0.0273545617915804,0.8949388878784977,0.9244064461592217,0.56,0.08,0.36,1.0
2846,0.8738207785922463,0.9950946707403453,0.05066504648395394,0.03204769150560881,0.8934111701353621,0.9243937291461465,0.74,0.26,0.0,1.0
2847,0.9058561986027581,0.995288548518068,0.09264446017285852,0.027342788251394662,0.9036156991073168,0.9243923984229125,0.04,0.52,0.44,0.5
2848,0.9109388767458556,0.9941858586676895,0.0904937798511377,0.03116340042175896,0.8955085025270562,0.9243921516341099,0.7,0.22,0.08,0.5
2849,0.9092869909794014,0.9951041180293021,0.09698040130101876,0.02820423611608629,0.9064147737400703,0.9243904550319287,0.18,0.46,0.36,0.5
2850,0.9058600631735203,0.9949303906624662,0.09101870711074404,0.03172037579705469,0.9066523528465473,0.924388907843638,0.28,0.62,0.1,0.25
2851,0.893454307477931,0.9915441654879152,0.07808692810200653,0.02345140650818265,0.8989276740607249,0.9243856620878351,0.0,0.28,0.72,0.75
2852,0.9008157678407677,0.9944752539596813,0.08144830110789963,0.03312343275053663,0.9006327689152658,0.9243852352139255,0.28,0.72,0.0,0.25
2853,0.8957912715543006,0.9879475540403766,0.07388183796725922,0.025092511552393067,0.8919369179387766,0.9243837577032592,0.46,0.0,0.54,0.75
2854,0.8788501671634471,0.9963971522000835,0.059456601884783924,0.030281970389265906,0.8965292846466303,0.9243820726607306,0.64,0.22,0.14,1.0
2855,0.8787776363393761,0.9964158469863879,0.05973092194654418,0.029839691376894174,0.8965813931053537,0.9243802376641942,0.58,0.24,0.18,1.0
2856,0.90983818658609,0.9952609601509813,0.09731752945440401,0.028447549692633103,0.9060584565363128,0.9243799551133076,0.2,0.46,0.34,0.5
2857,0.8766971390991659,0.9959296569591767,0.05682392366397576,0.02936121737529497,0.8949943212733543,0.9243795764147962,0.68,0.12,0.2,1.0
2858,0.9085845901686983,0.9950919364494629,0.09568519895858098,0.02799819135337148,0.9049810819837979,0.9243777791401206,0.14,0.48,0.38,0.5
2859,0.8726882299712131,0.9954312339771411,0.05397164359099902,0.027074037401837496,0.8949568765589863,0.9243769535799433,0.56,0.06,0.38,1.0
2860,0.8872073454632262,0.9802107267178899,0.05950105079602802,0.020331888242989208,0.882735801839372,0.924369431091737,0.06,0.0,0.94,0.25
2861,0.8738082009535765,0.9951170531089253,0.05072435819781091,0.03208728142798022,0.8934111701353621,0.9243682814822686,0.72,0.28,0.0,1.0
2862,0.8732293764474338,0.9954318904352861,0.05104198307952357,0.032483180651692985,0.8953645337043978,0.9243640372516507,0.52,0.48,0.0,1.0
2863,0.8957742937334742,0.9878515969845669,0.07405450243538161,0.024850387530433952,0.8919369179387766,0.9243628751686521,0.44,0.0,0.56,0.75
2864,0.8734417314609546,0.9954434555153022,0.051301652184119265,0.03244359072932187,0.8953645337043978,0.9243624718362893,0.54,0.46,0.0,1.0
2865,0.9069252875042714,0.9954827802123559,0.09341198969209921,0.028109997794866764,0.9035827363701043,0.9243624113220046,0.08,0.54,0.38,0.5
2866,0.9062166112888193,0.992240345059061,0.08539893105633786,0.0300502800958799,0.8954060738690303,0.9243609673402441,0.8,0.06,0.14,0.75
2867,0.9097432876681846,0.99638771632779,0.09869122188002792,0.02977592401686198,0.9094058995272627,0.9243605765982231,0.24,0.52,0.24,0.5
2868,0.8787070876734927,0.9966562705007598,0.0607492965187034,0.029836296443750434,0.8982388278072848,0.924350589994499,0.44,0.36,0.2,1.0
2869,0.9105585026374932,0.9955500814430517,0.0981334545184544,0.028896908031894784,0.9062943564015559,0.9243495052257448,0.26,0.44,0.3,0.5
2870,0.8728597313939246,0.9954487128887942,0.05409371481587173,0.02731497186920906,0.8949568765589863,0.9243476166398786,0.58,0.06,0.36,1.0
2871,0.9075727073173565,0.9952573467770177,0.09422865512441034,0.027792146590656423,0.9035473902275255,0.9243454507362325,0.1,0.5,0.4,0.5
2872,0.9003136009634182,0.9888887551870754,0.08299766298659073,0.025908007797354717,0.9003102487691722,0.9243442659637661,0.08,0.38,0.54,0.25
2873,0.8789391438774815,0.9964973162963531,0.060489393446896335,0.03040074015637967,0.8981381874086798,0.9243433710972797,0.58,0.28,0.14,1.0
2874,0.8955375312419518,0.9932219069650163,0.08076730298142187,0.02685616109830125,0.902484520578277,0.9243414737889646,0.0,0.52,0.48,0.5
2875,0.9077386030504807,0.994807969780914,0.09440186615160873,0.027511564200278064,0.9035473902275255,0.9243339512468366,0.1,0.48,0.42,0.5
2876,0.8784474626631356,0.9967121921722195,0.06024216753811534,0.030436935145607334,0.8984092092049378,0.9243328467044646,0.42,0.42,0.16,1.0
2877,0.9052673573362234,0.9949426350339542,0.09168139641841583,0.026818892284469483,0.9021820073510444,0.9243314659107982,0.02,0.5,0.48,0.5
2878,0.8784828916388648,0.9966257708845081,0.05978716075998737,0.02959536197637899,0.8964158561100425,0.9243311110781132,0.42,0.36,0.22,1.0
2879,0.8786489960816378,0.9967666582190968,0.060781386670382104,0.03091880408035027,0.8996103260321004,0.9243296846205579,0.46,0.42,0.12,1.0
2880,0.8752459995731289,0.9956605547863642,0.05575605396121468,0.028800168595809392,0.8950123099538428,0.9243268993539314,0.68,0.08,0.24,1.0
2881,0.9100616378796252,0.9961234376952606,0.0984015361749225,0.029495341626483474,0.9078484654963426,0.924322526866248,0.24,0.5,0.26,0.5
2882,0.8785638493376013,0.9967450693086226,0.06024946154426615,0.03067786961297885,0.8984092092049378,0.9243224027784902,0.44,0.42,0.14,1.0
2883,0.9041730470591048,0.9920618341102639,0.08306758395116967,0.027832734530146352,0.891969648109261,0.9243218512596348,0.64,0.04,0.32,0.75
2884,0.8875995179386758,0.9803629222575685,0.06132236994896289,0.020820894505257852,0.8856337646837631,0.9243212837175655,0.1,0.0,0.9,0.25
2885,0.8856791842069189,0.9828209327400291,0.0570518163044406,0.019804212437394192,0.8774368869270225,0.9243199112334297,0.0,0.02,0.98,0.75
2886,0.8758032736228507,0.995778346210911,0.055973125240352264,0.028397479505808967,0.8935606295170819,0.9243119025034299,0.6,0.12,0.28,1.0
2887,0.9105536680648786,0.9957987534967242,0.09822877904358411,0.029177490422273206,0.9063464648602789,0.9243095506088082,0.26,0.46,0.28,0.5
2888,0.8788834944131511,0.9966817553476165,0.06076754103957448,0.030318165378493498,0.8982388278072848,0.9243056967005197,0.48,0.36,0.16,1.0
2889,0.8787274649466218,0.9963153974735335,0.057743134396760945,0.030404135089523512,0.8932043123133243,0.9243042222061921,0.72,0.16,0.12,1.0
2890,0.905582692515384,0.9954800402131418,0.08816746690353812,0.03269568693542285,0.9018944967693772,0.9243020974610131,0.48,0.52,0.0,0.5
2891,0.8784734579399965,0.996775029487529,0.060674136927930125,0.030958394002721646,0.8996103260321004,0.9243013066181704,0.44,0.44,0.12,1.0
2892,0.8785109813339446,0.9963267342202817,0.0580327132414732,0.029961856077151752,0.8935606295170819,0.9242993262247967,0.66,0.18,0.16,1.0
2893,0.9091309673685437,0.9959682624064368,0.09701393155253844,0.02904598328722175,0.9064147737400703,0.9242952453854971,0.18,0.52,0.3,0.5
2894,0.8788036353513463,0.9966732242458969,0.06070044591996429,0.030077230911122004,0.8978825106035273,0.9242945581888967,0.46,0.36,0.18,1.0
2895,0.8943008759691852,0.9920343170973234,0.0804880696097483,0.024573620068425363,0.9022412148573287,0.9242929207949264,0.0,0.36,0.64,0.75
2896,0.8718435670439978,0.9952236676200114,0.051555768656502445,0.026031119687608968,0.8902490436971168,0.924291902519256,0.52,0.02,0.46,1.0
2897,0.8788775819229172,0.996403397114959,0.05945335392954635,0.030522904856637386,0.8961729674428728,0.9242905365135479,0.66,0.22,0.12,1.0
2898,0.8745966099028903,0.9965434224914617,0.05176621381978232,0.031552242838290945,0.8911759090444397,0.9242898621409146,0.14,0.74,0.12,1.0
2899,0.9074781986201699,0.9955312667817816,0.09427442102901552,0.028072728981034925,0.9035473902275255,0.9242888644009922,0.1,0.52,0.38,0.5
2900,0.8718785172020087,0.9945080483252748,0.05387852563674649,0.024542528027865017,0.8933532435723969,0.9242881869903716,0.28,0.12,0.6,1.0
2901,0.872195499328608,0.9947051912687276,0.05318065690747016,0.025024396962607977,0.8918189114175195,0.924287691810673,0.32,0.12,0.56,1.0
2902,0.873773015032096,0.9951387276443749,0.05035411381142174,0.03212687135035134,0.8922484116797094,0.924285475081352,0.7,0.3,0.0,1.0
2903,0.8939721382303677,0.991838932320033,0.08024860758726152,0.02429306667836467,0.90220586871475,0.9242848946477775,0.0,0.34,0.66,0.75
2904,0.8788816112339652,0.9964553714750509,0.060035950984611404,0.03012021576663688,0.8965813931053537,0.9242732411518124,0.58,0.26,0.16,1.0
2905,0.9102950076064799,0.9962119054198851,0.09838447196974782,0.029981968779576974,0.9075475816874417,0.9242682736298807,0.28,0.5,0.22,0.5
2906,0.8788038511052079,0.996769004343424,0.06038313252112717,0.030879214157978917,0.8980528920011802,0.9242657077833432,0.48,0.4,0.12,1.0
2907,0.9096980967018499,0.9958246236559705,0.09688118749637221,0.029008714473390106,0.9049127731040066,0.9242642938785836,0.2,0.5,0.3,0.5
2908,0.9048802193087426,0.9920123086244694,0.08511373698267204,0.028801230617982825,0.895441420011609,0.9242632457131523,0.72,0.04,0.24,0.75
2909,0.9052092351804802,0.9920359354093592,0.08483868717659296,0.02855910659602366,0.8939013880244275,0.9242622770969672,0.7,0.04,0.26,0.75
2910,0.9085325563363612,0.9954412578075992,0.09527929357162497,0.028278773743749888,0.9035473902275255,0.9242605164903896,0.14,0.5,0.36,0.5
2911,0.8733055549826728,0.995509141288128,0.05361530938709281,0.028037775271323444,0.8934548759229227,0.9242586058284974,0.64,0.06,0.3,1.0
2912,0.9103865328908034,0.9955928425557863,0.09829498102977993,0.028934176845726516,0.906346464860279,0.9242580842753179,0.24,0.46,0.3,0.5
2913,0.9059151078281406,0.9921345411310758,0.08321534101488538,0.03090251872493635,0.8923640412457852,0.9242579439983721,0.84,0.08,0.08,0.5
2914,0.8788310129661014,0.99635658308672,0.058009760592535375,0.030443725011894695,0.8932043123133243,0.9242566144114568,0.7,0.18,0.12,1.0
2915,0.9068981167911732,0.994422760141405,0.09377165877166581,0.02726825062373125,0.9035473902275255,0.9242545260507824,0.08,0.48,0.44,0.5
2916,0.878904865253457,0.9964531623506846,0.0599644724942914,0.030361150234008406,0.8965813931053537,0.9242523234282338,0.6,0.26,0.14,1.0
2917,0.87299353513144,0.9954709639657452,0.05345772761763028,0.027555906336580536,0.8930985587191651,0.9242476679686228,0.6,0.06,0.34,1.0
2918,0.8937683457753088,0.9917257817691549,0.07953662902382548,0.02401251328830399,0.900722641328067,0.9242458444871755,0.0,0.32,0.68,0.75
2919,0.9072678431839026,0.992577410629046,0.08552679498263621,0.031220369929146632,0.8939735391537801,0.9242411048398501,0.82,0.12,0.06,0.5
2920,0.8783321923694714,0.9966616563117149,0.06001818402500778,0.029915476288492872,0.8969251972493628,0.9242370031960965,0.4,0.4,0.2,1.0
2921,0.8788955987788651,0.996424763400497,0.06000114611127801,0.030321560311637227,0.8965292846466303,0.9242348035899222,0.62,0.24,0.14,1.0
2922,0.8739966493371834,0.9956406698129012,0.05523779611866916,0.02811695511606625,0.8949943212733543,0.9242325935348722,0.6,0.1,0.3,1.0
2923,0.8786801743745396,0.9963400802997869,0.05828109639151185,0.03020279054452323,0.8935606295170819,0.9242322309276665,0.68,0.18,0.14,1.0
2924,0.8722808586355227,0.9948446515203925,0.05400385176989599,0.025466675974979747,0.8933041497374384,0.9242310247568691,0.38,0.1,0.52,1.0
2925,0.9086676366375328,0.9947281730121357,0.09686246100627131,0.02796092253953973,0.9064147737400703,0.9242309500677732,0.16,0.46,0.38,0.5
2926,0.8713312165864884,0.9943262607940841,0.051120051959531544,0.024143233871008172,0.888390094638897,0.9242280424262916,0.34,0.04,0.62,1.0
2927,0.9052369964301632,0.9922139326083037,0.08130068153338535,0.03165124879429262,0.890755105232867,0.9242277868325445,0.94,0.04,0.02,0.25
2928,0.9126045553409261,0.9954279288530891,0.09667730910301262,0.03118096854203473,0.9017560229745513,0.9242275907861358,0.54,0.36,0.1,0.5
2929,0.9081298693230242,0.994900033754507,0.09505657802193403,0.027754877776824678,0.9035473902275255,0.9242275680956233,0.12,0.48,0.4,0.5
2930,0.9008247293374915,0.9890089269859395,0.08379954973962636,0.026152510928489175,0.900241939889381,0.9242251076792303,0.1,0.38,0.52,0.25
2931,0.9079974520697329,0.9939634848981405,0.09695790953272719,0.027362488944950636,0.9078646659174106,0.9242248214026971,0.18,0.4,0.42,0.5
2932,0.9124264530851681,0.99532429979948,0.09724055312192227,0.031143699728202908,0.9032226774680361,0.9242235498175778,0.56,0.34,0.1,0.5
2933,0.9099626549083629,0.9959804040279541,0.09795908228434884,0.02925202804993675,0.906346464860279,0.9242224047514237,0.22,0.5,0.28,0.5
2934,0.8783425388530011,0.9966905946992477,0.06049258812156481,0.030196000678235756,0.8980528920011802,0.9242206131466133,0.4,0.42,0.18,1.0
2935,0.8714172665365437,0.9944143631854802,0.051291399669010584,0.024384168338379794,0.8887298389494565,0.9242204070249807,0.36,0.04,0.6,1.0
2936,0.8714711164032456,0.9943753524466697,0.05212052120581051,0.024182823793379524,0.8899604041547517,0.9242163301580768,0.32,0.06,0.62,1.0
2937,0.8741583537335036,0.9965070490018948,0.0500177785781881,0.031591832760662214,0.8882582053325924,0.9242118474958848,0.12,0.76,0.12,1.0
2938,0.9106227924515068,0.9938697883416824,0.08988035768005721,0.03112613160792705,0.8940065018909925,0.9242090656890988,0.72,0.2,0.08,0.5
2939,0.873498318879566,0.9955582500657086,0.05396188092228816,0.027836430726323417,0.8930805700386766,0.9242079249335378,0.6,0.08,0.32,1.0
2940,0.9087919959274361,0.9943173500883068,0.09840994154067015,0.027886384911876002,0.9092983576736829,0.9242075710331745,0.2,0.42,0.38,0.5
2941,0.8773798507759769,0.9960356720954348,0.057063814930144785,0.029641741765037633,0.8932043123133243,0.9242064679783143,0.68,0.14,0.18,1.0
2942,0.907560620449779,0.9941091044397052,0.09660056855463474,0.027437026572614386,0.9078646659174106,0.924203814133813,0.14,0.44,0.42,0.5
2943,0.9051960882148644,0.9952135467479143,0.09199860837218808,0.02709947467484801,0.9021820073510444,0.9242030774308853,0.02,0.52,0.46,0.5
2944,0.9080899842869784,0.9953439364605142,0.0951418686794582,0.02803546016720325,0.9035473902275255,0.9242014618309061,0.12,0.5,0.38,0.5
2945,0.9061993607082363,0.9922229974390369,0.08480353117644242,0.030292404117838973,0.8935477560292092,0.9241978136335147,0.82,0.06,0.12,0.75
2946,0.8720502240809571,0.9946825291918946,0.05334999868470199,0.024984807040236652,0.8918021491013748,0.9241972518534598,0.34,0.1,0.56,1.0
2947,0.873841304206637,0.995049911711517,0.04984616242617716,0.03196851166086638,0.8904071688632349,0.9241946887481124,0.78,0.22,0.0,1.0
2948,0.8719084401890076,0.9952410266566989,0.051803704700616224,0.026272054154980462,0.8902490436971168,0.9241942422045275,0.54,0.02,0.44,1.0
2949,0.9033229666440002,0.9918459564221849,0.08271446599158015,0.02755218114008573,0.891969648109261,0.9241924444657336,0.64,0.02,0.34,0.75
2950,0.8782554523773939,0.9967678740937481,0.06006129986382321,0.030997983925092835,0.89816043385476,0.9241862572278993,0.42,0.46,0.12,1.0
2951,0.87230122544847,0.9953398435866881,0.05245779390887266,0.02723579202446647,0.8918519598100196,0.9241858599134927,0.62,0.02,0.36,1.0
2952,0.8785812353455882,0.9966610141243991,0.060482038411066474,0.029875886366121627,0.8969251972493628,0.9241856976608162,0.42,0.38,0.2,1.0
2953,0.8726253455237517,0.9954090799418289,0.054189734753016895,0.02639082392209445,0.8933359717655946,0.924185344309767,0.48,0.08,0.44,1.0
2954,0.8718121000103972,0.9951571255974312,0.05202834053108066,0.025790185220237506,0.8902490436971168,0.9241843125792795,0.5,0.02,0.48,1.0
2955,0.8725824069946769,0.9954134696489031,0.053860335747147624,0.026833102934465922,0.8933539604460833,0.924182408169153,0.54,0.06,0.4,1.0
2956,0.8786457375377241,0.9967140844841768,0.06022729582491056,0.030397345223235967,0.8969251972493628,0.9241822202741509,0.44,0.4,0.16,1.0
2957,0.894859411924801,0.985651868532189,0.07641509644827703,0.02289349901881867,0.8966915945590174,0.9241819070983613,0.04,0.2,0.76,0.25
2958,0.8990330006595716,0.9887929408395582,0.08155510979327057,0.025735721185344486,0.8988765570128998,0.9241813501470899,0.02,0.42,0.56,0.25
2959,0.9047658873550555,0.9953792824503758,0.08980033185873075,0.031131299441900063,0.9038352895333053,0.9241747934271339,0.14,0.7,0.16,0.25
2960,0.8777418619667388,0.9960753221673951,0.05680930661675549,0.029882676232409162,0.8920586288810183,0.9241744150143351,0.7,0.14,0.16,1.0
2961,0.8738715679432422,0.9956216125475341,0.05447324818128176,0.027876020648694707,0.8930805700386766,0.9241739366387155,0.58,0.1,0.32,1.0
2962,0.9128940243076983,0.9957019401911602,0.09618310554484383,0.03142428211858147,0.8999156938152189,0.9241734180921808,0.56,0.36,0.08,0.5
2963,0.8756333015986945,0.9957261035592293,0.05435826095107051,0.029965251010295523,0.8920089399001144,0.9241727180953593,0.8,0.06,0.14,1.0
2964,0.906214069202653,0.9922461903907177,0.08280749459254555,0.0313518770641978,0.8908800292902103,0.9241695859406746,0.9,0.06,0.04,0.5
2965,0.8738983598475193,0.9954329578933132,0.05334681568729283,0.028681398828695456,0.8920442860426931,0.9241621774910627,0.74,0.02,0.24,1.0
2966,0.8780367995441892,0.9961151377809746,0.05702321698109006,0.03012361069978067,0.8920586288810183,0.9241589602517688,0.72,0.14,0.14,1.0
2967,0.900499614487653,0.9886535490878736,0.08292706249041101,0.025871899537792797,0.8987399392533173,0.9241568353278349,0.1,0.36,0.54,0.25
2968,0.9075258792239631,0.9938398253086101,0.09681745541559676,0.02711917536840395,0.9078646659174106,0.9241539898174973,0.16,0.4,0.44,0.5
2969,0.9056382583015905,0.993934520823115,0.0942881961286345,0.027024937047184568,0.9065513914996527,0.924153554335626,0.06,0.48,0.46,0.5
2970,0.9101693132217211,0.9961699891402415,0.09817488235706319,0.029738655203030234,0.9063464648602789,0.9241532478427099,0.26,0.5,0.24,0.5
2971,0.8958403320597731,0.9932499234569803,0.08079395733736451,0.027136743488679872,0.9010178660847922,0.9241527110345797,0.0,0.54,0.46,0.5
2972,0.8724150142363266,0.9949479295116023,0.05430345259277564,0.025707610442351293,0.8933041497374384,0.9241521297180345,0.4,0.1,0.5,1.0
2973,0.9132848218073872,0.9960476253420061,0.09716596023228133,0.031218237355866513,0.9002540223384876,0.9241508764290517,0.52,0.38,0.1,0.5
2974,0.8785363252570295,0.9966925926153414,0.06021818525355534,0.03015641075586443,0.8965688800456053,0.9241435408777505,0.42,0.4,0.18,1.0
2975,0.9063957643690632,0.9954131157323379,0.0929745662674967,0.027866684218319986,0.9020807357340408,0.924142681050428,0.06,0.54,0.4,0.5
2976,0.9085069287489128,0.9943255015859687,0.09757482616478728,0.027923653725707844,0.9078646659174106,0.9241417294403309,0.18,0.44,0.38,0.5
2977,0.872842341049439,0.995435589434225,0.052753564606070696,0.027757250881580726,0.8915965580831016,0.9241346130568359,0.64,0.04,0.32,1.0
2978,0.9079679736117819,0.9956240214635098,0.095205488137918,0.02831604255758158,0.9035473902275255,0.924132398205276,0.12,0.52,0.36,0.5
2979,0.8724911769833147,0.9953565119152405,0.05437768765486966,0.0261498894547229,0.8933359717655946,0.9241311636932373,0.46,0.08,0.46,1.0
2980,0.878714531283999,0.9966852345757852,0.06047301261811641,0.030116820833493232,0.8965688800456053,0.9241302893293551,0.44,0.38,0.18,1.0
2981,0.8733878595860385,0.9955440020697954,0.054279474418335256,0.027595496258951854,0.8930805700386766,0.9241291987272137,0.58,0.08,0.34,1.0
2982,0.9050362161399842,0.9920044197100656,0.08065526995754226,0.03152065301308102,0.8892923623122655,0.9241290599448674,0.96,0.02,0.02,0.5
2983,0.8720563977309621,0.9948942968811525,0.053246225819974145,0.02562843059760857,0.8917338402215836,0.9241218405778713,0.44,0.06,0.5,1.0
2984,0.8719503031754711,0.9952021643345126,0.052396255473239596,0.025829775142608702,0.8902490436971168,0.9241184535423852,0.48,0.04,0.48,1.0
2985,0.9083261620823938,0.9942080583696553,0.09760225006676494,0.02764307133532915,0.9078646659174106,0.924118086570527,0.18,0.42,0.4,0.5
2986,0.9057021393151893,0.9952255627861344,0.09066596745884901,0.03245388519045758,0.9051503522104839,0.9241155836799017,0.34,0.62,0.04,0.25
2987,0.8712624816120054,0.994348215037787,0.05147054079559817,0.024344578416008473,0.8886957191712218,0.9241151601402147,0.38,0.02,0.6,1.0
2988,0.8727010589298121,0.9954132584406303,0.05200283889358758,0.027516316414209187,0.8899936419701986,0.9241132419009409,0.62,0.04,0.34,1.0
2989,0.8760371472794123,0.9957945293312692,0.05594728633960833,0.029763906465295382,0.8935103093177793,0.9241111141774524,0.76,0.08,0.16,1.0
2990,0.9064241434102088,0.9923822713100185,0.08239579988550329,0.03163245945457649,0.8895035146065667,0.9241092166426561,0.9,0.08,0.02,0.5
2991,0.875791747297367,0.9957582186333509,0.05585509136626433,0.02952297199792392,0.8935103093177793,0.9241068363177929,0.74,0.08,0.18,1.0
2992,0.8721152804336851,0.994848470394297,0.05351209317601272,0.025427086052608378,0.8918021491013748,0.9241064335534104,0.4,0.08,0.52,1.0
2993,0.9035027703139682,0.9918490389213007,0.08226879062131794,0.027794305162044865,0.8904856361536863,0.924104416073168,0.66,0.02,0.32,0.75
2994,0.8788980881525733,0.9966897156161666,0.06131256183065531,0.030559099845864985,0.898222627386217,0.9241033921474997,0.5,0.36,0.14,1.0
2995,0.9080623072344525,0.9942003178718755,0.09735635477072445,0.02768034014916111,0.9078646659174106,0.9241012656635462,0.16,0.44,0.4,0.5
2996,0.90727927017434,0.993834214018553,0.09671656567353355,0.027156444182235805,0.9078646659174106,0.9241008222724456,0.14,0.42,0.44,0.5
2997,0.8745472085488656,0.9955397950293354,0.053559341125968586,0.029443792153181172,0.8916526226963568,0.9241003076257343,0.78,0.04,0.18,1.0
2998,0.9009481531822595,0.9889787184946043,0.08359943689630107,0.02611640266892717,0.8987399392533174,0.9240972654767999,0.12,0.36,0.52,0.25
2999,0.9093671132684314,0.9945074660754418,0.09856991532061209,0.028092429674590805,0.9077963570376193,0.9240959559097921,0.24,0.4,0.36,0.5
3000,0.9104297533820598,0.9958929580947032,0.0986988770771164,0.029458072812651757,0.9063464648602789,0.9240947487952418,0.26,0.48,0.26,0.5
3001,0.8729836940293062,0.9954578690528345,0.05371627294640438,0.02823911981632368,0.8935103093177793,0.9240932708821561,0.68,0.04,0.28,1.0
3002,0.8723294941784999,0.994779239747488,0.05387746556990745,0.02526533142997943,0.8918189114175195,0.924089754163631,0.34,0.12,0.54,1.0
3003,0.8743473966098624,0.9955165221610109,0.05373727852262418,0.028961923218438226,0.8916879688389356,0.9240872069421713,0.74,0.04,0.22,1.0
3004,0.9034219236128982,0.9952840446443598,0.08726084928483861,0.03288203100458136,0.9034318435480194,0.924079395206411,0.38,0.62,0.0,0.5
3005,0.8789077359536603,0.9964385889798647,0.060214789987264095,0.03056249477900866,0.8961729674428728,0.9240772395131478,0.64,0.24,0.12,1.0
3006,0.8721488991861183,0.9947870087869263,0.0537616324285501,0.02522574150760819,0.8918021491013748,0.9240755670386062,0.36,0.1,0.54,1.0
3007,0.9051251600840272,0.995595965013224,0.08966714097634247,0.031411910832596375,0.9023512775777303,0.9240747843238798,0.14,0.72,0.14,0.25
3008,0.8958703784140928,0.993275182824735,0.08092325436422723,0.027417325879058294,0.9010178660847922,0.9240720901320718,0.0,0.56,0.44,0.5
3009,0.9061027557950981,0.9957664842976468,0.08976802934839977,0.0327344965811543,0.9021643396188453,0.9240719728555102,0.34,0.64,0.02,0.25
3010,0.9096353098323654,0.9963044317683455,0.09816490095286863,0.02953261044031523,0.9064147737400704,0.924067548529097,0.22,0.52,0.26,0.5
3011,0.9049612686213934,0.9919793601339202,0.0828304451190033,0.030865249911104425,0.8923640412457852,0.9240670263295907,0.86,0.06,0.08,0.5
3012,0.8723544282419168,0.9952785475209366,0.05379024158992057,0.025908954987351393,0.8917833758519941,0.9240632430230449,0.44,0.08,0.48,1.0
3013,0.9105942791425256,0.9962631605301835,0.09868528319812354,0.030225282356123612,0.9064018982551357,0.9240584323535996,0.3,0.5,0.2,0.5
3014,0.8864437391697496,0.9800570184703119,0.05794204811487495,0.019842881980720522,0.8786916064151242,0.9240582979927403,0.02,0.0,0.98,0.25
3015,0.8721802077092193,0.9952599212346126,0.05363364996464506,0.02586936506498003,0.8917330556526916,0.9240537356671117,0.46,0.06,0.48,1.0
3016,0.8738918899387579,0.9954470688892657,0.053376505604851104,0.028922333296066895,0.8916526226963568,0.9240468500730372,0.76,0.02,0.22,1.0
3017,0.8956057940354498,0.9857747689136038,0.07694190594496196,0.023138002149952996,0.8955127653403152,0.9240465266900639,0.06,0.2,0.74,0.25
3018,0.8720143661344343,0.9947554074626573,0.05373803845066733,0.0251861515852369,0.8918021491013748,0.9240451926919121,0.38,0.08,0.54,1.0
3019,0.8787911505557227,0.9967091068189379,0.06088178869259576,0.030357755300864757,0.8969251972493628,0.9240441687913374,0.46,0.38,0.16,1.0
3020,0.8725617322466509,0.9953929539047878,0.05322844223448181,0.027275381946837707,0.8918519598100196,0.9240416984126626,0.6,0.04,0.36,1.0
3021,0.8715595092732734,0.9946156104194224,0.051060640756987574,0.024866037273122685,0.8872458269938817,0.9240408742984094,0.4,0.04,0.56,1.0
3022,0.9076667825700335,0.9939393900300516,0.09721360515332574,0.02739975775878252,0.9078646659174106,0.9240407743990446,0.16,0.42,0.42,0.5
3023,0.8939459508667701,0.9855476115620934,0.07624082513412657,0.022648995887684348,0.8970147659763789,0.9240398906464076,0.02,0.2,0.78,0.25
3024,0.8723901959839414,0.995367974245286,0.05445746404023826,0.02635123399972306,0.8933359717655946,0.9240393012348218,0.5,0.06,0.44,1.0
3025,0.9012811779643379,0.9891214267870041,0.08481009710068416,0.02639701405962361,0.900241939889381,0.9240384342779407,0.12,0.38,0.5,0.25
3026,0.9062255233906321,0.9963563461909547,0.09060920280432916,0.03136518003791365,0.9008672656221554,0.9240338732726319,0.14,0.72,0.14,0.5
3027,0.8963818541738544,0.9859031949601003,0.07767282751733061,0.02341861354064949,0.8955127653403152,0.9240315869748734,0.06,0.22,0.72,0.25
3028,0.9063293711392393,0.9964120366749808,0.09041317706991968,0.0316084936144603,0.9005109484183977,0.9240278319449287,0.16,0.72,0.12,0.5
3029,0.8785591001750411,0.996284669524014,0.05775754421127677,0.030364545167152136,0.8917023116772608,0.9240275636777664,0.74,0.14,0.12,1.0
3030,0.9011830284583028,0.9944480480508182,0.08478136677011097,0.033051216231412626,0.9038226768737255,0.9240225425500843,0.32,0.68,0.0,0.25
3031,0.9054154010256777,0.9952321673259067,0.0919072069763023,0.02738005706522648,0.9007153528575595,0.9240219225768446,0.02,0.54,0.44,0.5
3032,0.9058376733150852,0.9949364586190591,0.09134867210887049,0.03192877066862705,0.9051503522104839,0.9240209142365798,0.32,0.6,0.08,0.25
3033,0.8616978221454953,0.9911538811415285,0.04344456815817987,0.02088892109492119,0.8903201029215491,0.9240172074270523,0.0,0.1,0.9,1.0
3034,0.907313084998034,0.9956059888436822,0.09453973145568931,0.028633893761791963,0.9032264191663468,0.9240136076009366,0.1,0.56,0.34,0.5
3035,0.9041575601531248,0.9920270932035621,0.08477832507612068,0.02831698257406452,0.8938833993439388,0.9240085915808113,0.68,0.04,0.28,0.75
3036,0.9117094356433996,0.9952448055722816,0.09456934103642232,0.03159305806746464,0.8987526529208227,0.9240068939868157,0.62,0.32,0.06,0.5
3037,0.9043023333178661,0.9918951907830628,0.08465080815091512,0.02976972670581921,0.8954060738690303,0.9240068841266963,0.8,0.04,0.16,0.75
3038,0.9058053577746634,0.994878364927389,0.0922839304454011,0.03168426753749266,0.9066523528465473,0.9240068477295266,0.3,0.6,0.1,0.25
3039,0.8962099879694975,0.9859016537105423,0.07761920516034121,0.023382505281087332,0.8955127653403152,0.9240024897197469,0.08,0.2,0.72,0.25
3040,0.898637681087808,0.9883115600818009,0.08155621756479267,0.025699612925782364,0.8988765570128998,0.9239974491785135,0.04,0.4,0.56,0.25
3041,0.870951787059684,0.9938288196451003,0.05035335587948172,0.02338084054652247,0.8856170264025007,0.9239973375518518,0.3,0.02,0.68,1.0
3042,0.8926240496422919,0.99360507873011,0.07331211719710745,0.031103445868137836,0.896944766282807,0.9239955968875301,0.0,0.82,0.18,0.25
3043,0.91213325075704,0.9953763312428889,0.09509313655561262,0.03163032688129639,0.898734664240334,0.9239924798670642,0.6,0.34,0.06,0.5
3044,0.8789430824160371,0.9966815412851779,0.061389089799818136,0.030800034313236347,0.8978663101824594,0.9239919484985326,0.52,0.36,0.12,1.0
3045,0.9064704742209518,0.9923113167470373,0.08464430377370048,0.031145832301483052,0.8923640412457852,0.9239900960461489,0.86,0.08,0.06,0.5
3046,0.9069592477972235,0.9938567105537669,0.09600917346497985,0.02719371299606769,0.9064309741611382,0.9239897927596342,0.12,0.44,0.44,0.5
3047,0.904514332227656,0.9919298631897843,0.08493840756628428,0.029527602683860087,0.8950497566652728,0.9239876782344065,0.78,0.04,0.18,0.75
3048,0.8958445408455017,0.9932715009507912,0.08158498585736353,0.026818047188910465,0.9009825199422135,0.9239874050483362,0.0,0.52,0.48,0.75
3049,0.871428961922565,0.9946185958768994,0.05114863266476413,0.024826447350751454,0.8872458269938817,0.9239846867984951,0.42,0.02,0.56,1.0
3050,0.8744220339240113,0.9955269113246976,0.05419766485833222,0.029202857685809703,0.8920442860426931,0.9239835777813745,0.76,0.04,0.2,1.0
3051,0.9038154821909146,0.99532024402981,0.08804816749882952,0.03284476219074987,0.9034318435480194,0.9239831744338144,0.4,0.6,0.0,0.5
3052,0.8958355456266983,0.9858855619234913,0.07724430670946195,0.023454721800211433,0.8955127653403152,0.9239814727722088,0.04,0.24,0.72,0.25
3053,0.9047482646543695,0.9919955090042881,0.08559434063373877,0.029043354639941905,0.8950851028078515,0.9239805940880523,0.74,0.04,0.22,0.75
3054,0.9089675592767777,0.9943303993345638,0.09863412054302885,0.027849116098044188,0.9077963570376193,0.9239796667052775,0.22,0.4,0.38,0.5
3055,0.8739600852917186,0.9954641995926854,0.05257873119861713,0.029404202230809938,0.8901506220602933,0.9239783934380048,0.8,0.02,0.18,1.0
3056,0.9054026485227277,0.9922741555076964,0.08082825995696209,0.03168735705385465,0.8878217962458973,0.9239756099483678,0.92,0.06,0.02,0.25
3057,0.8759173073453858,0.9957713877545736,0.05424592056574748,0.030206185477666986,0.8901506220602933,0.9239701924625803,0.82,0.06,0.12,1.0
3058,0.9074082149859396,0.9927908394428275,0.08576462719504999,0.03150095231952505,0.8924895271982052,0.9239678885604339,0.82,0.14,0.04,0.5
3059,0.9056561640194756,0.99208703068637,0.08409556738445867,0.03065920514838966,0.8923640412457852,0.9239678173607275,0.82,0.08,0.1,0.5
3060,0.9106813040597546,0.9956205964644923,0.09868683438170785,0.029140221608441447,0.9047923557654921,0.9239632884180317,0.28,0.44,0.28,0.5
3061,0.9070135927410611,0.9925621636750861,0.08450009697000845,0.03146368350569331,0.8909875265621416,0.9239622204861103,0.84,0.12,0.04,0.5
3062,0.9058695842974898,0.9950923931159986,0.09152026829067353,0.032173273799761336,0.9051503522104839,0.9239554648875107,0.34,0.6,0.06,0.25
3063,0.8746764952946854,0.9955646776471982,0.05422739840566771,0.02968472662055269,0.8920089399001144,0.9239553261443586,0.8,0.04,0.16,1.0
3064,0.907914043997883,0.9943522622449594,0.09626499187431768,0.02771760896299276,0.9049810819837979,0.9239544877634209,0.14,0.46,0.4,0.5
3065,0.895854107612481,0.9933016523588094,0.08113486287244764,0.027697908269436893,0.9010178660847922,0.9239540055345399,0.0,0.58,0.42,0.5
3066,0.8716900240656389,0.9947277391789268,0.05061216031514151,0.025106971740494234,0.885743826357818,0.9239527651630381,0.42,0.04,0.54,1.0
3067,0.9081726383041973,0.9931653973353919,0.09110126393605338,0.030998210605813894,0.900079442551109,0.9239526070132194,0.68,0.22,0.1,0.25
3068,0.8714812715879164,0.9945015351188097,0.05139649096014509,0.02462510280575125,0.8872458269938817,0.9239515727066693,0.38,0.04,0.58,1.0
3069,0.8789276349622988,0.9965408537421985,0.05996750239122532,0.03068126454612253,0.8948461778125862,0.9239471286498192,0.58,0.3,0.12,1.0
3070,0.9094332083800191,0.9961166961555277,0.09767469939265497,0.029289296863768525,0.9049127731040066,0.9239435626433614,0.2,0.52,0.28,0.5
3071,0.8723028368209556,0.9953221991334159,0.054008385241784806,0.026110299532351534,0.8917330556526916,0.9239435534467837,0.48,0.06,0.46,1.0
3072,0.9059166363466881,0.9953333589218816,0.09239491057404751,0.027903953032151558,0.9007153528575595,0.9239419712067808,0.04,0.56,0.4,0.5
3073,0.8722087890959066,0.9953121924279528,0.05336329557782433,0.026994857557094947,0.8918519598100196,0.923940895673925,0.6,0.02,0.38,1.0
3074,0.9092957740390364,0.9944556772361299,0.09985663601164785,0.0279433544192638,0.9092288917528697,0.9239402119614364,0.32,0.32,0.36,0.5
3075,0.8713371356087788,0.9944760360011237,0.051275514794912866,0.024585512883379946,0.8871937185351583,0.92393951510367,0.4,0.02,0.58,1.0
3076,0.904630769107039,0.9919425242694859,0.08560519040260445,0.029285478661900996,0.895441420011609,0.9239392899082571,0.76,0.04,0.2,0.75
3077,0.8949192647384143,0.985711674723368,0.07652323102375798,0.023210218669077094,0.8955127653403152,0.9239374645151062,0.02,0.24,0.74,0.25
3078,0.9111550024429329,0.9960303690552892,0.09881322902303363,0.030188013542291968,0.9048998976190721,0.9239369669284245,0.32,0.48,0.2,0.5
3079,0.8942932919656328,0.9921127324498312,0.08139260113713181,0.02485417345848594,0.9019014705467691,0.923934342942364,0.0,0.38,0.62,0.75
3080,0.9092462957370736,0.9944542758406986,0.09895101734741327,0.028129698488422717,0.9077963570376193,0.9239343155515791,0.22,0.42,0.36,0.5
3081,0.9097890119429782,0.9948228000266602,0.0984036613027674,0.02861632564151615,0.9059380391977983,0.9239342695048949,0.26,0.42,0.32,0.5
3082,0.9083657673637056,0.9957242654764232,0.09601195026371787,0.02855935613412836,0.9031910730237679,0.923931966855006,0.14,0.52,0.34,0.5
3083,0.9132190046326526,0.9960547150899726,0.09673825590207105,0.0314615509324132,0.8984136931791552,0.9239308920328492,0.54,0.38,0.08,0.5
3084,0.9067131955169043,0.9924457080001561,0.08426127727347332,0.03142641469186155,0.8909701691000516,0.9239283919094481,0.86,0.1,0.04,0.5
3085,0.9044714267416986,0.9919952920876837,0.08083637887835383,0.03140674566315826,0.8892884507393822,0.9239281917276932,0.92,0.04,0.04,0.25
3086,0.9081396685295177,0.9939700437712591,0.09812878823655431,0.027325220131118984,0.9077963570376193,0.9239278334224993,0.2,0.38,0.42,0.5
3087,0.9058480606957791,0.9922615172613215,0.0867049181174364,0.029566032051961635,0.8950851028078515,0.9239254537309755,0.76,0.06,0.18,0.75
3088,0.906359379726689,0.9954356065592201,0.09276240234456722,0.028147266608698415,0.9006470439777684,0.9239251866081245,0.06,0.56,0.38,0.5
3089,0.9052423061490312,0.995772826254161,0.08925494902067738,0.031692522223292684,0.9005109484183977,0.9239232191355489,0.14,0.74,0.12,0.25
3090,0.8788815931407138,0.9967635985533078,0.06166059931240738,0.030839624235607647,0.8980025718018777,0.9239199904791202,0.5,0.38,0.12,1.0
3091,0.8724770566378875,0.9953884557394113,0.05403628144177064,0.026592168467094498,0.8918519598100196,0.9239191705775374,0.52,0.06,0.42,1.0
3092,0.8729660259807527,0.9954494207219244,0.05365438915192248,0.027998185348952292,0.8919528752868591,0.9239191308954718,0.66,0.04,0.3,1.0
3093,0.8716027242055486,0.9947669896676684,0.05131557030352577,0.02530831628549444,0.8872638156743703,0.9239172310464145,0.46,0.02,0.52,1.0
3094,0.8788222940153766,0.9967356505613242,0.061218750734682234,0.03059868976823626,0.8969251972493628,0.9239120798037,0.48,0.38,0.14,1.0
3095,0.8941993284770454,0.9856254275397732,0.0766317921757272,0.02292960727838082,0.8966915945590174,0.923910169092985,0.02,0.22,0.76,0.25
3096,0.9087124846286914,0.9958516725857119,0.09635318840688385,0.02880266971067507,0.9031910730237679,0.9239079698702042,0.16,0.52,0.32,0.5
3097,0.878928814647564,0.9964710008872346,0.06006303959865374,0.03060208470137998,0.8947230752655325,0.9239068090029692,0.62,0.26,0.12,1.0
3098,0.9059312075939402,0.9953083906790433,0.09272441421354413,0.027623370641773237,0.9007153528575595,0.9239036391692751,0.04,0.54,0.42,0.5
3099,0.9104178946952772,0.9936211676629951,0.09003964242969063,0.030845549217548514,0.8925398473975077,0.9239004617008029,0.72,0.18,0.1,0.5
3100,0.8721997773191694,0.9953207435088334,0.05381535974902632,0.02655257854472322,0.8918519598100197,0.9238974924579191,0.54,0.04,0.42,1.0
3101,0.8724581401079023,0.9953727235772571,0.053783539347293643,0.027034447479466244,0.8918519598100196,0.9238956059450095,0.58,0.04,0.38,1.0
3102,0.9108298079843984,0.9945091271999653,0.09274319979135046,0.03168729638868407,0.8971114186399594,0.9238945341105401,0.72,0.24,0.04,0.5
3103,0.9066256800503691,0.9963933390345106,0.09233100155304395,0.031327911224081954,0.9023512775777303,0.9238927186499529,0.16,0.7,0.14,0.5
3104,0.8937851657563004,0.9846405747805951,0.06878010675649761,0.020684716152809556,0.8802711124769127,0.9238896157990719,0.02,0.06,0.92,0.25
3105,0.9095199135278627,0.9946187842518454,0.09913081446548128,0.028373012064969456,0.9074400398338618,0.9238870883724941,0.24,0.42,0.34,0.5
3106,0.9067794248726764,0.9925971899983727,0.084374186284291,0.031706997082240035,0.8909701691000516,0.9238822878838409,0.86,0.12,0.02,0.5
3107,0.887769209900817,0.9804586281467835,0.0630646424389305,0.021065397636392157,0.8859403632079265,0.9238809227657571,0.12,0.0,0.88,0.25
3108,0.9095496633450695,0.9945332705888735,0.10002986131640852,0.028186667995810516,0.9088725745491121,0.9238759252026578,0.34,0.32,0.34,0.5
3109,0.9059515320195253,0.9922535883885957,0.08621852605424467,0.029808156073920743,0.8939394193755454,0.9238753715614517,0.78,0.06,0.16,0.75
3110,0.8768142550551242,0.9959208604200332,0.05480404622797716,0.030245775400038467,0.8886839675668085,0.9238727404918055,0.8,0.08,0.12,1.0
3111,0.8952096662837206,0.9857792442456534,0.0771162546730362,0.02317411040951513,0.8955127653403152,0.9238708316033646,0.04,0.22,0.74,0.25
3112,0.8963431387623165,0.9860210149263056,0.07730890914293968,0.023699224931345804,0.8940661980991084,0.9238695426288269,0.06,0.24,0.7,0.25
3113,0.9105121520521804,0.9959421981639128,0.09864543280364256,0.02970138638919849,0.9048444642242155,0.9238683123536016,0.28,0.48,0.24,0.5
3114,0.9043072471744433,0.9919891327977838,0.08071805484456349,0.031615140534730565,0.8892363422806588,0.9238626598202622,0.96,0.02,0.02,0.25
3115,0.89984610410419,0.9882507235367508,0.08306634264279879,0.025835791278230644,0.8987045931107386,0.9238620903536245,0.12,0.34,0.54,0.25
3116,0.9084058743520523,0.9940733160541372,0.09850098202117043,0.027605802521497417,0.9077963570376193,0.9238596771081526,0.2,0.4,0.4,0.5
3117,0.8628518287099053,0.9917319981423719,0.048182225290355166,0.02285259182312073,0.898110454469735,0.9238589466430855,0.0,0.24,0.76,1.0
3118,0.9077252744626021,0.9925911962500918,0.08846530098797911,0.030733742776053227,0.8954755397898436,0.9238551539843389,0.78,0.12,0.1,0.5
3119,0.9053492694433335,0.9952850578732358,0.09205522991055988,0.027941221845983546,0.9007153528575595,0.9238550733374511,0.02,0.58,0.4,0.5
3120,0.9113720530384306,0.9960807679158331,0.09900422217356508,0.030431327118838645,0.9045435804153146,0.9238524226660594,0.34,0.48,0.18,0.5
3121,0.9113892755429883,0.9952379470117488,0.09383044322544958,0.031836371644011256,0.8972686409652478,0.92385175350549,0.64,0.32,0.04,0.5
3122,0.905654301354339,0.9951210888994343,0.09151045464130099,0.03241777693089564,0.9051503522104839,0.9238491153665105,0.36,0.6,0.04,0.25
3123,0.8958136720407643,0.987985268987892,0.07639104075708522,0.025334635574352216,0.8934389185748403,0.9238490074980501,0.48,0.0,0.52,0.75
3124,0.9092055828439184,0.9943280018352515,0.10004289165027645,0.02790608560543188,0.9092288917528697,0.9238477150382982,0.34,0.3,0.36,0.5
3125,0.9077730885746819,0.99570190594117,0.09549512948399921,0.02887720733833865,0.9032264191663467,0.9238416639237415,0.12,0.56,0.32,0.5
3126,0.9116649582143904,0.9961117926986008,0.09940058758485175,0.030674640695385356,0.9048998976190721,0.9238353659188681,0.36,0.48,0.16,0.5
3127,0.9053803894387041,0.9952573524853494,0.09233803772056864,0.02766063945560498,0.9007153528575595,0.9238347689209502,0.02,0.56,0.42,0.5
3128,0.8615638883833404,0.9910900619931672,0.04266968999292383,0.020608396705178424,0.8875701068625055,0.9238346424725052,0.0,0.08,0.92,1.0
3129,0.9089242909392181,0.9941993417471555,0.09905515810686592,0.0278118472842124,0.9077963570376193,0.9238329955675897,0.24,0.38,0.38,0.5
3130,0.9110105595616323,0.994406422896091,0.09326553385400539,0.03144398281213738,0.8971114186399594,0.9238313029010626,0.7,0.24,0.06,0.5
3131,0.9041903708418191,0.9920374252839318,0.08479062707394332,0.028074858552105526,0.8923259653130187,0.9238312446929785,0.66,0.04,0.3,0.75
3132,0.9101167018192722,0.9950601553127455,0.09846273156341225,0.02885963921806291,0.9047923557654921,0.9238306204561215,0.28,0.42,0.3,0.5
3133,0.8716882662535268,0.9948033460322403,0.05157734050299867,0.025549250752866123,0.8872638156743703,0.9238246293082929,0.48,0.02,0.5,1.0
3134,0.8750650387481053,0.9956264931711342,0.056216998057089365,0.02924244760818091,0.893528297998268,0.9238234439160802,0.74,0.06,0.2,1.0
3135,0.8740558862792344,0.9954915253765141,0.053064699820294076,0.029886071165552953,0.8904715931214722,0.9238227835699577,0.84,0.02,0.14,1.0
3136,0.8724331682971712,0.9953565689985575,0.05273552783479238,0.02747672649183798,0.8899936419701986,0.9238208799389138,0.64,0.02,0.34,1.0
3137,0.9082012340002821,0.9939406287380297,0.09859355020406882,0.02728795131728721,0.9077963570376193,0.9238152426143651,0.22,0.36,0.42,0.5
3138,0.9111266899813586,0.9957700776924494,0.09942897758211569,0.029626848761534944,0.9047923557654921,0.9238078636851161,0.32,0.44,0.24,0.5
3139,0.9086093174715795,0.9958962175521016,0.0966137255430528,0.02908325210105364,0.9035473902275255,0.9238058574436532,0.16,0.54,0.3,0.5
3140,0.9039058826176695,0.9917980977692457,0.08480984747203976,0.028762801249881273,0.8939013880244275,0.9238031781310834,0.74,0.02,0.24,0.75
3141,0.8954246299011609,0.9933758435458622,0.08074304076646255,0.028539655440572517,0.9011293195112554,0.9237977154407874,0.0,0.64,0.36,0.5
3142,0.9056004939121859,0.9937035788476901,0.0961278957960271,0.026913130605689083,0.9078646659174106,0.9237961110560793,0.12,0.42,0.46,0.5
3143,0.895422697262888,0.986024479883645,0.0773881212095748,0.023735333190907693,0.8956023185134065,0.9237942705616891,0.04,0.26,0.7,0.25
3144,0.8958893381291199,0.9883532737156693,0.07732842625961152,0.025818883618270397,0.8949221459615231,0.9237820702497628,0.52,0.0,0.48,0.75
3145,0.8721113667355348,0.9953033045555021,0.05344871565263157,0.0263116440773517,0.8902490436971168,0.9237818940402958,0.52,0.04,0.44,1.0
3146,0.8951761119180908,0.9927031451971479,0.08073300393583988,0.026537493798849898,0.8994992925555306,0.923781079595698,0.0,0.5,0.5,0.75
3147,0.906777409772798,0.9949276792049107,0.09015098233476707,0.03258388049392731,0.9002456796288887,0.9237803756289964,0.54,0.46,0.0,0.5
3148,0.9108887179203112,0.9957249676012218,0.09942304781780224,0.02938353518498815,0.9047923557654921,0.9237800792367409,0.3,0.44,0.26,0.5
3149,0.9085632588578474,0.9940698368259685,0.09898506080395057,0.02756853370766556,0.9077963570376193,0.9237741487265689,0.22,0.38,0.4,0.5
3150,0.9107730387344489,0.9958358405277531,0.09860423773287454,0.029420803998819904,0.903342463588152,0.9237733274803855,0.28,0.46,0.26,0.5
3151,0.9065666640968147,0.9937810808671267,0.09574480153536094,0.02695039941952104,0.9049972824048658,0.9237705637627465,0.1,0.44,0.46,0.5
3152,0.9068415238618551,0.9955172414108046,0.09443037958871875,0.02839058018524516,0.9020807357340408,0.9237671896248529,0.08,0.56,0.36,0.5
3153,0.9085714080452556,0.9934479483376801,0.0911784696876309,0.03127882199651015,0.8982732331700113,0.9237652900295904,0.68,0.24,0.08,0.25
3154,0.9074445866692268,0.9946278662075737,0.09157653791336966,0.03243480523860033,0.9016452516069264,0.9237639792033432,0.62,0.38,0.0,0.5
3155,0.9053398078385936,0.9955333845728409,0.09096049963147937,0.03137580257303443,0.9023512775777303,0.9237638288125334,0.16,0.7,0.14,0.25
3156,0.9103344367361583,0.9951319547088177,0.09879683754606919,0.02910295279460957,0.9047923557654921,0.9237616455164268,0.3,0.42,0.28,0.5
3157,0.9060223495148645,0.9957555357174538,0.09079976357631185,0.03269838832159195,0.9021643396188453,0.9237557347654988,0.36,0.62,0.02,0.25
3158,0.9101905468696067,0.9949690417763799,0.09861679685964006,0.02906568398077779,0.9047923557654921,0.9237534441404558,0.32,0.4,0.28,0.5
3159,0.909312156228851,0.9963548591705479,0.09956794242801392,0.02981319283069381,0.9079722077709905,0.9237508329892645,0.22,0.54,0.24,0.5
3160,0.9054779014806942,0.99517051734359,0.09075182796904975,0.032662280062030105,0.9036483515744204,0.9237483023369926,0.38,0.6,0.02,0.25
3161,0.9030591314942694,0.9918202575128895,0.08287872665725136,0.028278553205963064,0.8908419533574438,0.9237476148489165,0.7,0.02,0.28,0.75
3162,0.90290617291151,0.9917947355618767,0.08335627943119873,0.028520677227922203,0.8923993873883639,0.9237452966779356,0.72,0.02,0.26,0.75
3163,0.9106514529685286,0.9942007688300795,0.09211061793684579,0.031650027574852364,0.8955085025270563,0.9237443147370175,0.74,0.22,0.04,0.5
3164,0.9068119510402698,0.9924199177575536,0.08516965020096486,0.031183101115314815,0.8909875265621416,0.9237433153411363,0.84,0.1,0.06,0.5
3165,0.9098183905014839,0.9948079012809337,0.09912214920292553,0.028579056827684284,0.9059380391977983,0.9237409902372548,0.28,0.4,0.32,0.5
3166,0.9059922487065434,0.9951967128777428,0.08976516369260164,0.03265841812159089,0.9006235928880115,0.9237382855517275,0.5,0.5,0.0,0.5
3167,0.8663067424171023,0.993946385590545,0.0455253579804338,0.030707274735918767,0.8935314318928232,0.9237363987618389,0.0,0.8,0.2,1.0
3168,0.9109507461831671,0.9951390473109499,0.0928259793174184,0.032042416406726164,0.8958019864717629,0.9237339796356316,0.68,0.3,0.02,0.5
3169,0.910252943260083,0.9936214530795798,0.09028686437757048,0.031088862794095274,0.8925398473975077,0.9237310231917819,0.74,0.18,0.08,0.5
3170,0.873908244287846,0.9954549292620111,0.05374760537878974,0.029163267763438402,0.8905069392640508,0.923725819264648,0.78,0.02,0.2,1.0
3171,0.8715436733013613,0.9947040895607103,0.051274538155806196,0.025067381818122948,0.8857618150383068,0.9237248069323858,0.44,0.02,0.54,1.0
3172,0.9065678027401662,0.9955857528078199,0.09459526604073552,0.028951744966002297,0.9033378725928101,0.9237241113972356,0.08,0.6,0.32,0.5
3173,0.8720562950998599,0.9952731873974741,0.053748229539417505,0.02607070960998026,0.8902490436971168,0.9237226204295346,0.5,0.04,0.46,1.0
3174,0.9076924247206994,0.9930808683596376,0.0904228149220809,0.031242713736948192,0.8985954305955343,0.9237201201778346,0.7,0.22,0.08,0.25
3175,0.9100570445435705,0.9965788598146303,0.10047129812181976,0.03106702952725915,0.9094439308783808,0.9237172373511657,0.3,0.56,0.14,0.5
3176,0.9120951406299025,0.9960666455032172,0.09948233045178913,0.03063737188155356,0.9033978969830085,0.9237162162258192,0.38,0.46,0.16,0.5
3177,0.8958791995311091,0.9881471401497953,0.07683820563888587,0.025576759596311307,0.8934389185748403,0.9237154971035604,0.5,0.0,0.5,0.75
3178,0.9073821182103297,0.9948987607965388,0.09178856388901269,0.032509342866263835,0.9016452516069265,0.9237097875637663,0.58,0.42,0.0,0.5
3179,0.9086340466154639,0.994067950222343,0.09931243312844794,0.027531264893833812,0.9077963570376193,0.9237080961402611,0.24,0.36,0.4,0.5
3180,0.9104523561386013,0.9945330394014399,0.09201111251833263,0.031930609965230866,0.8955085025270563,0.9237070209904337,0.74,0.24,0.02,0.5
3181,0.905826823197886,0.9953751724515547,0.09294532382732865,0.02818453542253032,0.9007153528575595,0.9237063671193256,0.04,0.58,0.38,0.5
3182,0.8956435117962095,0.9933493968451147,0.08066406308376614,0.02825907305019389,0.8995718854803352,0.9237047025198607,0.0,0.62,0.38,0.5
3183,0.872592773866766,0.995379710575253,0.05238586555251088,0.0277176609592095,0.8885096300146237,0.9237023353676128,0.66,0.02,0.32,1.0
3184,0.9034030449713192,0.9918451001724304,0.08357601328219805,0.02803642918400395,0.8908419533574438,0.9237017457041766,0.68,0.02,0.3,0.75
3185,0.9091429369736305,0.9965309954533594,0.09879769009682951,0.031141567154922823,0.9080506984602411,0.9236948342373485,0.26,0.6,0.14,0.5
3186,0.8631378034995232,0.9918253464905964,0.04829305742019376,0.023133116212863472,0.896931625251033,0.9236938326786326,0.0,0.26,0.74,1.0
3187,0.8957643450375227,0.9933148100633686,0.08158718647349956,0.027098600578971226,0.8995158654487285,0.923693098857197,0.0,0.54,0.46,0.75
3188,0.9050925743791991,0.9954550890952986,0.08973259382172277,0.03273295574925445,0.9018944967693772,0.9236922654210695,0.46,0.54,0.0,0.5
3189,0.9056118731208423,0.9957159798329664,0.09120941412018732,0.03165641396373063,0.9019949603739728,0.9236914462878311,0.16,0.72,0.12,0.25
3190,0.8754240646886265,0.9956947305682281,0.05520423262682039,0.029724316542923974,0.8905422854066295,0.9236893339648728,0.78,0.06,0.16,1.0
3191,0.9065725195398345,0.9924931556532132,0.08405706753449561,0.03166972826840833,0.8895035146065667,0.9236835678504985,0.88,0.1,0.02,0.5
3192,0.8748726541055559,0.9955996982621532,0.05445376830633403,0.029925661087924174,0.8905069392640508,0.9236806233443596,0.82,0.04,0.14,1.0
3193,0.9110659017407988,0.9952277376605105,0.09316120112136571,0.03207968522055809,0.8958019864717629,0.9236776515257582,0.66,0.32,0.02,0.5
3194,0.9069824200438865,0.9927466341221738,0.08535608994390763,0.03174426589607183,0.8909875265621416,0.9236774354022492,0.84,0.14,0.02,0.5
3195,0.9112593254600018,0.994396884273827,0.09516193333805141,0.030957355659044,0.8985954305955343,0.9236772438749534,0.66,0.24,0.1,0.5
3196,0.8637659194938532,0.9921003853283729,0.048680784204522265,0.02397468938209185,0.8971562830025203,0.9236770330296816,0.0,0.32,0.68,1.0
3197,0.8958722688855265,0.988388242955639,0.07752791922555867,0.02606100764022955,0.8949221459615231,0.9236762085557557,0.54,0.0,0.46,0.75
3198,0.909820192948667,0.9947931909101531,0.0993685983166435,0.028541788013852588,0.9059380391977983,0.9236756679957204,0.3,0.38,0.32,0.5
3199,0.8726597627499205,0.9953984624448744,0.053132651012089145,0.028440464361323997,0.8905422854066295,0.9236701057055521,0.72,0.02,0.26,1.0
3200,0.909778877300991,0.9964353123974712,0.10001259778396647,0.030019237593408594,0.9075475816874417,0.9236697140144824,0.26,0.52,0.22,0.5
3201,0.9089703383976738,0.9942451596715134,0.09977103802113259,0.027662772028885233,0.9077268911168062,0.9236665183762867,0.32,0.3,0.38,0.5
3202,0.9030355765589333,0.9917681575695001,0.0859842432895306,0.027458859839450355,0.8952739465535392,0.9236654083405667,0.58,0.06,0.36,0.5
3203,0.8740178170492021,0.9954790070051048,0.0529689196762559,0.029645136698181473,0.8890049386279872,0.9236653100724521,0.82,0.02,0.16,1.0
3204,0.8750127488027966,0.9956169716738653,0.054316894562568795,0.030166595555295626,0.8901506220602933,0.9236631017055223,0.84,0.04,0.12,1.0
3205,0.9100690036608797,0.9964731985949375,0.1003774675284771,0.030262551169955333,0.9079038988911992,0.9236619405631281,0.28,0.52,0.2,0.5
3206,0.903878674017928,0.9908480087500962,0.09370740105959723,0.027483351362846995,0.9093666665534741,0.9236608926676897,0.14,0.44,0.42,0.25
3207,0.911144053144799,0.9943906222339565,0.09474578108123476,0.031200669235590662,0.8982391133917768,0.9236596887379718,0.68,0.24,0.08,0.5
3208,0.9072689621266352,0.9949340040364298,0.09108377798757543,0.032546611680095386,0.9001953594295863,0.9236595478602525,0.56,0.44,0.0,0.5
3209,0.9032806053550816,0.9917091905030805,0.08394323735885151,0.029489173315758597,0.8935477560292092,0.9236539904724602,0.8,0.02,0.18,0.75
3210,0.9055580121666595,0.992319753661284,0.08215137624235232,0.03172346531341677,0.8878901051256884,0.9236503127839514,0.9,0.08,0.02,0.25
3211,0.8717747773187304,0.9948108011134352,0.05163580006285766,0.025347906207865728,0.8857618150383068,0.9236498018402036,0.44,0.04,0.52,1.0
3212,0.8956923892759537,0.984671034438525,0.07501846342083225,0.021382117286650563,0.8877499517752719,0.9236486882270566,0.1,0.04,0.86,0.25
3213,0.8955560695530541,0.9846127523719088,0.0753100212195958,0.02162662041778488,0.8889668123450921,0.9236485526613587,0.12,0.04,0.84,0.25
3214,0.9089610774524846,0.993865889551134,0.09965983765879377,0.027625503215053394,0.9077268911168062,0.9236463889796975,0.34,0.28,0.38,0.5
3215,0.9059240704876478,0.9922848814629531,0.08812999127615877,0.02932390803000245,0.895441420011609,0.9236424444879378,0.74,0.06,0.2,0.75
3216,0.8922663435853376,0.9936262509323703,0.07321680112084637,0.031384057258834204,0.8954607543272319,0.923640239235415,0.0,0.84,0.16,0.25
3217,0.9118803980081296,0.995847182982833,0.10050657835944048,0.030113475914628356,0.9047923557654921,0.9236372865965854,0.36,0.44,0.2,0.5
3218,0.9048967886540251,0.9959389016023584,0.08669891025989833,0.031196404089030395,0.8935459886601433,0.9236364717412903,0.08,0.76,0.16,0.5
3219,0.9067498700336284,0.9940052641778234,0.09557008119612725,0.02723098180989951,0.9035473902275255,0.9236359663691092,0.1,0.46,0.44,0.5
3220,0.9108129572388034,0.9954072989423397,0.0997072736717001,0.029346266371156324,0.9047923557654921,0.9236351442502404,0.32,0.42,0.26,0.5
3221,0.9078673002907922,0.9956625184524677,0.09572317722939715,0.02859662494796014,0.9017244185302831,0.923629035027661,0.12,0.54,0.34,0.5
3222,0.9113422757793507,0.9956948504431937,0.10025977380727133,0.029589579947703,0.9047923557654921,0.9236289919810876,0.34,0.42,0.24,0.5
3223,0.9076824048473929,0.9957536005930089,0.09696641675905787,0.029157789728717184,0.9051401704010246,0.9236286354393665,0.12,0.58,0.3,0.5
3224,0.8943645622722575,0.9922014684660455,0.08102687118956874,0.025134726848546677,0.8992893220439248,0.9236266288396756,0.0,0.4,0.6,0.75
3225,0.9075466923798936,0.9925867951263543,0.08794828631334466,0.030977056352599865,0.8936172219500226,0.9236226877011157,0.8,0.12,0.08,0.5
3226,0.9064976063960485,0.99232805357557,0.08425878446445313,0.03138914587802976,0.8894133747967254,0.923620720899413,0.88,0.08,0.04,0.5
3227,0.9057358732177694,0.9936776858551171,0.09689037933427025,0.02687586179185725,0.9078646659174106,0.923620288417758,0.14,0.4,0.46,0.5
3228,0.9095896042635178,0.9964505993097531,0.0999872053996046,0.03029981998378721,0.9079038988911992,0.9236198829359696,0.26,0.54,0.2,0.5
3229,0.9072375090974695,0.9941073576902062,0.0960267798532426,0.027474295386446156,0.9035473902275255,0.9236171340222494,0.12,0.46,0.42,0.5
3230,0.8944608313034926,0.9858534068910478,0.07627507594066679,0.023490830059773427,0.8940448844824863,0.9236164923245174,0.02,0.26,0.72,0.25
3231,0.9086654470106557,0.9933067870031699,0.09710551425783849,0.02796305511281974,0.904207858220569,0.9236154910916424,0.46,0.2,0.34,0.5
3232,0.8723013050331785,0.9953477952927408,0.05396653462667322,0.026793513012094775,0.8903499591739562,0.9236149017015665,0.56,0.04,0.4,1.0
3233,0.8726308432132384,0.9953965615704196,0.05269795299420667,0.028199529893952476,0.8889848513757094,0.9236011438371521,0.7,0.02,0.28,1.0
3234,0.9058071563393284,0.996296160395718,0.08856582821257915,0.031402448851745444,0.8949976690969044,0.9236010353244404,0.12,0.74,0.14,0.5
3235,0.8961160149411763,0.9861618109275873,0.0779039321533727,0.023979836322042085,0.894100317877343,0.9235998332219998,0.06,0.26,0.68,0.25
3236,0.8919512905478119,0.9936520697166313,0.07209775997243582,0.03166466864953062,0.8940108621498916,0.9235988770601287,0.0,0.86,0.14,0.25
3237,0.9095985310757484,0.9946809651090098,0.09954330752501891,0.028261205623474044,0.9059380391977983,0.923598041620045,0.3,0.36,0.34,0.5
3238,0.8719870917445495,0.9952584456308692,0.053018090551512805,0.02651298862235199,0.8887470430610531,0.9235965658394689,0.56,0.02,0.42,1.0
3239,0.9072156453207634,0.9956353525019264,0.09575337252907773,0.028914476152170493,0.9032818525612034,0.9235907959860455,0.1,0.58,0.32,0.5
3240,0.9115655668961734,0.9958205364904761,0.1003159633516846,0.0298701623380816,0.9044360385617346,0.9235890552891723,0.34,0.44,0.22,0.5
3241,0.9045224645381252,0.9919105861536469,0.0841698581573068,0.030621936334557634,0.8923640412457852,0.923587258813266,0.84,0.06,0.1,0.5
3242,0.9114651356676022,0.9964346673559896,0.09967353882586744,0.031198536662310466,0.9045435804153146,0.9235868664991278,0.38,0.5,0.12,0.5
3243,0.9096479758732644,0.9946648619052955,0.09880217078613307,0.02833574325113751,0.9044360385617347,0.9235840988173627,0.26,0.4,0.34,0.5
3244,0.9035884579214369,0.9906111358180392,0.09374802326425011,0.027202739972150565,0.9093666665534741,0.9235826980864326,0.14,0.42,0.44,0.25
3245,0.9091712704478858,0.9962019900477291,0.09931295971759098,0.029569879254147047,0.9064702071349269,0.92358257196482,0.2,0.54,0.26,0.5
3246,0.9109443489188567,0.9963133995574399,0.10037148750706291,0.030468595932670373,0.9060455810513781,0.923582343125828,0.32,0.5,0.18,0.5
3247,0.9109052910077214,0.9947557042959054,0.09325355309733391,0.03172456520251588,0.8956615264626189,0.9235819711558321,0.7,0.26,0.04,0.5
3248,0.9064801189219917,0.9949156745833541,0.08973659792303172,0.03262114930775893,0.8987790251354038,0.9235815018108984,0.52,0.48,0.0,0.5
3249,0.9043015082131473,0.9936603810475807,0.09493402654872324,0.02674435465680593,0.9065513914996527,0.9235811775519751,0.06,0.46,0.48,0.5
3250,0.8720560582978922,0.9952895189344563,0.05383042725653006,0.026753923089723432,0.8903499591739562,0.9235797764972988,0.58,0.02,0.4,1.0
3251,0.8661541766551537,0.9939700922920786,0.04495985094530975,0.03098779912566156,0.8920474199372482,0.9235786492062318,0.0,0.82,0.18,1.0
3252,0.9061704171969794,0.9961802070539773,0.09222806669127508,0.03112186646136694,0.9009013854003901,0.9235775958457197,0.12,0.72,0.16,0.5
3253,0.9070716704702307,0.99567693199,0.09569371092060829,0.029195058542549085,0.9036941897965676,0.9235767892626597,0.1,0.6,0.3,0.5
3254,0.9109457502308839,0.9966129385548554,0.10037784842523319,0.030992491899595628,0.9064018982551357,0.9235745273832071,0.34,0.52,0.14,0.5
3255,0.9115806814873115,0.9959739136548158,0.09971460368533078,0.030150744728460053,0.903342463588152,0.9235699592387395,0.34,0.46,0.2,0.5
3256,0.9089892822864275,0.9943140906309084,0.0993553411352053,0.027700040842717075,0.9062248904807426,0.923569732095814,0.3,0.32,0.38,0.5
3257,0.9098520189664722,0.9947359734473983,0.1005567550897373,0.028467250386189004,0.9074046936912831,0.923568709304336,0.34,0.34,0.32,0.5
3258,0.9060279105199506,0.9948693229299825,0.09291250703444692,0.032101057280637134,0.905046697188114,0.9235666820905408,0.38,0.56,0.06,0.25
3259,0.9089834399339631,0.9960317219299011,0.0969543742179367,0.029326565677600218,0.9020453895914619,0.9235661665975312,0.18,0.54,0.28,0.5
3260,0.9036184380568457,0.9917754927757295,0.08494936393765194,0.02900492527184033,0.8935097246780912,0.9235661237648544,0.76,0.02,0.22,0.75
3261,0.905377868438612,0.9922116778172837,0.08240032712483124,0.03144285392272025,0.8878901051256884,0.9235643485263608,0.9,0.06,0.04,0.25
3262,0.9073907746695088,0.9930705648209264,0.08970406945668138,0.03148721686808247,0.8971114186399594,0.9235639633158264,0.72,0.22,0.06,0.25
3263,0.9107618282793762,0.9959830241522025,0.09885543656292509,0.02994469996574519,0.9029861463843943,0.9235613344523044,0.3,0.48,0.22,0.5
3264,0.9112434990261693,0.9959247991689034,0.09935794189638884,0.029907431151913477,0.9029861463843943,0.923559563301092,0.32,0.46,0.22,0.5
3265,0.9094092642226266,0.9945274281113827,0.10019326309735546,0.028223936809642233,0.9074046936912831,0.9235581454150518,0.32,0.34,0.34,0.5
3266,0.9100088737100943,0.9948906835071889,0.09924188104272329,0.028822370404231027,0.9047923557654921,0.9235554899973184,0.3,0.4,0.3,0.5
3267,0.8718497815637278,0.9948573868084062,0.05190007615402883,0.02558884067523718,0.8857618150383068,0.9235548501132425,0.46,0.04,0.5,1.0
3268,0.8626997547939762,0.991678876407609,0.04863399863069658,0.02257206743337797,0.896931625251033,0.9235542824716922,0.0,0.22,0.78,1.0
3269,0.9055659938397344,0.9920611548187921,0.0843535688137636,0.03110856348765111,0.8908973867523003,0.9235525716082735,0.88,0.06,0.06,0.5
3270,0.9108577042613267,0.9941956827065384,0.09238961214645927,0.03140671399830564,0.8940244905714813,0.9235509874157695,0.72,0.22,0.06,0.5
3271,0.9094308843518228,0.9964112289460458,0.10003326377382964,0.030056506407240512,0.9075475816874417,0.9235482869050335,0.24,0.54,0.22,0.5
3272,0.9073960590066312,0.9930275639582604,0.08561223865271309,0.03178153470990363,0.8895538348058692,0.9235472501458938,0.82,0.16,0.02,0.5
3273,0.9068935693232348,0.994509772241447,0.09187312045262491,0.03239753642476832,0.9019324299102627,0.9235459147811741,0.64,0.36,0.0,0.5
3274,0.8947016153002678,0.9860056595140433,0.0767223755022587,0.023771441450469714,0.8941686267571342,0.9235449411081971,0.02,0.28,0.7,0.25
3275,0.9100628411815415,0.9948486245192528,0.0993429248141254,0.028785101590399275,0.9047923557654921,0.9235436700837456,0.32,0.38,0.3,0.5
3276,0.8643541270434871,0.9923931542443969,0.04957069826482682,0.02453573816157749,0.8972411647755096,0.9235411582217028,0.0,0.36,0.64,1.0
3277,0.9112360899085326,0.9963599852524109,0.10008667188946992,0.030711909509217126,0.9048998976190721,0.923538518462635,0.34,0.5,0.16,0.5
3278,0.9098354664985983,0.9947398750921125,0.09986298852434544,0.02850451920002087,0.9059380391977983,0.923537055590577,0.32,0.36,0.32,0.5
3279,0.9043182382572027,0.9918845789944399,0.08379044703214691,0.0310712946738193,0.8923286951032064,0.9235363911756145,0.9,0.04,0.06,0.5
3280,0.9046855040728217,0.9918934839918857,0.0857336606182724,0.0300118507277783,0.8939040732329667,0.9235354092577709,0.82,0.04,0.14,0.75
3281,0.9113901802208231,0.9963940126176507,0.10011415782156793,0.030955223085763827,0.9048998976190721,0.9235332561822124,0.36,0.5,0.14,0.5
3282,0.8944287759870875,0.9922805631100251,0.08126463818062565,0.02541528023860724,0.8992893220439248,0.9235330414209323,0.0,0.42,0.58,0.75
3283,0.906553587125902,0.9922708732169712,0.08741020862962641,0.030696473962221384,0.8938833993439388,0.9235286673268565,0.8,0.1,0.1,0.5
3284,0.9036331665367924,0.994291302970778,0.09147604683433773,0.030289465269810877,0.9049629842851227,0.9235257921698555,0.14,0.64,0.22,0.25
3285,0.9097737284834804,0.9965305216618286,0.10022621202370909,0.030823715950712365,0.9079772763848959,0.9235243732511722,0.28,0.56,0.16,0.5
3286,0.9073129908617005,0.992762588909264,0.0899377947748265,0.030962102346251724,0.8970553986083526,0.923523612814876,0.7,0.2,0.1,0.25
3287,0.8789309157279941,0.996507722585035,0.060635137564859436,0.030641674623751145,0.8932731830881921,0.9235224731909435,0.6,0.28,0.12,1.0
3288,0.9092669517946268,0.994452820216116,0.09970620006787236,0.027980623233095418,0.9062590102589771,0.9235216073862724,0.3,0.34,0.36,0.5
3289,0.9114690113953954,0.9946393057042925,0.09603967309247714,0.030994624472875713,0.8986295503737688,0.9235209149159298,0.64,0.26,0.1,0.5
3290,0.8968440511896804,0.9861522780136549,0.07815629466226694,0.023943728062480088,0.8925641974630448,0.9235208013212112,0.08,0.24,0.68,0.25
3291,0.8639596020398039,0.9922129136710959,0.04931731479521007,0.024255213771834663,0.8972058186329309,0.9235196786061763,0.0,0.34,0.66,1.0
3292,0.9106552177347054,0.995133487395878,0.09983430498357683,0.029308997557324506,0.9047923557654921,0.9235175509410718,0.34,0.4,0.26,0.5
3293,0.9082444453055233,0.9957685906720426,0.09641026350768984,0.0288399385245069,0.9017244185302831,0.923511175456436,0.14,0.54,0.32,0.5
3294,0.8947958040720041,0.993462147812774,0.07908351165852263,0.02938140261170807,0.8983011689724995,0.9235082801998836,0.0,0.7,0.3,0.5
3295,0.9111307554186603,0.9947536321714998,0.09391908736628873,0.03148125162596909,0.8956615264626189,0.9235059297778896,0.68,0.26,0.06,0.5
3296,0.9117331078025651,0.9957449695954845,0.10077562940228277,0.029832893524249757,0.9044360385617346,0.923502804703275,0.36,0.42,0.22,0.5
3297,0.9109093653505652,0.9958964173437109,0.09954786498260257,0.02966411757536665,0.903342463588152,0.9235023760015786,0.3,0.46,0.24,0.5
3298,0.9059268163903356,0.9948798205519714,0.09323799171027354,0.03189266240906489,0.9051503522104839,0.9235012406970844,0.34,0.58,0.08,0.25
3299,0.9104969219022572,0.9947604593362083,0.09295517767194347,0.03196787877906257,0.8956615264626189,0.9234976039142357,0.72,0.26,0.02,0.5
3300,0.9111407256516861,0.9950116088058368,0.09395599778522472,0.03179910283017943,0.8958019864717629,0.9234944660078064,0.66,0.3,0.04,0.5
3301,0.8651408701404766,0.9927357226461369,0.05078704580125417,0.025657835720548652,0.8988440808884127,0.9234936206044417,0.0,0.44,0.56,1.0
3302,0.8957674810746952,0.9933253761853379,0.08090617795286606,0.02797849065981532,0.8980318534931536,0.9234935423002433,0.0,0.6,0.4,0.5
3303,0.911343943667017,0.9950302864671462,0.09435037875733349,0.031555789253632734,0.8958019864717629,0.9234931014823748,0.64,0.3,0.06,0.5
3304,0.9122713087432126,0.9961255012571687,0.0995369613514046,0.03088068545810027,0.9019138850274335,0.9234908673686685,0.4,0.46,0.14,0.5
3305,0.8926025820610372,0.9881840873266976,0.07780779960956975,0.026014413927165768,0.9008937513380142,0.9234889823047431,0.0,0.46,0.54,0.5
3306,0.8635679621082245,0.9920112611456032,0.048449188005178175,0.02369416499234908,0.8955533668896173,0.9234867691852471,0.0,0.3,0.7,1.0
3307,0.9118126046778199,0.9960167546841941,0.09991754783386161,0.0303940583050068,0.9029861463843943,0.9234852947510934,0.36,0.46,0.18,0.5
3308,0.8976563560388514,0.9864482407412629,0.08051751367847076,0.02443273432474881,0.895583545264026,0.9234826843097712,0.12,0.24,0.64,0.25
3309,0.911606404737588,0.994873838220354,0.09644744464736879,0.031031893286707433,0.8986636701520034,0.9234773189999543,0.62,0.28,0.1,0.5
3310,0.9099454990731424,0.9965070604185582,0.10054188562396105,0.030543133560333904,0.9075475816874417,0.9234729633675132,0.28,0.54,0.18,0.5
3311,0.9109650266697327,0.9951733829261014,0.100173289408404,0.02955231113387121,0.9047923557654921,0.9234700050060768,0.36,0.4,0.24,0.5
3312,0.9086883229523295,0.9941195735200357,0.09945680791785207,0.027456727266170287,0.9062248904807426,0.9234696523194352,0.28,0.32,0.4,0.5
3313,0.9104822074630701,0.9965991700588047,0.10023663605121133,0.03102976071342744,0.9064018982551357,0.9234666907940317,0.32,0.54,0.14,0.5
3314,0.907147934993956,0.993174633416076,0.09708484668145717,0.02771974153627296,0.9060140676016668,0.9234659719730329,0.44,0.2,0.36,0.5
3315,0.9060892912578922,0.9937679345792307,0.0955236002183546,0.026987668233352746,0.9035473902275255,0.9234642675871345,0.08,0.46,0.46,0.5
3316,0.9033784425538371,0.9916655845572548,0.08374905882469595,0.02997342135967683,0.8923847151348132,0.9234615230789246,0.84,0.02,0.14,0.75
3317,0.9064192200919282,0.9937793227009643,0.09803633342837847,0.02708190655457216,0.9077963570376193,0.9234584302646399,0.18,0.38,0.44,0.5
3318,0.8751550781376735,0.9956397079590105,0.05568934800043209,0.029483382075552483,0.890185968202872,0.9234551492123613,0.76,0.06,0.18,1.0
3319,0.9105760400453387,0.994915600375042,0.09325104090457963,0.032005147592894426,0.8956615264626189,0.9234517886665177,0.7,0.28,0.02,0.5
3320,0.9066658857123325,0.9929681973086221,0.08911957982461666,0.031731719999216826,0.8971114186399594,0.923450888934327,0.74,0.22,0.04,0.25
3321,0.9112569846538795,0.9946415205369905,0.0957177099967936,0.0312379380494224,0.8982732331700113,0.9234484277348052,0.66,0.26,0.08,0.5
3322,0.9095155142127036,0.994402084564002,0.10065728171008952,0.02814939918197861,0.9073705739130485,0.9234471209684711,0.36,0.3,0.34,0.5
3323,0.8647144210736102,0.9925505500742505,0.05001974610481495,0.02509678694106306,0.8973420802523493,0.9234462155524721,0.0,0.4,0.6,1.0
3324,0.9118355759193596,0.9961551132278417,0.10000194670903599,0.03091795427193213,0.9033978969830085,0.9234455709337752,0.38,0.48,0.14,0.5
3325,0.8968390664123052,0.9860310045067735,0.07854460727145109,0.02366311667178378,0.8925641974630448,0.9234451938049888,0.08,0.22,0.7,0.25
3326,0.9093550548103296,0.9945129574905334,0.09928260269633042,0.02805516086075907,0.9047923557654923,0.9234443775480419,0.26,0.38,0.36,0.5
3327,0.8946139327099926,0.9934959240114192,0.07897019570330722,0.029661985002086593,0.898351489171802,0.9234429128462252,0.0,0.72,0.28,0.5
3328,0.9050042910469505,0.9936464784057351,0.09458693062362795,0.026781623470637787,0.9036156991073167,0.9234422700981921,0.04,0.48,0.48,0.5
3329,0.9122432407416309,0.9959855814848024,0.10049714904343772,0.030356789491175006,0.9029340379256711,0.9234422095261359,0.38,0.44,0.18,0.5
3330,0.9107282377713112,0.9965796104602485,0.1007663951519451,0.030749178323048885,0.9064018982551357,0.9234408262592975,0.32,0.52,0.16,0.5
3331,0.9083285705344429,0.9934521782114669,0.09130736481975549,0.03152332512764449,0.8971455384181939,0.923437827144833,0.7,0.24,0.06,0.25
3332,0.9096581212791367,0.994680154525909,0.09937536064519753,0.02829847443730587,0.9044360385617347,0.9234315024615507,0.28,0.38,0.34,0.5
3333,0.9091435408118129,0.993537854561892,0.09910725257153295,0.02803759274048332,0.9057299015272617,0.9234293987486042,0.42,0.24,0.34,0.5
3334,0.9043890650949212,0.9948830286343846,0.09176482345107875,0.031095191182337906,0.9038352895333053,0.9234276978729777,0.16,0.68,0.16,0.25
3335,0.9091421289364318,0.9964356320640462,0.10019477799159432,0.030337088797618886,0.9079772763848959,0.9234270553224584,0.24,0.56,0.2,0.5
3336,0.9105769993126794,0.9966213925940972,0.10093350265501057,0.031273074289973994,0.9075856130385598,0.9234262830327202,0.34,0.54,0.12,0.5
3337,0.9074446823566291,0.9946379128713586,0.09194794732404314,0.03247207405243183,0.9001432509708629,0.9234255949479723,0.6,0.4,0.0,0.5
3338,0.9046463119881404,0.9954237046876341,0.09015896580406904,0.03277022456308635,0.9018944967693772,0.923423200330935,0.44,0.56,0.0,0.5
3339,0.8927539378061562,0.99358141769523,0.07638642166408273,0.03082283447744144,0.898428778238382,0.9234226814911952,0.0,0.8,0.2,0.25
3340,0.89505481381066,0.9840440655350272,0.07292094523574093,0.021590512158222847,0.8843847477346655,0.9234221264882995,0.14,0.02,0.84,0.25
3341,0.9089997810278244,0.996555153113097,0.0976941402911022,0.03142214954530114,0.9047437148074239,0.9234217642429885,0.26,0.62,0.12,0.5
3342,0.8669487841250351,0.9938149398365814,0.04813912720145745,0.029304652787204937,0.8934373805100985,0.9234215367148183,0.0,0.7,0.3,1.0
3343,0.89363182188754,0.9936157361853863,0.07659611292264845,0.030784314563600552,0.8969788860610416,0.9234209105375308,0.0,0.8,0.2,0.5
3344,0.8977558691448263,0.9875299581809903,0.08225767890243518,0.025663504666220385,0.8988765570128997,0.9234204880037713,0.06,0.38,0.56,0.25
3345,0.910226963001224,0.9949053196696575,0.09982011230579567,0.029028415166946014,0.9047923557654921,0.9234150609813403,0.34,0.38,0.28,0.5
3346,0.8725921333112352,0.9953906249054557,0.053412974958809825,0.027958595426580968,0.8888659472183812,0.9234126799081896,0.68,0.02,0.3,1.0
3347,0.9059123644041311,0.9956429445830821,0.09248272897182432,0.03162030570416862,0.9019949603739728,0.923410459032858,0.18,0.7,0.12,0.25
3348,0.8956723251154964,0.9848925319791587,0.07751602064577606,0.021418225546212626,0.8907919843985171,0.9234043341670362,0.08,0.06,0.86,0.25
3349,0.910464957048523,0.9965308127867452,0.10057732663257768,0.030505864746502038,0.9060455810513781,0.9234042911692371,0.3,0.52,0.18,0.5
3350,0.9111184749364775,0.9940409812092452,0.09421023530591499,0.03092008684521227,0.8955085025270562,0.9234006198169807,0.68,0.22,0.1,0.5
3351,0.908656913784779,0.9964121251541221,0.09978854134410146,0.030374357611450766,0.9080455852646871,0.9233979724290292,0.22,0.58,0.2,0.5
3352,0.9102739975680363,0.9965575905707311,0.10041452622338287,0.03078644713688061,0.9064018982551357,0.923395325363777,0.3,0.54,0.16,0.5
3353,0.8667972733334458,0.9938393087045916,0.04789250070696751,0.02958517717694773,0.8934373805100985,0.9233947952937052,0.0,0.72,0.28,1.0
3354,0.9034751318397698,0.9918564369191787,0.0825240026131597,0.031162242532023873,0.8907724626949571,0.9233930321227838,0.9,0.04,0.06,0.25
3355,0.8649626282392554,0.9926298388015079,0.050314381125585554,0.025377311330805764,0.8973420802523493,0.9233914524366382,0.0,0.42,0.58,1.0
3356,0.8923094643484394,0.9880666612353793,0.07794179915124576,0.02573383153678732,0.900825442458223,0.9233906391285214,0.0,0.44,0.56,0.5
3357,0.9067173837019944,0.9955539117336196,0.09525526513654628,0.028671162575623688,0.9017244185302832,0.9233878724088472,0.08,0.58,0.34,0.5
3358,0.9059062377048395,0.9949096123350929,0.0924905780325456,0.03234556041177141,0.9035446965520504,0.9233837659108676,0.4,0.56,0.04,0.25
3359,0.8912320039928143,0.9870774130607953,0.07788825671156051,0.02289029972806141,0.9000235764830761,0.9233828893435618,0.0,0.24,0.76,0.75
3360,0.8958967911001555,0.988396354494979,0.07764626922084396,0.02630313166218865,0.8934381340059482,0.9233796067630597,0.56,0.0,0.44,0.75
3361,0.9058376626434111,0.9949354311193538,0.09342720532360493,0.0321371655401992,0.9051503522104839,0.923379340023563,0.36,0.58,0.06,0.25
3362,0.909419236409242,0.9964776282603336,0.10032085735912856,0.030580402374165625,0.9076209591811384,0.9233779978822115,0.26,0.56,0.18,0.5
3363,0.9058613334023456,0.995062829666145,0.09257376774635208,0.03238166867133353,0.9036483515744204,0.923377600343708,0.38,0.58,0.04,0.25
3364,0.8960094472898716,0.9849913289299872,0.07672494604254351,0.021907231808481302,0.8889668123450921,0.9233769691829169,0.12,0.06,0.82,0.25
3365,0.9085158713228798,0.9928218185589417,0.08948072120653684,0.03077101158988496,0.8924715385177165,0.9233758840924179,0.76,0.14,0.1,0.5
3366,0.9092026124195636,0.9943991048148567,0.09933025722566138,0.028017892046927364,0.9047923557654923,0.9233752705015985,0.28,0.36,0.36,0.5
3367,0.8957220917309151,0.9933398239728605,0.08169500752649263,0.027379153969031796,0.8980318534931536,0.9233743519005988,0.0,0.56,0.44,0.75
3368,0.903238854663688,0.9917364363702655,0.08197156776370335,0.031277339436534296,0.8903021930178066,0.9233699880586927,0.94,0.02,0.04,0.5
3369,0.8944642075283425,0.9923958086186355,0.08176248211021805,0.02569583362866798,0.8993414305026483,0.9233690159067248,0.0,0.44,0.56,0.75
3370,0.9090227325811543,0.9936844958948304,0.09968073329944041,0.027831547977768278,0.906242879161231,0.9233678365165463,0.38,0.26,0.36,0.5
3371,0.9041964753180828,0.9953718273691808,0.08985854261195711,0.03280749337691786,0.9019298429119558,0.9233649997006557,0.42,0.58,0.0,0.5
3372,0.9102085069406682,0.9942274210307681,0.09204603175618069,0.0318933411513991,0.8940065018909926,0.9233601015805548,0.76,0.22,0.02,0.5
3373,0.8975895852893475,0.9865794210578027,0.08140875439029932,0.024713345715445156,0.8968467170663696,0.9233585259135746,0.12,0.26,0.62,0.25
3374,0.9096278634263238,0.9938509679720807,0.09910422575464663,0.02831817513086177,0.9043342411221074,0.9233570703603792,0.42,0.26,0.32,0.5
3375,0.9102646490028117,0.9938907778773285,0.09139221645790696,0.03161275876102046,0.8925224899354176,0.9233486136286166,0.76,0.2,0.04,0.5
3376,0.8653717644495988,0.9928283574528994,0.05064286425742913,0.02593836011029137,0.8974103891321403,0.9233472274764563,0.0,0.46,0.54,1.0
3377,0.9058580501864092,0.9922637777606731,0.08645826215206882,0.03081766930800359,0.8923954758154805,0.9233461880206115,0.78,0.12,0.1,0.25
3378,0.9111555090887273,0.9948862253001344,0.09456866530299891,0.03151852043980081,0.8956956462408536,0.9233434804785813,0.66,0.28,0.06,0.5
3379,0.9074538068105873,0.9957931764566572,0.09681053015742792,0.029438372119095706,0.9036941897965676,0.9233379582045502,0.12,0.6,0.28,0.5
3380,0.9058904902726244,0.994859812849377,0.09394921229094136,0.03164815927793063,0.9051503522104839,0.9233310274516671,0.32,0.58,0.1,0.25
3381,0.8624847238333803,0.991556675296827,0.04845676396427775,0.022291543043635145,0.8952783889388275,0.923330701562877,0.0,0.2,0.8,1.0
3382,0.8623040825932274,0.9914672913849653,0.04822309306221372,0.022011018653892336,0.8948997841266096,0.9233298389304895,0.0,0.18,0.82,1.0
3383,0.9049510139588232,0.9949945009357439,0.09258450337697227,0.031339694313472236,0.9038352895333053,0.9233275931182848,0.18,0.68,0.14,0.25
3384,0.9090150704392372,0.9963828870791752,0.09960026419859704,0.030093775221072205,0.9061492360737482,0.923327023114386,0.22,0.56,0.22,0.5
3385,0.9074748411930341,0.9939568032958902,0.09941220703739048,0.027419458452338428,0.9077268911168062,0.923326815210013,0.3,0.3,0.4,0.5
3386,0.8972034878731492,0.9862795167271586,0.07912936075026808,0.02418823119361448,0.8925975326723874,0.9233230502645287,0.1,0.24,0.66,0.25
3387,0.8971868144349398,0.9861534767633111,0.07922439961795867,0.02390761980291812,0.8925641974630448,0.9233228418146047,0.1,0.22,0.68,0.25
3388,0.9102096930715091,0.9966083148061817,0.10088553495839091,0.03131034310380581,0.9075856130385598,0.9233205162810226,0.32,0.56,0.12,0.5
3389,0.9037368380599745,0.9945875539691366,0.0905100951935209,0.030850688051203553,0.9019769716934843,0.9233198995599287,0.14,0.68,0.18,0.25
3390,0.8978170682329295,0.9871659806812245,0.08243649200343943,0.025627396406658443,0.8987399392533173,0.9233193855383993,0.08,0.36,0.56,0.25
3391,0.9061272439780673,0.9948322587322804,0.09540002850611462,0.03185655414950283,0.9076943812564836,0.9233192287565468,0.36,0.56,0.08,0.25
3392,0.9045443261801459,0.9936041853761995,0.09606522875821129,0.026669817029142378,0.9064309741611382,0.9233160425525488,0.1,0.42,0.48,0.5
3393,0.9081574150312325,0.9958183559077682,0.0978282532285087,0.0291205209148853,0.9036381697649608,0.9233143320189823,0.14,0.56,0.3,0.5
3394,0.9091524936216875,0.9939298285744609,0.09471194136504832,0.03114264364406203,0.9002366648763976,0.9233141037512584,0.6,0.3,0.1,0.25
3395,0.9110091358532529,0.9948983555049884,0.09435979529860837,0.03176183401634753,0.8956956462408536,0.9233129924672626,0.68,0.28,0.04,0.5
3396,0.8621374360473043,0.991391456198384,0.04821544307536355,0.021730494264149518,0.8947934438957004,0.9233108308516558,0.0,0.16,0.84,1.0
3397,0.8959587903280323,0.9883924585585965,0.07844635854295656,0.026787379706106854,0.8950410501188513,0.9233103529696614,0.6,0.0,0.4,0.75
3398,0.9034667311246969,0.9917494228248739,0.08491579728850575,0.02924704929379944,0.8923640412457852,0.9233061091609961,0.78,0.02,0.2,0.75
3399,0.9070384884757171,0.993748834501376,0.09909948996598941,0.02717614487579177,0.9077268911168062,0.9233036078645724,0.28,0.3,0.42,0.5
3400,0.8981893954293684,0.987036561385013,0.08282855769895171,0.025555179887534352,0.898670473332504,0.9233025679716786,0.12,0.32,0.56,0.25
3401,0.9082540305622144,0.99279586277472,0.0898871269892642,0.031014325166431597,0.8936172219500226,0.9232993643746559,0.78,0.14,0.08,0.5
3402,0.9090002787236077,0.9942694914353676,0.09950504495559705,0.0277373096565488,0.9047749983034021,0.9232982081664134,0.28,0.34,0.38,0.5
3403,0.9046486532046676,0.9935225048579616,0.09618220758174273,0.02663254821531043,0.9063072318864903,0.9232902280500193,0.12,0.4,0.48,0.5
3404,0.911011580539332,0.9966455959204883,0.10031883612281421,0.031235805476142242,0.9045435804153146,0.9232887920405142,0.36,0.52,0.12,0.5
3405,0.9123911536429173,0.9960497288622361,0.10046683650894628,0.03060010306772171,0.9018063431738536,0.9232871349236925,0.4,0.44,0.16,0.5
3406,0.9088467583306907,0.993416198596787,0.09769154390657099,0.028000323926651523,0.9027058575845053,0.9232844499549113,0.44,0.22,0.34,0.5
3407,0.9089305760493118,0.9942362803615602,0.09945106324632678,0.027774578470380683,0.9047923557654923,0.9232830413884532,0.26,0.36,0.38,0.5
3408,0.9080404141998919,0.9958744602458424,0.0976543575905272,0.0294011033052639,0.9036381697649608,0.9232817066171249,0.14,0.58,0.28,0.5
3409,0.8664396539531712,0.9939236949720535,0.047244114418323394,0.03042675034617596,0.8931751146890656,0.9232795976493828,0.0,0.78,0.22,1.0
3410,0.9078821479364448,0.9934285514265772,0.09124432925029474,0.031767828258778774,0.8971455384181939,0.9232696439421653,0.72,0.24,0.04,0.25
3411,0.8958877293402058,0.988394139662281,0.07785585857113299,0.0265452556841477,0.8934381340059482,0.9232676565025214,0.58,0.0,0.42,0.75
3412,0.8633696592191574,0.9919301742938617,0.04831487063619358,0.02341364060260623,0.8939276239789059,0.9232661145325355,0.0,0.28,0.72,1.0
3413,0.9070469406574424,0.9964155786947981,0.09497835028342871,0.031290642410250015,0.9023512775777303,0.9232660231669184,0.18,0.68,0.14,0.5
3414,0.8920350555779718,0.9879170001949737,0.0774272408923765,0.025453249146408712,0.8993234418221595,0.9232651538536505,0.0,0.42,0.58,0.5
3415,0.9100370198652603,0.9936195122468032,0.09150765950020313,0.03133217637064194,0.8925398473975077,0.9232650453192365,0.76,0.18,0.06,0.5
3416,0.9113875558188385,0.9948878350496726,0.09583761330286339,0.03127520686325416,0.896823340992671,0.9232650118908172,0.64,0.28,0.08,0.5
3417,0.8645198842294305,0.9924622136412551,0.050441432707805364,0.024816262551320196,0.8970023359417897,0.9232580742314448,0.0,0.38,0.62,1.0
3418,0.9105088430598509,0.9938885516279671,0.09213289176577721,0.03136944518447378,0.8925224899354176,0.9232564869049189,0.74,0.2,0.06,0.5
3419,0.9095610702249783,0.9965516225099429,0.09997964023840965,0.0311042983410909,0.906493264429321,0.9232561682078015,0.28,0.58,0.14,0.5
3420,0.9031345823147143,0.9916908210916828,0.08363609990616415,0.029731297337717736,0.8909180606413283,0.9232531701720391,0.82,0.02,0.16,0.75
3421,0.9102138987094127,0.9938691832585226,0.09991630073017982,0.028767533470123476,0.9046022067754443,0.923251621110414,0.48,0.24,0.28,0.5
3422,0.9059987815847304,0.9922978622092299,0.08582224178186439,0.031062172439137836,0.8905371579756595,0.9232493884919911,0.8,0.12,0.08,0.25
3423,0.8970808194105425,0.9860298799654295,0.0787296858278612,0.02362700841222164,0.8910801855074698,0.923248768498733,0.1,0.2,0.7,0.25
3424,0.8980303147607477,0.9870772674983371,0.08287268104522111,0.025591288147096377,0.8987045931107386,0.9232461146963437,0.1,0.34,0.56,0.25
3425,0.9073076704977822,0.9933008389215428,0.0972981222563468,0.027757010350104826,0.9045461867438378,0.9232436492357128,0.42,0.22,0.36,0.5
3426,0.9046447979097574,0.9918636008754571,0.08556781507008183,0.030253974749737365,0.8920637440736343,0.9232420936730813,0.84,0.04,0.12,0.75
3427,0.911404928482805,0.9952368709912242,0.10031892944045463,0.02979562471041793,0.9029340379256711,0.9232420655380855,0.38,0.4,0.22,0.5
3428,0.9075067053063045,0.9964774455937193,0.09444817542301807,0.03153395598679669,0.9005109484183977,0.9232414966355897,0.2,0.68,0.12,0.5
3429,0.9088575474434665,0.9934335319459819,0.09978898585329521,0.027794279163936588,0.9060862187310192,0.9232333559966253,0.4,0.24,0.36,0.5
3430,0.908377949937618,0.9959919748163019,0.09886611558454489,0.029644416881810645,0.9051782017521425,0.9232332971570343,0.16,0.58,0.26,0.5
3431,0.9089776659814862,0.9936164126226923,0.09388722742514043,0.031070427124937853,0.8986636701520034,0.9232310993038497,0.64,0.26,0.1,0.25
3432,0.9066000157994473,0.9963079138506801,0.09473256884723384,0.03108459764753521,0.9023512775777303,0.9232279224672734,0.14,0.7,0.16,0.5
3433,0.9065897030974301,0.9938000296741915,0.09981996520333608,0.027007368926908595,0.9092288917528697,0.9232278216017942,0.22,0.34,0.44,0.5
3434,0.9042936815088248,0.9909475163882208,0.0955287719045146,0.027727854493981338,0.9093666665534741,0.9232258838973342,0.16,0.44,0.4,0.25
3435,0.9087493876924718,0.9964806479678008,0.0994117317628152,0.030898253578376098,0.9066170067039687,0.9232256513087523,0.24,0.6,0.16,0.5
3436,0.8673434489925119,0.9937194622806342,0.04986369094229062,0.028182555228233683,0.8932228586980153,0.9232202518703317,0.0,0.62,0.38,1.0
3437,0.907447060249264,0.9936381927622784,0.09963377510441994,0.027382189638506527,0.9077268911168062,0.923214212079302,0.32,0.28,0.4,0.5
3438,0.8971784777929387,0.9867461043433258,0.08227446058009372,0.025066173625265746,0.898670473332504,0.9232134040100598,0.08,0.32,0.6,0.25
3439,0.9093742316493377,0.9965759828154556,0.09884463525066514,0.0313848807314694,0.9047437148074239,0.9232127149730168,0.28,0.6,0.12,0.5
3440,0.9063836386716273,0.9956281999623113,0.09545046270865909,0.02923232735638078,0.9022604980402952,0.9232107489905351,0.08,0.62,0.3,0.5
3441,0.8673092196201759,0.9935922977754426,0.0507396879467434,0.026779933279519674,0.8931674698848074,0.9232103651437823,0.0,0.52,0.48,1.0
3442,0.9089590988789369,0.996290394980705,0.09951303165795045,0.02985046164452552,0.9050718615212333,0.9232085843547164,0.2,0.56,0.24,0.5
3443,0.903587507686611,0.9943889554011013,0.09101928178467644,0.03057007666050721,0.9023332888972418,0.9232079603274278,0.14,0.66,0.2,0.25
3444,0.8959527735421937,0.9857841477025803,0.07941519762806393,0.023101893890390916,0.8939224131538311,0.9232070550551967,0.08,0.18,0.74,0.25
3445,0.9051630375268296,0.9920514906132307,0.08536030466298776,0.030781561048441493,0.890893475179417,0.9232045662720451,0.8,0.1,0.1,0.25
3446,0.9089822179672337,0.9942997798433465,0.09321645325965423,0.03166775816589274,0.8972859984273378,0.9232023975282019,0.62,0.32,0.06,0.25
3447,0.9040719973546737,0.9909166286054137,0.0946025485561044,0.02776396275354325,0.9079167743761338,0.9231972915714558,0.14,0.46,0.4,0.25
3448,0.9092491645128821,0.9937638160179121,0.10017034739144778,0.028074861554314996,0.9058362417581709,0.9231967330242608,0.4,0.26,0.34,0.5
3449,0.9076209391305783,0.9962454504310966,0.09779574144943325,0.030486164052946352,0.9052516238274877,0.9231957238255406,0.16,0.64,0.2,0.5
3450,0.8975081467716107,0.9862661763559851,0.0798969168861435,0.024152122934052455,0.8925634128941528,0.923193080677402,0.12,0.22,0.66,0.25
3451,0.8928345728295382,0.9882566288058903,0.07738881072949166,0.026294996317544374,0.8979418585246103,0.9231914549929812,0.0,0.48,0.52,0.5
3452,0.905536822692632,0.9954203710219236,0.09472076785768223,0.02874570020328719,0.9019724897163288,0.9231901994663754,0.04,0.62,0.34,0.5
3453,0.9121500034592522,0.9958368451941315,0.10157699024478592,0.03007620710079647,0.9032903551294286,0.9231899156472345,0.38,0.42,0.2,0.5
3454,0.909684958417705,0.9935775246130134,0.09962877152280704,0.028486951079745054,0.9046022067754443,0.9231882700964685,0.48,0.22,0.3,0.5
3455,0.8974081948661824,0.9861468893485339,0.07992014521557253,0.023871511543356004,0.8925138772637422,0.9231871917090985,0.12,0.2,0.68,0.25
3456,0.9060901852503568,0.9944395483449229,0.09151430999176313,0.032360267610936744,0.9004484179546879,0.923182748758763,0.66,0.34,0.0,0.5
3457,0.9086662847242989,0.994410027707557,0.09285135164989611,0.031912261297026984,0.8972859984273378,0.92318060016509,0.64,0.32,0.04,0.25
3458,0.9062305013833819,0.9927487233715745,0.08873486712451543,0.031695611739654656,0.8956094180038957,0.9231802787225084,0.76,0.2,0.04,0.25
3459,0.9100148777997824,0.9947954856594948,0.10055165845023502,0.028747832776567523,0.9047923557654921,0.9231799971985063,0.34,0.36,0.3,0.5
3460,0.9056930736760287,0.9925473733876617,0.08713547820829544,0.03186789835166495,0.8940364232795016,0.9231799274732309,0.82,0.16,0.02,0.25
3461,0.896645085483271,0.9862870288916705,0.07902995409033714,0.024224339453176424,0.8925975326723874,0.9231781174193924,0.08,0.26,0.66,0.25
3462,0.8976730452006804,0.9853176885238764,0.08135450730180527,0.02137602042578227,0.8921750808772525,0.9231766760375612,0.08,0.06,0.86,0.5
3463,0.8664876885707512,0.9930239819801212,0.04988820925849076,0.026499408889776976,0.8931341346754648,0.9231754478723967,0.0,0.5,0.5,1.0
3464,0.8945293847191713,0.9924992778389572,0.08161853688130451,0.025976387018728564,0.8979077387463759,0.9231744588191515,0.0,0.46,0.54,0.75
3465,0.9054441247261465,0.9936256829533666,0.0981349411763519,0.026838592978025506,0.9078646659174106,0.9231733125582449,0.16,0.38,0.46,0.5
3466,0.88275904686187,0.9825392379874952,0.0581325439903677,0.02044021302167529,0.878833518472893,0.9231720783374515,0.0,0.06,0.94,0.25
3467,0.9066120025187573,0.9927468510387782,0.08934998068631185,0.031451108608520364,0.8956094180038957,0.9231658645823908,0.74,0.2,0.06,0.25
3468,0.8735301241008115,0.9727831710983604,0.04278777677636349,0.03328227479453374,0.8946084336097817,0.9231653803043733,0.06,0.92,0.02,0.0
3469,0.907012333931491,0.992754911203133,0.08991312117346957,0.031206605477386018,0.895553397972289,0.9231651826547208,0.72,0.2,0.08,0.25
3470,0.9061349231084885,0.9955827787670063,0.09356390026432702,0.031584197444606506,0.9019949603739728,0.9231634633312573,0.2,0.68,0.12,0.25
3471,0.8977034134535087,0.9868433971487522,0.08287754855068699,0.02531067675640002,0.898670473332504,0.923162563597939,0.1,0.32,0.58,0.25
3472,0.9102674661730593,0.9936975108910973,0.0992878787424903,0.028973578232838464,0.9031355522819594,0.9231620576248736,0.52,0.22,0.26,0.5
3473,0.9024969925594466,0.9917200420416346,0.08130552791074677,0.031370637403596226,0.8892363422806588,0.9231586115527199,0.94,0.02,0.04,0.25
3474,0.9091558000390896,0.9939664075639688,0.10067955298618042,0.02786881679160009,0.906242879161231,0.9231543912997708,0.36,0.28,0.36,0.5
3475,0.9085405778804417,0.995943807913451,0.09790629804535673,0.029363834491432046,0.9021361691288973,0.9231516168898319,0.16,0.56,0.28,0.5
3476,0.9083384731273101,0.9937011756400461,0.09224786865930028,0.03180393651834086,0.8971455384181939,0.923150653213791,0.7,0.26,0.04,0.25
3477,0.892716395360061,0.9935586528684264,0.07728769887209808,0.030542223086745052,0.8980724610346243,0.9231506250992279,0.0,0.78,0.22,0.25
3478,0.8945613151745103,0.9848632510917241,0.07663983930371583,0.021209830674640398,0.8893770658916254,0.9231488927453279,0.04,0.08,0.88,0.25
3479,0.9092257673037594,0.9934827177860405,0.09925581984804953,0.02824363750319831,0.9042458895716868,0.9231391179793174,0.46,0.22,0.32,0.5
3480,0.8955644168590678,0.9861542702214168,0.07811952525332388,0.024015944581604054,0.8925983172412795,0.9231384939248899,0.04,0.28,0.68,0.25
3481,0.9071236287473214,0.9939208436603714,0.09982426413648242,0.02721341368962353,0.9077268911168062,0.9231383719368298,0.26,0.32,0.42,0.5
3482,0.9046657014483408,0.9910385585704401,0.09610459018158102,0.02797235762511568,0.9093666665534741,0.9231360995457396,0.18,0.44,0.38,0.25
3483,0.9119309311760527,0.9962056833383365,0.10085085480078777,0.03116126784847879,0.903041579779251,0.9231347096326563,0.4,0.48,0.12,0.5
3484,0.8672581562055394,0.9937342982347122,0.04995853362586444,0.028463079617976554,0.8933466009726632,0.923131980076749,0.0,0.64,0.36,1.0
3485,0.908673247209835,0.9934145317639318,0.0930669108363226,0.031034318865375877,0.8971796581964285,0.9231308047370458,0.66,0.24,0.1,0.25
3486,0.9042967325086267,0.9936295417855932,0.0956955318737443,0.026707085842974196,0.9049972824048658,0.9231297323586654,0.08,0.44,0.48,0.5
3487,0.9089836605325721,0.9933708430472965,0.09744510282516217,0.028206368689366452,0.9012392030910205,0.9231286180216906,0.48,0.2,0.32,0.5
3488,0.905688936158434,0.9922865882541303,0.08516712255021293,0.03127056731071015,0.8893741170812633,0.9231276361157023,0.84,0.1,0.06,0.25
3489,0.8951159969461129,0.9849305922807418,0.07794278193398793,0.02145433380577474,0.8908602932783082,0.9231230321626857,0.06,0.08,0.86,0.25
3490,0.8965361232669705,0.9869074160887228,0.08107541655007731,0.025455109794648063,0.8973925450573248,0.9231213889141081,0.02,0.4,0.58,0.25
3491,0.9110877067245282,0.9948100476136513,0.10314291683155657,0.029122653488165555,0.9076585822370147,0.9231113208741835,0.44,0.3,0.26,0.5
3492,0.9082508484599048,0.9962552373657895,0.0987554313711982,0.030168312848735848,0.9048398732288736,0.9231110643374082,0.18,0.6,0.22,0.5
3493,0.9056691904107784,0.9922464529739757,0.08537302666916517,0.03102606417957586,0.8893741170812633,0.923105181355347,0.82,0.1,0.08,0.25
3494,0.8961572234644957,0.9862839292675596,0.07952225112540807,0.024260447712738477,0.8940815446279624,0.9231046271133387,0.06,0.28,0.66,0.25
3495,0.9057144202374394,0.9950837906601327,0.09166438813205838,0.03262617180246784,0.9006443503022932,0.9230995612182538,0.4,0.58,0.02,0.25
3496,0.8741156560560628,0.9955015206653138,0.05452293325501466,0.030127005632924482,0.8886312639621397,0.9230972203000061,0.86,0.02,0.12,1.0
3497,0.8974959713885203,0.9868868375529588,0.08292357556014116,0.02534678501596201,0.8987399392533173,0.9230967646876258,0.08,0.34,0.58,0.25
3498,0.9054616643939059,0.9922302356036274,0.08427285771897708,0.031234459051148123,0.8879074625877785,0.9230962554541112,0.86,0.08,0.06,0.25
3499,0.9061870879168271,0.9923198564112545,0.08772397458281662,0.03085377756756558,0.89249639129232,0.9230960193975314,0.76,0.14,0.1,0.25
3500,0.903865928833414,0.9907219630779169,0.09561312904347832,0.027447243103284877,0.9093666665534741,0.9230955070510953,0.16,0.42,0.42,0.25
3501,0.9087020362911659,0.9937176099269989,0.09224616937552549,0.031559433387206445,0.8956956462408536,0.9230940944152716,0.68,0.26,0.06,0.25
3502,0.8671638566588495,0.9937683313082837,0.04963173922875829,0.028743604007719383,0.8929902837689057,0.9230935356464847,0.0,0.66,0.34,1.0
3503,0.9009389946664297,0.9943511034536252,0.08772168977341178,0.03301510797185036,0.9038046881932368,0.9230909161896879,0.34,0.66,0.0,0.25
3504,0.9057915562784119,0.9926328042798239,0.087630459811779,0.031904006611226984,0.8941427635104108,0.9230881947695588,0.8,0.18,0.02,0.25
3505,0.912571222250965,0.9961168160304933,0.10202243167977935,0.030843416644268495,0.9033637772047738,0.9230873210829558,0.42,0.44,0.14,0.5
3506,0.8971847636228517,0.9860172417190545,0.0801098053337426,0.02359090015265953,0.892407537032833,0.9230861620927927,0.12,0.18,0.7,0.25
3507,0.9082404739261515,0.9946600611983392,0.0927101473535684,0.032192872687723376,0.897359420502683,0.9230859959300385,0.64,0.34,0.02,0.25
3508,0.9086923672755474,0.9941014210252423,0.10000471789979218,0.027493996080001994,0.9047749983034021,0.9230851117500545,0.26,0.34,0.4,0.5
3509,0.9063258248186542,0.9948474942695771,0.09335474765005451,0.0320649490210751,0.9020606845964756,0.9230844981756542,0.4,0.54,0.06,0.25
3510,0.9093308874570155,0.9965030360447125,0.10048661385313863,0.030860984764544176,0.906493264429321,0.9230822064589714,0.26,0.58,0.16,0.5
3511,0.8674117808177528,0.9936956528291302,0.049794969769576064,0.027902030838490844,0.8916828267108339,0.9230821088190657,0.0,0.6,0.4,1.0
3512,0.8953877352389762,0.9856798850241529,0.08076205978235143,0.022857390759256555,0.8965852543281082,0.9230816086946855,0.06,0.18,0.76,0.25
3513,0.9104921357369904,0.9948425166043382,0.1004857717461275,0.0289538775392824,0.9032729976673385,0.9230801274383844,0.38,0.34,0.28,0.5
3514,0.8659410765940087,0.9939913786609729,0.044770359910682386,0.03126832351540433,0.8891297162254008,0.9230788272636867,0.0,0.84,0.16,1.0
3515,0.9065216510595046,0.9957663986726714,0.09573857636269918,0.02975622332330615,0.902192189160504,0.9230747249601194,0.1,0.64,0.26,0.5
3516,0.9053214486471589,0.9954593903232315,0.09472443571096084,0.02902628259366595,0.9019724897163288,0.9230742653511068,0.04,0.64,0.32,0.5
3517,0.8744693211947359,0.9730560921450776,0.04347719475899858,0.0332473270892414,0.8931244216542068,0.9230735413563509,0.08,0.9,0.02,0.0
3518,0.9062414481477175,0.9935646665958682,0.09911646961873956,0.02693283129924503,0.9076714577219496,0.9230723189942633,0.26,0.3,0.44,0.5
3519,0.8952730718731208,0.9934097224944779,0.08046096051052253,0.02882023783095106,0.8963874177378217,0.9230713192878521,0.0,0.66,0.34,0.5
3520,0.897087895179619,0.9867588967146564,0.08192585052643814,0.025102281884827694,0.8972559272977424,0.9230693321237594,0.06,0.34,0.6,0.25
3521,0.9086097442481188,0.9963464793396182,0.09937069218620967,0.030131044034904072,0.9048218845483847,0.9230596480853056,0.2,0.58,0.22,0.5
3522,0.90813786734492,0.9964778223436113,0.09844433893246116,0.031216104782586514,0.9052869699700664,0.9230578261777196,0.22,0.64,0.14,0.5
3523,0.9059092265613826,0.9929504101470573,0.09585569784044984,0.02719584556934759,0.902916601583565,0.923055542631065,0.42,0.18,0.4,0.5
3524,0.9101150276799481,0.994786826120312,0.10110855722484248,0.028710563962735712,0.9047570096229134,0.9230502080529774,0.36,0.34,0.3,0.5
3525,0.9102000217595645,0.994761047294373,0.10122229925671157,0.02867329514890396,0.904774998303402,0.9230491725047476,0.38,0.32,0.3,0.5
3526,0.8943940710335423,0.9935258242528427,0.07837524083426269,0.029942567392465078,0.8953654765801635,0.9230490887005068,0.0,0.74,0.26,0.5
3527,0.9078590601663395,0.9927843661946842,0.09037004977406994,0.03125763874297836,0.8939735391537801,0.923044591572788,0.8,0.14,0.06,0.5
3528,0.9090767626837848,0.9938214501888807,0.0939745312665297,0.03110653538449982,0.897229978395731,0.9230441179703098,0.62,0.28,0.1,0.25
3529,0.9093464934918262,0.9933963507274801,0.09814979087480745,0.028449682265913108,0.901595520294778,0.9230427489358292,0.5,0.2,0.3,0.5
3530,0.8958709313905606,0.9849340857797397,0.07788790276837836,0.021662728677346924,0.8889668123450921,0.9230401701865872,0.1,0.06,0.84,0.25
3531,0.9105229302442778,0.9944092428119489,0.10201979588813147,0.028842071097786956,0.9061745702814399,0.923039346097672,0.44,0.28,0.28,0.5
3532,0.9068260050613043,0.9957153776039726,0.09635134669781734,0.029475640932927462,0.902192189160504,0.9230376863336943,0.1,0.62,0.28,0.5
3533,0.9065295390311067,0.9930400652046746,0.09567887230815311,0.027439159145894444,0.90144994709008,0.923037444805002,0.44,0.18,0.38,0.5
3534,0.9109582161647978,0.9948962691097535,0.10098038203026814,0.029197191115829083,0.9032729976673385,0.9230366373664092,0.4,0.34,0.26,0.5
3535,0.8954106620356,0.9933800391696588,0.08064308409860975,0.027940260749153085,0.8950799606797497,0.9230354709360495,0.0,0.6,0.4,0.75
3536,0.9083004511848181,0.9947651002098771,0.09296906670120687,0.0322289809472855,0.8973414318221943,0.9230351166736177,0.62,0.36,0.02,0.25
3537,0.8910652914022346,0.9870240515761012,0.07842337073173256,0.022609746338000784,0.898738407033465,0.9230338053356117,0.0,0.22,0.78,0.75
3538,0.8656755982038891,0.994011374946904,0.0436879894024901,0.03154884790514716,0.8876277155893372,0.923033084329097,0.0,0.86,0.14,1.0
3539,0.9120544444901598,0.9955608016899767,0.1011356594059694,0.030038938286964557,0.9018063431738536,0.9230320345628241,0.4,0.4,0.2,0.5
3540,0.9059810322639976,0.9925040985250744,0.08734229864508468,0.0316233952205306,0.8925524113239268,0.923026446889422,0.8,0.16,0.04,0.25
3541,0.9005844305885684,0.9909220515205249,0.08132793198900291,0.03183850421729144,0.8936111392183383,0.9230213261106839,0.94,0.06,0.0,0.5
3542,0.9124091144337114,0.9959099204023378,0.10134529392475218,0.03031952067734317,0.901450025970096,0.9230207515579749,0.4,0.42,0.18,0.5
3543,0.866700727456514,0.9938703277790276,0.04737467252186656,0.02986570156669048,0.89045136791846,0.9230158912560322,0.0,0.74,0.26,1.0
3544,0.9097629165976063,0.9939039869568731,0.09110135936399033,0.03185607233756722,0.8910558354419328,0.9230153379970548,0.78,0.2,0.02,0.5
3545,0.9106608091315916,0.9948080582600553,0.10167909629912512,0.0289166087254506,0.904774998303402,0.9230139938803421,0.4,0.32,0.28,0.5
3546,0.9094099813157035,0.9940702021591971,0.10114046495424399,0.02811213036814676,0.9058865619574735,0.9230111134940439,0.38,0.28,0.34,0.5
3547,0.9079739087316454,0.9965063468770962,0.09577600251147808,0.03149668717296499,0.9005109484183977,0.9230103167073289,0.22,0.66,0.12,0.5
3548,0.9058687008111529,0.992785085444478,0.0888099211873274,0.03194011487078903,0.8956094180038957,0.9230066362107048,0.78,0.2,0.02,0.25
3549,0.8966596391312739,0.9866168106304115,0.08161227328521693,0.024821670494131254,0.8968467170663695,0.9230047624062215,0.06,0.32,0.62,0.25
3550,0.9082185994304723,0.9964504566014607,0.09887817542600716,0.03093552239220773,0.9052516238274878,0.9230035767471925,0.22,0.62,0.16,0.5
3551,0.9089325279873015,0.9941157717711261,0.0930267741182586,0.03163164990633061,0.8958193439338528,0.9230018426326093,0.64,0.3,0.06,0.25
3552,0.904038731829482,0.9946202056264377,0.0927511112843589,0.03081457979164153,0.9034789723295478,0.9230012666265373,0.16,0.66,0.18,0.25
3553,0.9079319710875162,0.9963402915080597,0.09887472976528816,0.0304488952391143,0.9052516238274877,0.9229993831184405,0.18,0.62,0.2,0.5
3554,0.9088546105008802,0.9932394914808058,0.09686337185105444,0.028169099875534585,0.899584178519394,0.9229972524325272,0.5,0.18,0.32,0.5
3555,0.9057657343510148,0.9936555204031415,0.09907601387682234,0.02672678653653022,0.9076714577219495,0.9229961149385345,0.22,0.32,0.46,0.5
3556,0.9080064407294208,0.9964068164056449,0.0994281852684956,0.030692208815660992,0.9063973072597938,0.9229951990432202,0.2,0.62,0.18,0.5
3557,0.9090052236082542,0.9938381128091013,0.09369779823545545,0.03135103851563416,0.896823340992671,0.9229951076783139,0.64,0.28,0.08,0.25
3558,0.8928016912690164,0.9935194708796651,0.07741916938256398,0.03026161169604871,0.8967824060202912,0.922995016228895,0.0,0.76,0.24,0.25
3559,0.9097383412563954,0.9944611486720605,0.10077526012655642,0.028392712758525344,0.90438456132141,0.9229922227184586,0.38,0.3,0.32,0.5
3560,0.893871851093471,0.9935872972768769,0.07833877257040897,0.030503732173222026,0.8966225688572841,0.9229884970741895,0.0,0.78,0.22,0.5
3561,0.9094509595072849,0.9936606293600094,0.09930428201370936,0.02828090631703005,0.9027438889356234,0.9229866252930808,0.44,0.24,0.32,0.5
3562,0.9049299271084374,0.9920427397407409,0.08495437380752716,0.03098995592001381,0.8893741170812633,0.9229808647130398,0.84,0.08,0.08,0.25
3563,0.905932206622537,0.9955361873637036,0.09497044139491374,0.02898901377983396,0.9004704890802653,0.922980183731094,0.06,0.62,0.32,0.5
3564,0.9044595556568452,0.9909837814194854,0.09581756746611592,0.02769174623441913,0.9078646659174106,0.9229796786680222,0.18,0.42,0.4,0.25
3565,0.912978004370824,0.9960891877050847,0.10247701137419477,0.031049461406983368,0.9030074600010163,0.922979390962831,0.46,0.42,0.12,0.5
3566,0.8969918118558203,0.9869285825826516,0.0820734840603122,0.025419001535086062,0.8973745563768362,0.9229778124051937,0.04,0.38,0.58,0.25
3567,0.9063477785654259,0.9958210331153337,0.0957970412811708,0.03003680571368474,0.9023159314351518,0.9229763338318275,0.1,0.66,0.24,0.5
3568,0.9075981223000794,0.9964435323951134,0.09659692440833427,0.03125337359641839,0.9023512775777303,0.9229760027048607,0.2,0.66,0.14,0.5
3569,0.8957652567210004,0.9863058207196137,0.08118105282069678,0.024296555972300515,0.897186461376929,0.9229702076726086,0.04,0.3,0.66,0.25
3570,0.9126941551168187,0.9961847423235097,0.10224091797197177,0.031086730220815244,0.9030074600010163,0.9229692377727416,0.44,0.44,0.12,0.5
3571,0.8977713922167186,0.986842763523934,0.08364345180219254,0.0252745684968379,0.898670473332504,0.9229690908705421,0.12,0.3,0.58,0.25
3572,0.909728182243881,0.9936798378961665,0.09130588947870856,0.031575489947188604,0.8910558354419328,0.9229683968934638,0.78,0.18,0.04,0.5
3573,0.9071750279906031,0.9958443916086337,0.0968541161316667,0.029718954509474146,0.902192189160504,0.9229680140040889,0.12,0.62,0.26,0.5
3574,0.9090908762040728,0.9944418830525865,0.09608296142481293,0.031214860163186055,0.9002720110189761,0.9229676925470184,0.56,0.34,0.1,0.25
3575,0.9060984937545832,0.995497855916365,0.09456400218428329,0.028708431389455544,0.8989304570930836,0.9229667054003254,0.06,0.6,0.34,0.5
3576,0.9056065419449082,0.9960347530540317,0.08983842030677379,0.031159135275198684,0.8935459886601433,0.9229653580939828,0.1,0.74,0.16,0.5
3577,0.9070499049877039,0.993916961994818,0.09956649883478895,0.027250682503455366,0.9062769989394657,0.9229651103142372,0.24,0.34,0.42,0.5
3578,0.8963726998401461,0.985889643380654,0.07979907721336447,0.02334639702152526,0.8924204125177676,0.9229638923398549,0.1,0.18,0.72,0.25
3579,0.9099648260682845,0.9936180680388842,0.09979569213260286,0.028730264656291683,0.9031355522819594,0.922961487908996,0.5,0.22,0.28,0.5
3580,0.8913731835197644,0.9891949072867607,0.07574403495084754,0.029700388914656026,0.8997684186119298,0.9229612674377,0.0,0.72,0.28,0.25
3581,0.9058659490468118,0.9923391791140455,0.08595205652655073,0.031306675570272224,0.8894094632238421,0.9229602248096597,0.82,0.12,0.06,0.25
3582,0.9068312158014645,0.9931042268529376,0.09705683811358026,0.02747642795972623,0.9029546329346829,0.9229582243104721,0.42,0.2,0.38,0.5
3583,0.9085404135124249,0.9961771445340224,0.09913793599388068,0.02988773045835732,0.9036762011160788,0.9229574180851032,0.18,0.58,0.24,0.5
3584,0.910566029672244,0.9949460143663182,0.10083415164198022,0.0292717287434927,0.9032903551294286,0.9229563324721105,0.36,0.38,0.26,0.5
3585,0.9101188251408419,0.9943302166679495,0.10202290248424986,0.028598757521240213,0.9061745702814399,0.9229540269861878,0.42,0.28,0.3,0.5
3586,0.9055950221449656,0.9922677336345384,0.0839884421089685,0.031478962182282445,0.8864234506322036,0.9229524500625248,0.88,0.08,0.04,0.25
3587,0.8949209728181736,0.9934219611576341,0.0803254239474464,0.02910082022132957,0.8963874177378217,0.9229505164782477,0.0,0.68,0.32,0.5
3588,0.9070674916060851,0.9933697613184401,0.09937720341583592,0.02713887606195984,0.906169457085886,0.9229491553209944,0.3,0.28,0.42,0.5
3589,0.8938255815912922,0.9854081798520871,0.08002088753826499,0.0223683844969879,0.8970147659763789,0.9229482919284623,0.02,0.18,0.8,0.25
3590,0.9078511409198119,0.9959157286298385,0.09769391950707985,0.02968168569564241,0.902192189160504,0.9229466861657925,0.14,0.6,0.26,0.5
3591,0.9070041186771659,0.9963601365232009,0.09618172028020956,0.031047328833703293,0.9023512775777303,0.9229463037770632,0.16,0.68,0.16,0.5
3592,0.8673791650634268,0.9936205939756596,0.05078608171720735,0.027060457669262572,0.8917008153913225,0.9229461037423035,0.0,0.54,0.46,1.0
3593,0.9091778163057388,0.993686887685811,0.08987537442872187,0.031818803523735416,0.8895538348058692,0.9229431411634554,0.8,0.18,0.02,0.5
3594,0.9056842201862625,0.992422275298544,0.08397473382257539,0.03179568183254085,0.8864234506322036,0.9229430021698228,0.86,0.12,0.02,0.25
3595,0.904642865786412,0.9920208368720232,0.08387127802775739,0.031198350791585946,0.8879074625877785,0.9229422991198437,0.88,0.06,0.06,0.25
3596,0.9067535528820785,0.9959985165644255,0.09606859476012551,0.03056070168060983,0.9023159314351518,0.9229415556793172,0.12,0.68,0.2,0.5
3597,0.9071368339203179,0.993501446822335,0.09070770669473015,0.03201233138991319,0.8956615264626189,0.9229403181670762,0.74,0.24,0.02,0.25
3598,0.912386742149006,0.9961839060529163,0.10124699806140008,0.031123999034646938,0.901557567823676,0.9229387355176459,0.42,0.46,0.12,0.5
3599,0.906450324897312,0.9937554504578117,0.0991195163985442,0.02704463774074046,0.9063123450820446,0.9229364922993255,0.2,0.36,0.44,0.5
3600,0.9036785953627264,0.9941050572325327,0.09226037212192942,0.03000885387911429,0.9022598668218964,0.9229358301749839,0.14,0.62,0.24,0.25
3601,0.9045388474813085,0.9947509378389393,0.09359036267162037,0.03105908292277589,0.9038352895333053,0.9229333013454047,0.18,0.66,0.16,0.25
3602,0.9117613409948435,0.9949929311445276,0.09933140529900927,0.030825848523992574,0.89988034767264,0.9229332392503471,0.58,0.3,0.12,0.5
3603,0.9074148916074571,0.9960332974294492,0.09758932744693616,0.03024285047639963,0.9033933059876667,0.9229315601492478,0.14,0.64,0.22,0.5
3604,0.9102698086200098,0.9948322501697829,0.10075482280505452,0.028991146353114235,0.9032903551294286,0.9229294074689622,0.36,0.36,0.28,0.5
3605,0.9113816458737339,0.9948509535185849,0.10317979734345221,0.02936596706471228,0.9062086900596744,0.9229288504964512,0.46,0.3,0.24,0.5
3606,0.9056757481809303,0.9953919435300775,0.09453512169171846,0.02846511781290882,0.8992313409019845,0.9229261233056113,0.04,0.6,0.36,0.5
3607,0.9050945915942202,0.9934714666642677,0.09867800757982625,0.02652074177381513,0.9076714577219495,0.9229232133453918,0.18,0.34,0.48,0.5
3608,0.9039975766174816,0.9944637345463188,0.09327040904051341,0.03053396840094522,0.9038173008528166,0.922922483298039,0.16,0.64,0.2,0.25
3609,0.9129416367494687,0.995973947904806,0.10214901069553425,0.030768879016604838,0.9018063431738536,0.9229217846508864,0.46,0.4,0.14,0.5
3610,0.9064734909288168,0.9960766293753535,0.09493379319166051,0.03084128407098845,0.9008492769416668,0.9229205738819231,0.12,0.7,0.18,0.5
3611,0.9068695885944472,0.9925728725053478,0.08995588314870286,0.03092599408668964,0.8940867434788042,0.9229188388551348,0.72,0.18,0.1,0.25
3612,0.8973492642529118,0.9868676575584602,0.08186533571112614,0.02538289327552412,0.8958725557407726,0.9229178898454232,0.06,0.36,0.58,0.25
3613,0.9106207389682688,0.9937577394988217,0.0995878254778466,0.02921689180938513,0.901633551645896,0.9229165646103503,0.54,0.22,0.24,0.5
3614,0.9076903068431588,0.9963671235211967,0.09855227475899064,0.03072947762949297,0.9048953066237301,0.9229143854361636,0.18,0.64,0.18,0.5
3615,0.9017088552327471,0.9915896580373664,0.08221198882773942,0.03112613427246192,0.8907203542362337,0.9229125658396921,0.92,0.02,0.06,0.25
3616,0.9064383381557549,0.9947963590342443,0.09590636969560115,0.031575942758806604,0.9049912637932573,0.9229117275291888,0.36,0.54,0.1,0.25
3617,0.8665738713694895,0.9938982015626991,0.04743212390801462,0.03014622595643321,0.89045136791846,0.9229093336535493,0.0,0.76,0.24,1.0
3618,0.8822153000823006,0.982288157017847,0.058128028441606285,0.019878990240282536,0.8776567065611901,0.9229083178396177,0.0,0.02,0.98,0.25
3619,0.9068720968589183,0.9959482718288374,0.09632277881759069,0.03028011929023139,0.9019596142313943,0.9228989090437074,0.12,0.66,0.22,0.5
3620,0.9084474407727006,0.9965297453287181,0.09745265971741773,0.03145941835913316,0.9019446401746702,0.9228946126063402,0.24,0.64,0.12,0.5
3621,0.9052128437497601,0.9934548782523591,0.09892070513294697,0.026483472959983385,0.9076714577219495,0.9228936267817692,0.2,0.32,0.48,0.5
3622,0.9080997845692047,0.9960636372124134,0.098048836393101,0.029924999272189126,0.902192189160504,0.9228923954664091,0.16,0.6,0.24,0.5
3623,0.9100909882681327,0.9945075716795782,0.10153372008309823,0.028636026335072094,0.9047408785251675,0.9228909198547586,0.4,0.3,0.3,0.5
3624,0.9071624090315008,0.993139030551288,0.09715058966682716,0.02792578629898784,0.9025881797915212,0.9228909122147201,0.48,0.18,0.34,0.5
3625,0.9061283139257208,0.9948304948577864,0.09643456669368185,0.03161205101836847,0.906493264429321,0.9228895136392585,0.34,0.56,0.1,0.25
3626,0.9089190152952933,0.9964518808302189,0.10012629766325894,0.030617671187997485,0.9050595726730486,0.9228885457562074,0.24,0.58,0.18,0.5
3627,0.9097622505725222,0.9933217713738719,0.09274371294957563,0.030808280403716776,0.8925398473975077,0.9228860829575237,0.74,0.16,0.1,0.5
3628,0.9087897437733299,0.9960859624976764,0.09899501413618507,0.029607148067978716,0.9021361691288973,0.9228848900689879,0.18,0.56,0.26,0.5
3629,0.9056673426644594,0.9936564109028861,0.09934928966658857,0.02676405535036193,0.9076714577219495,0.9228804265194251,0.2,0.34,0.46,0.5
3630,0.9050736028068949,0.9911529421209644,0.09727096778754359,0.028216860756249983,0.9092983576736829,0.9228799350901038,0.2,0.44,0.36,0.25
3631,0.8826049758071057,0.9824114512741488,0.058503240720354406,0.020159601630978904,0.8776567065611901,0.922879329038599,0.0,0.04,0.96,0.25
3632,0.9083019917812862,0.996379698975923,0.09891985768767596,0.030411626425282605,0.9036941897965676,0.9228771179389125,0.2,0.6,0.2,0.5
3633,0.9116593838586973,0.9949475784492029,0.10331945413456395,0.029646549455090883,0.9058523728559169,0.922876805140901,0.46,0.32,0.22,0.5
3634,0.9059809606068405,0.9923922038071695,0.08636510276969117,0.0313427838298342,0.8894094632238421,0.9228762803763972,0.8,0.14,0.06,0.25
3635,0.8674248014635615,0.9936457677184389,0.05089036443765411,0.02734098205900527,0.8916828267108339,0.9228746779110112,0.0,0.56,0.44,1.0
3636,0.9036730775252555,0.9903049694475246,0.0953789159804878,0.027166631712588436,0.9078646659174106,0.9228735044017162,0.16,0.4,0.44,0.25
3637,0.905692046559536,0.9919704494281427,0.09092597259735234,0.028469382959469113,0.8953293799483958,0.9228730218316065,0.64,0.08,0.28,0.5
3638,0.9111523451442305,0.995006011786609,0.10087084688632918,0.02947777350620771,0.9018063431738536,0.9228668279714616,0.4,0.36,0.24,0.5
3639,0.9030156680109505,0.9925524623653688,0.09565010097202713,0.026501041080259285,0.90651805629031,0.9228662847190106,0.04,0.46,0.5,0.5
3640,0.9057079260071781,0.9955702432706018,0.09514599793346178,0.029269596170212752,0.9008268062840228,0.9228646841254973,0.06,0.64,0.3,0.5
3641,0.9097374324392985,0.9945842659700798,0.10127962909835883,0.02842998157235722,0.9044186810996447,0.9228625517491217,0.36,0.32,0.32,0.5
3642,0.8670464477877208,0.9937806498880836,0.049365963591193315,0.029024128397462153,0.8915236292754208,0.9228607443590056,0.0,0.68,0.32,1.0
3643,0.9007240516630381,0.9909821659616154,0.08071553248673981,0.03187577303112314,0.8910551037628974,0.9228580716630974,0.92,0.08,0.0,0.5
3644,0.9114189829266662,0.9951217938783988,0.10087607247178186,0.029758355896586153,0.901450025970096,0.9228531147760778,0.4,0.38,0.22,0.5
3645,0.8970611673788177,0.9853504286603187,0.08186924242540343,0.02141328923961414,0.8922433897570436,0.9228522951186336,0.06,0.08,0.86,0.5
3646,0.9128913477278402,0.9960689174192322,0.10236582566089701,0.030806147830436725,0.9018063431738536,0.9228509300337315,0.44,0.42,0.14,0.5
3647,0.9097644435304479,0.9937142191779714,0.10014699612841223,0.028524219893576824,0.9031002061393809,0.9228503379431445,0.46,0.24,0.3,0.5
3648,0.9050816420801848,0.9953466878763917,0.09496167755208251,0.02850238662674048,0.9008268062840228,0.9228498911669923,0.02,0.62,0.36,0.5
3649,0.9051962652980657,0.9953170045515726,0.09443245315993301,0.028221804236362162,0.8992313409019845,0.9228493241856179,0.02,0.6,0.38,0.5
3650,0.8971523715243774,0.9864574796761129,0.08062825382700166,0.024468842584310764,0.8925975326723874,0.9228457984023757,0.1,0.26,0.64,0.25
3651,0.9069668137134281,0.9958934575737266,0.09689230208964847,0.029999536899852863,0.902192189160504,0.9228457749991823,0.12,0.64,0.24,0.5
3652,0.9044027281534716,0.9945019974936771,0.09479301031541783,0.03049786014138293,0.9053193014888803,0.9228429600865506,0.18,0.62,0.2,0.25
3653,0.9056907836319131,0.993313037626377,0.09937763251603304,0.026689517722698362,0.9076714577219496,0.92284268232605,0.24,0.3,0.46,0.5
3654,0.9086335301395115,0.9945458831477558,0.09325598786294921,0.03194836955658901,0.895783997791274,0.9228418770267747,0.62,0.34,0.04,0.25
3655,0.8946835129334754,0.984732998379085,0.07622659028291497,0.02092921928394394,0.8860284347442169,0.9228390802347418,0.04,0.06,0.9,0.25
3656,0.9126462455257409,0.9959901738376518,0.10229227619519386,0.030562834253889976,0.9018063431738536,0.9228354724410601,0.42,0.42,0.16,0.5
3657,0.9106672924894025,0.9948987493798754,0.10058881153452229,0.02923445992966097,0.9018063431738536,0.922835263729994,0.38,0.36,0.26,0.5
3658,0.9040926177862609,0.990539713171859,0.09586745217650434,0.027411134843722734,0.9077963570376193,0.922834469331015,0.18,0.4,0.42,0.25
3659,0.9049653525796204,0.992600112664201,0.09270997098455654,0.026634680788590617,0.8968783758476285,0.9228339998168665,0.42,0.14,0.44,0.5
3660,0.9108854445662592,0.9939779669356531,0.10178417311484972,0.02925416062321685,0.9046022067754443,0.9228331229431435,0.52,0.24,0.24,0.5
3661,0.9050190866219244,0.9948562394337354,0.094324171644451,0.031303586053910336,0.9038352895333053,0.9228325351873695,0.2,0.66,0.14,0.25
3662,0.9079695534086458,0.9937198533013554,0.09205057201618706,0.03204843964947515,0.8956788839247092,0.9228308079248593,0.72,0.26,0.02,0.25
3663,0.9110585845986141,0.9950397423186006,0.10090403958275783,0.02951504232003944,0.9018063431738536,0.9228267282371028,0.38,0.38,0.24,0.5
3664,0.905597912568992,0.9923717108963809,0.08429879113889852,0.03175957357297889,0.8864234506322036,0.9228232436995848,0.88,0.1,0.02,0.25
3665,0.9049292123237669,0.9910490904424192,0.09669075942986383,0.027936249365553605,0.9077963570376193,0.9228192751201747,0.2,0.42,0.38,0.25
3666,0.8963952420447893,0.9852382371091657,0.08063234290786195,0.021169975663067407,0.8907601623703607,0.9228187611530662,0.04,0.08,0.88,0.5
3667,0.9056930096642571,0.9923197707862791,0.08455589936475452,0.0315150704418445,0.8864234506322036,0.9228186966853931,0.86,0.1,0.04,0.25
3668,0.9112888841189393,0.9949767023575159,0.1027445484266133,0.029440504692375864,0.904774998303402,0.9228155092976541,0.42,0.34,0.24,0.5
3669,0.9028697927935198,0.9916367289405316,0.08509378625067673,0.030215545381635973,0.8920283979310557,0.9228147211056035,0.86,0.02,0.12,0.75
3670,0.9052138185008348,0.9930475716608549,0.09980098695887502,0.026446204146151578,0.909173458358013,0.9228115814315718,0.22,0.3,0.48,0.5
3671,0.9097108188962673,0.9934616369170871,0.09921884928936814,0.028692995842459854,0.901633551645896,0.9228104164183395,0.52,0.2,0.28,0.5
3672,0.89359076275246,0.984732792879144,0.07594558208321077,0.020965327543506027,0.8875304353802804,0.9228103846261756,0.02,0.08,0.9,0.25
3673,0.9041985812915772,0.995472356798679,0.09278073432985627,0.029624716188254824,0.8995006563813304,0.9228097220652796,0.02,0.7,0.28,0.5
3674,0.9044360976248236,0.9946023214232341,0.09461867379833311,0.03077847153207946,0.9049629842851228,0.9228087525444156,0.18,0.64,0.18,0.25
3675,0.9091075191335425,0.9932803574274175,0.09782312283787183,0.02841241345208126,0.8999404957231515,0.9228071141817379,0.52,0.18,0.3,0.5
3676,0.9044020251583496,0.9957754520867411,0.08972934682357632,0.030953090512483666,0.8946736834119606,0.9228069430328976,0.06,0.76,0.18,0.5
3677,0.9088207785076644,0.9938395741420155,0.09340769971922488,0.03159554164676842,0.8956956462408536,0.9228056432472218,0.66,0.28,0.06,0.25
3678,0.9047961518887271,0.994680097442592,0.09506021825844285,0.03102297466321389,0.9053193014888803,0.9228055793802407,0.2,0.64,0.16,0.25
3679,0.8960245274132214,0.9866019175930166,0.0816929072774642,0.02489388701325535,0.8970528007467652,0.9228051981312826,0.02,0.36,0.62,0.25
3680,0.8619798906180602,0.9913018353907569,0.04856102496532816,0.021449969874406727,0.8921099288323951,0.9228039878644168,0.0,0.14,0.86,1.0
3681,0.8940329892721048,0.9880656765481618,0.07444355063643049,0.030661364057452685,0.8932975021324312,0.922802232506361,0.92,0.0,0.08,0.75
3682,0.9106311182192156,0.9947378657593555,0.10235700569105069,0.02887933991161881,0.9047408785251675,0.9228012902239748,0.42,0.3,0.28,0.5
3683,0.8967583238777078,0.9867742778144113,0.0817879003816258,0.025138390144389764,0.8958905444212611,0.9228005428127268,0.04,0.36,0.6,0.25
3684,0.9059010020231636,0.9924439955006473,0.08720819223514835,0.031587286960968505,0.8909494952110237,0.9227989015289979,0.82,0.14,0.04,0.25
3685,0.9106253193571098,0.9941708057970072,0.10189656423256488,0.029048115860501954,0.9046402381265622,0.922798495643179,0.48,0.26,0.26,0.5
3686,0.8952618322347886,0.984820310166541,0.07700464329340426,0.021173722415078252,0.8863350332683803,0.9227982633016956,0.06,0.06,0.88,0.25
3687,0.9096601910410923,0.9941219053735335,0.10121843649591095,0.02835544394469346,0.90438456132141,0.9227974712517935,0.4,0.28,0.32,0.5
3688,0.9036976388089599,0.9931219169728634,0.09244828874691531,0.02972824248841797,0.9022598668218964,0.9227959731714492,0.14,0.6,0.26,0.25
3689,0.9065922330333979,0.9925706805059765,0.08992432856801184,0.031170497217824014,0.8940867434788042,0.9227955074881036,0.74,0.18,0.08,0.25
3690,0.9064254737623625,0.9948258368591225,0.09439665172697145,0.03182044588994085,0.9016309453173726,0.9227949540125899,0.38,0.54,0.08,0.25
3691,0.8614515533086617,0.9910190275135423,0.04302118708180924,0.02032787231543557,0.881230532977088,0.9227940349518894,0.0,0.06,0.94,1.0
3692,0.8956432997063213,0.9857619137506244,0.08421953506959282,0.022329574038413198,0.9000007785680173,0.922790857833835,0.02,0.18,0.8,0.5
3693,0.8971408200246593,0.986574723100817,0.08366037856981338,0.024749453975007104,0.8983307290219443,0.9227888903744978,0.1,0.28,0.62,0.25
3694,0.8655950824430557,0.9929007562237998,0.050395943862935784,0.026218884500034248,0.8930607126001194,0.9227877724981025,0.0,0.48,0.52,1.0
3695,0.9051466803254511,0.9924715153677537,0.09631321541020961,0.028778083537642864,0.9060938026788914,0.9227830654482274,0.2,0.48,0.32,0.25
3696,0.8944879885174611,0.9925803589823671,0.08124947797577943,0.026256940408789304,0.894955845932972,0.9227817954206865,0.0,0.48,0.52,0.75
3697,0.9036456608629774,0.9923896750162282,0.09318958074085372,0.02916701970702511,0.9036735159075394,0.922780943756583,0.14,0.56,0.3,0.25
3698,0.8674490098995689,0.9936720488775673,0.05106005152373271,0.02762150644874814,0.8916828267108339,0.9227808163942163,0.0,0.58,0.42,1.0
3699,0.8973577699508793,0.9867123681030024,0.08319463940526885,0.025030065365703662,0.8971684726964403,0.922778545292334,0.1,0.3,0.6,0.25
3700,0.8960973867467642,0.9852058252017958,0.07975892339338722,0.022187843199177743,0.890791984398517,0.9227777581749842,0.12,0.08,0.8,0.25
3701,0.895271196876281,0.9841946570334992,0.07767706410930196,0.02207951842049156,0.8892899837624535,0.922775288461918,0.18,0.02,0.8,0.25
3702,0.8727898534180081,0.971997813115294,0.04140444801761495,0.03331722249982616,0.8916397784802333,0.9227723518996147,0.04,0.94,0.02,0.0
3703,0.9114770403994423,0.9944580090896278,0.10248352010535083,0.029534743013595325,0.9042458895716868,0.922771255070544,0.52,0.26,0.22,0.5
3704,0.895581851308585,0.9933566464263686,0.08192450436795305,0.027659707359092518,0.8950799606797497,0.9227696897508884,0.0,0.58,0.42,0.75
3705,0.9034087705033437,0.9925581878220598,0.09561614864417749,0.026463772266427325,0.9049606222593899,0.9227687095143637,0.06,0.44,0.5,0.5
3706,0.8935679665035717,0.9880479293449189,0.07235728637869562,0.031145612101370818,0.8906471328555223,0.9227676272147183,0.96,0.0,0.04,0.75
3707,0.9064674214285499,0.9924444293338562,0.08847008705152995,0.03088988582712764,0.8910626995360478,0.9227612474223736,0.74,0.16,0.1,0.25
3708,0.9127885326252417,0.9959438821217631,0.10270390004469211,0.030525565440058116,0.9018063431738536,0.9227598990390168,0.44,0.4,0.16,0.5
3709,0.9065478001286418,0.9929697357040141,0.09488907915265694,0.027645203908609313,0.8983803764836922,0.922758615299415,0.48,0.16,0.36,0.5
3710,0.9053676946929258,0.992777875821546,0.09393982592092164,0.027121307941684075,0.8983803764836922,0.9227544804657094,0.46,0.14,0.4,0.5
3711,0.9040947730933095,0.9919154039855983,0.08406789245629832,0.03095384766045165,0.8879074625877785,0.9227542260729714,0.86,0.06,0.08,0.25
3712,0.8734294481099399,0.9706387306926241,0.04179265441138848,0.03251024903207553,0.8912661038143858,0.9227536987496392,0.02,0.9,0.08,0.0
3713,0.9044114083531559,0.9910163702851378,0.09637641336784851,0.028008465884677824,0.9079167743761338,0.9227533463033101,0.16,0.46,0.38,0.25
3714,0.9086620287372834,0.9941156747294873,0.09266890042488812,0.03187615303746492,0.894335331978278,0.922752436402333,0.66,0.3,0.04,0.25
3715,0.9058530343113376,0.9956990175253319,0.09468870178778362,0.029793492137137938,0.899448547922607,0.9227479625836745,0.08,0.66,0.26,0.5
3716,0.9089532512517143,0.993171927666852,0.09691254117948474,0.028618458214796257,0.898439721451432,0.9227409825883798,0.56,0.16,0.28,0.5
3717,0.9070030934530714,0.9962104669202977,0.09679928476935426,0.030804015257156564,0.9019949603739728,0.9227405694589614,0.14,0.68,0.18,0.5
3718,0.9075977371460744,0.9959661217820507,0.09797731677791498,0.029962268086020878,0.902192189160504,0.9227403363609803,0.14,0.62,0.24,0.5
3719,0.9091033520439317,0.994104132482798,0.09428053567921935,0.03138714677519626,0.8958193439338528,0.9227384854652849,0.62,0.3,0.08,0.25
3720,0.905499513398391,0.9928047991679901,0.09429016850529982,0.0269152631789692,0.8983803764836922,0.9227381860300398,0.42,0.16,0.42,0.5
3721,0.9086488299966942,0.9931091303098645,0.09674326452354687,0.028375144638249482,0.898439721451432,0.9227377422420467,0.54,0.16,0.3,0.5
3722,0.9113254605919023,0.9949126263342284,0.10304750234257207,0.02940323587854419,0.904774998303402,0.922736910576382,0.44,0.32,0.24,0.5
3723,0.9049036128545026,0.9953752580765302,0.09480560978127978,0.028782969017119235,0.9004704890802653,0.922736235510465,0.02,0.64,0.34,0.5
3724,0.9085445020223483,0.9947314381778658,0.09443686219171327,0.03198447781615114,0.8973767779647731,0.9227339689126502,0.6,0.36,0.04,0.25
3725,0.9062768464452335,0.9937911960308919,0.09964523098324489,0.026970100113076847,0.906169457085886,0.9227315957609187,0.24,0.32,0.44,0.5
3726,0.897849065296611,0.9851894765398185,0.08192217868398544,0.021582065188497167,0.8903499088238276,0.9227314701705898,0.12,0.04,0.84,0.5
3727,0.9105741838494495,0.9939214944101847,0.1019522285199667,0.029010847046670188,0.9046022067754443,0.9227314460246784,0.5,0.24,0.26,0.5
3728,0.9058440481617519,0.9923788862693228,0.0850336284470321,0.031551178701406515,0.8864408080942936,0.9227304140489211,0.84,0.12,0.04,0.25
3729,0.9088971172962568,0.993707506179897,0.09369328571200367,0.03131493025607215,0.8953393290370961,0.9227290066879517,0.66,0.26,0.08,0.25
3730,0.9100513426899635,0.9935227103579026,0.09972230473817469,0.028936309419006552,0.901633551645896,0.922727805321401,0.54,0.2,0.26,0.5
3731,0.9082817466685608,0.9930494211603244,0.08955800345782079,0.0315382211333569,0.8895538348058692,0.922726390676723,0.8,0.16,0.04,0.5
3732,0.9051378452341167,0.9927098724660516,0.09393723483802145,0.026877994365137287,0.8983803764836922,0.9227247354685421,0.44,0.14,0.42,0.5
3733,0.9025482314205082,0.991607410948941,0.08227866520082769,0.031034025859987602,0.8877696877871739,0.9227236246133327,0.92,0.02,0.06,0.5
3734,0.90892350055628,0.9945735628481497,0.09604170778819972,0.031250968422748125,0.8988053565254913,0.9227219152794719,0.54,0.36,0.1,0.25
3735,0.8937405962806662,0.9880541228848091,0.07366744409064548,0.03090348807941174,0.8921871648427038,0.9227217431745365,0.94,0.0,0.06,0.75
3736,0.9086095721481295,0.9965023453365773,0.09858219354138054,0.031178835968754523,0.9022829686979392,0.9227200932074443,0.24,0.62,0.14,0.5
3737,0.9040232280906539,0.9910489134841366,0.0936408678925667,0.028325185534936095,0.9035827363701041,0.9227176356517162,0.14,0.5,0.36,0.25
3738,0.9035918092367751,0.9917619982796002,0.08505165712010362,0.030827981097272646,0.8905410695485428,0.922716685936487,0.88,0.04,0.08,0.5
3739,0.9083634982592087,0.9944603951722767,0.09247562288166523,0.03215676442816144,0.894335331978278,0.9227142311578144,0.66,0.32,0.02,0.25
3740,0.9078310777696413,0.9961325424843157,0.09804447874931062,0.03020558166256758,0.9018358719567464,0.9227138125089034,0.16,0.62,0.22,0.5
3741,0.9060672506729713,0.9959249561480251,0.09382910720259031,0.03059797049444173,0.897981893429122,0.9227132510091319,0.1,0.7,0.2,0.5
3742,0.9062148836427811,0.9958705757261231,0.09547240316928873,0.030317388104063196,0.9005259224751219,0.9227129496833916,0.1,0.68,0.22,0.5
3743,0.9057886664993925,0.9947791141641907,0.09784065986955601,0.031195261275224054,0.9081363648021223,0.9227040225814974,0.26,0.6,0.14,0.25
3744,0.9073605445841302,0.9963993099494646,0.09744815174808584,0.03101006001987154,0.9023512775777303,0.9227011464461923,0.18,0.66,0.16,0.5
3745,0.9075338611737519,0.9934902870338693,0.10052278513686426,0.02758823440122161,0.906242879161231,0.9226977416784861,0.36,0.26,0.38,0.5
3746,0.9110455106383029,0.9948462955199209,0.10302944938652639,0.02915992230199735,0.904774998303402,0.9226968476654974,0.42,0.32,0.26,0.5
3747,0.9072435622375317,0.9961023339929805,0.09751490721234746,0.0305234328667781,0.9023159314351518,0.9226942673025236,0.14,0.66,0.2,0.5
3748,0.9125897850850467,0.9958879690128009,0.10268408818228658,0.03028225186351135,0.901450025970096,0.9226928194404883,0.42,0.4,0.18,0.5
3749,0.9062791716347038,0.9925782097954835,0.08901936275647976,0.031415000348958284,0.8926027315232293,0.9226923339800526,0.76,0.18,0.06,0.25
3750,0.9083435284480347,0.996432087190063,0.09946350788475389,0.030654940001829334,0.9036941897965676,0.9226919101670881,0.22,0.6,0.18,0.5
3751,0.9066332721289158,0.9932058922404432,0.0997602079261351,0.02710160724812814,0.906169457085886,0.922691251137381,0.32,0.26,0.42,0.5
3752,0.9061159079583251,0.9923580109003105,0.08867834009619473,0.03109828069869983,0.892039158611723,0.9226875313763536,0.78,0.14,0.08,0.25
3753,0.8963170132326626,0.9867899957057362,0.08248571412360942,0.02517449840395176,0.8973925450573248,0.9226872392614044,0.02,0.38,0.6,0.25
3754,0.908863299821454,0.9931637247942049,0.09130153356494064,0.031294907556810185,0.8910378467614442,0.9226861902284822,0.78,0.16,0.06,0.5
3755,0.9100811357382947,0.9940152252166329,0.10200893907815166,0.02856148870740847,0.9046905583258649,0.9226843524045026,0.44,0.26,0.3,0.5
3756,0.8962077050003652,0.9853957785014775,0.08090593444848555,0.02246845458987413,0.8923320163856985,0.9226832717337475,0.12,0.1,0.78,0.25
3757,0.9044684923971682,0.9906408391220193,0.09667757402213033,0.027655637974857133,0.9077963570376193,0.9226797482267441,0.2,0.4,0.4,0.25
3758,0.9062841670970635,0.9924277838386306,0.08822007379759361,0.031134388958261917,0.8907444136834082,0.9226792693708431,0.76,0.16,0.08,0.25
3759,0.9062832513438236,0.9929403748999358,0.09504413609965721,0.02740189033206262,0.8983803764836922,0.9226787692809685,0.46,0.16,0.38,0.5
3760,0.8618562432655688,0.9912373084092654,0.04826365655308479,0.021169445484663978,0.8906267014457123,0.9226766377681237,0.0,0.12,0.88,1.0
3761,0.8941485700418393,0.9935627000755989,0.07847540869079907,0.03022314978284354,0.8938988220866786,0.9226759527903347,0.0,0.76,0.24,0.5
3762,0.873183204932115,0.9708648576902633,0.04194151230335564,0.03275594171779749,0.8916224210181433,0.9226751025808491,0.04,0.9,0.06,0.0
3763,0.9041224994638039,0.9909874347517708,0.09405437074962565,0.02804457414423982,0.9035827363701041,0.9226750058276911,0.14,0.48,0.38,0.25
3764,0.9073703115832298,0.9963218878466719,0.09749685870439356,0.03076674644332479,0.9019949603739728,0.9226736245083846,0.16,0.66,0.18,0.5
3765,0.9116728800695605,0.9944831885407388,0.10305523688944643,0.02977805659014198,0.9046022067754443,0.9226736061606589,0.54,0.26,0.2,0.5
3766,0.894732675564955,0.9855629669743556,0.08182710228268704,0.022612887628122236,0.8970147659763789,0.922673574151763,0.04,0.18,0.78,0.25
3767,0.9052911128521564,0.9947975463672372,0.09670803512576544,0.031267477794348214,0.9068213021249437,0.9226726250325928,0.22,0.64,0.14,0.25
3768,0.8951663648413156,0.9841333095927624,0.0763313600421098,0.021835015289357215,0.885924779721847,0.9226670448723022,0.16,0.02,0.82,0.25
3769,0.9048093919113794,0.9925608964254495,0.09220136691064193,0.02684072555130559,0.8953943638920536,0.9226642705497449,0.46,0.12,0.42,0.5
3770,0.9082673539942517,0.9941610616748021,0.092431012748738,0.03212065616859926,0.894335331978278,0.9226605812691279,0.68,0.3,0.02,0.25
3771,0.902824560356822,0.991717125084138,0.08507734342300875,0.03091773940088961,0.8919013838111184,0.9226584642714808,0.88,0.04,0.08,0.25
3772,0.9062346917557558,0.9931783067275224,0.09959312730979601,0.02689556248541316,0.906169457085886,0.9226569574263621,0.28,0.28,0.44,0.5
3773,0.9007583359727576,0.9943501273289052,0.08890476830438883,0.03297899971228856,0.9035001524278106,0.9226567491440522,0.36,0.64,0.0,0.25
3774,0.9060900068754532,0.9956644250352541,0.0953644442528229,0.029512909746759422,0.8993248056479592,0.9226564425556301,0.08,0.64,0.28,0.5
3775,0.8979335919038862,0.9853709329877707,0.08235592620370746,0.021619334002328957,0.8903499088238276,0.9226514397780585,0.1,0.06,0.84,0.5
3776,0.872246584884964,0.9710297656846288,0.04171602639042593,0.033036582108811795,0.8931064329737182,0.9226503879626669,0.04,0.92,0.04,0.0
3777,0.9055346984379007,0.9925546743439009,0.09324921101700095,0.02757066628094574,0.8968442560693939,0.9226500809769681,0.52,0.12,0.36,0.5
3778,0.8955541766513319,0.9850221853169698,0.0804930167291643,0.02169883693690902,0.8919708136172192,0.9226500602358746,0.08,0.08,0.84,0.25
3779,0.9089529363003999,0.9945058163675816,0.09441805942553634,0.03170386642545476,0.895783997791274,0.9226452865081414,0.6,0.34,0.06,0.25
3780,0.9057643257301493,0.993749736417784,0.09194752455673307,0.032322998797104735,0.898981763461203,0.9226439754014689,0.68,0.32,0.0,0.5
3781,0.9072669240465457,0.9933692589852509,0.10053851022262218,0.02734492082467481,0.9062248904807426,0.9226409334456195,0.34,0.26,0.4,0.5
3782,0.9051010649657537,0.9912960842465731,0.09709733991009169,0.028497472146946423,0.9075274944351638,0.9226379917082375,0.2,0.46,0.34,0.25
3783,0.9117105083422792,0.9947770591647802,0.10340283773591265,0.029815325403973744,0.9046905583258649,0.9226344778023963,0.52,0.28,0.2,0.5
3784,0.9044447729229753,0.9923576398587503,0.09215664647614842,0.026354098398212195,0.895376375211565,0.9226319270865782,0.42,0.12,0.46,0.5
3785,0.9047045414871571,0.9934878781178936,0.09776123133367605,0.026595279401478752,0.9048232199309155,0.9226310425459141,0.14,0.38,0.48,0.5
3786,0.9047684030238589,0.99459567692514,0.09561918486991734,0.030742363272517233,0.9049809729656114,0.922628680971132,0.2,0.62,0.18,0.25
3787,0.8976713184840658,0.985140533303857,0.08163704688937484,0.021338751611950472,0.8891330482540074,0.9226192099164852,0.1,0.04,0.86,0.5
3788,0.9076956909625001,0.9964225714011258,0.09886566251109141,0.03097279120603979,0.9037849693340027,0.9226186799540206,0.2,0.64,0.16,0.5
3789,0.9036153940879996,0.9918360296333655,0.08493970362025846,0.030709344529317246,0.8893741170812633,0.9226158534902258,0.84,0.06,0.1,0.25
3790,0.9045879417383594,0.9924790360947632,0.09226909441633237,0.02659741197475888,0.8953943638920536,0.922614677136227,0.44,0.12,0.44,0.5
3791,0.9086861501905716,0.9929428466075602,0.09508977842868083,0.029067816554057817,0.8954357201793048,0.9226119564087322,0.62,0.14,0.24,0.5
3792,0.904953051972806,0.9925717194223451,0.09295899034666076,0.027327352704399045,0.8968442560693939,0.9226105464988884,0.5,0.12,0.38,0.5
3793,0.904378064622284,0.9911633141596561,0.09483591396734022,0.028569688666070417,0.904660110922619,0.9226091348600416,0.16,0.5,0.34,0.25
3794,0.9046814698615656,0.9955599054819004,0.09307773221391372,0.029868029764801497,0.8979986557452667,0.9226080626531435,0.04,0.7,0.26,0.5
3795,0.9044979678434681,0.9919413369364932,0.09075981932944947,0.028226069382922374,0.8953293799483958,0.9226070357574743,0.62,0.08,0.3,0.5
3796,0.8975876925974642,0.9867103758952405,0.08406196097020611,0.024993957106141454,0.8971864613769291,0.9226068871050127,0.12,0.28,0.6,0.25
3797,0.9036345661207636,0.9929159575111062,0.09309052585118167,0.029447631097721562,0.9021715152714759,0.9226037165342229,0.14,0.58,0.28,0.25
3798,0.9084535647345129,0.9948410267297655,0.09497385825261918,0.03181219120414078,0.897376777964773,0.9226026390206774,0.54,0.4,0.06,0.25
3799,0.9057455286262219,0.9929258700290963,0.10009185027353373,0.026652248908866447,0.9076714577219496,0.9226024047641446,0.26,0.28,0.46,0.5
3800,0.9004583691307849,0.9908918772791798,0.08113204048678883,0.03180123540345947,0.8906604727692786,0.9226003576723139,0.96,0.04,0.0,0.5
3801,0.9044551186694028,0.991092770596557,0.09603670776595845,0.028289077275374063,0.9064501198826489,0.9225998173101768,0.16,0.48,0.36,0.25
3802,0.9110497771750184,0.9946107126708272,0.10248581047252708,0.029085384674333657,0.9032065463702899,0.9225992909677662,0.46,0.28,0.26,0.5
3803,0.9057044695934816,0.9957428917627472,0.09488062457387142,0.030074074527516436,0.899448547922607,0.92259848061551,0.08,0.68,0.24,0.5
3804,0.9084909419130712,0.9938639886766792,0.09286437012166986,0.03184004477790276,0.8942289917473689,0.9225982274319858,0.68,0.28,0.04,0.25
3805,0.909190857232185,0.994198091622514,0.09658837987952598,0.03117875190362411,0.8987700103829126,0.9225972067578064,0.58,0.32,0.1,0.25
3806,0.9083814299276014,0.9948076101560172,0.09477327477487692,0.032020586075713134,0.8973767779647731,0.9225921832759518,0.58,0.38,0.04,0.25
3807,0.8980018053873583,0.9854276224298436,0.08251581883652634,0.02186264757887572,0.8903499088238276,0.9225856092624134,0.12,0.06,0.82,0.5
3808,0.8958837924135697,0.9851320221812983,0.08016945257226869,0.02194334006804344,0.8904688129811555,0.9225845806534714,0.1,0.08,0.82,0.25
3809,0.9053314265361277,0.9919562984738683,0.09026637867894104,0.02919932368910924,0.8938453679928209,0.9225844418171972,0.7,0.08,0.22,0.5
3810,0.9116606392405511,0.9948855403003308,0.10356481723023254,0.02960928064125894,0.9043683609003421,0.9225819311782889,0.48,0.3,0.22,0.5
3811,0.9115642247035033,0.9950359434238569,0.10352150898358076,0.029683818268922576,0.9044186810996445,0.9225807039086008,0.44,0.34,0.22,0.5
3812,0.9018505946712458,0.9894581156070972,0.0928015610220627,0.026569300671633652,0.904625513525821,0.9225769922623278,0.18,0.34,0.48,0.25
3813,0.90446450106761,0.9956045389274314,0.09278952777813428,0.03014861215518006,0.8979986557452667,0.9225767087757631,0.04,0.72,0.24,0.5
3814,0.8934507192334316,0.9880462682203954,0.07195569316100116,0.03138773612333001,0.889147515624825,0.9225747117847256,0.98,0.0,0.02,0.75
3815,0.9086535712417769,0.994783503871265,0.09605698937198633,0.0317760829445788,0.8988787786008365,0.9225740087124948,0.56,0.38,0.06,0.25
3816,0.9080528957861106,0.994027692213057,0.09241207295010355,0.03208454790903727,0.8942289917473689,0.9225729738754129,0.7,0.28,0.02,0.25
3817,0.8945856176457256,0.9853990893338612,0.08128215881207133,0.02233227623742589,0.8953509917145496,0.9225686687173092,0.04,0.16,0.8,0.25
3818,0.8965123549818154,0.9858341355632421,0.0820558431724857,0.023310288761963182,0.89385410427404,0.9225685731135627,0.12,0.16,0.72,0.25
3819,0.9020915600198297,0.9900742158470458,0.09406091591290695,0.02692212858145413,0.9063246339302291,0.9225626263704443,0.14,0.4,0.46,0.25
3820,0.8936776295482168,0.9852941159681378,0.08030762142163234,0.02208777310629156,0.8950278202971881,0.9225621432488902,0.02,0.16,0.82,0.25
3821,0.8654549987757166,0.994024875151365,0.04394086564911974,0.03182937229489003,0.8857693977495161,0.9225611123159985,0.0,0.88,0.12,1.0
3822,0.8952539775219772,0.984430913465733,0.07773695537672991,0.021871123548919232,0.8874648117090286,0.9225561833198606,0.14,0.04,0.82,0.25
3823,0.8909391208428024,0.9875304091391943,0.07989348141318568,0.024611501975273228,0.9007913226799884,0.922555309743832,0.0,0.36,0.64,0.5
3824,0.8960068585481125,0.9864838921268703,0.08202758936535716,0.02457716736299698,0.8957527696206566,0.9225539640752679,0.04,0.32,0.64,0.25
3825,0.9090416920644642,0.9944732103769341,0.09576371571343989,0.03145936329432035,0.8972859984273378,0.92255294872974,0.58,0.34,0.08,0.25
3826,0.9014556548331238,0.9890292429384455,0.09165402093511672,0.026324797540499566,0.9031422861391382,0.9225517060073496,0.16,0.34,0.5,0.25
3827,0.9047563201607768,0.9945153664065091,0.09540270977253522,0.030461751881820997,0.9037798561384488,0.9225514257983713,0.2,0.6,0.2,0.25
3828,0.8963588282223908,0.9856885902299893,0.08286272496385592,0.02302967737126679,0.8953561049101035,0.9225492887874975,0.12,0.14,0.74,0.25
3829,0.9094752148332131,0.9932739127209327,0.09245829260464283,0.031051593980263435,0.8906815295576865,0.9225477379497483,0.76,0.16,0.08,0.5
3830,0.8966659670890736,0.9864541859687244,0.08273480600104732,0.02450495084387278,0.8956844607408655,0.9225473780990617,0.08,0.28,0.64,0.25
3831,0.9040102664417439,0.9924972685062001,0.0962161217891356,0.026389234638763717,0.9033903127435351,0.9225462658404797,0.1,0.4,0.5,0.5
3832,0.9112069835787062,0.9943770706545102,0.10252822854522431,0.029291429437048624,0.9031002061393809,0.9225420073306208,0.5,0.26,0.24,0.5
3833,0.9050824829921899,0.9956594416616835,0.09282703869182438,0.030111343341348247,0.8964966551092032,0.9225416690687998,0.06,0.7,0.24,0.5
3834,0.9047707046819506,0.9944286454313835,0.09616894573868348,0.030181140491124567,0.9048572306909637,0.9225393725037687,0.2,0.58,0.22,0.25
3835,0.9049990812613218,0.9954908289600473,0.09472886973564189,0.02930686498404445,0.8993931145277504,0.9225379687854318,0.04,0.66,0.3,0.5
3836,0.9034239996889061,0.991354052354946,0.09521444736708304,0.02614592106221703,0.9033903127435351,0.9225365882515059,0.08,0.4,0.52,0.5
3837,0.9047082884137968,0.991610076739843,0.09624484655696382,0.028814191797204774,0.9060938026788914,0.922534837509738,0.18,0.5,0.32,0.25
3838,0.9040757094669175,0.9941397239309225,0.09410880919526911,0.029972745619552297,0.9022598668218964,0.9225340398630916,0.16,0.6,0.24,0.25
3839,0.9088357617917274,0.9946718660282864,0.09477043306815257,0.03173997468501681,0.8958193439338529,0.9225314483327711,0.58,0.36,0.06,0.25
3840,0.8996894509901102,0.9908928362789048,0.08121834304568717,0.03193186018498911,0.8920549068100889,0.9225279645751381,0.94,0.06,0.0,0.25
3841,0.9056888247937739,0.9942811535570224,0.09971582946993614,0.029828312581304115,0.9094412456698416,0.9225274382710196,0.24,0.52,0.24,0.25
3842,0.9132024092033677,0.9960633175458384,0.10348727541410446,0.031012192593151508,0.901450025970096,0.9225251699627625,0.48,0.4,0.12,0.5
3843,0.9052773329755404,0.99426640322792,0.09853988197186062,0.02986442084086619,0.9080075539135692,0.9225188094855948,0.22,0.54,0.24,0.25
3844,0.9104613778727852,0.9941448100544636,0.1021127966802952,0.028804802283955228,0.9032065463702899,0.9225166312923646,0.46,0.26,0.28,0.5
3845,0.9091263044760668,0.9942650389366446,0.0959080040645758,0.031423255034758374,0.8972859984273378,0.9225126955713612,0.6,0.32,0.08,0.25
3846,0.9102826003475707,0.993558096306086,0.0997317883656366,0.029179622995553257,0.9000306355329928,0.9225106539822041,0.56,0.2,0.24,0.5
3847,0.896115652745716,0.9857178968049166,0.08199050362851235,0.02306578563082888,0.8939224131538311,0.9225101265943926,0.1,0.16,0.74,0.25
3848,0.904082585019436,0.9943135369227338,0.09391770957377109,0.030253357010248602,0.9019035496181389,0.9225077443141662,0.16,0.62,0.22,0.25
3849,0.9047844289543612,0.991237859263274,0.0964224786896095,0.028533580406508403,0.9060938026788914,0.9225067155291871,0.18,0.48,0.34,0.25
3850,0.8945410933487447,0.9852817003466989,0.08064653519760735,0.022051664846729473,0.8935438083416131,0.9225061500596312,0.04,0.14,0.82,0.25
3851,0.9117532547190423,0.994797848908817,0.10433334318108368,0.03005863898052048,0.905836241758171,0.9225051228583137,0.54,0.28,0.18,0.5
3852,0.905418404722242,0.9947057621018972,0.09753202016867794,0.03095075814408972,0.90670267304585,0.9225048426949699,0.24,0.6,0.16,0.25
3853,0.9055116365131443,0.9936271043279589,0.09893581519258994,0.026801324164193768,0.9047549110511244,0.9225036864390357,0.18,0.36,0.46,0.5
3854,0.8971943920981594,0.9852204014267816,0.08099150222524809,0.02113270684923551,0.8877181297471156,0.9225033482127828,0.06,0.06,0.88,0.5
3855,0.9088872370054738,0.994626695999576,0.09566413160299518,0.03149547155388247,0.8969650273661588,0.9225030016448078,0.56,0.36,0.08,0.25
3856,0.9084226324196272,0.9928999085365429,0.09893870767362267,0.029322796947435444,0.9030061547566564,0.9225004632478413,0.52,0.24,0.24,0.25
3857,0.9054724518438914,0.9912102138128703,0.09830215801977812,0.028144644237125746,0.9077963570376193,0.9224997851565524,0.24,0.4,0.36,0.25
3858,0.9023827863805426,0.9901337194966447,0.09459097781257184,0.025939876299502115,0.9049606222593899,0.9224978249970606,0.04,0.42,0.54,0.5
3859,0.8965242450115449,0.9857476629005454,0.08531172923333138,0.022292305224581435,0.898337004306188,0.9224957508006395,0.04,0.16,0.8,0.5
3860,0.9011599160578679,0.9887537445799676,0.09081824614174364,0.026044186149803073,0.9016402855030744,0.9224936354336707,0.16,0.32,0.52,0.25
3861,0.9038767272964775,0.9910991696363882,0.09391285221919804,0.02860579692563243,0.9032264191663466,0.922493175889752,0.14,0.52,0.34,0.25
3862,0.903986819285937,0.9955111763083776,0.09270619989493702,0.029905298578633364,0.8979986557452667,0.9224921059084837,0.02,0.72,0.26,0.5
3863,0.9054251925695478,0.9956011538867356,0.09444263197533512,0.029550178560591212,0.8978911138916869,0.9224909788656459,0.06,0.66,0.28,0.5
3864,0.8935816191193439,0.985131240139856,0.08057355596809493,0.02180716171559513,0.8950278202971881,0.9224882985338487,0.02,0.14,0.84,0.25
3865,0.9081828892727313,0.9948395596885197,0.09478929324644754,0.03226508920684761,0.8973767779647731,0.9224838909292398,0.6,0.38,0.02,0.25
3866,0.9114113764358324,0.9946375018714766,0.10311281696171662,0.029328698250880355,0.9032065463702899,0.9224822105802867,0.48,0.28,0.24,0.5
3867,0.9024649008261061,0.9916424144389008,0.08566189290935024,0.030673236269755363,0.892257701014876,0.922473042693251,0.86,0.04,0.1,0.25
3868,0.9039381726825534,0.9921719592453431,0.09212594057892166,0.026316829584380363,0.8953943638920536,0.922471106836411,0.44,0.1,0.46,0.5
3869,0.8962028958741072,0.9855237079231165,0.08134035913982164,0.02274906598057049,0.8920088449683371,0.9224710719488065,0.12,0.12,0.76,0.25
3870,0.8963820318344902,0.9864433858051556,0.08267619797776911,0.024541059103434907,0.8956844607408655,0.9224702665471469,0.06,0.3,0.64,0.25
3871,0.8979727504202789,0.9852471021482896,0.08204858169396861,0.021825378765043906,0.8888479081877639,0.9224667845391106,0.14,0.04,0.82,0.5
3872,0.9037072199304228,0.992196539321626,0.09155264469227621,0.026803456737473842,0.8953422554333303,0.9224657845493124,0.48,0.1,0.42,0.5
3873,0.9027006426521605,0.9902488251511287,0.09489937444413937,0.026220458689880755,0.9049606222593899,0.9224653467904449,0.04,0.44,0.52,0.5
3874,0.9047547225503485,0.9911307252940036,0.09687892347874143,0.02825296901581199,0.9064501198826489,0.9224596012445517,0.18,0.46,0.36,0.25
3875,0.8959416844855237,0.9855853664679307,0.08269170331364749,0.022785174240132468,0.8950329334927422,0.9224584334330794,0.1,0.14,0.76,0.25
3876,0.905730890177074,0.9926744465595463,0.09967498509404431,0.026577711281202947,0.9060793172760446,0.9224566680330484,0.3,0.24,0.46,0.5
3877,0.9052455737916784,0.9956312824614272,0.09422814584279099,0.029830760950969596,0.8979465472865434,0.9224556986655938,0.06,0.68,0.26,0.5
3878,0.9025257498313481,0.992482849260336,0.09500550516175689,0.026538309894090856,0.9036344723566974,0.9224548669823377,0.02,0.48,0.5,0.5
3879,0.9054818904582993,0.9926645797082098,0.0986743162486125,0.028741975278080742,0.9075274944351638,0.9224535938603832,0.22,0.46,0.32,0.25
3880,0.9057248232509276,0.9949490683237756,0.09382634097953808,0.032590063542905875,0.900558683960412,0.922453037742138,0.42,0.56,0.02,0.25
3881,0.9060846152568125,0.9925956887071367,0.08949901979627295,0.03165950348009256,0.8926027315232293,0.922449288510679,0.78,0.18,0.04,0.25
3882,0.9119557607578632,0.9953223075917181,0.10295849128144705,0.030001669473132816,0.9018063431738536,0.9224481509897375,0.42,0.38,0.2,0.5
3883,0.9050466106387518,0.9910002499564283,0.09810002471699569,0.02790014110599151,0.9077963570376193,0.9224477621854754,0.22,0.4,0.38,0.25
3884,0.9057158687173184,0.9928870019985783,0.09539865153837247,0.027158576755515855,0.8983803764836922,0.9224469197400521,0.44,0.16,0.4,0.5
3885,0.90041457775578,0.9908852441977491,0.08084481420142003,0.03176396658962799,0.8891255093960025,0.9224463105418756,0.98,0.02,0.0,0.5
3886,0.8733166297702464,0.9711696026861857,0.04287521017828758,0.03300163440351947,0.8916224210181433,0.9224422949857618,0.06,0.9,0.04,0.0
3887,0.901338427280065,0.9914864399836395,0.08452306012022565,0.030637128010193262,0.8922223548722974,0.9224422218751295,0.88,0.02,0.1,0.25
3888,0.9119601158365955,0.9949417844925315,0.10405317830091275,0.030095907794352367,0.9043683609003421,0.9224419741363469,0.52,0.3,0.18,0.5
3889,0.9044801259724151,0.991947798767973,0.08571990722522436,0.030745452788879503,0.8879074625877785,0.9224396994254527,0.82,0.08,0.1,0.25
3890,0.9037737262498451,0.9925451100341443,0.09560028345090477,0.026426503452595708,0.9019566209872627,0.9224376658692055,0.08,0.42,0.5,0.5
3891,0.8965128986322279,0.9850968388788901,0.08045912618922618,0.020889393272688808,0.8874115312229524,0.9224366499809159,0.04,0.06,0.9,0.5
3892,0.9045548354141671,0.9954055693178359,0.09456009782548518,0.029063551407497813,0.8990367973239929,0.9224358184992643,0.02,0.66,0.32,0.5
3893,0.9118303682136761,0.9948253002759431,0.10468700822547898,0.030301952557067267,0.9061925589619286,0.92243511331589,0.56,0.28,0.16,0.5
3894,0.903264820018705,0.9917009647971066,0.08597240875593187,0.030584667520726007,0.8908240092586037,0.9224348650567306,0.86,0.04,0.1,0.5
3895,0.9119413025372074,0.9950780423701149,0.10485587885628667,0.030170445422015985,0.9058523728559169,0.92243285267386,0.48,0.34,0.18,0.5
3896,0.90543428293373,0.9946083922339928,0.09862890851355333,0.030670146753393208,0.9080126225274746,0.9224311203035014,0.24,0.58,0.18,0.25
3897,0.9030342954257646,0.9902807547044702,0.09463357569295677,0.026183189876048892,0.9034586216233262,0.9224290790309252,0.06,0.42,0.52,0.5
3898,0.8954988783268136,0.9856363304533126,0.08444114930309114,0.022048991648034713,0.8980138328888265,0.9224228242004513,0.02,0.16,0.82,0.5
3899,0.8975941874406839,0.9854575198171014,0.08437903685380516,0.021656602816160803,0.8933539100959546,0.922422006551137,0.08,0.08,0.84,0.5
3900,0.8953309167118291,0.9850976009411715,0.08004102776318837,0.020926662086520643,0.8889135318590158,0.922420653751951,0.02,0.08,0.9,0.5
3901,0.9118148099610938,0.9950726822466524,0.10437716511428453,0.029927131845469336,0.904774998303402,0.9224192850032571,0.46,0.34,0.2,0.5
3902,0.9055975587568127,0.9928098596040386,0.09364793456029835,0.027364621518230832,0.8953943638920536,0.9224158946918842,0.48,0.14,0.38,0.5
3903,0.904698496955306,0.9924784024699449,0.09894616776082857,0.02624015938343667,0.9061882303352666,0.9224116830219833,0.18,0.32,0.5,0.5
3904,0.8952535370470016,0.9855456022293364,0.08247966291847833,0.022576779368560264,0.8954244137898946,0.9224076075099367,0.06,0.16,0.78,0.25
3905,0.9118109878144228,0.9949006045876766,0.10435519177989094,0.0298525942178057,0.9047246781040996,0.922406026370159,0.5,0.3,0.2,0.5
3906,0.9046592826324927,0.992740189415689,0.0964777577491821,0.02909480318790105,0.9050164281263765,0.922404720251311,0.18,0.52,0.3,0.25
3907,0.9039806716325364,0.9922555577630309,0.09225427211825331,0.026560143160927144,0.8953422554333303,0.9224028886598648,0.46,0.1,0.44,0.5
3908,0.9091805126514462,0.9931993333673246,0.09738805508644806,0.028861771791342937,0.8969377208153685,0.9224021047415613,0.58,0.16,0.26,0.5
3909,0.9010281940215404,0.9888799814812587,0.09108439940816092,0.02608029440936501,0.9017085943828657,0.9223992834385071,0.14,0.34,0.52,0.25
3910,0.9068333893340873,0.9930781112354284,0.0972269703473075,0.02768247272244112,0.899847030977177,0.922398519995485,0.46,0.18,0.36,0.5
3911,0.9050021223616592,0.9928423799697107,0.09690032998877103,0.029058694928339145,0.9049481192465854,0.9223979474982136,0.2,0.5,0.3,0.25
3912,0.8996616984022435,0.9908726516180277,0.08090195881107268,0.03189575192542689,0.8905882523166041,0.9223951237707949,0.96,0.04,0.0,0.25
3913,0.9049579999833094,0.9932914201742443,0.09677565107107373,0.029619917709731814,0.9050718615212331,0.9223943583315602,0.2,0.54,0.26,0.25
3914,0.9051155037853006,0.9946886085651507,0.0968599432863146,0.030986866403651583,0.905337290169369,0.9223932906970475,0.22,0.62,0.16,0.25
3915,0.9053093887690021,0.9911924095263105,0.09849166312691907,0.028180752496687923,0.9077963570376193,0.92238629432353,0.22,0.42,0.36,0.25
3916,0.9050332968871885,0.9931491856733753,0.09695598641008142,0.029339306319035436,0.9049481192465854,0.9223811393846791,0.2,0.52,0.28,0.25
3917,0.9112920783564253,0.9941561410928802,0.10197060112143551,0.029497474199763583,0.9012772344421384,0.9223806388863554,0.54,0.24,0.22,0.5
3918,0.8963655804246977,0.9856424212432322,0.08475425160677515,0.022011722834202885,0.8965298209332518,0.9223782581895713,0.04,0.14,0.82,0.5
3919,0.9026969755163593,0.9917165257093099,0.09119146859721837,0.026972232686356765,0.8967759471896027,0.9223762211491557,0.54,0.06,0.4,0.5
3920,0.9060043084400797,0.9929533499378808,0.09045442828381735,0.03197622313035117,0.8941595258265554,0.9223733482483171,0.76,0.22,0.02,0.25
3921,0.8974850933293312,0.9850961710040816,0.08165033164696954,0.02109543803540376,0.8876117895162067,0.9223733287589575,0.08,0.04,0.88,0.5
3922,0.8956551623101806,0.9864573769261424,0.08155114558469059,0.024613275622559033,0.8944065324656864,0.9223727933145474,0.02,0.34,0.64,0.25
3923,0.905971727698916,0.9948752824282732,0.09733829543455343,0.031475872665920224,0.9048623438865174,0.9223710925013063,0.26,0.62,0.12,0.25
3924,0.9059700638630334,0.9949183689159146,0.09360464581972534,0.032553955283343906,0.8990746720048371,0.9223705925746969,0.44,0.54,0.02,0.25
3925,0.8972062446523563,0.985901884897976,0.08718888885732572,0.022535618801128202,0.899894438337108,0.9223668026057273,0.06,0.16,0.78,0.5
3926,0.9121703487380344,0.9954031889435186,0.10315401845759907,0.03024498304967965,0.901450025970096,0.9223661320732072,0.44,0.38,0.18,0.5
3927,0.9057807556650493,0.995088140408885,0.09572809688831407,0.031548089185044544,0.9019949603739728,0.9223657838490328,0.22,0.66,0.12,0.25
3928,0.9032276735121182,0.9918836028697199,0.09105969118596825,0.027009501500188715,0.8952739465535392,0.9223657611873112,0.52,0.08,0.4,0.5
3929,0.9061072064052732,0.994873107553897,0.09391333235747057,0.032309452152209456,0.8990746720048371,0.9223647786518543,0.42,0.54,0.04,0.25
3930,0.9074165000688547,0.9932887429666789,0.09986079265191214,0.027550965587389793,0.9031124949875654,0.9223612085286841,0.38,0.24,0.38,0.5
3931,0.9045408868513056,0.992483619885115,0.09819817972989851,0.02627742819726866,0.9047545385789942,0.9223584988014248,0.16,0.34,0.5,0.5
3932,0.9016635069223916,0.9895526741216413,0.09344060559479796,0.026641517190757774,0.9047671998993089,0.9223574700798531,0.14,0.38,0.48,0.25
3933,0.8969090976277327,0.9865658866033515,0.08332600066321169,0.024785562234569233,0.8953267277498174,0.9223567074075961,0.08,0.3,0.62,0.25
3934,0.9054883336975114,0.994562648517947,0.0991289667710816,0.030389535362696746,0.9080126225274746,0.9223523099397101,0.24,0.56,0.2,0.25
3935,0.905534160476977,0.9948000038040322,0.09730541618733086,0.031231369534785988,0.9052689812895778,0.9223479137231576,0.24,0.62,0.14,0.25
3936,0.9015232161321187,0.9889923157407041,0.09244481704604433,0.02628868928093732,0.9031422861391382,0.9223454814437813,0.18,0.32,0.5,0.25
3937,0.9036323919990595,0.9920805574382268,0.09166448604145706,0.027046770314020495,0.8953422554333303,0.9223450055801182,0.5,0.1,0.4,0.5
3938,0.9051049285038603,0.9945362988588383,0.09800869800020812,0.030425643622258875,0.9066472396509934,0.9223445480894041,0.22,0.58,0.2,0.25
3939,0.9043896621206045,0.9954399762871334,0.09477369115931715,0.029344133797876214,0.8995006563813304,0.9223432599284178,0.02,0.68,0.3,0.5
3940,0.9048242287851654,0.9925918926665588,0.09322080167669994,0.027084039127852354,0.8953943638920536,0.9223305616364373,0.48,0.12,0.4,0.5
3941,0.9057041597820057,0.9916130393639933,0.09895939692748969,0.02842525562782227,0.9074400398338618,0.9223305124493851,0.24,0.42,0.34,0.25
3942,0.9081930311548831,0.9949081852521688,0.095516082431569,0.03205669433527513,0.897376777964773,0.9223291992721179,0.56,0.4,0.04,0.25
3943,0.9058804183905249,0.9945623802263572,0.09961603420473986,0.030353427103134826,0.907939245033778,0.9223255721775101,0.26,0.54,0.2,0.25
3944,0.9123495415905624,0.9954315193937259,0.10352223523718941,0.030488296626226406,0.9018063431738536,0.9223226794573736,0.46,0.38,0.16,0.5
3945,0.9092753500664377,0.9931968159930467,0.09759799556611791,0.02910508536788968,0.8969377208153685,0.9223209396268274,0.6,0.16,0.24,0.5
3946,0.9052789265764851,0.9927095956119644,0.09984674634171799,0.0264089353323197,0.9061314257347679,0.9223183629492725,0.24,0.28,0.48,0.5
3947,0.9071552288938893,0.9931951234726988,0.10046788601566287,0.0275136967735581,0.9045461867438378,0.9223161216612568,0.4,0.22,0.38,0.5
3948,0.904016888845725,0.9956583913286514,0.09211153949489995,0.03070977693593692,0.8965320012517818,0.9223138979060072,0.04,0.76,0.2,0.5
3949,0.9042232004197607,0.9901482700341379,0.09683604723268566,0.027375026584160835,0.9062563250504377,0.9223116670474054,0.2,0.38,0.42,0.25
3950,0.8613252651909588,0.9909526852825714,0.04331005955336014,0.02004734792569278,0.8785136890782034,0.9223114244986176,0.0,0.04,0.96,1.0
3951,0.9016250826403718,0.9915315871790231,0.08530358679888206,0.0320248482864501,0.8940764624971146,0.9223103502572845,0.84,0.16,0.0,0.5
3952,0.9044243842644685,0.994371967405974,0.09502304858902814,0.030217248750686623,0.9019215382986275,0.9223100351909851,0.18,0.6,0.22,0.25
3953,0.9056683825872373,0.9924810083233642,0.08697853910331088,0.0318317900921029,0.8879808400814753,0.9223067326128538,0.84,0.14,0.02,0.25
3954,0.9050641137301302,0.9946064827970406,0.09719605304552265,0.030706255012955336,0.9052135478947212,0.922306134975661,0.22,0.6,0.18,0.25
3955,0.9060117853831618,0.9925820172527248,0.09368987585916533,0.0280572934340392,0.8950413716244294,0.9223024014030097,0.56,0.12,0.32,0.5
3956,0.904987446934756,0.9934810480990194,0.09843903064265526,0.026558010587646928,0.903321219294852,0.922301471804363,0.16,0.36,0.48,0.5
3957,0.9061586459296842,0.9929818544922048,0.09928181976900768,0.027233114383179435,0.903964463640224,0.9222962408158979,0.4,0.2,0.4,0.5
3958,0.9083144495105511,0.9930758564444085,0.09689216996086829,0.028131831061702788,0.8961593308203004,0.922296076109828,0.52,0.16,0.32,0.5
3959,0.8957022881451698,0.9856391332441753,0.08305007507729374,0.022821282499694565,0.8951012423725332,0.9222942999942247,0.08,0.16,0.76,0.25
3960,0.9062274094995624,0.992990448385573,0.0999861071028666,0.02685829367158142,0.9046294250987044,0.9222896529631743,0.3,0.26,0.44,0.5
3961,0.9115924854070675,0.9947732459992072,0.10368745437167902,0.029572011827427122,0.9028502291665323,0.9222889892866113,0.5,0.28,0.22,0.5
3962,0.9063236494099594,0.994470978419241,0.10020450913021864,0.030036707452876468,0.9075829278300205,0.9222849295904259,0.28,0.5,0.22,0.25
3963,0.9061200187313274,0.9928360123257038,0.09983666903168123,0.026821024857749717,0.9046294250987044,0.9222848427993336,0.32,0.24,0.44,0.5
3964,0.9118730931234013,0.9949667812770282,0.10438065743207214,0.03058253494744584,0.9047426667845884,0.9222839467883777,0.56,0.3,0.14,0.5
3965,0.9080800748338446,0.9929279706951604,0.09685736853351247,0.028337875824417734,0.8968996894642506,0.9222834672578109,0.56,0.14,0.3,0.5
3966,0.9042662279442377,0.9956259508796231,0.0924712833992942,0.030429194545558473,0.8961756840480243,0.9222827023163467,0.04,0.74,0.22,0.5
3967,0.8949640697214921,0.9861496921393966,0.08047786239636091,0.024052052841166186,0.8926666261210706,0.9222802554911695,0.02,0.3,0.68,0.25
3968,0.9069968880679329,0.9930798751099225,0.10048395480817779,0.027270383197011375,0.9044386448902579,0.9222792271228708,0.38,0.22,0.4,0.5
3969,0.9059394153081309,0.9944619021718444,0.09979781175047298,0.030072815712438344,0.9075829278300205,0.9222784243294357,0.26,0.52,0.22,0.25
3970,0.9035888525566766,0.9917688482776353,0.09006718066261031,0.027945486992543785,0.893415628713718,0.9222773349394376,0.62,0.06,0.32,0.5
3971,0.9119667709914989,0.9950354582156627,0.10467354051527512,0.030376490184730962,0.9047246781040996,0.9222763541457323,0.52,0.32,0.16,0.5
3972,0.9044742244943867,0.9941786290655965,0.09622213906690859,0.02993663735999021,0.9037115472586575,0.9222746257538446,0.18,0.58,0.24,0.25
3973,0.909323909347684,0.9933193681662279,0.09822067810265005,0.02865572702862795,0.8970065915902364,0.9222744243197604,0.54,0.18,0.28,0.5
3974,0.9050226689212997,0.9905463348366262,0.09847156275727406,0.02786403284642948,0.9077963570376193,0.9222725108365397,0.24,0.38,0.38,0.25
3975,0.9131682414845907,0.9959996810640915,0.10507058855736738,0.030974923779319746,0.9028837177263684,0.9222710340970826,0.5,0.38,0.12,0.5
3976,0.9080317278770723,0.9920652077342963,0.0990713113577555,0.029078293816301164,0.9030061547566564,0.9222686260554643,0.5,0.24,0.26,0.25
3977,0.8912048195969209,0.9876022827435785,0.08083026676393675,0.02489208436565167,0.9004515783694288,0.9222684231700843,0.0,0.38,0.62,0.5
3978,0.9031793323176488,0.9955952971384157,0.09216267453290372,0.030747045749768696,0.8981100645900814,0.9222676681038787,0.02,0.78,0.2,0.5
3979,0.9090255604123049,0.9933506155739318,0.10029245819287183,0.02984791146926606,0.9030962945664975,0.9222668359362187,0.54,0.26,0.2,0.25
3980,0.9041229550037511,0.9924754683874532,0.09729830264619738,0.026351965824932214,0.9033399925442327,0.9222644567329752,0.12,0.38,0.5,0.5
3981,0.9085153325058726,0.99475171417205,0.09653882907667023,0.031323184941872244,0.8974450868445641,0.9222642649234515,0.5,0.4,0.1,0.25
3982,0.9058393330460126,0.9959710195306459,0.09344606386796447,0.030878552884820276,0.8950300006157182,0.9222634077722133,0.1,0.72,0.18,0.5
3983,0.9114615083954506,0.9941636646740555,0.1025755298967314,0.02974078777631033,0.901633551645896,0.9222628357516515,0.56,0.24,0.2,0.5
3984,0.9090772470317084,0.9934480853376408,0.10046417887243013,0.029884019728828076,0.9032406661485246,0.9222618483574243,0.52,0.28,0.2,0.25
3985,0.903757412003952,0.991205281814285,0.09369597861572421,0.028886408316328833,0.9017597646728617,0.9222597541709631,0.14,0.54,0.32,0.25
3986,0.9045865995246986,0.9930905839401841,0.09611624231453862,0.029375414578597377,0.903514427490313,0.9222583634290513,0.18,0.54,0.28,0.25
3987,0.910807441762963,0.9937820741168417,0.1017233990831318,0.02946020538593186,0.9012772344421384,0.9222579190556288,0.56,0.22,0.22,0.5
3988,0.9057310564576514,0.9934219697201316,0.09963705826508444,0.029547701190607737,0.9078838116389214,0.9222564659334713,0.24,0.5,0.26,0.25
3989,0.8963725205224207,0.9866073405081278,0.0816513931832825,0.02485777875369331,0.8925647875190632,0.9222564076046269,0.04,0.34,0.62,0.25
3990,0.9017046176963325,0.9889343133823411,0.09216677244116007,0.02625258102137507,0.9016421430858171,0.9222536284677277,0.2,0.3,0.5,0.25
3991,0.9047547090948579,0.9919933512549071,0.09933293175761303,0.026202890569604655,0.9061882303352666,0.9222516462443285,0.2,0.3,0.5,0.5
3992,0.8973059927511474,0.9850335448970449,0.08105641365775351,0.02085212445885702,0.885747756961123,0.9222506310090409,0.06,0.04,0.9,0.5
3993,0.9042551570029879,0.9910482113593381,0.09772068873226882,0.025922308179226347,0.9046481983480851,0.9222503163159049,0.2,0.28,0.52,0.5
3994,0.9058020028644761,0.9947008928949606,0.09952283164269596,0.03091464988452751,0.9080126225274746,0.9222484790625738,0.26,0.58,0.16,0.25
3995,0.9055655920002558,0.9944680728784078,0.09949166636556439,0.030108923972000504,0.9075829278300205,0.922248316176865,0.24,0.54,0.22,0.25
3996,0.9040723685652124,0.9931712883337022,0.09554406775057167,0.029692134228855933,0.9037115472586575,0.9222475185166247,0.16,0.58,0.26,0.25
3997,0.9052766489912788,0.9925237152069477,0.10002009899161816,0.02637166651848794,0.9061314257347679,0.9222472323740573,0.26,0.26,0.48,0.5
3998,0.9061396699884596,0.9928180853100125,0.09464058320199918,0.027607935094777523,0.8953943638920536,0.9222446813474195,0.5,0.14,0.36,0.5
3999,0.9054359290683774,0.9930275867915872,0.09874979143160677,0.02902258666877719,0.9063818110028578,0.9222445041784849,0.22,0.48,0.3,0.25
4000,0.9102960365885743,0.9934551579606122,0.09874392450811315,0.029628981334814838,0.8970278606252097,0.9222439934563288,0.62,0.18,0.2,0.5
4001,0.9041227564699996,0.9929866038241758,0.09490791316490278,0.029411522838159475,0.9021715152714759,0.9222436051048906,0.16,0.56,0.28,0.25
4002,0.9064974110302481,0.992829193723493,0.09464801648638363,0.027851248671324214,0.8949859382295728,0.9222415985647928,0.52,0.14,0.34,0.5
4003,0.9070280330358137,0.9947733944158313,0.09575457143819956,0.031503726239682464,0.8989632185783738,0.9222392275406708,0.4,0.5,0.1,0.25
4004,0.890343581921936,0.9873472344834016,0.07965353142727984,0.024330919584894677,0.8992159445502281,0.9222382165587604,0.0,0.34,0.66,0.5
4005,0.9015202737517741,0.9915273744302314,0.08430505559873017,0.03088163114132755,0.8903640370324762,0.9222381704898416,0.9,0.02,0.08,0.25
4006,0.8717571059519741,0.9708111965181552,0.04099511385377043,0.03307152981410426,0.890206086723961,0.9222367288175862,0.02,0.94,0.04,0.0
4007,0.9042125090811118,0.9918138499105608,0.09809471071117777,0.025996845806890028,0.9046862296992029,0.9222352449683294,0.16,0.32,0.52,0.5
4008,0.9037335017661331,0.990399579337054,0.09707387620782021,0.025678994602679476,0.9046481983480851,0.9222318183010967,0.18,0.28,0.54,0.5
4009,0.9048414967638223,0.9955319346565901,0.0947316416419674,0.029587447374422895,0.8979986557452667,0.9222307741921132,0.04,0.68,0.28,0.5
4010,0.9064456167197391,0.9916908382166779,0.09788663108017853,0.0281363895513258,0.9027561777838079,0.9222293480599892,0.4,0.26,0.34,0.25
4011,0.9052902520521354,0.9924197293826076,0.0998052471214644,0.02633439770465623,0.9056051360260107,0.9222262188706353,0.28,0.24,0.48,0.5
4012,0.9058183956790273,0.9925668673404036,0.09311415304690812,0.027813979857492465,0.8934839375935092,0.9222232781048266,0.54,0.12,0.34,0.5
4013,0.9058366567102688,0.9927989452738358,0.09987935427198012,0.02661498009503474,0.9046294250987044,0.9222231667308792,0.28,0.26,0.46,0.5
4014,0.9117605785387679,0.9951599797632792,0.1034784512251133,0.029964400659301102,0.9018063431738536,0.9222226721860718,0.44,0.36,0.2,0.5
4015,0.9119436401606881,0.9949612670286099,0.10405236531944377,0.03033922137089904,0.9032406661485246,0.9222223714627711,0.54,0.3,0.16,0.5
4016,0.9048608418355459,0.9956931036936948,0.09258139852366892,0.030391925731726752,0.8946736834119606,0.9222215405644343,0.06,0.72,0.22,0.5
4017,0.9048786468555147,0.9942342424871448,0.09682697594116044,0.029900529100428164,0.9036052070277483,0.9222210460608853,0.2,0.56,0.24,0.25
4018,0.9120226779809366,0.995057178417766,0.1047681198798282,0.030619803761277674,0.9047246781040996,0.9222204317215276,0.54,0.32,0.14,0.5
4019,0.8719839431854404,0.9707085806934221,0.0414370495013384,0.032790889423089845,0.890206086723961,0.9222180000186914,0.02,0.92,0.06,0.0
4020,0.901929192341852,0.9894224842006508,0.09259486018240816,0.026533192412071648,0.9016574896146712,0.9222168861730461,0.2,0.32,0.48,0.25
4021,0.9059784313801748,0.9914331070406038,0.0973427157154802,0.028028064772639756,0.9026678262333874,0.9222158858047458,0.46,0.2,0.34,0.25
4022,0.8952854417243621,0.9862975778886447,0.08179839128403647,0.02433266423186265,0.8943190778643842,0.9222095713422556,0.02,0.32,0.66,0.25
4023,0.9051900351892391,0.9944482307174325,0.09847835654916404,0.030145032231562462,0.9061845822163268,0.9222080787248482,0.22,0.56,0.22,0.25
4024,0.9087575897497339,0.9947262264710274,0.09692768565059777,0.03128707668231016,0.8973033558894277,0.9222068806599341,0.52,0.38,0.1,0.25
4025,0.9053632212969481,0.9958414632344736,0.09324919675438356,0.03063523930827349,0.8950300006157182,0.9222066073600729,0.08,0.72,0.2,0.5
4026,0.9030672344099129,0.9922082528182662,0.0859857501186092,0.032062117100282124,0.8911407701047788,0.9221998572847272,0.82,0.18,0.0,0.5
4027,0.9064620209175291,0.994782527746545,0.101038098427869,0.031123044756099852,0.9094792770209594,0.9221998353306169,0.3,0.56,0.14,0.25
4028,0.8958641716961698,0.9852770109522107,0.08153705583588734,0.022223951458739826,0.890791984398517,0.9221981892990879,0.1,0.1,0.8,0.25
4029,0.8943881129636038,0.9880896800829434,0.07652138570930603,0.030419240035493542,0.8921871648427038,0.9221947078838759,0.9,0.0,0.1,0.75
4030,0.9087927049855569,0.9931447445913157,0.09941477309698699,0.02956730007856979,0.9012212144105318,0.9221942053026053,0.54,0.24,0.22,0.25
4031,0.9061774448969616,0.9947040381857251,0.10012828375233901,0.030878541624965453,0.9080126225274746,0.9221941085666309,0.28,0.56,0.16,0.25
4032,0.9062085911286739,0.9945734600981792,0.1004439980444195,0.0303173188435727,0.907939245033778,0.9221940077665323,0.28,0.52,0.2,0.25
4033,0.9117630018802758,0.9949685965265076,0.1050524014428912,0.029889863031637546,0.9047246781040996,0.9221932034333192,0.48,0.32,0.2,0.5
4034,0.8959261955337355,0.9884091754079681,0.0813656178178086,0.027029503728066017,0.893575026843765,0.9221924335873437,0.62,0.0,0.38,0.75
4035,0.9066947080537895,0.9948059604481571,0.09520754663121941,0.03178433763037871,0.8986069013746163,0.9221923830874641,0.4,0.52,0.08,0.25
4036,0.9073266036375317,0.9924176515498703,0.09385707707432456,0.029030547740226086,0.8934595382932075,0.9221920220901836,0.64,0.12,0.24,0.5
4037,0.8980058652763954,0.9855547184350549,0.0847117156030145,0.02189991639270762,0.8918519094598911,0.9221901360874859,0.1,0.08,0.82,0.5
4038,0.9019077642810817,0.9915227278482309,0.08907120933530092,0.02738432221178676,0.8937719459174756,0.9221891475080188,0.62,0.02,0.36,0.5
4039,0.895142785547215,0.9853821127553973,0.08242941684488686,0.022296167977863837,0.8938669797589746,0.92218686376465,0.06,0.14,0.8,0.25
4040,0.9039672550663513,0.9917985373107863,0.09801651359726483,0.02603411462072171,0.9047545385789942,0.9221847273608281,0.14,0.34,0.52,0.5
4041,0.9119737170267059,0.9952179364549886,0.10352629294619241,0.030207714235847893,0.901450025970096,0.9221793927375869,0.46,0.36,0.18,0.5
4042,0.9123361265980158,0.9952920191837392,0.10498300665000541,0.03090038615165611,0.9043683609003421,0.9221781251473705,0.54,0.34,0.12,0.5
4043,0.9057842222681498,0.9946288537489572,0.09972337143640964,0.030634038493831103,0.907656305323717,0.9221771501561726,0.26,0.56,0.18,0.25
4044,0.9084752074043332,0.9929177299480978,0.09653691365851629,0.028824502977511098,0.8954357201793048,0.9221760138253347,0.6,0.14,0.26,0.5
4045,0.9039211533554312,0.9905035280572381,0.09749615683873754,0.02564172578884779,0.9045580585382437,0.9221757944427862,0.2,0.26,0.54,0.5
4046,0.9064920248012048,0.992198865466792,0.09410367395799916,0.028749965349847608,0.8953293799483958,0.9221742704329426,0.64,0.1,0.26,0.5
4047,0.9087134221364652,0.9929068955345388,0.09549736395985504,0.029311130130604574,0.8935953910199724,0.922172428917425,0.64,0.14,0.22,0.5
4048,0.9106992759053567,0.9936058978757083,0.10022732210822337,0.02966625014864671,0.8984945151186946,0.9221721025776151,0.6,0.2,0.2,0.5
4049,0.9068730291693244,0.9930064716726437,0.09697748665814437,0.027888517485156042,0.8980794926747913,0.9221653120899652,0.5,0.16,0.34,0.5
4050,0.9023836893755783,0.9898852301095865,0.0959535169073885,0.025304173891081545,0.9047545385789941,0.9221639047381154,0.08,0.34,0.58,0.5
4051,0.8961011501855068,0.9850214346713518,0.08104491550517158,0.02215173493961559,0.8892899837624535,0.9221620912950845,0.14,0.06,0.8,0.25
4052,0.904650797506241,0.9902708507489777,0.09849442530693497,0.02761952971529503,0.9077963570376193,0.9221619306876981,0.22,0.38,0.4,0.25
4053,0.9060875460337711,0.9948385664388045,0.09893649920061444,0.03143976440635825,0.9062960356427898,0.9221614618891706,0.28,0.6,0.12,0.25
4054,0.9060434732916499,0.9942775458913906,0.09979005226725852,0.029792204321742125,0.9063818110028579,0.922160181950079,0.26,0.5,0.24,0.25
4055,0.9103972479571011,0.9934411040479767,0.09801140207494412,0.029872294911361612,0.8951875314658773,0.9221588979871169,0.64,0.18,0.18,0.5
4056,0.8945417216200938,0.9849896678054636,0.08069390581799518,0.021490442065336807,0.8908602932783082,0.92215858268481,0.04,0.1,0.86,0.25
4057,0.9022276999445702,0.9915599804208789,0.08465587860555678,0.030790712283440835,0.888930345276204,0.9221571931319783,0.9,0.02,0.08,0.5
4058,0.9042211940554491,0.9915080717066014,0.09548385074958549,0.028850300056766764,0.9032264191663466,0.9221556562439419,0.16,0.52,0.32,0.25
4059,0.9019464887710428,0.9892268140067755,0.09458022913107927,0.02502359150070315,0.9032145065918127,0.9221553409142503,0.08,0.32,0.6,0.5
4060,0.912025869067571,0.9951003961970364,0.10466660180800925,0.030863117337824323,0.9043683609003421,0.9221550533422902,0.56,0.32,0.12,0.5
4061,0.9073386916961135,0.9924328414205134,0.09450295132688086,0.029760488469866217,0.8953853999800024,0.9221544581792057,0.7,0.12,0.18,0.5
4062,0.9085213806732718,0.994787596745091,0.09655416695805293,0.031567688073006445,0.8970204607610155,0.9221544416437866,0.52,0.4,0.08,0.25
4063,0.8980520911015702,0.9852474846065131,0.08321456118005938,0.022068692341590687,0.8891710796051254,0.9221540265450542,0.16,0.04,0.8,0.5
4064,0.9113822418628126,0.9940462214577421,0.10170082308103356,0.030190146115572053,0.9000974312315977,0.9221535366164637,0.62,0.22,0.16,0.5
4065,0.905447966510562,0.9936792898963237,0.09244429188772851,0.032285729983272726,0.897282581539763,0.9221477403789435,0.7,0.3,0.0,0.5
4066,0.9046399840949085,0.9917858762310845,0.0913406113652358,0.028675427722183924,0.8938453679928209,0.9221462669079432,0.68,0.06,0.26,0.5
4067,0.905136987746267,0.9958821408061392,0.0922820997633152,0.030915821698651934,0.8935459886601433,0.9221451658658211,0.08,0.74,0.18,0.5
4068,0.906238136153186,0.9948860883001737,0.09467569983620432,0.032517847023781805,0.8990746720048371,0.9221443529576744,0.46,0.52,0.02,0.25
4069,0.9028889570881405,0.9916354502742317,0.08914947971194277,0.027664904602165207,0.8919136280776544,0.9221429655031419,0.62,0.04,0.34,0.5
4070,0.9090368320668718,0.9932423627716489,0.09988219671812534,0.029603408338131788,0.9012379767266765,0.922142508901517,0.52,0.26,0.22,0.25
4071,0.8914415097363966,0.9890746498629213,0.07878479947494416,0.029419777523959648,0.8997684186119298,0.9221424697873679,0.0,0.7,0.3,0.25
4072,0.9049362439830505,0.9930918740231475,0.09145751155720498,0.03217392354177769,0.8968083041042781,0.9221420555305486,0.76,0.24,0.0,0.5
4073,0.904307239761314,0.9910099598286431,0.09788288123277969,0.025885039365394505,0.904121908639328,0.92214191485702,0.22,0.26,0.52,0.5
4074,0.9058038482088989,0.9927842805697089,0.09937302286586476,0.028705867018518696,0.9059733853403769,0.922140637488133,0.24,0.44,0.32,0.25
4075,0.909046188195329,0.9935045778422703,0.10084909492344457,0.02967562485725592,0.9028843489447671,0.9221381726803645,0.48,0.3,0.22,0.25
4076,0.904207292887158,0.9926067857039537,0.09532995287468857,0.02913091144746319,0.9021160818766193,0.9221380256616423,0.16,0.54,0.3,0.25
4077,0.9090090716920767,0.9933851681056877,0.10077412711897694,0.029639516597693837,0.9028843489447671,0.9221379790567601,0.5,0.28,0.22,0.25
4078,0.9081071356166929,0.9921404578168787,0.09969749418013453,0.02911440207586319,0.9031505263386835,0.9221362918046223,0.48,0.26,0.26,0.25
4079,0.9114206404039921,0.9950843386599755,0.10337704837424644,0.029721087082754432,0.901450025970096,0.9221338183929048,0.42,0.36,0.22,0.5
4080,0.8609694074593032,0.990865022432716,0.04295095327998323,0.01976682353595002,0.8770637969008631,0.9221337549709407,0.0,0.02,0.98,1.0
4081,0.9087257645337836,0.9947489627561725,0.09682066362056692,0.03153157981344447,0.8969650273661588,0.9221319736636019,0.54,0.38,0.08,0.25
4082,0.902072050725761,0.9915293894713201,0.08646602073277374,0.03054739870689416,0.8922553176095099,0.922131021675159,0.88,0.02,0.1,0.5
4083,0.9026135710495518,0.9895291557950538,0.094273640746372,0.026741587283643998,0.9031073817920116,0.9221296116979288,0.24,0.3,0.46,0.25
4084,0.8972027174901678,0.984727535505652,0.08124000450494955,0.02081485564502525,0.885747756961123,0.9221282276638441,0.08,0.02,0.9,0.5
4085,0.9028318174312511,0.9917634938625045,0.09126720631054147,0.027215546262903567,0.8952739465535392,0.9221279028511996,0.56,0.06,0.38,0.5
4086,0.9119082934789898,0.9949943753524467,0.10509793152468025,0.030133176608184212,0.9043683609003421,0.9221254102363096,0.5,0.32,0.18,0.5
4087,0.9005938174412,0.9942782080578674,0.09056549506465007,0.03294289145272611,0.9035001524278106,0.9221246428935815,0.38,0.62,0.0,0.25
4088,0.9060495362660318,0.9924690779101195,0.08916551672266593,0.031378892089396274,0.8896167189315909,0.9221242222293685,0.78,0.16,0.06,0.25
4089,0.9028969071916471,0.9899911710375324,0.09651805668046924,0.025547487467628305,0.9047545385789941,0.9221222067606168,0.1,0.34,0.56,0.5
4090,0.8953712855254551,0.9855105644893865,0.08471289153235946,0.02176840925765615,0.8965298209332518,0.9221207879168811,0.02,0.14,0.84,0.5
4091,0.9060765540712965,0.9928351303884567,0.09977094733072639,0.02866975875895658,0.9059380391977983,0.9221171797197693,0.26,0.42,0.32,0.25
4092,0.8971173160165367,0.9857358552164321,0.08649327451436452,0.022255036410749638,0.8968529923506132,0.9221158310154437,0.06,0.14,0.8,0.5
4093,0.9061770971379363,0.9946398194541451,0.10033988605697865,0.030597930234269117,0.9075829278300205,0.9221149839835985,0.28,0.54,0.18,0.25
4094,0.897293732867091,0.9847193040913462,0.08445408453718697,0.02227473710430556,0.8936087726335249,0.9221140861590735,0.2,0.02,0.78,0.5
4095,0.895871534257222,0.9854513862146941,0.08253429669406576,0.02250456284943615,0.8923320163856985,0.9221136939885808,0.1,0.12,0.78,0.25
4096,0.9045213555297446,0.992133485089712,0.09230543343340551,0.027533397467114022,0.8938402547972667,0.9221120699362513,0.54,0.1,0.36,0.5
4097,0.9013315092849996,0.9913025118280628,0.08483354974998977,0.031987579472618564,0.892574461861051,0.9221056946392798,0.86,0.14,0.0,0.5
4098,0.9067440001443577,0.9947876823700664,0.09592882407127026,0.031539834499244454,0.8989632185783738,0.9220986605325382,0.38,0.52,0.1,0.25
4099,0.9052840003851164,0.9933664847360466,0.09888773404855107,0.029583809450169758,0.9063818110028578,0.9220977138830183,0.22,0.52,0.26,0.25
4100,0.8997901047596865,0.9909239295616529,0.08068591908595485,0.03196796844455105,0.8879750397885344,0.9220972480745488,0.92,0.08,0.0,0.25
4101,0.9120287736828855,0.9951046317791548,0.1053727102973771,0.03041375899856274,0.9047246781040996,0.9220961394694301,0.5,0.34,0.16,0.5
4102,0.9054008090553645,0.9932150198628251,0.09913319194765348,0.029303198059473404,0.9063818110028578,0.9220953348524924,0.22,0.5,0.28,0.25
4103,0.9079748982611241,0.9949018090456644,0.09607279442671159,0.03209280259483723,0.897376777964773,0.922094948194183,0.54,0.42,0.04,0.25
4104,0.9128155965680423,0.9957178493115969,0.1047945716009593,0.030731610202773135,0.9018063431738536,0.9220896640505182,0.48,0.38,0.14,0.5
4105,0.9025203621770008,0.9916915289248132,0.09137944450303209,0.026728919109810123,0.8952739465535392,0.9220886118681486,0.52,0.06,0.42,0.5
4106,0.9029451299096857,0.9917995476854964,0.09125448003806486,0.026522874347095358,0.8937719459174756,0.922084210981969,0.48,0.08,0.44,0.5
4107,0.9027562517533679,0.9901014731308941,0.0948710505520643,0.025902607485670304,0.9019746096677514,0.9220837676175953,0.06,0.4,0.54,0.5
4108,0.9059461757583811,0.9928087864376798,0.09927004814316857,0.02678375604391797,0.9025127832034631,0.9220820557319105,0.34,0.22,0.44,0.5
4109,0.9112436136815139,0.9940165837995766,0.10217001781866564,0.029703518962478578,0.9001315510098322,0.9220745649264646,0.58,0.22,0.2,0.5
4110,0.9081990841563418,0.9948528144347177,0.09578865821199493,0.031848299463702906,0.8959430862085006,0.9220706860154742,0.52,0.42,0.06,0.25
4111,0.9022247311901116,0.9900170697384372,0.08794131023549652,0.02551235122707653,0.8891838017818261,0.9220705814064519,0.42,0.06,0.52,0.5
4112,0.9083159810350816,0.9929375835257365,0.09666995864306267,0.028581189400964366,0.894961538929271,0.9220703708111252,0.58,0.14,0.28,0.5
4113,0.9037243531204606,0.9917646012788536,0.09094078890195795,0.02818880056909041,0.8937719459174756,0.9220700628690925,0.64,0.06,0.3,0.5
4114,0.9072355821907833,0.9924250552560799,0.09381190494004328,0.0287872341636794,0.8923936875560597,0.9220676452396506,0.62,0.12,0.26,0.5
4115,0.9079843606045668,0.9949603308622118,0.09528256060689441,0.03230119746640949,0.8958747773287096,0.9220675993825727,0.58,0.4,0.02,0.25
4116,0.9090574275784714,0.9937519626671454,0.10089812769580371,0.030164631119524568,0.9028843489447671,0.92206670309908,0.52,0.3,0.18,0.25
4117,0.8981913733132204,0.9854693617512047,0.08453597589172197,0.022105961155422394,0.890673080241189,0.9220656594226014,0.14,0.06,0.8,0.5
4118,0.9060001450490444,0.9913520373138573,0.09736880171730966,0.027855778160629507,0.9015221428010812,0.9220653174248555,0.4,0.24,0.36,0.25
4119,0.8955355040450965,0.9851970971626326,0.08165830827883548,0.021979448327605493,0.8905371218609468,0.9220632871212932,0.08,0.1,0.82,0.25
4120,0.895074402123169,0.9851001696904347,0.08130832904044007,0.02173494519647115,0.8905371218609468,0.9220603007124415,0.06,0.1,0.84,0.25
4121,0.9020726373701449,0.9898386444146154,0.09521865716092794,0.025341442704913408,0.9033561929653005,0.9220584313798128,0.06,0.36,0.58,0.5
4122,0.9057402718874376,0.9932908664660698,0.09968914349470732,0.029267089799911522,0.9063818110028578,0.9220553586365317,0.24,0.48,0.28,0.25
4123,0.9120947113209695,0.9951399492273579,0.10543669980969948,0.030657072575109474,0.9047246781040996,0.9220540921923571,0.52,0.34,0.14,0.5
4124,0.8963192353772089,0.9853584260330248,0.08467951370151543,0.02145055805344595,0.8938463058699466,0.9220530258915062,0.04,0.1,0.86,0.5
4125,0.9064118749578387,0.9948513017268182,0.09452133705923084,0.03227334389264738,0.897517237973917,0.9220510818172232,0.44,0.52,0.04,0.25
4126,0.8945275337976104,0.9851272271826736,0.0807647472129566,0.021771053456033113,0.8905371218609468,0.922049921748063,0.04,0.12,0.84,0.25
4127,0.9021561568065156,0.9893987318324637,0.09420714327843713,0.026497084152509603,0.9031253704725001,0.922043609872374,0.22,0.3,0.48,0.25
4128,0.8916514211326072,0.9877849493578503,0.08139951687036683,0.025172666756030273,0.8993414305026481,0.9220429141037237,0.0,0.4,0.6,0.5
4129,0.8755412767660323,0.9731433097450607,0.04900512659236402,0.033212379383949296,0.8946084336097817,0.9220427780336584,0.1,0.88,0.02,0.0
4130,0.9043109771401627,0.992488557592032,0.09829798273372523,0.026314697011100254,0.9033399925442327,0.9220418338164017,0.14,0.36,0.5,0.5
4131,0.9008691761330945,0.9910591542311993,0.08358601602017281,0.03191304184495509,0.8908033161837886,0.9220396888731918,0.9,0.1,0.0,0.5
4132,0.9059397924388387,0.9924274527553923,0.09910003590745894,0.02838914736826007,0.9044360385617347,0.9220394058844469,0.26,0.4,0.34,0.25
4133,0.9091066339385142,0.9935842804235756,0.10131331794643209,0.029920127988390294,0.9032406661485246,0.9220388622942264,0.5,0.3,0.2,0.25
4134,0.8951276654883814,0.9852837153877876,0.08134093139170567,0.02201555658716749,0.8905371218609468,0.9220382822483704,0.06,0.12,0.82,0.25
4135,0.9064840672544543,0.9921870691993423,0.09395560083716317,0.028506651773300872,0.8938273793123321,0.9220362012201236,0.62,0.1,0.28,0.5
4136,0.8975885302325588,0.9855937462988604,0.08560182340377014,0.021937185206539412,0.8933539100959546,0.9220318052645475,0.08,0.1,0.82,0.5
4137,0.9038529548873524,0.991966465012619,0.09206202121397518,0.026073516007833687,0.8923903626199265,0.9220312231175976,0.42,0.1,0.48,0.5
4138,0.9065992354897255,0.9948310257326342,0.09494723733727566,0.032028840761513105,0.897517237973917,0.9220302603600787,0.42,0.52,0.06,0.25
4139,0.904118331514335,0.9905020324743337,0.0974816551004436,0.025567188161184296,0.9030560579021802,0.9220285153003289,0.24,0.22,0.54,0.5
4140,0.9090731206182393,0.9937947294882118,0.10108785660845697,0.030409134250658863,0.9032406661485246,0.9220276287962275,0.54,0.3,0.16,0.25
4141,0.9020755256554223,0.9905185638029252,0.09029267213979066,0.02830042147753611,0.8969322960612989,0.9220272443158153,0.62,0.08,0.3,0.25
4142,0.891455235887805,0.9892446154391694,0.07735115625239591,0.029981000305352373,0.8967824060202912,0.9220255980177183,0.0,0.74,0.26,0.25
4143,0.9041646726820178,0.9899536986941141,0.09602557952036633,0.027438988417484735,0.9031628151868681,0.9220219557287515,0.32,0.28,0.4,0.25
4144,0.9105741215265399,0.9936253632867916,0.09669882204218326,0.030602235641001715,0.8921835301937502,0.9220217411478305,0.7,0.18,0.12,0.5
4145,0.9040030943917989,0.9905119763881481,0.0973748868163986,0.02560445697501601,0.9030560579021802,0.9220187888026572,0.22,0.24,0.54,0.5
4146,0.9026974234805614,0.9897646073525185,0.09626577567208187,0.027094415193464453,0.9062563250504377,0.9220170524320306,0.2,0.36,0.44,0.25
4147,0.9043465446742889,0.9899346870954006,0.09790258037457554,0.02733891832459881,0.9062563250504377,0.922016118119916,0.22,0.36,0.42,0.25
4148,0.906178376023904,0.9921374352552457,0.09357077152725031,0.029479906079487753,0.8949112187299686,0.9220160120781521,0.7,0.1,0.2,0.5
4149,0.9035758946530874,0.9914811997351426,0.0972427887287605,0.026108652248385388,0.9033399925442327,0.9220158789759163,0.1,0.38,0.52,0.5
4150,0.9022741910057162,0.9902074540171619,0.09444199934649104,0.02625772750371261,0.9020249298670541,0.9220153685618405,0.02,0.46,0.52,0.5
4151,0.9077445383586111,0.9928558687575083,0.09825676155181493,0.03022859295284873,0.9010512419055321,0.9220128009915471,0.64,0.2,0.16,0.25
4152,0.8953535150076932,0.9844215004267663,0.0797193117954184,0.02211562668005362,0.88778798312639,0.9220122205412045,0.16,0.04,0.8,0.25
4153,0.9066639822183202,0.9928715837946673,0.09629026290275217,0.02809456224787093,0.896543372260493,0.9220090286690569,0.54,0.14,0.32,0.5
4154,0.911796603118783,0.9946150281695895,0.10365930051356916,0.030021370166688748,0.9012772344421384,0.9220087945354674,0.56,0.26,0.18,0.5
4155,0.9055899855138516,0.9926121144315918,0.0994486314205965,0.026540442467371247,0.902948933102379,0.9220082548160391,0.32,0.22,0.46,0.5
4156,0.9113286843798676,0.9940352443358907,0.10232951937667242,0.02994683253902535,0.9001315510098322,0.9220082000797584,0.6,0.22,0.18,0.5
4157,0.9029987865045073,0.9918627845840247,0.09144149178964867,0.02676618792364204,0.8937719459174756,0.9220071705945658,0.5,0.08,0.42,0.5
4158,0.9034293793563474,0.9919084455292608,0.09235694362551457,0.027252815076735493,0.8952739465535392,0.9220070286919387,0.54,0.08,0.38,0.5
4159,0.9061082547675321,0.9947706058957979,0.09981288637859424,0.031159153015661842,0.9065789307712022,0.9220031650881351,0.28,0.58,0.14,0.25
4160,0.905061082357674,0.9924939034446654,0.096529943725209,0.026428636025875734,0.8983270416606248,0.9220030850459906,0.38,0.16,0.46,0.5
4161,0.9023353876303184,0.9895774197395434,0.09518959392902493,0.026813803802768054,0.904625513525821,0.9220023844972189,0.2,0.34,0.46,0.25
4162,0.9078413237271927,0.9949699180052952,0.09612225960270288,0.03233730572597162,0.897376777964773,0.9220019189189015,0.56,0.42,0.02,0.25
4163,0.8955589431528216,0.9853505999102696,0.08276361011765879,0.022260059718301858,0.8924003252654898,0.9219977798019873,0.08,0.12,0.8,0.25
4164,0.9110618820192571,0.9938174029817083,0.10096954998978745,0.029909563725193468,0.898138197914937,0.9219963381850239,0.62,0.2,0.18,0.5
4165,0.9059175779322538,0.9914159049830379,0.0983594814485276,0.028000211198877724,0.9032529549967093,0.9219950129148226,0.32,0.32,0.36,0.25
4166,0.9061633799665108,0.9914164501287149,0.0971252948764011,0.027891886420191456,0.9001947912757181,0.9219878866639676,0.38,0.26,0.36,0.25
4167,0.8975970541370899,0.9857313028219047,0.08669762234241961,0.0222177675969179,0.8953863378571283,0.9219875628615437,0.08,0.12,0.8,0.5
4168,0.8715716939304892,0.9710502471787541,0.040824596965221935,0.03335217020511847,0.8887220747683859,0.9219874337125908,0.02,0.96,0.02,0.0
4169,0.905764389754247,0.9949296999543311,0.09693940066247252,0.03151198092548247,0.9019446401746702,0.9219872732400284,0.24,0.64,0.12,0.25
4170,0.8982615182344709,0.9856200103329937,0.0857170644146644,0.022143229969254313,0.8921750808772525,0.921986356407908,0.12,0.08,0.8,0.5
4171,0.90326324708665,0.9891038708128731,0.09744261249310576,0.025435681026132757,0.9056239092753914,0.9219850101709943,0.16,0.28,0.56,0.5
4172,0.8970893896936756,0.9856535867400296,0.08534544612712994,0.02197445402037116,0.8935231344525852,0.9219829439049073,0.06,0.12,0.82,0.5
4173,0.9017702725212218,0.9897466032743493,0.0944955512784859,0.025060860314534843,0.9017808148355402,0.9219823697668349,0.06,0.34,0.6,0.5
4174,0.9054894900587843,0.9927401380407037,0.09858315836933795,0.026709218416254194,0.9013966122670128,0.9219804291416189,0.38,0.18,0.44,0.5
4175,0.9049186572876842,0.9922608037198595,0.09730315594003261,0.026222591263160698,0.8998946116309491,0.9219786351287884,0.34,0.18,0.48,0.5
4176,0.9019893392401991,0.9901057657963295,0.09441512311747403,0.025977145113334026,0.902024929867054,0.9219785311176003,0.02,0.44,0.54,0.5
4177,0.8971111507177537,0.9845879725040165,0.08253722963804712,0.022031423527758883,0.8891710796051254,0.9219757079486408,0.18,0.02,0.8,0.5
4178,0.9037419745992923,0.9916334637748014,0.09766162070633187,0.026071383434553633,0.9033399925442327,0.9219751469650913,0.12,0.36,0.52,0.5
4179,0.9125139173797872,0.9954241956041598,0.10515464832556431,0.030937654965487914,0.9029017064068573,0.9219743115893482,0.52,0.36,0.12,0.5
4180,0.9012690485346369,0.9888330475780542,0.09351772562173755,0.024780277924156272,0.9013727616451895,0.9219720185611073,0.06,0.32,0.62,0.5
4181,0.8953931734895201,0.9843628701519167,0.08051448474916237,0.022324021551625856,0.8892899837624535,0.921969506250217,0.2,0.02,0.78,0.25
4182,0.902052527126594,0.989969211085498,0.09463740549710742,0.02565929390912355,0.9019746096677513,0.9219688893504859,0.04,0.4,0.56,0.5
4183,0.9079654691248934,0.9947529928383498,0.09771890140733451,0.03139540146099651,0.8989290988001392,0.9219671592987463,0.46,0.44,0.1,0.25
4184,0.9105674365490751,0.9936105044993869,0.10003283313337169,0.029422936572100006,0.8966883057375968,0.9219670907283324,0.58,0.2,0.22,0.5
4185,0.9039550640075086,0.9921122729291297,0.09238537863244085,0.027290083890567272,0.8938402547972667,0.9219645960623642,0.52,0.1,0.38,0.5
4186,0.9082191578081436,0.9928785022926829,0.09870292061285932,0.029531191819007804,0.8996811824233502,0.9219638188681605,0.56,0.22,0.22,0.25
4187,0.9048513634692922,0.992161387415042,0.09279136926728902,0.02777671104366075,0.893415628713718,0.9219626895955266,0.56,0.1,0.34,0.5
4188,0.9098663481507904,0.9934084580990072,0.09958647721547846,0.029142354181721446,0.8970278606252097,0.9219622980538508,0.58,0.18,0.24,0.5
4189,0.9055184287968836,0.9919662366793511,0.09297256800081019,0.028712696536015877,0.8938453679928209,0.9219585174739916,0.66,0.08,0.26,0.5
4190,0.9087966723007948,0.9932412382303049,0.10030605880692453,0.02981180320970415,0.9015775316142893,0.9219572458026135,0.56,0.24,0.2,0.25
4191,0.8954534405376565,0.9845307464787643,0.0806934406322966,0.02236012981118788,0.8892899837624535,0.9219539104087456,0.18,0.04,0.78,0.25
4192,0.9067854396957126,0.9923216288482462,0.10013377969479847,0.02852532572070842,0.9044366697801333,0.9219518100805982,0.34,0.34,0.32,0.25
4193,0.9035958463377836,0.9890942094614776,0.09740530528923537,0.025361143398469305,0.9045580585382437,0.9219491352421884,0.2,0.24,0.56,0.5
4194,0.8980469120596818,0.9852695416001865,0.08376994817193195,0.02231200591813734,0.8891710796051254,0.9219468678544395,0.18,0.04,0.78,0.5
4195,0.9037741804039083,0.9955404743208073,0.0926572310668713,0.030185880969011755,0.8950300006157184,0.9219454236153134,0.02,0.74,0.24,0.5
4196,0.9044126896616971,0.9909587874891544,0.09812243777842128,0.0258477705515628,0.9030560579021802,0.9219443287203238,0.24,0.24,0.52,0.5
4197,0.9062718316347538,0.9921668959551286,0.0933636937182712,0.029236592502941028,0.8934890507890634,0.9219435554161814,0.68,0.1,0.22,0.5
4198,0.8963353213633389,0.9852857475538714,0.08277743088143408,0.02243234633031207,0.890791984398517,0.9219412691297628,0.14,0.08,0.78,0.25
4199,0.9046580880274262,0.9957439991790963,0.09259993620556964,0.030672508122105244,0.8935459886601433,0.9219377292096108,0.06,0.74,0.2,0.5
4200,0.9044812224109015,0.9932122969886061,0.09629212096830285,0.02965602596929376,0.9021715152714759,0.9219367002888939,0.18,0.56,0.26,0.25
4201,0.8955545430653347,0.9855153709046744,0.08362676493231495,0.02254067110899812,0.8938669797589746,0.9219359974866606,0.08,0.14,0.78,0.25
4202,0.8979892634463177,0.9858495309338262,0.0871447028726746,0.022461081173464594,0.895318028977337,0.921935050651047,0.1,0.12,0.78,0.5
4203,0.9115390777695415,0.9943309416260749,0.10293059934004131,0.029984101352857034,0.9001315510098322,0.9219347839109558,0.58,0.24,0.18,0.5
4204,0.9058046641989392,0.9903498997263037,0.09729053175959373,0.027683491548619217,0.9016608145508046,0.921934194552521,0.34,0.28,0.38,0.25
4205,0.9045243679597502,0.9909337564546675,0.09828864102930072,0.025810501737731032,0.9030560579021802,0.9219335751961684,0.26,0.22,0.52,0.5
4206,0.9063816690024064,0.9917913105628591,0.09890112509728934,0.028244714330012063,0.9028966377929517,0.9219319175448514,0.34,0.32,0.34,0.25
4207,0.9082938451832105,0.9947490112769919,0.09743682326865982,0.03135929320143433,0.8974450868445641,0.9219310852869758,0.48,0.42,0.1,0.25
4208,0.9057246445431741,0.9927629884924828,0.09898520304594301,0.02674648723008609,0.9013966122670128,0.9219309437197055,0.36,0.2,0.44,0.5
4209,0.9054298902998663,0.9915488948407253,0.09924009508055709,0.028461363887384364,0.9059733853403769,0.9219303977336344,0.22,0.44,0.34,0.25
4210,0.9031744995868267,0.9889100758059599,0.09632449569793407,0.025117829821922594,0.9030560579021802,0.9219303295159765,0.18,0.24,0.58,0.5
4211,0.9001462215025557,0.9936241359954769,0.09045004126914628,0.03290678319316438,0.903482163747322,0.9219300895761139,0.4,0.6,0.0,0.25
4212,0.9064493050331709,0.9930868050246014,0.09982007834650895,0.0270643384342964,0.9016434125070658,0.9219294700505108,0.34,0.24,0.42,0.5
4213,0.9090179951551834,0.9936162413727414,0.10209020868647427,0.030373025991096817,0.9047426667845884,0.9219276220128759,0.56,0.28,0.16,0.25
4214,0.896722616147751,0.985920719538407,0.08824822791305122,0.022572887614959916,0.9000007785680173,0.9219273758818175,0.04,0.18,0.78,0.5
4215,0.905835220601167,0.9929021119525776,0.09901931479826384,0.026989800806632807,0.9013966122670128,0.9219264797696264,0.38,0.2,0.42,0.5
4216,0.9069270327174648,0.993006129172742,0.0999187476655644,0.028842045370966792,0.9033083438099174,0.9219264153386559,0.32,0.38,0.3,0.25
4217,0.9034692072573555,0.9891175850797727,0.09734919153414513,0.02539841221230103,0.9045580585382437,0.9219233871052768,0.18,0.26,0.56,0.5
4218,0.9037145410985794,0.9896998406210957,0.09696203765429391,0.02571626341651136,0.9031461977120215,0.9219206852205714,0.16,0.3,0.54,0.5
4219,0.8962990186192054,0.9855117632390425,0.08483627276783888,0.021731140443824386,0.8935231344525852,0.9219201381488079,0.04,0.12,0.84,0.5
4220,0.9024286300432691,0.9916204145285444,0.09057944565949856,0.0274215910256185,0.8937719459174756,0.921917421462874,0.6,0.04,0.36,0.5
4221,0.9064938492570386,0.9947112991836423,0.10062847398237403,0.030842433365403443,0.9064372443977143,0.9219167095639154,0.3,0.54,0.16,0.25
4222,0.9086529658105464,0.9933714966512757,0.10150378962237953,0.02943112172612165,0.9032406661485246,0.9219136870339809,0.46,0.3,0.24,0.25
4223,0.9042608926665823,0.9913079233265106,0.09822501278427707,0.02595957699305809,0.9031461977120215,0.9219127227901166,0.18,0.3,0.52,0.5
4224,0.9024516641996041,0.990138166287036,0.0932465390366771,0.027186230600550507,0.8999832925965953,0.9219112080826612,0.46,0.14,0.4,0.25
4225,0.9111582494728945,0.9938092857340366,0.1006128042781679,0.0301528773017402,0.8970105031631197,0.9219091489596847,0.64,0.2,0.16,0.5
4226,0.8996229687056104,0.9908702769520422,0.08103738694096939,0.03185964366586515,0.8876195971870556,0.9219059957461075,0.98,0.02,0.0,0.25
4227,0.8984065434811108,0.985807905779099,0.08685574601996182,0.02242381235963283,0.8937151128644341,0.9219043825577946,0.12,0.1,0.78,0.5
4228,0.9030984429039286,0.9896194958524746,0.09469736733148452,0.02698609041477828,0.9016574896146711,0.9218999781614201,0.26,0.3,0.44,0.25
4229,0.9027424970507789,0.9887702702002275,0.09608230498788999,0.02487451624537594,0.9030560579021802,0.9218983020968776,0.16,0.24,0.6,0.5
4230,0.9123268697501337,0.9953619205595224,0.10495940935992253,0.03045102781239462,0.9018063431738536,0.9218982110469286,0.48,0.36,0.16,0.5
4231,0.9052983055710161,0.9923731608126317,0.09879216063609118,0.026297128890824407,0.9014469324663152,0.921897687839303,0.3,0.22,0.48,0.5
4232,0.9072725370574728,0.992410578926899,0.09469145982105448,0.029273861316772808,0.8935270821401813,0.921895458114275,0.66,0.12,0.22,0.5
4233,0.9065281897846627,0.992823822183367,0.09951174108759278,0.028597542239832498,0.9029520266061597,0.9218923067304019,0.3,0.38,0.32,0.25
4234,0.8936509978366618,0.9849878240143258,0.08067288085504058,0.021526550324898776,0.8908602932783082,0.9218899338511553,0.02,0.12,0.86,0.25
4235,0.9089515247897084,0.9935513890163432,0.10132295276625088,0.030128522859962422,0.9028843489447671,0.9218894892622673,0.54,0.28,0.18,0.25
4236,0.9036089081780714,0.9917699385689893,0.09133216934640828,0.02843211414563722,0.8938453679928209,0.9218856520506267,0.66,0.06,0.28,0.5
4237,0.9025768372326701,0.9899012077300036,0.0966477499285828,0.027130523453026394,0.9062563250504377,0.9218839304892534,0.18,0.38,0.44,0.25
4238,0.9052243315476646,0.992664105916679,0.09704874734085907,0.026671949602422414,0.8983450303411133,0.921881930679855,0.4,0.16,0.44,0.5
4239,0.9027417617264869,0.9892287091728986,0.09081216458409148,0.024819679311268245,0.8922722430314906,0.9218808835867786,0.34,0.08,0.58,0.5
4240,0.9036637673038683,0.9903196512766467,0.09741258556065506,0.025753532230343178,0.9032525379429305,0.9218769213063227,0.14,0.32,0.54,0.5
4241,0.8957517910113334,0.9883895958302509,0.08161016234235213,0.02775587579394333,0.8932567409911253,0.9218735973683267,0.68,0.0,0.32,0.75
4242,0.898530570893796,0.9857061661832813,0.08626685167019167,0.02238654354580102,0.8921750808772525,0.9218726977985208,0.14,0.08,0.78,0.5
4243,0.9061728171099087,0.9914449775163656,0.09829805814256691,0.02792799467975353,0.901678803231293,0.9218719891069115,0.36,0.28,0.36,0.25
4244,0.902953421002849,0.9916439442717954,0.08999574711380484,0.027908218178711967,0.8919136280776544,0.9218707349050932,0.64,0.04,0.32,0.5
4245,0.906128163293695,0.9934198633457358,0.10063667282996579,0.029511592931045764,0.9063818110028579,0.9218687757895172,0.26,0.48,0.26,0.25
4246,0.9065619863864608,0.9946569444492331,0.10084804770895349,0.030561821974707012,0.9060809271939568,0.9218683166048672,0.3,0.52,0.18,0.25
4247,0.9024392749900368,0.989561579119087,0.09424883657251736,0.026777695543206095,0.9016574896146712,0.9218646378718885,0.22,0.32,0.46,0.25
4248,0.9089057586765182,0.9940341597528685,0.10158124092275465,0.030445242510221012,0.9032406661485246,0.9218637524807991,0.52,0.32,0.16,0.25
4249,0.905133926947755,0.9934462015881812,0.09284223388732374,0.032248461169441106,0.8969613280398407,0.9218630092117825,0.72,0.28,0.0,0.5
4250,0.9099762118473994,0.9933678033606684,0.0968762878942673,0.03032165325062332,0.8925398473975077,0.9218620924928634,0.7,0.16,0.14,0.5
4251,0.9009316071920395,0.9895814669467159,0.09395328464471017,0.02481754673798807,0.9014410705249807,0.9218601658643382,0.04,0.34,0.62,0.5
4252,0.9062060911917795,0.9915305996376397,0.09807454904218643,0.0280641730322018,0.9011658255973237,0.9218551234282213,0.44,0.22,0.34,0.25
4253,0.9057231337806461,0.9928524066543347,0.09916083037102565,0.026952531992800923,0.9014146009475015,0.921854717230567,0.4,0.18,0.42,0.5
4254,0.9004370691819027,0.9884278787567701,0.09135757903881767,0.02600807789024089,0.9001401424497537,0.9218544831121165,0.18,0.3,0.52,0.25
4255,0.9090673671323527,0.9937907878851757,0.10199902234798457,0.029956236247952368,0.9032406661485246,0.9218529842517784,0.48,0.32,0.2,0.25
4256,0.9063517987203334,0.9921836270753296,0.09412402403600914,0.028993278926394292,0.8938453679928209,0.9218527805499909,0.66,0.1,0.24,0.5
4257,0.9052556093601298,0.9925154581051494,0.09805705997266503,0.026465904839707555,0.8998946116309491,0.9218517254711691,0.36,0.18,0.46,0.5
4258,0.9022335431794971,0.9891488439041399,0.09288167259173909,0.026941727469416112,0.8999832925965953,0.9218515522475612,0.44,0.14,0.42,0.25
4259,0.9066608514762735,0.9925397499106817,0.09968274101566402,0.028561433980270536,0.9029700152866484,0.9218500742013239,0.32,0.36,0.32,0.25
4260,0.9030162403621322,0.9889768804117981,0.0964505912512034,0.025155098635754342,0.9030560579021802,0.9218490351908016,0.16,0.26,0.58,0.5
4261,0.9042847607849739,0.9919400982285151,0.09234288448725365,0.027982755806375666,0.893415628713718,0.9218477118133233,0.6,0.08,0.32,0.5
4262,0.902357175405464,0.9893780419842316,0.09433406218121884,0.02646097589294746,0.9016233698364365,0.9218461124769989,0.24,0.28,0.48,0.25
4263,0.9028400579013626,0.9890025964460886,0.09630526911076022,0.025192367449586094,0.9031243667819713,0.9218447615331863,0.14,0.28,0.58,0.5
4264,0.9035265159509046,0.9955700606039877,0.09238696093362037,0.030466463359390242,0.8946736834119607,0.9218439816394384,0.02,0.76,0.22,0.5
4265,0.908747255352512,0.9931505499646506,0.10017788098654949,0.029358905206997476,0.9001606021741616,0.921843841963964,0.5,0.26,0.24,0.25
4266,0.9010353007557043,0.9886119524748049,0.09394249850650693,0.024499695533777774,0.9016223661459077,0.9218397235682514,0.06,0.3,0.64,0.5
4267,0.9018441846385596,0.9896772356275796,0.09204060782770884,0.026905619209854164,0.8984812919605316,0.9218386049931255,0.46,0.12,0.42,0.25
4268,0.907063276952421,0.993304720587096,0.10032728798696325,0.029122656761663174,0.9033083438099174,0.9218380752240196,0.32,0.4,0.28,0.25
4269,0.9067813841548259,0.9947677089174621,0.10106034105255464,0.031086936496537876,0.9064372443977143,0.9218379203710031,0.32,0.54,0.14,0.25
4270,0.8958522775500127,0.9883809419993999,0.08157493661447385,0.0272716277500251,0.8921083723502801,0.9218372035645441,0.64,0.0,0.36,0.75
4271,0.9066911902107793,0.9931798651020753,0.10005537359197439,0.028878153630528803,0.9033083438099174,0.9218350794148402,0.3,0.4,0.3,0.25
4272,0.9029291420904265,0.9894665753546706,0.0948471545779711,0.02670547902408182,0.9016233698364365,0.921834034690564,0.26,0.28,0.46,0.25
4273,0.8978320718991137,0.9859935635591796,0.08940601427287445,0.022778932377674883,0.8995712669197466,0.9218314369826134,0.08,0.16,0.76,0.5
4274,0.8974631468967657,0.9847627730372113,0.08449928197836495,0.022518050680852338,0.8917506378428874,0.921831006551101,0.22,0.02,0.76,0.5
4275,0.9123982607691059,0.9953937416545617,0.1050914678262083,0.030694341388941324,0.9017560229745513,0.921830086752788,0.5,0.36,0.14,0.5
4276,0.908516274554568,0.9931988481591304,0.09934382869581479,0.030264701212410837,0.9000755309782258,0.9218285291940167,0.62,0.22,0.16,0.25
4277,0.9052048418411762,0.9923422273631711,0.09894890021323056,0.026259860076992648,0.9014469324663152,0.9218272369835683,0.32,0.2,0.48,0.5
4278,0.9035192158452894,0.9917567979894251,0.09172278935705892,0.027702173415997056,0.893415628713718,0.9218255914074726,0.6,0.06,0.34,0.5
4279,0.9024649390675442,0.9916375052736423,0.09159350769656659,0.026485605533263457,0.8937719459174756,0.921825478425986,0.5,0.06,0.44,0.5
4280,0.9050281181225925,0.9933198590827538,0.09282578103882072,0.03221119235560918,0.8969613280398407,0.9218245162397749,0.74,0.26,0.0,0.5
4281,0.897133474355017,0.9847465271252045,0.08101877541204318,0.02057154206847849,0.8830879007119208,0.9218238209672079,0.06,0.02,0.92,0.5
4282,0.898426834591139,0.9859230000169195,0.0876965768684798,0.02270439475001133,0.8949948575599757,0.921820966753655,0.12,0.12,0.76,0.5
4283,0.9010824787806064,0.9911695419495364,0.08460569268304075,0.031950310658786604,0.8908033161837886,0.9218185675694636,0.88,0.12,0.0,0.5
4284,0.9023494117178885,0.9916191929455614,0.09101082995291442,0.027178277449071815,0.8937719459174756,0.9218176642469561,0.58,0.04,0.38,0.5
4285,0.9075286353948552,0.9949338270781473,0.09565183971778972,0.03237341398553365,0.8959430862085006,0.9218161578517947,0.54,0.44,0.02,0.25
4286,0.9006211840647822,0.98808835574999,0.09153896267767918,0.025971969630678896,0.9001401424497537,0.9218136745226189,0.2,0.28,0.52,0.25
4287,0.9086806410240194,0.9932414351677483,0.10104079877368402,0.029395013466559462,0.901700634161343,0.9218122881496068,0.48,0.28,0.24,0.25
4288,0.9042433918668122,0.9919468226432531,0.09260277594101177,0.02773944222982887,0.893415628713718,0.9218099836930937,0.58,0.08,0.34,0.5
4289,0.9090704273390057,0.994065863827108,0.10179579526647073,0.030689745641355338,0.9032406661485246,0.9218071007669183,0.54,0.32,0.14,0.25
4290,0.8964575533080913,0.9854662164604402,0.08390806001007702,0.022712957721008457,0.8920088449683371,0.9218051852491119,0.14,0.1,0.76,0.25
4291,0.9037045609640733,0.9919284475235236,0.09240634631325112,0.027496128653282208,0.8937719459174756,0.9218043660601563,0.56,0.08,0.36,0.5
4292,0.8969682939953464,0.9845574386377747,0.08216783443678144,0.02178810995121215,0.8873078762005825,0.9218040379816091,0.16,0.02,0.82,0.5
4293,0.9019959476886031,0.9915452300917765,0.09099284363463811,0.026691650295978336,0.8937719459174756,0.9218030457951576,0.54,0.04,0.42,0.5
4294,0.9048132040963409,0.9900769672629233,0.09827263612157555,0.027583421455733028,0.904772313094863,0.9217991800338872,0.24,0.36,0.4,0.25
4295,0.9097049415086731,0.9932302839417803,0.09691021454966436,0.030078339674076575,0.8925398473975077,0.9217989570302226,0.68,0.16,0.16,0.5
4296,0.9005601454308966,0.9895496315808473,0.09063136636867616,0.0270417975623022,0.8983788633025057,0.9217982737874955,0.54,0.06,0.4,0.25
4297,0.9065395344509513,0.9917020008593094,0.09926839026607504,0.02820860607044992,0.902422456542918,0.9217960048607502,0.36,0.3,0.34,0.25
4298,0.9076964932194519,0.9948873955081321,0.09604589583950354,0.032128910854399305,0.8959430862085006,0.9217947505273727,0.52,0.44,0.04,0.25
4299,0.8979963218165978,0.9856830873982344,0.08611722093163278,0.022180498783086137,0.8921750808772525,0.921793344515044,0.1,0.1,0.8,0.5
4300,0.9062421916871967,0.9930002153411049,0.0999847040255279,0.027027069620464646,0.901502952497922,0.9217932314254441,0.36,0.22,0.42,0.5
4301,0.9026763585103095,0.989975501667027,0.09663883923497436,0.025584756281460123,0.9032878840855092,0.9217913893353686,0.08,0.36,0.56,0.5
4302,0.9014066284056356,0.9912577413825712,0.08902790558065879,0.026167754329053133,0.8906670291685089,0.9217891296621525,0.52,0.02,0.46,0.5
4303,0.8970592344061389,0.9854851167466857,0.08526179713311818,0.021693871629992676,0.8919202183396822,0.9217884418785522,0.06,0.1,0.84,0.5
4304,0.9069241031359427,0.9949015864207283,0.09510071541957248,0.032445630504657805,0.8959772059867354,0.9217796575968089,0.5,0.48,0.02,0.25
4305,0.9038368671209376,0.9916502691033144,0.09096034832212088,0.028638158908352116,0.892361356037246,0.9217795634373236,0.7,0.04,0.26,0.5
4306,0.9041103244155787,0.9911171622978939,0.09555627146444691,0.02774745338194329,0.9000000549127398,0.9217794774363606,0.46,0.18,0.36,0.25
4307,0.9036637025573334,0.9905761437447428,0.09591348017451647,0.02725844711967454,0.9014667094062248,0.9217790688754749,0.42,0.18,0.4,0.25
4308,0.9026841432545215,0.9892310581513915,0.09485745929996063,0.026424867633385443,0.9016233698364365,0.9217783564231776,0.26,0.26,0.48,0.25
4309,0.9018197132495333,0.9895025749485115,0.09403489980418288,0.0266054089311957,0.9017251672760637,0.9217762567987102,0.16,0.36,0.48,0.25
4310,0.8966312265432879,0.9856422328682862,0.08506538957430466,0.022993569111704804,0.8938894504166186,0.9217757234953536,0.14,0.12,0.74,0.25
4311,0.9021245280392517,0.9897093792433597,0.09587823792895499,0.02688602032189213,0.9048226332941656,0.9217753445501707,0.16,0.38,0.46,0.25
4312,0.9094861227569846,0.9932126394885079,0.0978281706766018,0.029348398944436367,0.8936295107982071,0.9217752362423408,0.62,0.16,0.22,0.5
4313,0.9089083275540524,0.9936982586825495,0.10204030783557227,0.029711733116818097,0.9028843489447671,0.9217749335699169,0.46,0.32,0.22,0.25
4314,0.9073347840473842,0.9947644665850588,0.09694346581383687,0.03146761798012053,0.8974792066227989,0.9217714911241276,0.42,0.48,0.1,0.25
4315,0.9065719269162904,0.9945648804756401,0.10074584783353555,0.03028121058401072,0.9049352437616507,0.9217712475817594,0.3,0.5,0.2,0.25
4316,0.8981052911343321,0.9859630411096011,0.08834385423013906,0.022741663563843054,0.8965522915908958,0.9217699064544378,0.1,0.14,0.76,0.5
4317,0.9048463488373768,0.9915274486385435,0.09930812692637243,0.026091084128109614,0.9030560579021802,0.9217689453593698,0.26,0.24,0.5,0.5
4318,0.9073893898987898,0.9948665658057734,0.09580000228538972,0.0321650191139613,0.8959772059867354,0.9217683412728644,0.5,0.46,0.04,0.25
4319,0.8953850398397023,0.9853587171579413,0.08467427222635507,0.02148782686727767,0.8938463058699466,0.9217668695062694,0.02,0.12,0.86,0.5
4320,0.9095959538290931,0.9932414208969191,0.09767832682827506,0.029835026097529808,0.8936855308298137,0.9217668161447351,0.66,0.16,0.18,0.5
4321,0.9006471950698168,0.9895582854116984,0.09402301006887744,0.024854815551819863,0.9015827568984686,0.9217650456859415,0.02,0.36,0.62,0.5
4322,0.9030718293599065,0.9897938054691434,0.09628381966766998,0.025510218653796542,0.9017125059557491,0.9217638139604675,0.12,0.32,0.56,0.5
4323,0.9061510193067586,0.9918816277869531,0.09929531482176576,0.02828082258957403,0.9029346691440698,0.9217610141583923,0.32,0.34,0.34,0.25
4324,0.9067324737537688,0.9948463925615597,0.09508768044425346,0.032237235633085407,0.8959772059867354,0.921759329776446,0.46,0.5,0.04,0.25
4325,0.9071073862554848,0.9932197577781328,0.10022826842288979,0.027307652010843085,0.9001594005514908,0.9217577940618021,0.36,0.24,0.4,0.5
4326,0.9089802485428299,0.9938418860163524,0.10191322226489817,0.030200739379086648,0.9028843489447671,0.9217569218586829,0.5,0.32,0.18,0.25
4327,0.9056125032693744,0.9903816808630213,0.09772949656995723,0.027719599808181318,0.9017129230095277,0.921755249590048,0.32,0.3,0.38,0.25
4328,0.9096519645631288,0.9932259513180229,0.0981225463943166,0.02959171252098309,0.8940418480335712,0.9217552345509855,0.64,0.16,0.2,0.5
4329,0.9075394164244185,0.9927153353394846,0.10009784513902599,0.029014331982977037,0.9018069743922522,0.9217551720333418,0.38,0.34,0.28,0.25
4330,0.9047344958983627,0.9916942774865247,0.09932271581789485,0.02616562175577304,0.9031461977120214,0.921754817786516,0.22,0.28,0.5,0.5
4331,0.9045193475139908,0.9917826852736664,0.09240262686406252,0.028918741298730587,0.8938453679928209,0.9217545016760449,0.7,0.06,0.24,0.5
4332,0.8967700063346868,0.9849692747904797,0.08022843925420729,0.020608810882310268,0.8816542089556484,0.9217537279958019,0.04,0.04,0.92,0.5
4333,0.9079251644335018,0.9948430760208443,0.09657582913240584,0.03188440772326499,0.8959430862085006,0.9217526981679869,0.5,0.44,0.06,0.25
4334,0.911603178342208,0.9946249035834235,0.1041956425143949,0.030507997319782224,0.9016155629654072,0.9217509166734792,0.6,0.26,0.14,0.5
4335,0.9115349175851069,0.9942977590939261,0.1033792155152778,0.0302274149294038,0.9001315510098322,0.9217504524942385,0.6,0.24,0.16,0.5
4336,0.9013594099334159,0.9897256850928493,0.09412874263460042,0.025098129128366665,0.9004205005729645,0.9217503109634132,0.04,0.36,0.6,0.5
4337,0.8936171258965194,0.9848715738393369,0.08048744712402997,0.02124593893420244,0.8893770658916254,0.9217494777778296,0.02,0.1,0.88,0.25
4338,0.9073244365219256,0.9924352560448207,0.09528684982965246,0.029517174893319568,0.8938833993439388,0.9217477211439936,0.68,0.12,0.2,0.5
4339,0.8765809859488506,0.9732231065138389,0.052674287211249914,0.03317743167865676,0.8974920175433944,0.9217474914691025,0.12,0.86,0.02,0.0
4340,0.910082005275653,0.9934105188067496,0.10020781475641301,0.029385667758268192,0.8966715434214522,0.9217459138837931,0.6,0.18,0.22,0.5
4341,0.9096569383666709,0.9933611189042524,0.09949269084408216,0.028899040605174658,0.8955399370967515,0.9217449094520257,0.56,0.18,0.26,0.5
4342,0.9089747336937487,0.9941042609202612,0.10206380140692173,0.03023684763864868,0.9028843489447671,0.9217439540313408,0.48,0.34,0.18,0.25
4343,0.9018792764947191,0.9912288115575358,0.08980568845690357,0.025961709566338153,0.8906670291685089,0.921743372867976,0.48,0.04,0.48,0.5
4344,0.9091626616611856,0.9938416348497577,0.10202353894542693,0.030653637381793265,0.9032406661485246,0.9217426454336376,0.56,0.3,0.14,0.25
4345,0.9031834486343687,0.9900811286367296,0.09722437022393736,0.02582806985800687,0.9032878840855092,0.9217417491719196,0.1,0.36,0.54,0.5
4346,0.9070662317687915,0.9925242888942831,0.09595338804557875,0.028300607010586003,0.8938956881921234,0.9217364492735111,0.58,0.12,0.3,0.5
4347,0.8954892198925859,0.9844178356778175,0.08190017538461893,0.022568524682760244,0.8904358502439431,0.9217297185444225,0.22,0.02,0.76,0.25
4348,0.8961835439766666,0.9850793685297344,0.08249355824640504,0.022396238070749974,0.8892899837624535,0.9217286089452035,0.16,0.06,0.78,0.25
4349,0.903399059271812,0.9901409576612353,0.09753510259942622,0.02579080104417496,0.9032525379429305,0.9217279001467757,0.12,0.34,0.54,0.5
4350,0.9017888589001003,0.9915082343940548,0.09070868024695747,0.027141008635240015,0.8937719459174756,0.9217274903581381,0.6,0.02,0.38,0.5
4351,0.9013792418816388,0.9890690870936835,0.09293194180492036,0.026360905800061417,0.9002419398893808,0.9217237551355109,0.14,0.36,0.5,0.25
4352,0.9025297815991266,0.989518355631485,0.09588883033567484,0.025266905077249817,0.9017125059557491,0.9217225147019888,0.1,0.32,0.58,0.5
4353,0.9033773282551673,0.9905928919899388,0.0917438560898439,0.028544924608670457,0.8953293799483958,0.9217208731029967,0.64,0.08,0.28,0.25
4354,0.9013925123377227,0.9910835801825264,0.08934941312369363,0.025924440752506446,0.8906670291685089,0.9217146659094924,0.5,0.02,0.48,0.5
4355,0.9038176248251683,0.9897240039891648,0.09520236111610128,0.02719448528635044,0.900121369200373,0.921713601516087,0.3,0.28,0.42,0.25
4356,0.8987441494119571,0.9875228427455313,0.0905684296937271,0.02576357475910655,0.9016241544053285,0.9217100545683466,0.16,0.3,0.54,0.25
4357,0.9038961469809188,0.9908628389958424,0.0956124931943627,0.027502950250809,0.9000000549127398,0.9217097541746937,0.44,0.18,0.38,0.25
4358,0.9028863649092037,0.988714474112065,0.09688217437279105,0.024837247431544217,0.9030560579021802,0.921709753284956,0.18,0.22,0.6,0.5
4359,0.9050183617592203,0.9921607366652287,0.09289755387686191,0.028020024620207456,0.8919136280776544,0.9217080902573843,0.58,0.1,0.32,0.5
4360,0.9063084473645628,0.9928529974666652,0.09991482586301845,0.02863365049939446,0.9029520266061597,0.9217072329636413,0.28,0.4,0.32,0.25
4361,0.9070118413249244,0.9917930373331971,0.09940878014164789,0.028553179294470557,0.9015221428010813,0.9217068827324896,0.48,0.22,0.3,0.25
4362,0.9075691067098809,0.9948239131513409,0.09635546407212008,0.03192051598282709,0.8959772059867354,0.9217044866512298,0.48,0.46,0.06,0.25
4363,0.9045143243072756,0.9908755971171829,0.09747064369726612,0.025773232923899145,0.8999637050796324,0.9217014631780649,0.28,0.2,0.52,0.5
4364,0.9076517809455404,0.9947635190019973,0.09754294548865686,0.031431509720558366,0.8974792066227989,0.9217006964372324,0.44,0.46,0.1,0.25
4365,0.9028720699163508,0.9896909070819915,0.09087383287756474,0.025062992887814953,0.8907882310759155,0.9217002475132212,0.36,0.08,0.56,0.5
4366,0.9026694723538412,0.9903215264636088,0.09336713666383621,0.02743073373168488,0.8984812919605316,0.9216950567140527,0.48,0.14,0.38,0.25
4367,0.9050819553518549,0.9921449388572601,0.09382968611247303,0.02826333819675424,0.8938273793123321,0.9216942421231179,0.6,0.1,0.3,0.5
4368,0.8986891725727145,0.9858791343420016,0.08757836941797144,0.022667125936179533,0.8933919414470727,0.9216942121032498,0.14,0.1,0.76,0.5
4369,0.9089567337046692,0.993440122214925,0.10115913814674472,0.03009241460040044,0.9013113542203731,0.9216929012676335,0.56,0.26,0.18,0.25
4370,0.9020778141409971,0.9888753463159214,0.09513786076019035,0.02498632268687132,0.9012383247057152,0.9216921463742682,0.1,0.3,0.6,0.5
4371,0.903959486076162,0.9897243122390764,0.09545267257688955,0.027158377026788482,0.900121369200373,0.9216912031601531,0.32,0.26,0.42,0.25
4372,0.903216993418922,0.9891639652748027,0.09638546142525245,0.025472949839964662,0.9017125059557491,0.9216910132998652,0.14,0.3,0.56,0.5
4373,0.9063782364186319,0.9916168753628929,0.09885083596188825,0.02810028129176385,0.9011658255973237,0.9216884976452804,0.42,0.24,0.34,0.25
4374,0.9072483429647685,0.9925873374178654,0.10090220443620523,0.028769828851842736,0.9032909863478272,0.9216880636929404,0.36,0.34,0.3,0.25
4375,0.9042194260184903,0.990608059027255,0.09724851165118949,0.025529919347352388,0.8999637050796325,0.921685619453509,0.26,0.2,0.54,0.5
4376,0.9077797251355977,0.9928839537494526,0.09796671321075466,0.030473096083983072,0.8985394105639275,0.9216855847066203,0.66,0.2,0.14,0.25
4377,0.8999524970120261,0.9878536006089922,0.09054943619460773,0.025799683018668605,0.8987225817912272,0.9216851953492565,0.14,0.32,0.54,0.25
4378,0.9040406885863665,0.9899538528190699,0.0962858765514814,0.02747509667704689,0.9017129230095277,0.9216849722930964,0.3,0.3,0.4,0.25
4379,0.9080414199831353,0.9928329212640904,0.1007555057320397,0.029258835114111332,0.9018069743922522,0.921684749628195,0.4,0.34,0.26,0.25
4380,0.8961988517026406,0.9883138862269669,0.08377938228330876,0.02872437188177977,0.896637146719288,0.9216838162066003,0.76,0.0,0.24,0.75
4381,0.9117997216416961,0.9948506395603416,0.1047889274160279,0.030545266133613986,0.9017386655124612,0.921683565842071,0.58,0.28,0.14,0.5
4382,0.9055524944863623,0.9925744936715494,0.09899439792499576,0.026503173653539353,0.8999629205107404,0.9216819803501082,0.34,0.2,0.46,0.5
4383,0.8967313148428732,0.9844548199588758,0.0819670482654483,0.021301482798118693,0.8860355822359057,0.9216819674126817,0.12,0.02,0.86,0.5
4384,0.9025617429510603,0.988855190196703,0.09666332088018531,0.02491178505920765,0.9030560579021802,0.9216817143543686,0.14,0.26,0.6,0.5
4385,0.9105069268420938,0.9936116347490628,0.09833525862742581,0.03011560848790832,0.8925398473975077,0.921678120683768,0.66,0.18,0.16,0.5
4386,0.90780175525867,0.991943386227572,0.09932171292947164,0.02904218555673919,0.9000554883075964,0.9216737321073392,0.52,0.22,0.26,0.25
4387,0.9082790558042032,0.9948264704839407,0.0974078357927708,0.031603796332568594,0.8959430862085006,0.9216724306502221,0.5,0.42,0.08,0.25
4388,0.9013596025808089,0.9897949528438144,0.09424261040063348,0.02541598033257686,0.9004726090316879,0.9216721496559678,0.02,0.4,0.58,0.5
4389,0.9069938726084135,0.9947875510784374,0.09675182699743645,0.03174822937081682,0.8974792066227989,0.9216718533623164,0.42,0.5,0.08,0.25
4390,0.9029772952433552,0.9900596538928893,0.09649817695162778,0.02586533867183854,0.9019063007879603,0.9216715257721785,0.08,0.38,0.54,0.5
4391,0.9109480786220149,0.9938168663985288,0.10027835764962072,0.030396190878286943,0.8955085025270562,0.9216697728918652,0.66,0.2,0.14,0.5
4392,0.9078544114740016,0.9929291294864947,0.0982574660106721,0.02998408982171438,0.898145062009052,0.921669522413407,0.62,0.2,0.18,0.25
4393,0.90220348376565,0.9901378580371244,0.09290242769823595,0.027394625472122843,0.8984812919605316,0.9216690181895608,0.5,0.12,0.38,0.25
4394,0.9023282597650059,0.9886286150950255,0.09637817485423202,0.024631202668829122,0.9027163135916207,0.9216651137163069,0.14,0.24,0.62,0.5
4395,0.8682331570839212,0.9720874310687552,0.04105275821884691,0.03359786289084041,0.8929755912891986,0.9216645057612726,0.04,0.96,0.0,0.0
4396,0.9019980179916487,0.9915251710141968,0.08985048274667272,0.027627635788333483,0.8919136280776544,0.9216643289275848,0.64,0.02,0.34,0.5
4397,0.8989469147578274,0.9858441137270467,0.08795884933932614,0.022873170698894465,0.8937151128644341,0.9216637651274623,0.18,0.08,0.74,0.5
4398,0.9047405884920828,0.9915915417868261,0.09962617561604416,0.026128352941941123,0.9031461977120214,0.9216611289832638,0.24,0.26,0.5,0.5
4399,0.9014300225298695,0.9913664108930678,0.08939179846365174,0.026411067905599852,0.8906670291685089,0.9216587883191462,0.54,0.02,0.44,0.5
4400,0.9044429456622224,0.9911424045406536,0.09710332544076856,0.027783561641505364,0.9015221428010812,0.921657756258181,0.44,0.2,0.36,0.25
4401,0.8976852544236332,0.9858813720080265,0.08782249399602701,0.022498349987296308,0.8953863378571283,0.9216558474960902,0.08,0.14,0.78,0.5
4402,0.9054395588860346,0.9903914107143971,0.09787895062935091,0.0277557080677434,0.9017129230095277,0.9216544807747744,0.3,0.32,0.38,0.25
4403,0.897710565117678,0.9848971699986617,0.08544185562658638,0.022761364257398987,0.8920738092602489,0.9216532352932949,0.24,0.02,0.74,0.5
4404,0.9057514541379214,0.9914965722723998,0.09861587025462704,0.028036319458439603,0.9017509543606458,0.9216507759507854,0.3,0.34,0.36,0.25
4405,0.9031154862058,0.9914421033713566,0.09182119894307651,0.029033930870939095,0.8953293799483958,0.9216495845127841,0.68,0.08,0.24,0.25
4406,0.9070615696343863,0.9948495892273095,0.09584179957120127,0.03220112737352343,0.8959772059867354,0.9216481669074688,0.48,0.48,0.04,0.25
4407,0.9036063180159698,0.9895523144967444,0.09531625037871036,0.026913873895654156,0.900121369200373,0.9216477168327285,0.3,0.26,0.44,0.25
4408,0.901770227573124,0.9899915706207512,0.09469388669237774,0.025696562722955407,0.9005229292309905,0.9216460505583884,0.02,0.42,0.56,0.5
4409,0.9077206164013865,0.9920721718989653,0.10032964860394182,0.028869898944728852,0.9016104943515019,0.9216455877700325,0.46,0.26,0.28,0.25
4410,0.9062227258754664,0.994816212611883,0.10088312039737334,0.03140365614679615,0.9062960356427898,0.9216442082701426,0.3,0.58,0.12,0.25
4411,0.9053671836414815,0.9920403536580918,0.09372444849672502,0.03017257799529611,0.8953680425179124,0.9216437395085302,0.78,0.08,0.14,0.5
4412,0.906315866506946,0.9915700841679809,0.09804259599804557,0.02827256790377408,0.8996991711038389,0.9216415212536498,0.48,0.2,0.32,0.25
4413,0.9060826429356174,0.992251893014082,0.09979154869756633,0.028353039108698172,0.9029520266061597,0.9216410185162601,0.28,0.38,0.34,0.25
4414,0.8968073216849012,0.9854692647095659,0.08629566883113012,0.023165855723715052,0.8953914510526821,0.921638466030491,0.2,0.08,0.72,0.25
4415,0.9065705806409359,0.9916836285937458,0.09834356361624072,0.028308676163336204,0.8996638249612601,0.9216356026863647,0.46,0.22,0.32,0.25
4416,0.8916343486706473,0.9885942309590547,0.08212180040118101,0.026894275007692044,0.8995332229108187,0.9216352248426053,0.0,0.52,0.48,0.25
4417,0.9083977514212543,0.9931779956234449,0.10005638060325933,0.030020198081276518,0.9000755309782258,0.9216331459792474,0.6,0.22,0.18,0.25
4418,0.9070372821264525,0.9945850565740196,0.10096551225546256,0.030245102324448818,0.9034332431255871,0.9216324203616331,0.32,0.48,0.2,0.25
4419,0.908288701859721,0.9925004680261158,0.1018271854653921,0.029186618594987307,0.9032406661485246,0.9216293418653946,0.44,0.3,0.26,0.25
4420,0.899270967986226,0.985836241937638,0.08950841538764034,0.02356584261470271,0.8967436833659945,0.9216284412689566,0.26,0.06,0.68,0.5
4421,0.9072693521865962,0.9923882422249726,0.10029001741226845,0.028733720592280736,0.9018069743922522,0.9216257618758369,0.38,0.32,0.3,0.25
4422,0.8966510787286973,0.9844457950864645,0.08147774765224325,0.021058169221571946,0.8845523548492229,0.921623903768509,0.1,0.02,0.88,0.5
4423,0.9068679310665144,0.9918329243009228,0.09954902120191551,0.028380892682460173,0.9012541771477444,0.9216234901580915,0.42,0.26,0.32,0.25
4424,0.9077544049027729,0.9925341814331123,0.10070913086707334,0.028978223723414978,0.9018069743922522,0.9216233373651206,0.4,0.32,0.28,0.25
4425,0.9026345427469673,0.9890194645662502,0.09611017198644613,0.02522963626341794,0.9017125059557491,0.9216226974489403,0.12,0.3,0.58,0.5
4426,0.9069061041599084,0.9946899985439187,0.10131143921626892,0.03080632510584147,0.9049352437616507,0.9216220503841128,0.32,0.52,0.16,0.25
4427,0.8958536138028846,0.988383173957093,0.08195675842570657,0.02751375177198421,0.8917167090039438,0.9216205944410039,0.66,0.0,0.34,0.75
4428,0.8953024761141971,0.9852353658183226,0.08445596910398785,0.021207244476899187,0.8923630784832638,0.9216202190241581,0.02,0.1,0.88,0.5
4429,0.9072451194238905,0.9931238007223232,0.10043243888659151,0.02908654850210115,0.9018243318543424,0.9216197697080329,0.34,0.38,0.28,0.25
4430,0.8687545572241886,0.972118153309943,0.043368529791845634,0.03352796748025582,0.8959442464187469,0.9216166210582406,0.08,0.92,0.0,0.0
4431,0.9044939059693954,0.990811583885544,0.09773639540605294,0.02573596411006737,0.8999637050796324,0.9216165097202464,0.3,0.18,0.52,0.5
4432,0.9036588654071422,0.9916438643551516,0.0911736742353211,0.028881472484898894,0.892361356037246,0.9216149866482379,0.72,0.04,0.24,0.5
4433,0.906298890842058,0.9921990224459137,0.09424790111456444,0.029966533232581274,0.8938833993439388,0.921614527964144,0.74,0.1,0.16,0.5
4434,0.9055570330832532,0.9908233658821646,0.09897562619718438,0.0280724277180018,0.9033083438099173,0.9216140518184763,0.28,0.36,0.36,0.25
4435,0.9018288149389712,0.9897015188706143,0.08758587484374292,0.02523176883669801,0.8861798005096989,0.921612547163601,0.42,0.04,0.54,0.5
4436,0.9035174194743729,0.9897550630219227,0.09606852086021894,0.02723059354591262,0.9017129230095277,0.9216097893117318,0.28,0.3,0.42,0.25
4437,0.9040448467067944,0.9907728671258159,0.09356158167968494,0.02882553599936683,0.8969322960612989,0.9216079553088304,0.64,0.1,0.26,0.25
4438,0.8909297248878852,0.9880202239570324,0.08136334638624382,0.02661366361699575,0.899481303875042,0.9216049146494646,0.0,0.5,0.5,0.25
4439,0.9037298980929988,0.9916385898566644,0.09158362982282449,0.029314542261635473,0.8935231705672979,0.9216048753247669,0.68,0.1,0.22,0.25
4440,0.8984342997643026,0.9855646965988595,0.085487285283982,0.022349274731969165,0.8891710796051254,0.9216043849058425,0.16,0.06,0.78,0.5
4441,0.9117063828880035,0.9946299326236476,0.10421785699462502,0.03026468374323547,0.9001315510098322,0.9216022835711317,0.58,0.26,0.16,0.5
4442,0.9110064768548812,0.9938857716704311,0.1002619771713117,0.030639504454833603,0.8951521853232985,0.9216002442636024,0.68,0.2,0.12,0.5
4443,0.9082510520177465,0.9923846174343456,0.10105646096622982,0.02915051033542515,0.901700634161343,0.9215992702604384,0.46,0.28,0.26,0.25
4444,0.9115506607145244,0.9943353769998027,0.1030038550506781,0.030470728505950534,0.8986295503737687,0.9215951614443911,0.62,0.24,0.14,0.5
4445,0.9020345518000952,0.9899470256543614,0.0930546060809458,0.027150122340988535,0.8984812919605316,0.9215947049690935,0.48,0.12,0.4,0.25
4446,0.9068919029439587,0.9948133013627181,0.09598041872131778,0.03199273250195117,0.8959772059867354,0.9215935056628772,0.44,0.5,0.06,0.25
4447,0.9062067881476195,0.9921486121687064,0.09928547155039597,0.028316930849136095,0.901468014650585,0.9215934128097365,0.3,0.36,0.34,0.25
4448,0.9034662341007946,0.9907012589588555,0.09474926909459454,0.027466841991246924,0.898533400419255,0.9215928406085804,0.46,0.16,0.38,0.25
4449,0.9035241090809424,0.9894714302907781,0.09540871007263405,0.02687776563609219,0.900121369200373,0.9215914649448566,0.32,0.24,0.44,0.25
4450,0.911567702431851,0.9946277805825983,0.10358396305901775,0.030751310896329008,0.8997572451255861,0.9215897884423431,0.62,0.26,0.12,0.5
4451,0.9048901106119295,0.9914032496116679,0.09835729233311936,0.0260165465004461,0.8999637050796324,0.9215888515103332,0.3,0.2,0.5,0.5
4452,0.8968432211817602,0.9844865183247836,0.08212821683484578,0.021544796374665394,0.8857678442134009,0.9215849672313856,0.14,0.02,0.84,0.5
4453,0.9079700137917122,0.9948066140521362,0.0973594335728238,0.031639904592130695,0.8959430862085006,0.9215834838583287,0.48,0.44,0.08,0.25
4454,0.9062195896559007,0.9921595379155725,0.09442562097029499,0.029723219656034514,0.8938833993439388,0.9215821985331488,0.72,0.1,0.18,0.5
4455,0.8917240115259181,0.9886310554068256,0.08223012808632457,0.027174886398388526,0.8995332229108187,0.9215802683253833,0.0,0.54,0.46,0.25
4456,0.9081670802309465,0.9927810781956274,0.09951595807670416,0.029286688687873468,0.8985534876715329,0.9215787353704683,0.54,0.22,0.24,0.25
4457,0.8919182505228299,0.9886621258562469,0.08225915090852026,0.02745549778908482,0.8995332229108187,0.9215787040974001,0.0,0.56,0.44,0.25
4458,0.904795023128798,0.9913525482095441,0.09831113139849125,0.025979277686614028,0.8999637050796324,0.9215734930481359,0.32,0.18,0.5,0.5
4459,0.8746535635560496,0.9715979673133164,0.04907604888381862,0.03296668669822725,0.8946084336097817,0.9215733373954124,0.08,0.88,0.04,0.0
4460,0.905319834833894,0.9919451615187295,0.09392405782820513,0.028956010112562526,0.8938453679928209,0.9215725733646044,0.68,0.08,0.24,0.5
4461,0.9114075405793849,0.9940562110382102,0.10202652095150344,0.030433459692118713,0.8971114186399592,0.9215720835239395,0.64,0.22,0.14,0.5
4462,0.9036910227754356,0.9892720896396223,0.09737671394491518,0.025323874584637585,0.9015540572661166,0.9215694734902855,0.22,0.22,0.56,0.5
4463,0.9031891248598607,0.9894199097430559,0.0952562971885512,0.02666937076451987,0.900121369200373,0.9215688976330949,0.28,0.26,0.46,0.25
4464,0.9083867606794738,0.9938279748120092,0.10186618574345349,0.029503338245245724,0.9018069743922522,0.9215682347341615,0.42,0.34,0.24,0.25
4465,0.905646286472396,0.9911107746747261,0.0993707129164074,0.028108535977563763,0.9033083438099173,0.9215627195720822,0.26,0.38,0.36,0.25
4466,0.9047026871903999,0.9918781228712917,0.09291272320778343,0.02959515365233187,0.893980403247895,0.92156160934306,0.68,0.12,0.2,0.25
4467,0.9047817499473971,0.9922210537520945,0.09702000953100243,0.026185322449329043,0.8968250410245612,0.9215603173873763,0.36,0.16,0.48,0.5
4468,0.898930496071979,0.9860412795038264,0.08921397114039022,0.022947708326558017,0.8953734623721936,0.9215601076892347,0.14,0.12,0.74,0.5
4469,0.9042967601753452,0.9918434276312436,0.09066607662525376,0.03037862275801097,0.8915335427919938,0.9215591492396646,0.82,0.06,0.12,0.5
4470,0.904425018424223,0.9917782898582606,0.09262691822351146,0.029162054875277375,0.8934890507890634,0.9215587165345326,0.72,0.06,0.22,0.5
4471,0.8918320120323963,0.9887793921142777,0.0811667533687482,0.028016720570477598,0.8980995311545463,0.9215583234719169,0.0,0.6,0.4,0.25
4472,0.9023590633878624,0.991383513054829,0.09100283650642223,0.025998978380169985,0.8906670291685089,0.9215576364868965,0.46,0.06,0.48,0.5
4473,0.9033272920092785,0.9895858480912926,0.09534337421462724,0.026949982155216157,0.900121369200373,0.9215539911332774,0.28,0.28,0.44,0.25
4474,0.9005034183105757,0.9886308870110406,0.0936803731979546,0.024536964347609606,0.9002788141994768,0.9215496458369651,0.04,0.32,0.64,0.5
4475,0.906144147809912,0.9931311530535476,0.10041111474754054,0.02895037014965307,0.9033257012720072,0.9215491750025943,0.26,0.44,0.3,0.25
4476,0.9065461119725541,0.9948893734450647,0.09547982344735692,0.03248173876421984,0.8959772059867354,0.9215478191952012,0.48,0.5,0.02,0.25
4477,0.9072480042016821,0.994923654831065,0.0955168726297439,0.03240952224509576,0.8944931940311603,0.9215446804479884,0.52,0.46,0.02,0.25
4478,0.8956376118076969,0.9883795891247878,0.08264374382997822,0.02799799981590242,0.8936130581948829,0.9215446368002775,0.7,0.0,0.3,0.75
4479,0.9050482406086188,0.9899470627585175,0.09779654711111763,0.027511204936608993,0.9017129230095277,0.921543110353816,0.28,0.32,0.4,0.25
4480,0.8967418767936927,0.9855582576007065,0.08515850609697806,0.022957460852142782,0.8923320163856985,0.9215430610785155,0.16,0.1,0.74,0.25
4481,0.908503586634971,0.9932009716585213,0.10012695312420843,0.03050920434354511,0.9000234225195025,0.9215423625021624,0.64,0.22,0.14,0.25
4482,0.903188051390664,0.9892505178541431,0.0952603727076506,0.02659715424539585,0.9000150289694637,0.9215404831319487,0.32,0.22,0.46,0.25
4483,0.9085316772119548,0.9935666188453082,0.10200363244143333,0.029467229985683793,0.9018069743922522,0.9215400692169005,0.44,0.32,0.24,0.25
4484,0.902214607945145,0.9896138331874322,0.09590431515673598,0.02684991206233015,0.9031588590323361,0.9215381678287476,0.18,0.36,0.46,0.25
4485,0.9013494126763522,0.9903701985538147,0.0895239407638166,0.028019810086839663,0.893415628713718,0.9215375867995085,0.62,0.06,0.32,0.25
4486,0.9072238544913012,0.9948128275711873,0.0965537184316495,0.03195662424238917,0.8959772059867354,0.9215348223804549,0.46,0.48,0.06,0.25
4487,0.8977920518126652,0.9862423326544909,0.0882517660477709,0.024116014674490358,0.8969831172420636,0.9215341530480222,0.14,0.2,0.66,0.25
4488,0.9069338755177871,0.9946470633270673,0.10085934229381974,0.030525713715145085,0.9030769259218296,0.9215317637087184,0.32,0.5,0.18,0.25
4489,0.9044629217944922,0.99099961633161,0.0976411630440559,0.027575166769933157,0.9015221428010812,0.9215288227122067,0.4,0.22,0.38,0.25
4490,0.9075890006597218,0.9919734691356099,0.1005175536607669,0.02883379068516685,0.9015041541205926,0.9215283503115779,0.48,0.24,0.28,0.25
4491,0.9067836507068906,0.9920040829184955,0.09913550001329208,0.028453109201584267,0.899910625201313,0.9215272207406767,0.38,0.3,0.32,0.25
4492,0.9046482867535067,0.9921792316599237,0.09624888651018224,0.026148053635497128,0.895376375211565,0.921526658077811,0.38,0.14,0.48,0.5
4493,0.9087107205546228,0.9933175529167486,0.10080222470267475,0.03005630634083847,0.9000755309782258,0.9215255435446406,0.58,0.24,0.18,0.25
4494,0.9024307853911948,0.9915516005899492,0.09110945899147806,0.026242291956716714,0.8906670291685089,0.9215249387567676,0.48,0.06,0.46,0.5
4495,0.9061077714744418,0.9932959582979426,0.10038243904873201,0.029230981540349355,0.9033778097307307,0.9215229509369748,0.26,0.46,0.28,0.25
4496,0.9073098984133552,0.9947864322454251,0.09762459803002298,0.0317121211112548,0.8974792066227989,0.9215218864426507,0.44,0.48,0.08,0.25
4497,0.9015885510456776,0.9887346073979568,0.09455902185545013,0.024743009110324496,0.8997806211992847,0.9215212814007909,0.08,0.3,0.62,0.5
4498,0.9074810075126765,0.9924366488777545,0.09573440495371005,0.030247115622959717,0.8938833993439388,0.9215197761086303,0.74,0.12,0.14,0.5
4499,0.8952082770651334,0.9883275633897106,0.08349506347321037,0.02848224785982061,0.896637146719288,0.9215191572616237,0.74,0.0,0.26,0.75
4500,0.9022312947120166,0.9915867353715381,0.09129645898562953,0.02693496387252512,0.892269945281412,0.9215183080111844,0.56,0.04,0.4,0.5
4501,0.8694074452487205,0.972163443213619,0.043666594754688426,0.03349301977496338,0.894460234463172,0.9215176653301227,0.1,0.9,0.0,0.0
4502,0.8915075985054933,0.9889347272363891,0.08111670804905631,0.0288585547425669,0.8993386793328269,0.9215162451013947,0.0,0.66,0.34,0.25
4503,0.9045770194556437,0.9917048407543282,0.09319907286611712,0.02910614739006317,0.893980403247895,0.9215130949111346,0.64,0.12,0.24,0.25
4504,0.9066715396741027,0.9916506629782015,0.0989154204096554,0.02851707103490835,0.9000554883075964,0.9215130130896274,0.5,0.2,0.3,0.25
4505,0.9067970070446035,0.9917765431087615,0.09902810206219093,0.02834478442289819,0.8996638249612601,0.9215127300885508,0.44,0.24,0.32,0.25
4506,0.9024437922540895,0.9885347301636216,0.09617162798885696,0.024593933854997363,0.9011133974787175,0.9215123038968298,0.16,0.22,0.62,0.5
4507,0.900150222541347,0.9894424519449234,0.09388087174623945,0.024574233161441406,0.9003471230792679,0.921510362763218,0.02,0.34,0.64,0.5
4508,0.9028982045035018,0.9915419306760562,0.09071900297772698,0.02884420367106709,0.892361356037246,0.9215101424817609,0.74,0.02,0.24,0.5
4509,0.9099295022904854,0.9933347692451436,0.09767763666356068,0.030564966827170022,0.8921835301937502,0.9215097938334912,0.72,0.16,0.12,0.5
4510,0.8915805661692966,0.9888631561735847,0.08155836245586434,0.028577943351870482,0.8996949965365844,0.9215095350753202,0.0,0.64,0.36,0.25
4511,0.8966968566493716,0.9854042867698705,0.0851746067684007,0.022921352592580733,0.8923320163856985,0.9215090353907428,0.18,0.08,0.74,0.25
4512,0.9076293501003323,0.9947898486819451,0.09784382844772155,0.03167601285169273,0.8971228894190414,0.9215087519582854,0.46,0.46,0.08,0.25
4513,0.9031360223254318,0.9893214467296317,0.09538438498997924,0.0266332625049578,0.900121369200373,0.9215084607454814,0.3,0.24,0.46,0.25
4514,0.9058216621714293,0.993098173167174,0.10020547767785543,0.028986478409215047,0.9033778097307306,0.9215074112611211,0.24,0.46,0.3,0.25
4515,0.902120037508834,0.988704296156651,0.09597809821402639,0.024668471482660933,0.9012826218353484,0.921506929389452,0.12,0.26,0.62,0.5
4516,0.8963722437181056,0.9847548669978123,0.08015176461162957,0.020084914915385048,0.8801709815689653,0.9215066567526319,0.02,0.02,0.96,0.5
4517,0.9048535254175429,0.9924567850178122,0.09651408752079454,0.02639136721204387,0.895376375211565,0.9215046791288259,0.4,0.14,0.46,0.5
4518,0.9029295118704109,0.9896720067957461,0.0951165725294547,0.027022198674340334,0.9001554889786075,0.9215036966934883,0.24,0.32,0.44,0.25
4519,0.8685198616143865,0.9720927683588909,0.04272067997520017,0.03356291518554801,0.8944775919252621,0.9215023468611042,0.06,0.94,0.0,0.0
4520,0.9019024185054559,0.9888378368683471,0.0933903201362999,0.026216472761813197,0.8986381418136901,0.9215020774560452,0.22,0.28,0.5,0.25
4521,0.9039404094709168,0.9915881282044718,0.09333592923626316,0.029070039130501116,0.8954824038839584,0.9214976383792552,0.66,0.1,0.24,0.25
4522,0.9088771225556731,0.9933621292789626,0.10092975608053853,0.030300809471972837,0.9000755309782258,0.9214964521957805,0.6,0.24,0.16,0.25
4523,0.9039651475253226,0.9907073269154484,0.09322349663986963,0.028581032868232485,0.8954302954252352,0.9214953657757191,0.62,0.1,0.28,0.25
4524,0.908515130355586,0.9928740041273065,0.09763729167931866,0.029554443707151292,0.89395170822373,0.9214953399155845,0.66,0.14,0.2,0.5
4525,0.9064525837610007,0.9922479200152217,0.09510788254462102,0.030453160385674638,0.8950290827762448,0.9214943593705703,0.78,0.1,0.12,0.5
4526,0.9061004577351474,0.9913771710983148,0.09871292097842399,0.027964102939315578,0.9002109223734641,0.9214930024400007,0.34,0.3,0.36,0.25
4527,0.9052143829637235,0.9919542263494627,0.09376350718921925,0.029442637265655956,0.8938453679928209,0.9214912972196797,0.72,0.08,0.2,0.5
4528,0.907694815914343,0.9926170835343332,0.0992714690939742,0.02925058042831133,0.8985534876715329,0.9214902231367929,0.56,0.2,0.24,0.25
4529,0.9026857888631015,0.9916189874456204,0.09091858607462812,0.02839484533180536,0.8923433673567573,0.9214875621620257,0.68,0.04,0.28,0.5
4530,0.8919060323917317,0.9887312023781001,0.082440831933393,0.027736109179781268,0.8995332229108187,0.9214768557954877,0.0,0.58,0.42,0.25
4531,0.9045670493234138,0.9927432433731463,0.09166775324261967,0.03213665472794577,0.893804302832151,0.9214751931797174,0.78,0.22,0.0,0.5
4532,0.9023971242461785,0.9903778020516337,0.09296082450331002,0.027639128603257145,0.8969972800049568,0.9214747497601158,0.52,0.12,0.36,0.25
4533,0.9070112601157228,0.9917206813747845,0.098488861039129,0.028761574166042712,0.8985534876715329,0.9214743102776651,0.52,0.2,0.28,0.25
4534,0.9068192322904846,0.9915456296749953,0.09805449927089034,0.028969969037614885,0.8985534876715329,0.9214740955146088,0.56,0.18,0.26,0.25
4535,0.9018945377916429,0.9913643501853255,0.0906606470426123,0.02620502314288494,0.8906670291685089,0.9214729304335588,0.5,0.04,0.46,0.5
4536,0.9018602541660635,0.991480252152081,0.09053216213081736,0.026448336719431594,0.8906670291685089,0.9214684408346041,0.52,0.04,0.44,0.5
4537,0.9084110309508181,0.9931279449711344,0.09998558628182957,0.029775694950142144,0.8985354989910442,0.9214679449917096,0.58,0.22,0.2,0.25
4538,0.9073312294951379,0.9924076619694023,0.0959190531682447,0.03000380204641296,0.8938833993439388,0.9214658791697415,0.72,0.12,0.16,0.5
4539,0.9067660741683095,0.9920911920601764,0.10012680283110229,0.028489217461146365,0.9013946371568881,0.9214643647599235,0.36,0.32,0.32,0.25
4540,0.9027576117051216,0.9891115228315115,0.09520697869964138,0.02638875937382348,0.900121369200373,0.9214635382359556,0.28,0.24,0.48,0.25
4541,0.9051964224189545,0.9902942320756044,0.09902352825160997,0.027827924586867517,0.9033083438099173,0.9214615775631559,0.26,0.36,0.38,0.25
4542,0.9013642161598089,0.9903085999464832,0.08919273236003572,0.025681127175959845,0.8891838017818261,0.9214613171401651,0.48,0.02,0.5,0.5
4543,0.9032560325496799,0.9888534491555356,0.09725355844831839,0.02508056100809088,0.9015540572661166,0.9214603782300947,0.2,0.22,0.58,0.5
4544,0.901431507789959,0.9904491676144971,0.09057947888336985,0.028508816349108325,0.8953293799483958,0.9214587582033311,0.66,0.06,0.28,0.25
4545,0.9028340881030997,0.9917565896353182,0.09193110482473804,0.026279560770548584,0.8908362535251396,0.9214575309440702,0.46,0.08,0.46,0.5
4546,0.8968443668089109,0.9847622221832026,0.08051967573869455,0.020328228491931805,0.8799141017243961,0.9214560455539862,0.04,0.02,0.94,0.5
4547,0.9027957375968915,0.9897192175530377,0.09751337480817727,0.027058306933902338,0.9046989356011662,0.9214533704141967,0.22,0.34,0.44,0.25
4548,0.9026620961450651,0.9905257334675355,0.0917487022556489,0.02875331948024264,0.8953293799483958,0.9214531524094162,0.68,0.06,0.26,0.25
4549,0.9075555677110119,0.9927673724912254,0.09735647273817248,0.03071759921511735,0.8966990814045951,0.9214519784710926,0.68,0.2,0.12,0.25
4550,0.9070987741465041,0.9924084953858299,0.09596414133448734,0.028543920587132673,0.8923936875560597,0.9214517774065216,0.6,0.12,0.28,0.5
4551,0.907066389382206,0.9927875171937804,0.10085480124879835,0.028805937111404802,0.9018243318543424,0.9214499624273026,0.34,0.36,0.3,0.25
4552,0.9016384868842922,0.9892374800245495,0.08865979331390712,0.024988455260151237,0.8876818011457626,0.9214499383607613,0.4,0.04,0.56,0.5
4553,0.9027296986467035,0.9907151730173646,0.0908485387320875,0.025792933617455042,0.8893042191203406,0.9214498844310175,0.42,0.08,0.5,0.5
4554,0.9024600360461819,0.9913164458657328,0.09103994734262558,0.028997822611376917,0.8938453679928209,0.9214441422595626,0.7,0.06,0.24,0.25
4555,0.9024958955744448,0.9915386883436529,0.08942904936338363,0.027870949364880236,0.8889456041665047,0.9214434534702874,0.66,0.02,0.32,0.5
4556,0.9073070200168193,0.9947007330616731,0.10160141089825246,0.03077021684627945,0.9034332431255871,0.9214421887338328,0.34,0.5,0.16,0.25
4557,0.9043482110853922,0.9920968004960677,0.09622171131349719,0.0261107848216654,0.895376375211565,0.9214395655698631,0.4,0.12,0.48,0.5
4558,0.9008866593486824,0.9892575019979731,0.09064496270668425,0.026833402690730108,0.8953748620303786,0.9214395642350118,0.5,0.08,0.42,0.25
4559,0.9030391328760985,0.9916376137319445,0.09082239134239956,0.028151531755258762,0.8907859333258371,0.9214391628521738,0.66,0.04,0.3,0.5
4560,0.9071414377351887,0.9918722318729815,0.09970736300993573,0.028589287554032578,0.9000201421650177,0.92143896628454,0.46,0.24,0.3,0.25
4561,0.9023179829097333,0.988803495544864,0.09283237714200845,0.02669722433828183,0.8969792913244681,0.9214376060083216,0.42,0.14,0.44,0.25
4562,0.9033440674091365,0.990636075519219,0.09254485889255733,0.028789427739804835,0.8953293799483958,0.92143735119811,0.66,0.08,0.26,0.25
4563,0.9046948659707139,0.9912650937137957,0.09817578607374927,0.02781966990106749,0.9015221428010812,0.9214350673474373,0.42,0.22,0.36,0.25
4564,0.9064158439742374,0.9947997326582767,0.10174306316984642,0.03136754788723413,0.9061369472255634,0.9214349030614025,0.32,0.56,0.12,0.25
4565,0.901373894027154,0.9894193760140423,0.09206879333861702,0.02686951095029216,0.8969792913244681,0.9214326278048136,0.48,0.1,0.42,0.25
4566,0.9002213695326399,0.9899846863727257,0.08910128123859642,0.0274585873054469,0.8937719459174756,0.9214289929262776,0.62,0.02,0.36,0.25
4567,0.9034177434372656,0.9916484881038253,0.0920113517709688,0.029124786061445584,0.893507039469552,0.9214248307738039,0.74,0.04,0.22,0.5
4568,0.9030473363069478,0.9894867086405624,0.09383831221541675,0.02697783572897827,0.8970313997831914,0.9214203364741375,0.42,0.16,0.42,0.25
4569,0.9048948237334462,0.9914681248013929,0.09895844865579598,0.026053815314277685,0.8999637050796324,0.9214190859133757,0.28,0.22,0.5,0.5
4570,0.9018928117953516,0.9902548617118971,0.09178788004085943,0.02760302034369519,0.8954431709101699,0.9214175604934447,0.54,0.1,0.36,0.25
4571,0.9013912641161426,0.9898420294553112,0.08853173245460429,0.02543781359941294,0.8876818011457626,0.921413532830408,0.46,0.02,0.52,0.5
4572,0.8980278854036785,0.9868272596950477,0.09085383317345248,0.0252384602372758,0.9016241544053285,0.9214135107756862,0.14,0.28,0.58,0.25
4573,0.9045403470376677,0.9912982505584518,0.09704394869926773,0.02594200887278204,0.8969447297507815,0.9214091846757856,0.34,0.16,0.5,0.5
4574,0.9023290544234555,0.9888726519833609,0.0966111282800693,0.024949053873039365,0.9016223661459078,0.9214070791389504,0.12,0.28,0.6,0.5
4575,0.8964884349339856,0.9853263366463958,0.08447398117032116,0.022676849461446442,0.8904688129811555,0.9214063942883252,0.16,0.08,0.76,0.25
4576,0.9030145241719283,0.9914868909418435,0.09164449293489009,0.029278434002073438,0.8938453679928209,0.9214054981949736,0.7,0.08,0.22,0.25
4577,0.9073390835827783,0.9918595365432896,0.09989880179025741,0.028797682425604803,0.9000554883075964,0.9214047411306348,0.5,0.22,0.28,0.25
4578,0.9032403605630179,0.9915651521693956,0.09175792319384325,0.029522937133207743,0.8938453679928209,0.9214033586157908,0.72,0.08,0.2,0.25
4579,0.9053262102623444,0.990228352219501,0.09855244118297281,0.027791816327305378,0.9017509543606458,0.9214001721678291,0.28,0.34,0.38,0.25
4580,0.8978446310702889,0.9864288638093209,0.08869006707038624,0.024396626065186756,0.8969831172420636,0.9213953172780458,0.14,0.22,0.64,0.25
4581,0.9017359090449952,0.9914863315253373,0.09118657411605248,0.02689769505869326,0.892269945281412,0.9213937915681958,0.58,0.02,0.4,0.5
4582,0.8954302636443076,0.984962284938318,0.08005381351222916,0.02064607969614203,0.8816542089556484,0.9213936892864902,0.02,0.06,0.92,0.5
4583,0.8898700550970252,0.987821419889056,0.08123362202744266,0.02605244083560297,0.8993917507019508,0.9213934352201499,0.0,0.46,0.54,0.25
4584,0.9023205782282067,0.9899574890263603,0.09616241226685564,0.025622025095291812,0.9004726090316878,0.9213896760986483,0.06,0.38,0.56,0.5
4585,0.9051442279489391,0.9919809870084536,0.09427552256458017,0.029929264418749418,0.8949112187299686,0.9213890805854681,0.76,0.08,0.16,0.5
4586,0.899052840286603,0.985975696480971,0.08829859689543952,0.022910439512726248,0.8922131122283704,0.9213844959181361,0.16,0.1,0.74,0.5
4587,0.9075956048225596,0.9921484009604337,0.10116645555632482,0.028906007204290842,0.901700634161343,0.9213843665270914,0.44,0.28,0.28,0.25
4588,0.9072738311858992,0.9919684572203809,0.10089434539146103,0.02862539581359449,0.9016104943515019,0.9213819585788334,0.44,0.26,0.3,0.25
4589,0.8916784026308114,0.9888210001440098,0.08146553503002271,0.028297331961174024,0.8981375625056641,0.9213818541162238,0.0,0.62,0.38,0.25
4590,0.9064912521702381,0.9932966061935902,0.10126872490250244,0.02919487328078734,0.9033257012720074,0.9213817696719557,0.28,0.44,0.28,0.25
4591,0.9008916803601907,0.9901111772947773,0.09159208902611794,0.02753080382457101,0.8968768626664423,0.9213816588127979,0.58,0.06,0.36,0.25
4592,0.9024321557487204,0.9913564098959364,0.09089702269313547,0.029242325742511312,0.8934890507890634,0.9213806639046721,0.72,0.06,0.22,0.25
4593,0.9032393564573576,0.9904136903330065,0.0952766824847176,0.027222338860112542,0.898533400419255,0.9213783633114132,0.44,0.16,0.4,0.25
4594,0.9064514190846078,0.9917533159070906,0.0993551572785465,0.028172497810887803,0.8998725938501952,0.9213769740882971,0.38,0.28,0.34,0.25
4595,0.9018267516696999,0.9904299876199986,0.08923217069073974,0.02571839598979141,0.8876818011457626,0.9213741525891583,0.46,0.04,0.5,0.5
4596,0.9037926584288848,0.9892547734154225,0.09735914337041703,0.025286605770805718,0.8999637050796325,0.9213713374836228,0.24,0.2,0.56,0.5
4597,0.9019538388996924,0.9894159367441955,0.09013794485696518,0.025025724073983038,0.8892359102405494,0.9213704706946095,0.38,0.06,0.56,0.5
4598,0.8956888518526501,0.9845682958846604,0.08343186575004344,0.022813027813894507,0.8907590216613045,0.9213697998309706,0.24,0.02,0.74,0.25
4599,0.9021694030376444,0.9904389040341077,0.09195327268611968,0.02784752347482952,0.8950185448266211,0.9213678274458815,0.56,0.1,0.34,0.25
4600,0.9083414119331682,0.993185844579527,0.10020222008331414,0.030753707474679422,0.899667105315745,0.9213673753692531,0.66,0.22,0.12,0.25
4601,0.9010430705733129,0.9896747924616137,0.0918950139794519,0.027077905821864395,0.8968768626664423,0.921364792086714,0.52,0.08,0.4,0.25
4602,0.9091488403104832,0.9937505584175481,0.1025160205460171,0.03061752912223116,0.9017386655124612,0.921364658967518,0.58,0.28,0.14,0.25
4603,0.9087033748552654,0.9939581761496631,0.10262099792546524,0.02974784137638004,0.9014506571884947,0.9213626082223982,0.44,0.34,0.22,0.25
4604,0.9090410833611353,0.9934952019074595,0.1016591319971965,0.03033691773153477,0.900165670788067,0.9213614472476762,0.58,0.26,0.16,0.25
4605,0.9012313279350164,0.990006783324721,0.09211427791806195,0.02732240895299878,0.8968768626664423,0.9213589010990886,0.54,0.08,0.38,0.25
4606,0.9048190656468708,0.9919396986452964,0.09360858082318102,0.02983965678346614,0.8939983919283836,0.9213587748557686,0.7,0.12,0.18,0.25
4607,0.8991661343126813,0.9859068825423759,0.08913491324930352,0.02311648427544116,0.893752557578802,0.9213565599939253,0.2,0.08,0.72,0.5
4608,0.9027101078989683,0.9932117718220901,0.09287906018667315,0.03243737581885795,0.898981763461203,0.9213553555916647,0.66,0.34,0.0,0.25
4609,0.903853032042024,0.9917037618796376,0.09185974147461484,0.029559045392769812,0.8923954758154805,0.9213538674917672,0.7,0.1,0.2,0.25
4610,0.9060049444228901,0.9914098113389525,0.09789653230161005,0.028236459644211984,0.8981971704677754,0.921348270334682,0.5,0.18,0.32,0.25
4611,0.9013880657271791,0.9901880285644005,0.09145971945470684,0.027566912084133102,0.8953748620303786,0.9213477741508638,0.56,0.08,0.36,0.25
4612,0.9063101933908595,0.9914756626533975,0.098268194141371,0.02848096277534626,0.8985534876715329,0.9213470307379543,0.52,0.18,0.3,0.25
4613,0.9016132189883934,0.9885925355845411,0.09233039938862535,0.026661116078719842,0.8969792913244681,0.921346594652872,0.44,0.12,0.44,0.25
4614,0.8996212560862842,0.9860572970825653,0.0901964472035639,0.02360311142853463,0.8953099916097221,0.9213456544267444,0.24,0.08,0.68,0.5
4615,0.9081703309561026,0.9926190472004366,0.10198947144203568,0.029222726854549342,0.9018069743922522,0.921342516220362,0.42,0.32,0.26,0.25
4616,0.901654962124901,0.9903543579333584,0.09150310979105761,0.027811415215267386,0.8950185448266211,0.9213379244641183,0.58,0.08,0.34,0.25
4617,0.9046098830503716,0.9909043271506088,0.09285734153943946,0.028861644258928863,0.8925467114916226,0.9213353266298441,0.62,0.12,0.26,0.25
4618,0.898645852258702,0.985611893085322,0.08711053096898175,0.022592588308515845,0.8903499088238276,0.9213347220946491,0.18,0.06,0.76,0.5
4619,0.9072392553320868,0.9920302327859949,0.10109066081119279,0.02866150407315649,0.901700634161343,0.9213305068205961,0.42,0.28,0.3,0.25
4620,0.9018175165042628,0.9912468498856952,0.09041131725972787,0.029206217482949267,0.893507039469552,0.9213299030478065,0.74,0.04,0.22,0.25
4621,0.9009492871694307,0.9896558636337098,0.09512471418710028,0.02513539794219842,0.9004726090316879,0.9213297867774572,0.02,0.38,0.6,0.5
4622,0.903823929311998,0.9902895683686088,0.0966831236823138,0.02729455537923662,0.899964708770161,0.9213295566737418,0.4,0.2,0.4,0.25
4623,0.8988775862153997,0.9874229298158563,0.09122800593380893,0.025727466499544403,0.9001401424497537,0.9213294050543737,0.18,0.28,0.54,0.25
4624,0.9004386283904465,0.9891832537276034,0.09055990494229435,0.026797294431167948,0.8953748620303786,0.9213257818418729,0.52,0.06,0.42,0.25
4625,0.9021299303932345,0.9886443700905065,0.09416359490428595,0.026180364502251027,0.8986381418136901,0.9213254127230116,0.24,0.26,0.5,0.25
4626,0.9018065008695934,0.9904464161986196,0.09158620222874422,0.02805591834640178,0.8950185448266211,0.9213243187915312,0.6,0.08,0.32,0.25
4627,0.9081885964432684,0.9939580448580342,0.10100503154001403,0.029539446504807824,0.8988383192627039,0.9213242526286074,0.4,0.36,0.24,0.25
4628,0.9041562743303263,0.9909884337098176,0.09724788921556257,0.02753905851037102,0.899964708770161,0.9213222324673782,0.42,0.2,0.38,0.25
4629,0.8968633589832679,0.9857199261168346,0.0867497589741426,0.023238072242839133,0.8938894504166186,0.9213221103123689,0.16,0.12,0.72,0.25
4630,0.906448330906521,0.992219127190147,0.09526273920485899,0.030209846809127947,0.8938833993439388,0.9213208926037738,0.76,0.1,0.14,0.5
4631,0.9071376205893883,0.9921055941810454,0.10028820016937486,0.028697612332718635,0.9002669424050707,0.9213205863893829,0.4,0.3,0.3,0.25
4632,0.8979034395981145,0.9865621076877688,0.08958315268489751,0.02467723745588309,0.8982983975031305,0.9213164261417525,0.14,0.24,0.62,0.25
4633,0.8978896045311855,0.9849609834386912,0.08665094290283978,0.023004677833945688,0.8920558205797603,0.9213162892724783,0.26,0.02,0.72,0.5
4634,0.9068392637205215,0.99331087702283,0.10112811040771777,0.02915876502122522,0.9018416893164324,0.9213135063868635,0.3,0.42,0.28,0.25
4635,0.8953281616015656,0.9883587308807706,0.08294574600676889,0.02824012383786154,0.8936130581948829,0.9213131087888853,0.72,0.0,0.28,0.75
4636,0.9015304857196467,0.9885798887756686,0.08885887768436634,0.02474514168360458,0.8876818011457626,0.921310118432549,0.38,0.04,0.58,0.5
4637,0.9007701196573599,0.9902023850186159,0.08905091242888938,0.02773919869614322,0.8919136280776544,0.9213059361728606,0.62,0.04,0.34,0.25
4638,0.902904609450402,0.9930102334632314,0.09241708553560925,0.032401267559295684,0.8975151089677179,0.9213039964887768,0.68,0.32,0.0,0.25
4639,0.9027421476931276,0.9915371927607486,0.09090027740777493,0.029087517247613756,0.8919696926909098,0.9213028977898386,0.76,0.02,0.22,0.5
4640,0.901789478211544,0.9899164375589685,0.0885623942758294,0.025475082413244737,0.8861798005096989,0.921302557284916,0.44,0.04,0.52,0.5
4641,0.90156559301621,0.9904158537907193,0.09060509989862273,0.028264313217973902,0.8937719459174756,0.921301879556899,0.64,0.06,0.3,0.25
4642,0.9008504813818805,0.9873443660467244,0.09574490588432541,0.024313351464618875,0.9028868335455494,0.9213010138785421,0.16,0.2,0.64,0.5
4643,0.9025440167383183,0.9884007327853898,0.0969323895347898,0.024556665041165566,0.9010070572478084,0.9212942649815704,0.18,0.2,0.62,0.5
4644,0.9089935569395761,0.994068398326381,0.10323336456181881,0.029992344507514417,0.9018069743922522,0.9212940514666413,0.46,0.34,0.2,0.25
4645,0.9063718545909533,0.9942767980999384,0.10081978481654974,0.029756096062180108,0.9018758090946669,0.921292787528375,0.28,0.48,0.24,0.25
4646,0.9007322250595367,0.989917910308546,0.0918060077439647,0.02728630069343661,0.8968768626664423,0.9212920089062155,0.56,0.06,0.38,0.25
4647,0.9043261499989266,0.9901170625847558,0.09728291639734954,0.027402880157922766,0.9001768025952296,0.9212914325351569,0.34,0.26,0.4,0.25
4648,0.8895810892964301,0.9877257824998213,0.0813774039921761,0.025771829444906642,0.8992854104710415,0.9212910844095912,0.0,0.44,0.56,0.25
4649,0.9038793539415825,0.989697414580125,0.09598673561784811,0.027122268767226485,0.8986193685643094,0.9212909524072966,0.34,0.24,0.42,0.25
4650,0.9066680755862598,0.9944598129224437,0.10088132586433941,0.030000599193314423,0.9015194918909094,0.9212890008506609,0.3,0.48,0.22,0.25
4651,0.8982431494939173,0.986985226358071,0.09064988452488355,0.025519071627972234,0.9001724739685675,0.9212867577993352,0.14,0.3,0.56,0.25
4652,0.9074595000425528,0.9934179339296226,0.10178456705956404,0.029367159892797496,0.9018416893164324,0.9212845434939421,0.34,0.4,0.26,0.25
4653,0.8980842672213407,0.9851962009545564,0.0870980447802233,0.023041946647777523,0.8921241294595516,0.9212837569438522,0.24,0.04,0.72,0.5
4654,0.907414502199682,0.9917826795653347,0.09944331206602518,0.029006077297177014,0.8985534876715329,0.9212802856525537,0.54,0.2,0.26,0.25
4655,0.9065478112536488,0.9915151985587238,0.09859811381469699,0.028725465906480563,0.8985534876715329,0.9212801511610431,0.54,0.18,0.28,0.25
4656,0.9036419412229895,0.9909076722329827,0.095956465586615,0.02771134512238123,0.898533400419255,0.9212792908316478,0.48,0.16,0.36,0.25
4657,0.9039813506076528,0.9905234615515205,0.0976370492149283,0.025455381719688825,0.898461704443569,0.9212790063957397,0.3,0.16,0.54,0.5
4658,0.904827849795251,0.9909025575677831,0.09594177537816072,0.028408746256222236,0.8970527133998134,0.9212769516220392,0.56,0.14,0.3,0.25
4659,0.9000112838829825,0.9863527203728281,0.09217903369068604,0.02408973858162804,0.8982269107526775,0.9212751351614972,0.28,0.08,0.64,0.5
4660,0.9017112540645432,0.9900000589099831,0.09212990964030444,0.02735851721256082,0.8954431709101699,0.9212750844987506,0.52,0.1,0.38,0.25
4661,0.9090963046277442,0.9935468794343034,0.10187723112532732,0.030581420862669143,0.900165670788067,0.9212739345243433,0.6,0.26,0.14,0.25
4662,0.9050751264975214,0.9910664837290969,0.09628167787162012,0.02820035138464993,0.8967305159742904,0.9212709977890635,0.52,0.16,0.32,0.25
4663,0.9028637846376926,0.9889543267932672,0.0951102147053479,0.02635265111426139,0.8985130283334003,0.9212657014187975,0.3,0.22,0.48,0.25
4664,0.9072773856880123,0.9946571784908327,0.10140024290773622,0.030489605455583102,0.9015929139662548,0.9212648829662649,0.34,0.48,0.18,0.25
4665,0.9032460536204712,0.9898036865913092,0.09773558300948983,0.02730281006503672,0.9031969349651027,0.9212628191213593,0.24,0.34,0.42,0.25
4666,0.8959079132790814,0.9882785459454371,0.08379335915907832,0.028966495903738846,0.8947968175599554,0.9212627265851394,0.78,0.0,0.22,0.75
4667,0.9077811824767881,0.993095995438632,0.10051989703498318,0.029294943373673474,0.8988383192627039,0.9212616018808942,0.38,0.36,0.26,0.25
4668,0.8991758087796075,0.9858216971084766,0.08925321638708995,0.02332252903815597,0.8936842486990108,0.9212610941643653,0.24,0.06,0.7,0.5
4669,0.9048699331102662,0.9899920729539404,0.09861538099197192,0.027547313196170965,0.9017509543606458,0.9212585871685348,0.26,0.34,0.4,0.25
4670,0.9019066594511543,0.9904073369598289,0.09083037430857803,0.028717211220680577,0.8938453679928209,0.9212583552186928,0.7,0.04,0.26,0.25
4671,0.9088736943099673,0.9933967959773523,0.10086684447325849,0.030545312603107184,0.8986636701520034,0.9212580964294345,0.62,0.24,0.14,0.25
4672,0.904446699202753,0.9912604956526145,0.09665042746427309,0.025904740058950493,0.8953418136378783,0.9212559896621086,0.36,0.14,0.5,0.5
4673,0.90451313525583,0.9910327903012613,0.09714146158168277,0.027611275029495105,0.8986547592885367,0.9212557170315998,0.38,0.24,0.38,0.25
4674,0.8969881334877343,0.9856374093280031,0.08711682561036467,0.023201963983277108,0.8938894504166186,0.9212484737541458,0.18,0.1,0.72,0.25
4675,0.9033545313660699,0.988832413953236,0.09727938618254188,0.025043292194258993,0.8999637050796325,0.9212482212206443,0.22,0.2,0.58,0.5
4676,0.907060899557773,0.9926042397880173,0.09517828556424278,0.03068149095555523,0.8922464143194717,0.921246921675575,0.7,0.18,0.12,0.25
4677,0.8992918888618336,0.9859029495018373,0.08994631870516427,0.02380915619124944,0.8952582556231291,0.9212468946006134,0.28,0.06,0.66,0.5
4678,0.8913917046564938,0.988946931649555,0.08097397975200835,0.029139166133263273,0.8978546673772521,0.9212457662184634,0.0,0.68,0.32,0.25
4679,0.9026743370637528,0.9925768455042081,0.09192942622053987,0.032329051040171565,0.896978685501931,0.9212445950979842,0.72,0.28,0.0,0.25
4680,0.9076136658544975,0.993345146992167,0.10129024885243733,0.029331051633235444,0.9003223312182789,0.9212418232193049,0.36,0.38,0.26,0.25
4681,0.9091364274206712,0.9941473502620684,0.10275097262344293,0.030934248772489598,0.9014176944512822,0.9212411714486343,0.56,0.32,0.12,0.25
4682,0.8986086272261864,0.9860728579947685,0.08997580460248919,0.02298497714038976,0.8953734623721936,0.9212410113748212,0.12,0.14,0.74,0.5
4683,0.9016177332082157,0.9914465644325771,0.09013154696209814,0.0266543814821466,0.8891650285324454,0.9212397154448149,0.56,0.02,0.42,0.5
4684,0.9037521221338451,0.9909890616263042,0.09592529548503374,0.027955848253515568,0.898232516610354,0.9212395141065358,0.5,0.16,0.34,0.25
4685,0.9074278346725527,0.9929231271757164,0.10108959513892582,0.029050440242539118,0.9003223312182789,0.921236789593877,0.36,0.36,0.28,0.25
4686,0.905121531793867,0.9919859475486974,0.09343438771517724,0.03008415991460049,0.89249639129232,0.921232512820356,0.72,0.12,0.16,0.25
4687,0.900233359133322,0.9912847417914933,0.08804880816903413,0.03218461800192358,0.895407218945054,0.9212313624697641,0.8,0.2,0.0,0.25
4688,0.9029324478577911,0.9886580729407427,0.09691589577393801,0.024799978617712267,0.8998448009223045,0.9212311532699775,0.2,0.2,0.6,0.5
4689,0.8979541256135404,0.9867121626030614,0.09076330869367605,0.024957848846579492,0.900122153769265,0.9212310603011871,0.14,0.26,0.6,0.25
4690,0.903394038751912,0.9897689000179538,0.09801719195446595,0.027266701805474632,0.9032149236455913,0.9212306614630965,0.26,0.32,0.42,0.25
4691,0.9013360880130266,0.9896245134760354,0.0891764734045388,0.02519450002286622,0.8876818011457626,0.9212269824036654,0.44,0.02,0.54,0.5
4692,0.904312346136527,0.9907490177159901,0.09732234262996055,0.025698695296235547,0.8969267410702928,0.9212240363836652,0.32,0.16,0.52,0.5
4693,0.9028842377368941,0.990639454851583,0.09395466148734855,0.028128134865525834,0.8966442877373324,0.9212226208970605,0.56,0.12,0.32,0.25
4694,0.8986145882107557,0.9857533426905829,0.08751884512166924,0.02262985712234778,0.8903499088238276,0.9212212919976465,0.16,0.08,0.76,0.5
4695,0.907603494659171,0.9947025140611622,0.10194687646962733,0.03073410858671743,0.9019492311700124,0.9212163378417138,0.36,0.48,0.16,0.25
4696,0.898930833381392,0.9856943385200072,0.08786544169193404,0.022835901885062522,0.890673080241189,0.9212145750526902,0.2,0.06,0.74,0.5
4697,0.9044067129213433,0.991233803493604,0.09834046479628766,0.027991956513077617,0.9012011717399024,0.9212138086827495,0.48,0.18,0.34,0.25
4698,0.9012355148370692,0.9891980782650179,0.08906855006980488,0.024951186446319502,0.8876818011457626,0.9212126479764984,0.42,0.02,0.56,0.5
4699,0.901996467406265,0.9878741877072539,0.09332930773822523,0.024613634548553337,0.8952229094805504,0.9212116320016319,0.3,0.1,0.6,0.5
4700,0.9071121514142058,0.994277537328893,0.10191170895564053,0.029683879543056055,0.9018416893164324,0.9212092500886848,0.32,0.44,0.24,0.25
4701,0.9027993161525981,0.9915500764653864,0.09120978885186566,0.026036247194001858,0.887731336776173,0.9212071753817898,0.44,0.08,0.48,0.5
4702,0.8998654119114288,0.9909630030921119,0.08371994699497301,0.03200407670411327,0.8877232522094255,0.9212052760572097,0.9,0.1,0.0,0.25
4703,0.9036437686395283,0.9897613878534419,0.09604064934618631,0.027050052248102384,0.8984627081340976,0.9212052608332693,0.38,0.2,0.42,0.25
4704,0.9075345079271476,0.9924635122867159,0.09579132480584564,0.03049042919950645,0.892077189962841,0.9212038380241611,0.76,0.12,0.12,0.5
4705,0.9041465314300656,0.9917707948187436,0.09178186583270952,0.029803548523904183,0.890893475179417,0.9212002416878856,0.72,0.1,0.18,0.25
4706,0.9070728941975283,0.9947285840120178,0.10201924960908801,0.031050828236975817,0.9034332431255871,0.9211994435852552,0.34,0.52,0.14,0.25
4707,0.9021284959114868,0.9897287733002968,0.09012688273745934,0.025269037650529742,0.8877339096044857,0.9211990223238347,0.4,0.06,0.54,0.5
4708,0.9046951631938859,0.9910723176440902,0.09754384829274913,0.02764738328905718,0.8986927906396546,0.9211986333026811,0.36,0.26,0.38,0.25
4709,0.9105967993338873,0.9935977863363683,0.0999173881647572,0.03035892206445501,0.8925398473975077,0.9211978363665821,0.68,0.18,0.14,0.5
4710,0.8994262553794622,0.985988317602351,0.08983484871165029,0.023359797851987912,0.893752557578802,0.9211961901735524,0.22,0.08,0.7,0.5
4711,0.8957626724805573,0.9846470080704165,0.08472545355988811,0.023057530945028815,0.8921747247370884,0.9211939571387034,0.26,0.02,0.72,0.25
4712,0.8990210951578593,0.9872430831174424,0.09178902841922308,0.02569135823998247,0.9001401424497537,0.9211908255127549,0.2,0.26,0.54,0.25
4713,0.9037882013723463,0.9900343203168225,0.09841310133700047,0.02524933695697386,0.8999637050796325,0.9211902781782987,0.26,0.18,0.56,0.5
4714,0.9089644811792561,0.9943249022111406,0.1031851501946201,0.030725853900917397,0.9017740116550397,0.9211860697576881,0.52,0.34,0.14,0.25
4715,0.9012629314392638,0.9875841045612926,0.09592635009050876,0.02435062027845066,0.901453141789277,0.9211858484154433,0.14,0.22,0.64,0.5
4716,0.9007682747499111,0.9878789969767077,0.09300518473623651,0.025935861371116784,0.8986381418136901,0.9211852572101236,0.22,0.26,0.52,0.25
4717,0.9111932005698551,0.9940406158760167,0.10195297809217801,0.030676773268665417,0.8951521853232985,0.9211841145176315,0.66,0.22,0.12,0.5
4718,0.8984395107031291,0.9852721845577618,0.08915584570962679,0.023528573800870926,0.8952770288725097,0.9211835811709972,0.28,0.04,0.68,0.5
4719,0.9033706205393407,0.989896675314637,0.09403697004406532,0.02510026170164673,0.8922722430314906,0.9211831375048325,0.34,0.1,0.56,0.5
4720,0.9077339041522926,0.9923820030184288,0.10135995854514386,0.02894211546385295,0.9002669424050707,0.9211827880588841,0.42,0.3,0.28,0.25
4721,0.9054031007464524,0.9919025088642971,0.09531946000965033,0.029142255649625155,0.8940487121276862,0.9211817797915809,0.62,0.14,0.24,0.25
4722,0.9068280430068537,0.9919121559448633,0.09956023060594442,0.02841700094202212,0.8983705932141317,0.9211804148945094,0.4,0.28,0.32,0.25
4723,0.9052000046474079,0.9919673612206952,0.09389609397348679,0.02968595084220273,0.8923433673567573,0.921176734685521,0.74,0.08,0.18,0.5
4724,0.8979165022332299,0.9851445919276929,0.08742787048286811,0.02279863307123082,0.8921067719974614,0.9211765776082727,0.22,0.04,0.74,0.5
4725,0.8955863073845576,0.9845885604621812,0.08400073802806526,0.02260463294232221,0.8904688129811557,0.9211760820065829,0.2,0.04,0.76,0.25
4726,0.8957734454216841,0.9882601308673858,0.08394447805007443,0.029208619925697954,0.8951177886211343,0.9211757411260728,0.8,0.0,0.2,0.75
4727,0.9064577726363409,0.9934203828039202,0.10107531529742102,0.029475484671483664,0.9018758090946669,0.9211724924142181,0.28,0.46,0.26,0.25
4728,0.9090642517913463,0.9936027525849438,0.10109154789365728,0.03082592399380353,0.8983073529482459,0.9211717516042279,0.62,0.26,0.12,0.25
4729,0.8957914442237286,0.9848611447173283,0.08043855065102738,0.020365497305763588,0.8799141017243961,0.921170961148118,0.02,0.04,0.94,0.5
4730,0.8999498339006335,0.9910062665380359,0.08548754432851557,0.03204018496367503,0.890729938690092,0.9211708527095692,0.88,0.12,0.0,0.25
4731,0.9091480603533403,0.9938934379598989,0.10210480623480178,0.030898140512927608,0.89988034767264,0.921169638327122,0.58,0.3,0.12,0.25
4732,0.9084074297628805,0.9926751658093399,0.0967074298959082,0.03004107086024473,0.8910378467614442,0.921167100736844,0.7,0.14,0.16,0.5
4733,0.899777275243388,0.9883808107077708,0.09349419512875014,0.0242936507710629,0.8987387822122951,0.921165669023983,0.02,0.32,0.66,0.5
4734,0.9034666701177956,0.9894435079862871,0.09599958005812873,0.02684165737653019,0.8985130283334002,0.9211655263925287,0.34,0.22,0.44,0.25
4735,0.8951415997589787,0.9881562449388505,0.08357341024115357,0.029934991991575278,0.8966224744657372,0.9211581005390486,0.86,0.0,0.14,0.75
4736,0.8571559170372494,0.98980010461317,0.04161809188557952,0.0335901384673858,0.8950942278477959,0.9211544543319252,0.0,1.0,0.0,0.5
4737,0.9037818246380569,0.9904042715857081,0.09540543168787086,0.02538084409202523,0.8937388975249754,0.9211516653056222,0.34,0.12,0.54,0.5
4738,0.8844180843518424,0.9836663252475424,0.07591182915114056,0.02296571553794278,0.898478119741825,0.9211504250541371,0.0,0.24,0.76,0.25
4739,0.9009287251971603,0.9902811029127037,0.08963899820231983,0.027983701827277583,0.8919136280776544,0.921146739206898,0.64,0.04,0.32,0.25
4740,0.9040621335926671,0.9925082256488906,0.09065393068305487,0.03209938591411416,0.8908536363830911,0.9211458469530676,0.8,0.2,0.0,0.5
4741,0.9071408702462115,0.9934281347183633,0.10192087069334572,0.02940326815235958,0.9018416893164324,0.9211439341061358,0.32,0.42,0.26,0.25
4742,0.901572790557917,0.9884307243601206,0.09604051812792283,0.02442515790611415,0.9000194500330047,0.9211428958996088,0.1,0.26,0.64,0.5
4743,0.9032443884078373,0.9916268249850391,0.09166284676460576,0.02961141321453899,0.8919696926909098,0.9211422046386234,0.78,0.04,0.18,0.5
4744,0.9060646340767446,0.9912585177156819,0.0975108775976437,0.02893386077805291,0.8970347247193248,0.9211409125240936,0.58,0.16,0.26,0.25
4745,0.9035272526282946,0.9916947255905629,0.09196507413495164,0.03001194339547643,0.8923954758154805,0.9211338060424035,0.76,0.08,0.16,0.25
4746,0.9004237514309004,0.9882484316415748,0.09090292529595351,0.026625007819157855,0.8954772906884044,0.921131942309581,0.46,0.1,0.44,0.25
4747,0.9041311803749835,0.9905633114150901,0.09830484458906817,0.025492650533520525,0.898461704443569,0.921129794027788,0.28,0.18,0.54,0.5
4748,0.9087358216787496,0.9928417691782192,0.0974876501144695,0.03052769801333815,0.8921152213139589,0.9211297656011712,0.74,0.14,0.12,0.5
4749,0.9088231649234894,0.9941785291697919,0.10332743286890969,0.030481350769783044,0.9017740116550397,0.9211295654492623,0.5,0.34,0.16,0.25
4750,0.9067355682123109,0.9942927985536822,0.1017997899029272,0.02971998780261803,0.9018758090946669,0.9211287536391237,0.3,0.46,0.24,0.25
4751,0.9015090969978997,0.9897783701402375,0.09251950377801725,0.02711401408142643,0.8954952793688932,0.9211254878522435,0.5,0.1,0.4,0.25
4752,0.9072937319812526,0.9947279960538531,0.10175899634428508,0.031014719977413764,0.9019492311700124,0.9211253198041252,0.36,0.5,0.14,0.25
4753,0.9020455116858863,0.991512041851296,0.08989988660435913,0.028357576517973656,0.8893019213702622,0.9211246085692871,0.7,0.02,0.28,0.5
4754,0.9063920270298372,0.9922786251314144,0.09449400399414337,0.03015637643372461,0.8910626995360478,0.9211223253311072,0.68,0.16,0.16,0.25
4755,0.9034483643279159,0.9893746769226969,0.09610871522771897,0.026805549116968044,0.8984627081340976,0.9211178938644523,0.36,0.2,0.44,0.25
4756,0.9017259187061469,0.9877045246725855,0.09178751328020969,0.024576365734721543,0.8922722430314906,0.9211147395755335,0.32,0.08,0.6,0.5
4757,0.9023018867665208,0.9905573776042922,0.09067152943685629,0.025755664803623304,0.8876818011457626,0.9211130367080658,0.44,0.06,0.5,0.5
4758,0.9074840695103882,0.994295338761287,0.10266935282280082,0.029647771283493867,0.9018416893164324,0.9211121075743287,0.34,0.42,0.24,0.25
4759,0.9077303432826943,0.9942796180157962,0.10216462067512208,0.02961166302393181,0.9003396886803688,0.9211111880639866,0.36,0.4,0.24,0.25
4760,0.9008163636591949,0.9871888254246719,0.08985143123489225,0.024539096920889583,0.8907882310759155,0.9211080053367977,0.34,0.06,0.6,0.5
4761,0.9071615235866407,0.9925917157082762,0.09532696775463106,0.030436987824420916,0.8910626995360478,0.921103673069239,0.68,0.18,0.14,0.25
4762,0.8878946096984495,0.980520038379169,0.0719055840474937,0.02130990076752651,0.8844195893224823,0.9210997810077687,0.14,0.0,0.86,0.25
4763,0.9003898971986694,0.9898679395728793,0.09050284861284429,0.027250192433874606,0.8937719459174756,0.9210993113203642,0.58,0.04,0.38,0.25
4764,0.902322764660825,0.9905440343789528,0.09214848106852985,0.02809202660596384,0.8935165441905575,0.9210990795298775,0.58,0.1,0.32,0.25
4765,0.9064815206166505,0.9931715223753017,0.10082532484201985,0.028914261890090942,0.900339688680369,0.9210962462362073,0.28,0.42,0.3,0.25
4766,0.9042121217746301,0.9918153198059725,0.09276165961464636,0.030135309181464277,0.8923260098946673,0.9210924168890562,0.8,0.06,0.14,0.5
4767,0.9045657720037966,0.99191184198662,0.09310669236270162,0.03029255478617284,0.8923954758154805,0.9210924056451707,0.76,0.1,0.14,0.25
4768,0.9018021784389664,0.9887363655641191,0.09629426786721834,0.024705740296492633,0.8997806211992847,0.9210924009432881,0.1,0.28,0.62,0.5
4769,0.8961323104254221,0.9850677463664014,0.08431317774054509,0.022640741201884265,0.8889668123450921,0.9210890880123989,0.18,0.06,0.76,0.25
4770,0.9019818862936316,0.9915210438903805,0.09060661600462841,0.028600890094520406,0.8908593554011824,0.9210879046465983,0.72,0.02,0.26,0.5
4771,0.8967006784094144,0.9857760675590647,0.08662934137455802,0.02327418050240114,0.892387449780555,0.9210839507839765,0.14,0.14,0.72,0.25
4772,0.9068327630693369,0.9934214103036255,0.10178688217723546,0.029439376411921653,0.9018416893164324,0.9210819325524962,0.3,0.44,0.26,0.25
4773,0.9009515592183207,0.9903374669798699,0.08993380422901337,0.02822820495841199,0.892269945281412,0.9210815279391109,0.66,0.04,0.3,0.25
4774,0.9083572684378074,0.9927844803613182,0.09697930510589295,0.029797757283697966,0.8906434982065686,0.9210795133507598,0.68,0.14,0.18,0.5
4775,0.8878732046971549,0.9846090676437991,0.07902933251215627,0.02405033719451614,0.8975922571544014,0.9210790474699628,0.0,0.32,0.68,0.5
4776,0.9000416091722662,0.9911458752063248,0.08688032584659765,0.03211240148279904,0.8925537879720232,0.9210765888819314,0.84,0.16,0.0,0.25
4777,0.903337708851933,0.9916399141896179,0.09237376134097251,0.029368099637992286,0.892361356037246,0.9210744497830348,0.76,0.04,0.2,0.5
4778,0.9057632356883442,0.9911643987426783,0.09757733920270369,0.02868935764691862,0.8970868331780479,0.9210739152910523,0.56,0.16,0.28,0.25
4779,0.9006162920803921,0.9880185200200212,0.09133171165461805,0.026416612947585544,0.8954772906884044,0.9210731751448608,0.42,0.12,0.46,0.25
4780,0.9022045317574044,0.9922724943831729,0.09191806491569138,0.032292942780609395,0.896978685501931,0.9210685006694695,0.74,0.26,0.0,0.25
4781,0.9066872540397518,0.9924395601269195,0.09490730657017656,0.030400879564858967,0.8910626995360478,0.9210668791418144,0.7,0.16,0.14,0.25
4782,0.9084897508601607,0.9927033250095962,0.09699217119346086,0.030284384436791458,0.8910378467614442,0.9210651992591741,0.72,0.14,0.14,0.5
4783,0.9034075906946971,0.9908063150953886,0.0951548171242786,0.02816424312508781,0.8967305159742904,0.9210640766874649,0.54,0.14,0.32,0.25
4784,0.9042061966556271,0.9906917717115769,0.09620703660248534,0.025661426482403736,0.8938398130018148,0.9210498284862104,0.34,0.14,0.52,0.5
4785,0.903258871540698,0.9892753462428548,0.09612823737578563,0.026769440857405916,0.8984627081340976,0.9210477351769824,0.38,0.18,0.44,0.25
4786,0.9011516283254773,0.9902588632524161,0.09112914327790189,0.027775306955705327,0.893415628713718,0.9210472882839243,0.6,0.06,0.34,0.25
4787,0.8990242181811969,0.9857557830023829,0.08841776044054359,0.02307921546160931,0.8906931229118183,0.9210467853463513,0.22,0.06,0.72,0.5
4788,0.9078360423678811,0.994698969187179,0.10202236566664608,0.030698000327155382,0.9004472305339488,0.9210457104016962,0.38,0.46,0.16,0.25
4789,0.904814422274326,0.9919774706761288,0.09322820071706159,0.030537057917307143,0.892039158611723,0.921039436922913,0.78,0.1,0.12,0.25
4790,0.9068093151154716,0.9923319523661184,0.09900920282154704,0.029214472168749284,0.8970514870354692,0.9210393988285266,0.58,0.18,0.24,0.25
4791,0.9020983099299816,0.9915213578486238,0.09042833998906405,0.028114262941426927,0.8893019213702622,0.9210380287419333,0.68,0.02,0.3,0.5
4792,0.9115772346629363,0.9943482093294553,0.1030748945025287,0.0307140420824972,0.8953052092588615,0.9210372469428387,0.64,0.24,0.12,0.5
4793,0.9019018566713438,0.9914567909088104,0.0905027320710579,0.029939726876352248,0.8923260098946673,0.9210364631974909,0.8,0.04,0.16,0.25
4794,0.9031079123881047,0.9894829696833015,0.09500550063778773,0.024856948125100062,0.8937388975249754,0.921031471247191,0.32,0.1,0.58,0.5
4795,0.9054314881779235,0.9920442296153135,0.09323823722659837,0.030415891571842952,0.8905410695485428,0.9210311945199785,0.8,0.08,0.12,0.5
4796,0.8959058149786892,0.9849152197434845,0.08498771977746473,0.022885244333018553,0.8907919843985171,0.9210285038764214,0.2,0.06,0.74,0.25
4797,0.9066858321974052,0.9923880709750217,0.09861035569156464,0.0297034784310179,0.8970347247193248,0.9210255390998665,0.62,0.18,0.2,0.25
4798,0.9116733323157125,0.9948566846836077,0.10500528967798574,0.030788579710160687,0.8983073529482459,0.9210207672603518,0.6,0.28,0.12,0.5
4799,0.9088078845227772,0.9934162670967673,0.1012796758655896,0.030789815734241464,0.8983073529482459,0.9210198079939113,0.64,0.24,0.12,0.25
4800,0.9028235724279284,0.9891040734586483,0.09648222621822099,0.026733332597843884,0.8999479464540165,0.9210193223359184,0.4,0.16,0.44,0.25
4801,0.9074732142640349,0.9944749799597599,0.1027025712294814,0.02992838267419033,0.9014853721126749,0.9210166425153739,0.34,0.44,0.22,0.25
4802,0.907790127965202,0.9927031651763087,0.09992722103668836,0.029495083559445693,0.8966951698317117,0.9210148706809854,0.58,0.2,0.22,0.25
4803,0.9012394038558729,0.9911259360037107,0.09045388850827461,0.028925606092252903,0.892361356037246,0.9210103184684526,0.74,0.02,0.24,0.25
4804,0.9027443542424651,0.993394004603153,0.09401226120078292,0.03250959233798204,0.8986945851578667,0.9210084716658706,0.62,0.38,0.0,0.25
4805,0.8976733994071797,0.9850777587801962,0.08698661951274843,0.022555319494684048,0.8903499088238276,0.9210060731448733,0.2,0.04,0.76,0.5
4806,0.9065772635764959,0.9947677203341255,0.10339636162831492,0.031331439627672035,0.9061189585450748,0.9210060093458681,0.34,0.54,0.12,0.25
4807,0.8986692652229938,0.9869091685465535,0.09206689558025613,0.025446855108848084,0.9001401424497537,0.9210039144578392,0.18,0.26,0.56,0.25
4808,0.8959013143052623,0.9847931699034924,0.08564244196445135,0.023093639204590902,0.8922430336168795,0.9209959117163693,0.24,0.04,0.72,0.25
4809,0.9070575893760513,0.9944798548750283,0.1015780602612105,0.029964490933752457,0.9000354799353346,0.9209924460872257,0.32,0.46,0.22,0.25
4810,0.8957713999927969,0.9846909622244757,0.08563258501854111,0.022849136073456587,0.8922256761547894,0.9209907473910872,0.22,0.04,0.74,0.25
4811,0.9009098636312124,0.990355864932926,0.09085525377594854,0.028472708089546207,0.8938273793123321,0.9209906192959895,0.68,0.04,0.28,0.25
4812,0.903359460851906,0.9896311237241393,0.09645793698377494,0.02701394398854026,0.8984627081340976,0.9209872467684248,0.4,0.18,0.42,0.25
4813,0.9001808666899158,0.9912320824315977,0.08746631690315106,0.0321485097423613,0.8927610436797718,0.9209860826470082,0.82,0.18,0.0,0.25
4814,0.9074372760774352,0.9945979545494867,0.10208143319195091,0.030208994064886648,0.9003917971390922,0.9209833712769669,0.34,0.46,0.2,0.25
4815,0.8983535722766051,0.9869334974562418,0.09180139986106942,0.025482963368410074,0.9001401424497537,0.920982240129953,0.16,0.28,0.56,0.25
4816,0.9019090513816237,0.9913173706154675,0.09098309575702078,0.02945072061408358,0.892361356037246,0.9209822080789015,0.76,0.04,0.2,0.25
4817,0.9076296200933939,0.9927656257417263,0.09993483655509376,0.029739586690580005,0.8970514870354692,0.920978436984465,0.6,0.2,0.2,0.25
4818,0.9028649953592837,0.9933207153325081,0.09359940151927429,0.03247348407841977,0.8974797628251392,0.9209777950353417,0.64,0.36,0.0,0.25
4819,0.8882284213843435,0.9808219406259067,0.07622773374420182,0.022043410160929512,0.8919217856317709,0.920976728631576,0.2,0.0,0.8,0.25
4820,0.9026307653964493,0.9914336036654613,0.09256977799108959,0.029486828873645544,0.8938633566733096,0.9209764159662337,0.74,0.06,0.2,0.25
4821,0.9002444017501443,0.9936219896627593,0.0923297118221341,0.032870674933602094,0.9004961511556836,0.9209761831865894,0.42,0.58,0.0,0.25
4822,0.9067033083046386,0.9922822042553877,0.09949957601595233,0.02945897529988364,0.898145062009052,0.920973778393327,0.6,0.18,0.22,0.25
4823,0.9028737415667255,0.9916537740189758,0.09088392078931995,0.030220338267048667,0.8908593554011824,0.9209714678657721,0.8,0.06,0.14,0.25
4824,0.901113865046348,0.9879910172779098,0.09596446786936438,0.024387889092282462,0.9000194500330047,0.9209686594127491,0.12,0.24,0.64,0.5
4825,0.906106501525738,0.9920738216068256,0.09763878121062956,0.02917836390918726,0.8955507127637498,0.9209673607412667,0.6,0.16,0.24,0.25
4826,0.9090645238720187,0.9943662533659463,0.10373375247833852,0.030970357032051643,0.9014176944512822,0.9209616438731192,0.54,0.34,0.12,0.25
4827,0.9038517346450675,0.9900280268811277,0.09768212213342083,0.025212068143142096,0.8968587883306658,0.9209610264095817,0.28,0.16,0.56,0.5
4828,0.899820063424931,0.9861798492557465,0.0923793609695248,0.02384642500508135,0.8967249101166139,0.920957398742072,0.26,0.08,0.66,0.5
4829,0.9079140837935447,0.9942213958866629,0.10210478782525786,0.029575554764369804,0.8988383192627039,0.9209568572482906,0.38,0.38,0.24,0.25
4830,0.9004477777020067,0.9902125344323713,0.0890238917667006,0.0279475935677156,0.8904296161220796,0.9209542717457355,0.66,0.02,0.32,0.25
4831,0.9053182011488407,0.9919544204327404,0.09570080339802126,0.029386758780759522,0.8936923949239287,0.9209517159977176,0.64,0.14,0.22,0.25
4832,0.8849022301420519,0.9831226580284843,0.07504199197481799,0.020963930900352454,0.8923589931863332,0.9209475886086678,0.0,0.1,0.9,0.5
4833,0.9037854690031695,0.9918014542682829,0.09275674639465589,0.030256446526610734,0.8923781183533905,0.9209473476823666,0.78,0.08,0.14,0.25
4834,0.9074697752157741,0.9947181263483508,0.1017994570810192,0.030978611717851816,0.9004472305339488,0.9209468993743117,0.38,0.48,0.14,0.25
4835,0.8982631256994937,0.9852580393118191,0.08754883531806527,0.02328526022432423,0.8906221288234879,0.9209426567754838,0.26,0.04,0.7,0.5
4836,0.9000938810802314,0.987320750678498,0.09107510645278134,0.02613600155688917,0.8954772906884044,0.9209419493321545,0.42,0.1,0.48,0.25
4837,0.8976032379871147,0.986099550153779,0.08863118708721611,0.023835403283793924,0.8939095376688966,0.9209416990970112,0.14,0.18,0.68,0.25
4838,0.9079747121423146,0.9946489813265171,0.1024630140821901,0.030417388936458956,0.8999833714766113,0.9209392123176896,0.38,0.44,0.18,0.25
4839,0.9053007248912903,0.9920422602408784,0.09366919476475709,0.030328663045734863,0.890893475179417,0.920937628617049,0.74,0.12,0.14,0.25
4840,0.9053679485251844,0.9910591884811895,0.09775732342501499,0.02844485451578423,0.8970868331780479,0.9209365157601145,0.54,0.16,0.3,0.25
4841,0.9002428097918274,0.9876483461261993,0.09125321916397157,0.02638050468802346,0.8954772906884044,0.9209354741715309,0.44,0.1,0.46,0.25
4842,0.9041116525937217,0.9900131709478888,0.09741941702295824,0.02733066363879882,0.8984627081340976,0.9209294429475916,0.38,0.22,0.4,0.25
4843,0.9031616516199854,0.991630449775666,0.09234180393827134,0.02985472679108573,0.8923260098946673,0.9209268065566314,0.8,0.04,0.16,0.5
4844,0.9018457373301686,0.9913896609280656,0.09077491720213607,0.029695223745217905,0.8919696926909098,0.9209264749159277,0.78,0.04,0.18,0.25
4845,0.9026649739100018,0.9905410489214758,0.09406645078836272,0.027883631734391488,0.8950868537064123,0.9209251108070261,0.54,0.12,0.34,0.25
4846,0.8992832886561305,0.9860491284599083,0.09003263069962679,0.023153753089272963,0.892268545623227,0.920923961125747,0.18,0.1,0.72,0.5
4847,0.9079656647332751,0.9944486759673048,0.10203289483334173,0.02985616615506615,0.8984993595210363,0.9209202012354991,0.38,0.4,0.22,0.25
4848,0.9000819447719808,0.9910655475626988,0.0858974323841651,0.03207629322323723,0.8895677753803847,0.9209195632832633,0.86,0.14,0.0,0.25
4849,0.9015255402716461,0.9883644163791399,0.09482623256416887,0.026144256242689245,0.8986381418136901,0.9209181274685785,0.26,0.24,0.5,0.25
4850,0.8860519604493947,0.9838127468097104,0.0798585007082772,0.022366842852245064,0.9003032917952499,0.9209173327661817,0.0,0.2,0.8,0.5
4851,0.9034696980389861,0.9887745914073214,0.09771804167468068,0.02500602338042722,0.8983607889667294,0.9209145449658294,0.24,0.18,0.58,0.5
4852,0.9041794407705047,0.9912290655782964,0.09604876674769203,0.025867471245118564,0.8923911471888185,0.9209095540031157,0.38,0.12,0.5,0.5
4853,0.9016199313605585,0.9898073227985996,0.09641324081906993,0.025378711518745118,0.8989706083956244,0.9209079459024111,0.04,0.38,0.58,0.5
4854,0.8980645884298822,0.9863906008619626,0.09139385491610495,0.02436051780562471,0.8984851178781272,0.9209079385278152,0.16,0.2,0.64,0.25
4855,0.9017929593833629,0.9912068858554915,0.09140663418631481,0.028961714351814966,0.892361356037246,0.920906401659567,0.72,0.04,0.24,0.25
4856,0.9012260335755217,0.9871167291953515,0.0939678802186012,0.024370320972006577,0.8963851658060544,0.9209056311696212,0.28,0.1,0.62,0.5
4857,0.9040212418012584,0.9906356188526834,0.09569639377180844,0.025624157668571974,0.8922722430314906,0.92090557774418,0.36,0.12,0.52,0.5
4858,0.9035333719992347,0.9899869126220873,0.09517823746490602,0.025137530515478554,0.8922368968889117,0.9209034426850902,0.32,0.12,0.56,0.5
4859,0.9068398014082183,0.9924372311275875,0.09809843869597105,0.02994798156215229,0.8951943955599923,0.9209018619080465,0.64,0.18,0.18,0.25
4860,0.9076445425876752,0.9946471204103843,0.10225633355553736,0.030453497196021015,0.9000354799353346,0.920900112324944,0.36,0.46,0.18,0.25
4861,0.9027038158912459,0.9926845674316432,0.09184236241628005,0.032365159299733444,0.8943822352900059,0.9208980291553757,0.7,0.3,0.0,0.25
4862,0.8993864094828644,0.9862747331451974,0.09334802315694825,0.02347160429348322,0.8984149083586886,0.9208905021946822,0.16,0.14,0.7,0.5
4863,0.9045556653499728,0.9917599489885213,0.09501047107637128,0.0293506505211975,0.8936240860441375,0.9208899476647702,0.66,0.12,0.22,0.25
4864,0.9050697123246678,0.9909784498376814,0.09584378219080956,0.02865324938735648,0.8940487121276862,0.9208896682613896,0.58,0.14,0.28,0.25
4865,0.8983483678559165,0.9860832186167968,0.09166922671114708,0.023022245954221598,0.8968401168656784,0.9208884137326424,0.1,0.16,0.74,0.5
4866,0.9012218309382324,0.9914404593718282,0.09010719011407273,0.030148121747924587,0.8922223548722974,0.9208869078033012,0.84,0.02,0.14,0.25
4867,0.9041269250990552,0.9917838326483374,0.0935499335997356,0.029648682028370798,0.8920050388334885,0.9208838667903503,0.76,0.06,0.18,0.5
4868,0.9018160718693059,0.9886836262875799,0.09072879684805003,0.024782410497436357,0.8878022184842771,0.9208824191213822,0.36,0.06,0.58,0.5
4869,0.9031533214358543,0.9885883799190663,0.09757384506907718,0.024762709803880453,0.8983607889667294,0.9208819693225244,0.22,0.18,0.6,0.5
4870,0.9013429625260981,0.988581176004466,0.09603783685790976,0.024462426719945914,0.8986183648737806,0.9208796723510554,0.08,0.28,0.64,0.5
4871,0.8971260253460104,0.9857146259308548,0.08840198162166037,0.02344646711441145,0.89387146173613,0.9208790072329031,0.2,0.1,0.7,0.25
4872,0.8963488656631803,0.9850868236109295,0.08870396549231238,0.02361875372642157,0.8968625875233227,0.9208787663992186,0.26,0.06,0.68,0.25
4873,0.9031772870870024,0.9885010395899518,0.0975911197508959,0.024725440990048714,0.8983607889667294,0.9208785273117095,0.24,0.16,0.6,0.5
4874,0.9059051163423796,0.9921687797045884,0.09460236358234518,0.030364771305296853,0.8909943906562565,0.9208765840364566,0.72,0.14,0.14,0.25
4875,0.9005006359367385,0.9936131360402988,0.09291884050147278,0.03283456667404034,0.9004104848138025,0.9208761104950032,0.44,0.56,0.0,0.25
4876,0.9003332668804118,0.9868327511101392,0.09225995888583587,0.024333052158174846,0.8949185113125695,0.9208754619644519,0.3,0.08,0.62,0.5
4877,0.90086514695419,0.9919185549846945,0.09102696966970056,0.03225683452104762,0.8969613280398407,0.9208753280898023,0.76,0.24,0.0,0.25
4878,0.9028952982046841,0.9905610166657484,0.09564923210604453,0.027675236862819183,0.8970313997831914,0.9208738699913368,0.5,0.14,0.36,0.25
4879,0.9042518802858429,0.9900748437635323,0.09708076198377757,0.027366771898360783,0.8971353566087344,0.9208721529859771,0.36,0.24,0.4,0.25
4880,0.9034710965292129,0.988743540937061,0.09788685943697122,0.024968754566595353,0.8983607889667294,0.9208690501954307,0.26,0.16,0.58,0.5
4881,0.9039550126739253,0.9904771755439635,0.09656932842401736,0.025418112905856972,0.8937209088444867,0.9208685756354124,0.32,0.14,0.54,0.5
4882,0.9023986530546128,0.99151639730838,0.09093368293566396,0.029574144400707245,0.8904676920548461,0.9208644657565159,0.8,0.02,0.18,0.5
4883,0.9054512346716599,0.9920845589787457,0.09374766566292476,0.030573166176869195,0.8905371579756595,0.9208641362399212,0.76,0.12,0.12,0.25
4884,0.9042770839639025,0.9907645015657155,0.09519677208902452,0.028372637996660247,0.8940487121276862,0.9208625974435545,0.58,0.12,0.3,0.25
4885,0.9026455341820423,0.9914912064406056,0.09187556523524609,0.029731332004779964,0.8920050388334885,0.9208621461760188,0.76,0.06,0.18,0.25
4886,0.8740786954278292,0.9710185259795194,0.05003433072793427,0.03272099401250528,0.8931064329737182,0.9208612975057555,0.06,0.88,0.06,0.0
4887,0.8876530525539137,0.9845117120467239,0.07886869503976937,0.023769754804137632,0.8959893410414983,0.9208604277255281,0.0,0.3,0.7,0.5
4888,0.8992243005382455,0.9861239390009502,0.09176913940012198,0.02319102190310474,0.8952725468953541,0.9208595822014577,0.16,0.12,0.72,0.5
4889,0.9055783180622894,0.9920773550641453,0.09446591264138121,0.029875765043028135,0.8907063823322902,0.9208588022793924,0.68,0.14,0.18,0.25
4890,0.9001917250898027,0.9901251741240958,0.08998643007799334,0.027703090436581247,0.8919136280776544,0.9208581244857227,0.64,0.02,0.34,0.25
4891,0.8982943354408808,0.9868180179060319,0.0915464700306217,0.025202351977713793,0.8986381418136901,0.9208515265298661,0.16,0.26,0.58,0.25
4892,0.9004990292079175,0.9900687586819444,0.09142692810315046,0.027494695565008897,0.8937719459174756,0.920846640183661,0.6,0.04,0.36,0.25
4893,0.9077201074658615,0.9945770278054892,0.10283799912635438,0.0301728858053247,0.9003396886803688,0.9208461882806651,0.36,0.44,0.2,0.25
4894,0.9033926517110054,0.9916288628594545,0.09219185985452817,0.02976744026434213,0.890893475179417,0.9208417103617722,0.74,0.08,0.18,0.25
4895,0.9004235297387433,0.988325582598612,0.08923087125786171,0.024707872869772766,0.8876818011457626,0.920840004817741,0.4,0.02,0.58,0.5
4896,0.8842567156106935,0.9835941433932466,0.07637476671437056,0.022685104147246428,0.8973172792036115,0.9208396078057126,0.0,0.22,0.78,0.25
4897,0.9084801360662037,0.9942198346579441,0.10277899707858623,0.029783949635942154,0.8984820020589462,0.9208367765216426,0.42,0.36,0.22,0.25
4898,0.9043903452497356,0.991787988313812,0.09437640800093844,0.029405368451823993,0.892361356037246,0.9208271563772412,0.74,0.06,0.2,0.5
4899,0.9005265223540898,0.9876881132189596,0.09394525690252647,0.025899753111554832,0.8986381418136901,0.9208200730891506,0.24,0.24,0.52,0.25
4900,0.9043940361432049,0.9918428054230887,0.09322750408214736,0.030048051655038554,0.890893475179417,0.9208192710395757,0.74,0.1,0.16,0.25
4901,0.8982920459166608,0.986667631907501,0.09178394547008335,0.024921740587017516,0.8986381418136901,0.920815883123191,0.16,0.24,0.6,0.25
4902,0.9041712679417651,0.9918102793490848,0.09309186049768688,0.02989199560491751,0.8908593554011824,0.9208127933766581,0.78,0.06,0.16,0.5
4903,0.8989898578171841,0.9861602782405269,0.09173381510105853,0.02322829071693649,0.8953734623721936,0.9208125762680516,0.14,0.14,0.72,0.5
4904,0.9034361584867076,0.9903215179011113,0.09467920128869667,0.02534357527819349,0.8907882310759155,0.9208099520020215,0.36,0.1,0.54,0.5
4905,0.8956034320261453,0.9882279644182789,0.08408142594950131,0.029450743947657045,0.8936157879850707,0.920806672429171,0.82,0.0,0.18,0.75
4906,0.877485989171931,0.9732500840894343,0.05691715940133731,0.03314248397336444,0.8974920175433944,0.9208057944798715,0.14,0.84,0.02,0.0
4907,0.9032286412646701,0.9888156599997082,0.09632533836442153,0.0248942169389318,0.8952229094805504,0.9208019168195929,0.3,0.12,0.58,0.5
4908,0.9036199843380843,0.9905088139723885,0.09483721183465448,0.025586888854740267,0.8907882310759155,0.9207989392466044,0.38,0.1,0.52,0.5
4909,0.8982438089283917,0.9871942483397831,0.09334585543297212,0.024256381957230996,0.9001886743896353,0.9207953841523467,0.04,0.3,0.66,0.5
4910,0.8900832691851926,0.9878941954098482,0.08184186046784693,0.026333052226299426,0.8964398578885467,0.9207939090582393,0.0,0.48,0.52,0.25
4911,0.9067366020802063,0.9947705744999735,0.10274729038065591,0.03129533136811004,0.9030769259218296,0.9207924381543202,0.36,0.52,0.12,0.25
4912,0.898773189241146,0.9856792999201541,0.08759130314281405,0.024015200953964387,0.8892179215600607,0.9207899920697553,0.32,0.04,0.64,0.5
4913,0.8980551432191268,0.985032360418218,0.08696900760810186,0.02324799141049243,0.8890698079881217,0.9207883187471418,0.28,0.02,0.7,0.5
4914,0.9000366079081179,0.9897580827293899,0.09040293367436397,0.027214084174312536,0.892269945281412,0.9207875969204294,0.6,0.02,0.38,0.25
4915,0.8758404485908972,0.9727268355728527,0.05441627540211424,0.03293173899293483,0.896058325787122,0.9207823428494227,0.1,0.86,0.04,0.0
4916,0.9027805570275128,0.988215326171904,0.09734060238789755,0.024519396227333626,0.8980210446561698,0.9207791826185654,0.2,0.18,0.62,0.5
4917,0.9036363248080963,0.990050571937161,0.0972835624519044,0.025174799329310295,0.8952229094805504,0.9207768571673486,0.3,0.14,0.56,0.5
4918,0.8969383244822796,0.9855345566075047,0.08914810874562593,0.02365486198598374,0.8954288957670502,0.9207723359252815,0.24,0.08,0.68,0.25
4919,0.9087687189140493,0.9944081353955998,0.10309929589784662,0.03051745902934517,0.8988736654052825,0.9207712254062846,0.48,0.36,0.16,0.25
4920,0.9024999555270363,0.9906071827983397,0.09436253848818547,0.028336529737098232,0.8954302954252352,0.9207610291797077,0.6,0.1,0.3,0.25
4921,0.8969801753855059,0.9859564765281507,0.08874635914939923,0.023554791893097535,0.8939095376688966,0.9207562099182315,0.14,0.16,0.7,0.25
4922,0.9057417796802661,0.9921235754258878,0.09425053103840839,0.030120268174162513,0.8895606988999841,0.9207561666720756,0.7,0.14,0.16,0.25
4923,0.907702823543826,0.994472011627278,0.10309135892496894,0.02989227441462824,0.8999833714766113,0.9207548211898943,0.36,0.42,0.22,0.25
4924,0.9011594073674716,0.9913172849904921,0.08987152135003136,0.029659115485655894,0.8904676920548461,0.9207523060361436,0.8,0.02,0.18,0.25
4925,0.9037874634399097,0.9896693581298391,0.09694255081575742,0.027086160507664478,0.8970290163778252,0.9207520556439859,0.36,0.22,0.42,0.25
4926,0.9013023848502698,0.9911616587434642,0.09106430789012418,0.029170109223387176,0.8919696926909098,0.920750791246546,0.76,0.02,0.22,0.25
4927,0.8989059574723961,0.9868684281832392,0.09241424256008979,0.02541074684928611,0.8986381418136901,0.9207505094816107,0.2,0.24,0.56,0.25
4928,0.8968937112107312,0.9855159417378441,0.08853484397098935,0.02341035885484941,0.89387146173613,0.9207483960447808,0.22,0.08,0.7,0.25
4929,0.9031638365141355,0.9891218834535398,0.09639285416147655,0.026561045985833698,0.8970290163778252,0.9207464781965996,0.34,0.2,0.46,0.25
4930,0.9012163854232715,0.991386367220677,0.08996963156949486,0.029903618616790265,0.8907557003788125,0.9207457537843633,0.82,0.02,0.16,0.25
4931,0.9087860320043973,0.9945542058953686,0.10387422574752271,0.03076196216047949,0.9003073571615549,0.9207408855553354,0.5,0.36,0.14,0.25
4932,0.9060503616219071,0.9921334165897316,0.09726674250691504,0.02942286704032156,0.8936923949239287,0.9207391573939269,0.62,0.16,0.22,0.25
4933,0.9025341939958432,0.991518144057879,0.09191379559038129,0.02933083082416048,0.8908240092586037,0.9207246996138884,0.78,0.02,0.2,0.5
4934,0.9045095350289398,0.9908325848378536,0.09500403540060062,0.02861714112779453,0.8925467114916226,0.9207239565851673,0.6,0.12,0.28,0.25
4935,0.9003040065212864,0.9867231340165811,0.08885138214370658,0.024464559293226072,0.8876818011457626,0.9207219406931212,0.38,0.02,0.6,0.5
4936,0.9027356206631735,0.9888045458778961,0.09589517963126505,0.026488829466709586,0.8969439451818894,0.9207156939447415,0.38,0.16,0.46,0.25
4937,0.8947916239787786,0.9881201796991951,0.08438497464186011,0.030177116013534372,0.8962661572619797,0.9207116576468325,0.88,0.0,0.12,0.75
4938,0.9082245555793788,0.9943699809065438,0.1022550883292039,0.029820057895504123,0.8970153475654613,0.9207065725978725,0.4,0.38,0.22,0.25
4939,0.9079323335362258,0.9945700579324884,0.10357306738731213,0.030136777545762578,0.9003396886803688,0.9207039364057771,0.38,0.42,0.2,0.25
4940,0.8996163164341239,0.9865869275139829,0.09557536901374739,0.02407003788807213,0.901453141789277,0.9206996755666584,0.14,0.2,0.66,0.5
4941,0.8985880297834135,0.9854124668091908,0.08929196819219955,0.023771887377417686,0.8921859454712108,0.9206975773611805,0.3,0.04,0.66,0.5
4942,0.8986182846921421,0.9867766667512261,0.0924421025977261,0.02516624371815179,0.8986381418136901,0.920691305351332,0.18,0.24,0.58,0.25
4943,0.9079584321979567,0.9946732531528886,0.10258130967507882,0.03066189206759328,0.8988556767247938,0.9206857813762945,0.4,0.44,0.16,0.25
4944,0.8995086787775044,0.9862237748681473,0.09178201716109724,0.023434335479651496,0.893752557578802,0.9206794942041433,0.18,0.12,0.7,0.5
4945,0.9027367814265818,0.9915848059554249,0.09189081621177513,0.029975835135914293,0.8908593554011824,0.9206784066338892,0.78,0.06,0.16,0.25
4946,0.8881270268193558,0.9807212456547894,0.07478828489793604,0.021798907029795183,0.8871228898348921,0.9206756094155313,0.18,0.0,0.82,0.25
4947,0.8978996813809649,0.9861906722526422,0.09206975296047437,0.024079906414928246,0.898378777647218,0.9206736254138932,0.16,0.18,0.66,0.25
4948,0.8857546627675401,0.9836908939071619,0.07955168672770256,0.02208626046186652,0.8984226863469684,0.9206724189887265,0.0,0.18,0.82,0.5
4949,0.908836285852545,0.9943313412092937,0.10381287734321161,0.030028452767076434,0.8988383192627039,0.9206665796084547,0.44,0.36,0.2,0.25
4950,0.8987500323858322,0.9858327941052936,0.0869594718821783,0.024221245716679385,0.887342056835203,0.92066578844494,0.36,0.02,0.62,0.5
4951,0.9076696986271324,0.9947099748506889,0.1022320329036881,0.03094250345828972,0.8989632185783738,0.9206654585328117,0.4,0.46,0.14,0.25
4952,0.9021003477163323,0.9915321009288757,0.09109072518159335,0.030184230007486566,0.8908240092586037,0.9206634473434315,0.82,0.04,0.14,0.25
4953,0.9005588071876706,0.9868929397595417,0.08862918277830385,0.024501828107057897,0.8862319089684223,0.9206630273496241,0.36,0.04,0.6,0.5
4954,0.9020203248722454,0.988683360850156,0.09543012721336393,0.026316542854699376,0.8970110276973366,0.920661632916433,0.32,0.2,0.48,0.25
4955,0.898206862871206,0.9865312370299568,0.09210674892357533,0.02464112919632107,0.8981453735675677,0.9206589346308367,0.16,0.22,0.62,0.25
4956,0.9088877307848395,0.9945558498948971,0.10391645651514335,0.031006465291613692,0.8999510399577973,0.9206571083588031,0.52,0.36,0.12,0.25
4957,0.8863523026176044,0.9839587459553331,0.08019813401150223,0.02264742524262361,0.8988012911591865,0.920649921258546,0.0,0.22,0.78,0.5
4958,0.9031886558481258,0.9907089195399916,0.09567413894003182,0.02791973999395349,0.8951730819433702,0.9206492278201301,0.52,0.14,0.34,0.25
4959,0.9002353486521408,0.9902900764101298,0.09040181770183665,0.0286811029611186,0.892361356037246,0.9206476480533673,0.72,0.02,0.26,0.25
4960,0.8973862160997303,0.986031033048432,0.09226004387984796,0.022816201191506624,0.8980692662836832,0.9206470479359041,0.06,0.18,0.76,0.5
4961,0.8970912327621402,0.9858853221735601,0.0900366259790701,0.02351868363353548,0.8954468844475387,0.920644385335424,0.16,0.14,0.7,0.25
4962,0.8974145394949496,0.9858938275877871,0.08945498213398988,0.02372707850510777,0.8939268951309866,0.9206408027337757,0.2,0.12,0.68,0.25
4963,0.9062245275934231,0.9922396828925842,0.09751118292797223,0.029911873302590226,0.8936923949239287,0.9206390152817056,0.66,0.16,0.18,0.25
4964,0.8868845826989955,0.9841968918453582,0.0797938853276981,0.023208590023380566,0.8973675994029141,0.9206346819611568,0.0,0.26,0.74,0.5
4965,0.8998746860773543,0.9862708800213026,0.09283190317827637,0.023883693818913216,0.8952912183603415,0.9206343565463536,0.24,0.1,0.66,0.5
4966,0.8851984548501065,0.9841008206229146,0.07611927227187237,0.02380754971003193,0.894539448864158,0.920630687611545,0.0,0.3,0.7,0.25
4967,0.8855322053356692,0.983560955152766,0.07955244171436154,0.02180567807148797,0.8983163461160592,0.9206261385463435,0.0,0.16,0.84,0.5
4968,0.906939389873358,0.9947614525859233,0.10200732019426771,0.03125922310854802,0.9000909133301913,0.9206247362319865,0.38,0.5,0.12,0.25
4969,0.8961417519667821,0.9849308034890145,0.0885516745019158,0.023582645466859533,0.8953959330298379,0.920624394641225,0.28,0.04,0.68,0.25
4970,0.9005497027441614,0.9934397112150428,0.09380410745634615,0.03279845841447816,0.9004104848138025,0.9206166044162223,0.46,0.54,0.0,0.25
4971,0.8952276574306555,0.9882008384260595,0.08417229875301395,0.02969286796961617,0.8936157879850707,0.9206152259987035,0.84,0.0,0.16,0.75
4972,0.9037210773201858,0.9910939493670522,0.09571643045779671,0.02583020243128703,0.8907882310759155,0.9206146858656322,0.4,0.1,0.5,0.5
4973,0.9040520277846076,0.9918689324572612,0.09230710098905416,0.03050094965774518,0.8890177998775058,0.9206142288868993,0.8,0.08,0.12,0.25
4974,0.9066215901316313,0.9924322077956951,0.0960514467529429,0.030645382695993283,0.8907063823322903,0.9206135998393523,0.72,0.16,0.12,0.25
4975,0.8985517041701722,0.9866407913318663,0.09277142456291415,0.024885632327455543,0.8986381418136901,0.9206120499267698,0.18,0.22,0.6,0.25
4976,0.9072366070901393,0.994732111761006,0.10237596068373785,0.03122311484898609,0.9000909133301913,0.9206103547639897,0.4,0.48,0.12,0.25
4977,0.9021644253228622,0.9915806445816184,0.09101272092440946,0.03042873313862085,0.8904676920548461,0.9206101112375129,0.84,0.04,0.12,0.25
4978,0.908864354670203,0.9943883731512683,0.10373357485615795,0.030272955898210833,0.898517348201525,0.9206093906206051,0.46,0.36,0.18,0.25
4979,0.899819110020417,0.9862988622632763,0.09228593300903207,0.023677649056198145,0.8938079909736586,0.9205981396012374,0.2,0.12,0.68,0.5
4980,0.895846333657224,0.9847423143764128,0.0859787297219268,0.023302034076163172,0.8906727241010247,0.920597531655199,0.28,0.02,0.7,0.25
4981,0.89876926184612,0.988330109305647,0.08871438616077297,0.02648057478090954,0.8906670291685089,0.9205866733748463,0.54,0.02,0.44,0.25
4982,0.8880310676601784,0.9806113602696415,0.07355475708233511,0.02155440389866084,0.8840964179051208,0.9205811895892403,0.16,0.0,0.84,0.25
4983,0.8992418408295546,0.9871172543618676,0.09331263457138987,0.02565524998042042,0.8986381418136901,0.9205804766494303,0.22,0.24,0.54,0.25
4984,0.9002756138538281,0.9902633385844657,0.09001774463067701,0.028436599829984244,0.8907859333258371,0.9205791242225597,0.7,0.02,0.28,0.25
4985,0.8579218035502607,0.989764164956812,0.04207433422620569,0.03362894838440534,0.8906763117593057,0.9205767362282444,0.0,1.0,0.0,0.25
4986,0.89942524228409,0.9866172787136106,0.09579842508691679,0.024107306701903964,0.901453141789277,0.9205750918607057,0.12,0.22,0.66,0.5
4987,0.8703598888693473,0.9721833024995894,0.04873860617874208,0.03345807206967136,0.8959442464187469,0.920572495497838,0.12,0.88,0.0,0.0
4988,0.9082770205885791,0.9945571257070311,0.10286944437035908,0.030100669286200397,0.8973716647692188,0.9205704434403471,0.4,0.4,0.2,0.25
4989,0.9062188710777447,0.9923199020779081,0.09572280207224071,0.030609274436431154,0.890638073452499,0.9205677403956747,0.74,0.14,0.12,0.25
4990,0.9020326498178092,0.9879357377937659,0.09717762714832287,0.024482127413501975,0.8980210446561698,0.9205673506756844,0.22,0.16,0.62,0.5
4991,0.9059774892863592,0.992168505704667,0.09782778593270512,0.0296673701714559,0.8940487121276862,0.9205652231012175,0.64,0.16,0.2,0.25
4992,0.905326211230956,0.9920063377095155,0.09709275240420183,0.02963126191189385,0.8940487121276862,0.920564821982528,0.66,0.14,0.2,0.25
4993,0.9082541598048898,0.9946184817102655,0.10329578668835632,0.030381280676896882,0.8984993595210363,0.9205628041507796,0.4,0.42,0.18,0.25
4994,0.8846127171590759,0.9838577427343042,0.07596356354374591,0.023246326928639125,0.8944157065895101,0.9205571158780039,0.0,0.26,0.74,0.25
4995,0.886571483453357,0.9840346553502264,0.07968239810998606,0.022928007633002102,0.8970444279855526,0.9205562258898901,0.0,0.24,0.76,0.5
4996,0.9053415507419481,0.9910454941934508,0.09715441354099225,0.028897752518490815,0.8940487121276862,0.9205542075438438,0.6,0.14,0.26,0.25
4997,0.8933789711897274,0.9880297368918038,0.0813315990182252,0.0308455228817656,0.8931351418699154,0.9205519796805903,0.92,0.0,0.08,0.25
4998,0.9012321076545252,0.9914589943248451,0.09093930161584315,0.030392624879058944,0.8918660376685398,0.9205503262269371,0.86,0.02,0.12,0.25
4999,0.8994627034688374,0.9879634346191548,0.09099856006475879,0.02655279130003367,0.8938728613943151,0.9205470629159721,0.5,0.06,0.44,0.25
5000,0.8961634613052374,0.9850478585387725,0.08825851671796717,0.02337425059528723,0.8938031528563389,0.9205358151047351,0.24,0.06,0.7,0.25
5001,0.8553558209241457,0.9898212083154501,0.04115760346226923,0.03355132855036626,0.8936102158922209,0.920535620116343,0.0,1.0,0.0,0.75
5002,0.9008454467755815,0.99344224286015,0.09442203053755427,0.032762350154916346,0.9004104848138025,0.9205346341113448,0.48,0.52,0.0,0.25
5003,0.8985475490735348,0.985508206948396,0.08663553382319313,0.023977932140132597,0.8862319089684223,0.9205319646792589,0.34,0.02,0.64,0.5
5004,0.8971759732302876,0.9858172103597634,0.08891496996719288,0.023482575373973504,0.8923874497805551,0.9205315386688473,0.18,0.12,0.7,0.25
5005,0.8987634210589222,0.986189981544507,0.09322850419899771,0.023265559530768285,0.8968401168656784,0.9205303690375729,0.12,0.16,0.72,0.5
5006,0.8872869831583331,0.9843787421681974,0.07969664067878737,0.023489172413759054,0.8958655987668505,0.920529321948446,0.0,0.28,0.72,0.5
5007,0.9091102615316278,0.9937972811124799,0.10269731610358501,0.03086203225336546,0.8968736611919735,0.9205291316234334,0.6,0.28,0.12,0.25
5008,0.9001638672819249,0.9894718098948359,0.09065278900345429,0.02700568930274029,0.8907679446453484,0.9205271196774497,0.56,0.04,0.4,0.25
5009,0.8990517427961084,0.988495045841671,0.09012127748071781,0.02651668304047155,0.892269945281412,0.9205234308791989,0.52,0.04,0.44,0.25
5010,0.8960334487895236,0.9849898333470828,0.08676402614935556,0.02312974746415295,0.890830015749635,0.920522256457887,0.22,0.06,0.72,0.25
5011,0.8996884512226105,0.9861747745488688,0.09239680766363724,0.023640380242366435,0.8938079909736586,0.9205157909046288,0.22,0.1,0.68,0.5
5012,0.896466272824468,0.9852660680803494,0.08672694367265868,0.02407165172912822,0.8908208376729638,0.9205144810549116,0.32,0.04,0.64,0.25
5013,0.8992173940805416,0.9890119638184017,0.09042678140768731,0.026761186171605902,0.892269945281412,0.9205136135347292,0.54,0.04,0.42,0.25
5014,0.8999385330951524,0.9880976175181667,0.09091793851115193,0.02658889955959581,0.8924229692169746,0.9205084962233205,0.48,0.08,0.44,0.25
5015,0.8982245953097049,0.9863352899819944,0.09288815171560282,0.024324409546062572,0.898378777647218,0.9205077516605925,0.18,0.18,0.64,0.25
5016,0.9028210461182442,0.9900941835913183,0.0942375306328404,0.025306306464361692,0.8893042191203406,0.9205036093274257,0.38,0.08,0.54,0.5
5017,0.8980752153756677,0.987202474045757,0.08786994374149643,0.026236071649775216,0.8906670291685089,0.9205018693490754,0.52,0.02,0.46,0.25
5018,0.8965169085203479,0.9852004650783333,0.08933214629950334,0.02386325685755592,0.8953771597804573,0.9204932560217596,0.28,0.06,0.66,0.25
5019,0.9021294058701449,0.9915138000174584,0.09176978327316707,0.030060771553800707,0.8907886631160251,0.9204928746739753,0.84,0.02,0.14,0.5
5020,0.9032609448999617,0.9916491103119802,0.09308687852704152,0.03009804036763243,0.8908240092586037,0.9204704477274904,0.82,0.04,0.14,0.5
5021,0.8991637466898962,0.986322078048284,0.09535393278007163,0.023508873107315018,0.8998815628521736,0.9204645663303607,0.14,0.16,0.7,0.5
5022,0.8998277840082817,0.9894223529090218,0.09052974043758517,0.02696958104317818,0.8907679446453484,0.9204616021105505,0.58,0.02,0.4,0.25
5023,0.901731456637166,0.9881989175724438,0.09636812741790543,0.02624432633557528,0.8984105996753743,0.9204560354060939,0.36,0.16,0.48,0.25
5024,0.902619087372938,0.9934097567444681,0.09500617680888364,0.03254570059754378,0.8971925845218032,0.920453949255114,0.6,0.4,0.0,0.25
5025,0.9029524106196497,0.9883402415944074,0.09717542422188506,0.024688172176216876,0.8952912183603415,0.9204539072196251,0.26,0.14,0.6,0.5
5026,0.9021180175833605,0.9876155574689376,0.09676868977226855,0.02444485859967008,0.896554390162685,0.9204503839302626,0.24,0.14,0.62,0.5
5027,0.8997386426742364,0.986372813700398,0.09357310033036037,0.023714917870029915,0.8954109070865616,0.9204466777848657,0.18,0.14,0.68,0.5
5028,0.8960129260930492,0.9848636563832746,0.08675970832443947,0.023338142335725225,0.890741032980816,0.920443392575655,0.26,0.04,0.7,0.25
5029,0.9028788911552785,0.9881571183135999,0.09629741815329143,0.024650903362385148,0.893789217724278,0.9204398755557553,0.28,0.12,0.6,0.5
5030,0.9002113383724308,0.9866397581238294,0.09388199699204179,0.02416427620929166,0.8952912183603415,0.9204315744446624,0.24,0.12,0.64,0.5
5031,0.9001452061775796,0.9865368540283457,0.09381454241888752,0.024127007395459883,0.8952912183603415,0.9204232162102858,0.26,0.1,0.64,0.5
5032,0.8977804220152726,0.98599073793499,0.09063547595935978,0.02376318676466978,0.8939268951309866,0.9204172638725086,0.18,0.14,0.68,0.25
5033,0.9030239924783473,0.9889476708785098,0.0972956550473585,0.026524937726271656,0.8969607074980339,0.920414875147358,0.36,0.18,0.46,0.25
5034,0.9078138744008161,0.9947000994368548,0.1040242253228971,0.030906395198727673,0.9004131107557141,0.9204148180082528,0.42,0.44,0.14,0.25
5035,0.9016684384137155,0.9880651513816457,0.09502791818319258,0.026108147983127064,0.8955961091904451,0.920408829751524,0.28,0.22,0.5,0.25
5036,0.8972848936369289,0.9854995017425596,0.09115018928728788,0.024143868248252372,0.896843814273942,0.9204078066317314,0.28,0.08,0.64,0.25
5037,0.908596196173662,0.9944857801233288,0.10375340890925211,0.030064561026638403,0.8973716647692188,0.9204076576789124,0.42,0.38,0.2,0.25
5038,0.902614626517152,0.9901401042656468,0.09423323374428806,0.025549620040908397,0.8893042191203406,0.920401148652899,0.4,0.08,0.52,0.5
5039,0.8994320156630026,0.9861344508937684,0.09269096559780247,0.02339706666581969,0.893752557578802,0.9203882833559905,0.2,0.1,0.7,0.5
5040,0.8962255153489169,0.9851457963856808,0.08609734382654172,0.024035543469566177,0.8893188370369002,0.9203877987296962,0.34,0.02,0.64,0.25
5041,0.8711406599097763,0.9722008156612327,0.05194525923405204,0.03342312436437866,0.8991671702052632,0.9203745374010999,0.14,0.86,0.0,0.0
5042,0.8999978900842619,0.9875123251443814,0.09487734054470831,0.0258636448519928,0.8986381418136901,0.920373394359274,0.26,0.22,0.52,0.25
5043,0.8983228987017446,0.9864746560461861,0.09316119019897634,0.02460502093675902,0.8980390333366585,0.9203722814099229,0.18,0.2,0.62,0.25
5044,0.8993760130356677,0.9874612641173608,0.09062146315191316,0.02630828816889931,0.892269945281412,0.9203630005892629,0.48,0.06,0.46,0.25
5045,0.9071461479206141,0.9925879596260202,0.09884042214027014,0.030192484693286604,0.8925467114916227,0.9203562307329454,0.66,0.18,0.16,0.25
5046,0.9019534264587219,0.9885187068765509,0.09633251280151159,0.02628043459513719,0.8969607074980339,0.9203561654757543,0.34,0.18,0.48,0.25
5047,0.9003075166978092,0.9871065198441132,0.09678960398306477,0.024276082650786967,0.899862789602793,0.9203548585610265,0.18,0.18,0.64,0.5
5048,0.9004832950771494,0.9902508830047051,0.09118807350470558,0.0281920966988499,0.8907859333258371,0.9203507753462647,0.68,0.02,0.3,0.25
5049,0.8993482110098584,0.986443414346814,0.09580220033351595,0.02378945549769354,0.8998635741716849,0.9203499486157108,0.14,0.18,0.68,0.5
5050,0.9030693033871864,0.9916481284789285,0.09296301015176736,0.030341353944179108,0.8904676920548461,0.9203464385609732,0.84,0.04,0.12,0.5
5051,0.90240126466711,0.9915176074746996,0.09200211083276241,0.029817457977254002,0.8893220086225401,0.9203366324093195,0.82,0.02,0.16,0.5
5052,0.8993599351872782,0.986350673935915,0.09056527686397847,0.024295783344342906,0.8904304980848674,0.9203343845287527,0.32,0.06,0.62,0.5
5053,0.8976906380143623,0.9860014125152615,0.08719809122649351,0.02557477877549628,0.8893368257173888,0.9203329206266179,0.42,0.06,0.52,0.25
5054,0.8997629428816745,0.9865419458602185,0.09620140667232334,0.024032769074240266,0.899862789602793,0.9203251809025653,0.16,0.18,0.66,0.5
5055,0.8999510725113428,0.9863553804553984,0.09401606714623896,0.023920962632744912,0.8952912183603415,0.9203208162820623,0.22,0.12,0.66,0.5
5056,0.9081973933036578,0.9946570671783646,0.10411229358213556,0.03062578380803131,0.8988556767247938,0.9203205148856602,0.42,0.42,0.16,0.25
5057,0.8981831983304435,0.986332347337005,0.08935313918673451,0.025855390166192652,0.8923911471888185,0.9203105394862555,0.42,0.08,0.5,0.25
5058,0.8989647507827584,0.9873727250385901,0.090368399918628,0.02627217990933728,0.892269945281412,0.9203065813178254,0.5,0.04,0.46,0.25
5059,0.9011686301794027,0.9934378874030659,0.09491102153376846,0.03272624189535411,0.8991395809324368,0.9203064289065808,0.5,0.5,0.0,0.25
5060,0.9017348915475472,0.9878722440203114,0.09615252302820229,0.026072039723565216,0.8970298009467175,0.9202976126362556,0.3,0.2,0.5,0.25
5061,0.885292788770949,0.983409969779407,0.07996683135356182,0.021525095681109455,0.8970994855462392,0.9202856855880323,0.0,0.14,0.86,0.5
5062,0.8961084283322106,0.9849631411880724,0.0856149546536429,0.023791040338431872,0.8877788050497187,0.9202823582666966,0.32,0.02,0.66,0.25
5063,0.8988455599389567,0.9867483876760041,0.09333531446418743,0.02513013545858982,0.8971361411776265,0.9202794411545547,0.2,0.22,0.58,0.25
5064,0.9087398725304179,0.9945506553130538,0.10402795800196621,0.03030906415777285,0.8970153475654613,0.9202789255346996,0.44,0.38,0.18,0.25
5065,0.9086809001373024,0.9946954414381909,0.10429324630228455,0.03104257355117579,0.8984490393217337,0.9202747575972408,0.5,0.38,0.12,0.25
5066,0.898368707936686,0.9852666189343582,0.08659132517415867,0.023734618563585906,0.8846918769812407,0.920272487973076,0.32,0.02,0.66,0.5
5067,0.9084831839238746,0.9947150381409032,0.10333546508373671,0.03107868181073778,0.8970153475654613,0.9202724640661171,0.48,0.4,0.12,0.25
5068,0.9014434069405565,0.9884385847328659,0.09594326097886767,0.026452721207147478,0.8969792913244681,0.9202717858851519,0.4,0.14,0.46,0.25
5069,0.897688086427206,0.9860381427755593,0.09182644289024519,0.02379929502423188,0.8954115383049601,0.9202685083293473,0.16,0.16,0.68,0.25
5070,0.9083050340941338,0.9946849723578605,0.10351211973894205,0.0308341786796035,0.8973716647692188,0.9202658856975261,0.46,0.4,0.14,0.25
5071,0.8975041525898239,0.9858426980607861,0.0914635239389221,0.023935473376680196,0.8954101225176696,0.9202612797065971,0.24,0.1,0.66,0.25
5072,0.8986131867017241,0.9865892822008075,0.09314485857402148,0.02484952406789333,0.8968767770111545,0.9202580349689239,0.2,0.2,0.6,0.25
5073,0.8967814233298779,0.9855252006518549,0.09137119731862062,0.023899365117118068,0.896843814273942,0.9202457515640771,0.26,0.08,0.66,0.25
5074,0.9014335986967014,0.9879203823815037,0.0951434449698553,0.026208218076013125,0.8954772906884044,0.9202454917080736,0.38,0.14,0.48,0.25
5075,0.8980427074132408,0.986130626311532,0.09293494984803972,0.02404379815536625,0.8968767770111545,0.9202398048370957,0.18,0.16,0.66,0.25
5076,0.9031348387052693,0.9917250368318686,0.09260438590248278,0.030464841398182972,0.8890177998775058,0.9202389311771344,0.82,0.06,0.12,0.25
5077,0.9084808685347269,0.9946092970045667,0.10391354883619205,0.030345172417334785,0.8970153475654613,0.9202358104450257,0.42,0.4,0.18,0.25
5078,0.9033143398089298,0.988888161520579,0.09766511777730819,0.02493148575276353,0.893789217724278,0.920229415461823,0.28,0.14,0.58,0.5
5079,0.8983347506213287,0.9862738711871113,0.09320130075807037,0.024288301286500592,0.8968767770111545,0.9202231512772245,0.2,0.16,0.64,0.25
5080,0.8995496110580763,0.9863979446306895,0.09570461673192929,0.02375218668386176,0.89837956221611,0.9202165568178039,0.16,0.16,0.68,0.5
5081,0.8849235629195997,0.9839901531963244,0.07584722497618374,0.02352693831933547,0.8914800141971743,0.9202073232533717,0.0,0.28,0.72,0.25
5082,0.8973600492280732,0.9857581062933832,0.09086222445231701,0.023690970245545808,0.8939268951309866,0.9202052748086686,0.22,0.1,0.68,0.25
5083,0.8982582116413754,0.9860966389046141,0.09238179530485274,0.024216084767376505,0.8954101225176696,0.9202045091613339,0.24,0.12,0.64,0.25
5084,0.9016974741841525,0.987710315775091,0.09635889104996995,0.026035931464002914,0.8969776924879941,0.9202019583492376,0.32,0.18,0.5,0.25
5085,0.8980398407435585,0.9859711069822875,0.09228474060251325,0.02397158163624214,0.8954101225176696,0.9201970727974186,0.22,0.12,0.66,0.25
5086,0.8980331293681372,0.9860604138316713,0.09231909388109737,0.024007689895804138,0.8954101225176696,0.9201913214993571,0.2,0.14,0.66,0.25
5087,0.9085435926688789,0.9946501829303392,0.1040355134236763,0.030798070420041564,0.8973716647692188,0.9201884370130541,0.48,0.38,0.14,0.25
5088,0.8883259836376168,0.9809719955411993,0.07976634553734699,0.02228791329206387,0.8934237862678346,0.9201838774769142,0.22,0.0,0.78,0.25
5089,0.9015314871809943,0.9934654957493136,0.09480156943532067,0.03269013363579189,0.897295013179829,0.9201815449479457,0.52,0.48,0.0,0.25
5090,0.9079029052303741,0.9947267602000409,0.10459211559493203,0.03115089832986203,0.9000567935519566,0.9201793196689606,0.44,0.44,0.12,0.25
5091,0.901838193103264,0.987357592251264,0.09648067650537351,0.024407589785838374,0.894951474049782,0.9201778612117854,0.26,0.12,0.62,0.5
5092,0.9083997130498019,0.9946543528666432,0.10408073886202306,0.030589675548469163,0.8973716647692188,0.920174528288966,0.44,0.4,0.16,0.25
5093,0.9086035815108437,0.9946072134634976,0.10432946961235619,0.03055356728890723,0.8973716647692188,0.9201640710447148,0.46,0.38,0.16,0.25
5094,0.9011581269191609,0.991253745550384,0.09224115150783688,0.02941461235452152,0.8908240092586037,0.9201610084569434,0.78,0.02,0.2,0.25
5095,0.8973371976529069,0.9855458933542529,0.08952051817589841,0.02459676625095889,0.8923911471888185,0.9201422006011053,0.34,0.06,0.6,0.25
5096,0.88841024355192,0.9810089341556041,0.08052158534545728,0.022532416423198195,0.8946406468376547,0.9201304085574435,0.24,0.0,0.76,0.25
5097,0.8989419998197973,0.9863704989718952,0.09551265074738038,0.02354614192114677,0.8983615735356213,0.9201240569227563,0.12,0.18,0.7,0.5
5098,0.8976854841440326,0.9861308774781267,0.09447127764208008,0.023096783581885213,0.8984987779319539,0.9201220880862102,0.06,0.2,0.74,0.5
5099,0.8981883397074044,0.9850844774866023,0.08698956593274759,0.023491304987039184,0.8846372281552761,0.9201166136850436,0.3,0.02,0.68,0.5
5100,0.9024242950770692,0.993535114562678,0.09679641863978826,0.03258180885710605,0.8986945851578666,0.9201158390802944,0.58,0.42,0.0,0.25
5101,0.8974630285201675,0.9856173902087453,0.09131062938360304,0.024388371379386795,0.8950374154698976,0.9201127766935345,0.3,0.08,0.62,0.25
5102,0.8982132763622391,0.9860085479298815,0.09303450466407093,0.02442447963894878,0.8965040699633824,0.9201118959627882,0.28,0.1,0.62,0.25
5103,0.8993549885181915,0.986790375309794,0.09502560921334915,0.025338530330162003,0.8984796931240575,0.9201107057205925,0.24,0.2,0.56,0.25
5104,0.8990382145943061,0.9858417904360465,0.09187198158601852,0.024052469767796205,0.8922542543510019,0.9201067266966316,0.3,0.06,0.64,0.5
5105,0.8975543864048177,0.9867089859164725,0.08864292648779974,0.026027676778202873,0.8907679446453484,0.9201053780593111,0.48,0.04,0.48,0.25
5106,0.8991682001813458,0.9864856674180277,0.09575174785821872,0.023826724311525386,0.8984679137665306,0.9201000380114818,0.12,0.2,0.68,0.5
5107,0.8988815141526596,0.9889715916424818,0.0899073049213929,0.026725077912043916,0.8891650285324454,0.9200981670996711,0.56,0.02,0.42,0.25
5108,0.8992051977876029,0.9866598857013894,0.09570990690942664,0.024144575515735747,0.8985174493969411,0.9200932028854485,0.1,0.24,0.66,0.5
5109,0.8990233730716417,0.9861216870640961,0.08860769804409134,0.024258514530511054,0.8858921646578628,0.9200906094631247,0.34,0.04,0.62,0.5
5110,0.8932188484239186,0.9880375458895639,0.08202481302798464,0.03109002601289989,0.8920248045801881,0.9200896436979948,0.94,0.0,0.06,0.25
5111,0.8983686090301612,0.9865545041899497,0.09495272760573031,0.0239385307530207,0.8985362226463217,0.9200889197367514,0.06,0.26,0.68,0.5
5112,0.8985411581860334,0.9864506582197362,0.0936406630382873,0.024568912677196846,0.896537032700595,0.9200777345202421,0.2,0.18,0.62,0.25
5113,0.897234909872852,0.9866514773288012,0.08835645527312133,0.025991568518640918,0.8906670291685089,0.920075651262112,0.5,0.02,0.48,0.25
5114,0.9082198880221306,0.9947171102653088,0.10455047870182602,0.031114790070299922,0.8985727815963815,0.9200696007426944,0.46,0.42,0.12,0.25
5115,0.8989946049359515,0.9867135354568343,0.0949356544862887,0.02509402719902766,0.8984796931240575,0.9200659207419304,0.22,0.2,0.58,0.25
5116,0.8982332949081591,0.9862515459018483,0.09513476485146498,0.023340097158431945,0.8984987779319539,0.9200644269223623,0.08,0.2,0.72,0.5
5117,0.9003360882442765,0.9868793310967785,0.09697218775018379,0.02423881383695525,0.8983607889667294,0.9200588228411494,0.2,0.16,0.64,0.5
5118,0.8980128073299589,0.9859426680737781,0.0926052237632291,0.02417997650781447,0.8954101225176696,0.9200505460694172,0.26,0.1,0.64,0.25
5119,0.9000274372953112,0.9864430604302489,0.09588904924270295,0.02395823144657665,0.8968941344732445,0.9200494329712009,0.2,0.14,0.66,0.5
5120,0.8959665738290788,0.9859276437447542,0.09396142277520377,0.022610156428791793,0.9000007785680173,0.9200456684753494,0.02,0.2,0.78,0.5
5121,0.8962617648127472,0.9852405546918342,0.08626152400075217,0.024280046600700572,0.8874950807707658,0.9200430508639922,0.36,0.02,0.62,0.25
5122,0.898104983375545,0.9861251006464503,0.09515967906042104,0.023059514768053374,0.8983924377010446,0.9200399433965663,0.08,0.18,0.74,0.5
5123,0.8846857698172396,0.9829921370242554,0.07508613975883406,0.020683348509973963,0.8865561888370463,0.9200360298284592,0.0,0.08,0.92,0.5
5124,0.8982295338913507,0.9860915955935606,0.0925945909988599,0.024668982770083146,0.8953418136378783,0.9200329235486651,0.3,0.1,0.6,0.25
5125,0.8988890795454303,0.9867455106768294,0.09561228666202005,0.02418184432956742,0.8985174493969411,0.9200319246457112,0.08,0.26,0.66,0.5
5126,0.8997273507849751,0.987414487193278,0.09064729880116529,0.02634439642846143,0.8894872768246388,0.9200293088624035,0.46,0.08,0.46,0.25
5127,0.8978239546803206,0.9857623304588382,0.09033659284577993,0.024877377641655412,0.8923911471888185,0.9200291016210312,0.34,0.08,0.58,0.25
5128,0.8979900506162111,0.9858349004796894,0.09038930433234736,0.025121880772789727,0.8923911471888185,0.9200257059586454,0.36,0.08,0.56,0.25
5129,0.9003836015003215,0.9868182148434754,0.09639807462833108,0.02420154502312341,0.8968941344732445,0.9200170189994723,0.22,0.14,0.64,0.5
5130,0.898684432024348,0.9868379514003143,0.09547422268366398,0.024219113143399223,0.8985174493969411,0.9200167795785228,0.06,0.28,0.66,0.5
5131,0.8941115913451252,0.9880572738839053,0.08327527925970656,0.030753443469609145,0.8916511299143405,0.920010882796028,0.92,0.0,0.08,0.5
5132,0.908024745800106,0.994695983729702,0.10408965541719806,0.030870286939165655,0.8973716647692188,0.9200095876913903,0.44,0.42,0.14,0.25
5133,0.8969366574375757,0.9860196392183668,0.09404421483127576,0.0228534700053385,0.8981756065145924,0.9200041656178732,0.04,0.2,0.76,0.5
5134,0.8972994122418841,0.9860977063626413,0.08781402736428802,0.025783173647068527,0.8892847172586655,0.9200027801265583,0.46,0.04,0.5,0.25
5135,0.8999378631726868,0.9864890296253966,0.0967638329031607,0.02399550026040851,0.8983607889667294,0.9199895913151837,0.18,0.16,0.66,0.5
5136,0.8969160884922069,0.9858186602760143,0.08757331267633113,0.025502562256372187,0.8892847172586655,0.9199715039441173,0.46,0.02,0.52,0.25
5137,0.8976880994893429,0.9857503657956034,0.08946792307302728,0.025085772513227578,0.890889146552755,0.9199702164091927,0.38,0.06,0.56,0.25
5138,0.9075600983114583,0.9947268886375041,0.1042058827865077,0.031187006589423985,0.8986069013746163,0.9199632346118605,0.42,0.46,0.12,0.25
5139,0.8935262891163305,0.988023423476948,0.08312537247542495,0.030601019750631245,0.8920248045801881,0.9199600044648746,0.9,0.0,0.1,0.25
5140,0.8991691292594367,0.9868346947970817,0.09466035218836409,0.02537463858972413,0.8971361411776265,0.9199582323219013,0.22,0.22,0.56,0.25
5141,0.9020484688595932,0.9915166941416282,0.09318696997566824,0.030304085130347456,0.8904323459122675,0.9199580037480197,0.86,0.02,0.12,0.5
5142,0.9018692075168452,0.9934870618264611,0.0951946842812005,0.032654025376230036,0.8958110012242539,0.9199572868511191,0.54,0.46,0.0,0.25
5143,0.8980694338461469,0.9863716149507418,0.0944494577619357,0.023657948362642286,0.8970522106907468,0.9199504614619797,0.06,0.24,0.7,0.5
5144,0.883086567299966,0.9827818021262531,0.07564267125023776,0.021001435803068094,0.8908569925502694,0.9199456408923922,0.0,0.1,0.9,0.25
5145,0.896951794254607,0.9853573871166561,0.0881295837380795,0.024316154860262503,0.8889790927263407,0.919943956597872,0.34,0.04,0.62,0.25
5146,0.8970809199957064,0.9854392617181718,0.08833253434241685,0.02456065799139695,0.8893188370369002,0.9199384773647016,0.36,0.04,0.6,0.25
5147,0.8997054930949628,0.9869899528567152,0.09519534353212335,0.025583033461296284,0.8970298009467174,0.9199304343008413,0.26,0.2,0.54,0.25
5148,0.9003759423784063,0.9914817819849755,0.0920374018097614,0.03222072626148545,0.8939573267677136,0.9199281231406786,0.78,0.22,0.0,0.25
5149,0.8963228018331459,0.985071753615252,0.08872342779628893,0.0238271485979939,0.8908711578722665,0.9199226776949976,0.3,0.04,0.66,0.25
5150,0.8978791947756807,0.9862533269013374,0.09523386735343896,0.023377365972263833,0.8984987779319539,0.9199224153321484,0.06,0.22,0.72,0.5
5151,0.8975728550083671,0.9858364988125643,0.08938329805588151,0.025330275644361886,0.8908208376729638,0.9199138336777628,0.4,0.06,0.54,0.25
5152,0.8945573632592787,0.9880985165804088,0.08840026294160189,0.027103739821408308,0.8950590387993398,0.9199131701286383,0.62,0.0,0.38,0.5
5153,0.9021333632477275,0.9935172132344794,0.09643883028110446,0.03261791711666784,0.8972446929805263,0.9199043470440992,0.56,0.44,0.0,0.25
5154,0.8973039517835226,0.9865307061551091,0.0929111502259555,0.02401306838068428,0.8956185189344744,0.9199024644875023,0.02,0.3,0.68,0.5
5155,0.8972313559649101,0.985481937205931,0.08942700778486463,0.024352263119824608,0.8905494022421956,0.9199004749521745,0.32,0.06,0.62,0.25
5156,0.8995731794925149,0.9870806239973744,0.09524008974628567,0.025619141720858458,0.8971361411776265,0.9199001592456757,0.24,0.22,0.54,0.25
5157,0.8959836191686118,0.9848022461508891,0.08613999209519607,0.02354653720729753,0.8862401442681791,0.9198873889883935,0.3,0.02,0.68,0.25
5158,0.8972128100490516,0.9857477171296964,0.08675374137081178,0.025294167384799903,0.8863328244452617,0.9198852522831524,0.42,0.04,0.54,0.25
5159,0.8971905277773926,0.9861414493084276,0.09476796208485833,0.023134052395717093,0.8984987779319539,0.919882128153136,0.04,0.22,0.74,0.5
5160,0.8768427745231338,0.9728566487439513,0.05943452826410087,0.03289679128764248,0.8974920175433944,0.9198765942056748,0.12,0.84,0.04,0.0
5161,0.8885470549054275,0.9811818166893489,0.08163487001189805,0.0227769195543325,0.8949458295745275,0.9198730350743872,0.26,0.0,0.74,0.25
5162,0.8976810513710108,0.9856877453968984,0.0908681543449804,0.024632874510521097,0.8923911471888185,0.9198705672674093,0.32,0.08,0.6,0.25
5163,0.8776002334074812,0.9730570796864609,0.06115992655446267,0.03286184358235025,0.8989940181794579,0.9198683414374107,0.14,0.82,0.04,0.0
5164,0.8870429854648774,0.9849996659484291,0.08089962607620337,0.025491218054210178,0.8962613665282851,0.9198611090301463,0.0,0.42,0.58,0.25
5165,0.8986234347661517,0.986494167123923,0.09523945576201703,0.02390126193918895,0.8970342220102582,0.9198557383071697,0.08,0.24,0.68,0.5
5166,0.8969387529146609,0.9860210862804517,0.08795604041614809,0.02574706538750671,0.8892847172586655,0.9198493346628434,0.48,0.02,0.5,0.25
5167,0.9003564457677902,0.9874740022595404,0.09520545258890818,0.026172109816451142,0.8954772906884044,0.9198447188461172,0.4,0.12,0.48,0.25
5168,0.8867047347347178,0.9848706176937778,0.08082819511373494,0.025210606663513862,0.8962613665282851,0.9198170094701039,0.0,0.4,0.6,0.25
5169,0.8973280285409312,0.9862415848630387,0.09502432079361826,0.023414634786095522,0.8984987779319539,0.9198083127497501,0.04,0.24,0.72,0.5
5170,0.8963684737971171,0.9860809181591234,0.09414620167905043,0.0231713212095488,0.8984987779319539,0.9197983806547072,0.02,0.24,0.74,0.5
5171,0.8940158354166978,0.9880543626347403,0.08317348108036866,0.03099675704615582,0.890540792624613,0.9197958787670572,0.94,0.0,0.06,0.5
5172,0.8989543692668794,0.9864905023749743,0.0958416925443848,0.02386399312535725,0.8970342220102582,0.9197881539039396,0.1,0.22,0.68,0.5
5173,0.8970694712254867,0.9856221224157212,0.08782706392653677,0.02504966425366552,0.8878348250813253,0.9197879167249394,0.4,0.04,0.56,0.25
5174,0.8931804081611345,0.9880366154314975,0.08131478352479858,0.031334529144034194,0.8890007606374317,0.9197803360414356,0.96,0.0,0.04,0.25
5175,0.896883868143788,0.985671453818238,0.08832261653062783,0.025258059125237858,0.8892847172586655,0.9197724541062094,0.44,0.02,0.54,0.25
5176,0.8975668739331983,0.9864192681037399,0.09458586434007854,0.023695217176473913,0.8970522106907468,0.9197600290795122,0.04,0.26,0.7,0.5
5177,0.8979148548639792,0.9865665887281502,0.09483898153816815,0.02397579956685241,0.8970342220102582,0.9197546724869694,0.04,0.28,0.68,0.5
5178,0.8967618449531368,0.9853226290849593,0.0879615564043804,0.024524549731834877,0.8878348250813253,0.9197169214218218,0.38,0.02,0.6,0.25
5179,0.89387691535903,0.9880526900935533,0.08233799882894278,0.031240070622702502,0.8890007606374316,0.9197153535753687,0.96,0.0,0.04,0.5
5180,0.8975642651997057,0.9856325115794079,0.09033843445020319,0.024841269382093283,0.890889146552755,0.9197131121267214,0.36,0.06,0.58,0.25
5181,0.8971524209235727,0.9855223750276654,0.08829828107267831,0.024805161122531248,0.8878348250813253,0.9197107756243996,0.38,0.04,0.58,0.25
5182,0.8973491913963753,0.985895671378925,0.08741282532061291,0.02553867051593424,0.8863328244452617,0.9197092877693255,0.44,0.04,0.52,0.25
5183,0.8999479160443898,0.9870229213264254,0.09605154930975437,0.025755320073306567,0.8969093836082028,0.919708537767073,0.32,0.16,0.52,0.25
5184,0.8966265538461148,0.9854289810127873,0.08778074263778321,0.02476905286296918,0.8878348250813253,0.9196955580775414,0.4,0.02,0.58,0.25
5185,0.8961604773752233,0.9860085650548766,0.09427749345267561,0.022890738819170392,0.8981756065145924,0.9196948867298299,0.02,0.22,0.76,0.5
5186,0.8985247402559066,0.9862328796572023,0.09590739837112261,0.023302828344600113,0.8968904370649811,0.9196923283132634,0.1,0.18,0.72,0.5
5187,0.9000146773317514,0.987147628394822,0.09625302547997448,0.025791428332868637,0.896977692487994,0.9196921631592705,0.3,0.18,0.52,0.25
5188,0.8987169262294983,0.9863755594079437,0.0952985725113097,0.02358341073497864,0.8955502100546833,0.919689905548075,0.1,0.2,0.7,0.5
5189,0.9001511850111454,0.9874090471531717,0.0957713449038692,0.025827536592430655,0.8955278003106537,0.9196866064340156,0.28,0.2,0.52,0.25
5190,0.8904229016903902,0.9813243366068027,0.08431530339271312,0.022480781867020537,0.8945217426803266,0.9196793720116392,0.24,0.0,0.76,0.5
5191,0.885091618082253,0.9832936739377646,0.0796946095418152,0.021244513290730974,0.8926655917104964,0.919677469019457,0.0,0.12,0.88,0.5
5192,0.8672774884558373,0.9720720414065028,0.04062511798735549,0.033632810596132406,0.8808349351512436,0.9196707996500094,0.02,0.98,0.0,0.0
5193,0.8983081416243208,0.9862109967676458,0.09432613237646893,0.024252193026938505,0.8954101225176696,0.9196684030935525,0.22,0.14,0.64,0.25
5194,0.8946217949252968,0.9881155045755361,0.08841715317943177,0.02734705339795499,0.893592384305855,0.9196615134459096,0.64,0.0,0.36,0.5
5195,0.896636448570219,0.9862615526073113,0.09401833449362751,0.023451903599927267,0.8969967772958902,0.9196613463512412,0.02,0.26,0.72,0.5
5196,0.8985870994597769,0.9863910232785081,0.09515514805199402,0.02453280441763494,0.896537032700595,0.9196528053093382,0.22,0.16,0.62,0.25
5197,0.8839415205271884,0.9834485152891842,0.080300162099678,0.02240449275655,0.8973172792036115,0.9196466976520087,0.0,0.2,0.8,0.25
5198,0.8988241652091108,0.9865439180888195,0.09552108960555204,0.024813415808331282,0.8968767770111545,0.9196361102112149,0.22,0.18,0.6,0.25
5199,0.8988309820987042,0.9864880021256914,0.09560145563029997,0.024777307548769282,0.8968767770111545,0.9196138008024642,0.24,0.16,0.6,0.25
5200,0.8996847837128265,0.986797211037,0.09620379780882149,0.025510816942172228,0.896977692487994,0.9196109588514683,0.3,0.16,0.54,0.25
5201,0.8966816691718837,0.9853099908385843,0.09090187381783305,0.024107759988690292,0.8923731585083301,0.9196066846429637,0.3,0.06,0.64,0.25
5202,0.8984067275135891,0.9869419971621372,0.090608480345756,0.026099893297327086,0.8893683726673106,0.919604514017567,0.44,0.08,0.48,0.25
5203,0.8978127212263561,0.9862003592915303,0.08904289996681686,0.02581928190663068,0.8878348250813252,0.9195928876008093,0.44,0.06,0.5,0.25
5204,0.8709796539386073,0.9642437523394171,0.053398317907605325,0.02100399300049141,0.8884287318079823,0.9195864725161709,0.02,0.08,0.9,0.0
5205,0.8902216470199051,0.9812867929092383,0.08394931294717128,0.022237468290473825,0.8933048821105064,0.9195851002058546,0.22,0.0,0.78,0.5
5206,0.8979581685876623,0.9868334589432696,0.09016382750490717,0.026063785037764978,0.8893180524680081,0.9195816389186579,0.46,0.06,0.48,0.25
5207,0.896788346969237,0.9855689093476512,0.08828781439563578,0.02501355599410352,0.8878348250813253,0.9195698746563952,0.42,0.02,0.56,0.25
5208,0.8969903069319267,0.9864078514403479,0.09387291204185437,0.023732485990305686,0.8956185189344744,0.9195685535024224,0.02,0.28,0.7,0.5
5209,0.8993971222710028,0.9867429704692247,0.09700189508923268,0.025302422070599902,0.8984796931240575,0.9195532212057598,0.26,0.18,0.56,0.25
5210,0.8991003687013484,0.9866498932667556,0.09599254951000494,0.02505791893946566,0.8968767770111545,0.9195499323361234,0.24,0.18,0.58,0.25
5211,0.8862372764454334,0.9845715011129078,0.08150878334749571,0.024649383882121102,0.8962613665282851,0.9195477727985197,0.0,0.36,0.64,0.25
5212,0.8719677005967511,0.9642730360810174,0.05385073962402566,0.020969045295199065,0.8869267311719189,0.919538427207169,0.04,0.06,0.9,0.0
5213,0.871908601842272,0.9722148524488732,0.056457275907513586,0.033388176659086624,0.9006691708413267,0.9195374223196203,0.16,0.84,0.0,0.0
5214,0.8945172356867106,0.988073145900186,0.0898176419075352,0.02686042624486152,0.8950410501188512,0.9195343215470282,0.6,0.0,0.4,0.5
5215,0.8941180912218479,0.987709830566897,0.08907249827312619,0.025887171938674618,0.8934381340059481,0.9195292973571003,0.52,0.0,0.48,0.5
5216,0.900267702564112,0.9873618849166993,0.09624781239598827,0.02599982320444067,0.8954253716526278,0.9195271862857238,0.34,0.16,0.5,0.25
5217,0.8942117478291933,0.988059437341618,0.08467442487903813,0.030510129893062392,0.890540792624613,0.9195196582924575,0.9,0.0,0.1,0.5
5218,0.8940963542582202,0.9878697437710285,0.08902953716204506,0.026130485515221385,0.8934381340059481,0.9195104964897038,0.54,0.0,0.46,0.5
5219,0.8857630777423637,0.9843830348336329,0.08123839043686248,0.024368772491424683,0.8961589378702591,0.9194960201273954,0.0,0.34,0.66,0.25
5220,0.8983821810146836,0.986381844281141,0.09563293951293557,0.023620679548810516,0.8955502100546833,0.9194864930288273,0.08,0.22,0.7,0.5
5221,0.8996710203430818,0.9869068966305384,0.0966553066852606,0.02554692520173419,0.896977692487994,0.9194857831042721,0.28,0.18,0.54,0.25
5222,0.8837660613066477,0.9833426457153844,0.07995361746982668,0.022123881365853616,0.89543667375533,0.9194522025544603,0.0,0.18,0.82,0.25
5223,0.8986185785320326,0.9863123168010838,0.09511464070923191,0.024496696158072793,0.89507037820711,0.9194493544857956,0.24,0.14,0.62,0.25
5224,0.8381078130383864,0.9899495829869612,0.023781589610303727,0.03351251863334672,0.8872270693316665,0.9194444217535924,0.0,1.0,0.0,1.0
5225,0.8988969108574516,0.9863636404113625,0.09529266865037847,0.02494959416077947,0.8953418136378783,0.9194393204334705,0.3,0.12,0.58,0.25
5226,0.8855369308117815,0.984243631665285,0.08053570994835253,0.02408816110072828,0.8946403643409975,0.919438352552939,0.0,0.32,0.68,0.25
5227,0.8991266720909874,0.9865639400622432,0.09639425482573906,0.025021810679903538,0.8968767770111545,0.919436244370869,0.26,0.16,0.58,0.25
5228,0.8984983240960736,0.9861607605945552,0.09500329735296237,0.02446058789851082,0.89507037820711,0.919429893277526,0.26,0.12,0.62,0.25
5229,0.8991630644535331,0.9864971183314099,0.09461603805661196,0.025438600423048133,0.8938578016823034,0.9194140194749403,0.34,0.12,0.54,0.25
5230,0.8894287008074369,0.9808075213800426,0.08197015679699275,0.02102090040774018,0.8887571514429343,0.9194075433417471,0.12,0.0,0.88,0.5
5231,0.8835558635944232,0.9832218688333606,0.07998838426879074,0.021843269975157203,0.8953303335244207,0.9194011663743017,0.0,0.16,0.84,0.25
5232,0.8900647888509444,0.9811756802327757,0.08380860253272249,0.021994154713927076,0.8918028814744429,0.9193853389170221,0.2,0.0,0.8,0.5
5233,0.8995529234498085,0.9866662048245769,0.0951752695057214,0.025474708682610123,0.8938398130018148,0.9193850601061442,0.32,0.14,0.54,0.25
5234,0.8990306344543,0.9863975935682903,0.09395459614297517,0.025194097291913842,0.8923558010462398,0.9193738140852477,0.32,0.12,0.56,0.25
5235,0.8781753580166913,0.9732771558525025,0.06342823541608482,0.03310753626807223,0.8989940181794579,0.9193702561187624,0.16,0.82,0.02,0.0
5236,0.8981299479268715,0.9860563609161671,0.09383104427219305,0.02491348590121749,0.8938578016823034,0.9193694951370034,0.32,0.1,0.58,0.25
5237,0.8930643220386755,0.9880366439731559,0.0809828215320259,0.03157903227516861,0.886067451650462,0.9193524014958216,0.98,0.0,0.02,0.25
5238,0.8993163179674973,0.9865630267291718,0.09595002094521683,0.02523020555147584,0.8953418136378783,0.9193492564568404,0.3,0.14,0.56,0.25
5239,0.8864881231714502,0.9847444978132865,0.0822435296822097,0.0249299952728174,0.8959216222177255,0.9193298894179778,0.0,0.38,0.62,0.25
5240,0.9000111732352409,0.9872104828351265,0.09589918958215202,0.02596371494487887,0.8939587171591429,0.9193153319336487,0.36,0.14,0.5,0.25
5241,0.8994429489765613,0.9866962392117954,0.09629096761921857,0.025266313811037885,0.895374776375091,0.9193065739754644,0.28,0.16,0.56,0.25
5242,0.8941976481484697,0.9880046088156781,0.08898060407125737,0.026373799091768093,0.8919361333698845,0.9193012707082402,0.56,0.0,0.44,0.5
5243,0.8988210468718342,0.9863747716581697,0.0959262059911959,0.02474119928920719,0.8954101225176696,0.9192873559951265,0.26,0.14,0.6,0.25
5244,0.8982185173173118,0.9860019262651142,0.09329778601526074,0.025157989032351762,0.8923911471888185,0.9192728677647859,0.34,0.1,0.56,0.25
5245,0.8997342624221581,0.9868821795542948,0.09578588273327804,0.025719211813744505,0.8939587171591429,0.9192646072696198,0.34,0.14,0.52,0.25
5246,0.8826569778179667,0.9858753040514336,0.071640864658181,0.031629860145289075,0.8905405069026807,0.9192623089259784,1.0,0.0,0.0,0.75
5247,0.889874706348637,0.9810952555475109,0.08245927707474793,0.021750841137380367,0.8885059863136275,0.9192597119340802,0.18,0.0,0.82,0.5
5248,0.8992481068533138,0.986900052340835,0.09519130795708927,0.02592760668531669,0.8939940633017216,0.919256622480229,0.38,0.12,0.5,0.25
5249,0.8986654512038079,0.9862439823623511,0.09508201268312912,0.024705091029645215,0.893908121881606,0.9192465631566685,0.28,0.12,0.6,0.25
5250,0.8981121848335074,0.9859590452774138,0.09314216144539066,0.025366383903924084,0.8923911471888185,0.9192377606562135,0.38,0.08,0.54,0.25
5251,0.898045477377386,0.9861290165619937,0.09302274741042665,0.0256108870350584,0.8923911471888185,0.9192287990930482,0.4,0.08,0.52,0.25
5252,0.8946377971511007,0.9881200655325612,0.08883228897451949,0.027590366974501714,0.8917167090039438,0.9192172013760347,0.66,0.0,0.34,0.5
5253,0.8943250819022748,0.9880536776349368,0.08928711638430711,0.026617112668314756,0.8919361333698845,0.9192097576831595,0.58,0.0,0.42,0.5
5254,0.8937740184918698,0.9880524560519539,0.08162628842417717,0.031483384199249315,0.884583439694887,0.9191785447665907,0.98,0.0,0.02,0.5
5255,0.895440554734724,0.9881160582837106,0.0907270430302142,0.02880693485723534,0.8950971147321064,0.9191744643905007,0.76,0.0,0.24,0.5
5256,0.8725308623528559,0.9643526929956693,0.055757939633383415,0.021214737980920998,0.8872333296960823,0.9191658739135816,0.06,0.06,0.88,0.0
5257,0.876845097100469,0.97203953531166,0.06169990745371425,0.03261615089662835,0.8974920175433944,0.9191572017777168,0.12,0.82,0.06,0.0
5258,0.888616735164182,0.9812513955443913,0.08331165876717211,0.023021422685466822,0.8934438289384639,0.919146356294263,0.28,0.0,0.72,0.25
5259,0.8783178222310205,0.9731308341861391,0.06439747645409527,0.03282689587705781,0.8988316579169421,0.9191431573241393,0.16,0.8,0.04,0.0
5260,0.8948110489963619,0.9881140089926318,0.08911353650963043,0.027833680551048446,0.8917167090039438,0.9191384548484809,0.68,0.0,0.32,0.5
5261,0.889731005638816,0.9809743245405312,0.08202010673589517,0.02150752756083363,0.8869132061401286,0.9191349255333652,0.16,0.0,0.84,0.5
5262,0.8983428489302938,0.9861445945991921,0.09388141998412791,0.02540249216348614,0.8923911471888185,0.9191142657060495,0.36,0.1,0.54,0.25
5263,0.8985622944266031,0.9862738369371211,0.09400826016891617,0.02564699529462053,0.8923911471888185,0.9191139867382888,0.38,0.1,0.52,0.25
5264,0.8829365213079942,0.9826750791568648,0.07556934642677396,0.02072082441237173,0.8851730923583107,0.9191093129705749,0.0,0.08,0.92,0.25
5265,0.8787689414857641,0.9732988789087715,0.06493103533570872,0.03307258856277974,0.8988316579169421,0.9191006087213078,0.18,0.8,0.02,0.0
5266,0.8895738748550949,0.980895201354893,0.08227519925127205,0.021264213984286913,0.88723637755749,0.9190994521069362,0.14,0.0,0.86,0.5
5267,0.8725289813654717,0.9641827102944259,0.05441064815479217,0.020934097589906782,0.8838292651538171,0.9190740767560021,0.06,0.04,0.9,0.0
5268,0.8833723385757964,0.9830518005071419,0.08041204133740454,0.02156265858446082,0.8941134729546005,0.9190719502220619,0.0,0.14,0.86,0.25
5269,0.8906294049465404,0.9814799856871574,0.08516668373518962,0.022724095443567238,0.8918589015060496,0.9190709250194864,0.26,0.0,0.74,0.5
5270,0.8728528998217054,0.9643961162748806,0.05861333929395992,0.021460430666642976,0.891690280826219,0.9190645085924803,0.08,0.06,0.86,0.0
5271,0.877652138523453,0.9726089813566572,0.06478316336055007,0.0325812031913359,0.9004780301350329,0.9190499829398492,0.14,0.8,0.06,0.0
5272,0.8890681435655009,0.9805901652340543,0.08082292661523743,0.020534273254646736,0.8844091133720194,0.9190429131260448,0.08,0.0,0.92,0.5
5273,0.8759359850217939,0.9712824792371422,0.06000896193253848,0.032651098601920614,0.896058325787122,0.9190367701820001,0.1,0.84,0.06,0.0
5274,0.889247176000205,0.9806826801658513,0.08157364411558515,0.020777586831193486,0.8855669689851583,0.9190189044399151,0.1,0.0,0.9,0.5
5275,0.895219863430838,0.9881024781626059,0.09072478758024895,0.029050248433782025,0.8947407975283489,0.9190047604705922,0.78,0.0,0.22,0.5
5276,0.872461212946136,0.9641150009180139,0.056104604782441815,0.02117979027562875,0.887126989465173,0.9190003373680603,0.08,0.04,0.88,0.0
5277,0.8943974676085111,0.9880899369578697,0.09046516736586363,0.028563621280688564,0.8950971147321064,0.9189818441135277,0.74,0.0,0.26,0.5
5278,0.8845255827098297,0.982833102903205,0.07542992337968253,0.020402766119595375,0.8802166149516287,0.9189701039883544,0.0,0.06,0.94,0.5
5279,0.899063119470294,0.9864697868392495,0.09639769707295594,0.024985702420341465,0.893908121881606,0.9189639857610943,0.28,0.14,0.58,0.25
5280,0.8944645934141545,0.9880977687889566,0.09002240328392125,0.028320307704141876,0.893575026843765,0.9189512608710023,0.72,0.0,0.28,0.5
5281,0.8939820602204114,0.9862316295325609,0.08912340050965949,0.02515723120903445,0.8904529059832017,0.9189502745631916,0.46,0.0,0.54,0.5
5282,0.8928846566476888,0.9863709071176114,0.08831554253408422,0.027177975914750584,0.8935570381632763,0.9189365145540211,0.62,0.0,0.38,0.25
5283,0.8908006073232368,0.9815427430858232,0.08569033178424908,0.022967409020113943,0.8918409128255609,0.9189292454362027,0.28,0.0,0.72,0.5
5284,0.8992887959055607,0.9866389874990504,0.09563422696471895,0.025683103554182487,0.8923911471888185,0.9189103332677622,0.36,0.12,0.52,0.25
5285,0.8941065153831199,0.9870393185092221,0.09026704236000577,0.025643858362127916,0.8919549066192652,0.9189067538380846,0.5,0.0,0.5,0.5
5286,0.8742546842172266,0.9707636346984642,0.056095601635808776,0.03247530132678331,0.8912481151338971,0.9188973382155328,0.04,0.88,0.08,0.0
5287,0.875035110577348,0.971121470033325,0.058007182880681706,0.032686046307212835,0.8931064329737182,0.9188701743472385,0.08,0.86,0.06,0.0
5288,0.8718247606402117,0.9643633304717847,0.05762890423193212,0.021249685686213396,0.8902753623193272,0.9188651081040329,0.04,0.08,0.88,0.0
5289,0.8947871240729571,0.9881098133688352,0.09007224395521204,0.028076994127595147,0.8920730262077013,0.9188588083976635,0.7,0.0,0.3,0.5
5290,0.8928770928029288,0.9866050971337713,0.08855948326061645,0.027422479045884882,0.893592384305855,0.9188553887828894,0.64,0.0,0.36,0.25
5291,0.8950568626958709,0.9880972493307724,0.09107265336535,0.029293562010328747,0.8950617685895277,0.9188541860205826,0.8,0.0,0.2,0.5
5292,0.8940612979209503,0.9857913402005173,0.08952722444842985,0.02491391763248773,0.8904529059832017,0.9188401462300849,0.44,0.0,0.56,0.5
5293,0.8985829936550506,0.9865940486577737,0.09512566204691228,0.025891498425754913,0.8923911471888185,0.9187969136090811,0.4,0.1,0.5,0.25
5294,0.8792821496675591,0.9733167574036434,0.0665577098489042,0.03303764085748758,0.8988316579169421,0.91879488344047,0.2,0.78,0.02,0.0
5295,0.8925145864417211,0.9836151500538878,0.08737531460023144,0.024427290479394292,0.8904529059832017,0.9187679396282276,0.4,0.0,0.6,0.5
5296,0.8930317896423081,0.9867147370606563,0.08885780768707034,0.02766698217701922,0.8932007209595187,0.9187245154614345,0.66,0.0,0.34,0.25
5297,0.8940401506118959,0.9864324143916358,0.08990747668834115,0.025400544785581215,0.8904529059832017,0.9187229201312562,0.48,0.0,0.52,0.5
5298,0.8915792811409533,0.9824653579045198,0.08675434084095157,0.02418397690284755,0.8916151623087057,0.9187170555323341,0.38,0.0,0.62,0.5
5299,0.8938784734692972,0.9877214812718884,0.09044721432692775,0.0288894978326909,0.8950971147321064,0.9187108823605141,0.76,0.0,0.24,0.25
5300,0.8885189218627518,0.980415712909093,0.08015949107266412,0.02004764610155327,0.8814921942290642,0.9187031933590953,0.04,0.0,0.96,0.5
5301,0.891307175791135,0.9819529723431558,0.08598101455796373,0.023697349749754126,0.8903594412372271,0.9186906681617719,0.34,0.0,0.66,0.5
5302,0.8832869516964346,0.9829320397081599,0.08026128877380627,0.02128204719376447,0.891163591074433,0.918685508029701,0.0,0.12,0.88,0.25
5303,0.8839665610956484,0.9825574646906006,0.07548007233966092,0.019841601338838364,0.8790398030399256,0.918682293010432,0.0,0.02,0.98,0.5
5304,0.8719947841835679,0.9638007686748129,0.05719177361618387,0.021425482961350675,0.888648248202974,0.9186786335593258,0.1,0.04,0.86,0.0
5305,0.884352394969809,0.9826982549835506,0.0758417799836627,0.020122183729216862,0.8790398030399256,0.9186586784736964,0.0,0.04,0.96,0.5
5306,0.8936483479037544,0.9879928154023941,0.09041277984333486,0.030112013488362527,0.8964601142032214,0.9186524272917032,0.86,0.0,0.14,0.25
5307,0.8769281391931579,0.9712232438791328,0.06390770945934282,0.0323355105056139,0.8986197122952118,0.9186479159806629,0.12,0.8,0.08,0.0
5308,0.8722258204802469,0.9641719557975107,0.053576664413235844,0.020688404904184807,0.8796293769174333,0.9186413074592092,0.04,0.04,0.92,0.0
5309,0.8887652851449517,0.9805104141319295,0.08116038309749217,0.02029095967810006,0.8826690061407672,0.91863037020649,0.06,0.0,0.94,0.5
5310,0.8719005928618814,0.9634049872050028,0.054870940824593976,0.020899149884614485,0.8837229249229078,0.9186271278575173,0.08,0.02,0.9,0.0
5311,0.8937294086629848,0.9879818040305526,0.09006841313591582,0.02986751035722819,0.8949934597097365,0.9186033594941083,0.84,0.0,0.16,0.25
5312,0.8711059189606768,0.9641627739459777,0.05333744421185969,0.020723352609477063,0.8811694089046149,0.9185969993422681,0.02,0.06,0.92,0.0
5313,0.8914282058462382,0.9821081932986332,0.08647701325466635,0.02394066332630084,0.8904148746320837,0.9185667976435395,0.36,0.0,0.64,0.5
5314,0.8930889221519239,0.9850009988438801,0.08929309457032455,0.024670604055941067,0.8904529059832017,0.918546100614004,0.42,0.0,0.58,0.5
5315,0.8788840668298549,0.9731760584440006,0.06712272917607845,0.03279194817176548,0.8988316579169421,0.9185404621660924,0.18,0.78,0.04,0.0
5316,0.8932297053574433,0.9867969256204152,0.08959330000818719,0.02791148530815356,0.8932007209595187,0.9185350996088546,0.68,0.0,0.32,0.25
5317,0.893795526506825,0.9877642195512963,0.09151695307086534,0.0291340009638252,0.8961744892846212,0.9184964532141491,0.78,0.0,0.22,0.25
5318,0.893777827598005,0.9878444159032934,0.09154658708051225,0.029378504094959533,0.8964954603458001,0.9184938674595007,0.8,0.0,0.2,0.25
5319,0.8929150332028967,0.9868918209265294,0.09025377706709015,0.028644994701556518,0.8950971147321064,0.9184021160501152,0.74,0.0,0.26,0.25
5320,0.8945043101173389,0.9880695924637052,0.09229752259331749,0.030023502739968903,0.8964601142032214,0.9183946128609036,0.86,0.0,0.14,0.5
5321,0.8886821876965102,0.9813373801447282,0.08354572252809303,0.023265925816601172,0.8889558157107618,0.9183892506082033,0.3,0.0,0.7,0.25
5322,0.8937854974033052,0.9879233278806588,0.09103303595211353,0.02962300722609385,0.8949934597097365,0.9183819840092959,0.82,0.0,0.18,0.25
5323,0.8909467535984991,0.9816288190194671,0.0852819704700687,0.02321072259666069,0.8873528995978587,0.9183819641779349,0.3,0.0,0.7,0.5
5324,0.893599967317982,0.9880187711866159,0.09103196230166158,0.030356516619496846,0.8961037969994637,0.9183607999844077,0.88,0.0,0.12,0.25
5325,0.8725462511596265,0.9722299110278871,0.06199645964727433,0.033353228953794126,0.9021028625975991,0.9183547486237928,0.18,0.82,0.0,0.0
5326,0.8762121415041682,0.9711137809105305,0.06284314251504325,0.03237045821090635,0.896058325787122,0.9183326688016509,0.1,0.82,0.08,0.0
5327,0.8748121782688002,0.9709067882407363,0.05986674658175936,0.03244035362149085,0.8931064329737182,0.918283674256978,0.06,0.86,0.08,0.0
5328,0.8948786596916202,0.9880851191259183,0.09192320401491395,0.029536875586875448,0.8935597679534643,0.9182795257370302,0.82,0.0,0.18,0.5
5329,0.8879651978777418,0.980317923478809,0.07974324371872682,0.019804332525006595,0.8786248107165194,0.9182610665361391,0.02,0.0,0.98,0.5
5330,0.8722826506738472,0.9634789614754512,0.05720537651445585,0.02139053525605838,0.8855507821848722,0.9182551670980725,0.12,0.02,0.86,0.0
5331,0.8931150355839346,0.9868846055952656,0.09038892510671935,0.028400491570422213,0.893575026843765,0.918242626426401,0.72,0.0,0.28,0.25
5332,0.8931355554993147,0.986838031316958,0.0906268441924743,0.028155988439287884,0.8935570381632763,0.918219349646392,0.7,0.0,0.3,0.25
5333,0.8720711167962275,0.9637705487668142,0.059345006877957684,0.021671175647072598,0.8898651087727941,0.9182090991155247,0.12,0.04,0.84,0.0
5334,0.8718921086673412,0.9640308686713125,0.053468814080157134,0.020162071827448617,0.8766061175435689,0.9182029275838135,0.02,0.02,0.96,0.0
5335,0.8720365942071793,0.9634247894076562,0.05571311054127,0.02114484257033641,0.8825275228110078,0.9181994509228082,0.1,0.02,0.88,0.0
5336,0.8889162270515684,0.9816623098015275,0.0851186097677618,0.023754932078869844,0.8905124651727899,0.9181900587059816,0.34,0.0,0.66,0.25
5337,0.8890476643392756,0.9818457184989198,0.08571667210546552,0.024243938341138496,0.8917681862442685,0.9181749937914212,0.38,0.0,0.62,0.25
5338,0.891068866001717,0.9816781561303155,0.08530169752906176,0.02345403617320739,0.8859243210371404,0.9181573569400745,0.32,0.0,0.68,0.5
5339,0.8887672791611976,0.9813913809625723,0.08359424668933756,0.023510428947735494,0.8875272371500433,0.9181456896465934,0.32,0.0,0.68,0.25
5340,0.8919240496512343,0.9858697241572008,0.09000345210405129,0.026933472783616186,0.8935390494827875,0.9181323295819649,0.6,0.0,0.4,0.25
5341,0.875559438507237,0.9710497562622282,0.06202315281386472,0.03240540591619853,0.8945563251510584,0.9181315635839522,0.08,0.84,0.08,0.0
5342,0.8784127232094371,0.9728245108365028,0.06804149783555684,0.032546255486043583,0.8988316579169421,0.9181303648782362,0.16,0.78,0.06,0.0
5343,0.8713572552153347,0.9641091612946889,0.053704170840473894,0.0204427122184629,0.8778892696861811,0.9181226505787172,0.02,0.04,0.94,0.0
5344,0.8916090656183372,0.9850025458017698,0.08876967457119027,0.02644446652134754,0.8919361333698845,0.918121114399943,0.56,0.0,0.44,0.25
5345,0.8946579044349853,0.9880741134624085,0.0920820134302081,0.02978018916342218,0.8935597679534643,0.9181171628840257,0.84,0.0,0.16,0.5
5346,0.8943668660465858,0.9880640782152869,0.09285600125378199,0.030266816316515604,0.8961037969994637,0.9180892993277632,0.88,0.0,0.12,0.5
5347,0.890075994139928,0.9834976868584134,0.08765265603349079,0.025955460259078838,0.8934381340059481,0.9180808688837643,0.52,0.0,0.48,0.25
5348,0.8901366407900001,0.9837306495832587,0.08768188824832049,0.026199963390213223,0.8934381340059481,0.9180766720270119,0.54,0.0,0.46,0.25
5349,0.8715880274039802,0.9634381526121566,0.05451818935286462,0.020653457198892514,0.8796293769174333,0.9180752219273294,0.06,0.02,0.92,0.0
5350,0.8917103383022899,0.9856345152038333,0.0892115459781234,0.026688969652481815,0.8919361333698845,0.9180698938517131,0.58,0.0,0.42,0.25
5351,0.8889368034707137,0.9817481688185669,0.08551508609036458,0.02399943521000417,0.8905678985676465,0.9180541259823931,0.36,0.0,0.64,0.25
5352,0.8719998170239969,0.9638892820660909,0.05391873618339208,0.020407764513170598,0.8763492376989994,0.9179965115087725,0.04,0.02,0.94,0.0
5353,0.8793406172050134,0.9732012378951116,0.06899865268744092,0.03275700046647338,0.8973296572808784,0.9179216165325698,0.2,0.76,0.04,0.0
5354,0.8724372860941771,0.963621218809647,0.05892163209901848,0.021881920627502285,0.886823076149549,0.9179202566605644,0.16,0.02,0.82,0.0
5355,0.8794518024078907,0.9730674916834745,0.07092758442604355,0.032476360075459135,0.900315669872517,0.9178823680779368,0.2,0.74,0.06,0.0
5356,0.8789583111660719,0.9728905790675523,0.06966344607440808,0.03251130778075136,0.8988316579169421,0.9178429457047886,0.18,0.76,0.06,0.0
5357,0.889254979286135,0.9818883654450206,0.08640640956146411,0.024488441472272846,0.8906059299187644,0.9178213300808846,0.4,0.0,0.6,0.25
5358,0.8765527160984895,0.9710478896377637,0.06522572233582001,0.0320898178198921,0.8960403371066334,0.9177909200467703,0.1,0.8,0.1,0.0
5359,0.8723506369326411,0.9635376202919592,0.05889710764061993,0.021636227941780304,0.8852830441623675,0.9177069321364202,0.14,0.02,0.84,0.0
5360,0.8776765344705035,0.9715413463712238,0.06741387300933105,0.03230056280032166,0.8970416489569123,0.9176787650247711,0.14,0.78,0.08,0.0
5361,0.8796115365399166,0.9727872696805181,0.07282840188629547,0.032195719684444984,0.901799681828092,0.9176185249039321,0.2,0.72,0.08,0.0
5362,0.8784129352344758,0.9724736196871501,0.06969535592418477,0.03226561509502941,0.8984753407131845,0.9176032727384246,0.16,0.76,0.08,0.0
5363,0.8790417358257087,0.9725990945261597,0.07146114330525175,0.032230667389737136,0.900315669872517,0.9175842745170182,0.18,0.74,0.08,0.0
5364,0.8725018117046608,0.9636787359598159,0.061073079188804294,0.022127613313224243,0.888686279554092,0.9175578074803381,0.18,0.02,0.8,0.0
5365,0.8759541119827438,0.9709552890809913,0.06462062694670208,0.03212476552518447,0.8945563251510584,0.917542451017565,0.08,0.82,0.1,0.0
5366,0.8894040396571553,0.982048318607474,0.0883407129558831,0.024732944603407227,0.8920558220961047,0.9175005023839924,0.42,0.0,0.58,0.25
5367,0.8753732999549126,0.970781344797551,0.06340747841226742,0.032159713230476665,0.8930543245149949,0.9174598668051299,0.06,0.84,0.1,0.0
5368,0.8730078574725126,0.9722431543574219,0.06476683875254236,0.03331828124850152,0.9004720064913335,0.9174582157028972,0.2,0.8,0.0,0.0
5369,0.8796327701597048,0.9720749726348287,0.07482619544617718,0.031915079293430786,0.9047335859610073,0.917437822758843,0.2,0.7,0.1,0.0
5370,0.8771762013131085,0.9711051613296695,0.06795396872029254,0.03205487011459972,0.8973979661606699,0.9174099847582655,0.12,0.78,0.1,0.0
5371,0.8728736435776273,0.9644023126689366,0.06330688947047078,0.021706123352364888,0.8898651087727941,0.917394474520444,0.1,0.06,0.84,0.0
5372,0.889507615274536,0.982314726447726,0.08781834181917465,0.02522195086567584,0.8904529059832017,0.9173840220255418,0.46,0.0,0.54,0.25
5373,0.8785092890603331,0.9712983626700863,0.07231324206126392,0.03198497470401531,0.901799681828092,0.9172553073095459,0.16,0.74,0.1,0.0
5374,0.8722292578547709,0.9638044162987666,0.06192480493888557,0.02191686833279457,0.8883631081367305,0.9172428105565276,0.14,0.04,0.82,0.0
5375,0.8895488867315345,0.9821925338994415,0.088529389887903,0.024977447734541504,0.8904529059832017,0.9172218101021079,0.44,0.0,0.56,0.25
5376,0.8896817025782461,0.9824461236808701,0.0887884921267464,0.025466453996810214,0.8904529059832017,0.9171271309678695,0.48,0.0,0.52,0.25
5377,0.8741374401692769,0.9705618851313326,0.06321862132498847,0.032229608641061426,0.8931064329737182,0.9171045197428488,0.02,0.88,0.1,0.0
5378,0.8898177113030242,0.9827311378282853,0.08900669647058054,0.025710957127944526,0.8904529059832017,0.9170988246162384,0.5,0.0,0.5,0.25
5379,0.879331654187204,0.9701622077251401,0.07933332921413834,0.027669466974248665,0.9074670453894448,0.9170192307016094,0.06,0.52,0.42,0.0
5380,0.879074697892769,0.9715717546541683,0.0739021658737098,0.03195002699872308,0.9017816931476035,0.9170117634949608,0.18,0.72,0.1,0.0
5381,0.8748523725825214,0.970669244579705,0.06382837124227113,0.03219466093576892,0.8916044323376546,0.9169408561933576,0.04,0.86,0.1,0.0
5382,0.8792753965350204,0.9701348591079846,0.07906373062761159,0.027388826583234428,0.9059830334338698,0.9169095671070102,0.06,0.5,0.44,0.0
5383,0.8725586133237097,0.9638369709144289,0.06342104832550578,0.022373305998946144,0.888686279554092,0.9168719639861644,0.2,0.02,0.78,0.0
5384,0.8777891096668903,0.9711842902236394,0.07131623013112047,0.03201992240930752,0.8988316579169421,0.9168576263302802,0.14,0.76,0.1,0.0
5385,0.8723823732878204,0.964435860534314,0.06583305210756248,0.02149537837193535,0.8917585897060102,0.9168494002875747,0.06,0.08,0.86,0.0
5386,0.8788124002293121,0.9700454323836352,0.07873027949245276,0.027143133897512595,0.9044430014466883,0.916671601605527,0.04,0.5,0.46,0.0
5387,0.8798039972265932,0.9702471105966205,0.08029940345565477,0.02791515965997056,0.9059650447533811,0.916620480308121,0.08,0.52,0.4,0.0
5388,0.8792376484117215,0.9703861427234081,0.07752060859849867,0.029037721224027705,0.9028018460458409,0.9165742290757487,0.08,0.6,0.32,0.0
5389,0.8797913385485042,0.9702082111702781,0.07996111962988642,0.027634519268956426,0.9044810327978062,0.9165419821551792,0.08,0.5,0.42,0.0
5390,0.8829845265441654,0.9858810352164564,0.08049392839757803,0.03172669777579598,0.8885088916217266,0.9164828691696464,1.0,0.0,0.0,0.5
5391,0.8821743036519992,0.9858666616372459,0.07994928187640161,0.031823535406302894,0.8889444548838925,0.9164407649953663,1.0,0.0,0.0,0.25
5392,0.8772317355023164,0.9702931283125877,0.07522860010328476,0.029703845121933196,0.9018482137679741,0.916343567277987,0.02,0.7,0.28,0.0
5393,0.8727919497298857,0.9643890664852361,0.06677424275858618,0.021951816038086866,0.8898651087727941,0.9163183742226672,0.12,0.06,0.82,0.0
5394,0.8795264427090145,0.9704829246331478,0.07889359207399027,0.02928341390974971,0.9031581632495985,0.9162835344045537,0.1,0.6,0.3,0.0
5395,0.8790111091909756,0.9704242087333228,0.0785033393705526,0.029318361615041914,0.9031581632495985,0.9162257405510986,0.08,0.62,0.3,0.0
5396,0.8784656482277307,0.9702279619979463,0.07736711526962162,0.028826976243597868,0.90143646316936,0.9162005322892219,0.04,0.62,0.34,0.0
5397,0.8777193889640947,0.9704506069132509,0.07537585949311718,0.03019523049337707,0.9003462131319105,0.9161474178586346,0.06,0.7,0.24,0.0
5398,0.8789595149780186,0.9702970042698092,0.07730971377180079,0.028792028538305724,0.8998281223023872,0.9161413496373495,0.06,0.6,0.34,0.0
5399,0.8781538493520348,0.9701648649535446,0.07757590837890943,0.028581283557875935,0.9017927803731175,0.9161398692308926,0.02,0.62,0.36,0.0
5400,0.8790685254112354,0.969305883762429,0.07984270703315526,0.02710818619222037,0.9029589894911134,0.9161009158753812,0.06,0.48,0.46,0.0
5401,0.8789449798229262,0.9700762231248033,0.07915478032375944,0.027423774288526687,0.9015123776682579,0.9160977874009831,0.04,0.52,0.44,0.0
5402,0.8761099054627158,0.9705137981451256,0.0716557968743572,0.031352739762726074,0.8975243490622083,0.9160926532070532,0.04,0.8,0.16,0.0
5403,0.8802301621252181,0.9702896833344091,0.08107735576810335,0.02788021195467839,0.9029790321617426,0.9160893337520459,0.1,0.5,0.4,0.0
5404,0.8775371067267014,0.9703607092515366,0.07552821638175955,0.0299495378076551,0.9003462131319105,0.9160844261697658,0.04,0.7,0.26,0.0
5405,0.8724939831634598,0.9639426378424534,0.06621837080798586,0.02240825370423844,0.888686279554092,0.9160542987815865,0.18,0.04,0.78,0.0
5406,0.8778905405149126,0.9705722657325218,0.07577914361744344,0.030440923179099057,0.9003462131319105,0.9160515104083793,0.08,0.7,0.22,0.0
5407,0.8774601658488489,0.970486018548927,0.07509752790425014,0.03047587088439132,0.899989895928153,0.916045696531242,0.06,0.72,0.22,0.0
5408,0.8781247886143814,0.9706789630144175,0.07668733944005542,0.030686615864821,0.9017799048881827,0.916041654734913,0.1,0.7,0.2,0.0
5409,0.878257271351431,0.9702669641742591,0.07752844434789527,0.029107616634612355,0.90143646316936,0.9160411917423407,0.04,0.64,0.32,0.0
5410,0.877276444287956,0.9704042238640551,0.07525328523023728,0.030230178198669397,0.9003462131319105,0.9160359549135947,0.04,0.72,0.24,0.0
5411,0.8724041369411647,0.9638450967245981,0.06631670889795917,0.02216256101851657,0.888686279554092,0.9160334779094171,0.16,0.04,0.8,0.0
5412,0.8796802201405699,0.9733340993153359,0.07581049341479015,0.033002693152195284,0.8973296572808784,0.9160288063217915,0.22,0.76,0.02,0.0
5413,0.8769500729376288,0.9703255345116258,0.0750980012438648,0.02998448551294747,0.9003462131319105,0.9160201841301903,0.02,0.72,0.26,0.0
5414,0.8801453677686555,0.9698937848437994,0.08124152260105229,0.027599571563664306,0.9029790321617426,0.9160132702145337,0.1,0.48,0.42,0.0
5415,0.8779801778479445,0.9701992490895154,0.07749366797293641,0.02886192394889041,0.90143646316936,0.9160070793064663,0.02,0.64,0.34,0.0
5416,0.8790803507123117,0.9710515201367224,0.08077018330520896,0.0311430535309725,0.9077195985526458,0.9160058137296807,0.16,0.68,0.16,0.0
5417,0.8650617124092783,0.9598360326245313,0.054450553262703975,0.020618509493600258,0.8822941415239632,0.916003229313185,0.08,0.0,0.92,0.0
5418,0.8800920331104032,0.970372548331474,0.0809749477762603,0.02844149273670685,0.9030646985036239,0.9159904672924336,0.1,0.54,0.36,0.0
5419,0.8797447729388302,0.9704435485611088,0.0801101330882138,0.029002773518735394,0.9027638146947231,0.9159890833200126,0.1,0.58,0.32,0.0
5420,0.8652815346669548,0.9599789064585503,0.05608063112427191,0.021109894865044145,0.8852986276484469,0.915972661860545,0.12,0.0,0.88,0.0
5421,0.8802023808938566,0.9703329210928404,0.08129564473433931,0.028160852345692614,0.9029790321617426,0.9159683720863856,0.1,0.52,0.38,0.0
5422,0.8780265708138066,0.9703006119354411,0.07761487117537816,0.029388257025626585,0.9017927803731175,0.9159494107365096,0.04,0.66,0.3,0.0
5423,0.8786394217534397,0.9701944198409006,0.07720467098887233,0.028546335852583767,0.8986953143550157,0.9159394602910806,0.04,0.6,0.36,0.0
5424,0.8777149759406526,0.9702311358303692,0.07734798350830505,0.029142564339904718,0.90143646316936,0.9159182093181355,0.02,0.66,0.32,0.0
5425,0.8651690239495372,0.9598918030252012,0.055379702000467226,0.020864202179322222,0.883451997137102,0.9159002324849457,0.1,0.0,0.9,0.0
5426,0.8796614819858785,0.969647533122766,0.08040597430650526,0.027353878877942286,0.9014390001745612,0.9158903887368061,0.08,0.48,0.44,0.0
5427,0.879749279097572,0.9702765741506694,0.08031901589163666,0.028195800050984956,0.9015626978675605,0.9158863453386198,0.08,0.54,0.38,0.0
5428,0.878762015988066,0.9703361691335755,0.07788223143895344,0.02907266892931987,0.8999344625332963,0.9158826039465177,0.06,0.62,0.32,0.0
5429,0.8776318584271745,0.9706027482237783,0.07594103539979351,0.030721563570113266,0.9003462131319105,0.915875637983232,0.08,0.72,0.2,0.0
5430,0.8804597906870694,0.9701147429470879,0.08199634981438547,0.027845264249386156,0.9029790321617426,0.9158738051729259,0.12,0.48,0.4,0.0
5431,0.8807454809710842,0.9703557087529708,0.08303298977438787,0.028090956935108168,0.904412723918015,0.9158624612894127,0.14,0.48,0.38,0.0
5432,0.8797729881954457,0.9689488276148446,0.08045650160183607,0.027038290781635825,0.9013488603647198,0.9158540523255925,0.1,0.44,0.46,0.0
5433,0.8783031203255105,0.9699852294634034,0.07815457901243451,0.02689744121179055,0.8985716166620165,0.915844330061307,0.02,0.5,0.48,0.0
5434,0.8797545414696762,0.9705799434386528,0.08055288363582318,0.02952910659547156,0.9031581632495985,0.9158386079749047,0.12,0.6,0.28,0.0
5435,0.8800392940499164,0.9691470979538074,0.08146935436013636,0.0272839834673577,0.9027825521209922,0.9158373523287644,0.12,0.44,0.44,0.0
5436,0.8807684738176625,0.9704812178419707,0.08302702979311555,0.0283715973261223,0.904412723918015,0.9158337771156184,0.14,0.5,0.36,0.0
5437,0.8757578359297057,0.9704424582697548,0.07215955186135788,0.031107047077004152,0.8971680318584508,0.9158266693581114,0.02,0.8,0.18,0.0
5438,0.878543837938758,0.9689542305507949,0.07948935513324781,0.026862493506498362,0.9014189575039319,0.9158108511976971,0.04,0.48,0.48,0.0
5439,0.8800091440909044,0.970552526321517,0.08108604724406732,0.02924846620445731,0.9031201318984806,0.9158074610705187,0.12,0.58,0.3,0.0
5440,0.8793277985389328,0.97019754800667,0.07952713429793497,0.027950107365262957,0.9000606972314968,0.915800374420804,0.06,0.54,0.4,0.0
5441,0.8646299265361281,0.959736465048924,0.053531875394054476,0.020127124122156344,0.879377222381008,0.9157845720187994,0.04,0.0,0.96,0.0
5442,0.8781624842862111,0.970528003328551,0.07790608795473677,0.030160282788084736,0.9017799048881827,0.9157839296112849,0.08,0.68,0.24,0.0
5443,0.8803126580642769,0.9694925176672295,0.08198143119747277,0.02756462385837189,0.9028726919308336,0.9157808132406036,0.12,0.46,0.42,0.0
5444,0.8785284943534128,0.9700162228503467,0.07849922455777636,0.027178081602804802,0.8986449941557131,0.9157720261397453,0.02,0.52,0.46,0.0
5445,0.8774955107488238,0.9702663305494409,0.07768835628610814,0.029423204730918844,0.9018482137679741,0.9157650726563189,0.02,0.68,0.3,0.0
5446,0.8805341892216207,0.9703882005769845,0.08243086701434098,0.028125904640400455,0.9029790321617426,0.9157556401376616,0.12,0.5,0.38,0.0
5447,0.8785311601396771,0.9703691547282808,0.0781209838394093,0.029353309320334375,0.900290779737054,0.9157467251527399,0.06,0.64,0.3,0.0
5448,0.8785401404125299,0.9700397354686026,0.07843194411115784,0.027458721993819005,0.8986449941557131,0.9157423318053528,0.02,0.54,0.44,0.0
5449,0.8810774014190756,0.9733169457785894,0.08393813334736569,0.032617209645304075,0.907600969473552,0.9157180400401389,0.28,0.68,0.04,0.0
5450,0.8783273648294097,0.9701296987761314,0.07705840255524395,0.028300643166861896,0.8972113023994407,0.9157048759467313,0.02,0.6,0.38,0.0
5451,0.8754966275021883,0.9704711340740297,0.07154909271462992,0.03138768746801856,0.8960403371066334,0.9157034671862518,0.02,0.82,0.16,0.0
5452,0.8778318314304423,0.9707258712301293,0.07739463327669255,0.030967256255835286,0.9017799048881827,0.9157005938717716,0.1,0.72,0.18,0.0
5453,0.8783458872865147,0.9708210747861551,0.07875103998135963,0.030932308550542954,0.9032135966444551,0.9156997582212462,0.12,0.7,0.18,0.0
5454,0.879303385632009,0.9702268431649338,0.0797154065177853,0.02823074775627712,0.9000606972314968,0.9156869928646805,0.06,0.56,0.38,0.0
5455,0.8814433565206479,0.9707116118175527,0.08535260451009212,0.028828034992274053,0.9069237902268023,0.9156851544136595,0.2,0.48,0.32,0.0
5456,0.8799266210684532,0.9731101671712337,0.079892383204724,0.03244141237016693,0.901799681828092,0.9156741121855503,0.22,0.72,0.06,0.0
5457,0.8788625119126713,0.9710945609577101,0.07997099017217266,0.031423693921986906,0.9047335859610073,0.9156734866399368,0.16,0.7,0.14,0.0
5458,0.878946378805176,0.9701300526926966,0.07887096512875855,0.027985055070555032,0.8986953143550157,0.9156533576323215,0.04,0.56,0.4,0.0
5459,0.8784224911018096,0.9704857102990154,0.07882293614765348,0.029879642397070517,0.9017799048881827,0.915647169311503,0.08,0.66,0.26,0.0
5460,0.8804975669492544,0.9704284614404363,0.08259628277399314,0.0284065450314145,0.9029790321617426,0.9156468356080398,0.12,0.52,0.36,0.0
5461,0.8800882704531142,0.9728779008628554,0.0818246504847206,0.03216077197915262,0.9047335859610073,0.9156264462683273,0.22,0.7,0.08,0.0
5462,0.8794699933609592,0.9703491498798522,0.079643482983977,0.02875708083301336,0.8997043800277393,0.9156173597398022,0.08,0.58,0.34,0.0
5463,0.8758044382969162,0.9705389633254073,0.07129046383290483,0.03163338015374053,0.8945563251510584,0.9156088690029154,0.04,0.82,0.14,0.0
5464,0.8802429605710358,0.9690953433644857,0.08244739580622178,0.02724903576206529,0.9027322319216896,0.9156079274990547,0.14,0.42,0.44,0.0
5465,0.8761909338798758,0.9706319006737498,0.07176394316809154,0.03159843244844811,0.8945383364705698,0.9156064322612725,0.06,0.8,0.14,0.0
5466,0.8791413400530301,0.9702684226530074,0.07965502436499736,0.0285113881472914,0.9000606972314968,0.9156059106424722,0.06,0.58,0.36,0.0
5467,0.8798172404994594,0.973239009925944,0.07913936800039167,0.032722052761181036,0.900315669872517,0.9155991688167204,0.22,0.74,0.04,0.0
5468,0.8780068167041761,0.9704213659841382,0.07776739326638195,0.029914590102362658,0.9003462131319105,0.9155953373365334,0.06,0.68,0.26,0.0
5469,0.8792631630409575,0.9705123910413626,0.08006027821007572,0.0295640543007638,0.9016561626135349,0.9155909078311957,0.1,0.62,0.28,0.0
5470,0.8796522166756414,0.9703139009316294,0.08109433366072623,0.02847644044199909,0.9015626978675605,0.9155829881308661,0.08,0.56,0.36,0.0
5471,0.8809990399728252,0.9705864281034595,0.08386470868771953,0.028617290011844237,0.9040564067142575,0.9155744393462621,0.16,0.5,0.34,0.0
5472,0.878622622780877,0.970757044429521,0.07965439251813013,0.030651668159528585,0.9032135966444551,0.9155686499492679,0.12,0.68,0.2,0.0
5473,0.8786707511768793,0.9705893564776196,0.07999544971773892,0.030125335082792547,0.9032135966444551,0.9155647935845236,0.1,0.66,0.24,0.0
5474,0.8794889695858427,0.9706132743874258,0.08107020426064511,0.029809746986485714,0.9031581632495985,0.9155585407938718,0.12,0.62,0.26,0.0
5475,0.8789430586626892,0.9705508651969935,0.0797137070967689,0.02984469469177822,0.9016561626135349,0.9155445188481536,0.1,0.64,0.26,0.0
5476,0.8778000947819682,0.9703342225924672,0.07865116620690547,0.029668897416640753,0.9018482137679741,0.9155396849159612,0.04,0.68,0.28,0.0
5477,0.8783971033555195,0.9706322089236614,0.07869757179032667,0.03040597547380672,0.9014235876844252,0.9155389860927261,0.1,0.68,0.22,0.0
5478,0.8799225958107345,0.9704114791536407,0.08125306289420824,0.028722133127721112,0.901206380663803,0.91553035291139,0.1,0.56,0.34,0.0
5479,0.8808923129456728,0.969959230866694,0.08492991163827253,0.02805600922981592,0.9058464156742874,0.9155217465501513,0.16,0.46,0.38,0.0
5480,0.8770566010258285,0.9704310587313579,0.07498647171519264,0.030510818589683523,0.8970559917952378,0.9155013519933475,0.04,0.74,0.22,0.0
5481,0.8787424253856048,0.9704540176414392,0.07903074785403609,0.029599002006056266,0.9002224708572625,0.9155009468879226,0.08,0.64,0.28,0.0
5482,0.8793930828605495,0.9690713255588748,0.08068139058664933,0.027073238486928036,0.8998989681873796,0.9154690928044406,0.08,0.46,0.46,0.0
5483,0.8767175999430359,0.9703505940877712,0.07506443847865814,0.030265125903961583,0.8974123089989953,0.9154676716370787,0.02,0.74,0.24,0.0
5484,0.8812315854884645,0.9706122697210473,0.08529797310655576,0.028582342306551975,0.9054900984705299,0.915456569854224,0.18,0.48,0.34,0.0
5485,0.8760300790378808,0.9704082368212374,0.07485935077128222,0.030826406685989956,0.8990083610177834,0.9154563892256401,0.02,0.78,0.2,0.0
5486,0.8648196181990466,0.9597906114292263,0.0546240100799466,0.02037281680787836,0.8791203425364386,0.9154468075018265,0.06,0.0,0.94,0.0
5487,0.8809917082379419,0.9704933366301612,0.08463310184218897,0.02833664962083003,0.904412723918015,0.9154461403648876,0.16,0.48,0.36,0.0
5488,0.8767664072221341,0.9704586157026204,0.07488242621271621,0.030791458980697687,0.8974123089989953,0.9154457680863791,0.04,0.76,0.2,0.0
5489,0.8785755190528961,0.9710006075263258,0.07981627289443548,0.03117800123626493,0.9032135966444551,0.9154390778768245,0.14,0.7,0.16,0.0
5490,0.8653681823282353,0.9600377993166579,0.05710727608569024,0.02135558755076611,0.8837778537630028,0.9154340083487661,0.14,0.0,0.86,0.0
5491,0.8763147114728695,0.970831441116515,0.07226699126332792,0.031844125134170016,0.8941820192668122,0.9154257614894121,0.08,0.8,0.12,0.0
5492,0.8793178503099761,0.9711392743198848,0.08135138894705973,0.03138874621669443,0.9047335859610073,0.9154254858111173,0.18,0.68,0.14,0.0
5493,0.8655047176612957,0.9603183438403551,0.060093786540914046,0.022092665607931935,0.8898843896671371,0.9154238906367628,0.2,0.0,0.8,0.0
5494,0.8780349063246782,0.9709012026381717,0.07854097415796277,0.03121294894155717,0.9017637044671148,0.9154054833900288,0.12,0.72,0.16,0.0
5495,0.8785642069205548,0.9700654572112247,0.0787019963363686,0.027739362384833224,0.8972113023994407,0.9154043075762914,0.02,0.56,0.42,0.0
5496,0.8784995977469613,0.9701031921379011,0.07846498646716583,0.028020002775847538,0.8972113023994407,0.9154028435776003,0.02,0.58,0.4,0.0
5497,0.8795447467208406,0.9710945666660418,0.08262793947474335,0.031108105825680243,0.9062175979165823,0.9153972438346927,0.18,0.66,0.16,0.0
5498,0.8782709281545139,0.9703956956165013,0.0781178258143777,0.029633949711348574,0.8987887791009903,0.915392119730222,0.06,0.66,0.28,0.0
5499,0.879948692386885,0.9693500719580876,0.08152498092675697,0.02731893117265002,0.8998989681873796,0.9153850403650357,0.1,0.46,0.44,0.0
5500,0.8789296706150438,0.9700978006186142,0.07922353568076261,0.027704414679540972,0.8972113023994407,0.915375303291648,0.04,0.54,0.42,0.0
5501,0.8804472989501128,0.96941864043842,0.08274604971453951,0.027529676153079618,0.9012985401654172,0.91536036842973,0.14,0.44,0.42,0.0
5502,0.8806358250089109,0.9697442037200376,0.08373650276999221,0.02781031654409373,0.9028726919308336,0.9153599710839547,0.14,0.46,0.4,0.0
5503,0.8640955004597168,0.9596491018864826,0.053093776939277526,0.019881431436434442,0.8765098388684632,0.9153565792253979,0.02,0.0,0.98,0.0
5504,0.8774868979630597,0.97078635671278,0.07732582883979874,0.0312478966468494,0.9003300127108425,0.9153524275131302,0.1,0.74,0.16,0.0
5505,0.878842208060135,0.9701710328059421,0.07964619992598901,0.028265695461569547,0.8986953143550157,0.9153484398680953,0.04,0.58,0.38,0.0
5506,0.8807653202681304,0.969557101732038,0.08432885150361301,0.02777536883880158,0.9037980826588373,0.9153456367976851,0.16,0.44,0.4,0.0
5507,0.8789049228808714,0.9707076102770338,0.08071371207411085,0.03037102776851442,0.9028572794406976,0.9153429503400063,0.12,0.66,0.22,0.0
5508,0.8764642858976422,0.9703871159939622,0.07494574049537796,0.03054576629497578,0.8970559917952378,0.915321829048991,0.02,0.76,0.22,0.0
5509,0.8750433984626294,0.9704941586299255,0.07145274240101375,0.03166832785903283,0.8945563251510584,0.915320023110158,0.02,0.84,0.14,0.0
5510,0.880255259995438,0.9710987565815067,0.084488347516693,0.03079251772937346,0.9073632813488884,0.9153091961472687,0.2,0.62,0.18,0.0
5511,0.8769378196017285,0.9684606311090423,0.07933006285892065,0.026827545801205995,0.9014189575039319,0.9153079573562286,0.06,0.46,0.48,0.0
5512,0.8804772952879085,0.9710662419241662,0.08426247981741442,0.030511877338359337,0.9061118443224232,0.915304513702571,0.2,0.6,0.2,0.0
5513,0.8802165971299851,0.9705067455013152,0.08222648392655722,0.02896782581344304,0.9012063806638028,0.9153028347829586,0.12,0.56,0.32,0.0
5514,0.8791993467792436,0.9712417103321694,0.08133884700169396,0.03166938660770871,0.9043772687572498,0.9152993433354503,0.18,0.7,0.12,0.0
5515,0.8783459163189753,0.9710495222206287,0.07993982870188338,0.03145864162727911,0.903283693783667,0.915296270083337,0.14,0.72,0.14,0.0
5516,0.8654317172107836,0.9601206100845717,0.05738312131059072,0.021601280236488052,0.8834546823456413,0.9152882840713656,0.16,0.0,0.84,0.0
5517,0.8788577745530327,0.9709191382163606,0.08063010357822793,0.03089736084525053,0.9028572794406976,0.9152793927296838,0.14,0.68,0.18,0.0
5518,0.8797506478897127,0.9713271925993169,0.08205279771887061,0.031634438902416316,0.9043772687572498,0.9152785429178996,0.2,0.68,0.12,0.0
5519,0.8803787722269121,0.9731701788623537,0.08255886428838931,0.03240646466487463,0.9032315853249436,0.9152711505451364,0.24,0.7,0.06,0.0
5520,0.8798262942844908,0.9712131115903725,0.08329123384720567,0.03135379851140231,0.9062175979165823,0.9152589650049328,0.2,0.66,0.14,0.0
5521,0.8807041527114448,0.9705254631209463,0.08386909153595393,0.0286522377171365,0.9026227149579851,0.9152535204932892,0.14,0.52,0.34,0.0
5522,0.8763947212054813,0.9704885758815268,0.07564855679042942,0.03107209937171188,0.8986520438140257,0.9152475298952429,0.04,0.78,0.18,0.0
5523,0.880838410786275,0.973208253434766,0.08472917752550031,0.032371516959582264,0.9060989688374884,0.9152256303378761,0.26,0.68,0.06,0.0
5524,0.8793975429066263,0.970784929629856,0.08247995448676372,0.030336080063222144,0.9043592800767611,0.9152249940531757,0.14,0.64,0.22,0.0
5525,0.8798087040478569,0.9710560925104108,0.08353851415023471,0.03082746543466594,0.9058612807128247,0.915210604093354,0.18,0.64,0.18,0.0
5526,0.8771822601425124,0.9705162555819207,0.07540625475206088,0.030756511275405518,0.8959103083629317,0.9152097144228387,0.06,0.74,0.2,0.0
5527,0.8808798316250697,0.9706338101107022,0.08484062186233732,0.028897930402858433,0.9040564067142575,0.9152080670453472,0.16,0.52,0.32,0.0
5528,0.8814113556370343,0.9703363632168531,0.08620137984913795,0.028547394601259747,0.9054397782712272,0.915207888348843,0.2,0.46,0.34,0.0
5529,0.8809577347363056,0.9730838860121054,0.08565441805386598,0.03209087656856797,0.9072446522697944,0.9152037850181545,0.26,0.66,0.08,0.0
5530,0.8799538967111671,0.9733529025599424,0.07978728645503086,0.03296774544690306,0.8988136692364534,0.9151958611944968,0.24,0.74,0.02,0.0
5531,0.8806912667342282,0.9732999007001452,0.08303960340586465,0.032652157350596504,0.9031650647045733,0.9151865285546515,0.26,0.7,0.04,0.0
5532,0.8758126741555505,0.9706944896766305,0.07172513770963314,0.03187907283946236,0.8926980073112374,0.9151813621307998,0.06,0.82,0.12,0.0
5533,0.8791322618440922,0.9708381312812627,0.08160364179240819,0.030616720454236343,0.9032135966444551,0.9151782597847608,0.14,0.66,0.2,0.0
5534,0.8801874487495379,0.9706447130242415,0.08256090861029813,0.029494158890179235,0.901618131262417,0.9151747868051514,0.14,0.58,0.28,0.0
5535,0.8786184661153446,0.97115551452356,0.08035010351286076,0.03170433431300099,0.9029273765799095,0.9151729674629397,0.16,0.72,0.12,0.0
5536,0.8801398804026022,0.9733781733443606,0.08238486775920953,0.032897850036318496,0.9031650647045733,0.9151726317887562,0.28,0.7,0.02,0.0
5537,0.8804705767342923,0.969247975591539,0.0833452610580439,0.027494728447787227,0.9012482199661148,0.915168297702371,0.16,0.42,0.42,0.0
5538,0.8800115917683956,0.9711318991553336,0.08395848403461643,0.031073158120387977,0.9062175979165823,0.9151659727557693,0.2,0.64,0.16,0.0
5539,0.8803733604543961,0.9689894794990176,0.08253339678169799,0.02721408805677293,0.8997462193300513,0.9151654409003891,0.16,0.4,0.44,0.0
5540,0.8780604022531844,0.9711002921227329,0.07978826516458143,0.03173928201829327,0.9029273765799095,0.915152387682878,0.14,0.74,0.12,0.0
5541,0.8812356591721653,0.9732402600505854,0.0854604794431864,0.03233656925429,0.9061169575179772,0.9151482845591403,0.28,0.66,0.06,0.0
5542,0.8753297596860885,0.9705911374771087,0.07134427926606955,0.031914020544754625,0.8926980073112374,0.9151238879365364,0.04,0.84,0.12,0.0
5543,0.877728980255016,0.9709935862783396,0.0783283535831531,0.0314935893325714,0.9003480013913312,0.9151204289053587,0.12,0.74,0.14,0.0
5544,0.87649489882193,0.97058488114557,0.07472073567247017,0.031317792057433874,0.8960223484261447,0.9151161487095998,0.06,0.78,0.16,0.0
5545,0.8799678123639741,0.9706768366608607,0.0823927583294107,0.029774799281193486,0.9016561626135349,0.9151118089747122,0.14,0.6,0.26,0.0
5546,0.8779250544494562,0.9685178542801288,0.08091807819213842,0.02700334307634337,0.9012985401654172,0.9151012848611875,0.12,0.42,0.46,0.0
5547,0.8793382872476972,0.9710102603152236,0.08183972594291836,0.030862413139958272,0.9028572794406976,0.9150951811565935,0.16,0.66,0.18,0.0
5548,0.8813863807737573,0.9708026425831087,0.0858547641874949,0.02910867538328819,0.9043444150382238,0.9150937892926713,0.2,0.5,0.3,0.0
5549,0.8811851451741348,0.9706847598252547,0.08565370704507112,0.028862982697566198,0.9040564067142575,0.9150796863161181,0.18,0.5,0.32,0.0
5550,0.8654784462549668,0.9602255178044806,0.05897564333162566,0.021846972922210006,0.8850854938702581,0.9150540174097043,0.18,0.0,0.82,0.0
5551,0.8806538150137652,0.969237349532087,0.08392597262045516,0.027459780742494843,0.9011799110863237,0.9150508605481293,0.18,0.4,0.42,0.0
5552,0.8811460541620845,0.9701783451788446,0.0860032160518932,0.0283017019155377,0.9043624037187123,0.9150493055404377,0.18,0.46,0.36,0.0
5553,0.8773055534206234,0.9706424439623923,0.07679885615222881,0.031002203961127444,0.8974123089989953,0.9150399723948166,0.08,0.74,0.18,0.0
5554,0.8810249257748523,0.9697075276888908,0.0850563826369188,0.02802106152452353,0.9027882519532965,0.9150355480886316,0.18,0.44,0.38,0.0
5555,0.8796050892487469,0.9709499118325337,0.08267649800257093,0.03058177274894409,0.9032135966444551,0.9150343037631085,0.16,0.64,0.2,0.0
5556,0.8814475325222226,0.9733354464816161,0.08597392847618213,0.03258226194001191,0.9061169575179772,0.9150288359169373,0.3,0.66,0.04,0.0
5557,0.8801970944505534,0.9725727562837144,0.08408028756135898,0.03188013158813838,0.9047335859610073,0.9150186105739886,0.22,0.68,0.1,0.0
5558,0.8745913044594172,0.9705168207067586,0.07093661055873815,0.03194896825004687,0.8927501157699607,0.9150096589052109,0.02,0.86,0.12,0.0
5559,0.8818932080047112,0.9731677585297146,0.08763586143008545,0.03202098115798319,0.9075506492742496,0.914985162802568,0.3,0.62,0.08,0.0
5560,0.881072836018528,0.9707258826467927,0.08587798578459227,0.029143623088580338,0.904412723918015,0.9149847683299707,0.18,0.52,0.3,0.0
5561,0.8791554842039139,0.9706543030214908,0.08175904626817668,0.030090387377500166,0.9016561626135349,0.914984463511146,0.12,0.64,0.24,0.0
5562,0.8803461777555202,0.9707461814743036,0.08408029972151952,0.029739851575901217,0.9031581632495986,0.9149810884311222,0.16,0.58,0.26,0.0
5563,0.880405789346903,0.9706045805982528,0.08364666211847732,0.029213518499164894,0.9016361199429056,0.9149798132603633,0.14,0.56,0.3,0.0
5564,0.876818972263597,0.9705435299907641,0.07553291508339277,0.031037151666419658,0.8955539911591742,0.9149586971153463,0.06,0.76,0.18,0.0
5565,0.8807660142047584,0.9691667260523441,0.08435560079080326,0.02742483303720269,0.9011799110863237,0.9149569518383669,0.2,0.38,0.42,0.0
5566,0.880037313139724,0.971026420602255,0.08424210788331446,0.030546825043651547,0.9047155972805188,0.9149559973601448,0.18,0.62,0.2,0.0
5567,0.8726395436907459,0.9638891079619742,0.06993586798600143,0.02261899868466815,0.888330145399518,0.9149217253897801,0.22,0.02,0.76,0.0
5568,0.8803815041063273,0.9704674950125736,0.08313581856566145,0.02868718542242879,0.8997223687082279,0.9149175670725477,0.12,0.54,0.34,0.0
5569,0.8806645169280793,0.9710285954766312,0.08501505257259745,0.03023123694734508,0.9042535264826019,0.9149152670333596,0.2,0.58,0.22,0.0
5570,0.8805140063993607,0.9733913710072417,0.08451640275888603,0.032862902331026164,0.9046329455624021,0.9148989899122457,0.3,0.68,0.02,0.0
5571,0.8800598086831727,0.9733635543068871,0.08096029790276986,0.03293279774161081,0.8988136692364534,0.914897762529487,0.26,0.72,0.02,0.0
5572,0.876138411004132,0.9674040046412846,0.08016911314769183,0.02675765039062143,0.9027825521209922,0.9148860603433286,0.1,0.42,0.48,0.0
5573,0.8800935995040686,0.9708079912899078,0.08322061709785374,0.030020491966915426,0.9016561626135349,0.9148812102259953,0.16,0.6,0.24,0.0
5574,0.8816474797208483,0.9732581556704524,0.08768787416839896,0.0323016215489977,0.9075506492742496,0.9148538681063912,0.3,0.64,0.06,0.0
5575,0.8802718813509943,0.9732837689547723,0.08227631569470517,0.03268710505588887,0.9002976811920285,0.9148414343890674,0.24,0.72,0.04,0.0
5576,0.8769485361168807,0.9706951233014488,0.07620699328557766,0.031282844352141605,0.8959103083629317,0.9148301164554608,0.08,0.76,0.16,0.0
5577,0.878049301582474,0.9681164443952666,0.08178621507232886,0.026968395371051012,0.9012482199661148,0.9148272976751538,0.14,0.4,0.46,0.0
5578,0.8808719449360917,0.9695150884107555,0.08500124541512781,0.027740421133509097,0.9011799110863237,0.9147915741327295,0.18,0.42,0.4,0.0
5579,0.87967499330535,0.9707240959389718,0.08304600623654232,0.030055439672207675,0.9016561626135349,0.9147864365674208,0.14,0.62,0.24,0.0
5580,0.881179793860933,0.9728525844117837,0.086908671314047,0.03181023617755386,0.9061169575179772,0.9147607803892284,0.26,0.64,0.1,0.0
5581,0.8821225231786161,0.9729499228838638,0.08873634485626122,0.03174034076696907,0.9075506492742496,0.9147598776897597,0.3,0.6,0.1,0.0
5582,0.8766960998539087,0.9677972173618314,0.07989538452894362,0.026792598095913757,0.8998648484091448,0.9147466851926717,0.08,0.44,0.48,0.0
5583,0.8768065154715485,0.9709738012006813,0.0751601413441142,0.03180917742887775,0.8940376476847852,0.9147452038505756,0.1,0.78,0.12,0.0
5584,0.8727509168189741,0.9640369566070662,0.07158089331863793,0.022864691370390024,0.8901553174529431,0.9147272979179755,0.24,0.02,0.74,0.0
5585,0.8812453708357376,0.9708356367403115,0.0860929919240981,0.02938931577430233,0.9029107232819514,0.9147165155983623,0.2,0.52,0.28,0.0
5586,0.8813018186125974,0.9698701923088998,0.08634319930286873,0.02826675421024543,0.9027199430735051,0.9147123339593437,0.2,0.44,0.36,0.0
5587,0.8805675679040614,0.9707050472361023,0.08394399599766,0.029459211184886872,0.900134119306842,0.9146831857680372,0.16,0.56,0.28,0.0
5588,0.8808779461507894,0.9693631497460032,0.08532958466050626,0.027705473428216845,0.9011799110863237,0.9146828345582769,0.2,0.4,0.4,0.0
5589,0.8805680774173936,0.9729228311416346,0.08472720648609075,0.032125824273860314,0.9028752681211861,0.9146678691346974,0.24,0.68,0.08,0.0
5590,0.8802543036477802,0.9709512761238089,0.08472020179274399,0.030266184652637355,0.902801846045841,0.9146409394913534,0.18,0.6,0.22,0.0
5591,0.8818339277695952,0.9733529653515911,0.08850053726815987,0.0325473142347196,0.9075506492742496,0.9146404004312542,0.32,0.64,0.04,0.0
5592,0.8805727317844679,0.970565033276263,0.08420732949912935,0.028932878108150772,0.8997223687082279,0.9146312548764045,0.14,0.54,0.32,0.0
5593,0.881434490777928,0.9731215495846355,0.08741889380572339,0.032055928863275684,0.9057606403142197,0.9146277290308483,0.28,0.64,0.08,0.0
5594,0.8728200254475743,0.9645260036542913,0.07369951988803866,0.021741071057657237,0.8914354182886487,0.9146268203425076,0.08,0.08,0.84,0.0
5595,0.881195259866026,0.9696461631231589,0.08582996882514878,0.027986113819231166,0.9011799110863237,0.9146199722506446,0.2,0.42,0.38,0.0
5596,0.8798415822179645,0.9708574197340635,0.0835103018708626,0.030301132357929604,0.9012998454097774,0.9146198582909328,0.16,0.62,0.22,0.0
5597,0.8749474698493784,0.9667321168756712,0.07895471515223337,0.026581853115484128,0.9013856222945892,0.9146040160062703,0.04,0.46,0.5,0.0
5598,0.8809195088404125,0.9707786847149806,0.0853910352576973,0.02942426347959453,0.901477031525679,0.9145907127717728,0.18,0.54,0.28,0.0
5599,0.880757175245975,0.9706664874554959,0.08461223898636476,0.02917857079387274,0.9000786859119854,0.9145892829033121,0.16,0.54,0.3,0.0
5600,0.881654055982197,0.9729234704747846,0.08815492157943819,0.031775288472261354,0.9061169575179772,0.9145610896605989,0.28,0.62,0.1,0.0
5601,0.8806805600841882,0.97278017422422,0.08711657034985541,0.03184518388284614,0.9061672777172796,0.914540720235314,0.24,0.66,0.1,0.0
5602,0.8810765736016397,0.9709018762213119,0.08644443820325243,0.029669956165316595,0.9030344655565992,0.9145368396524624,0.2,0.54,0.26,0.0
5603,0.8810805478825221,0.9705735244196607,0.07911266698828172,0.03149888307595045,0.8916534016605691,0.9145313361945022,0.92,0.04,0.04,0.0
5604,0.8771188562286831,0.9708625515242582,0.07662288053899177,0.03152853703786366,0.8943939648885427,0.9145097369685061,0.1,0.76,0.14,0.0
5605,0.8804818116509769,0.9708934364528993,0.0849988909778154,0.029985544261623115,0.9016741512940236,0.9145070771060557,0.18,0.58,0.24,0.0
5606,0.8733922045432286,0.9722557983121285,0.07374950686649073,0.03328333354320956,0.8971634694537801,0.9144942752543543,0.22,0.78,0.0,0.0
5607,0.8766542685820136,0.9707540361387172,0.07463357740646549,0.03156348474315587,0.8914582724962067,0.9144807315195894,0.08,0.78,0.14,0.0
5608,0.8820343691304361,0.970854462818245,0.08045542794714092,0.0317795234669647,0.8917896632799872,0.9144364955780848,0.92,0.06,0.02,0.0
5609,0.8752177876816263,0.9666840298894641,0.07900601817776463,0.026546905410191675,0.899828188263669,0.9144364698203306,0.06,0.44,0.5,0.0
5610,0.8724770867021833,0.9642341651963336,0.07288825775904992,0.022197508723808768,0.8901882801901555,0.9144358854722631,0.14,0.06,0.8,0.0
5611,0.877383032055018,0.9710441449721711,0.0776823318948396,0.031774229723585554,0.8955396483208488,0.9144332496678662,0.12,0.76,0.12,0.0
5612,0.8762329655842589,0.9672662254933043,0.0802212712737839,0.026722702685328965,0.8996907859351947,0.9144219348043874,0.12,0.4,0.48,0.0
5613,0.8807263720203148,0.9708186202035257,0.08568902111956297,0.029704903870608763,0.9015678110631143,0.9144102703564039,0.18,0.56,0.26,0.0
5614,0.8820895632363885,0.9732891005365764,0.08985483149173162,0.032266673843705226,0.9075506492742496,0.9143728727151923,0.32,0.62,0.06,0.0
5615,0.8746940320575586,0.9665968237061444,0.07881572693679251,0.026301212724469874,0.899828188263669,0.9143703071886918,0.04,0.44,0.52,0.0
5616,0.8808445272984943,0.9734038208786707,0.08750082836815022,0.0328279546257339,0.906048648638186,0.9143582354598486,0.32,0.66,0.02,0.0
5617,0.882327000744839,0.9732068063726811,0.08973722364968267,0.03198603345269107,0.9060486486381859,0.9142965222760354,0.32,0.6,0.08,0.0
5618,0.8784613844746613,0.9686351547881498,0.08418114808871416,0.027179140351480637,0.9011799110863237,0.9142853021764878,0.18,0.38,0.44,0.0
5619,0.8749732463771899,0.9666128869515369,0.07867478383316151,0.02626626501917748,0.8983261876276054,0.9142788380003701,0.06,0.42,0.52,0.0
5620,0.8746474739218739,0.9667261516690488,0.07825401407765463,0.026616800820776203,0.8984840496804879,0.91427307660694,0.02,0.48,0.5,0.0
5621,0.8809051389903118,0.9709777342412199,0.08640429114618543,0.029950596556330793,0.9015678110631143,0.9142322457118519,0.2,0.56,0.24,0.0
5622,0.8809584620900863,0.9705731362531054,0.0783823220896958,0.03170962805638012,0.8886847465310206,0.9142179379589356,0.96,0.02,0.02,0.0
5623,0.8827632919734087,0.9732393181758555,0.09054234320028927,0.03195108574739869,0.9060486486381859,0.9142069675595443,0.34,0.58,0.08,0.0
5624,0.8725780509413191,0.9640230682360499,0.07245985370059478,0.022653946389960378,0.8883631081367305,0.9141930581408431,0.2,0.04,0.76,0.0
5625,0.8747612215881267,0.9665106621475251,0.07889487467438737,0.025985624628163166,0.8983261876276054,0.914192520128216,0.06,0.4,0.54,0.0
5626,0.8744167741294141,0.9665127228552673,0.07853539256126287,0.026020572333455474,0.8983261876276055,0.9141862300680837,0.04,0.42,0.54,0.0
5627,0.8820813063882873,0.9708972010976529,0.08140523001526796,0.03181447117225707,0.8918250094225658,0.9141812449309771,0.9,0.08,0.02,0.0
5628,0.8819003560076136,0.9707996114589781,0.08114410904444351,0.031744575761672424,0.8916534016605691,0.9141759028747274,0.94,0.04,0.02,0.0
5629,0.874122887230396,0.9664527454141375,0.07824267645962142,0.026055520038747913,0.8983261876276055,0.9141665378547956,0.02,0.44,0.54,0.0
5630,0.8758203061176927,0.966698394906177,0.07990071250512479,0.026477009999607018,0.8982578787478142,0.9141396585445574,0.1,0.4,0.5,0.0
5631,0.882481928961042,0.9733053350319197,0.0903387421022241,0.03223172613841298,0.9060486486381859,0.9141350799649407,0.34,0.6,0.06,0.0
5632,0.8822346321728213,0.9733732641791021,0.08996319170999686,0.03251236652942709,0.9060486486381859,0.914123313160043,0.34,0.62,0.04,0.0
5633,0.8756303077855535,0.9667123146730178,0.07907069661385668,0.02651195770489953,0.8968241869915418,0.9141021956674807,0.08,0.42,0.5,0.0
5634,0.8710821732161241,0.9648135351759843,0.0760540092769331,0.022407194955562607,0.8964290504485058,0.9140850524126873,0.02,0.18,0.8,0.0
5635,0.8826417924952541,0.973385902425477,0.09055117093025113,0.032477418824134886,0.9060486486381859,0.9140846915937463,0.36,0.6,0.04,0.0
5636,0.873064582682059,0.9646103756509239,0.07568442006337207,0.021986763743379274,0.8913671094088575,0.9140807373153123,0.1,0.08,0.82,0.0
5637,0.8775659662896752,0.9678836243787138,0.08322537119353828,0.02693344766575877,0.8997462193300513,0.9140138108506534,0.16,0.38,0.46,0.0
5638,0.8785085280749165,0.9683639861992633,0.0851036582671018,0.02714419264618845,0.9011799110863237,0.9139995793373838,0.2,0.36,0.44,0.0
5639,0.8737726677098033,0.9660283594941989,0.07723877490110684,0.024863063064106242,0.8948111093611563,0.9139987085255898,0.06,0.32,0.62,0.0
5640,0.8743721722921635,0.9666245262398651,0.07823861147995721,0.02633616042976223,0.8968924958713331,0.9139970815607418,0.02,0.46,0.52,0.0
5641,0.8728298658851947,0.9652204364759381,0.07710256533260959,0.02317922071802079,0.8949791582711656,0.9139959571049852,0.06,0.2,0.74,0.0
5642,0.8818841608113189,0.9706068553684336,0.08229072671456061,0.03107739311509128,0.891842366884656,0.9139730682898918,0.84,0.08,0.08,0.0
5643,0.8829397288166834,0.9733467375617108,0.09065373954514717,0.03219677843312062,0.9045466480021223,0.9139694306969912,0.36,0.58,0.06,0.0
5644,0.8731618680777109,0.9659979512112543,0.07753502746040813,0.02493295847469084,0.8964670852188923,0.913959844270433,0.02,0.36,0.62,0.0
5645,0.8729258574885723,0.9657216508321732,0.07692457402753616,0.02433672998737001,0.8951508536717158,0.9139455466302766,0.04,0.3,0.66,0.0
5646,0.8721527885161248,0.9651016575100079,0.07654153081510127,0.022933528032298856,0.8946559868538041,0.9139375602171502,0.04,0.2,0.76,0.0
5647,0.8736094456656197,0.9658884939509836,0.07765151927481363,0.024582422673092012,0.8951508536717158,0.913916758953419,0.06,0.3,0.64,0.0
5648,0.8741501924179151,0.9663744499365953,0.07857147001852018,0.02573993194244119,0.8968241869915419,0.913905932845892,0.04,0.4,0.56,0.0
5649,0.873574897423559,0.9662179731481447,0.0780950182199499,0.02549423925671927,0.8968241869915419,0.9138964862958658,0.02,0.4,0.58,0.0
5650,0.8825103834452211,0.9731090197965628,0.09149351262035799,0.03170539306167683,0.9060486486381859,0.9138862393002628,0.32,0.58,0.1,0.0
5651,0.8737280319189635,0.9661601448938985,0.07770327931569808,0.025178651160412874,0.8953048288933882,0.9138819982657861,0.04,0.36,0.6,0.0
5652,0.8811994381028235,0.9705886857486453,0.08175141369959883,0.03128813809552078,0.8918250094225658,0.91387578626141,0.88,0.06,0.06,0.0
5653,0.8730930913498828,0.9658804965782776,0.07729810247884887,0.02461737037838435,0.8952191625515069,0.9138658843754832,0.04,0.32,0.64,0.0
5654,0.8724473821399283,0.9641881988553517,0.0738610596733649,0.022443201409530766,0.888686279554092,0.9138649492203754,0.16,0.06,0.78,0.0
5655,0.8737958181710119,0.9722711594327225,0.07719780435324347,0.033248385837917144,0.8986654700898437,0.913854984810517,0.24,0.76,0.0,0.0
5656,0.8812012182914569,0.9704912131307704,0.08195814305902699,0.031042445409798867,0.891842366884656,0.913853792097446,0.86,0.06,0.08,0.0
5657,0.8733497200792075,0.9661258406745714,0.07894047003311111,0.025213598865705105,0.8982908414850267,0.9138472936461183,0.02,0.38,0.6,0.0
5658,0.8727427179404496,0.9641263205397671,0.07450355947807091,0.023110384056111946,0.8901373287724544,0.9138431028102278,0.26,0.02,0.72,0.0
5659,0.8819364794777573,0.9707892222952914,0.0818200529641196,0.03153383078124269,0.8903230087865023,0.9138327354180261,0.9,0.06,0.04,0.0
5660,0.8718282009485657,0.9646920504608302,0.07688420230331741,0.022091606859256048,0.8944421047693151,0.9138161707201002,0.04,0.14,0.82,0.0
5661,0.8738955993371678,0.9663760482694701,0.07859880823823975,0.02577487964773354,0.8968241869915419,0.9138149169877372,0.02,0.42,0.56,0.0
5662,0.8727042298838991,0.9641253615400421,0.07548351993044022,0.022899639075682373,0.8916219719464279,0.9138135011985059,0.22,0.04,0.74,0.0
5663,0.8743646746439997,0.9661648742467086,0.07863449220963042,0.02510875574982834,0.8951508536717159,0.9137958920402668,0.08,0.32,0.6,0.0
5664,0.8727183375876254,0.9642430502146184,0.0752872336785777,0.023356076741833914,0.8915710205287267,0.9137930928053561,0.28,0.02,0.7,0.0
5665,0.8741171845289816,0.9661732369526432,0.07842844035828721,0.02514370345512054,0.8952545086940858,0.9137909121207684,0.06,0.34,0.6,0.0
5666,0.8722851413255602,0.9652291588067696,0.07724720563975157,0.023214168423313183,0.8949791582711656,0.9137851241748959,0.04,0.22,0.74,0.0
5667,0.8712246835257696,0.9649900310836927,0.07644499043881578,0.02268783534657692,0.8949791582711656,0.9137678546702674,0.02,0.2,0.78,0.0
5668,0.8753552699804775,0.9666120478267776,0.07934998582430218,0.026231317313885116,0.895340175035967,0.9137575847521118,0.08,0.4,0.52,0.0
5669,0.8720114085830569,0.965443398203652,0.07681153978766325,0.023810396910633733,0.8950345916660223,0.9137499161663002,0.02,0.28,0.7,0.0
5670,0.8748849247647389,0.9723096164633583,0.08199724899587625,0.03314354272204067,0.9048054132789646,0.9137446184477843,0.3,0.7,0.0,0.0
5671,0.8763393050072079,0.9672182269862386,0.08192407298468316,0.026687754980036785,0.898188785299131,0.9137370015840748,0.14,0.38,0.48,0.0
5672,0.871940524012277,0.9648169316333435,0.0773519740407875,0.022372247250270344,0.8947652761866765,0.9137259770563088,0.04,0.16,0.8,0.0
5673,0.8728962385481196,0.9642601466680479,0.07512853594552055,0.023145331761404295,0.8901373287724544,0.9137219132806602,0.24,0.04,0.72,0.0
5674,0.8836895143310451,0.9733637940568184,0.09080314195128729,0.03212688302253599,0.9015432779483938,0.9137172899775364,0.4,0.54,0.06,0.0
5675,0.8715654136733239,0.9651709909067875,0.07668289764662056,0.0232491161286054,0.8949791582711656,0.9137163160218138,0.02,0.24,0.74,0.0
5676,0.883327777719758,0.9733552486842695,0.09042565925759893,0.03216183072782826,0.9015432779483938,0.9137094161292505,0.38,0.56,0.06,0.0
5677,0.8745593067000319,0.9722953913007719,0.08004198671055954,0.03317849042733266,0.9015148649218999,0.9137083968998989,0.28,0.72,0.0,0.0
5678,0.8761110959452983,0.9667244448778717,0.08250730532528583,0.026372166883730466,0.8996059041622053,0.9137018717168747,0.16,0.34,0.5,0.0
5679,0.8709516199288587,0.9646786130480178,0.07633814182364718,0.02212655456454839,0.8944421047693151,0.9137017510104171,0.02,0.16,0.82,0.0
5680,0.8764676077321801,0.9671874419534021,0.08372869586937977,0.026582911864159908,0.9010537854063094,0.9137008891886079,0.2,0.32,0.48,0.0
5681,0.8750548568504531,0.9662695308000229,0.08194305409992332,0.025249605319673234,0.8995184495609035,0.9136909654882892,0.16,0.26,0.58,0.0
5682,0.8764457477225345,0.9671925109519481,0.08378054152458017,0.026617859569452163,0.9010891315488883,0.9136784444218946,0.18,0.34,0.48,0.0
5683,0.8749468177370503,0.9662840642125209,0.08108647974248445,0.025284553024965482,0.8980344376053285,0.9136782975472744,0.14,0.28,0.58,0.0
5684,0.8755333042579736,0.9665071229818736,0.0822611340382267,0.025810886101701715,0.8995705580196267,0.9136739201803064,0.16,0.3,0.54,0.0
5685,0.8760024161191889,0.9667160593386103,0.08093320168645346,0.026442062294315026,0.8967055579124482,0.9136731692212899,0.12,0.38,0.5,0.0
5686,0.8752273652756465,0.9664042388655508,0.08132143396831389,0.02556519341597979,0.8981368662633543,0.9136719307680206,0.14,0.3,0.56,0.0
5687,0.8732566834974241,0.9653302191111155,0.07777944047532528,0.023424913403742743,0.893477157635102,0.9136707262690373,0.08,0.2,0.72,0.0
5688,0.8730659689115158,0.965458154241086,0.0774623061008432,0.02374050150004933,0.8935325910299587,0.9136694051905997,0.06,0.24,0.7,0.0
5689,0.8747947387241823,0.9662935685847948,0.08024433444340048,0.025354448435550226,0.8966528543077793,0.9136558746918448,0.1,0.32,0.58,0.0
5690,0.8820689609279204,0.9708390959893193,0.08339527039178384,0.03156877848653514,0.8918250094225658,0.9136437597872877,0.88,0.08,0.04,0.0
5691,0.8713752118770695,0.9650863648893944,0.07673170315732844,0.02296847573759126,0.8946559868538041,0.9136401316522741,0.02,0.22,0.76,0.0
5692,0.8812143910600254,0.9734168244582742,0.08965218503695738,0.032793006920441674,0.9045466480021223,0.9136320842514432,0.34,0.64,0.02,0.0
5693,0.8831562372143748,0.9732591774618259,0.09200954328245053,0.03191613804210635,0.9041729733362749,0.9136301238139963,0.36,0.56,0.08,0.0
5694,0.8708784938933821,0.9645664386218599,0.07673904623467254,0.021845914173534094,0.8944421047693151,0.9136034385529219,0.02,0.14,0.84,0.0
5695,0.8748231751733831,0.9663003443745178,0.08048764900967,0.025319500730257852,0.8966528543077793,0.9136022057924955,0.12,0.3,0.58,0.0
5696,0.87420582095855,0.9722840888040138,0.07931987707913904,0.03321343813262507,0.9001494820454187,0.9135972156272557,0.26,0.74,0.0,0.0
5697,0.8745194112200515,0.9664128184880899,0.0800630907544823,0.025704984237148957,0.8968068295294519,0.9135964489232699,0.06,0.38,0.56,0.0
5698,0.8733968706945142,0.9659937612957895,0.07756750131256727,0.02489801076939854,0.8934810726272538,0.9135794342473733,0.04,0.34,0.62,0.0
5699,0.8729540706471773,0.9653381536921729,0.07777158238192208,0.023459861109035158,0.893477157635102,0.9135764104265401,0.06,0.22,0.72,0.0
5700,0.8833904579783814,0.9734073771693174,0.09002826109421334,0.032407523413550146,0.9000412773123302,0.9135762657189559,0.4,0.56,0.04,0.0
5701,0.8760780479324373,0.9667154827971091,0.08214398537264611,0.02640711458902259,0.8981722124059331,0.9135734016751885,0.14,0.36,0.5,0.0
5702,0.8724744673819056,0.9656956550896296,0.07701294022712639,0.024371677692662408,0.8937854707952345,0.9135689361687781,0.02,0.32,0.66,0.0
5703,0.8761799657260949,0.9667251983776556,0.08385150805416788,0.026302271473145455,0.9010725586556902,0.9135687680100395,0.2,0.3,0.5,0.0
5704,0.8752045609801122,0.9664391025013841,0.08087815398263627,0.025600141121272176,0.8966528543077793,0.9135686312577531,0.12,0.32,0.56,0.0
5705,0.8740865078452956,0.9660183756220626,0.07830773932918213,0.024828115358813952,0.8933091087250926,0.9135646144952119,0.08,0.3,0.62,0.0
5706,0.8724929836559366,0.964974310338202,0.07924228959379757,0.022617939935992336,0.8963227102175966,0.9135543685478205,0.06,0.16,0.78,0.0
5707,0.8757172366407804,0.9666336253205885,0.08198314747724914,0.02616142190330073,0.8981722124059331,0.9135484262101732,0.12,0.36,0.52,0.0
5708,0.8756000664599379,0.9664586478291112,0.0835644227306622,0.025740990691117127,0.901020450196967,0.9135420908500145,0.2,0.26,0.54,0.0
5709,0.8731619677321049,0.9646502797436448,0.07769229025598673,0.022232456429101197,0.8916902808262189,0.9135359267457672,0.12,0.08,0.8,0.0
5710,0.8755035610810714,0.9664886679455004,0.08272810374392019,0.025775938396409313,0.8995705580196267,0.9135344795371084,0.18,0.28,0.54,0.0
5711,0.8728803694939073,0.9645760457441042,0.07830305085468267,0.02321522717198894,0.8947877468443207,0.9135321496711326,0.2,0.08,0.72,0.0
5712,0.874904919821796,0.9664161378829711,0.0806614949217665,0.02567003653185678,0.8966882004503581,0.9135291316473023,0.08,0.36,0.56,0.0
5713,0.8764691883563638,0.9672173107990013,0.08283489585681976,0.026652807274744485,0.898188785299131,0.9135200107736425,0.16,0.36,0.48,0.0
5714,0.8752204822543912,0.966371921145654,0.08262209993744464,0.025530245710687377,0.8995705580196267,0.9135117686394553,0.16,0.28,0.56,0.0
5715,0.8743408283403462,0.9662748909234855,0.07948693552263884,0.02542434384613484,0.8952545086940858,0.9135117081367183,0.06,0.36,0.58,0.0
5716,0.8723741161462574,0.9648017103668761,0.07856807978319072,0.022337299544978033,0.8947652761866765,0.913509867102839,0.06,0.14,0.8,0.0
5717,0.8800450967670033,0.9704286897737041,0.08091681208883605,0.03125319039022846,0.8901867471670842,0.913507549788152,0.9,0.04,0.06,0.0
5718,0.8725734796894425,0.9654764722774986,0.07751424901341157,0.02377544920534146,0.8935325910299587,0.9135024290319069,0.04,0.26,0.7,0.0
5719,0.8804804536741078,0.9703970028244597,0.08331992246744736,0.03079675272407685,0.8933090213781407,0.9134996413975992,0.84,0.06,0.1,0.0
5720,0.8727511374462208,0.9658503280452643,0.07744557880055819,0.024652318083676645,0.8938208169378133,0.9134994788697244,0.02,0.34,0.64,0.0
5721,0.8755837158883361,0.9666052035370741,0.08122490232351291,0.026196369608592975,0.8967235465929368,0.9134986006085194,0.1,0.38,0.52,0.0
5722,0.8717859359503831,0.9644550291121492,0.07683254144175054,0.02153032607722767,0.8917585897060102,0.9134925730890114,0.04,0.1,0.86,0.0
5723,0.8722221286121197,0.9655596997536261,0.07635365809182033,0.02409103730164806,0.8922013279317121,0.9134815764995469,0.02,0.3,0.68,0.0
5724,0.8723915652874529,0.9653279329242712,0.07749410742194178,0.02349480881432734,0.893477157635102,0.913479198512126,0.04,0.24,0.72,0.0
5725,0.8817753320877306,0.9706193566148479,0.08485590584622246,0.03086664813466162,0.8933946877200221,0.9134771377387202,0.8,0.1,0.1,0.0
5726,0.8815941482065546,0.9734288804548161,0.09062088894063226,0.03275805921514907,0.9045466480021223,0.9134753004723574,0.36,0.62,0.02,0.0
5727,0.8799515414119712,0.9702927686876909,0.08248602410543708,0.031007497704506587,0.8929527041743832,0.9134703482280888,0.88,0.04,0.08,0.0
5728,0.8823563994272525,0.9708196191615726,0.08635636770122722,0.03090159583995396,0.8948966883560857,0.9134668661014849,0.78,0.12,0.1,0.0
5729,0.8731351138293914,0.965206787854853,0.07921715902725768,0.02314427301272846,0.8948728180402563,0.9134663799341507,0.08,0.18,0.74,0.0
5730,0.8720406829292024,0.9649873367511322,0.07911656723111135,0.02265288764128455,0.8964290504485058,0.9134658695911531,0.04,0.18,0.78,0.0
5731,0.8746063411450857,0.9661612009352621,0.08085794271253825,0.025038860339243532,0.8966007458490561,0.9134577516997522,0.12,0.28,0.6,0.0
5732,0.8736610028628521,0.9652762182932714,0.08047022271151898,0.02335501799315808,0.8962544013378055,0.9134380919558577,0.12,0.16,0.72,0.0
5733,0.8758620015000378,0.9665777635866115,0.0833296573125233,0.02602163108213142,0.8995705580196267,0.91343266580177,0.2,0.28,0.52,0.0
5734,0.8732251389379727,0.9647077483729942,0.07799115608608624,0.02247814911482313,0.8916902808262189,0.9134281254145904,0.14,0.08,0.78,0.0
5735,0.8748641889585519,0.966120851592669,0.0820040415855825,0.0249689649286591,0.8980344376053285,0.9134273922558589,0.16,0.24,0.6,0.0
5736,0.8744748527246847,0.9661672489126941,0.0792999304039321,0.025073808044536,0.8936488530356523,0.9134189862334317,0.1,0.3,0.6,0.0
5737,0.8751181007398025,0.9665163076875725,0.08040458496574565,0.025950676922870897,0.8952898548366645,0.9134163600170387,0.08,0.38,0.54,0.0
5738,0.8757606468112864,0.9666391966523238,0.08252648345597155,0.026126474198008297,0.8981722124059331,0.9134125008777358,0.14,0.34,0.52,0.0
5739,0.8723516998770574,0.9645619518731468,0.07742447277085511,0.021776018762949628,0.8914354182886487,0.9134099311528056,0.06,0.1,0.84,0.0
5740,0.8746549713667856,0.9663110931631015,0.08020335885299824,0.025389396140842464,0.8951861998142945,0.9134014085125048,0.08,0.34,0.58,0.0
5741,0.8826940498311167,0.9708602482124188,0.08582277805405833,0.031147288525675818,0.8930383705162646,0.9134003307947216,0.8,0.12,0.08,0.0
5742,0.8738164162112966,0.9654466804943771,0.07917345676013697,0.0236356583841723,0.8933579419192583,0.9133938558610225,0.12,0.18,0.7,0.0
5743,0.8727834446667905,0.9646603064282687,0.07782680865877997,0.022021711448671582,0.8914354182886487,0.9133889796377932,0.08,0.1,0.82,0.0
5744,0.8791008819314506,0.9702973239363842,0.07943169415034129,0.03146393537065817,0.8886847465310206,0.913365645827393,0.94,0.02,0.04,0.0
5745,0.8717871262067247,0.965325909320685,0.07645387407800101,0.023529756519619582,0.8919751569990385,0.9133654215082359,0.02,0.26,0.72,0.0
5746,0.8768641406357548,0.9676985888067882,0.08461307263876354,0.026898499960466542,0.8996224770554034,0.9133635300198975,0.18,0.36,0.46,0.0
5747,0.8820762113346368,0.9709402875852942,0.08347682928047531,0.03184941887754946,0.8903583549290811,0.9133614544756221,0.88,0.1,0.02,0.0
5748,0.8717881379151772,0.9645735626198164,0.07699784471575401,0.021810966468241842,0.8914354182886487,0.9133587134710631,0.04,0.12,0.84,0.0
5749,0.8820937405825261,0.9709724254927427,0.08352689932963848,0.03188436658284167,0.8904086751283837,0.9133576452626182,0.86,0.12,0.02,0.0
5750,0.8727719255189598,0.9647778780820453,0.07877507284554905,0.02230235183968581,0.8932986216931917,0.9133529008660484,0.08,0.12,0.8,0.0
5751,0.8820024078039639,0.970975947533399,0.08438754627387175,0.031673621602411946,0.8919280332265372,0.9133524962302767,0.82,0.14,0.04,0.0
5752,0.8819536255408739,0.9708030992496444,0.08368887073742055,0.03132308580081321,0.8903583549290811,0.9133481848708135,0.86,0.08,0.06,0.0
5753,0.8736552241358143,0.9654496088685371,0.07845968519436042,0.02367060608946466,0.8920305903938951,0.9133457961642936,0.1,0.2,0.7,0.0
5754,0.8754343835061156,0.966537382848194,0.08176611098768817,0.02588078151228632,0.8966702117698695,0.913342585375144,0.12,0.34,0.54,0.0
5755,0.8731485299642692,0.9647110706220412,0.07789021560702424,0.022969534486267013,0.8917283121773371,0.9133421939539289,0.18,0.08,0.74,0.0
5756,0.8723475841236422,0.9646994142087181,0.07753240742446575,0.022056659153963834,0.8914354182886487,0.9133420443410131,0.06,0.12,0.82,0.0
5757,0.8733719649637891,0.9648565588719771,0.07929972678222257,0.022513096820115448,0.8932303128134006,0.9133409363634079,0.12,0.1,0.78,0.0
5758,0.8803920801115384,0.9712910474430179,0.0921501941935832,0.031318850806109924,0.9091532903089181,0.9133315788990224,0.22,0.64,0.14,0.0
5759,0.8753185205200007,0.9663634671064122,0.08334373180101527,0.025495298005395135,0.8995184495609035,0.9133308663433177,0.18,0.26,0.56,0.0
5760,0.876157190742418,0.9667329502920987,0.08385579905158677,0.026337219178437975,0.8995705580196266,0.9133295705454955,0.18,0.32,0.5,0.0
5761,0.8821976674009196,0.9708946723067114,0.08482741344856805,0.031392981211397816,0.8919280332265372,0.9133280920652462,0.82,0.12,0.06,0.0
5762,0.8768141825177305,0.9675264369395004,0.08460717947296646,0.02686355225517418,0.8995871309128246,0.9133261078322827,0.2,0.34,0.46,0.0
5763,0.8750693997814563,0.966418786548878,0.08080463776433898,0.025635088826564446,0.8951861998142945,0.9133192600869118,0.1,0.34,0.56,0.0
5764,0.8727513692885266,0.9642882316599922,0.07579436391807073,0.02293458678097457,0.888686279554092,0.9133150395220888,0.2,0.06,0.74,0.0
5765,0.8731043405806574,0.9647308813871922,0.07843456472846265,0.02226740413439353,0.8916902808262189,0.9133095641657227,0.1,0.1,0.8,0.0
5766,0.8738630119547954,0.9659018543013181,0.08002410158334003,0.024547474967799632,0.8950987452129925,0.9133094236188496,0.08,0.28,0.64,0.0
5767,0.8824758987829314,0.9708149668712404,0.08457483144663623,0.031112340820383586,0.8904086751283836,0.91330070978833,0.82,0.1,0.08,0.0
5768,0.8726097654089696,0.9651112589239206,0.07922483382273356,0.022898580327006483,0.894565847043963,0.9132953244782103,0.06,0.18,0.76,0.0
5769,0.8758963492458889,0.9666487752329096,0.08389240000331899,0.02605657878742367,0.8995705580196267,0.91328425911355,0.18,0.3,0.52,0.0
5770,0.8821313849003802,0.9709296643800079,0.08398076610052231,0.03163867389711971,0.8904260325904737,0.9132833082796064,0.84,0.12,0.04,0.0
5771,0.875127395271421,0.966240932058226,0.08268788778137416,0.025214657614380985,0.8980344376053285,0.913277911379329,0.18,0.24,0.58,0.0
5772,0.8742398201448969,0.9654820635883947,0.08064370851041855,0.02384640336460201,0.8948078340965987,0.9132772943539225,0.16,0.16,0.68,0.0
5773,0.8738255954337371,0.9652323183683633,0.08123092352839507,0.023320070287865778,0.8962544013378055,0.913268382420224,0.14,0.14,0.72,0.0
5774,0.8755313265666748,0.966543353763148,0.08215787483672012,0.02584583380699403,0.8966348656272908,0.9132612123977869,0.14,0.32,0.54,0.0
5775,0.8812236413941711,0.9705161984986037,0.0834518445054966,0.030831700429369363,0.8904086751283836,0.9132603709322022,0.82,0.08,0.1,0.0
5776,0.882455447365408,0.9708667699813814,0.08716792157526676,0.030936543545246185,0.894878699675597,0.9132598003128729,0.76,0.14,0.1,0.0
5777,0.8729053170174742,0.9650847151815342,0.08043398072892026,0.02286363262171424,0.8959995388002352,0.9132531656548505,0.08,0.16,0.76,0.0
5778,0.874520807375879,0.9658154130344457,0.08088124833984604,0.02440768414663057,0.8949475095368505,0.9132517485929712,0.16,0.2,0.64,0.0
5779,0.8708958336844703,0.9644341423264735,0.07670707629798998,0.021565273782519892,0.8917585897060102,0.9132516214384694,0.02,0.12,0.86,0.0
5780,0.8737430930251905,0.9651085303413699,0.08057553233595192,0.023039429896851586,0.8947877468443207,0.9132502993224273,0.14,0.12,0.74,0.0
5781,0.8747434909096724,0.9661520704587144,0.08171871731871061,0.02500391263395132,0.8965504256497535,0.9132486015176795,0.14,0.26,0.6,0.0
5782,0.8758472774814793,0.9666460009837053,0.08315908435900864,0.026091526492716115,0.8980685573835632,0.9132484219790691,0.16,0.32,0.52,0.0
5783,0.8734783866062673,0.9653135051159096,0.0794373696353118,0.02338996569845041,0.8933708174041929,0.9132473913733798,0.1,0.18,0.72,0.0
5784,0.8743759639848793,0.9656223201523312,0.08079838449899732,0.024127043755616234,0.8948411693059413,0.9132434181373728,0.16,0.18,0.66,0.0
5785,0.8740735230366652,0.9653454489400803,0.08072226427145798,0.023565762973587732,0.8948078340965987,0.9132403747010317,0.16,0.14,0.7,0.0
5786,0.874419781196191,0.9660076725001326,0.08059775916841752,0.02475821994822937,0.8947769895829216,0.9132363921898619,0.12,0.26,0.62,0.0
5787,0.8728168192578772,0.9649452320965426,0.0798809422046056,0.02258299223069992,0.8947652761866765,0.9132362557376816,0.08,0.14,0.78,0.0
5788,0.8826298959295581,0.9708945695567409,0.0878801904862254,0.031182236230968045,0.896024383107903,0.9132335014309995,0.78,0.14,0.08,0.0
5789,0.874256723172566,0.9660227539124734,0.08045114063381914,0.024793167653521565,0.894759000902433,0.9132223543180471,0.1,0.28,0.62,0.0
5790,0.8735518970691056,0.9651481062050182,0.08126773014075703,0.023074377602143814,0.8962544013378055,0.913212159480052,0.12,0.14,0.74,0.0
5791,0.8725245889334274,0.9641969440195098,0.0758836836064695,0.022688894095252675,0.8883631081367305,0.9132082028797256,0.18,0.06,0.76,0.0
5792,0.8746398466363028,0.9657689700477671,0.0818771645772343,0.024372736441338163,0.8963251812615163,0.9132067735394906,0.18,0.18,0.64,0.0
5793,0.8745778594479288,0.9659990871692619,0.0816319767643428,0.02472327224293706,0.896210681339194,0.9132061590508835,0.14,0.24,0.62,0.0
5794,0.8753210683646265,0.9665189848951379,0.08133102023444728,0.025915729217578738,0.8951861998142945,0.9132017804597516,0.1,0.36,0.54,0.0
5795,0.8735089395507337,0.9649211943117708,0.07964604673873929,0.02275878950583738,0.8929071413960392,0.9131941829889462,0.14,0.1,0.76,0.0
5796,0.8730802336630606,0.9649045373998818,0.07951287403472429,0.022548044525407717,0.8932303128134006,0.9131921229144839,0.1,0.12,0.78,0.0
5797,0.8742766687650749,0.9656580885587382,0.08014497053025291,0.024161991460908604,0.8934455089007869,0.9131911916490321,0.14,0.2,0.66,0.0
5798,0.8753932240830887,0.9663273733250984,0.08314268571698642,0.025460350300102914,0.8980344376053285,0.9131902607304528,0.2,0.24,0.56,0.0
5799,0.8805045156238539,0.9711969056366876,0.09214544884673469,0.031038210415095423,0.9076692783533433,0.9131860837843073,0.22,0.62,0.16,0.0
5800,0.873980078446732,0.9654021412363192,0.08083402661725318,0.023600710678880046,0.8948078340965987,0.9131816078310218,0.14,0.16,0.7,0.0
5801,0.8655055115270424,0.9604295335792955,0.06852689806483148,0.022338358293653916,0.8913180814234095,0.9131734408486605,0.22,0.0,0.78,0.0
5802,0.8821340963865353,0.970885424809364,0.08360402164669455,0.031603726191827455,0.8889246631728087,0.913167975389309,0.86,0.1,0.04,0.0
5803,0.8738945708137941,0.9662608313025183,0.0802316025181363,0.025459291551427028,0.8953048288933882,0.9131614149481408,0.04,0.38,0.58,0.0
5804,0.872920339981857,0.96441757103956,0.07926383035246698,0.02363671713284814,0.8947922288214762,0.9131595215528693,0.28,0.04,0.68,0.0
5805,0.8733554732523273,0.9654597069073074,0.07879966184763056,0.02370555379475705,0.8920305903938951,0.9131522995376664,0.08,0.22,0.7,0.0
5806,0.8736668868327659,0.9650204564916324,0.07922589974207818,0.023004482191559313,0.8917283121773371,0.9131517223782908,0.16,0.1,0.74,0.0
5807,0.8818552094501225,0.9710606420507725,0.08481258415659859,0.03195426199342627,0.8919280332265372,0.9131422728144075,0.82,0.16,0.02,0.0
5808,0.8819330315458951,0.971013691022573,0.08411747396977716,0.03191931428813395,0.8904260325904737,0.913140832638438,0.84,0.14,0.02,0.0
5809,0.873147762392572,0.9650328492797444,0.08029821229143265,0.022828684916421885,0.8944975381641717,0.9131389833180549,0.1,0.14,0.76,0.0
5810,0.8743875587754274,0.965856247585233,0.0811622254985084,0.024442631851922875,0.8949475095368505,0.9131298367837143,0.14,0.22,0.64,0.0
5811,0.8835340330538624,0.9732770102900442,0.09182737395380855,0.03188119033681412,0.8996295267137161,0.9131241729951567,0.38,0.54,0.08,0.0
5812,0.8738853513604832,0.965175337801374,0.08104205331712831,0.023285122582573536,0.8947877468443207,0.9131192499036686,0.16,0.12,0.72,0.0
5813,0.8709522135721154,0.9643432942275317,0.07663028032899663,0.021284633391505693,0.8902753623193272,0.9131107107928476,0.02,0.1,0.88,0.0
5814,0.8739938002520751,0.9655642778356464,0.0794817466855373,0.023916298775186643,0.891962281514104,0.9131102798661643,0.12,0.2,0.68,0.0
5815,0.873334954883167,0.965171955614844,0.08066452863614304,0.023109325307436174,0.8948207095815331,0.9131026580951175,0.1,0.16,0.74,0.0
5816,0.8829334883985706,0.97314125474565,0.09312488348353527,0.03167044535638438,0.9029718565091122,0.9130927626194968,0.34,0.56,0.1,0.0
5817,0.8749684173029983,0.9660870126023752,0.0832794854639195,0.024934017223366876,0.8980344376053285,0.9130925591400655,0.18,0.22,0.6,0.0
5818,0.8820609025415488,0.9708526475687655,0.08394585844880295,0.0313580335061055,0.8889246631728087,0.9130916059350288,0.84,0.1,0.06,0.0
5819,0.8737003268026691,0.9650610341674933,0.08014617829976348,0.023250174877281257,0.8932857462082571,0.9130867813258527,0.18,0.1,0.72,0.0
5820,0.873267691700491,0.9656004229919454,0.07884278990176252,0.024021141891063465,0.8920305903938951,0.913071510739586,0.06,0.26,0.68,0.0
5821,0.8819610703245686,0.9734411362429675,0.09089467706966699,0.03272311150985696,0.9015426467299952,0.913064606271021,0.38,0.6,0.02,0.0
5822,0.8733971047530471,0.9649790682326705,0.07999009203337834,0.02279373721112967,0.8929071413960392,0.9130630536086333,0.12,0.12,0.76,0.0
5823,0.8729166503321267,0.9643462853933404,0.07735113672377188,0.02339102444712623,0.8901373287724544,0.9130505120633801,0.26,0.04,0.7,0.0
5824,0.8783391252553396,0.9701614998920097,0.07984473123193958,0.03121824268493625,0.8886847465310206,0.9130467064451828,0.92,0.02,0.06,0.0
5825,0.8743376812557198,0.965505773144094,0.08144402053865805,0.024057148345031604,0.8948064183093081,0.9130369265174837,0.2,0.14,0.66,0.0
5826,0.8741191981248947,0.9655226869309093,0.07985092910936367,0.023881351069894294,0.8918559412831947,0.913026175568314,0.14,0.18,0.68,0.0
5827,0.8830470822842469,0.9733936885899104,0.09156539138028344,0.032442471118842554,0.9000586347744204,0.9130232917538768,0.38,0.58,0.04,0.0
5828,0.8655180602745712,0.9604788364401537,0.07033557363611857,0.022584050979375846,0.8940369426292931,0.9130214180903314,0.24,0.0,0.76,0.0
5829,0.8734490646592717,0.9657321655791572,0.0798550489734965,0.024301782282077727,0.8935138177805781,0.9130199638165245,0.06,0.28,0.66,0.0
5830,0.8731519077101162,0.9647113046636407,0.07821317477533156,0.022723841800545114,0.8898651087727941,0.9130197140922804,0.16,0.08,0.76,0.0
5831,0.8765909161343006,0.9698957913223906,0.07997670382801925,0.03206016385797896,0.8933765985788966,0.9129797017540217,0.92,0.08,0.0,0.0
5832,0.8727724337817687,0.96560262640798,0.0794583922817946,0.02405608959635569,0.8935325910299587,0.9129639491305593,0.04,0.28,0.68,0.0
5833,0.8794390558984816,0.9702062075458529,0.08332015006115737,0.03076180501878472,0.891842366884656,0.9129455284704926,0.86,0.04,0.1,0.0
5834,0.8837045469478512,0.9734143070839962,0.09180366132105841,0.03237257570825796,0.8985572653567553,0.9129436474241482,0.42,0.54,0.04,0.0
5835,0.8746109225060392,0.9657094521273388,0.08201485447336271,0.02433778873604594,0.8948231806254526,0.9129311291519312,0.2,0.16,0.64,0.0
5836,0.8738738145504343,0.9657013805463207,0.07985775574824824,0.024231886871493226,0.8920118171445145,0.912930669005553,0.1,0.24,0.66,0.0
5837,0.8833242760063118,0.9731712120703907,0.0926081030452025,0.031635497651092276,0.8999858439174736,0.9129226914679652,0.36,0.54,0.1,0.0
5838,0.8740471451488526,0.9656888107999261,0.08009097753420537,0.02419693916620095,0.8920118171445145,0.9129204786813722,0.12,0.22,0.66,0.0
5839,0.8752736045555028,0.972321735251549,0.08531804889266838,0.03310859501674812,0.90477129350073,0.912906731468988,0.32,0.68,0.0,0.0
5840,0.8814386239898401,0.9709827689897758,0.09476852820173809,0.02963500846002427,0.9072801074305596,0.9128995998341989,0.22,0.52,0.26,0.0
5841,0.8752135446951885,0.9662081148593057,0.08336201816809317,0.025179709909088768,0.8965324369692648,0.9128860101591036,0.2,0.22,0.58,0.0
5842,0.8734825413518501,0.9655737079996081,0.07894496266085188,0.023986194185771227,0.8905285897578316,0.9128841670052216,0.08,0.24,0.68,0.0
5843,0.8728059548822122,0.9643821622580498,0.07880904006825133,0.023180279466696593,0.8917283121773372,0.9128828194798952,0.22,0.06,0.72,0.0
5844,0.8746647788056836,0.965963838221039,0.08202375270547498,0.024688324537644798,0.8946077652262909,0.9128804569986174,0.16,0.22,0.62,0.0
5845,0.8817798464163042,0.9726784289200706,0.09477916347984525,0.031494648081247044,0.907194332070492,0.9128684526308308,0.28,0.6,0.12,0.0
5846,0.8740388491319081,0.965334077943342,0.08034487075355355,0.023776507954017388,0.8918391789670501,0.9128497123659245,0.2,0.12,0.68,0.0
5847,0.881381109420701,0.9716477610907005,0.09430667856947281,0.031248955395525236,0.9076009694735522,0.9128406958327656,0.26,0.6,0.14,0.0
5848,0.8729457790231527,0.9644802028549285,0.07975206682271861,0.02342597215241847,0.8931994486479773,0.9128389047407417,0.24,0.06,0.7,0.0
5849,0.8802633735853704,0.9716270512633075,0.09123794759351576,0.03159949119712414,0.9043772687572498,0.9128340549324594,0.22,0.66,0.12,0.0
5850,0.8748641197127072,0.9658906117420428,0.08240991312487386,0.024618429127060047,0.8944834363148931,0.9128131826998714,0.2,0.18,0.62,0.0
5851,0.881652870365474,0.9708386621561104,0.09406235667703736,0.029073727677995986,0.9042940948389212,0.9128103700208395,0.22,0.48,0.3,0.0
5852,0.8737249204125208,0.9655715160002368,0.07949284613470183,0.02395124648047901,0.8905285897578316,0.9128054557104339,0.1,0.22,0.68,0.0
5853,0.880676589090749,0.971132549905147,0.09300463219397065,0.0307575700240813,0.9061118443224232,0.9128026575273553,0.22,0.6,0.18,0.0
5854,0.8812622501153498,0.9710300225595552,0.09482557298516245,0.029915648851038576,0.9074038497052075,0.912799749325082,0.22,0.54,0.24,0.0
5855,0.8730037902420897,0.9645531838756618,0.08064364593632703,0.02367166483814043,0.8947568826788975,0.9127944764738738,0.26,0.06,0.68,0.0
5856,0.8815811524154209,0.9709130588431043,0.09465970230950838,0.02935436806901006,0.9057781067944962,0.9127941303376736,0.22,0.5,0.28,0.0
5857,0.8808818077586634,0.9715601096575085,0.09392054502113993,0.03128390310081743,0.9076009694735522,0.9127821826691772,0.24,0.62,0.14,0.0
5858,0.8786100832929616,0.9700959168691545,0.08180516022681486,0.030972549999214262,0.889812441282838,0.9127707889151739,0.9,0.02,0.08,0.0
5859,0.8808094474460174,0.9720976061700033,0.09382141355415764,0.03156454349183179,0.9072446522697944,0.9127601266886533,0.24,0.64,0.12,0.0
5860,0.882314945219298,0.9734488082407668,0.09080894946421514,0.03268816380456448,0.8985746228188454,0.9127584412517464,0.4,0.58,0.02,0.0
5861,0.8742420028871082,0.9654394309131232,0.08094981037682158,0.023811455659309644,0.8918391789670501,0.9127449232179881,0.18,0.14,0.68,0.0
5862,0.8756413646765906,0.972332135831899,0.087075002934382,0.03307364731145562,0.9061869965765138,0.9127310148181831,0.34,0.66,0.0,0.0
5863,0.8742765304385339,0.9658730928720679,0.08091233099225642,0.02447757955721518,0.8920118171445145,0.9127238159887455,0.12,0.24,0.64,0.0
5864,0.8840837385786771,0.97322995936604,0.09412503205799211,0.03156560224050762,0.8998795036865643,0.9127196771886762,0.4,0.5,0.1,0.0
5865,0.8736667038643704,0.9657204235408585,0.08039321883747817,0.024266834576785416,0.8920118171445145,0.9127099007191737,0.08,0.26,0.66,0.0
5866,0.8744581901354621,0.9655672119181381,0.08196832024431874,0.024092096050323985,0.8933391686698777,0.9127039370934807,0.18,0.16,0.66,0.0
5867,0.8808492147688802,0.9690524509601219,0.09226355943536813,0.027389885331910432,0.9011799110863237,0.9126900057408149,0.22,0.36,0.42,0.0
5868,0.8749703905862803,0.9660330717220139,0.08300484303546665,0.024899069518074406,0.8948231806254526,0.9126896060409824,0.2,0.2,0.6,0.0
5869,0.8740549100309167,0.9658821177444792,0.08080127091303095,0.024512527262507362,0.8920118171445145,0.9126837392213716,0.1,0.26,0.64,0.0
5870,0.8726842933923481,0.9643027536558268,0.07590147910348687,0.023601769427555885,0.8856364400598175,0.9126752756897922,0.3,0.02,0.68,0.0
5871,0.873975906857668,0.9652710579614182,0.08102068214132133,0.023530815268295514,0.8917837455721935,0.912667202266738,0.18,0.12,0.7,0.0
5872,0.8730561700310594,0.964682683088517,0.08106415320421165,0.02391735752386239,0.8947734555720956,0.9126616299393213,0.28,0.06,0.66,0.0
5873,0.8816621863421583,0.9710619778003894,0.09654714680720036,0.02988070114574623,0.9089058503412711,0.912660071912602,0.24,0.52,0.24,0.0
5874,0.8818893907752815,0.9721061001675669,0.09566983409218639,0.031214007690232803,0.9074772271989043,0.9126570357580152,0.28,0.58,0.14,0.0
5875,0.8809827616841919,0.9712555815781907,0.09451620878885422,0.031003262709803296,0.9076009694735522,0.9126510454803971,0.24,0.6,0.16,0.0
5876,0.8808769101987036,0.9710990933730768,0.09391959109779703,0.03047692963306701,0.9061118443224232,0.9126498621235004,0.22,0.58,0.2,0.0
5877,0.8765173066371564,0.9698700809964318,0.08089218645732658,0.032025216152686775,0.8929532032377909,0.9126330901460129,0.94,0.06,0.0,0.0
5878,0.8810886859091454,0.9710621433420086,0.09413299915168676,0.0301962892420527,0.9056491868877564,0.912633005246769,0.22,0.56,0.22,0.0
5879,0.884078300167388,0.9733719398461486,0.09266333893975322,0.03209193531724374,0.8969998313258352,0.9126238807504462,0.42,0.52,0.06,0.0
5880,0.8656120167461112,0.9606633297205682,0.07190795484691735,0.022829743665097768,0.8943421253661659,0.9126202245822009,0.26,0.0,0.74,0.0
5881,0.8813404592562817,0.9725695082429794,0.0943733043369672,0.031529595786539286,0.9057606403142197,0.912615361271307,0.26,0.62,0.12,0.0
5882,0.8747335500357102,0.9659174466093458,0.08299796432107676,0.024653376832352497,0.8945517451946843,0.9126116181088677,0.18,0.2,0.62,0.0
5883,0.8815581062553843,0.9701151482386383,0.09448513965991623,0.02851244689596744,0.9039036578569292,0.9126051149267445,0.22,0.44,0.34,0.0
5884,0.882656729948459,0.9734505264486073,0.09252812531477997,0.03265321609927223,0.9000412773123302,0.9125921728219466,0.42,0.56,0.02,0.0
5885,0.8814473698995298,0.969789804727791,0.09386091406584293,0.028231806504953105,0.9027199430735051,0.9125817767878434,0.22,0.42,0.36,0.0
5886,0.8730289401585601,0.9646882886702426,0.08158142240507968,0.02370661254343286,0.8948251915586887,0.9125549588667259,0.24,0.08,0.68,0.0
5887,0.884123280379687,0.9734204092905793,0.0928469384324232,0.032337628002965635,0.8969998313258352,0.9125425310781392,0.44,0.52,0.04,0.0
5888,0.8813007904633063,0.9711260766570037,0.09549489788831034,0.030441981927774597,0.9074772271989043,0.9125383332090906,0.24,0.56,0.2,0.0
5889,0.8816663266015241,0.9705782737516319,0.0941262012383357,0.028793087286981676,0.9024537656795889,0.9125370056888913,0.22,0.46,0.32,0.0
5890,0.8826101990756767,0.9710110081066758,0.09065488304896732,0.0310413866611231,0.8964477828271077,0.9125361309891231,0.7,0.2,0.1,0.0
5891,0.8823880215897261,0.9725598554540814,0.09688075938092403,0.031179059984940544,0.9074772271989043,0.9125322786545944,0.3,0.56,0.14,0.0
5892,0.8839042494283272,0.9732893288698442,0.09350012912367855,0.03184624263152173,0.8980894947265344,0.9125304153198088,0.4,0.52,0.08,0.0
5893,0.8833340341500961,0.9734671890688279,0.09274030493920418,0.032583320688687654,0.8985572653567553,0.9125280186658649,0.46,0.52,0.02,0.0
5894,0.8819689739422149,0.9715807795265797,0.09616565698817756,0.03093336729921852,0.9074772271989043,0.9125151764435089,0.28,0.56,0.16,0.0
5895,0.883727052740304,0.9732004330203424,0.09370154758392484,0.031600549945799854,0.8984458119302919,0.9125083909709366,0.38,0.52,0.1,0.0
5896,0.8822836202456038,0.9728326908758231,0.09669786907639227,0.03145970037595472,0.907194332070492,0.9124960922042292,0.3,0.58,0.12,0.0
5897,0.873645097430492,0.9651053821964395,0.08123799049072719,0.0234958675630032,0.8917837455721935,0.9124873956792905,0.2,0.1,0.7,0.0
5898,0.8816995480335925,0.9711575752313022,0.09613307747114624,0.03040703422248243,0.9074038497052076,0.9124745284794543,0.26,0.54,0.2,0.0
5899,0.8856146312663536,0.9731403813709006,0.09547740823446775,0.03188224908548991,0.898275074392475,0.9124713012519547,0.54,0.4,0.06,0.0
5900,0.8812835786388015,0.9696177384854787,0.09351608384793227,0.027951166113938844,0.9011799110863237,0.9124314497224694,0.22,0.4,0.38,0.0
5901,0.8764829096249228,0.9698554962089485,0.0808153578466441,0.03199026844739431,0.8914865487443061,0.9124297427423821,0.96,0.04,0.0,0.0
5902,0.8817756435066018,0.9710343437666491,0.09608314101710995,0.029600060754732007,0.905796095474985,0.9124135125755954,0.24,0.5,0.26,0.0
5903,0.883004159756823,0.9734586779462692,0.09277295309977752,0.03261826839398002,0.8985572653567553,0.9124113698705699,0.44,0.54,0.02,0.0
5904,0.8810434232300447,0.9693486505834954,0.09342727257381059,0.027670525722924503,0.9011799110863237,0.9124007935096977,0.22,0.38,0.4,0.0
5905,0.8815006099477594,0.9713314567230938,0.0959518935745858,0.03096831500451085,0.9074772271989043,0.9123919583669333,0.26,0.58,0.16,0.0
5906,0.8811223413829372,0.9711782194128807,0.09490492932327585,0.030722622318788945,0.9060435354426319,0.9123916670013288,0.24,0.58,0.18,0.0
5907,0.8783446203613651,0.9700436913424678,0.08395971675874836,0.030726857313492364,0.891670759122659,0.9123895288150223,0.88,0.02,0.1,0.0
5908,0.872903278092372,0.96456970378759,0.07948094305138408,0.023882409818570125,0.8902674536639049,0.9123867226046399,0.3,0.04,0.66,0.0
5909,0.8765473133032969,0.9699271928550501,0.08263997466663048,0.032095111563271446,0.8946088229553627,0.9123807177237493,0.9,0.1,0.0,0.0
5910,0.8815732929381965,0.9712352085423677,0.09609502763412506,0.030687674613496568,0.9071209099951468,0.9123607067750186,0.26,0.56,0.18,0.0
5911,0.8726824823529298,0.9644766465642819,0.07773774030047458,0.02384746211327784,0.8871751008413571,0.9123526439097875,0.32,0.02,0.66,0.0
5912,0.8847072972993063,0.971961779271463,0.09552016569708487,0.03121612518758466,0.8996683068106146,0.9123521831933714,0.6,0.3,0.1,0.0
5913,0.8818034135596231,0.9703393429659984,0.09556827544810377,0.02875813958168937,0.9039036578569292,0.9123506708639302,0.24,0.44,0.32,0.0
5914,0.8822980939871817,0.9709882318632088,0.08910786375534073,0.03146287662198237,0.8934300338626009,0.9123484981018216,0.78,0.16,0.06,0.0
5915,0.8820493941859843,0.9710186116044949,0.08791527386397643,0.031708569307704305,0.8919280332265372,0.9123481151945185,0.8,0.16,0.04,0.0
5916,0.8814854449332791,0.9710901598339725,0.09639926144116513,0.030161341536760502,0.9070475325014501,0.9123190717376396,0.24,0.54,0.22,0.0
5917,0.8818634653638784,0.9711196890338358,0.09696884595493455,0.03012639383146808,0.9070475325014501,0.9122795494371809,0.26,0.52,0.22,0.0
5918,0.8821930377034912,0.9709321903167835,0.08846580220849025,0.03142792891669003,0.8919280332265372,0.912275524232317,0.8,0.14,0.06,0.0
5919,0.8842640340219221,0.9733113801551858,0.09498835379125371,0.03181129492622959,0.8983954917309895,0.9122651366128873,0.42,0.5,0.08,0.0
5920,0.8782537004395153,0.9691255575641525,0.08774295992401225,0.028620466257871815,0.8963807003116606,0.912260688930594,0.64,0.08,0.28,0.0
5921,0.8759750531018219,0.972347234369235,0.08895044638099195,0.03303869960616356,0.9058824608110876,0.9122535567106188,0.36,0.64,0.0,0.0
5922,0.8820451091191941,0.9712986109825151,0.09698116814588782,0.03065272690820434,0.9070475325014501,0.912252058807974,0.28,0.54,0.18,0.0
5923,0.8846443010967222,0.9734441359712737,0.09441632605136137,0.032267732592381186,0.8968934910949259,0.9122475947958194,0.48,0.48,0.04,0.0
5924,0.8655921245545612,0.9607319324508907,0.07230544523216084,0.023075436350819697,0.8928401247301023,0.912235417220212,0.28,0.0,0.72,0.0
5925,0.8729664763487932,0.964645995640707,0.08198205908973953,0.023460919857710913,0.8932677575277685,0.9122297998902406,0.22,0.08,0.7,0.0
5926,0.8848142322720505,0.973174734111047,0.09534442033659069,0.032127941771211886,0.898275074392475,0.9122255681236946,0.56,0.4,0.04,0.0
5927,0.8850028556946116,0.9732164734324082,0.09607546046896367,0.03146075912463092,0.8983433832722661,0.912221165315219,0.46,0.44,0.1,0.0
5928,0.8818700359277305,0.9709851550724247,0.09552905787466126,0.029319420363717937,0.9028100828833463,0.9122025527876275,0.24,0.48,0.28,0.0
5929,0.8856087482188503,0.9728252472112916,0.09705451324805288,0.03184730138019768,0.8997770750285385,0.9121994995338184,0.56,0.38,0.06,0.0
5930,0.8814304558294267,0.9694189829383217,0.09447454600933813,0.027811375292769728,0.901144564943745,0.9121918020690024,0.3,0.32,0.38,0.0
5931,0.8815986958055492,0.9697692747128464,0.0946102256051989,0.0281968587996607,0.9011799110863237,0.9121838741920067,0.24,0.4,0.36,0.0
5932,0.8847608440894859,0.9733871354251233,0.09493741831393739,0.03202203990665931,0.8968934910949259,0.9121727907042577,0.46,0.48,0.06,0.0
5933,0.881707941646673,0.9699324188327179,0.09526846701791918,0.028477499190675073,0.9023636258697475,0.9121726203772674,0.24,0.42,0.34,0.0
5934,0.8853668240395854,0.9728927767752552,0.09651900026357034,0.031390863714046154,0.8983433832722661,0.912167801869832,0.5,0.4,0.1,0.0
5935,0.8846363561112818,0.9726905077499394,0.09516466285661213,0.032058046360627375,0.8982750743924751,0.9121654174484004,0.6,0.36,0.04,0.0
5936,0.8825376831848367,0.970910341677217,0.09030771705848982,0.030971491250538514,0.8934450079193246,0.9121630100339672,0.74,0.16,0.1,0.0
5937,0.8812462918931725,0.969474145401666,0.09437844071008483,0.02791621840864656,0.9011799110863237,0.9121568906835663,0.24,0.38,0.38,0.0
5938,0.8845246621014122,0.9732007127285955,0.0951286995881924,0.03237363445693384,0.8982750743924751,0.9121556991787774,0.58,0.4,0.02,0.0
5939,0.8843921493113769,0.9734306214959834,0.09369737624980737,0.0323026802976734,0.8954597993386535,0.9121553238470932,0.46,0.5,0.04,0.0
5940,0.88257587436061,0.9709748572420451,0.09041022381788671,0.031006438955830763,0.8934450079193246,0.912147577981677,0.72,0.18,0.1,0.0
5941,0.8824337304446958,0.9716660277521277,0.09720508602130651,0.030898419593926273,0.9059018490691442,0.9121381576273895,0.3,0.54,0.16,0.0
5942,0.8727111243131696,0.9646531139303318,0.0792468208676335,0.024093154798999754,0.8887151328285386,0.9121341442535913,0.34,0.02,0.64,0.0
5943,0.8853414134654564,0.9733869128001872,0.09572403711884218,0.03195214449607463,0.8968413826362026,0.9121261207268356,0.5,0.44,0.06,0.0
5944,0.8844805907319242,0.9729085945623848,0.09510477447099101,0.0323386867516417,0.8982750743924751,0.9121125529136456,0.6,0.38,0.02,0.0
5945,0.8852237631211428,0.9730566972282374,0.0966512017750005,0.03142581141933847,0.8983433832722661,0.9121043368282004,0.48,0.42,0.1,0.0
5946,0.8855267875060022,0.9726788855866063,0.09566450821622843,0.031812353674905425,0.8967176403615549,0.9121021020905169,0.58,0.36,0.06,0.0
5947,0.8820032149306365,0.9710863124184094,0.09650154260525479,0.029845753440454002,0.9042940948389212,0.9120944154887525,0.26,0.5,0.24,0.0
5948,0.8847726555119289,0.972876388154956,0.09564670411490292,0.03209299406591961,0.8982750743924751,0.9120881120817205,0.58,0.38,0.04,0.0
5949,0.885319243865582,0.9724104684135974,0.09540251103153516,0.03177740596961312,0.896682294218976,0.9120768604499279,0.6,0.34,0.06,0.0
5950,0.8849470532165146,0.9733547406427485,0.09606789679508669,0.03216288947650421,0.898275074392475,0.9120766746659562,0.54,0.42,0.04,0.0
5951,0.8844374920097763,0.9732512999640854,0.09599356785103076,0.031530654535215454,0.8983954917309895,0.9120742465909669,0.42,0.48,0.1,0.0
5952,0.8855078986442968,0.9733178819449876,0.09610874572273947,0.031917196790782275,0.8968413826362026,0.9120616977542602,0.52,0.42,0.06,0.0
5953,0.8764571633671764,0.9698534297928746,0.08058611795610131,0.03195532074210231,0.8885178936147576,0.9120495448249253,0.98,0.02,0.0,0.0
5954,0.8820901471824101,0.9705331807853993,0.09627605478680833,0.02900383226741137,0.902757974424623,0.9120405536232876,0.26,0.44,0.3,0.0
5955,0.8850660138427381,0.9733986120259981,0.09497837289454931,0.031987092201366966,0.8953914904588623,0.9120359355719434,0.48,0.46,0.06,0.0
5956,0.8852795948610279,0.972334804476967,0.09736891883084248,0.03128602059816919,0.8996862954911032,0.9120351080670897,0.56,0.34,0.1,0.0
5957,0.884612073837557,0.973321609485585,0.09618634228081926,0.03177634722093734,0.8983954917309895,0.9120324060876085,0.44,0.48,0.08,0.0
5958,0.8822265243306655,0.9711498404418542,0.09666814589520285,0.030091446126175956,0.9040111997105091,0.9120312931578309,0.28,0.5,0.22,0.0
5959,0.8732264686168073,0.9649002276094514,0.08411001395581454,0.02419799791487671,0.8962401100655804,0.9120303716486906,0.28,0.08,0.64,0.0
5960,0.885232637096522,0.9733155871956457,0.09609574824944046,0.03170645181035273,0.8968413826362026,0.9120246743516669,0.48,0.44,0.08,0.0
5961,0.8855409154463297,0.9730819565959922,0.09691204894252006,0.03163655639976798,0.8979187571887174,0.9120221639392994,0.52,0.4,0.08,0.0
5962,0.8844016850184758,0.973378955385803,0.09433844778035035,0.03205698761195157,0.8954597993386535,0.9120145990362462,0.44,0.5,0.06,0.0
5963,0.8811181076192404,0.9691373053107829,0.09477780575353412,0.027565682607047705,0.9011092188011662,0.9120121803117627,0.28,0.32,0.4,0.0
5964,0.8817182041788566,0.969641562207812,0.09531773486006592,0.02809201568378379,0.901144564943745,0.9120120925113564,0.3,0.34,0.36,0.0
5965,0.8771055565788168,0.9694324717261193,0.0881111050197037,0.029007008513438716,0.8977802722896984,0.9119886860214952,0.74,0.02,0.24,0.0
5966,0.8731114121188026,0.9648214925903685,0.08427493609034568,0.023952305229154796,0.8962401100655804,0.911985596514447,0.26,0.08,0.66,0.0
5967,0.8827381362252285,0.9711079469955372,0.09274017076641143,0.031076334366415534,0.8964651402891979,0.9119829801958161,0.68,0.22,0.1,0.0
5968,0.8824987329221913,0.9704157518399151,0.09672833643789917,0.02921457724784086,0.902757974424623,0.9119728651082906,0.3,0.42,0.28,0.0
5969,0.8854844313472063,0.9725004888044432,0.09674838944883006,0.03156666098918348,0.8978633237938608,0.9119708847617065,0.56,0.36,0.08,0.0
5970,0.8827157583004908,0.9710087989823095,0.09024421848736819,0.031252131641552744,0.8919609959637497,0.9119707931076203,0.74,0.18,0.08,0.0
5971,0.8842856563688855,0.9727342278623989,0.09531493054364155,0.032303739046349346,0.8982397282498963,0.9119689669946425,0.62,0.36,0.02,0.0
5972,0.8775299800104942,0.969404557984126,0.0886584933298544,0.029041956218731037,0.8978653434856342,0.9119596542479325,0.72,0.04,0.24,0.0
5973,0.8853967236265289,0.9724569913169197,0.09703604995742143,0.03132096830346153,0.8982196409976183,0.9119576326622418,0.54,0.36,0.1,0.0
5974,0.8827149969587869,0.97094952937431,0.09011474063839123,0.031217183936260398,0.8915866900795035,0.9119498773324556,0.76,0.16,0.08,0.0
5975,0.8849575223852074,0.9722795877844715,0.09543004545261723,0.03174245826432086,0.896682294218976,0.9119477566979554,0.62,0.32,0.06,0.0
5976,0.881128744318756,0.9693364290453342,0.09440001834692548,0.027635578017632254,0.8996779104502601,0.9119255709506522,0.24,0.36,0.4,0.0
5977,0.8850423724436641,0.9721245152456182,0.09740967567160534,0.031251072892877,0.8996683068106146,0.9119249292577534,0.58,0.32,0.1,0.0
5978,0.8853471839644518,0.972387943336725,0.0969071863581408,0.03153171328389111,0.8981842948550397,0.9119221448242436,0.58,0.34,0.08,0.0
5979,0.8840190090768217,0.9734905076038061,0.09397902664922186,0.03251342527810317,0.8953914904588623,0.9119187022379452,0.5,0.48,0.02,0.0
5980,0.8839940077019895,0.972286489157492,0.09514593128347329,0.031988150950042704,0.8981842948550397,0.9119178770777824,0.64,0.32,0.04,0.0
5981,0.8847648644471204,0.9732529040052921,0.09691617160824605,0.031495706829923024,0.8983954917309895,0.9119134812963617,0.44,0.46,0.1,0.0
5982,0.882564011573134,0.9712016778019854,0.09098908209319725,0.03156771973785934,0.8934971163780481,0.9119065791491945,0.72,0.22,0.06,0.0
5983,0.8825085146441345,0.9712604336601323,0.0966871820005444,0.030337138811897823,0.902865516278203,0.9119059955236681,0.3,0.5,0.2,0.0
5984,0.8780260143203852,0.9693161302178234,0.0886945028219008,0.02883121123830135,0.8963807003116606,0.9119042627528242,0.68,0.06,0.26,0.0
5985,0.8826657528694167,0.9710776471708948,0.0904564950732763,0.03128707934684502,0.8919951157419844,0.9119029970567054,0.72,0.2,0.08,0.0
5986,0.882092039889979,0.9712070607587747,0.09703432134481864,0.03037208651719005,0.904417837113569,0.9118987425043681,0.28,0.52,0.2,0.0
5987,0.8818874089698516,0.9707157589205299,0.09587398875027583,0.02903877997270359,0.9013080822472829,0.9118986572475333,0.24,0.46,0.3,0.0
5988,0.8820721574489522,0.9700446446338611,0.09574804169782193,0.02868824417110463,0.900861625233684,0.9118928938941411,0.28,0.4,0.32,0.0
5989,0.8819871950331182,0.9701398025232333,0.09647852092156094,0.02872319187639699,0.9023636258697476,0.9118892176564357,0.26,0.42,0.32,0.0
5990,0.8845192115825525,0.9720475726426879,0.09514262781180219,0.03170751055902847,0.8967176403615548,0.9118766838493502,0.64,0.3,0.06,0.0
5991,0.8848005822666599,0.9734501211570569,0.09514183701804059,0.032232784887088785,0.8953914904588623,0.9118677281555694,0.5,0.46,0.04,0.0
5992,0.883818635663262,0.972525502713935,0.09509999768115007,0.03226879134105696,0.8982397282498963,0.9118665580667125,0.64,0.34,0.02,0.0
5993,0.885437444489076,0.9727678156860982,0.09753529666591747,0.031355916008753815,0.8982196409976183,0.9118654308852189,0.52,0.38,0.1,0.0
5994,0.8849151691887988,0.9734351767446768,0.09607529857422478,0.032197837181796564,0.8968413826362026,0.9118549958664202,0.52,0.44,0.04,0.0
5995,0.8733743827806529,0.9650736809763658,0.08438276136271866,0.023987252934447176,0.8948064183093081,0.9118491608692553,0.24,0.1,0.66,0.0
5996,0.8729120921429302,0.9647671749601153,0.08052385395996076,0.024128102504292048,0.8887834417083299,0.9118463266860268,0.32,0.04,0.64,0.0
5997,0.8726478953669943,0.9647623599823297,0.07992793069798042,0.02433884748472176,0.8883753885179791,0.9118349355389017,0.36,0.02,0.62,0.0
5998,0.8836660576435599,0.9734741475251654,0.09392641240563249,0.032548372983395454,0.8954597993386535,0.9118288008487423,0.48,0.5,0.02,0.0
5999,0.8827310541667591,0.9729022583142023,0.098708188662603,0.03142475267066242,0.905601551896993,0.9118287743918406,0.32,0.56,0.12,0.0
6000,0.8854406216445438,0.9732776382065308,0.09700025902045242,0.031671504105060345,0.8968413826362026,0.9118273802680108,0.5,0.42,0.08,0.0
6001,0.8824828463790279,0.971133994113066,0.0904040225766292,0.031532772032566964,0.8919951157419844,0.9118225789759091,0.74,0.2,0.06,0.0
6002,0.8820881861226882,0.9709418231265204,0.09630059756424227,0.02928447265842551,0.9013080822472828,0.9118205682030767,0.26,0.46,0.28,0.0
6003,0.8814470534061271,0.9693443664805576,0.09655729610561224,0.02777642758747738,0.9026112194372297,0.911811621941368,0.32,0.3,0.38,0.0
6004,0.8771902260943901,0.9695725313526122,0.08777347572184618,0.0292527011991606,0.8959045969877872,0.9118020252104457,0.76,0.02,0.22,0.0
6005,0.8775254956934608,0.9692563069016493,0.08853086737803778,0.028796263533009042,0.8963465805334259,0.9117942204503191,0.7,0.04,0.26,0.0
6006,0.8823773783111354,0.9701510222491818,0.09574350578321314,0.02893393685682659,0.8997159418013779,0.9117807345314062,0.3,0.4,0.3,0.0
6007,0.8846114261717223,0.9733893416953239,0.0965949150144912,0.03240858216222621,0.898275074392475,0.9117799728589419,0.56,0.42,0.02,0.0
6008,0.8849177277945374,0.973319580173667,0.09646693901917981,0.031741399515644995,0.8965371738911684,0.9117710766384158,0.46,0.46,0.08,0.0
6009,0.8736041788704767,0.9651048713007527,0.0843999797060112,0.023741560248725178,0.8933231909226251,0.9117444645103063,0.22,0.1,0.68,0.0
6010,0.8824178743758305,0.9710569830101554,0.08981959400355526,0.03149782432727463,0.890494341470265,0.9117420395506394,0.76,0.18,0.06,0.0
6011,0.8822369686482926,0.9703351016755484,0.09660807155699919,0.028968884562118966,0.9012559737885595,0.9117407778526544,0.28,0.42,0.3,0.0
6012,0.8855821985892431,0.9728333245006414,0.09793271555731936,0.03160160869447572,0.8978633237938608,0.9117014264669864,0.54,0.38,0.08,0.0
6013,0.8825714186960656,0.9707387321014403,0.09772944340263458,0.02949521763885517,0.902757974424623,0.9116981313907944,0.3,0.44,0.26,0.0
6014,0.882345252205984,0.971001840525972,0.0968683905752896,0.029530165344147423,0.9013080822472828,0.9116937216685809,0.28,0.46,0.26,0.0
6015,0.8767887306872748,0.9675051619872693,0.09179670535184734,0.026828604549881976,0.9025557860423731,0.9116931101844413,0.22,0.32,0.46,0.0
6016,0.8827204588708624,0.9713213415593285,0.09275674515015096,0.03160266744315161,0.8950371483652295,0.9116854384138873,0.7,0.24,0.06,0.0
6017,0.8795190716110154,0.9700756294583069,0.09086489043451279,0.029638184706051868,0.8963807003116606,0.9116784686434313,0.7,0.1,0.2,0.0
6018,0.8791573968955375,0.9697111353545227,0.09064106024000718,0.029146799334607953,0.8963807003116606,0.9116781529298319,0.66,0.1,0.24,0.0
6019,0.8824635260472327,0.9713466465937368,0.09712717489042696,0.030617779202911973,0.902559519273748,0.9116764481437154,0.3,0.52,0.18,0.0
6020,0.8823188127859363,0.9706248137799492,0.09689072307069009,0.02924952495313325,0.9012559737885595,0.9116711038439844,0.28,0.44,0.28,0.0
6021,0.8843365623985533,0.972434357781745,0.09564256148535234,0.03202309865533498,0.896682294218976,0.9116672369580399,0.62,0.34,0.04,0.0
6022,0.8740672474611283,0.9654874636701791,0.08576538701700286,0.024267893325461348,0.8948064183093081,0.9116640181642989,0.24,0.12,0.64,0.0
6023,0.8844517974943555,0.9734658476108794,0.09610113427587501,0.032443529867518514,0.8968413826362026,0.9116639918431435,0.54,0.44,0.02,0.0
6024,0.8789570832394843,0.9700157262254891,0.09032740614735435,0.02960323700075955,0.8963807003116606,0.9116629613712356,0.72,0.08,0.2,0.0
6025,0.874099801675032,0.9653868571782032,0.08593361927630937,0.024022200639739373,0.8948064183093081,0.9116592904225741,0.22,0.12,0.66,0.0
6026,0.8826812955410096,0.9711544013988792,0.09212540728141544,0.03132202705213744,0.8934971163780481,0.9116559372734596,0.7,0.22,0.08,0.0
6027,0.8785268312211341,0.9682061194320447,0.09317036960209568,0.027109244940896077,0.901144564943745,0.9116555169979823,0.22,0.34,0.44,0.0
6028,0.8760672079994157,0.9687250781373568,0.08754000189552606,0.028374773572149854,0.8963807003116606,0.9116523691299302,0.62,0.08,0.3,0.0
6029,0.8818010604183778,0.9711318506345141,0.08846934594135214,0.03198920969871856,0.8890276869767801,0.9116395494954079,0.8,0.18,0.02,0.0
6030,0.8767313033987418,0.9723724766119947,0.09037073275038819,0.03296880419557885,0.9028784595389604,0.9116377890070526,0.4,0.6,0.0,0.0
6031,0.8764277777656,0.9700379116566257,0.08452409733853825,0.03219995467914797,0.8935149685254469,0.9116327752079763,0.84,0.16,0.0,0.0
6032,0.8789533462295489,0.9695345738009997,0.09067757489505003,0.028901106648886052,0.8963807003116606,0.9116290561318013,0.64,0.1,0.26,0.0
6033,0.8793444216291328,0.9699732162793492,0.09080218117446015,0.02939249202032992,0.8960243831079031,0.9116244966963027,0.68,0.1,0.22,0.0
6034,0.8823155327584655,0.9711065142042815,0.0970141865349323,0.029810805735161747,0.9013080822472828,0.9116023109862773,0.28,0.48,0.24,0.0
6035,0.8730619824375178,0.964790051099387,0.08306592087979642,0.024163050209584376,0.8917694542999685,0.9116021520752103,0.3,0.06,0.64,0.0
6036,0.8846680166528863,0.9720172157347287,0.09641132899792099,0.03146181787330651,0.8967176403615548,0.9115998405894841,0.62,0.3,0.08,0.0
6037,0.8820839106124118,0.9710509778452112,0.09693778503231981,0.029565113049439793,0.9013080822472828,0.911595677239532,0.26,0.48,0.26,0.0
6038,0.8795466664029673,0.9698121728255418,0.09061134866822054,0.029181747039900254,0.894878699675597,0.9115863727137004,0.64,0.12,0.24,0.0
6039,0.8817260928708542,0.9705532998004618,0.09562226535407198,0.03002366821294296,0.9005273703923289,0.9115844411426086,0.64,0.18,0.18,0.0
6040,0.876572969745443,0.9699573613880635,0.08391005099841872,0.03213005926856346,0.8917084767056056,0.9115844318927389,0.88,0.12,0.0,0.0
6041,0.8802002550053448,0.9699703963634914,0.09217812916637283,0.029216694745192475,0.896431020510963,0.9115799641183835,0.62,0.14,0.24,0.0
6042,0.8825777333840145,0.9711854832649639,0.09705534331372265,0.030056498420883676,0.9009517650435253,0.9115783550792043,0.3,0.48,0.22,0.0
6043,0.8788173594254649,0.9698554648131241,0.09059531798549393,0.029357544315037624,0.8963807003116606,0.9115688405362635,0.7,0.08,0.22,0.0
6044,0.8787279495481474,0.9692164284964211,0.09066264432076668,0.02865541396316409,0.8963807003116606,0.9115671619219337,0.62,0.1,0.28,0.0
6045,0.8820495819050256,0.9710874597930803,0.08989475308256502,0.03174351701299652,0.890494341470265,0.9115652984635791,0.78,0.18,0.04,0.0
6046,0.8814275750609482,0.9694672126328212,0.09511279418114689,0.027846322998061942,0.8981405636716177,0.9115564230662911,0.28,0.34,0.38,0.0
6047,0.880378734876873,0.970314848514691,0.09213766811373636,0.029918825097066053,0.8963807003116606,0.9115488763942494,0.7,0.12,0.18,0.0
6048,0.8788478587369497,0.9686655973210845,0.09473171675976007,0.02731998992132573,0.9026112194372298,0.9115480865537262,0.26,0.32,0.42,0.0
6049,0.8829137866772104,0.9713195776848345,0.09842787227721565,0.030302191106605682,0.902865516278203,0.9115411812323794,0.32,0.48,0.2,0.0
6050,0.8850144018121145,0.9721463039477019,0.09701928009003837,0.03149676557859888,0.896682294218976,0.9115354103016132,0.6,0.32,0.08,0.0
6051,0.8800930611464599,0.970336214800229,0.09084327122368441,0.030340315057925372,0.8948793308939957,0.9115303598079785,0.78,0.08,0.14,0.0
6052,0.8817619868306993,0.9695939747006282,0.09704202572774878,0.028057067978491664,0.901144564943745,0.9115275535451188,0.32,0.32,0.36,0.0
6053,0.8842710558983133,0.9717933463822751,0.09549894776592179,0.0311811774822922,0.8951215883427667,0.9115271498113899,0.62,0.28,0.1,0.0
6054,0.8766691166379383,0.9699974681265595,0.08437463060915615,0.032165006973855895,0.8920129678893831,0.9115239267676682,0.86,0.14,0.0,0.0
6055,0.8733712532826171,0.9650421538604088,0.08420106179112531,0.024443690600598752,0.8929317106254724,0.9115234266808193,0.3,0.08,0.62,0.0
6056,0.8828396979404036,0.9726707112556177,0.09859304959468197,0.03114411227964832,0.9029158364775055,0.9115131283428864,0.32,0.54,0.14,0.0
6057,0.8783490454252499,0.9699695800720588,0.08908952631391746,0.030024726961618776,0.8948110220142044,0.9115110549865436,0.8,0.04,0.16,0.0
6058,0.8792627185293094,0.9701381756487,0.09030314464479444,0.02984892968648155,0.8948966883560857,0.9115082794310696,0.74,0.08,0.18,0.0
6059,0.881119709401007,0.9692639503577902,0.09503994405815584,0.027600630312339926,0.8981405636716177,0.9115037326664321,0.26,0.34,0.4,0.0
6060,0.8825861019698891,0.9710764084629169,0.09766954187555354,0.029775858029869397,0.9013080822472828,0.9114968598495712,0.3,0.46,0.24,0.0
6061,0.8788097082926596,0.9683460905793964,0.09398128439493324,0.02728504221603346,0.9011092188011662,0.9114869338650864,0.28,0.3,0.42,0.0
6062,0.8820259126529304,0.9698869805124177,0.09566389155944408,0.028372656074798167,0.897819592610439,0.9114864641603582,0.3,0.36,0.34,0.0
6063,0.8655262389916358,0.9608213135085866,0.07237676669188478,0.023321129036541672,0.8883521115024001,0.9114861391654385,0.3,0.0,0.7,0.0
6064,0.8835319766671473,0.9714861468037236,0.09526584784064383,0.03114622977699998,0.8960810988490051,0.9114775206434975,0.64,0.26,0.1,0.0
6065,0.8763870603051064,0.9723622130316052,0.09133594511257936,0.03300375190087084,0.9043804601750239,0.9114727856785871,0.38,0.62,0.0,0.0
6066,0.8842985043112613,0.9734981168099568,0.09584601279699138,0.03247847757281086,0.8953914904588623,0.9114719833988991,0.52,0.46,0.02,0.0
6067,0.878462810360364,0.9694103176908072,0.09067599850483023,0.028866158943593803,0.8963807003116606,0.911470701345646,0.66,0.08,0.26,0.0
6068,0.8818444023645249,0.969916212879033,0.09550475576595269,0.028442551485382637,0.8978195926104389,0.9114683337307313,0.26,0.4,0.34,0.0
6069,0.8816579894599715,0.9697515960095838,0.09560945964117902,0.028161911094368452,0.8981759098141964,0.9114670818354043,0.26,0.38,0.36,0.0
6070,0.8819824733738935,0.9712404088325427,0.0910063157692135,0.031813412423581294,0.8920304618845631,0.9114638180450538,0.74,0.22,0.04,0.0
6071,0.8834504282191397,0.9720484688507642,0.09454197808779,0.031953203244750386,0.8952336284059799,0.9114577538166858,0.66,0.3,0.04,0.0
6072,0.8764699456118624,0.9671527410050221,0.09230118120913007,0.0265479641588676,0.9025557860423731,0.9114551786291735,0.22,0.3,0.48,0.0
6073,0.8814589655987045,0.9691824410895031,0.09697317689486319,0.027741479882185036,0.9011092188011661,0.9114525984056813,0.34,0.28,0.38,0.0
6074,0.8836560819687173,0.9726516454277531,0.0990901216613581,0.030793576478049513,0.9013635156421393,0.9114490180311041,0.36,0.48,0.16,0.0
6075,0.8798870256376423,0.9702180409174586,0.09117098765116846,0.029883877391773856,0.8948786996755971,0.9114474569504384,0.72,0.1,0.18,0.0
6076,0.8819381033580174,0.96988254513869,0.09570045198441195,0.028407603780090468,0.897819592610439,0.9114419174160078,0.28,0.38,0.34,0.0
6077,0.8833140904846568,0.9725611055787229,0.09949217514543744,0.030828524183341775,0.902865516278203,0.9114351420493518,0.34,0.5,0.16,0.0
6078,0.8832033402319658,0.9716623002115302,0.09892572788432438,0.03054788379232758,0.9025091990744454,0.9114332187970113,0.34,0.48,0.18,0.0
6079,0.8812808846573387,0.9690349092568202,0.09736823540307103,0.027917277157322437,0.9024707594280857,0.9114321261972491,0.4,0.24,0.36,0.0
6080,0.8819526083156503,0.9697176514151536,0.09725653443938477,0.02833770836950583,0.9007882477399874,0.9114318217081157,0.32,0.34,0.34,0.0
6081,0.8817789679000504,0.9695015596646359,0.09736256932918483,0.02802212027319925,0.9011092188011661,0.911427983897361,0.34,0.3,0.36,0.0
6082,0.8803117040956908,0.9703576438774159,0.0908128688615465,0.03012957007749583,0.8933946877200222,0.9114273918417332,0.74,0.1,0.16,0.0
6083,0.8822112456136457,0.9699944683982533,0.09592533331228469,0.02865329646581241,0.897819592610439,0.9114266230091843,0.3,0.38,0.32,0.0
6084,0.8792458904275443,0.9696446675402546,0.09024371208415663,0.02893605435417834,0.8934450079193246,0.9114111763973196,0.62,0.12,0.26,0.0
6085,0.8791631712847041,0.9688873688616397,0.09475245266781311,0.027530734901755352,0.9011092188011662,0.9114025138392969,0.3,0.3,0.4,0.0
6086,0.8815906218790083,0.9696242003169585,0.094943268504432,0.028126963389076245,0.8966739091781328,0.9114016737827244,0.28,0.36,0.36,0.0
6087,0.8818053487894713,0.969355249414936,0.09785429748393293,0.028197917548336587,0.9022045820341696,0.9114012139025913,0.4,0.26,0.34,0.0
6088,0.8734288183443317,0.9651686276574653,0.08626992443893054,0.024478638305890987,0.8959003657550209,0.911401028420812,0.28,0.1,0.62,0.0
6089,0.8781564017292987,0.9694901715429025,0.09049647532480473,0.029076903924023234,0.8963807003116606,0.9114004072783642,0.7,0.06,0.24,0.0
6090,0.881669291203919,0.9713671908795107,0.09160784425771738,0.03209405281459553,0.8935704938717448,0.9113901929875174,0.74,0.24,0.02,0.0
6091,0.883948193696266,0.9727631462707709,0.09968260676559834,0.0307586287727572,0.9013635156421393,0.9113894111525422,0.38,0.46,0.16,0.0
6092,0.8813999529433049,0.9694902057928927,0.09495818352283712,0.027881270703354347,0.8966739091781328,0.9113692088959302,0.26,0.36,0.38,0.0
6093,0.8828578495683044,0.9716019973954938,0.0987445129351808,0.030582831497619808,0.9025091990744454,0.911365824216142,0.32,0.5,0.18,0.0
6094,0.8726725643525934,0.9648558681638418,0.08242683677897022,0.02458454017044368,0.8902171334646023,0.9113624537845191,0.38,0.02,0.6,0.0
6095,0.8786007236494862,0.9696058223430633,0.09113416670111128,0.029111851629315674,0.8963807003116606,0.911360063096143,0.68,0.08,0.24,0.0
6096,0.8817470873413726,0.9706353741935868,0.09292578833096743,0.030655903154231952,0.8945403711523282,0.9113565925742957,0.76,0.12,0.12,0.0
6097,0.8829722318241998,0.9712235521290444,0.09444885603136642,0.031111282071707762,0.8950152481118574,0.9113530539262361,0.66,0.24,0.1,0.0
6098,0.8812449615368919,0.9705334833269792,0.09240399397656403,0.03062095544893965,0.8945403711523282,0.9113482187695112,0.78,0.1,0.12,0.0
6099,0.8795897940862585,0.9702211348332378,0.09107416933929906,0.03009462237220346,0.8948966883560857,0.9113472367380577,0.76,0.08,0.16,0.0
6100,0.8817088427720169,0.9712860583611156,0.09100254917853229,0.03205910510930326,0.892068493235681,0.9113462292676394,0.76,0.22,0.02,0.0
6101,0.8798000045261237,0.9699205055444683,0.09142810379995307,0.029427439725622194,0.8945223824718395,0.9113403722251441,0.66,0.12,0.22,0.0
6102,0.8734657691492396,0.965264810192377,0.08579463841077568,0.024724330991612968,0.8947381094295168,0.9113402026157157,0.3,0.1,0.6,0.0
6103,0.8754158108476137,0.9674940021988037,0.08726559058977902,0.028094133181135534,0.8959168412543231,0.9113380161792018,0.62,0.06,0.32,0.0
6104,0.8830142772466294,0.9714477297314095,0.09356450692794206,0.03163761514844379,0.8935872561878893,0.9113349980025622,0.68,0.26,0.06,0.0
6105,0.8786868734909297,0.970016142933703,0.09007456370190726,0.029813981981189116,0.8945230136902382,0.9113341138720366,0.76,0.06,0.18,0.0
6106,0.8820185076586925,0.9711631979380227,0.08993704659519697,0.03177846471828887,0.8890444492929247,0.9113306602155741,0.76,0.2,0.04,0.0
6107,0.8757258760522498,0.9688965278798459,0.08824776112133928,0.02858551855257942,0.8963807003116606,0.9113293218660231,0.66,0.06,0.28,0.0
6108,0.8836826023801452,0.9717260794015695,0.09522663486538366,0.031672562853736035,0.8951776083743733,0.9113292225335212,0.66,0.28,0.06,0.0
6109,0.8776864261713643,0.9696959454838796,0.09004286221066904,0.02928764890445296,0.8960423717883917,0.9113282675056034,0.74,0.04,0.22,0.0
6110,0.8828242724145066,0.9709238019233561,0.09923703143683639,0.029740910324577187,0.902757974424623,0.9113176114863402,0.32,0.44,0.24,0.0
6111,0.8798356255909084,0.9702762944424163,0.09018821052530682,0.030551060038354966,0.8929527041743832,0.9113020086478195,0.82,0.06,0.12,0.0
6112,0.8788041796408778,0.9687439156319535,0.09403278564062213,0.02735493762661807,0.8996425643076812,0.9112961116529448,0.24,0.34,0.42,0.0
6113,0.8834949719323111,0.9723140603995837,0.09511902457329456,0.03223384363576478,0.8952336284059799,0.9112883271641573,0.66,0.32,0.02,0.0
6114,0.8730680040899255,0.9650368508202632,0.08396476341468583,0.024654435581028197,0.891787442980457,0.9112860486233235,0.34,0.06,0.6,0.0
6115,0.8733592598147383,0.9650888765553406,0.08617254340589006,0.024232945620169064,0.8948064183093081,0.9112813428435916,0.26,0.1,0.64,0.0
6116,0.883654166189626,0.9728840316110969,0.09960024349319557,0.031074216869063705,0.9013635156421393,0.9112799830992672,0.36,0.5,0.14,0.0
6117,0.8825055681639702,0.9700747560835574,0.09737487319980122,0.028898989151534323,0.8992417605513441,0.9112729007796104,0.32,0.38,0.3,0.0
6118,0.8807327641577075,0.9704418417699318,0.09244069570823522,0.030375262763217736,0.8948966883560857,0.9112728095586521,0.76,0.1,0.14,0.0
6119,0.8779664141777149,0.968017912881862,0.09379959604491471,0.027074297235603822,0.9010537854063095,0.9112709771391421,0.24,0.32,0.44,0.0
6120,0.8800811623986666,0.970200008297631,0.09292805071385232,0.029673132411344175,0.8963807003116606,0.9112634609438544,0.68,0.12,0.2,0.0
6121,0.8817476313519256,0.9712059990090793,0.08974596139029234,0.032024157404010864,0.8890444492929247,0.9112618144825586,0.78,0.2,0.02,0.0
6122,0.882715033625036,0.9704732604275864,0.09932759923204464,0.029460269933562825,0.902757974424623,0.9112472543615342,0.32,0.42,0.26,0.0
6123,0.8775470999027692,0.9697960667676615,0.08912933299817395,0.029744086570604546,0.8944025963517237,0.9112278227817763,0.8,0.02,0.18,0.0
6124,0.8839907998074216,0.9729258965157553,0.10018743691490324,0.031039269163771508,0.9013635156421393,0.911224814253855,0.38,0.48,0.14,0.0
6125,0.8806032225414258,0.9704346064595071,0.0905713599986437,0.03058600774364743,0.891519012418111,0.9112234376620184,0.8,0.08,0.12,0.0
6126,0.8819525191613952,0.9713090229795286,0.09262056623657722,0.031848360128873494,0.8935704938717448,0.9112233649315673,0.72,0.24,0.04,0.0
6127,0.8821094053941317,0.9696847514454238,0.09737229288432002,0.02830276066421361,0.8992862471039238,0.9112222144549598,0.34,0.32,0.34,0.0
6128,0.8804724562389947,0.9686476731595591,0.09829102337437802,0.028093074432459793,0.9050501346166644,0.9112169987544168,0.46,0.2,0.34,0.0
6129,0.8784865552686595,0.9699143177129099,0.09060223448434089,0.029568289295467086,0.8949146770365743,0.9112143790571234,0.74,0.06,0.2,0.0
6130,0.8815957316681052,0.9705091258756324,0.0963526070877626,0.029777975527220966,0.8994337954187462,0.9112130769046967,0.62,0.18,0.2,0.0
6131,0.8824534277722283,0.9699308461873356,0.098482076322322,0.028583401055227827,0.9007882477399873,0.911211291584389,0.34,0.34,0.32,0.0
6132,0.8842809561983622,0.9729214440170325,0.09983115549617615,0.03100432145847915,0.8998795036865643,0.9111983821312427,0.4,0.46,0.14,0.0
6133,0.8782369144122699,0.9697780427103314,0.09108196250173337,0.029322596609745243,0.8960243831079031,0.91119621975133,0.72,0.06,0.22,0.0
6134,0.8803587052986805,0.9700595719212461,0.09260007675818063,0.029462387430914456,0.8945906913516307,0.91119393928936,0.64,0.14,0.22,0.0
6135,0.8728947528533211,0.9649448781799774,0.08250449061134882,0.024619487875736017,0.8887151328285386,0.9111877660409139,0.36,0.04,0.6,0.0
6136,0.8840759518261575,0.9717768007828543,0.09534288760412352,0.03142687016801415,0.8932812591834343,0.9111859782830872,0.64,0.28,0.08,0.0
6137,0.8832521576527878,0.9714024854943871,0.09507943827824587,0.03139192246272188,0.8947149509397067,0.9111807514494993,0.66,0.26,0.08,0.0
6138,0.8820604931830931,0.9714647234348684,0.09370393133834677,0.03188330783416581,0.8950371483652295,0.911179527747383,0.7,0.26,0.04,0.0
6139,0.8826555243033888,0.9702629312379158,0.09809501350892427,0.029179629542548557,0.899715941801378,0.9111533244333488,0.32,0.4,0.28,0.0
6140,0.8813428293358153,0.9704624659723493,0.09515255030875834,0.029988720507650647,0.8975587152627804,0.9111530593928073,0.66,0.16,0.18,0.0
6141,0.8758276518156805,0.9665479603868267,0.09118516802564171,0.025986683376839063,0.8995184495609035,0.9111504424188519,0.22,0.26,0.52,0.0
6142,0.8832531592483018,0.9728222217954927,0.09963695377598414,0.031109164574356002,0.9014318245219306,0.9111430739868539,0.34,0.52,0.14,0.0
6143,0.8828777075784734,0.971271536365281,0.09397946543756347,0.03135697475742965,0.8931407991742906,0.9111370259065581,0.68,0.24,0.08,0.0
6144,0.8753078067860378,0.9688632768477168,0.08847226472499305,0.02855057084728706,0.8963285918529372,0.9111333086564595,0.68,0.04,0.28,0.0
6145,0.8788225480940032,0.9682255991139573,0.09441203449434372,0.02725009451074103,0.899551784770246,0.9111217983156378,0.3,0.28,0.42,0.0
6146,0.873073327476969,0.9649657592573214,0.08371797878710223,0.0244087428953063,0.8899456980338339,0.9111210656918227,0.32,0.06,0.62,0.0
6147,0.8755862298136347,0.9686135487526805,0.0880412349394135,0.028339825866857387,0.8948232662807405,0.9111200954175657,0.64,0.06,0.3,0.0
6148,0.8812945737050775,0.9705481309061111,0.09281201664707957,0.03041021046851001,0.8933946877200222,0.9111178655814121,0.74,0.12,0.14,0.0
6149,0.8793541258227685,0.9701841619688428,0.08992469011459901,0.03030536735263304,0.8919106757644473,0.9111126090399356,0.8,0.06,0.14,0.0
6150,0.8791426422751231,0.968802545906803,0.09650920571665356,0.027495787196462937,0.9026112194372297,0.9111090295473394,0.32,0.28,0.4,0.0
6151,0.8767748152544329,0.9674004198089796,0.09301391334149418,0.026793656844589613,0.9010537854063095,0.9111037016874154,0.24,0.3,0.46,0.0
6152,0.8832166159849212,0.971525420125792,0.09958207927738362,0.030267243401313256,0.9013080822472828,0.9111032470841964,0.34,0.46,0.2,0.0
6153,0.8817035439923331,0.9714799875138236,0.09347632613584424,0.03212900051988773,0.8951105258589261,0.9111022736682944,0.72,0.26,0.02,0.0
6154,0.8729155523062555,0.9648602464542526,0.08207676191308454,0.024373795190013956,0.8869416967617068,0.9110878506594214,0.34,0.04,0.62,0.0
6155,0.8828403916513351,0.9712020545518774,0.0990613011089582,0.03002155071559146,0.9009517650435253,0.9110878307208121,0.32,0.46,0.22,0.0
6156,0.8749828350154466,0.9690004480583715,0.08822991936545183,0.028761315827716804,0.896346580533426,0.9110868682025461,0.72,0.02,0.26,0.0
6157,0.8815628269941859,0.9692207325785198,0.09749130305701602,0.027952224862614623,0.8996252068455911,0.9110752501493176,0.38,0.26,0.36,0.0
6158,0.8827719970314466,0.9699767839866591,0.09855107841512485,0.028829093740949756,0.8996425643076812,0.9110728521846431,0.36,0.34,0.3,0.0
6159,0.881126427758547,0.9689642315479262,0.09884571461921846,0.028128022137752094,0.9035481339806006,0.9110683342704383,0.44,0.22,0.34,0.0
6160,0.8830078286269234,0.9707163097745385,0.10020863932509289,0.029705962619284737,0.902757974424623,0.911068197292386,0.34,0.42,0.24,0.0
6161,0.8829264763464947,0.9704099550290779,0.09939012234123461,0.0294253222282705,0.9012559737885594,0.9110648404579306,0.34,0.4,0.26,0.0
6162,0.8817869162327701,0.9694834927948182,0.09874611907196816,0.028865100194917923,0.9024377966908733,0.9110591409952692,0.5,0.22,0.28,0.0
6163,0.8790522169203883,0.9701080128240184,0.08992732597157886,0.030059674666911056,0.8919106757644473,0.9110589919870838,0.78,0.06,0.16,0.0
6164,0.8828808964311311,0.9721168032894969,0.09934619951520905,0.03086347188863404,0.9014318245219306,0.9110586148489752,0.32,0.52,0.16,0.0
6165,0.8839218189645653,0.9724463624033017,0.10059821502210341,0.03047798838174292,0.9008996565848019,0.9110563416743026,0.38,0.44,0.18,0.0
6166,0.8765087101691289,0.9670652979259371,0.09375159889839019,0.026478068748282943,0.9025036775836498,0.9110413522662963,0.26,0.26,0.48,0.0
6167,0.8818987986633049,0.9699213503775593,0.09898658932198913,0.02911079288063993,0.9024377966908733,0.9110398607772591,0.52,0.22,0.26,0.0
6168,0.8789646988750406,0.9701161414883535,0.09013231231644563,0.030516112333062596,0.8929527041743832,0.911039826044752,0.84,0.04,0.12,0.0
6169,0.877189672877603,0.9678397900996202,0.09372728019552724,0.027039349530311507,0.9010537854063095,0.9110390918162886,0.26,0.3,0.44,0.0
6170,0.8817105307225032,0.9693789818039621,0.09784240341414292,0.027987172567906952,0.8996252068455911,0.9110350029617543,0.36,0.28,0.36,0.0
6171,0.8842400117679533,0.9727380296113085,0.10042507729798454,0.030723681067464863,0.8997719618329845,0.9110272138337984,0.4,0.44,0.16,0.0
6172,0.8831466619565878,0.9710546368858283,0.10029385699670185,0.02998660301029907,0.9024016572208654,0.9110264320767667,0.34,0.44,0.22,0.0
6173,0.8729607170205052,0.9652788783758417,0.08279588601173901,0.025356565932901805,0.8887151328285386,0.9110261607691995,0.42,0.04,0.54,0.0
6174,0.8765169262626813,0.967156459983122,0.0931080033828545,0.02651301645357521,0.9010537854063095,0.9110187204470007,0.24,0.28,0.48,0.0
6175,0.8809085050329662,0.9701841048855259,0.09536351008524532,0.029497335136206764,0.8975587152627804,0.9110184148885448,0.62,0.16,0.22,0.0
6176,0.8823505522472853,0.9699546841804981,0.09748908328820984,0.028618348760520208,0.897819592610439,0.9110182340405797,0.32,0.36,0.32,0.0
6177,0.8810440642739027,0.9703770122468603,0.09563826365265289,0.02974302782192871,0.897915032466538,0.911013050686612,0.64,0.16,0.2,0.0
6178,0.8751884449381938,0.9672195570275237,0.08818814796656356,0.02784844049541359,0.8959168412543231,0.9110115843773438,0.6,0.06,0.34,0.0
6179,0.8821016472395249,0.9695993662199152,0.09807878329952727,0.028267812958921203,0.8992862471039238,0.9110102187221188,0.36,0.3,0.34,0.0
6180,0.8821493187348434,0.9708068039569151,0.09664435227908558,0.030269360898664888,0.8978796863239594,0.9110082314302586,0.66,0.18,0.16,0.0
6181,0.8732631440820482,0.9654240869175243,0.08463938392633434,0.02563720632391604,0.8917191341006657,0.9110012212216759,0.42,0.06,0.52,0.0
6182,0.8786565262408126,0.9700487945910041,0.0902759147779474,0.030270419647340698,0.8933090213781407,0.9109984234257755,0.82,0.04,0.14,0.0
6183,0.8773540192941479,0.9696994161495508,0.09004319120707736,0.029498393884882557,0.8947589135554812,0.910994303382969,0.78,0.02,0.2,0.0
6184,0.8827680216726984,0.9701643426411943,0.09797024107883995,0.029144681837256287,0.8982139411653144,0.9109899765135069,0.34,0.38,0.28,0.0
6185,0.8808741695815406,0.9704551535994468,0.09294057099510221,0.030164517782788017,0.8933946877200222,0.9109898433414205,0.72,0.12,0.16,0.0
6186,0.872769617861671,0.9657895971043505,0.08464792641277999,0.026304388970497302,0.8931682417091139,0.9109894546549713,0.52,0.02,0.46,0.0
6187,0.8748995300991543,0.9671656018763332,0.08719784150363127,0.027813492790121234,0.8944148406182595,0.9109842481432089,0.62,0.04,0.34,0.0
6188,0.88161936167267,0.9692435887386306,0.09889153272587681,0.028619407509196074,0.9024024505482946,0.9109747681230942,0.48,0.22,0.3,0.0
6189,0.8835643481241379,0.9720779752173008,0.09956567755148275,0.03051293608703523,0.8994497644074616,0.910967296314294,0.36,0.46,0.18,0.0
6190,0.8827061107381828,0.972131730576882,0.09462734602655211,0.032198895930472336,0.8937669739124952,0.9109531791397688,0.68,0.3,0.02,0.0
6191,0.8726802689344714,0.9649928281662238,0.0829782925998564,0.02483023285616559,0.8887151328285386,0.9109517540112735,0.4,0.02,0.58,0.0
6192,0.8825226853445,0.9717663459733531,0.09516041211016897,0.03191825553945797,0.8951272881750709,0.910949708689664,0.68,0.28,0.04,0.0
6193,0.8735639086734258,0.9662857025037177,0.08773739893782333,0.02711136243824762,0.8977751590941443,0.9109403672844387,0.54,0.06,0.4,0.0
6194,0.8807889843691593,0.9688244944421742,0.0979808189432556,0.028584459803903617,0.9024377966908733,0.9109378587015893,0.5,0.2,0.3,0.0
6195,0.875034552926059,0.9681349393899615,0.0878895422754494,0.028059185475843216,0.8944148406182595,0.910921434426524,0.64,0.04,0.32,0.0
6196,0.8385881753958934,0.9653674517046026,0.04277340421876136,0.019486299146207225,0.871856735856804,0.9109210252940684,0.0,0.0,1.0,1.0
6197,0.8823858438119193,0.9697346793686028,0.09856735477067846,0.02854845334993553,0.8992862471039237,0.9109186746602275,0.36,0.32,0.32,0.0
6198,0.8834856969353571,0.971368538045791,0.10042053839934731,0.03023229569602106,0.9012559737885594,0.9109176841661277,0.36,0.44,0.2,0.0
6199,0.8728726193579321,0.9650387003197328,0.08331720001041876,0.024865180561457915,0.8887151328285386,0.9109115624121717,0.38,0.04,0.58,0.0
6200,0.8734332514215254,0.9652256424744449,0.08555408394068421,0.024935075972042586,0.891787442980457,0.9109092325244798,0.34,0.08,0.58,0.0
6201,0.8816481340442183,0.97058311441691,0.09484737139266142,0.030234413193372646,0.8949290198748995,0.9109072112484531,0.68,0.16,0.16,0.0
6202,0.8806394424126213,0.9688118190916433,0.09791645660576184,0.02833876711818174,0.9020814794871158,0.9109053568136536,0.48,0.2,0.32,0.0
6203,0.8744482046074731,0.9656522460812474,0.08886945098831896,0.02430284103075359,0.8948064183093081,0.9109003895892,0.22,0.14,0.64,0.0
6204,0.8752004762327384,0.968555780435917,0.08837410534896654,0.028304878161565232,0.894771157822017,0.910898831270208,0.66,0.04,0.3,0.0
6205,0.8828681692605681,0.9706645780185436,0.10069429329384776,0.02939143327165405,0.9024545590070181,0.9108958031615033,0.52,0.24,0.24,0.0
6206,0.8842046080131797,0.9731430528701344,0.10131041995627531,0.03128496184949339,0.9010071984383818,0.9108949196380733,0.4,0.48,0.12,0.0
6207,0.8838456144811517,0.9731179990023207,0.10013654322789031,0.031319909554785565,0.8995231864828068,0.9108925813908293,0.38,0.5,0.12,0.0
6208,0.8781052442794773,0.9699987439386936,0.09046018761164779,0.03048116462777043,0.8943840125252894,0.9108914610148446,0.86,0.02,0.12,0.0
6209,0.8820073821714415,0.969489109793207,0.09913424721460394,0.028232865253628836,0.9007708902778973,0.9108905442436183,0.38,0.28,0.34,0.0
6210,0.8815392452990315,0.970615954449157,0.09386832004287261,0.030445158173802236,0.8933766990395334,0.9108869680137666,0.72,0.14,0.14,0.0
6211,0.8728770710314211,0.9651579759105205,0.08331308958227046,0.025110873247179807,0.8887151328285386,0.9108828367345533,0.4,0.04,0.56,0.0
6212,0.8813568066497376,0.96911696652495,0.0988602744945808,0.02837371482347411,0.9020461333445371,0.9108817184597988,0.46,0.22,0.32,0.0
6213,0.8778629761108515,0.9697868221244799,0.0903027460514129,0.02953334159017488,0.8934126764005108,0.9108762845125633,0.76,0.04,0.2,0.0
6214,0.878117379237672,0.9698979747592642,0.09023533486704188,0.029779034275896808,0.8929880503169619,0.9108758966524289,0.78,0.04,0.18,0.0
6215,0.88235210919247,0.9697007433366701,0.09928691701904255,0.02890004790021023,0.9009525583709543,0.9108754698721373,0.48,0.24,0.28,0.0
6216,0.8761870279181321,0.9667061553831178,0.09164858794222602,0.026267323767853335,0.8980685573835631,0.910874657871126,0.22,0.28,0.5,0.0
6217,0.8778862380080938,0.9699546242430153,0.08986325212736826,0.030235471942048456,0.8932736752355622,0.9108739682953433,0.84,0.02,0.14,0.0
6218,0.8739585658495893,0.9663708536876268,0.08768417463570237,0.02714631014354008,0.8963072782363153,0.9108597227324862,0.52,0.08,0.4,0.0
6219,0.8768323343050441,0.9672819548012926,0.09388230355668772,0.026723761434004976,0.9010016769475863,0.9108587860133509,0.28,0.26,0.46,0.0
6220,0.882164303683126,0.9708318635330605,0.09515977094505493,0.03069085085952415,0.8945223824718395,0.9108569519068558,0.74,0.14,0.12,0.0
6221,0.8831149181492078,0.9729474683012345,0.10022886765901547,0.0313898049653701,0.9011315273497796,0.9108484257342249,0.34,0.54,0.12,0.0
6222,0.8728293314940561,0.9658520519614364,0.08506461939467419,0.02655008165621924,0.8931682417091139,0.9108473662563947,0.54,0.02,0.44,0.0
6223,0.8734706653363268,0.9652978871203893,0.085675186709662,0.02518076865776452,0.891787442980457,0.910847211985819,0.36,0.08,0.56,0.0
6224,0.8727971398386809,0.9657059643366726,0.08453773003235557,0.026058696284775397,0.8916662410730504,0.9108408007289697,0.5,0.02,0.48,0.0
6225,0.8830747267882881,0.9700536752146042,0.09879556429576974,0.029074786426671672,0.8981585523521063,0.9108329207518918,0.38,0.34,0.28,0.0
6226,0.8821392073018663,0.970801529458428,0.0955899381042283,0.030480105879094613,0.8949290198748995,0.9108238974823695,0.7,0.16,0.14,0.0
6227,0.8766371383337428,0.9671928192018597,0.09378439080348186,0.02668881372871268,0.9010016769475863,0.910822098071802,0.3,0.24,0.46,0.0
6228,0.8747379012177815,0.968044650707526,0.08719148435346902,0.028024237770550967,0.8929308286626847,0.9108047002998563,0.66,0.02,0.32,0.0
6229,0.8836332963551997,0.9703365972584527,0.0992957048510931,0.029601119503407942,0.898231929845803,0.9108043598774676,0.4,0.36,0.24,0.0
6230,0.8822278108271203,0.9704688593038489,0.09948595776140383,0.029356485566361824,0.9009357960548099,0.9108021648585694,0.54,0.22,0.24,0.0
6231,0.878141043585132,0.9724013379370495,0.0932944028756965,0.03282901337440979,0.8998930781657206,0.9108015983417802,0.48,0.52,0.0,0.0
6232,0.8823585147670515,0.9708730377295837,0.09485345448302251,0.03072579856481654,0.893088690715567,0.910787732305156,0.72,0.16,0.12,0.0
6233,0.8763086427771464,0.9672048466567431,0.0912857787620877,0.027707590925568553,0.8979296962108934,0.9107817480134256,0.52,0.12,0.36,0.0
6234,0.8737487417231183,0.9665256978932123,0.0876620095215478,0.02735705512396965,0.8962731584580805,0.910779130662616,0.56,0.06,0.38,0.0
6235,0.8732149903945652,0.9651333787092425,0.08499017144467992,0.024900128266750202,0.8902854423443933,0.9107743148495564,0.36,0.06,0.58,0.0
6236,0.8832122798775407,0.9705247952461379,0.09981562982753538,0.02967101491399244,0.8997539731524958,0.91077059340918,0.36,0.4,0.24,0.0
6237,0.8761157170790129,0.9671426886329054,0.09123850916810035,0.027496845945138924,0.8979296962108934,0.9107703347182619,0.48,0.14,0.38,0.0
6238,0.8830635093915298,0.9702436713267736,0.09893212377976994,0.0293903745229782,0.8982139411653144,0.910763842914339,0.36,0.38,0.26,0.0
6239,0.8742373902841623,0.9664599778703964,0.08839787002072645,0.027181257848832366,0.8964276955748298,0.9107618827914563,0.5,0.1,0.4,0.0
6240,0.87341832363035,0.9651515197873725,0.08618503968120975,0.02468938328632066,0.891787442980457,0.9107607189776353,0.32,0.08,0.6,0.0
6241,0.8826355249297354,0.969803661702983,0.09988252984104186,0.029145740585932153,0.9009525583709543,0.9107549362782017,0.5,0.24,0.26,0.0
6242,0.882559164626905,0.9709726481176788,0.09829028913457413,0.03079569397540112,0.8990253697562653,0.9107477307336844,0.68,0.2,0.12,0.0
6243,0.8730763608081317,0.9659373572703014,0.08568790634068246,0.02658502936151151,0.8931682417091139,0.9107474387086774,0.52,0.04,0.44,0.0
6244,0.8833655380539552,0.97086777464776,0.10065105337530503,0.02995165530500672,0.9008996565848019,0.9107426899271088,0.36,0.42,0.22,0.0
6245,0.8738345066458114,0.9666833677229874,0.08857210289071665,0.027602747809691665,0.8977751590941443,0.9107420747340661,0.58,0.06,0.36,0.0
6246,0.8768226072849665,0.9673438673668674,0.0943184109044638,0.02675870913929718,0.9010537854063095,0.9107401475383275,0.26,0.28,0.46,0.0
6247,0.8815830127124835,0.9702035817132727,0.09892833191034664,0.02932153786106943,0.9009357960548099,0.9107368201366487,0.56,0.2,0.24,0.0
6248,0.8815319770851946,0.9692009703341884,0.0990667769918418,0.028162969843044398,0.900664550046988,0.9107221976375294,0.42,0.24,0.34,0.0
6249,0.8835943356829248,0.9708665758981038,0.10021026047971403,0.029916707599714387,0.8993976559487383,0.9107200247939058,0.38,0.4,0.22,0.0
6250,0.8825034771680539,0.970919149633024,0.09866164134499934,0.030550001289679236,0.8993816869600229,0.9107184362425582,0.66,0.2,0.14,0.0
6251,0.8738799823208102,0.9662298578947358,0.0874116336299831,0.02690061745781817,0.8948052776002516,0.9107174754581316,0.5,0.08,0.42,0.0
6252,0.8834427992018486,0.9701709757226251,0.09946986731575805,0.02932047911239357,0.8981585523521063,0.9107172362904201,0.4,0.34,0.26,0.0
6253,0.8828992147720088,0.9699251606889664,0.10040489932927937,0.02918068829122442,0.9010588986018636,0.9107105055983209,0.48,0.26,0.26,0.0
6254,0.8732280385156909,0.965255908049097,0.08513428102559156,0.025145820952472107,0.8902854423443933,0.9107058889141827,0.38,0.06,0.56,0.0
6255,0.872725549697633,0.9652998165365027,0.0835379724238592,0.025567310913331434,0.8887331215090273,0.9107051797250891,0.46,0.02,0.52,0.0
6256,0.8756119889791389,0.9664189635071606,0.0910797485743836,0.02570604298582484,0.8965324369692648,0.9107050378493051,0.22,0.24,0.54,0.0
6257,0.8818393385643672,0.9716491539236344,0.09431674319439291,0.03216394822518009,0.8936606336815859,0.9107014205291875,0.7,0.28,0.02,0.0
6258,0.8764034943151947,0.967002526256442,0.09403714775903195,0.026443121042990743,0.9010016769475863,0.9106996692203049,0.28,0.24,0.48,0.0
6259,0.8792463184256516,0.9720023712181531,0.09458916627510373,0.03261932714265575,0.8995928815855687,0.9106966537983399,0.6,0.4,0.0,0.0
6260,0.8731622913655201,0.9667260317940832,0.08654133028070846,0.027532852399107043,0.8947711578220171,0.9106961457666672,0.62,0.02,0.36,0.0
6261,0.8761140067404731,0.9666507046490229,0.09294128419623594,0.026232376062560906,0.8995184495609035,0.9106959139803665,0.24,0.26,0.5,0.0
6262,0.8822689145107746,0.9695564566905563,0.09919752826726744,0.02847855793935077,0.8992688896418337,0.9106864082952949,0.4,0.28,0.32,0.0
6263,0.8820267760672309,0.9694157805642403,0.0996323293203329,0.028654355214488347,0.9009525583709543,0.9106845991330188,0.46,0.24,0.3,0.0
6264,0.8729518355522105,0.965369566641496,0.08463190006014246,0.02560225861862375,0.8902171334646023,0.9106834994542976,0.44,0.04,0.52,0.0
6265,0.8772085840425019,0.9677515535624294,0.09422035559844502,0.027004401825019127,0.899551784770246,0.9106709476431137,0.28,0.28,0.44,0.0
6266,0.875442491874272,0.9662850774413969,0.09114747994237453,0.025425402594810693,0.8965324369692648,0.9106706907444408,0.22,0.22,0.56,0.0
6267,0.882397280474066,0.9696605595356962,0.09866790569349965,0.028513505644643163,0.8978022351483487,0.9106663625681155,0.38,0.3,0.32,0.0
6268,0.8784915041012014,0.9724197159109448,0.09351174016439892,0.032794065669117335,0.898622174284355,0.9106631368658167,0.5,0.5,0.0,0.0
6269,0.8820529811729674,0.969446297305487,0.09976715041859473,0.028443610234058565,0.9007025813981061,0.9106627894801115,0.42,0.26,0.32,0.0
6270,0.8777937897715533,0.9723937458558939,0.09338780820102928,0.032863961079701895,0.8998930781657206,0.9106623427645448,0.46,0.54,0.0,0.0
6271,0.8846194463992073,0.9717872498840239,0.10249341808145286,0.03047904713041866,0.9011322760955602,0.9106546041926418,0.54,0.3,0.16,0.0
6272,0.8826303078181624,0.9700200759742416,0.09832202605984654,0.02886404144624209,0.8966739091781328,0.9106506419477174,0.34,0.36,0.3,0.0
6273,0.8834998453507287,0.9729695081699128,0.09980204693652786,0.03135485726007785,0.8980894947265344,0.9106410489504909,0.36,0.52,0.12,0.0
6274,0.8742046633758633,0.9663213224935007,0.08811229510046019,0.02693556516311049,0.8949256949387662,0.9106375043584212,0.48,0.1,0.42,0.0
6275,0.8826662755264247,0.9697029210652122,0.09909546200135091,0.028759198330365138,0.8981585523521063,0.9106343576836623,0.4,0.3,0.3,0.0
6276,0.881822095327479,0.9693209023831212,0.09953097347538369,0.028408662528766344,0.9005962411671968,0.9106338992554808,0.44,0.24,0.32,0.0
6277,0.8734507707917921,0.9665976742475672,0.08697577554744847,0.027567800104399298,0.8947711578220171,0.9106310920151404,0.6,0.04,0.36,0.0
6278,0.8726242136603458,0.9651419640401133,0.08395209882520163,0.02507592554188755,0.8887331215090273,0.9106298864926297,0.42,0.02,0.56,0.0
6279,0.8813939828914317,0.9700845173307576,0.09921119571454706,0.029075845175347493,0.9009357960548099,0.9106297728285869,0.54,0.2,0.26,0.0
6280,0.8770733294565904,0.9723772430689608,0.0927229810955047,0.032933856490286344,0.8999104356278106,0.9106241823428505,0.42,0.58,0.0,0.0
6281,0.8848398421486372,0.9720399748532006,0.1037141674673256,0.03054894254100335,0.9026723080827417,0.9106234235617741,0.5,0.34,0.16,0.0
6282,0.8828588771666472,0.9699283487922187,0.0994332341335919,0.0287941460356575,0.8981585523521063,0.9106215023576946,0.38,0.32,0.3,0.0
6283,0.8824441838602535,0.9708853220593935,0.09911655293515405,0.030304308603957275,0.8994337954187462,0.9106212691810944,0.64,0.2,0.16,0.0
6284,0.8787697740832422,0.96819141191543,0.09611549101459359,0.027215146805448818,0.899551784770246,0.9106163139188619,0.32,0.26,0.42,0.0
6285,0.8747787583291593,0.9658327349669772,0.08995587570606081,0.024583481421767903,0.8944834363148931,0.9106085777506832,0.22,0.16,0.62,0.0
6286,0.8750282565421486,0.96883373623119,0.08844540391574486,0.02851562314199483,0.8932871458664422,0.9106035355251572,0.7,0.02,0.28,0.0
6287,0.8832410233142671,0.9702058650459511,0.09890619368085736,0.02935542681768598,0.8967299292097395,0.9106032957417813,0.38,0.36,0.26,0.0
6288,0.8829048067381554,0.9700852394347171,0.0986433272507917,0.029109734131964018,0.8966739091781328,0.9106009196786806,0.36,0.36,0.28,0.0
6289,0.8808219527294823,0.9699134500464921,0.09865672852020398,0.029040897470055116,0.9009357960548099,0.9105994786427436,0.56,0.18,0.26,0.0
6290,0.8745622854564286,0.9657404540767798,0.0897332892214198,0.024548533716475487,0.8944666739987486,0.9105984938324831,0.24,0.14,0.62,0.0
6291,0.8845325786446993,0.9728777638628947,0.10215622243206318,0.03096937375318687,0.899827395227841,0.9105956176066454,0.42,0.44,0.14,0.0
6292,0.8761031621197025,0.9672567411001914,0.09057514750566403,0.027918335905998293,0.8959509610325577,0.9105939735477818,0.56,0.1,0.34,0.0
6293,0.8729661582134145,0.9662515267218538,0.08661661132906381,0.027287159713385075,0.8947711578220171,0.9105935470783186,0.6,0.02,0.38,0.0
6294,0.8840057837571705,0.971212312423935,0.10132271387544457,0.02970702136796054,0.8992359269046211,0.9105920113853395,0.5,0.28,0.22,0.0
6295,0.8831814471711956,0.969990775107646,0.09973716637727927,0.029039838721379357,0.8981585523521063,0.910590802461082,0.4,0.32,0.28,0.0
6296,0.8805600529844961,0.9702732690266174,0.0950367952689522,0.0297080801166364,0.8949470085553882,0.910587618862023,0.66,0.14,0.2,0.0
6297,0.8777117935986463,0.9698834927217515,0.09004773927397602,0.029989779256326527,0.8918070207420773,0.9105868738691374,0.82,0.02,0.16,0.0
6298,0.8761525460069389,0.9666107520354826,0.09338388597475913,0.026197428357268897,0.8995184495609035,0.9105807645311408,0.26,0.24,0.5,0.0
6299,0.8733892464675245,0.9659325793966718,0.08597967210676644,0.026374284381081893,0.891700360851285,0.9105783687880963,0.48,0.06,0.46,0.0
6300,0.8748021276230145,0.9683536883688837,0.08898291309808422,0.028269930456272883,0.8947538003599269,0.9105777340148793,0.68,0.02,0.3,0.0
6301,0.884101483449676,0.9712572255777191,0.10148877789294436,0.029741969073252883,0.8992359269046211,0.9105725527781967,0.48,0.3,0.22,0.0
6302,0.8827048815282843,0.9696484978308225,0.10071780500119491,0.028934995605502473,0.9010588986018636,0.9105695592413986,0.46,0.26,0.28,0.0
6303,0.8849731898214942,0.9720741049684108,0.10357578456422742,0.03100538020715488,0.9023159908789842,0.9105637411327276,0.56,0.32,0.12,0.0
6304,0.8771249232954579,0.9675637123454752,0.09445812189870825,0.026969454119726878,0.899551784770246,0.9105560579250598,0.3,0.26,0.44,0.0
6305,0.8705665203378286,0.9665943662693492,0.08076919020686284,0.03093760229392207,0.8925835461202771,0.9105540604673965,0.92,0.0,0.08,0.0
6306,0.865519891109389,0.9611776047397237,0.07703960793445405,0.023812514407985548,0.8913927729200032,0.9105500890363653,0.34,0.0,0.66,0.0
6307,0.8846972557458512,0.9717952301317349,0.10288031484267059,0.030303249855281374,0.9007759588918027,0.9105492211005066,0.48,0.34,0.18,0.0
6308,0.8729078885747746,0.965943108414485,0.0852857927034498,0.026795774341941227,0.8916662410730504,0.9105463360888641,0.56,0.02,0.42,0.0
6309,0.8801219938978931,0.9692352774076812,0.096426101054314,0.028760257079040986,0.8979851296057499,0.910544916244911,0.56,0.16,0.28,0.0
6310,0.8726810816450628,0.9652308827229418,0.0841835498330699,0.025321618227609487,0.8887331215090273,0.9105443635090724,0.44,0.02,0.54,0.0
6311,0.8752254714126745,0.9661556667076829,0.09144396945738335,0.025144762203796352,0.8964260967383558,0.9105408012488752,0.22,0.2,0.58,0.0
6312,0.8749160787695242,0.9668540354240341,0.09067136807866302,0.02746189823984664,0.8979296962108934,0.910537777112586,0.5,0.12,0.38,0.0
6313,0.8825776945237979,0.9696403748748191,0.10084180388760285,0.028724250625072754,0.9010588986018636,0.9105365551770389,0.42,0.28,0.3,0.0
6314,0.8850002603250745,0.972121478413156,0.10405501602712126,0.03079463522672531,0.9026723080827417,0.910536287906172,0.52,0.34,0.14,0.0
6315,0.8834877061765266,0.9709598899963382,0.10120547008354862,0.029426380976946324,0.899518866614682,0.9105311231891473,0.5,0.26,0.24,0.0
6316,0.8846220607903759,0.9717020016584759,0.10284323242092895,0.03026830214998909,0.9007759588918027,0.9105303676091236,0.5,0.32,0.18,0.0
6317,0.8791163200646586,0.9719470460673556,0.09502959956311066,0.032584379437363746,0.8995928815855687,0.9105292628743906,0.62,0.38,0.0,0.0
6318,0.8734685205388586,0.9661312122146973,0.08761886474011625,0.026865669752525755,0.8948232662807404,0.9105291336556908,0.52,0.06,0.42,0.0
6319,0.8810670381102386,0.9691849127971275,0.09893708711318923,0.028830152489625584,0.9009357960548099,0.9105249782752975,0.52,0.2,0.28,0.0
6320,0.8774170309657712,0.9723883800240997,0.09344618718259967,0.03289890878499431,0.8998930781657206,0.9105246760935418,0.44,0.56,0.0,0.0
6321,0.8741498041428732,0.9666200851578056,0.089025967650779,0.027392002829262078,0.896325266916804,0.910520879080177,0.54,0.08,0.38,0.0
6322,0.8790290803094271,0.9685028413677683,0.09752151690685189,0.027460839491170713,0.9011092188011661,0.9105196034556371,0.34,0.26,0.4,0.0
6323,0.873165993168772,0.9660476936136532,0.08730678573543947,0.026830722047233472,0.8947711578220171,0.9105150678932407,0.54,0.04,0.42,0.0
6324,0.8848815266952839,0.9719724509975687,0.10315856152999638,0.03075968752143301,0.9011322760955602,0.910512960539355,0.54,0.32,0.14,0.0
6325,0.8735128836066788,0.9655555497964832,0.08728218904510479,0.02591784671493028,0.8932894436165205,0.9105127284923069,0.42,0.08,0.5,0.0
6326,0.8758825585601485,0.9665127542510916,0.09271289875492598,0.02595173567154687,0.8980344376053285,0.9105052113601637,0.24,0.24,0.52,0.0
6327,0.8733157374323489,0.9664667137017976,0.0873810166879606,0.0273221074186774,0.8947711578220171,0.9105031485858301,0.58,0.04,0.38,0.0
6328,0.8846532940065738,0.9718475155959043,0.10292204967699607,0.030724739816140673,0.9011322760955602,0.9105009828590378,0.56,0.3,0.14,0.0
6329,0.8841718930572386,0.9713006545652623,0.10184094931790827,0.02977691677854532,0.8992359269046211,0.910491585273871,0.46,0.32,0.22,0.0
6330,0.8730206031696155,0.9657651939863502,0.08523422691427905,0.02609364399006761,0.8902163488957101,0.9104912842885332,0.48,0.04,0.48,0.0
6331,0.8789325866380127,0.96864622895164,0.098768533444688,0.02788232945203017,0.9039044511843582,0.910487337442092,0.42,0.22,0.36,0.0
6332,0.8823419334797572,0.9707982357510394,0.09942159562520285,0.03005861591823532,0.8990774782149886,0.9104852053620347,0.62,0.2,0.18,0.0
6333,0.8730638435963299,0.9658610711255161,0.08518439716106109,0.026339336675789624,0.8902163488957101,0.9104838772778493,0.5,0.04,0.46,0.0
6334,0.8734059596002216,0.9660281026192725,0.08783803493196812,0.026619977066803864,0.8948232662807404,0.9104807983221513,0.5,0.06,0.44,0.0
6335,0.8847184996601779,0.9719027351425654,0.1032368169628832,0.030513994835711065,0.9011322760955602,0.9104801538427273,0.52,0.32,0.16,0.0
6336,0.8837146496866997,0.9706694672046412,0.10151291306474627,0.029461328682238552,0.8995922441083787,0.9104709506135749,0.48,0.28,0.24,0.0
6337,0.8844857619480939,0.9731413974539425,0.1023437453462609,0.03125001414420103,0.8995231864828068,0.9104652505706897,0.42,0.46,0.12,0.0
6338,0.8758998842986017,0.967087060940528,0.09036271125619304,0.027672643220276356,0.8949256949387662,0.9104641829453011,0.54,0.1,0.36,0.0
6339,0.8823733123116823,0.96955360823304,0.10086766083886085,0.028689302919780498,0.9010588986018636,0.9104617543191253,0.44,0.26,0.3,0.0
6340,0.8811131304305684,0.9701814676362823,0.09864176926700519,0.02928659015577712,0.8994337954187462,0.910456912287065,0.58,0.18,0.24,0.0
6341,0.8801635760047071,0.9685158164057134,0.097297039929049,0.028303819412889366,0.8990954668954774,0.9104560100142499,0.5,0.18,0.32,0.0
6342,0.879893777505541,0.9696577624531652,0.09578535047459258,0.028971002059470532,0.896431020510963,0.9104494402604862,0.6,0.14,0.26,0.0
6343,0.8849964979076922,0.9729652954211211,0.10287800256510088,0.03118011873361644,0.8994710780240835,0.9104440648189184,0.46,0.42,0.12,0.0
6344,0.8655219291979082,0.9608924393215187,0.07589210691987626,0.023566821722263594,0.8884075448972566,0.9104403787885519,0.32,0.0,0.68,0.0
6345,0.8788090707334881,0.9683691065727946,0.09805898352228222,0.02763663676630822,0.9024024505482947,0.9104372855865065,0.4,0.22,0.38,0.0
6346,0.8748458812265046,0.9667384188738635,0.09105811114545152,0.027216205554124726,0.8979296962108934,0.9104369234433882,0.48,0.12,0.4,0.0
6347,0.8839747443824986,0.9714923888644331,0.10116651294952038,0.030162400285436236,0.8982699611969208,0.9104338104596049,0.4,0.4,0.2,0.0
6348,0.8819051756108564,0.9704384738542311,0.09930854468604138,0.029567230546791404,0.8990774782149886,0.9104311103969911,0.58,0.2,0.22,0.0
6349,0.8844064093634636,0.9715685522800869,0.1030046276618002,0.030022609464267203,0.9006580948455263,0.910430544881769,0.48,0.32,0.2,0.0
6350,0.8840950404540301,0.9710070693578056,0.10186750737931421,0.029811864483837505,0.8993422671355303,0.9104257901686705,0.44,0.34,0.22,0.0
6351,0.8750613062514557,0.9668788210002581,0.09026856834474092,0.027637695514984007,0.896325266916804,0.9104254627801784,0.56,0.08,0.36,0.0
6352,0.8792774809311222,0.9688446962280463,0.09734360870968548,0.027706532176892743,0.8996252068455911,0.9104249949954639,0.36,0.26,0.38,0.0
6353,0.8837637446443684,0.9703288510523412,0.1015228784673917,0.029496276387530995,0.8995922441083787,0.9104247217295766,0.46,0.3,0.24,0.0
6354,0.8828748626034278,0.9697349305351974,0.1006571892594474,0.02896994331079471,0.8995922441083787,0.9104240207605205,0.44,0.28,0.28,0.0
6355,0.8732371594131947,0.965310719450042,0.08520918531600659,0.025391513638194033,0.8887834417083298,0.9104207954513571,0.4,0.06,0.54,0.0
6356,0.8808799756602651,0.9704046405722689,0.09489178457350204,0.029953772802358287,0.893088690715567,0.9104172564257242,0.68,0.14,0.18,0.0
6357,0.8820063957697424,0.9704565492865465,0.09950156856209824,0.02981292323251333,0.8994337954187462,0.9104128018851716,0.6,0.2,0.2,0.0
6358,0.8740412327377677,0.9655251814718604,0.08978049697954411,0.024513586011183284,0.8944666739987486,0.9104032553874981,0.26,0.12,0.62,0.0
6359,0.8739723815741025,0.965999852085709,0.08980899463971825,0.026198487105944655,0.8963755871161064,0.9103949346925251,0.42,0.1,0.48,0.0
6360,0.8823620688033806,0.9708494451946842,0.09808332434423904,0.03051505358438681,0.8964130318304744,0.9103941163528431,0.68,0.18,0.14,0.0
6361,0.8849267169297342,0.9726512401362026,0.10239001348291193,0.030899478342602184,0.8982699611969208,0.9103927866726981,0.46,0.4,0.14,0.0
6362,0.8841603002167351,0.971393905871848,0.10229458718634923,0.029952714053682387,0.8995922441083787,0.9103894910226121,0.52,0.28,0.2,0.0
6363,0.8834402194856474,0.9704226988795892,0.1005774680072404,0.029636067208700167,0.8982699611969208,0.9103882285515879,0.38,0.38,0.24,0.0
6364,0.8739888140555491,0.966990190551647,0.08747051827071006,0.027778545084829,0.892912839982196,0.9103877331931471,0.64,0.02,0.34,0.0
6365,0.8727020143258141,0.965340065983291,0.08447556888445154,0.025813003599053575,0.8887331215090273,0.9103844848406067,0.48,0.02,0.5,0.0
6366,0.8837776979163318,0.970741460683991,0.10077221437235885,0.0298817598944221,0.8979136439931633,0.910378508310708,0.4,0.38,0.22,0.0
6367,0.8729739783822587,0.9654170371278799,0.08479774007950411,0.025847951304345647,0.8887331215090273,0.9103776712310863,0.46,0.04,0.5,0.0
6368,0.8851885354294488,0.9722937216137508,0.10454119454114334,0.031040327912447166,0.9023159908789842,0.9103757393336323,0.54,0.34,0.12,0.0
6369,0.884369068724852,0.9714903367191884,0.10259168091291457,0.029987661758974864,0.8995922441083787,0.9103738735318908,0.5,0.3,0.2,0.0
6370,0.8812672308400659,0.9705145887490655,0.09474751545386316,0.03019946548808028,0.8919430072832609,0.910370561422885,0.7,0.14,0.16,0.0
6371,0.8738321302258071,0.9654958691886015,0.08946943895512509,0.025004971382627153,0.8947381094295168,0.9103683184055992,0.3,0.12,0.58,0.0
6372,0.8805307818143162,0.9689935581020144,0.09884814115179519,0.028795204784333183,0.9009357960548099,0.9103680521027944,0.54,0.18,0.28,0.0
6373,0.8784276195724361,0.968395798731805,0.09855149529310674,0.027847381746737794,0.9039044511843582,0.9103678963034965,0.44,0.2,0.36,0.0
6374,0.8833739990284319,0.9701688179732441,0.1014442819917638,0.029215635996516637,0.8995922441083787,0.9103625993102579,0.46,0.28,0.26,0.0
6375,0.8765604692135942,0.9674629374577141,0.09121804374495421,0.027953283611290517,0.8945693777350088,0.9103623674506409,0.54,0.12,0.34,0.0
6376,0.8847906418587704,0.9730995867784352,0.1029941470739567,0.03121506643890884,0.8994710780240835,0.9103619499453899,0.44,0.44,0.12,0.0
6377,0.8764286741773711,0.9700760718540133,0.08663808954074027,0.03223490238444049,0.8891126216396259,0.9103614573738651,0.82,0.18,0.0,0.0
6378,0.8746702192172481,0.9665250128934088,0.09120671337811631,0.02697051286840274,0.8979296962108934,0.9103584749398612,0.46,0.12,0.42,0.0
6379,0.8814172779222635,0.9702883447306264,0.09900541460121515,0.029532282841499093,0.8990774782149886,0.9103566761169557,0.6,0.18,0.22,0.0
6380,0.874029812677094,0.9661098402208275,0.0899098772389134,0.026444179791666557,0.8963755871161064,0.9103504151414318,0.44,0.1,0.46,0.0
6381,0.8803827728080394,0.968887400257464,0.09810516581736142,0.028549512098611264,0.8994517840992349,0.9103486398341349,0.52,0.18,0.3,0.0
6382,0.8757688489293564,0.9675886977133086,0.0903403152428654,0.02812908088642791,0.8944669490769829,0.9103464805614195,0.6,0.08,0.32,0.0
6383,0.883523477904197,0.9702264378733834,0.10166189468158533,0.02925058370180904,0.8995922441083787,0.9103463066672618,0.44,0.3,0.26,0.0
6384,0.8798141028684628,0.9686444764938094,0.09667095032185886,0.02851456439331899,0.8979851296057499,0.9103424187713353,0.54,0.16,0.3,0.0
6385,0.884156135130331,0.9722277789659988,0.10168228853004245,0.03044304067645059,0.8979136439931633,0.9103401391659769,0.4,0.42,0.18,0.0
6386,0.8756708223290992,0.9663825043926183,0.09241845136819131,0.025671095280532633,0.8965324369692648,0.9103379405518003,0.24,0.22,0.54,0.0
6387,0.8832886555718766,0.9710057393165205,0.10135142321575255,0.029637125957375998,0.8991295866737119,0.9103356312465417,0.54,0.24,0.22,0.0
6388,0.8845209155031777,0.9716084991852955,0.10259013671275805,0.030233354444696745,0.8992359269046211,0.9103350113795781,0.52,0.3,0.18,0.0
6389,0.8790560421600773,0.968726913365997,0.09738191096930428,0.027671584471600424,0.8995350670357499,0.9103233128084239,0.38,0.24,0.38,0.0
6390,0.8844519265719114,0.9715791184020562,0.10291938843329805,0.03005755716955949,0.8996985843392878,0.9103194636880543,0.46,0.34,0.2,0.0
6391,0.876455882161064,0.9684149958512986,0.09159841924486932,0.02840972127744223,0.894878699675597,0.9103191576822969,0.6,0.1,0.3,0.0
6392,0.8837327804114127,0.971258053285815,0.10194921013116061,0.030197347990728655,0.8997539731524958,0.9103158445152701,0.38,0.42,0.2,0.0
6393,0.8847353364137449,0.9728713534064002,0.1025577886910316,0.030934426047894585,0.8982699611969208,0.9103129902752248,0.44,0.42,0.14,0.0
6394,0.8793588761822579,0.9684966592445415,0.09625178573001258,0.02847961668802672,0.8979851296057499,0.9103116130547364,0.56,0.14,0.3,0.0
6395,0.8757815728495258,0.9673621682782847,0.0905388671028985,0.027883388200705905,0.8944669490769829,0.9103081669025953,0.58,0.08,0.34,0.0
6396,0.8837746998649817,0.9704671525126718,0.10122556896993617,0.02956617179811558,0.8981585523521063,0.91030550605677,0.42,0.34,0.24,0.0
6397,0.882361971428413,0.9705573983826196,0.10029350912193119,0.02960217825208377,0.8991295866737119,0.9103026138878445,0.56,0.22,0.22,0.0
6398,0.8754460609820269,0.966224240896347,0.09238932363794758,0.025390454889518313,0.8964260967383558,0.9102953541531994,0.24,0.2,0.56,0.0
6399,0.8849213954101841,0.972124837766359,0.10345812320452863,0.030583890246295743,0.8997719618329845,0.910292456256327,0.48,0.36,0.16,0.0
6400,0.8844754261132907,0.9726282897886189,0.1024084226177257,0.03068873336217262,0.8982699611969208,0.9102907941182128,0.42,0.42,0.16,0.0
6401,0.8852484147106439,0.9726964215815764,0.10430012200021399,0.031110223323031823,0.9008493363854992,0.9102896896888836,0.5,0.38,0.12,0.0
6402,0.8762970883444932,0.9669390267746558,0.09298706372133472,0.026408173337698404,0.8964756323687662,0.9102892955678025,0.3,0.22,0.48,0.0
6403,0.8733127780386487,0.9658499170453821,0.0870420203035324,0.026128591695359953,0.891700360851285,0.9102856385488503,0.46,0.06,0.48,0.0
6404,0.878830796606904,0.9683109557978075,0.09724573180160424,0.027425891785878488,0.8995176649920114,0.9102791667398098,0.36,0.24,0.4,0.0
6405,0.8743827444546846,0.9662470285564773,0.08982834151584518,0.026479127496958903,0.8949256949387662,0.9102759257940622,0.42,0.12,0.46,0.0
6406,0.8750481767908219,0.9659880672349227,0.09145375401298475,0.02486412181278211,0.8948231806254526,0.9102753403767041,0.22,0.18,0.6,0.0
6407,0.8828082320566113,0.970961996370734,0.099959962290723,0.03033925630924963,0.897983903241406,0.9102741549200998,0.62,0.22,0.16,0.0
6408,0.8850470817378547,0.9723233136052629,0.10437043920844896,0.030829582932017673,0.9012056535892569,0.9102626100018445,0.5,0.36,0.14,0.0
6409,0.8838269746010615,0.9704011356566076,0.10146783973940682,0.029531224092823397,0.8981585523521063,0.9102483709227092,0.44,0.32,0.24,0.0
6410,0.8789205917299258,0.9683482540371091,0.09518858563321597,0.028444668982734497,0.896431020510963,0.9102385148161867,0.58,0.12,0.3,0.0
6411,0.8824551565451005,0.9709115632601999,0.09762905784909152,0.03076074627010874,0.894572702671142,0.9102372460781005,0.7,0.18,0.12,0.0
6412,0.8751855383423804,0.9669010834938726,0.09294849896199865,0.027251153259416936,0.899431696846957,0.9102360801998455,0.46,0.14,0.4,0.0
6413,0.8791347545714523,0.9693099309696015,0.09497078208054492,0.02869036166845639,0.8949290198748996,0.9102354213970298,0.6,0.12,0.28,0.0
6414,0.8655192267264731,0.9612964807472928,0.07806978106399387,0.024058207093707495,0.8914482063148598,0.9102296524616611,0.36,0.0,0.64,0.0
6415,0.8851886037873765,0.9728196359212344,0.10296885142923955,0.031145171028324068,0.8979136439931633,0.9102270086531085,0.48,0.4,0.12,0.0
6416,0.8806975518755717,0.9700438797174138,0.0974413900524048,0.029251642450484856,0.8964831289696865,0.9102223463344532,0.6,0.16,0.24,0.0
6417,0.8846635001057643,0.9719477624629834,0.10332664616635467,0.030338197560573796,0.8994156446292269,0.9102221535802684,0.46,0.36,0.18,0.0
6418,0.8727868085382849,0.9661343803387886,0.08705649799020336,0.027041467027663104,0.8932691571859535,0.9102190841991389,0.58,0.02,0.4,0.0
6419,0.883506264762479,0.9700879822880971,0.10126770989254055,0.029285531407101335,0.8981585523521063,0.9102120687705239,0.42,0.32,0.26,0.0
6420,0.869894647882046,0.966608659931916,0.08052497052331316,0.031183294979643963,0.8914732088305498,0.9102094205547121,0.94,0.0,0.06,0.0
6421,0.873812850497837,0.9661070545549598,0.08769442735346168,0.026654924772096272,0.8918695852079158,0.9102061030680759,0.48,0.08,0.44,0.0
6422,0.8778393002711739,0.9681400711801562,0.09728603988438135,0.028058126727167395,0.9020994681676044,0.9102052781802983,0.48,0.18,0.34,0.0
6423,0.8833003485223497,0.9709938031949441,0.1018478666883814,0.02988281864309798,0.8994859038774694,0.9101984144496578,0.56,0.24,0.2,0.0
6424,0.8831289720939935,0.9699272242508745,0.10104310870414211,0.029004891016087074,0.8981585523521063,0.9101957015467337,0.42,0.3,0.28,0.0
6425,0.8732711647063339,0.9661954594879357,0.08765328944194671,0.027076414732955478,0.8932691571859535,0.9101943657672922,0.56,0.04,0.4,0.0
6426,0.8793353446375094,0.9723289677078077,0.09662987967726157,0.03265427484794826,0.8995928815855686,0.9101765361732531,0.58,0.42,0.0,0.0
6427,0.8773090104954582,0.9678727785484914,0.09673936663958337,0.02718019910015658,0.9010016769475864,0.9101747507510844,0.34,0.24,0.42,0.0
6428,0.8756194295073163,0.9663373743222298,0.09288145994091869,0.025636147575240204,0.8964260967383558,0.9101731956667767,0.26,0.2,0.54,0.0
6429,0.8788197082671493,0.9724367181769014,0.0945929121439087,0.03275911796382488,0.896709297651956,0.9101722462110559,0.52,0.48,0.0,0.0
6430,0.8762356939613454,0.9678748849228872,0.09079200685470284,0.028164028591720222,0.8929649484409192,0.9101668418663031,0.58,0.1,0.32,0.0
6431,0.8783414101279646,0.9715429932249181,0.09474343287736374,0.03251448402677915,0.8984134053954199,0.9101558098722906,0.66,0.34,0.0,0.0
6432,0.8850081538179391,0.972505318053058,0.10402753046576495,0.030864530637309994,0.8997719618329845,0.9101551315370493,0.48,0.38,0.14,0.0
6433,0.8846885116882018,0.972418962411161,0.10302965973961793,0.03065378565688023,0.8982699611969208,0.9101510590821319,0.44,0.4,0.16,0.0
6434,0.8842854595186445,0.9714716761828742,0.10295059360690663,0.03019840673940435,0.8992359269046211,0.910146834800185,0.54,0.28,0.18,0.0
6435,0.8766440928660123,0.9673766446074658,0.0960343091766435,0.026899558709142415,0.9008953367166771,0.9101444689957284,0.34,0.22,0.44,0.0
6436,0.8843923105409988,0.9716638928360734,0.10352765674780434,0.030092504874851777,0.8997719618329845,0.9101428029907055,0.44,0.36,0.2,0.0
6437,0.8837310833759913,0.9711734129975927,0.1018013316915302,0.02967207366266824,0.8976958949174395,0.910141651190066,0.52,0.26,0.22,0.0
6438,0.8804019809335258,0.9698050431192534,0.09746987709908454,0.029005949764762888,0.8964831289696865,0.9101387684750649,0.58,0.16,0.26,0.0
6439,0.8744729838576376,0.9663437248412415,0.09027997605378396,0.026724820182680804,0.8949256949387662,0.9101380493388826,0.44,0.12,0.44,0.0
6440,0.8785654868544446,0.9681017111911592,0.09806543060255309,0.027390944080586278,0.9008450165173746,0.9101377643139074,0.38,0.22,0.4,0.0
6441,0.8796204072133813,0.9694758207970188,0.09591587998620489,0.028725309373748578,0.8949811283336228,0.9101341297791411,0.58,0.14,0.28,0.0
6442,0.8790656665853042,0.9724338183443998,0.09507206110620753,0.03272417025853275,0.896709297651956,0.9101143351063344,0.54,0.46,0.0,0.0
6443,0.8748592008242928,0.9659259748568996,0.09182564496965134,0.02482917410748986,0.8948231806254526,0.9101090182233134,0.24,0.16,0.6,0.0
6444,0.8769409805502721,0.9674480358578217,0.09579540817474977,0.026934506414434674,0.8994996763115226,0.9100968376448673,0.32,0.24,0.44,0.0
6445,0.8771699856472701,0.9676144422892574,0.09550338598584607,0.027777486336153148,0.899431696846957,0.9100959670274057,0.48,0.16,0.36,0.0
6446,0.8839290702129005,0.9712671409498751,0.10226064690753418,0.02991776634839012,0.898052212121197,0.9100868851205337,0.54,0.26,0.2,0.0
6447,0.8839701748881279,0.97067929124349,0.10197955753218053,0.029846812189129893,0.8978756126420455,0.9100798452266974,0.42,0.36,0.22,0.0
6448,0.8738357242543743,0.9654957949802895,0.08991148418852125,0.024759278696905283,0.8933044176732445,0.9100759229634121,0.28,0.12,0.6,0.0
6449,0.8842754095378395,0.9716359648232508,0.10328904276329764,0.030444099425126357,0.8995922441083787,0.9100751163615155,0.56,0.28,0.16,0.0
6450,0.8745049626035662,0.9667486025376092,0.0902655125099245,0.027426950534554368,0.8949256949387662,0.9100721218433415,0.52,0.1,0.38,0.0
6451,0.8852651843264469,0.9724141788291997,0.10495422663356063,0.031075275617739484,0.9008493363854992,0.9100706389996762,0.52,0.36,0.12,0.0
6452,0.8732845995749723,0.9654810503595187,0.0869879508988078,0.02588289900963804,0.8902171334646022,0.9100641105684216,0.44,0.06,0.5,0.0
6453,0.8842383288053319,0.9717698280556877,0.10296901711024445,0.030127452580143994,0.8982699611969208,0.9100413984434299,0.42,0.38,0.2,0.0
6454,0.8843652537176954,0.9721495234467784,0.10295347021494612,0.030408092971158256,0.8979136439931633,0.9100313404527857,0.42,0.4,0.18,0.0
6455,0.8741534817621208,0.9662202621891548,0.08952725056054975,0.026689872477388566,0.8934236943027026,0.9100225594253114,0.46,0.1,0.44,0.0
6456,0.8845573714095518,0.9720855444651296,0.10317701267669274,0.030373145265866063,0.8979136439931633,0.9100218677339558,0.44,0.38,0.18,0.0
6457,0.879514780443043,0.9682778474739707,0.09726834354032236,0.02826887170759707,0.8976288124019924,0.9100209474005665,0.52,0.16,0.32,0.0
6458,0.876456855869207,0.9701523808321254,0.08906978934207484,0.03226985008973302,0.8914101016072942,0.9100173504333612,0.8,0.2,0.0,0.0
6459,0.8758951644465887,0.9664899209243076,0.093653152716428,0.025916787966254583,0.8965324369692648,0.9100159576272401,0.26,0.22,0.52,0.0
6460,0.8792043553174951,0.9724000021874327,0.09634562461122047,0.03268922255324031,0.8981429894082283,0.9100054398563581,0.56,0.44,0.0,0.0
6461,0.8517226808650924,0.9610849356829709,0.05688957717704551,0.01952365904733354,0.870926212444688,0.909998882494891,0.0,0.0,1.0,0.75
6462,0.8827394037561572,0.970769682675896,0.10108525159519663,0.029847870937805714,0.897983903241406,0.9099982465902007,0.58,0.22,0.2,0.0
6463,0.8775183970404152,0.9677038575969436,0.09717041427501445,0.027566741355723554,0.9008983513404417,0.9099950472224497,0.44,0.18,0.38,0.0
6464,0.8745284962358704,0.9657865945218784,0.09107198821384008,0.024794226402197497,0.8933565261319677,0.9099933505363975,0.26,0.14,0.6,0.0
6465,0.8848262841066941,0.9722266886746448,0.10369209076291101,0.030618837951588044,0.8982699611969208,0.9099794020978135,0.46,0.38,0.16,0.0
6466,0.8735398650913478,0.965906195487573,0.08761495125643094,0.02616353940065232,0.8902666690950126,0.9099748501975855,0.44,0.08,0.48,0.0
6467,0.8788612904726705,0.9716711566881565,0.09522124576825335,0.032549431732071234,0.8969114047593565,0.9099608412010882,0.64,0.36,0.0,0.0
6468,0.8706340260768733,0.9665730399421331,0.08247908772851646,0.030691909608200094,0.8914732088305498,0.909960329048729,0.9,0.0,0.1,0.0
6469,0.8758821787578595,0.9664788952816369,0.09287630975685775,0.026127532946684365,0.8949240961022923,0.9099511574451532,0.3,0.2,0.5,0.0
6470,0.8839421244403765,0.9714261522375987,0.10250873712411092,0.030163459034112116,0.8976629321802272,0.9099355388486154,0.56,0.26,0.18,0.0
6471,0.8749285085675457,0.9666596438964589,0.0929962225921696,0.02700546057369493,0.8979296962108934,0.9099328236406017,0.44,0.14,0.42,0.0
6472,0.8751893802998982,0.9660881114562268,0.0926864502267271,0.025109814498504097,0.8948231806254526,0.9099278885825803,0.24,0.18,0.58,0.0
6473,0.8828070434674143,0.970933551753893,0.10131498762858775,0.030093563623527695,0.897983903241406,0.9099276925209157,0.6,0.22,0.18,0.0
6474,0.8828336392419699,0.9710367812242833,0.10028977636341166,0.030584948994971526,0.8964819026053423,0.9099233919457691,0.64,0.22,0.14,0.0
6475,0.8782446863356532,0.9680420876665945,0.09830843742635308,0.027601689061015837,0.9008630051978632,0.909923012987653,0.42,0.2,0.38,0.0
6476,0.876733491774007,0.9679937780554513,0.09387562753268021,0.02819897629701247,0.8961268117659289,0.9099115602856591,0.56,0.12,0.32,0.0
6477,0.877062202194675,0.9674310107585384,0.09611261789227234,0.027531793650431232,0.899431696846957,0.9099094686291332,0.46,0.16,0.38,0.0
6478,0.8757688344947472,0.9664232904225862,0.09305109633932432,0.025881840260962186,0.8949240961022923,0.9099075192273587,0.28,0.2,0.52,0.0
6479,0.8774796458833924,0.9677905443220789,0.09685877136408488,0.027355996375293817,0.8993610045617996,0.909897892999828,0.4,0.2,0.4,0.0
6480,0.8753745439380647,0.9668523286328571,0.09366546587539439,0.02704040827898735,0.8979296962108934,0.9098954446279873,0.42,0.16,0.42,0.0
6481,0.8698077059271403,0.966613711805467,0.07979163581540037,0.03142898766536587,0.8884491648877934,0.9098929462899987,0.96,0.0,0.04,0.0
6482,0.8749548847413344,0.9660040477095057,0.0925941718106387,0.02507486679321172,0.8948231806254526,0.9098785458167159,0.26,0.16,0.58,0.0
6483,0.8760724099654672,0.9665469614287799,0.0933919732834233,0.02616248065197646,0.8949924049820833,0.9098729044779085,0.28,0.22,0.5,0.0
6484,0.8751837496648079,0.9666799427239697,0.0943816294873345,0.026794715593265357,0.8993610045617996,0.9098695421111752,0.4,0.16,0.44,0.0
6485,0.8767701514592346,0.9673820446892502,0.09501724180826755,0.027742538630860833,0.8979296962108934,0.9098631181354728,0.5,0.14,0.36,0.0
6486,0.8750950227577201,0.9661345801303979,0.09266079438433004,0.025566252164655637,0.8949240961022923,0.9098378041206675,0.3,0.16,0.54,0.0
6487,0.8843672725219326,0.971706185865609,0.10331179227079383,0.030689792110848317,0.8980902434723151,0.9098322056602137,0.58,0.28,0.14,0.0
6488,0.876454793623244,0.9671189904938695,0.09540597122081668,0.026653866023420472,0.8979093241250387,0.9098315677648319,0.32,0.22,0.46,0.0
6489,0.8763861232693118,0.9672183297362091,0.096029651368034,0.02686461100385002,0.8993610045617996,0.909821514563333,0.36,0.2,0.44,0.0
6490,0.8655487816818451,0.9613974953849851,0.07927657382161563,0.024303899779429428,0.8911644820359069,0.9098137671795788,0.38,0.0,0.62,0.0
6491,0.8763840881783437,0.9703268046154282,0.09156231116324477,0.03233974550031757,0.8948702954489667,0.9098075439135898,0.76,0.24,0.0,0.0
6492,0.8746063709013265,0.965932630771657,0.09151642567660531,0.025285611773641373,0.8932882172521766,0.9098018574225404,0.3,0.14,0.56,0.0
6493,0.8775965464093324,0.9679825840169954,0.09790717522327433,0.02781243404144546,0.9008983513404417,0.9097985781857132,0.46,0.18,0.36,0.0
6494,0.8846705561962392,0.9719119940565764,0.1027528217880361,0.03097043250186263,0.896269956983612,0.9097861757283381,0.58,0.3,0.12,0.0
6495,0.8755011953189337,0.9663186167442768,0.09319710445935622,0.025846892555669913,0.8949240961022923,0.9097763869257867,0.3,0.18,0.52,0.0
6496,0.8769529501813448,0.9677307210059048,0.09691935407575683,0.027145251394864324,0.8994113247611021,0.9097631273422304,0.36,0.22,0.42,0.0
6497,0.8765761443882143,0.9675553096812187,0.09645364091449095,0.02711030368957197,0.8993610045617996,0.9097575918303984,0.38,0.2,0.42,0.0
6498,0.8773333065355091,0.9679572161909384,0.09673180512106663,0.028023179021875098,0.899130813038056,0.9097476614317468,0.5,0.16,0.34,0.0
6499,0.8736015217203235,0.9660139288316714,0.0892024290824185,0.026409232086374284,0.8918695852079158,0.9097427567902694,0.46,0.08,0.46,0.0
6500,0.8779449070917458,0.9712519824750564,0.09488397424629345,0.03247953632148664,0.8969467509019352,0.9097396470487824,0.68,0.32,0.0,0.0
6501,0.8752687756482962,0.9661781004512482,0.09413161497744262,0.02535550718422595,0.8964260967383558,0.9097395180123191,0.26,0.18,0.56,0.0
6502,0.8833031732822848,0.971152471982766,0.10182766077491358,0.03012851132881991,0.8965172487479209,0.9097344555834663,0.58,0.24,0.18,0.0
6503,0.8758290432127259,0.9668735778975954,0.09501739004007027,0.026583970612835763,0.897859003925736,0.909725582632946,0.36,0.18,0.46,0.0
6504,0.8771521939694154,0.9681430680542966,0.09581191085868164,0.028233924002304685,0.8976288124019924,0.9097191817280239,0.54,0.14,0.32,0.0
6505,0.8737082974789809,0.9654275689998589,0.08988143138512203,0.02521571636305681,0.891787442980457,0.9097172987026668,0.34,0.1,0.56,0.0
6506,0.8701684096891114,0.966287349357412,0.08750834002480197,0.029463446179590326,0.8989966728864051,0.9097008673693465,0.8,0.0,0.2,0.0
6507,0.8747972313055614,0.9664730328249851,0.09217545893909695,0.026759767887973032,0.8949256949387662,0.9097008094780166,0.42,0.14,0.44,0.0
6508,0.8750921979929467,0.9661176463644218,0.09248057036886169,0.02532055947893368,0.8933211799893891,0.909695119405221,0.28,0.16,0.56,0.0
6509,0.8839303418576397,0.9714540545629287,0.10259846806265076,0.030409151719834056,0.8965172487479209,0.9096893074945944,0.58,0.26,0.16,0.0
6510,0.8735756889803198,0.9653609641856301,0.08998616779061702,0.024970023677334925,0.8917520968378781,0.9096811415081302,0.32,0.1,0.58,0.0
6511,0.8698932327385627,0.966036205596115,0.08756827130492574,0.028972060808146464,0.8990320190289839,0.9096669292035372,0.76,0.0,0.24,0.0
6512,0.8769600423161471,0.9677891400724816,0.09501368415849486,0.02798823131658275,0.8960713783710722,0.9096542900076505,0.52,0.14,0.34,0.0
6513,0.8699899182897967,0.966146935814354,0.08750594267538997,0.029217753493868376,0.8986757018252264,0.9096279425248827,0.78,0.0,0.22,0.0
6514,0.8759690729312195,0.9670711746534181,0.0962676511137573,0.026829663298557637,0.8993610045617996,0.9096126435299676,0.38,0.18,0.44,0.0
6515,0.8832463801438931,0.9710857872518933,0.10200877273022634,0.03037420401454189,0.8965172487479209,0.9096060185312184,0.6,0.24,0.16,0.0
6516,0.8753607155331546,0.966261379302361,0.09378255777667592,0.025601199869947848,0.8949240961022923,0.9096058697913963,0.28,0.18,0.54,0.0
6517,0.8837545999474296,0.9714198616560696,0.10255670012526653,0.03065484440555604,0.8965172487479209,0.9095943691275845,0.6,0.26,0.14,0.0
6518,0.8760819684229226,0.9668923725797045,0.0951431904384816,0.026373225632406135,0.896407323488975,0.9095923780067072,0.32,0.2,0.48,0.0
6519,0.8751042720925791,0.9666219860322603,0.09384654426488764,0.026549022907543452,0.8963570032896724,0.9095899366414509,0.38,0.16,0.46,0.0
6520,0.8734745157047096,0.9654841899419515,0.09064226733591507,0.025672154029208413,0.8932894436165205,0.9095701390232507,0.4,0.08,0.52,0.0
6521,0.8697348721142611,0.9666186095540622,0.07924711457859414,0.03167468035108791,0.8855158559008237,0.9095398115408343,0.98,0.0,0.02,0.0
6522,0.8760334620794924,0.9672007709079122,0.09657169681949902,0.027075355984279587,0.8993610045617996,0.9095145321291038,0.4,0.18,0.42,0.0
6523,0.8734842765488009,0.965406162755999,0.09025643761563143,0.025426461343486487,0.891787442980457,0.9094965285651362,0.38,0.08,0.54,0.0
6524,0.8745879379195138,0.9658735238511109,0.0920294232221384,0.02503991908791938,0.8918545254959042,0.9094735264606324,0.28,0.14,0.58,0.0
6525,0.8739312705592871,0.9655610412115747,0.09099715286349279,0.025250664068349134,0.8917520968378781,0.9094699908272991,0.32,0.12,0.56,0.0
6526,0.8827217527536257,0.9710328139337545,0.10066806185015018,0.030830641680693452,0.8946589309080999,0.9094574964948042,0.66,0.22,0.12,0.0
6527,0.8757158741288481,0.966728252335113,0.09451348145767813,0.026338277927113688,0.894855002653609,0.9094137687023114,0.34,0.18,0.48,0.0
6528,0.8832162872386597,0.9711524948160928,0.10175942623490251,0.030619896700263854,0.8950152481118574,0.9094045043521777,0.62,0.24,0.14,0.0
6529,0.8654825790273747,0.9614679019481235,0.07988853622352868,0.024549592465151395,0.8900022257104029,0.9094044153572485,0.4,0.0,0.6,0.0
6530,0.8737375439229093,0.9655111561008833,0.09088812896257575,0.025461409048778794,0.891787442980457,0.9093990006433211,0.36,0.1,0.54,0.0
6531,0.8751508091116958,0.9661718783696995,0.09405735903187594,0.02581194485037759,0.894855787222501,0.9093977865153833,0.32,0.16,0.52,0.0
6532,0.8746350910467662,0.9662484213894111,0.09331861688602135,0.026268382516529104,0.8949256949387662,0.9093869070991346,0.38,0.14,0.48,0.0
6533,0.8742918913519918,0.9661249730081536,0.09296368730212898,0.02623343481123688,0.8949256949387662,0.9093748305046814,0.4,0.12,0.48,0.0
6534,0.875199415196422,0.9665577244881927,0.09407818483687953,0.02630333022182153,0.894855002653609,0.9093658414418322,0.36,0.16,0.48,0.0
6535,0.8764186628940879,0.9704664189920488,0.0939897063642396,0.032374693205609574,0.896410327436148,0.9093624755380743,0.74,0.26,0.0,0.0
6536,0.8747404458507132,0.9663973517633596,0.09345656691574078,0.026514075202251065,0.8949256949387662,0.9093519105945133,0.4,0.14,0.46,0.0
6537,0.8762371395667379,0.9670163689608048,0.09604795850959384,0.026618918318128064,0.8964253121694636,0.909350027690076,0.34,0.2,0.46,0.0
6538,0.8765236196817257,0.9705746375443415,0.09431347623302638,0.032409640910902,0.896410327436148,0.9093097855793333,0.72,0.28,0.0,0.0
6539,0.8738962693052825,0.9656484500406696,0.09193076196642976,0.025952794420222795,0.8932894436165205,0.9092933950772963,0.4,0.1,0.5,0.0
6540,0.876074479165105,0.9673689954429932,0.09738381724655708,0.02732104867000148,0.8993610045617996,0.909268603975361,0.42,0.18,0.4,0.0
6541,0.8763519659006683,0.9702044065672027,0.09182834580288521,0.03230479779502514,0.8918662941768395,0.90925917550223,0.78,0.22,0.0,0.0
6542,0.849777352492399,0.9608737388268825,0.057385268414721385,0.01956101894845985,0.8710792363802509,0.9092560598066977,0.0,0.0,1.0,0.5
6543,0.8843130266398115,0.9717347103990939,0.10346617799426787,0.030935484796570222,0.894765271139009,0.9092277798849319,0.6,0.28,0.12,0.0
6544,0.8755923074153829,0.9670994423119766,0.09695227874956205,0.027286100964709237,0.899431696846957,0.9092256285545374,0.44,0.16,0.4,0.0
6545,0.8830971245404399,0.971196015136943,0.10195755279798308,0.03086558938598573,0.8946589309080999,0.9092155302311262,0.64,0.24,0.12,0.0
6546,0.873849979754232,0.9655606359200243,0.09150463419398867,0.0257071017345008,0.891787442980457,0.9092131290204363,0.38,0.1,0.52,0.0
6547,0.8836271804240381,0.9714508921471691,0.10263606026875967,0.030900537091278046,0.8946589309080999,0.909210013134022,0.62,0.26,0.12,0.0
6548,0.8751892780365949,0.9662155984821592,0.09404205560072641,0.026057637536099305,0.893371775266926,0.909148560516087,0.34,0.16,0.5,0.0
6549,0.8769961764485046,0.9709674392650062,0.09423762332793048,0.03244458861619412,0.8938138772242229,0.9091359023166234,0.7,0.3,0.0,0.0
6550,0.875657121757273,0.9663680623134274,0.09468956427487173,0.026092585241391797,0.8934220954662286,0.9091255101851929,0.32,0.18,0.5,0.0
6551,0.8745651289450767,0.9659194045671174,0.09286773093870404,0.025531304459363267,0.8917862166161129,0.9091231579923591,0.32,0.14,0.54,0.0
6552,0.8739964659108639,0.965615298904345,0.09215410084385352,0.025496356754071033,0.8917520968378781,0.9091147249267767,0.34,0.12,0.54,0.0
6553,0.8741735548412685,0.9657666324859376,0.09297314853684724,0.02598774212551482,0.8934424675520833,0.9091095029669922,0.38,0.12,0.5,0.0
6554,0.8702687589869719,0.9663820049135949,0.08893047128400444,0.029709138865312245,0.8974946722503416,0.9090603915165493,0.82,0.0,0.18,0.0
6555,0.8744986205277852,0.9658676813736201,0.0933822231617864,0.026022689830807234,0.8919051207734411,0.9088665544616941,0.36,0.14,0.5,0.0
6556,0.8744757181605628,0.9659154658182473,0.0936416183651525,0.025776997145085266,0.8919051207734411,0.9088411443206607,0.34,0.14,0.52,0.0
6557,0.8703542461824151,0.9664547290594019,0.08971864213632103,0.029954831551034206,0.8974946722503416,0.9088203897239069,0.84,0.0,0.16,0.0
6558,0.8656911618334905,0.9624046334711043,0.08455292626640779,0.02626944126520506,0.895939346546553,0.9088082398162155,0.54,0.0,0.46,0.0
6559,0.8678277330940164,0.9656105238848814,0.0891543388976738,0.02872636812242447,0.9005160309845588,0.9087975250138545,0.74,0.0,0.26,0.0
6560,0.8740894179197061,0.9656684834307566,0.09252027738860488,0.025742049439793004,0.8903375508031167,0.9087836115489919,0.36,0.12,0.52,0.0
6561,0.8676812201110209,0.9649088557528098,0.08856258312888945,0.028234982750980613,0.8989939430962174,0.9086890294127911,0.7,0.0,0.3,0.0
6562,0.8705178833587669,0.9665207744571245,0.09026344210134783,0.03020052423675616,0.8973584106309234,0.9086526138648495,0.86,0.0,0.14,0.0
6563,0.8677402002477179,0.9654656749680955,0.08896648009330048,0.028480675436702556,0.8989939430962174,0.9086245677694316,0.72,0.0,0.28,0.0
6564,0.8656399172638639,0.9623353457409783,0.0847141883531744,0.02602374857948305,0.8944373459104895,0.9085597813249711,0.52,0.0,0.48,0.0
6565,0.8656167330083808,0.9621050545153669,0.08402775982613624,0.025778055893761136,0.8929541185238067,0.908542998200003,0.5,0.0,0.5,0.0
6566,0.865561683819246,0.9624783679916215,0.08443929654889884,0.026515133950926986,0.8944373459104895,0.9085388045634553,0.56,0.0,0.44,0.0
6567,0.8655759374008234,0.9619361449804824,0.08408555225974337,0.025532363208039213,0.8929541185238067,0.9085378862531742,0.48,0.0,0.52,0.0
6568,0.8480610032148409,0.9606222611281814,0.0579974811441816,0.019598378849586158,0.8711460320788557,0.9085293334894382,0.0,0.0,1.0,0.25
6569,0.8657754897766312,0.9626856689113273,0.08536565472621642,0.027006519322370855,0.8960402620233926,0.9085089113615729,0.6,0.0,0.4,0.0
6570,0.8655434348283328,0.9618809397046505,0.08366408743581201,0.025286670522317225,0.8915042263464664,0.9084731184428746,0.46,0.0,0.54,0.0
6571,0.8656114253564143,0.9625733774643696,0.08470992054314716,0.026760826636648874,0.8944373459104895,0.9084407543294841,0.58,0.0,0.42,0.0
6572,0.8655663130729903,0.9617614757389167,0.08411815809493915,0.025040977836595275,0.8915042263464664,0.908380183760929,0.44,0.0,0.56,0.0
6573,0.8654657287222889,0.9616178598217772,0.08351032250564384,0.02479528515087339,0.8900022257104029,0.908327688787953,0.42,0.0,0.58,0.0
6574,0.8675957935849149,0.9646488812023792,0.08744442558458085,0.027989290065258684,0.8941999328640601,0.9082770743435369,0.68,0.0,0.32,0.0
6575,0.8658675655847409,0.9628780197103214,0.08647563492979375,0.027252212008092868,0.8960582507038812,0.9081986739017465,0.62,0.0,0.38,0.0
6576,0.8705582301185429,0.9665428200341345,0.09100225871876537,0.030446216922478078,0.8955000927911023,0.9081269611022014,0.88,0.0,0.12,0.0
6577,0.8659932729531197,0.9633295829974646,0.08674221630014152,0.027497904693814773,0.8945915962103964,0.9079580647699658,0.64,0.0,0.36,0.0
6578,0.8661432155872718,0.963503921155792,0.08709489720952647,0.027743597379536727,0.8941999328640601,0.9078195480450684,0.66,0.0,0.34,0.0
6579,0.8416081255465718,0.9306655614499281,0.04089856482182667,0.03254519673736789,0.8856822582002226,0.9066247399344355,0.0,0.92,0.08,0.0
6580,0.8403742598904514,0.9307184377264281,0.040444969740025566,0.03282583712838231,0.8875225873595551,0.9066133128497886,0.0,0.94,0.06,0.0
6581,0.859153635961551,0.9648505993736864,0.07879693915312251,0.0319203730368098,0.8883928591342543,0.9066125442866066,1.0,0.0,0.0,0.0
6582,0.8402320738342682,0.9307711541696406,0.0404301561846119,0.03310647751939649,0.8875579335021337,0.9065320126311862,0.0,0.96,0.04,0.0
6583,0.8396641064376993,0.9308250408208508,0.040596566287504174,0.03338711791041065,0.8813965293521782,0.9053413509031616,0.0,0.98,0.02,0.0
6584,0.8384596359160131,0.9243058006491195,0.05275960675644227,0.021038940705783726,0.8902712770223966,0.9042934596790204,0.0,0.1,0.9,0.0
6585,0.8383006411637939,0.9242147584669002,0.05286803900894257,0.0207583003147695,0.8860713887860127,0.903626962834176,0.0,0.08,0.92,0.0
6586,0.8424589348613721,0.9306119202569809,0.05676973267634773,0.03226455634635372,0.88898924185304,0.9028446611446921,0.0,0.9,0.1,0.0
6587,0.8381680068811949,0.9240933822100482,0.053259522573444545,0.020477659923755193,0.8782981231443229,0.9023461460633987,0.0,0.06,0.94,0.0
6588,0.8380237736128178,0.9240074889430185,0.0537218498445217,0.02019701953274095,0.8770149710017107,0.9020202478973919,0.0,0.04,0.96,0.0
6589,0.8376267207248488,0.9238929855175286,0.05337666253614311,0.01991637914172671,0.8754749390145291,0.9018086798008984,0.0,0.02,0.98,0.0
6590,0.845845309258604,0.9303236837563233,0.07561635466911504,0.029458152436211225,0.9021507269952067,0.9009148559248218,0.0,0.7,0.3,0.0
6591,0.8455619377845544,0.9303471906662475,0.07523189006278108,0.029738792827225476,0.9021507269952067,0.9008881754770837,0.0,0.72,0.28,0.0
6592,0.8445068547854084,0.930469720006102,0.07291013091307519,0.03086135439128232,0.899310874245016,0.900609457835262,0.0,0.8,0.2,0.0
6593,0.8465325335435442,0.930225842951054,0.07726423926266088,0.02861623126316847,0.9006112816447751,0.9005683355353441,0.0,0.64,0.36,0.0
6594,0.8468892275432964,0.9300588970822731,0.07816743303075077,0.026932388917082824,0.8989475073829457,0.9004768975508584,0.0,0.52,0.48,0.0
6595,0.8467155751569555,0.9302055041652212,0.07717793261673124,0.028335590872154124,0.8990538476138549,0.9004676130090731,0.0,0.62,0.38,0.0
6596,0.8463007707821226,0.930265932564555,0.07705787506534008,0.02889687165418274,0.900236975760529,0.9004520903089213,0.0,0.66,0.34,0.0
6597,0.8469464581447752,0.9300876214073672,0.07828508964929394,0.02721302930809718,0.8989475073829457,0.9004082987778432,0.0,0.54,0.46,0.0
6598,0.8447351881290786,0.9304468524293278,0.07466139659737048,0.030580714000268062,0.9004385689968334,0.9003945015292201,0.0,0.78,0.22,0.0
6599,0.8460513323702786,0.9302867793919087,0.07690881242482431,0.02917751204519697,0.900236975760529,0.9003672681177193,0.0,0.68,0.32,0.0
6600,0.8468728614271983,0.9301816718803905,0.07723862975971926,0.028054950481139828,0.8975138156266733,0.9003188338341099,0.0,0.6,0.4,0.0
6601,0.8453319974339182,0.9303811438231753,0.07459431518270414,0.03001943321823968,0.8977148222262279,0.9002867377754189,0.0,0.74,0.26,0.0
6602,0.8450767997295727,0.9304095142317044,0.07471805427751192,0.030300073609253863,0.8977148222262279,0.9001226023915031,0.0,0.76,0.24,0.0
6603,0.8469843821694236,0.9301156550243262,0.07839247590279652,0.02749366969911132,0.8975138156266733,0.9001217140630604,0.0,0.56,0.44,0.0
6604,0.8442262106380954,0.9304994775392332,0.0718733506653115,0.031141994782296598,0.8949091585775938,0.9001124943371097,0.0,0.82,0.18,0.0
6605,0.84696597774959,0.9301437856829241,0.07853255036335234,0.027774310090125664,0.8975138156266733,0.9000238673117773,0.0,0.58,0.42,0.0
6606,0.8438377582810015,0.9305235381573318,0.07161864402554412,0.03142263517331082,0.8934251466220188,0.8997943306523719,0.0,0.84,0.16,0.0
6607,0.8433807829449695,0.9305438255681794,0.07049118856415112,0.0317032755643251,0.8919752544446784,0.8997119841389806,0.0,0.86,0.14,0.0
6608,0.8452062770158159,0.9281425187986209,0.07700750761464197,0.026651748526068674,0.8954147206164688,0.8995454494424218,0.0,0.5,0.5,0.0
6609,0.8430011660208893,0.9305568748144364,0.07075514524989075,0.03198391595533943,0.8901169366048574,0.8991890188942139,0.0,0.88,0.12,0.0
6610,0.8414123546887401,0.9259935488316837,0.07726873126690434,0.024687265788968984,0.8970913540761959,0.8986539456021013,0.0,0.36,0.64,0.0
6611,0.8405186357876632,0.9255758074098392,0.07618757756040385,0.0238453446159262,0.8954557339723486,0.8985581649556943,0.0,0.3,0.7,0.0
6612,0.8407134468067501,0.925676530922615,0.07642171409116527,0.024125985006940433,0.8956087579079114,0.8985309847781042,0.0,0.32,0.68,0.0
6613,0.8423353951667363,0.9264544109911598,0.0783915882713129,0.025809827353025977,0.8971950090985658,0.898467034963588,0.0,0.44,0.56,0.0
6614,0.8397071383320502,0.9251665143189048,0.07597402962479895,0.023003423442883475,0.8949585000810367,0.8984087378158199,0.0,0.24,0.76,0.0
6615,0.8415821678685123,0.9260989817181088,0.07811459375124752,0.024967906179983134,0.8968199186454275,0.8983797967738913,0.0,0.38,0.62,0.0
6616,0.8421228637881262,0.9263405126488297,0.07786673651526717,0.02552918696201162,0.8956930084625022,0.8983684589865787,0.0,0.42,0.58,0.0
6617,0.8408900796828725,0.9257998708455704,0.0770760238322633,0.02440662539795469,0.8956073421206209,0.8983573412993502,0.0,0.34,0.66,0.0
6618,0.8426578027700513,0.9266109619879224,0.07826025261142006,0.026090467744040165,0.8957433286618047,0.8983512552114239,0.0,0.46,0.54,0.0
6619,0.8391289462880991,0.9247799917631057,0.0759646156567025,0.02216150226984071,0.894850958227457,0.8983322710728538,0.0,0.18,0.82,0.0
6620,0.8395428148644232,0.9250963075473758,0.07641133829373753,0.022722783051869255,0.8952816714983982,0.8983273329410063,0.0,0.22,0.78,0.0
6621,0.8418149672291976,0.9262152661430878,0.07781910312994318,0.025248546570997458,0.8956930084625022,0.898327175210999,0.0,0.4,0.6,0.0
6622,0.8393268202379353,0.9249196774938725,0.0763056986917865,0.022442142660854966,0.8952816714983982,0.8983226492692087,0.0,0.2,0.8,0.0
6623,0.8400149163281574,0.9253160212343545,0.0760494786975901,0.023284063833897663,0.8939162886219171,0.8982892674542675,0.0,0.26,0.74,0.0
6624,0.8389601052741544,0.9246674577120508,0.07609364243393,0.021880861878826433,0.8947446179965477,0.8982676864462491,0.0,0.16,0.84,0.0
6625,0.8116192957984489,0.9272331986844442,0.04041793172393187,0.03366775830142488,0.8930245003643481,0.8981287420043476,0.0,1.0,0.0,0.0
6626,0.8429434943873317,0.926746557699029,0.07785498167553986,0.0263711081350545,0.8927914358484009,0.8980753265269427,0.0,0.48,0.52,0.0
6627,0.8387939491844667,0.9245433129143265,0.07647372045146364,0.021600221487812172,0.8935277574267277,0.8979631495582047,0.0,0.14,0.86,0.0
6628,0.8402817609157879,0.9254490539045297,0.07594587365269412,0.023564704224911876,0.8909122873497899,0.8979124415589577,0.0,0.28,0.72,0.0
6629,0.8386407723337931,0.9244346890704833,0.0762779140507706,0.021319581096797977,0.8905778755465599,0.8975710465072545,0.0,0.12,0.88,0.0
6630,0.7818962494789019,0.866412953775551,0.05320684982840835,0.01963573875071247,0.8689294604447173,0.8755908375488145,0.0,0.0,1.0,0.0
